4.11.0	named	net.masterthought	cucumber-sandwich	2019-10-16T21:02:29Z	2.10.0.pr2
1.7.0	named	org.gaul	s3proxy	2019-10-21T18:02:26Z	2.10.0
19.10.1	named	org.flexiblepower.defpi	python-codegen	2019-10-31T13:51:45Z	2.10.0
0.0.4	named	com.beowulfchain	beowulfj-core	2019-11-15T06:37:45Z	2.10.0
0.5.0	named	com.google.cloud.broker	authorizer	2019-11-22T18:34:15Z	2.10.1
0.5.0	named	com.google.cloud.broker	broker	2019-11-22T18:35:10Z	2.10.1
0.5.0	named	com.google.cloud.broker	cache-backend-redis	2019-11-22T18:38:05Z	2.10.1
4.4.0.2	named	org.telegram	telegrambots-meta	2019-11-23T16:46:38Z	2.10.1
0.33.1	named	com.datadoghq	jmxfetch	2019-11-29T13:30:51Z	2.10.0
7.46.0	named	com.twilio.sdk	twilio	2019-12-04T23:02:54Z	2.10.1
1.2	named	org.odpi.egeria	asset-management-samples	2019-12-04T23:49:24Z	2.10.1
1.2	named	org.odpi.egeria	governance-program-client-samples	2019-12-05T08:15:04Z	2.10.1
1.2	named	org.odpi.egeria	subject-area-client-samples	2019-12-05T12:24:42Z	2.10.1
1.2	named	org.odpi.egeria	janus-connector	2019-12-05T14:39:48Z	2.10.1
3.12.0	named	ch.exense.step	step-functions-plugins-composite-handler	2019-12-05T15:21:40Z	2.10.0
7.47.0	named	com.twilio.sdk	twilio	2019-12-12T21:41:36Z	2.10.1
0.6.0	named	com.google.cloud.broker	authorizer	2019-12-14T01:23:15Z	2.10.1
0.6.0	named	com.google.cloud.broker	broker-server	2019-12-14T01:24:05Z	2.10.1
0.6.0	named	com.google.cloud.broker	cache-backend-redis	2019-12-14T01:25:34Z	2.10.1
7.47.1	named	com.twilio.sdk	twilio	2019-12-18T20:05:47Z	2.10.1
5.0.2	named	net.masterthought	cucumber-sandwich	2019-12-29T21:37:50Z	2.10.1
3.12.1	named	ch.exense.step	step-functions-plugins-composite-handler	2019-12-30T18:08:21Z	2.10.0
4.5	named	org.telegram	telegrambots-meta	2019-12-31T10:53:24Z	2.10.1
1.37.0	named	com.walmartlabs.concord.runtime.v1	concord-runtime-impl-v1	2020-01-02T21:40:00Z	2.10.1
1.1	named	org.simonscode	telegram-menu-library	2020-01-06T00:47:43Z	2.10.1
0.1	named	org.simonscode	moodleapiclient	2020-01-06T01:03:23Z	2.10.1
3.12.2	named	ch.exense.step	step-functions-plugins-composite-handler	2020-01-06T14:48:18Z	2.10.0
1.37.1	named	com.walmartlabs.concord.runtime.v1	concord-runtime-impl-v1	2020-01-06T19:08:49Z	2.10.1
1.3.4	named	com.github.target365	target-365-sdk	2020-01-07T20:48:33Z	2.10.1
7.47.2	named	com.twilio.sdk	twilio	2020-01-08T21:02:37Z	2.10.2
0.34.0	named	com.datadoghq	jmxfetch	2020-01-13T11:00:51Z	2.10.0
0.7.1	named	net.sansa-stack	sansa-inference-spark_2.11	2020-01-15T15:13:47Z	2.10.1
1.3.5	named	com.github.target365	target-365-sdk	2020-01-16T20:15:05Z	2.10.1
1.38.0	named	com.walmartlabs.concord.runtime.v1	concord-runtime-impl-v1	2020-01-21T17:54:56Z	2.10.1
1.38.1	named	com.walmartlabs.concord.runtime.v1	concord-runtime-impl-v1	2020-01-22T17:27:50Z	2.10.1
7.47.3	named	com.twilio.sdk	twilio	2020-01-23T05:14:20Z	2.10.2
1.38.2	named	com.walmartlabs.concord.runtime.v1	concord-runtime-impl-v1	2020-01-23T15:39:04Z	2.10.1
1.3	named	org.odpi.egeria	asset-management-samples	2020-01-23T20:58:42Z	2.10.1
4.6	named	org.telegram	telegrambots-meta	2020-01-23T23:32:40Z	2.10.1
1.3	named	org.odpi.egeria	governance-program-client-samples	2020-01-24T02:04:56Z	2.10.1
1.3	named	org.odpi.egeria	subject-area-client-samples	2020-01-24T06:13:11Z	2.10.1
0.7.0	named	com.google.cloud.broker	authorizer	2020-01-25T00:27:01Z	2.10.1
0.7.0	named	com.google.cloud.broker	broker-server	2020-01-25T00:28:07Z	2.10.1
0.7.0	named	com.google.cloud.broker	cache-backend-redis	2020-01-25T00:31:29Z	2.10.1
1.39.0	named	com.walmartlabs.concord.runtime.v1	concord-runtime-impl-v1	2020-01-28T23:01:34Z	2.10.1
1.39.1	named	com.walmartlabs.concord.runtime.v1	concord-runtime-impl-v1	2020-01-29T16:10:39Z	2.10.1
1.39.3	named	com.walmartlabs.concord.runtime.v1	concord-runtime-impl-v1	2020-01-29T20:49:11Z	2.10.1
20.04	named	org.flexiblepower.defpi	python-codegen	2020-02-04T14:16:50Z	2.10.2
7.47.4	named	com.twilio.sdk	twilio	2020-02-05T20:28:01Z	2.10.2
1.40.0	named	com.walmartlabs.concord.runtime.v1	concord-runtime-impl-v1	2020-02-06T18:18:27Z	2.10.1
1.3	named	org.odpi.egeria	open-lineage-janus-connector	2020-02-07T18:40:03Z	2.10.1
1.4	named	org.odpi.egeria	asset-management-samples	2020-02-12T19:32:08Z	2.10.2
1.4	named	org.odpi.egeria	governance-program-client-samples	2020-02-12T23:48:36Z	2.10.2
1.4	named	org.odpi.egeria	open-lineage-janus-connector	2020-02-13T09:30:04Z	2.10.2
1.4	named	org.odpi.egeria	subject-area-client-samples	2020-02-13T12:17:38Z	2.10.2
1.41.0	named	com.walmartlabs.concord.runtime.v1	concord-runtime-impl-v1	2020-02-14T02:33:52Z	2.10.1
0.0.1	named	com.github.aquality-automation	aquality-selenium-core	2020-02-17T13:45:03Z	2.10.2
3.12.3	named	ch.exense.step	step-functions-plugins-composite-handler	2020-02-19T17:15:09Z	2.10.0
7.47.5	named	com.twilio.sdk	twilio	2020-02-19T22:38:18Z	2.10.2
0.8.0	named	com.google.cloud.broker	authorizer	2020-02-21T03:30:54Z	2.10.1
0.8.0	named	com.google.cloud.broker	broker-server	2020-02-21T03:31:52Z	2.10.1
0.8.0	named	com.google.cloud.broker	cache-backend-redis	2020-02-21T03:33:55Z	2.10.1
3.10	named	io.github.tblsoft.solr	solr-cmd-utils	2020-02-21T12:00:58Z	2.10.0
0.0.2	named	com.github.aquality-automation	aquality-selenium-core	2020-02-24T07:10:03Z	2.10.2
0.1.0.0	named	com.backbase.oss	boat-terminal	2020-03-03T11:47:30Z	2.10.2
1.5	named	org.odpi.egeria	asset-management-samples	2020-03-03T12:56:17Z	2.10.2
1.5	named	org.odpi.egeria	governance-program-client-samples	2020-03-04T11:49:26Z	2.10.2
1.5	named	org.odpi.egeria	open-lineage-janus-connector	2020-03-04T14:01:15Z	2.10.2
6.1.4	named	com.perimeterx	perimeterx-sdk	2020-03-04T14:23:34Z	2.10.0
0.1.1	named	com.backbase.oss	boat-terminal	2020-03-04T21:57:09Z	2.10.2
7.47.6	named	com.twilio.sdk	twilio	2020-03-04T22:25:15Z	2.10.2
1.5	named	org.odpi.egeria	subject-area-client-samples	2020-03-05T13:54:50Z	2.10.2
1.5	named	org.odpi.egeria	admin-services-samples	2020-03-05T18:12:35Z	2.10.2
0.9.0	named	com.google.cloud.broker	authorizer	2020-03-06T00:33:42Z	2.10.3
0.9.0	named	com.google.cloud.broker	broker-server	2020-03-06T00:34:36Z	2.10.3
0.9.0	named	com.google.cloud.broker	cache-backend-redis	2020-03-06T00:36:59Z	2.10.3
0.9.1	named	com.google.cloud.broker	authorizer	2020-03-06T03:07:35Z	2.10.3
0.9.1	named	com.google.cloud.broker	broker-server	2020-03-06T03:08:39Z	2.10.3
0.9.1	named	com.google.cloud.broker	cache-backend-redis	2020-03-06T03:11:00Z	2.10.3
1.3.6	named	com.github.target365	target-365-sdk	2020-03-06T07:52:03Z	2.10.1
0.0.3	named	com.github.aquality-automation	aquality-selenium-core	2020-03-06T10:38:17Z	2.10.2
5.1.0	named	net.masterthought	cucumber-sandwich	2020-03-06T20:44:15Z	2.10.1
0.9.2	named	com.google.cloud.broker	authorizer	2020-03-09T23:03:03Z	2.10.3
0.9.2	named	com.google.cloud.broker	broker-server	2020-03-09T23:04:01Z	2.10.3
0.9.2	named	com.google.cloud.broker	cache-backend-redis	2020-03-09T23:05:53Z	2.10.3
1.0.0	named	de.quantummaid.tutorials	basic	2020-03-12T15:03:13Z	2.10.3
1.0.1	named	de.quantummaid.tutorials.basic-tutorial	step4	2020-03-13T19:59:02Z	2.10.3
1.0.2	named	de.quantummaid.tutorials.basic-tutorial	step4	2020-03-14T10:37:27Z	2.10.3
1.0.3	named	de.quantummaid.tutorials.basic-tutorial	step4	2020-03-15T17:31:59Z	2.10.3
1.0.4	named	de.quantummaid.tutorials.basic-tutorial	step4	2020-03-16T14:02:40Z	2.10.3
0.1.2	named	com.backbase.oss	boat-terminal	2020-03-17T08:13:49Z	2.10.2
1.0.5	named	de.quantummaid.tutorials.basic-tutorial	step4	2020-03-18T06:54:18Z	2.10.3
7.48.0	named	com.twilio.sdk	twilio	2020-03-18T19:59:39Z	2.10.3
1.0.6	named	de.quantummaid.tutorials.basic-tutorial	step4	2020-03-19T06:23:07Z	2.10.3
1.0.7	named	de.quantummaid.tutorials.basic-tutorial	step4	2020-03-19T19:29:54Z	2.10.3
0.10.0	named	com.google.cloud.broker	authorizer	2020-03-20T19:41:50Z	2.10.3
0.10.0	named	com.google.cloud.broker	broker-server	2020-03-20T19:42:30Z	2.10.3
0.10.0	named	com.google.cloud.broker	cache-backend-redis	2020-03-20T19:44:11Z	2.10.3
1.0.8	named	de.quantummaid.tutorials.basic-tutorial	step4	2020-03-21T10:15:35Z	2.10.3
1.0.9	named	de.quantummaid.tutorials.basic-tutorial	step4	2020-03-21T16:42:49Z	2.10.3
1.0.10	named	de.quantummaid.tutorials.basic-tutorial	step4	2020-03-23T17:58:07Z	2.10.3
1.0.11	named	de.quantummaid.tutorials.basic-tutorial	step4	2020-03-24T06:43:16Z	2.10.3
0.10.1	named	com.google.cloud.broker	authorizer	2020-03-24T18:40:22Z	2.10.3
0.10.1	named	com.google.cloud.broker	broker-server	2020-03-24T18:41:20Z	2.10.3
0.10.1	named	com.google.cloud.broker	cache-backend-redis	2020-03-24T18:43:43Z	2.10.3
1.0.12	named	de.quantummaid.tutorials.basic-tutorial	step4	2020-03-26T07:18:59Z	2.10.3
1.0.13	named	de.quantummaid.tutorials.basic-tutorial	step4	2020-03-28T19:24:53Z	2.11.0.rc1
0.10.2	named	com.google.cloud.broker	authorizer	2020-03-30T21:59:20Z	2.10.3
0.10.2	named	com.google.cloud.broker	broker-server	2020-03-30T22:00:11Z	2.10.3
0.10.2	named	com.google.cloud.broker	cache-backend-redis	2020-03-30T22:02:02Z	2.10.3
1.0.14	named	de.quantummaid.tutorials.basic-tutorial	step4	2020-03-31T06:50:10Z	2.11.0.rc1
1.4.0	named	com.github.target365	target-365-sdk	2020-03-31T16:08:07Z	2.10.1
4.7	named	org.telegram	telegrambots-meta	2020-04-01T08:13:00Z	2.10.1
1.0	named	com.securenative.java	securenative-java-agent	2020-04-01T13:09:23Z	2.11.0.rc1
1.0.15	named	de.quantummaid.tutorials.basic-tutorial	step4	2020-04-02T15:40:11Z	2.11.0.rc1
1.0.16	named	de.quantummaid.tutorials.basic-tutorial	step4	2020-04-03T06:04:27Z	2.11.0.rc1
1.0.0	named	com.github.aquality-automation	aquality-appium-mobile	2020-04-04T09:11:57Z	2.10.2
1.0.17	named	de.quantummaid.tutorials.basic-tutorial	step4	2020-04-05T08:17:19Z	2.11.0.rc1
3.13.0	named	ch.exense.step	step-functions-plugins-composite-handler	2020-04-07T08:31:35Z	2.10.0
0.1.3	named	com.backbase.oss	boat-terminal	2020-04-08T09:45:53Z	2.10.3
1.6	named	org.odpi.egeria	asset-management-samples	2020-04-08T21:59:11Z	2.10.3
0.10.3	named	com.google.cloud.broker	authorizer	2020-04-08T22:38:01Z	2.10.3
0.10.3	named	com.google.cloud.broker	broker-server	2020-04-08T22:39:14Z	2.10.3
0.10.3	named	com.google.cloud.broker	cache-backend-redis	2020-04-08T22:41:22Z	2.10.3
1.6	named	org.odpi.egeria	admin-services-samples	2020-04-09T07:06:41Z	2.10.3
1.6	named	org.odpi.egeria	open-lineage-janus-connector	2020-04-09T07:25:32Z	2.10.3
1.6	named	org.odpi.egeria	subject-area-client-samples	2020-04-09T11:13:24Z	2.10.3
0.10.4	named	com.google.cloud.broker	authorizer	2020-04-13T23:47:43Z	2.10.3
0.10.4	named	com.google.cloud.broker	broker-server	2020-04-13T23:48:49Z	2.10.3
0.10.4	named	com.google.cloud.broker	cache-backend-redis	2020-04-13T23:50:31Z	2.10.3
0.1.4	named	com.backbase.oss	boat-terminal	2020-04-16T15:11:28Z	2.10.3
2.0.0	named	com.adobe.platform.ml	authoring-sdk_2.11	2020-04-19T00:02:46Z	2.10.0
0.1.5	named	com.backbase.oss	boat-terminal	2020-04-22T16:22:56Z	2.10.3
1.0.0	named	com.github.aquality-automation	aquality-selenium-core	2020-04-23T09:06:19Z	2.10.2
4.55.12	named	com.github.deutschebank.symphony	symphony-maven-build-reporter	2020-04-23T14:05:16Z	2.10.0
3.13.1	named	ch.exense.step	step-functions-plugins-composite-handler	2020-04-23T14:49:39Z	2.10.0
4.8	named	org.telegram	telegrambots-meta	2020-04-24T08:10:38Z	2.10.1
4.8.1	named	org.telegram	telegrambots-meta	2020-04-26T01:19:03Z	2.10.1
1.1	named	com.securenative.java	securenative-java-agent	2020-04-26T10:26:14Z	2.11.0
1.4.3	named	com.github.target365	target-365-sdk	2020-04-27T19:46:18Z	2.10.1
1.1.0	named	com.github.aquality-automation	aquality-appium-mobile	2020-05-04T11:03:05Z	2.10.2
1.7	named	org.odpi.egeria	admin-services-samples	2020-05-04T11:52:21Z	2.10.3
1.7	named	org.odpi.egeria	asset-management-samples	2020-05-04T12:46:22Z	2.10.3
1.7	named	org.odpi.egeria	open-lineage-janus-connector	2020-05-05T02:35:40Z	2.10.3
1.7	named	org.odpi.egeria	subject-area-client-samples	2020-05-06T07:22:42Z	2.10.3
1.0.1	named	com.github.aquality-automation	aquality-selenium-core	2020-05-07T09:40:24Z	2.10.2
1.2.0	named	com.github.aquality-automation	aquality-appium-mobile	2020-05-11T08:28:37Z	2.10.2
6.1.5	named	com.perimeterx	perimeterx-sdk	2020-05-13T11:46:05Z	2.10.3
1.2.1	named	com.github.aquality-automation	aquality-appium-mobile	2020-05-13T14:00:33Z	2.10.2
1.7.1	named	org.gaul	s3proxy	2020-05-13T14:32:33Z	2.10.0
2020.2.11.SCA	named	com.checkmarx	cx-client-common	2020-05-14T11:47:30Z	2.10.2
2.0.0	named	com.github.aquality-automation	aquality-appium-mobile	2020-05-16T06:42:33Z	2.10.2
1.0.2	named	com.github.aquality-automation	aquality-selenium-core	2020-05-20T15:02:58Z	2.10.2
0.10.5	named	com.google.cloud.broker	authorizer	2020-05-20T21:07:55Z	2.10.3
0.10.5	named	com.google.cloud.broker	broker-server	2020-05-20T21:08:30Z	2.10.3
0.10.5	named	com.google.cloud.broker	cache-backend-redis	2020-05-20T21:09:30Z	2.10.3
3.13.2	named	ch.exense.step	step-functions-plugins-composite-handler	2020-05-21T13:01:11Z	2.10.0
1.4.4	named	com.github.target365	target-365-sdk	2020-05-23T15:44:02Z	2.10.1
4.55.13	named	com.github.deutschebank.symphony	symphony-maven-build-reporter	2020-05-26T10:45:02Z	2.10.0
0.1.1	named	com.github.aquality-automation	aquality-tracking-integrations-core	2020-05-26T10:46:18Z	2.11.0
0.1.2	named	com.github.aquality-automation	aquality-tracking-integrations-core	2020-05-26T10:58:53Z	2.11.0
0.1.3	named	com.github.aquality-automation	aquality-tracking-integrations-core	2020-05-26T11:38:19Z	2.11.0
1.1.0	named	com.github.aquality-automation	aquality-selenium-core	2020-05-26T15:38:15Z	2.10.2
1.0.0	named	com.github.aquality-automation	aquality-tracking-integrations-core	2020-05-27T13:05:43Z	2.11.0
1.1.0	named	com.github.aquality-automation	aquality-tracking-integrations-core	2020-06-01T15:23:35Z	2.11.0
2020.2.15.SCA	named	com.checkmarx	cx-client-common	2020-06-02T15:24:28Z	2.10.2
1.0	named	io.github.ducthienbui97	mongodb-integration	2020-06-04T11:11:46Z	2.10.2
1.2.0	named	com.github.aquality-automation	aquality-tracking-integrations-core	2020-06-04T11:56:50Z	2.11.0
4.9	named	org.telegram	telegrambots-meta	2020-06-04T21:27:42Z	2.10.1
2.1.0	named	com.github.aquality-automation	aquality-appium-mobile	2020-06-09T10:13:07Z	2.10.2
1.8	named	org.odpi.egeria	cloud-information-model	2020-06-10T22:43:57Z	2.11.0
1.8	named	org.odpi.egeria	open-connector-archives	2020-06-11T02:52:13Z	2.11.0
1.8	named	org.odpi.egeria	open-lineage-janus-connector	2020-06-11T03:11:15Z	2.11.0
1.8	named	org.odpi.egeria	open-metadata-types	2020-06-11T08:35:29Z	2.11.0
1.8	named	org.odpi.egeria	open-types-test-generator	2020-06-11T08:46:38Z	2.11.0
1.8	named	org.odpi.egeria	admin-services-config-metadata-server-sample	2020-06-11T18:26:11Z	2.11.0
1.8	named	org.odpi.egeria	asset-reader-avro-sample	2020-06-11T18:31:37Z	2.11.0
1.8	named	org.odpi.egeria	asset-reader-csv-sample	2020-06-11T18:32:51Z	2.11.0
1.8	named	org.odpi.egeria	glossary-canonical-model	2020-06-11T18:49:20Z	2.11.0
1.8	named	org.odpi.egeria	governance-zone-create-sample	2020-06-11T18:53:23Z	2.11.0
1.8	named	org.odpi.egeria	subject-area-definition-sample	2020-06-11T19:04:51Z	2.11.0
5.3.0	named	net.masterthought	cucumber-sandwich	2020-06-11T21:08:44Z	2.10.1
1.0.3	named	com.sinch	sdk-sms	2020-06-12T17:03:29Z	2.11.0
1.2	named	org.simonscode	telegram-menu-library	2020-06-17T13:50:13Z	2.10.1
1.3.0	named	com.github.aquality-automation	aquality-tracking-integrations-core	2020-06-18T09:42:41Z	2.11.0
3.13.3	named	ch.exense.step	step-functions-plugins-composite-handler	2020-06-19T08:02:47Z	2.10.0
1.0.1	named	com.ibm.mdfromhtml	MDfromHTMLBase	2020-06-23T16:45:27Z	2.10.0.pr1
1.0.1	named	com.ibm.mdfromhtml	remark	2020-06-23T16:49:29Z	2.10.0.pr1
1.0.1	named	com.ibm.mdfromhtml	MarkdownGenerator	2020-06-23T16:55:47Z	2.10.0.pr1
1.0.4	named	com.ibm.mdfromhtml	MDfromHTMLBase	2020-06-24T00:23:41Z	2.10.0.pr1
1.0.4	named	com.ibm.mdfromhtml	remark	2020-06-24T00:26:23Z	2.10.0.pr1
1.0.4	named	com.ibm.mdfromhtml	MarkdownGenerator	2020-06-24T00:28:19Z	2.10.0.pr1
1.0.4	named	com.ibm.mdfromhtml.services	MDfromHTMLWebServices	2020-06-24T00:29:48Z	2.10.0.pr1
1.2.0	named	com.github.aquality-automation	aquality-selenium-core	2020-06-24T10:27:07Z	2.10.2
1.0.3	named	com.ibm.whitelistmasker	Masker	2020-06-24T20:01:50Z	2.10.0.pr1
1.0.3	named	com.ibm.whitelistmasker	MaskWebServices	2020-06-24T20:19:32Z	2.10.0.pr1
8.2.0-beta-14	named	fr.inria.gforge.spoon	spoon-core	2020-06-27T13:04:47Z	2.11.0
3.13.4	named	ch.exense.step	step-functions-plugins-composite-handler	2020-07-02T14:55:41Z	2.10.0
2020.2.20.SCA	named	com.checkmarx	cx-client-common	2020-07-02T18:49:57Z	2.10.2
2.0	named	org.odpi.egeria	admin-services-config-metadata-server-sample	2020-07-02T22:29:00Z	2.11.0
2.0	named	org.odpi.egeria	asset-reader-avro-sample	2020-07-02T23:44:52Z	2.11.0
2.0	named	org.odpi.egeria	audit-log-console-connector	2020-07-02T23:47:35Z	2.11.0
2.0	named	org.odpi.egeria	audit-log-event-topic-connector	2020-07-02T23:48:49Z	2.11.0
2.0	named	org.odpi.egeria	audit-log-file-connector	2020-07-02T23:50:27Z	2.11.0
2.0	named	org.odpi.egeria	avro-file-connector	2020-07-02T23:58:02Z	2.11.0
2.0	named	org.odpi.egeria	cassandra-data-store-connector	2020-07-03T00:03:03Z	2.11.0
2.0	named	org.odpi.egeria	cassandra-metadata-extractor-connector	2020-07-03T00:08:05Z	2.11.0
2.0	named	org.odpi.egeria	cloud-information-model	2020-07-03T00:11:54Z	2.11.0
2.0	named	org.odpi.egeria	community-profile-client	2020-07-03T00:28:24Z	2.11.0
2.0	named	org.odpi.egeria	data-manager-client	2020-07-03T01:15:23Z	2.11.0
2.0	named	org.odpi.egeria	data-platform-client	2020-07-03T01:30:05Z	2.11.0
2.0	named	org.odpi.egeria	asset-reader-csv-sample	2020-07-03T07:52:39Z	2.11.0
2.0	named	org.odpi.egeria	glossary-canonical-model	2020-07-03T08:09:38Z	2.11.0
2.0	named	org.odpi.egeria	glossary-view-client	2020-07-03T14:13:05Z	2.11.0
2.0	named	org.odpi.egeria	governance-zone-create-sample	2020-07-03T15:20:32Z	2.11.0
2.0	named	org.odpi.egeria	graph-repository-connector	2020-07-03T15:24:23Z	2.11.0
2.0	named	org.odpi.egeria	inmemory-open-metadata-topic-connector	2020-07-03T15:48:59Z	2.11.0
2.0	named	org.odpi.egeria	inmemory-repository-connector	2020-07-03T15:52:03Z	2.11.0
2.0	named	org.odpi.egeria	omrs-rest-repository-connector	2020-07-03T17:18:39Z	2.11.0
2.0	named	org.odpi.egeria	open-lineage-janus-connector	2020-07-03T17:48:42Z	2.11.0
2.0	named	org.odpi.egeria	open-metadata-security-samples	2020-07-03T18:54:49Z	2.11.0
2.0	named	org.odpi.egeria	open-metadata-types	2020-07-03T18:59:22Z	2.11.0
2.0	named	org.odpi.egeria	open-types-test-generator	2020-07-03T19:08:06Z	2.11.0
8.2.0-beta-15	named	fr.inria.gforge.spoon	spoon-core	2020-07-04T13:05:52Z	2.11.0
2.0	named	org.odpi.egeria	governance-program-client	2020-07-05T08:03:26Z	2.11.0
2.0	named	org.odpi.egeria	open-connector-archives	2020-07-05T08:21:04Z	2.11.0
2.0	named	org.odpi.egeria	readonly-repository-connector	2020-07-05T08:27:32Z	2.11.0
2.0	named	org.odpi.egeria	security-officer-tag-connector	2020-07-05T09:02:15Z	2.11.0
2.0	named	org.odpi.egeria	software-developer-spring	2020-07-05T09:33:44Z	2.11.0
2.0	named	org.odpi.egeria	spring-rest-client-connector	2020-07-05T09:34:49Z	2.11.0
2.0	named	org.odpi.egeria	subject-area-client	2020-07-05T09:52:33Z	2.11.0
2.0	named	org.odpi.egeria	subject-area-definition-sample	2020-07-05T09:54:49Z	2.11.0
jenkins-CxSDLC-Cx-Client-Common-eitanas1-new-jenkinsfile-99	named	com.checkmarx	cx-client-common	2020-07-05T15:09:58Z	2.10.2
3.13.5	named	ch.exense.step	step-functions-plugins-composite-handler	2020-07-06T07:15:15Z	2.10.0
jenkins-CxSDLC-Cx-Client-Common-eitanas1-new-jenkinsfile-105	named	com.checkmarx	cx-client-common	2020-07-06T09:48:37Z	2.10.2
jenkins-CxSDLC-Cx-Client-Common-eitanas1-new-jenkinsfile-119	named	com.checkmarx	cx-client-common	2020-07-07T16:21:17Z	2.10.2
0.0.4	named	io.axual.client	axual-client-proxy	2020-07-09T15:13:43Z	2.10.3
0.0.5	named	io.axual.client	axual-client-proxy	2020-07-09T15:56:28Z	2.10.3
0.0.6	named	io.axual.client	axual-client-proxy	2020-07-09T16:49:07Z	2.10.3
0.0.7	named	io.axual.client	axual-client-proxy	2020-07-10T10:59:01Z	2.10.3
8.2.0-beta-16	named	fr.inria.gforge.spoon	spoon-core	2020-07-11T13:06:44Z	2.11.1
3.0.3	named	de.devland.esperandro	esperandro-jackson-addon	2020-07-11T22:11:35Z	2.10.0.pr1
0.0.12	named	io.axual.client	axual-client-proxy	2020-07-13T08:40:30Z	2.10.3
5.4.4	named	io.axual.client	axual-client-proxy	2020-07-13T09:23:57Z	2.10.3
3.11	named	io.github.tblsoft.solr	solr-cmd-utils	2020-07-13T19:22:36Z	2.10.0
3.12	named	io.github.tblsoft.solr	solr-cmd-utils	2020-07-13T20:34:12Z	2.10.0
4.0.0	named	de.devland.esperandro	esperandro-jackson-addon	2020-07-14T20:46:14Z	2.10.0.pr1
2020.2.23	named	com.checkmarx	cx-client-common	2020-07-15T10:27:45Z	2.10.2
1.27	named	fr.inria.gforge.spoon.labs	gumtree-spoon-ast-diff	2020-07-17T06:54:55Z	2.11.1
8.2.0-beta-17	named	fr.inria.gforge.spoon	spoon-core	2020-07-18T13:07:20Z	2.11.1
0.4.2	named	at.itopen	SimpleRest	2020-07-19T15:10:02Z	2.11.1
0.0.1	named	at.itopen	mapillary-api	2020-07-19T15:45:08Z	2.11.1
20.04.1	named	org.flexiblepower.defpi	python-codegen	2020-07-20T15:17:37Z	2.11.1
0.0.1	named	org.ianitrix	kafka-tracing-interceptors	2020-07-21T09:02:35Z	2.11.1
5.10	named	org.uma.jmetal	jmetal-auto	2020-07-21T09:48:37Z	2.10.3
5.10	named	org.uma.jmetal	jmetal-lab	2020-07-21T09:48:57Z	2.10.3
5.10	named	org.uma.jmetal	jmetal-example	2020-07-21T09:49:26Z	2.10.3
2020.2.24	named	com.checkmarx	cx-client-common	2020-07-21T12:08:02Z	2.10.2
8.2.0-beta-18	named	fr.inria.gforge.spoon	spoon-core	2020-07-25T13:07:16Z	2.11.1
2020.3.25	named	com.checkmarx	cx-client-common	2020-07-27T12:02:08Z	2.10.2
2020.3.26	named	com.checkmarx	cx-client-common	2020-07-28T00:30:46Z	2.10.2
8.2.0	named	fr.inria.gforge.spoon	spoon-core	2020-07-29T06:42:36Z	2.11.1
8.3.0-beta-1	named	fr.inria.gforge.spoon	spoon-core	2020-07-29T06:45:37Z	2.11.1
2020.3.27	named	com.checkmarx	cx-client-common	2020-07-29T08:56:22Z	2.10.2
2.3.1.RELEASE	named	org.springframework.cloud	spring-cloud-build-docs	2020-07-30T16:55:00Z	2.11.1
2020.3.32	named	com.checkmarx	cx-client-common	2020-07-31T13:44:28Z	2.10.2
2.1	named	org.odpi.egeria	admin-services-config-metadata-server-sample	2020-08-01T09:43:40Z	2.11.1
2.1	named	org.odpi.egeria	asset-reader-avro-sample	2020-08-01T10:22:32Z	2.11.1
2.1	named	org.odpi.egeria	asset-reader-csv-sample	2020-08-01T10:23:49Z	2.11.1
2.1	named	org.odpi.egeria	audit-log-console-connector	2020-08-01T10:26:36Z	2.11.1
2.1	named	org.odpi.egeria	audit-log-event-topic-connector	2020-08-01T10:27:45Z	2.11.1
2.1	named	org.odpi.egeria	audit-log-file-connector	2020-08-01T10:29:29Z	2.11.1
2.1	named	org.odpi.egeria	avro-file-connector	2020-08-01T10:34:55Z	2.11.1
2.1	named	org.odpi.egeria	cassandra-data-store-connector	2020-08-01T10:37:39Z	2.11.1
2.1	named	org.odpi.egeria	cassandra-metadata-extractor-connector	2020-08-01T10:39:21Z	2.11.1
2.1	named	org.odpi.egeria	cloud-information-model	2020-08-01T10:41:14Z	2.11.1
2.1	named	org.odpi.egeria	community-profile-client	2020-08-01T10:48:47Z	2.11.1
2.1	named	org.odpi.egeria	data-manager-client	2020-08-01T11:26:31Z	2.11.1
2.1	named	org.odpi.egeria	data-platform-client	2020-08-01T11:40:00Z	2.11.1
8.3.0-beta-2	named	fr.inria.gforge.spoon	spoon-core	2020-08-01T13:09:58Z	2.11.1
2.1	named	org.odpi.egeria	glossary-canonical-model	2020-08-01T13:29:18Z	2.11.1
2.1	named	org.odpi.egeria	glossary-view-client	2020-08-01T13:33:32Z	2.11.1
2.1	named	org.odpi.egeria	governance-program-client	2020-08-01T14:00:40Z	2.11.1
2.1	named	org.odpi.egeria	governance-zone-create-sample	2020-08-01T14:09:23Z	2.11.1
2.1	named	org.odpi.egeria	graph-repository-connector	2020-08-01T14:12:23Z	2.11.1
2.1	named	org.odpi.egeria	inmemory-open-metadata-topic-connector	2020-08-01T14:26:54Z	2.11.1
2.1	named	org.odpi.egeria	inmemory-repository-connector	2020-08-01T14:29:26Z	2.11.1
2.1	named	org.odpi.egeria	omrs-rest-repository-connector	2020-08-01T15:05:49Z	2.11.1
2.1	named	org.odpi.egeria	open-connector-archives	2020-08-01T15:07:10Z	2.11.1
2020.3.33	named	com.checkmarx	cx-client-common	2020-08-02T10:42:02Z	2.10.2
4.9.1	named	org.telegram	telegrambots-meta	2020-08-02T10:44:54Z	2.10.1
2.1	named	org.odpi.egeria	open-lineage-janus-connector	2020-08-03T14:28:26Z	2.11.1
2.1	named	org.odpi.egeria	open-metadata-security-samples	2020-08-03T15:46:43Z	2.11.1
2.1	named	org.odpi.egeria	open-metadata-types	2020-08-03T16:00:33Z	2.11.1
2.1	named	org.odpi.egeria	open-types-test-generator	2020-08-03T16:11:02Z	2.11.1
2.1	named	org.odpi.egeria	readonly-repository-connector	2020-08-03T16:39:21Z	2.11.1
2.1	named	org.odpi.egeria	security-officer-tag-connector	2020-08-03T17:34:32Z	2.11.1
2.1	named	org.odpi.egeria	software-developer-spring	2020-08-03T17:55:16Z	2.11.1
2.1	named	org.odpi.egeria	spring-rest-client-connector	2020-08-03T17:57:38Z	2.11.1
2.1	named	org.odpi.egeria	subject-area-client	2020-08-03T18:22:43Z	2.11.1
2.1	named	org.odpi.egeria	subject-area-definition-sample	2020-08-03T18:30:13Z	2.11.1
2020.3.38	named	com.checkmarx	cx-client-common	2020-08-05T09:29:47Z	2.10.2
2020.3.39	named	com.checkmarx	cx-client-common	2020-08-05T13:41:38Z	2.10.2
8.3.0-beta-3	named	fr.inria.gforge.spoon	spoon-core	2020-08-08T13:08:18Z	2.11.2
3.13.6	named	ch.exense.step	step-functions-plugins-composite-handler	2020-08-11T10:11:12Z	2.10.0
1.0.4	named	com.ibm.whitelistmasker	Masker	2020-08-12T14:36:26Z	2.10.0.pr1
1.0.4	named	com.ibm.whitelistmasker	MaskWebServices	2020-08-12T14:38:33Z	2.10.0.pr1
8.3.0-beta-4	named	fr.inria.gforge.spoon	spoon-core	2020-08-15T13:07:56Z	2.11.2
2020.3.53	named	com.checkmarx	cx-client-common	2020-08-17T15:11:33Z	2.10.2
2020.3.58	named	com.checkmarx	cx-client-common	2020-08-19T12:54:51Z	2.10.2
2020.3.61	named	com.checkmarx	cx-client-common	2020-08-20T09:33:37Z	2.10.2
2020.3.62	named	com.checkmarx	cx-client-common	2020-08-20T12:19:37Z	2.10.2
2020.3.64	named	com.checkmarx	cx-client-common	2020-08-20T20:07:30Z	2.10.2
8.3.0-beta-5	named	fr.inria.gforge.spoon	spoon-core	2020-08-22T13:08:16Z	2.11.2
2020.3.66	named	com.checkmarx	cx-client-common	2020-08-23T11:03:43Z	2.10.2
6.2.0	named	com.perimeterx	perimeterx-sdk	2020-08-23T13:10:52Z	2.10.3
2020.3.67	named	com.checkmarx	cx-client-common	2020-08-23T14:53:46Z	2.10.2
2020.3.68	named	com.checkmarx	cx-client-common	2020-08-23T16:52:02Z	2.10.2
2020.3.69	named	com.checkmarx	cx-client-common	2020-08-24T10:00:20Z	2.10.2
2020.3.70	named	com.checkmarx	cx-client-common	2020-08-24T11:25:39Z	2.10.2
1.5.0	named	com.github.target365	target-365-sdk	2020-08-24T20:43:46Z	2.10.1
1.5.1	named	com.github.target365	target-365-sdk	2020-08-24T20:59:00Z	2.10.1
0.9.0	named	io.prometheus.cloudwatch	cloudwatch_exporter	2020-08-26T12:30:19Z	2.10.0.pr1
2020.3.71	named	com.checkmarx	cx-client-common	2020-08-26T14:26:10Z	2.10.2
1.4.8	named	com.ibm.jsonata4java	JSONata4Java	2020-08-28T22:33:38Z	2.10.0.pr1
8.3.0-beta-6	named	fr.inria.gforge.spoon	spoon-core	2020-08-29T13:09:05Z	2.11.2
2020.3.72	named	com.checkmarx	cx-client-common	2020-08-31T11:43:31Z	2.10.2
1.5.2	named	com.github.target365	target-365-sdk	2020-08-31T19:08:11Z	2.10.1
0.0.1-rc1	named	io.axual.connect.plugins.http	http-sink-connector	2020-08-31T21:20:40Z	2.11.1
2020.3.73	named	com.checkmarx	cx-client-common	2020-09-01T08:42:52Z	2.10.2
1.0.0-rc1	named	io.axual.connect.plugins.http	http-sink-connector	2020-09-01T11:58:31Z	2.11.1
2020.3.75	named	com.checkmarx	cx-client-common	2020-09-01T19:13:45Z	2.10.2
1.0.0-rc2	named	io.axual.connect.plugins.http	http-sink-connector	2020-09-03T16:54:20Z	2.11.1
0.0.1-rc2	named	io.axual.connect.plugins.http	http-sink-connector	2020-09-04T08:11:14Z	2.11.1
0.0.1-rc3	named	io.axual.connect.plugins.http	http-sink-connector	2020-09-04T08:37:33Z	2.11.1
0.0.1-rc4	named	io.axual.connect.plugins.http	http-sink-connector	2020-09-04T08:46:14Z	2.11.1
1.0.0	named	io.axual.connect.plugins.http	http-sink-connector	2020-09-04T12:24:20Z	2.11.1
8.3.0-beta-7	named	fr.inria.gforge.spoon	spoon-core	2020-09-05T13:09:23Z	2.11.2
1.0.0	named	com.wavesplatform	wavesj	2020-09-07T12:58:58Z	2.11.0
2020.3.77	named	com.checkmarx	cx-client-common	2020-09-08T15:49:01Z	2.10.2
2.2	named	org.odpi.egeria	admin-services-config-metadata-server-sample	2020-09-09T09:45:48Z	2.11.2
2.2	named	org.odpi.egeria	asset-reader-avro-sample	2020-09-09T11:31:38Z	2.11.2
2.2	named	org.odpi.egeria	asset-reader-csv-sample	2020-09-09T11:36:36Z	2.11.2
2.2	named	org.odpi.egeria	cloud-information-model	2020-09-09T17:12:55Z	2.11.2
2.0.1	named	com.adobe.platform.ml	authoring-sdk_2.11	2020-09-10T00:21:01Z	2.10.0
4.59.2	named	com.github.deutschebank.symphony	symphony-maven-build-reporter	2020-09-10T07:30:30Z	2.10.0
2.2	named	org.odpi.egeria	governance-zone-create-sample	2020-09-10T10:25:08Z	2.11.2
2.2	named	org.odpi.egeria	open-connector-archives	2020-09-10T12:19:27Z	2.11.2
2.2	named	org.odpi.egeria	glossary-canonical-model	2020-09-10T13:45:56Z	2.11.2
8.3.0-beta-8	named	fr.inria.gforge.spoon	spoon-core	2020-09-12T13:09:35Z	2.11.2
2.2	named	org.odpi.egeria	open-metadata-types	2020-09-13T10:17:58Z	2.11.2
2.2	named	org.odpi.egeria	open-types-test-generator	2020-09-13T10:22:12Z	2.11.2
2.2	named	org.odpi.egeria	subject-area-definition-sample	2020-09-13T11:54:03Z	2.11.2
2020.3.78	named	com.checkmarx	cx-client-common	2020-09-13T14:22:45Z	2.10.2
2020.3.79	named	com.checkmarx	cx-client-common	2020-09-14T13:25:57Z	2.10.2
4.59.5	named	com.github.deutschebank.symphony	symphony-maven-build-reporter	2020-09-15T11:24:43Z	2.10.0
1.0.1	named	com.wavesplatform	wavesj	2020-09-15T14:19:21Z	2.11.0
4.59.6	named	com.github.deutschebank.symphony	symphony-maven-build-reporter	2020-09-16T08:32:38Z	2.10.0
2.2.0	named	com.github.aquality-automation	aquality-appium-mobile	2020-09-18T08:28:53Z	2.10.2
3.14	named	io.github.tblsoft.solr	solr-cmd-utils	2020-09-18T12:59:07Z	2.10.0
8.3.0-beta-9	named	fr.inria.gforge.spoon	spoon-core	2020-09-19T13:10:56Z	2.11.2
3.15	named	io.github.tblsoft.solr	solr-cmd-utils	2020-09-21T09:23:56Z	2.10.0
2020.3.81	named	com.checkmarx	cx-client-common	2020-09-21T19:47:23Z	2.10.2
2020.3.82	named	com.checkmarx	cx-client-common	2020-09-22T12:16:09Z	2.10.2
2020.3.83	named	com.checkmarx	cx-client-common	2020-09-22T21:21:37Z	2.10.2
2020.3.84	named	com.checkmarx	cx-client-common	2020-09-24T09:05:05Z	2.10.2
2020.3.85	named	com.checkmarx	cx-client-common	2020-09-24T21:24:06Z	2.10.2
1.0.0	named	io.tatum	tatum-java	2020-09-25T10:33:32Z	2.10.3
1.0.1	named	io.tatum	tatum-java	2020-09-25T10:55:36Z	2.10.3
1.0.4	named	io.tatum	tatum-java	2020-09-25T11:54:30Z	2.10.3
8.3.0-beta-10	named	fr.inria.gforge.spoon	spoon-core	2020-09-26T13:11:38Z	2.11.2
2020.3.87	named	com.checkmarx	cx-client-common	2020-09-29T16:18:39Z	2.10.2
2020.3.89	named	com.checkmarx	cx-client-common	2020-09-30T16:56:13Z	2.10.2
2020.4.90	named	com.checkmarx	cx-client-common	2020-10-01T11:40:47Z	2.10.2
2020.4.91	named	com.checkmarx	cx-client-common	2020-10-01T14:29:31Z	2.10.2
2.1.2	named	eu.stamp-project	test-runner	2020-10-03T07:46:55Z	2.11.2
2.3	named	org.odpi.egeria	admin-services-config-metadata-server-sample	2020-10-03T09:45:55Z	2.11.2
2.3	named	org.odpi.egeria	asset-reader-avro-sample	2020-10-03T10:24:32Z	2.11.2
2.3	named	org.odpi.egeria	asset-reader-csv-sample	2020-10-03T10:25:46Z	2.11.2
2.3	named	org.odpi.egeria	cloud-information-model	2020-10-03T10:41:02Z	2.11.2
2.3	named	org.odpi.egeria	glossary-canonical-model	2020-10-03T13:15:11Z	2.11.2
8.3.0-beta-11	named	fr.inria.gforge.spoon	spoon-core	2020-10-03T13:15:16Z	2.11.2
2.3	named	org.odpi.egeria	governance-zone-create-sample	2020-10-03T13:53:06Z	2.11.2
2.3	named	org.odpi.egeria	open-connector-archives	2020-10-03T14:41:42Z	2.11.2
2.3	named	org.odpi.egeria	open-metadata-types	2020-10-03T19:09:00Z	2.11.2
2.3	named	org.odpi.egeria	open-types-test-generator	2020-10-03T19:13:24Z	2.11.2
2020.4.92	named	com.checkmarx	cx-client-common	2020-10-04T11:03:45Z	2.10.2
2020.4.93	named	com.checkmarx	cx-client-common	2020-10-06T03:30:51Z	2.10.2
2020.4.94	named	com.checkmarx	cx-client-common	2020-10-06T18:20:32Z	2.10.2
2.0.0-M1	named	org.eclipse.leshan	leshan-bsserver-demo	2020-10-07T14:54:03Z	2.11.2
2.0.0-M1	named	org.eclipse.leshan	leshan-client-demo	2020-10-07T14:54:14Z	2.11.2
2.0.0-M1	named	org.eclipse.leshan	leshan-server-demo	2020-10-07T14:54:16Z	2.11.2
3.14.0	named	ch.exense.step	step-functions-plugins-composite-handler	2020-10-08T13:58:51Z	2.10.0
6.2.1	named	com.perimeterx	perimeterx-sdk	2020-10-09T09:34:24Z	2.10.3
6.2.2	named	com.perimeterx	perimeterx-sdk	2020-10-09T13:22:47Z	2.10.3
8.3.0-beta-12	named	fr.inria.gforge.spoon	spoon-core	2020-10-10T13:13:18Z	2.11.3
2020.4.96	named	com.checkmarx	cx-client-common	2020-10-12T09:32:19Z	2.10.2
2.2.0	named	eu.stamp-project	test-runner	2020-10-15T18:04:40Z	2.11.2
1.1.0-BETA	named	io.orangebeard	fitnesse-toolchain-listener	2020-10-16T06:38:20Z	2.10.3
8.3.0-beta-13	named	fr.inria.gforge.spoon	spoon-core	2020-10-18T21:33:48Z	2.11.3
1.0.6	named	com.ibm.whitelistmasker	Masker	2020-10-21T14:34:07Z	2.10.0.pr1
1.0.6	named	com.ibm.whitelistmasker	MaskWebServices	2020-10-21T14:38:10Z	2.10.0.pr1
4.59.8	named	com.github.deutschebank.symphony	symphony-maven-build-reporter	2020-10-21T15:46:58Z	2.10.0
1.0.6	named	com.ibm.mdfromhtml	MarkdownGenerator	2020-10-21T20:46:40Z	2.10.0.pr1
1.0.6	named	com.ibm.mdfromhtml.services	MDfromHTMLWebServices	2020-10-22T13:22:18Z	2.10.0.pr1
3.14.1	named	ch.exense.step	step-functions-plugins-composite-handler	2020-10-23T08:09:36Z	2.10.0
8.3.0	named	fr.inria.gforge.spoon	spoon-core	2020-10-24T13:11:20Z	2.11.3
8.4.0-beta-1	named	fr.inria.gforge.spoon	spoon-core	2020-10-24T13:14:02Z	2.11.3
4.0.1	named	de.devland.esperandro	esperandro-jackson-addon	2020-10-25T22:09:10Z	2.10.0.pr1
0.28	named	com.bluecirclesoft.open	json-spring-reader	2020-10-26T02:12:51Z	2.11.1
0.28	named	com.bluecirclesoft.open	json-generator-allin1	2020-10-26T02:12:54Z	2.11.1
0.28	named	com.bluecirclesoft.open	json-jee7-reader	2020-10-26T02:12:56Z	2.11.1
2.0.0	named	org.into-cps.maestro	maestro	2020-10-26T08:54:46Z	2.10.2
4.59.9	named	org.finos.symphony.toolkit	symphony-maven-build-reporter	2020-10-26T11:04:16Z	2.10.0
2020.4.101	named	com.checkmarx	cx-client-common	2020-10-27T09:54:38Z	2.10.2
2020.4.103	named	com.checkmarx	cx-client-common	2020-10-27T13:51:46Z	2.10.2
4.9.2	named	org.telegram	telegrambots-meta	2020-10-28T22:18:19Z	2.10.1
2020.4.105	named	com.checkmarx	cx-client-common	2020-10-29T16:24:48Z	2.10.2
5.59.0	named	org.finos.symphony.toolkit	symphony-maven-build-reporter	2020-10-29T17:16:36Z	2.10.0
1.0.1	named	net.polyv	polyv-java-vod-sdk-web	2020-10-30T10:06:17Z	2.11.0
1.0.7	named	com.ibm.whitelistmasker	MaskWebServices	2020-10-30T13:27:23Z	2.10.0.pr1
8.4.0-beta-2	named	fr.inria.gforge.spoon	spoon-core	2020-10-31T13:15:03Z	2.11.3
2.4	named	org.odpi.egeria	asset-reader-avro-sample	2020-11-02T20:14:43Z	2.11.3
2.4	named	org.odpi.egeria	asset-reader-csv-sample	2020-11-02T20:15:58Z	2.11.3
2.4	named	org.odpi.egeria	cloud-information-model	2020-11-02T20:39:12Z	2.11.3
1.0.2	named	net.polyv	polyv-java-vod-sdk-web	2020-11-03T06:57:56Z	2.11.0
2.4	named	org.odpi.egeria	admin-services-config-metadata-server-sample	2020-11-03T08:25:00Z	2.11.3
2.4	named	org.odpi.egeria	glossary-canonical-model	2020-11-03T12:58:07Z	2.11.3
2.4	named	org.odpi.egeria	governance-zone-create-sample	2020-11-03T21:59:49Z	2.11.3
2.4	named	org.odpi.egeria	open-connector-archives	2020-11-03T22:58:00Z	2.11.3
2.4	named	org.odpi.egeria	open-metadata-types	2020-11-03T23:59:01Z	2.11.3
2.4	named	org.odpi.egeria	open-types-test-generator	2020-11-04T00:04:44Z	2.11.3
1.0.3	named	net.polyv	polyv-java-vod-sdk-web	2020-11-04T04:14:43Z	2.11.0
20.10	named	org.flexiblepower.defpi	python-codegen	2020-11-04T08:19:39Z	2.11.1
5.0.0	named	org.telegram	telegrambots-meta	2020-11-04T15:12:08Z	2.11.3
2020.4.106	named	com.checkmarx	cx-client-common	2020-11-04T16:38:21Z	2.10.2
6.2.3	named	com.perimeterx	perimeterx-sdk	2020-11-05T09:44:47Z	2.10.3
2.0.2	named	org.into-cps.maestro	maestro	2020-11-05T10:07:25Z	2.10.2
1.0.4	named	net.polyv	polyv-java-vod-sdk-web	2020-11-05T10:14:05Z	2.11.0
1.5.3	named	com.github.target365	target-365-sdk	2020-11-05T17:51:06Z	2.10.1
8.4.0-beta-3	named	fr.inria.gforge.spoon	spoon-core	2020-11-07T13:14:55Z	2.11.3
5.0.1	named	org.telegram	telegrambots-meta	2020-11-08T18:05:42Z	2.11.3
5.4.0	named	net.masterthought	cucumber-sandwich	2020-11-08T22:09:14Z	2.10.1
2020.4.107	named	com.checkmarx	cx-client-common	2020-11-11T14:33:14Z	2.10.2
5.5.0	named	io.axual.client	axual-client-proxy	2020-11-12T16:31:25Z	2.10.3
2020.4.108	named	com.checkmarx	cx-client-common	2020-11-12T21:18:11Z	2.10.2
8.4.0-beta-4	named	fr.inria.gforge.spoon	spoon-core	2020-11-14T13:16:01Z	2.11.3
1.5.4	named	com.github.target365	target-365-sdk	2020-11-17T09:50:34Z	2.10.1
2020.4.109	named	com.checkmarx	cx-client-common	2020-11-18T13:01:33Z	2.10.2
2.0.0	named	com.github.cutedeer	swagger-x	2020-11-20T11:43:58Z	2.11.3
2.0.3	named	org.into-cps.maestro	maestro	2020-11-20T14:06:28Z	2.10.2
8.4.0-beta-5	named	fr.inria.gforge.spoon	spoon-core	2020-11-21T13:22:36Z	2.11.3
2.0.20	named	ie.curiositysoftware	testmodeller	2020-11-22T14:34:02Z	2.10.0.pr1
2.0.21	named	ie.curiositysoftware	testmodeller	2020-11-22T15:31:35Z	2.10.0.pr1
5.59.1	named	org.finos.symphony.toolkit	symphony-maven-build-reporter	2020-11-26T16:15:02Z	2.10.0
8.4.0-beta-6	named	fr.inria.gforge.spoon	spoon-core	2020-11-28T13:17:34Z	2.11.3
3.14.2	named	ch.exense.step	step-functions-plugins-composite-handler	2020-12-03T13:22:26Z	2.10.0
8.4.0-beta-7	named	fr.inria.gforge.spoon	spoon-core	2020-12-06T06:09:49Z	2.12.0
6.2.4	named	com.perimeterx	perimeterx-sdk	2020-12-06T09:26:28Z	2.10.3
2020.4.116	named	com.checkmarx	cx-client-common	2020-12-07T14:29:12Z	2.10.2
1.0.8	named	com.ibm.whitelistmasker	Masker	2020-12-07T17:10:38Z	2.10.0.pr1
1.0.8	named	com.ibm.whitelistmasker	MaskWebServices	2020-12-07T17:12:16Z	2.10.0.pr1
2020.4.119	named	com.checkmarx	cx-client-common	2020-12-07T22:00:12Z	2.10.2
2020.4.127	named	com.checkmarx	cx-client-common	2020-12-09T19:17:29Z	2.10.2
2.5	named	org.odpi.egeria	admin-services-config-metadata-server-sample	2020-12-10T09:15:14Z	2.11.3
2.5	named	org.odpi.egeria	asset-reader-avro-sample	2020-12-10T10:43:01Z	2.11.3
2.5	named	org.odpi.egeria	asset-reader-csv-sample	2020-12-10T10:46:03Z	2.11.3
2.5	named	org.odpi.egeria	cloud-information-model	2020-12-10T11:28:51Z	2.11.3
2020.4.129	named	com.checkmarx	cx-client-common	2020-12-10T18:26:54Z	2.10.2
2.5	named	org.odpi.egeria	glossary-canonical-model	2020-12-10T18:56:24Z	2.11.3
2.5	named	org.odpi.egeria	governance-zone-create-sample	2020-12-10T20:12:35Z	2.11.3
2.5	named	org.odpi.egeria	open-connector-archives	2020-12-10T21:37:52Z	2.11.3
2.5	named	org.odpi.egeria	open-metadata-types	2020-12-11T10:33:37Z	2.11.3
2.5	named	org.odpi.egeria	open-types-test-generator	2020-12-11T10:41:16Z	2.11.3
8.4.0-beta-8	named	fr.inria.gforge.spoon	spoon-core	2020-12-12T13:31:55Z	2.12.0
2020.4.131	named	com.checkmarx	cx-client-common	2020-12-15T11:21:03Z	2.10.2
1.3.1	named	com.github.aquality-automation	aquality-tracking-integrations-core	2020-12-15T17:08:46Z	2.11.0
3.15.0	named	ch.exense.step	step-functions-plugins-composite-handler	2020-12-17T10:09:11Z	2.10.0
2.0.0-M2	named	org.eclipse.leshan	leshan-bsserver-demo	2020-12-17T14:10:38Z	2.11.2
2.0.0-M2	named	org.eclipse.leshan	leshan-client-demo	2020-12-17T14:10:52Z	2.11.2
2.0.0-M2	named	org.eclipse.leshan	leshan-server-demo	2020-12-17T14:10:55Z	2.11.2
3.0.0	named	org.springframework.cloud	spring-cloud-build-docs	2020-12-19T00:06:47Z	2.11.3
8.4.0-beta-9	named	fr.inria.gforge.spoon	spoon-core	2020-12-19T13:19:09Z	2.12.0
0.4.3	named	at.itopen	SimpleRest	2020-12-21T11:30:22Z	2.12.0
0.4.5	named	at.itopen	SimpleRest	2020-12-21T15:05:18Z	2.12.0
1.28	named	fr.inria.gforge.spoon.labs	gumtree-spoon-ast-diff	2020-12-23T16:00:56Z	2.11.3
2020.4.132	named	com.checkmarx	cx-client-common	2020-12-28T11:24:49Z	2.10.2
2021.1.133	named	com.checkmarx	cx-client-common	2021-01-03T16:08:48Z	2.10.2
0.2.0	named	org.opencb.oskar	oskar-spark	2021-01-04T01:57:23Z	2.10.1
2021.1.135	named	com.checkmarx	cx-client-common	2021-01-05T10:39:38Z	2.10.2
2021.1.136	named	com.checkmarx	cx-client-common	2021-01-06T16:43:26Z	2.10.2
5.59.2	named	org.finos.symphony.toolkit	symphony-maven-build-reporter	2021-01-07T11:11:08Z	2.11.3
5.59.3	named	org.finos.symphony.toolkit	symphony-maven-build-reporter	2021-01-07T12:24:46Z	2.11.3
8.4.0-beta-10	named	fr.inria.gforge.spoon	spoon-core	2021-01-09T13:19:26Z	2.12.0
1.29	named	fr.inria.gforge.spoon.labs	gumtree-spoon-ast-diff	2021-01-13T16:36:00Z	2.11.3
2021.1.140	named	com.checkmarx	cx-client-common	2021-01-13T17:52:12Z	2.10.2
5.59.4	named	org.finos.symphony.toolkit	symphony-maven-build-reporter	2021-01-13T17:59:46Z	2.11.3
1.4.9	named	com.ibm.jsonata4java	JSONata4Java	2021-01-13T22:40:48Z	2.10.0.pr1
2.0.0-ALPHA	named	org.apache.tika	tika-age-recogniser	2021-01-13T23:10:21Z	2.12.0
8.4.0-beta-11	named	fr.inria.gforge.spoon	spoon-core	2021-01-16T13:22:31Z	2.12.1
1.30	named	fr.inria.gforge.spoon.labs	gumtree-spoon-ast-diff	2021-01-20T10:33:30Z	2.11.3
2021.1.142	named	com.checkmarx	cx-client-common	2021-01-20T18:13:37Z	2.10.2
2021.1.145	named	com.checkmarx	cx-client-common	2021-01-20T23:47:29Z	2.10.2
1.0.4	named	com.sinch	sdk-sms	2021-01-21T18:51:18Z	2.11.0
3.15.1	named	ch.exense.step	step-functions-plugins-composite-handler	2021-01-22T07:20:51Z	2.10.0
8.4.0-beta-12	named	fr.inria.gforge.spoon	spoon-core	2021-01-23T13:26:14Z	2.12.1
5.0.1.1	named	org.telegram	telegrambots-meta	2021-01-25T01:30:58Z	2.11.3
2021.1.146	named	com.checkmarx	cx-client-common	2021-01-25T16:02:56Z	2.10.2
3.15.2	named	ch.exense.step	step-functions-plugins-composite-handler	2021-01-27T16:13:52Z	2.10.0
3.0.1	named	org.springframework.cloud	spring-cloud-build-docs	2021-01-27T16:27:29Z	2.11.4
8.4.0-beta-13	named	fr.inria.gforge.spoon	spoon-core	2021-01-30T14:07:39Z	2.12.1
1.0.4	named	io.github.mariazevedo88	selenium-drivers	2021-01-30T21:34:47Z	2.12.0
2.0.23	named	ie.curiositysoftware	testmodeller	2021-02-01T17:38:15Z	2.10.0.pr1
0.4	named	de.gwdg.metadataqa	metadata-qa-marc	2021-02-02T14:59:37Z	2.12.1
2.6	named	org.odpi.egeria	asset-reader-avro-sample	2021-02-03T19:03:39Z	2.12.0
2.6	named	org.odpi.egeria	asset-reader-csv-sample	2021-02-03T19:07:01Z	2.12.0
5.6.0	named	io.axual.client	axual-client-proxy	2021-02-05T17:51:02Z	2.12.1
2.6	named	org.odpi.egeria	cloud-information-model	2021-02-05T19:18:55Z	2.12.0
2.6	named	org.odpi.egeria	admin-services-config-metadata-server-sample	2021-02-06T15:34:55Z	2.12.0
2.6	named	org.odpi.egeria	glossary-canonical-model	2021-02-06T17:45:50Z	2.12.0
2.6	named	org.odpi.egeria	governance-zone-create-sample	2021-02-06T18:26:07Z	2.12.0
2.6	named	org.odpi.egeria	open-connector-archives	2021-02-06T19:36:40Z	2.12.0
2.6	named	org.odpi.egeria	open-metadata-types	2021-02-06T20:45:13Z	2.12.0
2.6	named	org.odpi.egeria	open-types-test-generator	2021-02-06T20:51:18Z	2.12.0
2.3.2.RELEASE	named	org.springframework.cloud	spring-cloud-build-docs	2021-02-08T20:50:53Z	2.11.4
2.1.4	named	org.into-cps.maestro	maestro	2021-02-11T14:00:26Z	2.10.2
8.4.0-beta-14	named	fr.inria.gforge.spoon	spoon-core	2021-02-13T13:22:51Z	2.12.1
1.0.7	named	com.ibm.mdfromhtml	MDfromHTMLBase	2021-02-15T18:11:42Z	2.12.1
1.0.7	named	com.ibm.mdfromhtml	remark	2021-02-15T18:20:03Z	2.12.1
1.0.7	named	com.ibm.mdfromhtml.services	MDfromHTMLWebServices	2021-02-15T18:31:04Z	2.12.1
1.0.7	named	com.ibm.mdfromhtml	MarkdownGenerator	2021-02-15T18:42:00Z	2.12.1
5.5.0	named	net.masterthought	cucumber-sandwich	2021-02-15T22:29:31Z	2.12.1
8.4.0-beta-15	named	fr.inria.gforge.spoon	spoon-core	2021-02-20T13:25:08Z	2.12.1
3.16	named	io.github.tblsoft.solr	solr-cmd-utils	2021-02-20T20:44:54Z	2.10.0
6.20.0	named	org.finos.symphony.toolkit	symphony-maven-build-reporter	2021-02-22T13:06:07Z	2.11.3
1.5.0	named	com.ibm.jsonata4java	JSONata4Java	2021-02-22T22:12:09Z	2.10.0.pr1
3.15.3	named	ch.exense.step	step-functions-plugins-composite-handler	2021-02-26T17:38:46Z	2.10.0
8.4.0-beta-16	named	fr.inria.gforge.spoon	spoon-core	2021-02-27T13:27:06Z	2.12.1
0.4.0	named	org.drasyl	drasyl-performance-tests	2021-02-27T21:21:12Z	2.12.1
1.13.0	named	de.fraunhofer.iosb.ilt.FROST-Server	FROST-Server.MQTT	2021-03-01T13:01:23Z	2.12.1
3.15.4	named	ch.exense.step	step-functions-plugins-composite-handler	2021-03-02T18:45:51Z	2.10.0
2021.1.147	named	com.checkmarx	cx-client-common	2021-03-03T10:18:16Z	2.10.2
1.0.9	named	com.ibm.whitelistmasker	Masker	2021-03-03T19:05:41Z	2.12.1
1.0.9	named	com.ibm.whitelistmasker	MaskWebServices	2021-03-03T19:07:35Z	2.12.1
1.0.8	named	com.ibm.mdfromhtml	MDfromHTMLBase	2021-03-03T19:37:42Z	2.12.1
1.0.8	named	com.ibm.mdfromhtml	remark	2021-03-03T20:17:16Z	2.12.1
1.0.8	named	com.ibm.mdfromhtml	MarkdownGenerator	2021-03-03T20:20:37Z	2.12.1
1.0.8	named	com.ibm.mdfromhtml.services	MDfromHTMLWebServices	2021-03-03T20:22:30Z	2.12.1
2021.1.148	named	com.checkmarx	cx-client-common	2021-03-04T06:27:29Z	2.10.2
2.7	named	org.odpi.egeria	open-metadata-types	2021-03-04T10:12:37Z	2.12.1
2.7	named	org.odpi.egeria	open-connector-archives	2021-03-04T10:30:52Z	2.12.1
2.7	named	org.odpi.egeria	asset-reader-avro-sample	2021-03-04T10:31:12Z	2.12.1
2.7	named	org.odpi.egeria	asset-reader-csv-sample	2021-03-04T10:31:18Z	2.12.1
2.7	named	org.odpi.egeria	governance-zone-create-sample	2021-03-04T10:31:32Z	2.12.1
2.7	named	org.odpi.egeria	admin-services-config-metadata-server-sample	2021-03-04T10:31:46Z	2.12.1
2.7	named	org.odpi.egeria	cloud-information-model	2021-03-04T10:32:00Z	2.12.1
2.7	named	org.odpi.egeria	glossary-canonical-model	2021-03-04T10:32:14Z	2.12.1
2.7	named	org.odpi.egeria	open-types-test-generator	2021-03-04T10:48:49Z	2.12.1
8.4.0-beta-17	named	fr.inria.gforge.spoon	spoon-core	2021-03-06T13:26:10Z	2.12.2
1.8.0	named	org.gaul	s3proxy	2021-03-07T08:56:22Z	2.10.0
5.1.0	named	org.telegram	telegrambots-meta	2021-03-09T11:01:57Z	2.11.3
3.15.5	named	ch.exense.step	step-functions-plugins-composite-handler	2021-03-10T11:48:25Z	2.10.0
5.5.1	named	io.axual.client	axual-client-proxy	2021-03-10T14:41:17Z	2.10.3
1.1	named	com.ibm.whitelistmasker	Masker	2021-03-10T16:48:48Z	2.12.1
1.1	named	com.ibm.whitelistmasker	MaskWebServices	2021-03-10T16:50:15Z	2.12.1
1.1.1	named	com.ibm.whitelistmasker	Masker	2021-03-10T19:36:06Z	2.12.1
1.1.1	named	com.ibm.whitelistmasker	MaskWebServices	2021-03-10T19:37:45Z	2.12.1
3.0.2	named	org.springframework.cloud	spring-cloud-build-docs	2021-03-11T16:00:50Z	2.11.4
0.4.1	named	org.drasyl	drasyl-performance-tests	2021-03-11T21:01:09Z	2.12.2
5.6.1	named	io.axual.client	axual-client-proxy	2021-03-11T22:33:30Z	2.12.1
6.20.1	named	org.finos.symphony.toolkit	symphony-maven-build-reporter	2021-03-12T11:39:06Z	2.11.3
8.4.0-beta-18	named	fr.inria.gforge.spoon	spoon-core	2021-03-13T13:26:34Z	2.12.2
5.1.1	named	org.telegram	telegrambots-meta	2021-03-15T01:40:52Z	2.11.3
7.374.52	named	com.yahoo.vespa	zookeeper-command-line-client	2021-03-16T11:33:12Z	2.12.1
7.375.22	named	com.yahoo.vespa	zookeeper-command-line-client	2021-03-17T01:37:36Z	2.12.1
0.0.1	named	io.axual.client	axual-client-proxy	2021-03-17T10:23:21Z	2.12.1
5.5.2	named	io.axual.client	axual-client-proxy	2021-03-17T12:43:26Z	2.10.3
5.7.0	named	io.axual.client	axual-client-proxy	2021-03-17T13:57:33Z	2.12.1
7.376.25	named	com.yahoo.vespa	zookeeper-command-line-client	2021-03-18T10:19:24Z	2.12.1
9.0.0	named	fr.inria.gforge.spoon	spoon-core	2021-03-18T14:22:03Z	2.12.2
1.5.1	named	com.ibm.jsonata4java	JSONata4Java	2021-03-18T21:15:08Z	2.10.0.pr1
1.0.2	named	com.wavesplatform	wavesj	2021-03-19T14:48:37Z	2.11.0
1.0.3	named	com.wavesplatform	wavesj	2021-03-19T19:27:22Z	2.11.0
1.0.4	named	com.wavesplatform	wavesj	2021-03-19T21:49:34Z	2.11.0
8.4.0	named	fr.inria.gforge.spoon	spoon-core	2021-03-20T13:26:24Z	2.12.2
9.1.0-beta-1	named	fr.inria.gforge.spoon	spoon-core	2021-03-20T13:29:52Z	2.12.2
0.9.15	named	org.bitbucket.abuwandi	snoopy-cli	2021-03-22T02:28:00Z	2.12.2
7.378.53	named	com.yahoo.vespa	zookeeper-command-line-client	2021-03-23T01:36:36Z	2.12.1
2021.1.150	named	com.checkmarx	cx-client-common	2021-03-23T16:10:05Z	2.10.5.1
7.379.1	named	com.yahoo.vespa	zookeeper-command-line-client	2021-03-24T01:43:06Z	2.12.1
1.5.2	named	com.ibm.jsonata4java	JSONata4Java	2021-03-24T14:48:35Z	2.12.2
7.380.25	named	com.yahoo.vespa	zookeeper-command-line-client	2021-03-25T01:33:43Z	2.12.1
7.381.20	named	com.yahoo.vespa	zookeeper-command-line-client	2021-03-26T01:37:48Z	2.12.1
1.0.5	named	com.sinch	sdk-sms	2021-03-26T12:48:24Z	2.11.0
9.1.0-beta-2	named	fr.inria.gforge.spoon	spoon-core	2021-03-27T13:26:51Z	2.12.2
1.11	named	de.schroenser.discord-bot	discord-bot	2021-03-28T00:04:04Z	2.10.1
7.382.45	named	com.yahoo.vespa	zookeeper-command-line-client	2021-03-30T01:34:26Z	2.12.1
1.31	named	fr.inria.gforge.spoon.labs	gumtree-spoon-ast-diff	2021-03-30T09:31:02Z	2.12.2
7.383.13	named	com.yahoo.vespa	zookeeper-command-line-client	2021-03-31T01:37:35Z	2.12.1
2021.1.153	named	com.checkmarx	cx-client-common	2021-03-31T19:15:42Z	2.10.5.1
3.16.0	named	ch.exense.step	step-functions-plugins-composite-handler	2021-04-01T11:20:24Z	2.10.0
9.1.0-beta-3	named	fr.inria.gforge.spoon	spoon-core	2021-04-03T13:29:30Z	2.12.2
1.13.1	named	de.fraunhofer.iosb.ilt.FROST-Server	FROST-Server.MQTT	2021-04-05T15:33:47Z	2.12.1
3.6.0	named	org.apache.james	apache-mailet-crypto	2021-04-06T03:39:49Z	2.12.1
3.6.0	named	org.apache.james	james-server-guice-custom-mailets	2021-04-06T04:42:58Z	2.12.1
2.0.0-M3	named	org.eclipse.leshan	leshan-client-demo	2021-04-06T15:37:47Z	2.11.2
2.0.0-M3	named	org.eclipse.leshan	leshan-server-demo	2021-04-06T15:37:51Z	2.11.2
2.0.0-M3	named	org.eclipse.leshan	leshan-bsserver-demo	2021-04-06T15:37:52Z	2.11.2
2.8	named	org.odpi.egeria	open-metadata-types	2021-04-07T09:50:34Z	2.12.2
2.8	named	org.odpi.egeria	open-connector-archives	2021-04-07T10:10:27Z	2.12.2
2.8	named	org.odpi.egeria	asset-reader-avro-sample	2021-04-07T10:10:50Z	2.12.2
2.8	named	org.odpi.egeria	asset-reader-csv-sample	2021-04-07T10:10:56Z	2.12.2
2.8	named	org.odpi.egeria	governance-zone-create-sample	2021-04-07T10:11:09Z	2.12.2
2.8	named	org.odpi.egeria	admin-services-config-metadata-server-sample	2021-04-07T10:11:24Z	2.12.2
2.8	named	org.odpi.egeria	cloud-information-model	2021-04-07T10:11:45Z	2.12.2
2.8	named	org.odpi.egeria	glossary-canonical-model	2021-04-07T10:11:57Z	2.12.2
2.8	named	org.odpi.egeria	open-types-test-generator	2021-04-07T10:24:14Z	2.12.2
7.384.43	named	com.yahoo.vespa	zookeeper-command-line-client	2021-04-08T01:35:50Z	2.12.1
7.385.3	named	com.yahoo.vespa	zookeeper-command-line-client	2021-04-08T07:33:11Z	2.12.1
3.15.6	named	ch.exense.step	step-functions-plugins-composite-handler	2021-04-08T12:22:18Z	2.10.0
1.0	named	com.github.estuaryoss.libs	excel-generator	2021-04-09T06:50:45Z	2.11.3
1.0	named	com.github.estuaryoss.libs	fluentd-logger	2021-04-09T06:59:17Z	2.11.3
1.0	named	com.github.estuaryoss.libs	zephyr-uploader	2021-04-09T07:05:11Z	2.11.3
7.20.0	named	org.finos.symphony.toolkit.tools	symphony-maven-build-reporter	2021-04-09T11:33:52Z	2.11.4
1.11	named	com.yahoo.sherlock	sherlock	2021-04-09T21:44:37Z	2.10.5.1
1.1	named	com.github.estuaryoss.libs	zephyr-uploader	2021-04-10T06:35:39Z	2.11.3
9.1.0-beta-4	named	fr.inria.gforge.spoon	spoon-core	2021-04-10T13:30:59Z	2.12.2
1.2	named	com.github.estuaryoss.libs	zephyr-uploader	2021-04-12T06:28:51Z	2.11.3
7.386.28	named	com.yahoo.vespa	zookeeper-command-line-client	2021-04-12T14:58:21Z	2.12.1
7.387.80	named	com.yahoo.vespa	zookeeper-command-line-client	2021-04-13T01:53:10Z	2.12.1
1.1.0	named	com.wavesplatform	wavesj	2021-04-13T10:02:39Z	2.11.0
1.1.0	named	com.intel.oap	spark-arrow-datasource-standard	2021-04-14T02:47:37Z	2.12.2
0.1.0	named	se.kth.castor	sorald	2021-04-14T13:41:22Z	2.12.2
7.388.28	named	com.yahoo.vespa	zookeeper-command-line-client	2021-04-14T19:39:20Z	2.12.1
3.15.7	named	ch.exense.step	step-functions-plugins-composite-handler	2021-04-15T11:43:43Z	2.10.0
3.16.1	named	ch.exense.step	step-functions-plugins-composite-handler	2021-04-15T14:24:56Z	2.10.0
2.3.3.RELEASE	named	org.springframework.cloud	spring-cloud-build-docs	2021-04-15T20:57:47Z	2.11.4
1.3	named	com.github.estuaryoss.libs	zephyr-uploader	2021-04-16T10:02:54Z	2.11.3
9.1.0-beta-5	named	fr.inria.gforge.spoon	spoon-core	2021-04-17T13:31:18Z	2.12.3
7.389.1	named	com.yahoo.vespa	zookeeper-command-line-client	2021-04-19T19:41:19Z	2.12.1
2.3.4.RELEASE	named	org.springframework.cloud	spring-cloud-build-docs	2021-04-20T19:10:07Z	2.11.4
0.9.16	named	org.bitbucket.abuwandi	snoopy-cli	2021-04-21T02:13:47Z	2.12.3
7.390.64	named	com.yahoo.vespa	zookeeper-command-line-client	2021-04-21T13:34:43Z	2.12.1
7.391.28	named	com.yahoo.vespa	zookeeper-command-line-client	2021-04-21T19:36:15Z	2.12.1
2021.2.155	named	com.checkmarx	cx-client-common	2021-04-23T10:32:07Z	2.10.5.1
1.5.3	named	com.ibm.jsonata4java	JSONata4Java	2021-04-23T14:26:43Z	2.12.2
1.5.4	named	com.ibm.jsonata4java	JSONata4Java	2021-04-23T17:18:18Z	2.12.2
9.1.0-beta-6	named	fr.inria.gforge.spoon	spoon-core	2021-04-24T13:30:00Z	2.12.3
2021.2.157	named	com.checkmarx	cx-client-common	2021-04-26T18:52:41Z	2.10.5.1
7.393.56	named	com.yahoo.vespa	zookeeper-command-line-client	2021-04-26T19:45:14Z	2.12.1
5.2.0	named	org.telegram	telegrambots-meta	2021-04-26T20:05:21Z	2.11.3
1.5.5	named	com.ibm.jsonata4java	JSONata4Java	2021-04-27T14:26:49Z	2.12.2
7.394.21	named	com.yahoo.vespa	zookeeper-command-line-client	2021-04-28T01:37:05Z	2.12.1
2021.2.159	named	com.checkmarx	cx-client-common	2021-04-29T04:29:33Z	2.10.5.1
7.20.1	named	org.finos.symphony.toolkit.tools	symphony-maven-build-reporter	2021-04-29T09:28:17Z	2.11.4
0.2.0	named	se.kth.castor	sorald	2021-04-29T10:28:23Z	2.12.2
2.9	named	org.odpi.egeria	open-metadata-types	2021-04-29T15:37:36Z	2.12.2
2.9	named	org.odpi.egeria	open-connector-archives	2021-04-29T15:59:17Z	2.12.2
2.9	named	org.odpi.egeria	asset-reader-avro-sample	2021-04-29T15:59:39Z	2.12.2
2.9	named	org.odpi.egeria	asset-reader-csv-sample	2021-04-29T15:59:46Z	2.12.2
2.9	named	org.odpi.egeria	governance-zone-create-sample	2021-04-29T16:00:01Z	2.12.2
2.9	named	org.odpi.egeria	admin-services-config-metadata-server-sample	2021-04-29T16:00:18Z	2.12.2
2.9	named	org.odpi.egeria	cloud-information-model	2021-04-29T16:00:37Z	2.12.2
2.9	named	org.odpi.egeria	glossary-canonical-model	2021-04-29T16:00:50Z	2.12.2
2.9	named	org.odpi.egeria	open-types-test-generator	2021-04-29T16:13:59Z	2.12.2
1.5.6	named	com.ibm.jsonata4java	JSONata4Java	2021-04-30T15:37:05Z	2.12.2
9.1.0-beta-7	named	fr.inria.gforge.spoon	spoon-core	2021-05-01T13:32:31Z	2.12.3
6.2.5	named	com.perimeterx	perimeterx-sdk	2021-05-03T15:01:09Z	2.11.4
7.396.22	named	com.yahoo.vespa	zookeeper-command-line-client	2021-05-03T17:08:54Z	2.12.1
7.397.65	named	com.yahoo.vespa	zookeeper-command-line-client	2021-05-03T21:07:41Z	2.12.1
7.398.17	named	com.yahoo.vespa	zookeeper-command-line-client	2021-05-05T07:38:28Z	2.12.1
7.20.2	named	org.finos.symphony.toolkit.tools	symphony-maven-build-reporter	2021-05-07T05:40:05Z	2.11.4
9.1.0-beta-8	named	fr.inria.gforge.spoon	spoon-core	2021-05-08T13:33:29Z	2.12.3
1.1.0	named	ml.comet	comet-java-client	2021-05-11T06:49:23Z	2.12.3
7.401.18	named	com.yahoo.vespa	zookeeper-command-line-client	2021-05-11T13:34:33Z	2.12.1
2.0.24	named	ie.curiositysoftware	testmodeller	2021-05-12T13:09:51Z	2.12.3
2.0.25	named	ie.curiositysoftware	testmodeller	2021-05-12T13:27:55Z	2.12.3
7.403.18	named	com.yahoo.vespa	zookeeper-command-line-client	2021-05-13T01:49:20Z	2.12.1
1.5.7	named	com.ibm.jsonata4java	JSONata4Java	2021-05-14T15:03:43Z	2.12.2
9.1.0-beta-9	named	fr.inria.gforge.spoon	spoon-core	2021-05-15T13:33:53Z	2.12.3
5.5.1	named	net.masterthought	cucumber-sandwich	2021-05-16T06:55:42Z	2.12.1
0.9.17	named	org.bitbucket.abuwandi	snoopy-cli	2021-05-17T00:43:42Z	2.12.3
0.9.18	named	org.bitbucket.abuwandi	snoopy-cli	2021-05-17T01:44:29Z	2.12.3
7.404.59	named	com.yahoo.vespa	zookeeper-command-line-client	2021-05-19T01:49:42Z	2.12.1
2021.2.6	named	com.checkmarx	cx-client-common	2021-05-19T14:20:31Z	2.10.5.1
2.0.0-BETA	named	org.apache.tika	tika-age-recogniser	2021-05-19T14:53:48Z	2.12.3
7.405.22	named	com.yahoo.vespa	zookeeper-command-line-client	2021-05-20T00:12:50Z	2.12.1
7.406.26	named	com.yahoo.vespa	zookeeper-command-line-client	2021-05-21T00:25:37Z	2.12.1
1.0.0	named	io.github.lematechx	hrun4j-core	2021-05-21T07:53:00Z	2.11.3
9.1.0-beta-10	named	fr.inria.gforge.spoon	spoon-core	2021-05-22T13:33:32Z	2.12.3
3.17	named	io.github.tblsoft.solr	solr-cmd-utils	2021-05-25T06:42:33Z	2.10.0
1.0.0	named	net.diyigemt.miraiboot	mirai-boot	2021-05-26T00:43:12Z	2.12.3
7.407.45	named	com.yahoo.vespa	zookeeper-command-line-client	2021-05-26T01:51:43Z	2.12.1
0.3.0	named	se.kth.castor	sorald	2021-05-26T09:11:47Z	2.12.3
3.0.3	named	org.springframework.cloud	spring-cloud-build-docs	2021-05-26T12:49:31Z	2.11.4
1.0.3	named	net.diyigemt.miraiboot	mirai-boot	2021-05-26T17:01:28Z	2.12.3
3.16.2	named	ch.exense.step	step-functions-plugins-composite-handler	2021-05-28T07:15:38Z	2.10.0
1.0.4	named	net.diyigemt.miraiboot	mirai-boot	2021-05-29T10:43:17Z	2.12.3
9.1.0-beta-11	named	fr.inria.gforge.spoon	spoon-core	2021-05-29T13:34:55Z	2.12.3
6.2.6	named	com.perimeterx	perimeterx-sdk	2021-05-31T15:01:03Z	2.11.4
2.1.0	named	com.baidu.cfc	cfc-java-core	2021-05-31T16:30:18Z	2.11.0
7.411.24	named	com.yahoo.vespa	zookeeper-command-line-client	2021-06-01T00:16:19Z	2.12.1
2.10	named	org.odpi.egeria	open-metadata-types	2021-06-02T13:54:04Z	2.12.3
2.1.1	named	com.baidu.cfc	cfc-java-core	2021-06-02T13:58:06Z	2.11.0
2.10	named	org.odpi.egeria	open-connector-archives	2021-06-02T14:24:56Z	2.12.3
2.10	named	org.odpi.egeria	asset-reader-avro-sample	2021-06-02T14:25:31Z	2.12.3
2.10	named	org.odpi.egeria	asset-reader-csv-sample	2021-06-02T14:25:41Z	2.12.3
2.10	named	org.odpi.egeria	governance-zone-create-sample	2021-06-02T14:26:04Z	2.12.3
2.10	named	org.odpi.egeria	admin-services-config-metadata-server-sample	2021-06-02T14:26:28Z	2.12.3
2.10	named	org.odpi.egeria	cloud-information-model	2021-06-02T14:26:50Z	2.12.3
2.10	named	org.odpi.egeria	glossary-canonical-model	2021-06-02T14:27:06Z	2.12.3
2.10	named	org.odpi.egeria	open-types-test-generator	2021-06-02T14:43:59Z	2.12.3
7.413.25	named	com.yahoo.vespa	zookeeper-command-line-client	2021-06-02T18:30:10Z	2.12.1
2021.2.161	named	com.checkmarx	cx-client-common	2021-06-03T06:10:58Z	2.10.5.1
7.414.19	named	com.yahoo.vespa	zookeeper-command-line-client	2021-06-03T21:05:06Z	2.12.1
1.0.5	named	net.diyigemt.miraiboot	mirai-boot	2021-06-05T02:29:04Z	2.12.3
9.1.0-beta-12	named	fr.inria.gforge.spoon	spoon-core	2021-06-05T13:36:00Z	2.12.3
7.416.18	named	com.yahoo.vespa	zookeeper-command-line-client	2021-06-08T18:11:45Z	2.12.1
7.417.20	named	com.yahoo.vespa	zookeeper-command-line-client	2021-06-10T00:18:12Z	2.12.1
7.418.23	named	com.yahoo.vespa	zookeeper-command-line-client	2021-06-10T18:14:48Z	2.12.1
1.5.8	named	com.ibm.jsonata4java	JSONata4Java	2021-06-11T14:41:44Z	2.12.3
9.1.0-beta-13	named	fr.inria.gforge.spoon	spoon-core	2021-06-12T13:36:08Z	2.12.3
1.12	named	de.schroenser.discord-bot	discord-bot	2021-06-12T20:56:18Z	2.10.1
2021.2.162	named	com.checkmarx	cx-client-common	2021-06-14T13:50:27Z	2.10.5.1
7.419.22	named	com.yahoo.vespa	zookeeper-command-line-client	2021-06-15T01:39:06Z	2.12.1
7.420.21	named	com.yahoo.vespa	zookeeper-command-line-client	2021-06-16T00:14:01Z	2.12.1
0.0.1	named	vip.lematech	hrun4j-core	2021-06-16T03:21:37Z	2.12.3
2.3.0	named	eu.stamp-project	test-runner	2021-06-16T13:17:17Z	2.11.2
1.32	named	fr.inria.gforge.spoon.labs	gumtree-spoon-ast-diff	2021-06-17T07:56:17Z	2.12.2
7.421.25	named	com.yahoo.vespa	zookeeper-command-line-client	2021-06-17T10:17:17Z	2.12.1
9.1.0-beta-14	named	fr.inria.gforge.spoon	spoon-core	2021-06-19T13:37:55Z	2.12.3
2.1.2	named	com.baidu.cfc	cfc-java-core	2021-06-21T09:40:10Z	2.11.0
1.13.2	named	de.fraunhofer.iosb.ilt.FROST-Server	FROST-Server.MQTT	2021-06-21T09:53:05Z	2.12.3
1.14.0	named	de.fraunhofer.iosb.ilt.FROST-Server	FROST-Server.MQTT	2021-06-21T12:04:39Z	2.12.3
7.422.63	named	com.yahoo.vespa	zookeeper-command-line-client	2021-06-22T00:27:52Z	2.12.1
1.33	named	fr.inria.gforge.spoon.labs	gumtree-spoon-ast-diff	2021-06-22T13:46:53Z	2.12.2
7.56.0.Final	named	org.jbpm	jbpm-xes	2021-06-22T19:14:46Z	2.10.5.1
7.423.37	named	com.yahoo.vespa	zookeeper-command-line-client	2021-06-24T00:24:23Z	2.12.1
1.34	named	fr.inria.gforge.spoon.labs	gumtree-spoon-ast-diff	2021-06-24T08:16:34Z	2.12.2
7.20.3	named	org.finos.symphony.toolkit.tools	symphony-maven-build-reporter	2021-06-24T14:15:36Z	2.11.4
7.424.27	named	com.yahoo.vespa	zookeeper-command-line-client	2021-06-25T00:26:36Z	2.12.1
9.1.0-beta-15	named	fr.inria.gforge.spoon	spoon-core	2021-06-26T13:37:12Z	2.12.3
0.9.19	named	org.bitbucket.abuwandi	snoopy-cli	2021-06-28T19:47:19Z	2.12.3
0.5.0	named	org.drasyl	drasyl-performance-tests	2021-06-28T21:51:50Z	2.12.3
0.9.20	named	org.bitbucket.abuwandi	snoopy-cli	2021-06-29T03:47:21Z	2.12.3
7.425.42	named	com.yahoo.vespa	zookeeper-command-line-client	2021-06-29T20:13:44Z	2.12.1
21.06	named	org.flexiblepower.defpi	python-codegen	2021-06-30T09:51:05Z	2.12.3
2.1.5	named	org.into-cps.maestro	maestro	2021-06-30T13:38:50Z	2.10.5.1
7.426.23	named	com.yahoo.vespa	zookeeper-command-line-client	2021-06-30T18:28:06Z	2.12.1
2.0.0-M4	named	org.eclipse.leshan	leshan-client-demo	2021-07-01T14:14:59Z	2.11.2
2.0.0-M4	named	org.eclipse.leshan	leshan-server-demo	2021-07-01T14:15:03Z	2.11.2
2.11	named	org.odpi.egeria	open-metadata-types-utility	2021-07-01T15:01:53Z	2.12.3
2.11	named	org.odpi.egeria	open-connector-archives	2021-07-01T15:02:00Z	2.12.3
2.11	named	org.odpi.egeria	asset-reader-avro-sample	2021-07-01T15:02:20Z	2.12.3
2.11	named	org.odpi.egeria	asset-reader-csv-sample	2021-07-01T15:02:27Z	2.12.3
2.11	named	org.odpi.egeria	governance-zone-create-sample	2021-07-01T15:02:41Z	2.12.3
2.11	named	org.odpi.egeria	admin-services-config-metadata-server-sample	2021-07-01T15:02:56Z	2.12.3
2.11	named	org.odpi.egeria	cloud-information-model	2021-07-01T15:03:11Z	2.12.3
2.11	named	org.odpi.egeria	glossary-canonical-model	2021-07-01T15:03:25Z	2.12.3
2.11	named	org.odpi.egeria	open-types-test-generator	2021-07-01T15:20:59Z	2.12.3
9.1.0-beta-16	named	fr.inria.gforge.spoon	spoon-core	2021-07-03T13:40:02Z	2.12.3
5.3.0	named	org.telegram	telegrambots-meta	2021-07-04T20:32:21Z	2.11.3
2.3.5.RELEASE	named	org.springframework.cloud	spring-cloud-build-docs	2021-07-05T11:52:29Z	2.11.4
3.18	named	io.github.tblsoft.solr	solr-cmd-utils	2021-07-05T18:33:21Z	2.10.0
5.7.1	named	io.axual.client	axual-client-proxy	2021-07-07T13:40:22Z	2.12.1
0.5.0-RELEASE	named	uk.gov.gchq.palisade	attribute-masking-service	2021-07-08T13:30:57Z	2.11.0
0.5.0-RELEASE	named	uk.gov.gchq.palisade	audit-service	2021-07-08T13:33:52Z	2.11.0
0.5.0-RELEASE	named	uk.gov.gchq.palisade	data-service	2021-07-08T13:36:37Z	2.11.0
0.5.0-RELEASE	named	uk.gov.gchq.palisade	filtered-resource-service	2021-07-08T13:39:17Z	2.11.0
0.5.0-RELEASE	named	uk.gov.gchq.palisade	policy-service	2021-07-08T13:43:08Z	2.11.0
0.5.0-RELEASE	named	uk.gov.gchq.palisade	resource-service	2021-07-08T13:45:44Z	2.11.0
0.5.0-RELEASE	named	uk.gov.gchq.palisade	topic-offset-service	2021-07-08T13:48:06Z	2.11.0
0.5.0-RELEASE	named	uk.gov.gchq.palisade	user-service	2021-07-08T13:50:32Z	2.11.0
0.5.0-RELEASE	named	uk.gov.gchq.palisade	services-manager	2021-07-08T13:52:48Z	2.11.0
0.5.0-RELEASE	named	uk.gov.gchq.palisade	example-library	2021-07-08T14:29:33Z	2.11.0
0.5.0-RELEASE	named	uk.gov.gchq.palisade	performance	2021-07-08T14:33:07Z	2.11.0
9.1.0-beta-17	named	fr.inria.gforge.spoon	spoon-core	2021-07-10T13:39:53Z	2.12.4
7.433.11	named	com.yahoo.vespa	zookeeper-command-line-client	2021-07-14T00:23:47Z	2.12.1
7.57.0.Final	named	org.jbpm	jbpm-xes	2021-07-14T00:57:34Z	2.10.5.1
2.0.0	named	org.apache.tika	tika-age-recogniser	2021-07-14T17:39:32Z	2.12.4
7.434.10	named	com.yahoo.vespa	zookeeper-command-line-client	2021-07-15T14:05:04Z	2.12.1
2021.3.164	named	com.checkmarx	cx-client-common	2021-07-15T15:44:05Z	2.10.5.1
7.435.15	named	com.yahoo.vespa	zookeeper-command-line-client	2021-07-16T00:24:36Z	2.12.1
9.1.0-beta-18	named	fr.inria.gforge.spoon	spoon-core	2021-07-17T13:39:23Z	2.12.4
2.0.26	named	ie.curiositysoftware	testmodeller	2021-07-19T18:05:50Z	2.12.3
7.436.31	named	com.yahoo.vespa	zookeeper-command-line-client	2021-07-20T02:09:36Z	2.12.1
7.437.7	named	com.yahoo.vespa	zookeeper-command-line-client	2021-07-21T00:24:07Z	2.12.1
7.438.16	named	com.yahoo.vespa	zookeeper-command-line-client	2021-07-22T08:08:06Z	2.12.1
7.439.3	named	com.yahoo.vespa	zookeeper-command-line-client	2021-07-22T20:17:24Z	2.12.1
3.16.3	named	ch.exense.step	step-functions-plugins-composite-handler	2021-07-23T11:29:36Z	2.10.0
1.2	named	io.github.singlerr	DiscordBot	2021-07-24T01:22:14Z	2.11.4
9.1.0-beta-19	named	fr.inria.gforge.spoon	spoon-core	2021-07-24T13:39:32Z	2.12.4
7.440.12	named	com.yahoo.vespa	zookeeper-command-line-client	2021-07-27T12:27:13Z	2.12.1
7.441.3	named	com.yahoo.vespa	zookeeper-command-line-client	2021-07-27T18:38:33Z	2.12.1
7.20.4	named	org.finos.symphony.toolkit.tools	symphony-maven-build-reporter	2021-07-29T07:05:12Z	2.11.4
7.442.7	named	com.yahoo.vespa	zookeeper-command-line-client	2021-07-29T08:18:04Z	2.12.1
5.5.4	named	net.masterthought	cucumber-sandwich	2021-07-30T16:10:31Z	2.12.1
9.1.0-beta-20	named	fr.inria.gforge.spoon	spoon-core	2021-07-31T13:40:04Z	2.12.4
3.0	named	org.odpi.egeria	open-metadata-types-utility	2021-08-02T15:11:40Z	2.12.3
3.0	named	org.odpi.egeria	open-connector-archives	2021-08-02T15:11:54Z	2.12.3
3.0	named	org.odpi.egeria	asset-reader-avro-sample	2021-08-02T15:12:31Z	2.12.3
3.0	named	org.odpi.egeria	asset-reader-csv-sample	2021-08-02T15:12:42Z	2.12.3
3.0	named	org.odpi.egeria	governance-zone-create-sample	2021-08-02T15:13:06Z	2.12.3
3.0	named	org.odpi.egeria	admin-services-config-metadata-server-sample	2021-08-02T15:13:33Z	2.12.3
3.0	named	org.odpi.egeria	cloud-information-model	2021-08-02T15:13:57Z	2.12.3
3.0	named	org.odpi.egeria	glossary-canonical-model	2021-08-02T15:14:14Z	2.12.3
3.0	named	org.odpi.egeria	open-types-test-generator	2021-08-02T15:36:22Z	2.12.3
7.444.18	named	com.yahoo.vespa	zookeeper-command-line-client	2021-08-02T20:27:24Z	2.12.1
7.58.0.Final	named	org.jbpm	jbpm-xes	2021-08-02T20:36:26Z	2.10.5.1
0.5.1-RELEASE	named	uk.gov.gchq.palisade	attribute-masking-service	2021-08-04T13:34:46Z	2.11.0
0.5.1-RELEASE	named	uk.gov.gchq.palisade	audit-service	2021-08-04T13:37:25Z	2.11.0
0.5.1-RELEASE	named	uk.gov.gchq.palisade	data-service	2021-08-04T13:40:58Z	2.11.0
0.5.1-RELEASE	named	uk.gov.gchq.palisade	filtered-resource-service	2021-08-04T13:44:07Z	2.11.0
0.5.1-RELEASE	named	uk.gov.gchq.palisade	policy-service	2021-08-04T13:48:52Z	2.11.0
0.5.1-RELEASE	named	uk.gov.gchq.palisade	resource-service	2021-08-04T13:51:45Z	2.11.0
0.5.1-RELEASE	named	uk.gov.gchq.palisade	topic-offset-service	2021-08-04T13:55:03Z	2.11.0
0.5.1-RELEASE	named	uk.gov.gchq.palisade	user-service	2021-08-04T13:57:31Z	2.11.0
0.5.1-RELEASE	named	uk.gov.gchq.palisade	example-rule-library	2021-08-04T14:44:45Z	2.11.0
0.5.1-RELEASE	named	uk.gov.gchq.palisade	performance	2021-08-04T14:52:58Z	2.11.0
0.5.1-RELEASE	named	uk.gov.gchq.palisade	services-manager	2021-08-04T15:58:19Z	2.11.0
7.446.9	named	com.yahoo.vespa	zookeeper-command-line-client	2021-08-04T18:24:22Z	2.12.1
3.19	named	io.github.tblsoft.solr	solr-cmd-utils	2021-08-05T11:27:00Z	2.10.0
7.447.10	named	com.yahoo.vespa	zookeeper-command-line-client	2021-08-06T09:55:53Z	2.12.1
9.1.0-beta-21	named	fr.inria.gforge.spoon	spoon-core	2021-08-07T13:40:41Z	2.12.4
7.448.16	named	com.yahoo.vespa	zookeeper-command-line-client	2021-08-10T20:17:12Z	2.12.1
7.449.21	named	com.yahoo.vespa	zookeeper-command-line-client	2021-08-12T00:38:05Z	2.12.1
3.3.0	named	com.expediagroup	beekeeper-vacuum-tool	2021-08-12T16:30:11Z	2.11.4
7.450.12	named	com.yahoo.vespa	zookeeper-command-line-client	2021-08-12T18:27:25Z	2.12.1
1.35	named	fr.inria.gforge.spoon.labs	gumtree-spoon-ast-diff	2021-08-13T05:42:49Z	2.12.2
9.1.0-beta-22	named	fr.inria.gforge.spoon	spoon-core	2021-08-14T13:41:01Z	2.12.4
1.13	named	de.schroenser.discord-bot	discord-bot	2021-08-15T18:49:47Z	2.10.1
7.451.27	named	com.yahoo.vespa	zookeeper-command-line-client	2021-08-17T00:24:25Z	2.12.1
7.452.11	named	com.yahoo.vespa	zookeeper-command-line-client	2021-08-17T18:26:43Z	2.12.1
3.4.0	named	com.expediagroup	beekeeper-vacuum-tool	2021-08-18T13:42:37Z	2.11.4
9.1.0-beta-23	named	fr.inria.gforge.spoon	spoon-core	2021-08-21T13:41:58Z	2.12.4
1.36	named	fr.inria.gforge.spoon.labs	gumtree-spoon-ast-diff	2021-08-23T06:00:32Z	2.12.2
9.1.0	named	fr.inria.gforge.spoon	spoon-core	2021-08-23T06:03:17Z	2.12.4
9.2.0-beta-1	named	fr.inria.gforge.spoon	spoon-core	2021-08-23T06:06:20Z	2.12.4
1.37	named	fr.inria.gforge.spoon.labs	gumtree-spoon-ast-diff	2021-08-24T07:37:01Z	2.12.2
7.59.0.Final	named	org.jbpm	jbpm-xes	2021-08-26T02:32:41Z	2.12.1
7.455.43	named	com.yahoo.vespa	zookeeper-command-line-client	2021-08-26T07:00:55Z	2.12.1
2021.3.166	named	com.checkmarx	cx-client-common	2021-08-26T10:04:43Z	2.10.5.1
3.0.0	named	eu.stamp-project	test-runner	2021-08-26T12:16:16Z	2.11.2
1.0.0	named	com.github.spoonlabs	flacoco	2021-08-27T09:18:16Z	2.12.4
3.4.1	named	com.expediagroup	beekeeper-vacuum-tool	2021-08-27T09:29:36Z	2.11.4
1.0.1	named	com.hyperscience	saas-client	2021-08-27T12:53:33Z	2.12.3
0.9.14	named	com.github.btrapp	jklarfreader	2021-08-27T15:47:12Z	2.12.2
1.1.3	named	com.duosecurity	duo-universal-sdk	2021-08-27T18:02:40Z	2.10.1
9.2.0-beta-2	named	fr.inria.gforge.spoon	spoon-core	2021-08-28T13:41:19Z	2.12.5
7.456.11	named	com.yahoo.vespa	zookeeper-command-line-client	2021-08-31T08:31:47Z	2.12.1
3.1	named	org.odpi.egeria	open-metadata-types-utility	2021-08-31T09:01:31Z	2.12.4
3.1	named	org.odpi.egeria	open-connector-archives	2021-08-31T09:01:42Z	2.12.4
3.1	named	org.odpi.egeria	asset-reader-avro-sample	2021-08-31T09:02:07Z	2.12.4
3.1	named	org.odpi.egeria	asset-reader-csv-sample	2021-08-31T09:02:14Z	2.12.4
3.1	named	org.odpi.egeria	governance-zone-create-sample	2021-08-31T09:02:30Z	2.12.4
3.1	named	org.odpi.egeria	admin-services-config-metadata-server-sample	2021-08-31T09:02:50Z	2.12.4
3.1	named	org.odpi.egeria	cloud-information-model	2021-08-31T09:03:12Z	2.12.4
3.1	named	org.odpi.egeria	glossary-canonical-model	2021-08-31T09:03:31Z	2.12.4
3.1	named	org.odpi.egeria	open-types-test-generator	2021-08-31T09:28:14Z	2.12.4
1.1.1	named	ml.comet	comet-java-client	2021-08-31T11:57:18Z	2.12.3
7.457.52	named	com.yahoo.vespa	zookeeper-command-line-client	2021-09-01T07:48:10Z	2.12.1
7.458.20	named	com.yahoo.vespa	zookeeper-command-line-client	2021-09-02T00:29:13Z	2.12.1
2.1.6	named	org.into-cps.maestro	maestro	2021-09-02T06:43:45Z	2.10.5.1
2021.3.168	named	com.checkmarx	cx-client-common	2021-09-02T09:35:55Z	2.10.5.1
10.5.1	named	com.contentful.java	java-sdk	2021-09-02T19:53:21Z	2.10.5
2021.3.171	named	com.checkmarx	cx-client-common	2021-09-03T21:32:31Z	2.10.5.1
1.38	named	fr.inria.gforge.spoon.labs	gumtree-spoon-ast-diff	2021-09-04T13:18:36Z	2.12.4
9.2.0-beta-3	named	fr.inria.gforge.spoon	spoon-core	2021-09-04T13:42:12Z	2.12.5
1.2.0	named	com.intel.oap	spark-arrow-datasource-standard	2021-09-07T03:13:30Z	2.10.0
7.460.23	named	com.yahoo.vespa	zookeeper-command-line-client	2021-09-07T07:50:29Z	2.12.1
7.462.20	named	com.yahoo.vespa	zookeeper-command-line-client	2021-09-08T18:36:22Z	2.12.1
0.1.11	named	net.pincette	jslt	2021-09-09T11:44:03Z	2.12.5
9.2.0-beta-4	named	fr.inria.gforge.spoon	spoon-core	2021-09-11T13:42:52Z	2.12.5
3.1.0	named	com.loadcoder	loadship	2021-09-12T17:08:56Z	2.11.4
7.463.15	named	com.yahoo.vespa	zookeeper-command-line-client	2021-09-13T06:35:28Z	2.12.1
1.39	named	fr.inria.gforge.spoon.labs	gumtree-spoon-ast-diff	2021-09-13T11:23:55Z	2.12.4
5.7.2	named	io.axual.client	axual-client-proxy	2021-09-13T16:46:50Z	2.12.1
0.5.1	named	org.drasyl	drasyl-performance-tests	2021-09-13T22:28:50Z	2.12.3
0.8.0	named	com.github.jingshouyan	j-rpc-test-jmeter	2021-09-14T08:15:48Z	2.11.4
7.464.41	named	com.yahoo.vespa	zookeeper-command-line-client	2021-09-14T08:41:57Z	2.12.1
0.8.1	named	com.github.jingshouyan	j-rpc-test-jmeter	2021-09-14T14:47:28Z	2.11.4
0.8.2	named	com.github.jingshouyan	j-rpc-test-jmeter	2021-09-14T15:20:05Z	2.11.4
7.465.17	named	com.yahoo.vespa	zookeeper-command-line-client	2021-09-14T20:21:57Z	2.12.1
0.8.3	named	com.github.jingshouyan	j-rpc-test-jmeter	2021-09-15T02:09:56Z	2.11.4
2.1.7	named	org.into-cps.maestro	maestro	2021-09-16T07:46:05Z	2.10.5.1
7.466.3	named	com.yahoo.vespa	zookeeper-command-line-client	2021-09-16T09:40:16Z	2.12.1
1.40	named	fr.inria.gforge.spoon.labs	gumtree-spoon-ast-diff	2021-09-18T11:13:07Z	2.12.4
9.2.0-beta-5	named	fr.inria.gforge.spoon	spoon-core	2021-09-18T13:42:36Z	2.12.5
3.0.4	named	org.springframework.cloud	spring-cloud-build-docs	2021-09-20T14:08:59Z	2.11.4
1.41	named	fr.inria.gforge.spoon.labs	gumtree-spoon-ast-diff	2021-09-20T17:31:23Z	2.12.4
6.0.0-alpha5	named	org.biojava	biojava-aa-prop	2021-09-20T22:20:16Z	2.10.5
7.469.18	named	com.yahoo.vespa	zookeeper-command-line-client	2021-09-22T12:58:30Z	2.12.1
7.470.24	named	com.yahoo.vespa	zookeeper-command-line-client	2021-09-23T09:40:38Z	2.12.1
9.2.0-beta-6	named	fr.inria.gforge.spoon	spoon-core	2021-09-25T13:42:15Z	2.12.5
7.472.1	named	com.yahoo.vespa	zookeeper-command-line-client	2021-09-28T12:41:59Z	2.12.1
5.4.5	named	io.axual.client	axual-client-proxy	2021-09-28T14:02:54Z	2.10.3
5.5.3	named	io.axual.client	axual-client-proxy	2021-09-28T15:20:38Z	2.10.3
5.7.3	named	io.axual.client	axual-client-proxy	2021-09-28T15:39:09Z	2.12.1
7.473.17	named	com.yahoo.vespa	zookeeper-command-line-client	2021-09-28T22:16:02Z	2.12.1
6.0.0-alpha6	named	org.biojava	biojava-aa-prop	2021-09-29T23:41:38Z	2.10.5
3.2	named	org.odpi.egeria	open-metadata-types-utility	2021-09-30T17:06:36Z	2.12.5
3.2	named	org.odpi.egeria	open-connector-archives	2021-09-30T17:06:56Z	2.12.5
3.2	named	org.odpi.egeria	asset-reader-avro-sample	2021-09-30T17:07:28Z	2.12.5
3.2	named	org.odpi.egeria	asset-reader-csv-sample	2021-09-30T17:07:38Z	2.12.5
3.2	named	org.odpi.egeria	governance-zone-create-sample	2021-09-30T17:07:59Z	2.12.5
3.2	named	org.odpi.egeria	admin-services-config-metadata-server-sample	2021-09-30T17:08:23Z	2.12.5
3.2	named	org.odpi.egeria	cloud-information-model	2021-09-30T17:08:37Z	2.12.5
3.2	named	org.odpi.egeria	glossary-canonical-model	2021-09-30T17:09:00Z	2.12.5
3.2	named	org.odpi.egeria	simple-catalogs	2021-09-30T17:10:07Z	2.12.5
3.2	named	org.odpi.egeria	open-types-test-generator	2021-09-30T17:48:31Z	2.12.5
7.475.17	named	com.yahoo.vespa	zookeeper-command-line-client	2021-09-30T18:32:36Z	2.12.1
7.476.1	named	com.yahoo.vespa	zookeeper-command-line-client	2021-10-05T00:32:57Z	2.12.1
1.42	named	fr.inria.gforge.spoon.labs	gumtree-spoon-ast-diff	2021-10-05T12:12:33Z	2.12.4
7.477.12	named	com.yahoo.vespa	zookeeper-command-line-client	2021-10-05T19:14:02Z	2.12.1
1.43	named	fr.inria.gforge.spoon.labs	gumtree-spoon-ast-diff	2021-10-06T07:11:11Z	2.12.4
2.1.8	named	org.into-cps.maestro	maestro	2021-10-06T12:38:35Z	2.10.5.1
1.44	named	fr.inria.gforge.spoon.labs	gumtree-spoon-ast-diff	2021-10-07T06:21:23Z	2.12.4
2.3.1	named	ch.exense.rtm	rtm-frontend	2021-10-07T11:12:09Z	2.10.0
2.3.2	named	ch.exense.rtm	rtm-frontend	2021-10-07T14:17:59Z	2.10.0
0.0.3	named	de.wenzlaff.blockchain	de.wenzlaff.blockchain	2021-10-07T17:15:08Z	2.10.0
7.479.3	named	com.yahoo.vespa	zookeeper-command-line-client	2021-10-07T20:54:32Z	2.12.1
1.4	named	com.github.estuaryoss.libs	zephyr-uploader	2021-10-09T12:43:13Z	2.11.3
5.6.0	named	net.masterthought	cucumber-sandwich	2021-10-10T14:27:46Z	2.12.1
5.8.0-RC1	named	io.axual.client	axual-client-proxy	2021-10-11T10:11:17Z	2.12.1
7.480.66	named	com.yahoo.vespa	zookeeper-command-line-client	2021-10-11T22:36:00Z	2.12.1
2021.4.3	named	com.checkmarx	cx-client-common	2021-10-12T13:02:17Z	2.11.3
7.481.18	named	com.yahoo.vespa	zookeeper-command-line-client	2021-10-12T18:31:08Z	2.12.1
7.60.0.Final	named	org.jbpm	jbpm-xes	2021-10-13T08:58:55Z	2.12.1
7.482.13	named	com.yahoo.vespa	zookeeper-command-line-client	2021-10-14T10:03:52Z	2.12.1
7.483.19	named	com.yahoo.vespa	zookeeper-command-line-client	2021-10-14T18:11:45Z	2.12.1
7.484.47	named	com.yahoo.vespa	zookeeper-command-line-client	2021-10-18T18:18:19Z	2.12.1
2021.4.5	named	com.checkmarx	cx-client-common	2021-10-19T04:50:25Z	2.11.3
2.1.0	named	com.pallycon	pallycon-cpix-common	2021-10-19T06:54:49Z	2.10.0
1.0.2	named	com.hyperscience	saas-client	2021-10-19T08:09:26Z	2.12.3
7.485.19	named	com.yahoo.vespa	zookeeper-command-line-client	2021-10-19T18:11:16Z	2.12.1
3.1.0	named	eu.stamp-project	test-runner	2021-10-20T09:53:40Z	2.11.2
2.0.0-M5	named	org.eclipse.leshan	leshan-bsserver-demo	2021-10-21T07:50:27Z	2.12.5
2.0.0-M5	named	org.eclipse.leshan	leshan-client-demo	2021-10-21T07:50:33Z	2.12.5
2.0.0-M5	named	org.eclipse.leshan	leshan-server-demo	2021-10-21T07:50:38Z	2.12.5
7.487.27	named	com.yahoo.vespa	zookeeper-command-line-client	2021-10-21T14:45:24Z	2.12.1
1.1.2	named	ml.comet	comet-java-client	2021-10-22T05:35:47Z	2.12.3
7.488.67	named	com.yahoo.vespa	zookeeper-command-line-client	2021-10-25T22:21:21Z	2.12.1
1.9.0	named	org.gaul	s3proxy	2021-10-26T11:00:54Z	2.12.3
7.489.25	named	com.yahoo.vespa	zookeeper-command-line-client	2021-10-27T04:29:09Z	2.12.1
7.61.0.Final	named	org.jbpm	jbpm-xes	2021-10-27T09:25:59Z	2.12.1
7.490.17	named	com.yahoo.vespa	zookeeper-command-line-client	2021-10-28T00:03:30Z	2.12.1
3.1.1	named	eu.stamp-project	test-runner	2021-10-29T09:05:21Z	2.11.2
7.492.78	named	com.yahoo.vespa	zookeeper-command-line-client	2021-11-02T06:14:46Z	2.12.1
1.0.6	named	net.diyigemt.miraiboot	mirai-boot	2021-11-02T14:05:36Z	2.12.3
7.493.25	named	com.yahoo.vespa	zookeeper-command-line-client	2021-11-03T18:14:14Z	2.12.1
7.495.22	named	com.yahoo.vespa	zookeeper-command-line-client	2021-11-05T00:44:11Z	2.12.1
3.1.2	named	eu.stamp-project	test-runner	2021-11-05T14:30:57Z	2.11.2
1.7.0	named	com.github.target365	target-365-sdk	2021-11-05T18:20:22Z	2.12.1
5.4.0	named	org.telegram	telegrambots-meta	2021-11-06T16:32:12Z	2.11.3
7.496.44	named	com.yahoo.vespa	zookeeper-command-line-client	2021-11-08T18:56:09Z	2.12.1
1.7.1	named	com.github.target365	target-365-sdk	2021-11-09T14:24:40Z	2.12.1
3.4.2	named	com.expediagroup	beekeeper-vacuum-tool	2021-11-10T12:04:51Z	2.11.4
3.4.3	named	com.expediagroup	beekeeper-vacuum-tool	2021-11-11T10:38:23Z	2.11.4
3.4.4	named	com.expediagroup	beekeeper-vacuum-tool	2021-11-11T11:13:02Z	2.11.4
7.499.15	named	com.yahoo.vespa	zookeeper-command-line-client	2021-11-11T18:22:46Z	2.12.1
5.4.0.1	named	org.telegram	telegrambots-meta	2021-11-14T23:02:59Z	2.11.3
7.500.40	named	com.yahoo.vespa	zookeeper-command-line-client	2021-11-16T00:40:10Z	2.12.1
3.1.3	named	eu.stamp-project	test-runner	2021-11-16T08:52:16Z	2.11.2
7.62.0.Final	named	org.jbpm	jbpm-xes	2021-11-16T09:44:31Z	2.12.1
3.2.0	named	eu.stamp-project	dspot	2021-11-16T10:13:50Z	2.12.3
3.2.0	named	eu.stamp-project	dspot-prettifier	2021-11-16T10:13:54Z	2.12.3
1.0.1	named	com.github.spoonlabs	flacoco	2021-11-16T12:40:39Z	2.12.4
7.501.17	named	com.yahoo.vespa	zookeeper-command-line-client	2021-11-16T19:16:23Z	2.12.1
7.502.22	named	com.yahoo.vespa	zookeeper-command-line-client	2021-11-17T19:03:06Z	2.12.1
2.1.9	named	org.into-cps.maestro	maestro	2021-11-18T14:11:05Z	2.10.5.1
7.503.19	named	com.yahoo.vespa	zookeeper-command-line-client	2021-11-18T18:29:18Z	2.12.1
0.3.0	named	network.casper	casper-java-sdk	2021-11-19T15:02:53Z	2.12.5
5.6.1	named	net.masterthought	cucumber-sandwich	2021-11-20T10:09:34Z	2.12.1
7.505.17	named	com.yahoo.vespa	zookeeper-command-line-client	2021-11-23T18:25:09Z	2.12.1
3.4.5	named	com.expediagroup	beekeeper-vacuum-tool	2021-11-24T13:17:14Z	2.11.4
1.0.3	named	com.hyperscience	saas-client	2021-11-29T09:33:35Z	2.12.3
2.1.3	named	com.baidu.cfc	cfc-java-core	2021-11-29T12:20:29Z	2.11.0
2021.4.2	named	com.checkmarx	cx-client-common	2021-11-30T13:26:29Z	2.11.3
1.7.2	named	com.github.target365	target-365-sdk	2021-11-30T15:05:36Z	2.12.1
7.507.96	named	com.yahoo.vespa	zookeeper-command-line-client	2021-11-30T19:14:42Z	2.12.1
7.508.20	named	com.yahoo.vespa	zookeeper-command-line-client	2021-12-01T18:34:49Z	2.12.1
2.0.0	named	io.sapl	sapl-ethereum	2021-12-01T22:32:07Z	2.12.5
2021.4.6	named	com.checkmarx	cx-client-common	2021-12-02T06:34:06Z	2.11.3
7.509.14	named	com.yahoo.vespa	zookeeper-command-line-client	2021-12-02T18:39:16Z	2.12.1
1.0.7	named	net.diyigemt.miraiboot	mirai-boot	2021-12-04T05:29:38Z	2.12.3
7.510.36	named	com.yahoo.vespa	zookeeper-command-line-client	2021-12-06T18:11:59Z	2.12.1
7.511.3	named	com.yahoo.vespa	zookeeper-command-line-client	2021-12-07T19:00:48Z	2.12.1
5.5.0	named	org.telegram	telegrambots-meta	2021-12-07T21:22:22Z	2.11.3
7.512.7	named	com.yahoo.vespa	zookeeper-command-line-client	2021-12-09T01:08:42Z	2.12.1
7.513.4	named	com.yahoo.vespa	zookeeper-command-line-client	2021-12-09T18:38:45Z	2.12.1
3.0.5	named	org.springframework.cloud	spring-cloud-build-docs	2021-12-10T20:11:27Z	2.11.4
7.63.0.Final	named	org.jbpm	jbpm-xes	2021-12-10T22:29:09Z	2.12.1
7.514.59	named	com.yahoo.vespa	zookeeper-command-line-client	2021-12-14T00:23:49Z	2.12.1
2021.4.9	named	com.checkmarx	cx-client-common	2021-12-14T07:39:04Z	2.11.3
7.515.19	named	com.yahoo.vespa	zookeeper-command-line-client	2021-12-14T22:27:56Z	2.12.1
7.517.18	named	com.yahoo.vespa	zookeeper-command-line-client	2021-12-16T19:20:30Z	2.12.1
1.5.9	named	com.ibm.jsonata4java	JSONata4Java	2021-12-17T22:15:16Z	2.12.3
1.6.0	named	com.ibm.jsonata4java	JSONata4Java	2021-12-17T23:22:19Z	2.12.3
1.6.1	named	com.ibm.jsonata4java	JSONata4Java	2021-12-19T16:58:23Z	2.12.3
7.518.53	named	com.yahoo.vespa	zookeeper-command-line-client	2021-12-20T19:16:49Z	2.12.1
7.519.16	named	com.yahoo.vespa	zookeeper-command-line-client	2021-12-21T18:48:45Z	2.12.6
7.520.3	named	com.yahoo.vespa	zookeeper-command-line-client	2021-12-22T19:07:04Z	2.12.6
5.6.0	named	org.telegram	telegrambots-meta	2022-01-01T23:18:37Z	2.11.3
1.0.4	named	com.hyperscience	saas-client	2022-01-04T09:51:08Z	2.12.3
7.522.16	named	com.yahoo.vespa	zookeeper-command-line-client	2022-01-06T06:21:13Z	2.12.6
7.523.17	named	com.yahoo.vespa	zookeeper-command-line-client	2022-01-06T19:06:04Z	2.12.6
7.524.43	named	com.yahoo.vespa	zookeeper-command-line-client	2022-01-11T00:49:37Z	2.12.6
7.525.28	named	com.yahoo.vespa	zookeeper-command-line-client	2022-01-11T18:39:18Z	2.12.6
3.4.9	named	com.expediagroup	beekeeper-vacuum-tool	2022-01-12T15:22:08Z	2.11.4
7.526.8	named	com.yahoo.vespa	zookeeper-command-line-client	2022-01-12T18:56:47Z	2.12.6
7.64.0.Final	named	org.jbpm	jbpm-xes	2022-01-12T19:42:26Z	2.12.1
3.4.10	named	com.expediagroup	beekeeper-vacuum-tool	2022-01-13T11:04:37Z	2.11.4
7.527.20	named	com.yahoo.vespa	zookeeper-command-line-client	2022-01-13T23:04:48Z	2.12.6
7.528.38	named	com.yahoo.vespa	zookeeper-command-line-client	2022-01-17T18:19:05Z	2.12.6
1.0.2	named	com.github.spoonlabs	flacoco	2022-01-17T19:06:47Z	2.12.4
7.529.2	named	com.yahoo.vespa	zookeeper-command-line-client	2022-01-18T18:52:42Z	2.12.6
2.0.27	named	ie.curiositysoftware	testmodeller	2022-01-20T13:20:56Z	2.12.3
7.531.17	named	com.yahoo.vespa	zookeeper-command-line-client	2022-01-20T18:32:57Z	2.12.6
7.532.27	named	com.yahoo.vespa	zookeeper-command-line-client	2022-01-24T19:10:14Z	2.12.6
7.533.16	named	com.yahoo.vespa	zookeeper-command-line-client	2022-01-25T18:58:35Z	2.12.6
3.6.2	named	org.apache.james	apache-mailet-crypto	2022-01-26T09:25:16Z	2.12.1
3.6.2	named	org.apache.james	james-server-guice-custom-mailets	2022-01-26T10:20:10Z	2.12.1
7.534.29	named	com.yahoo.vespa	zookeeper-command-line-client	2022-01-28T00:32:11Z	2.12.6
1.3.0	named	com.intel.oap	spark-arrow-datasource-standard	2022-01-28T02:51:52Z	2.10.0
1.0.5	named	com.hyperscience	saas-client	2022-01-28T16:50:20Z	2.12.3
1.14	named	de.schroenser.discord-bot	discord-bot	2022-01-31T16:45:23Z	2.10.1
0.3.1	named	network.casper	casper-java-sdk	2022-02-01T15:52:17Z	2.12.5
5.7.0	named	org.telegram	telegrambots-meta	2022-02-01T22:29:01Z	2.11.3
7.536.19	named	com.yahoo.vespa	zookeeper-command-line-client	2022-02-02T11:35:10Z	2.12.6
7.537.15	named	com.yahoo.vespa	zookeeper-command-line-client	2022-02-03T01:10:20Z	2.12.6
7.65.0.Final	named	org.jbpm	jbpm-xes	2022-02-03T18:54:53Z	2.12.1
7.538.1	named	com.yahoo.vespa	zookeeper-command-line-client	2022-02-03T19:19:46Z	2.12.6
0.3.2	named	network.casper	casper-java-sdk	2022-02-04T10:06:10Z	2.12.5
0.0.1	named	io.orangebeard	orangebeard-soapui-plugin	2022-02-04T21:28:24Z	2.10.3
0.0.2	named	io.orangebeard	orangebeard-soapui-plugin	2022-02-04T21:45:17Z	2.10.3
0.0.3	named	io.orangebeard	orangebeard-soapui-plugin	2022-02-04T21:54:46Z	2.10.3
0.0.4	named	io.orangebeard	orangebeard-soapui-plugin	2022-02-04T22:02:38Z	2.10.3
0.0.5	named	io.orangebeard	orangebeard-soapui-plugin	2022-02-07T08:45:31Z	2.10.3
7.539.51	named	com.yahoo.vespa	zookeeper-command-line-client	2022-02-08T01:18:01Z	2.12.6
0.0.6	named	io.orangebeard	soapui-listener	2022-02-09T15:55:13Z	2.10.3
7.540.35	named	com.yahoo.vespa	zookeeper-command-line-client	2022-02-09T19:12:35Z	2.12.6
1.4	named	eu.stamp-project	test-runner	2022-02-10T13:54:07Z	2.11.2
4.0	named	eu.stamp-project	test-runner	2022-02-10T15:02:17Z	2.11.2
4.4	named	eu.stamp-project	test-runner	2022-02-10T15:12:36Z	2.11.2
7.541.24	named	com.yahoo.vespa	zookeeper-command-line-client	2022-02-10T18:28:59Z	2.12.6
4.5	named	eu.stamp-project	test-runner	2022-02-11T08:09:57Z	2.11.2
4.6	named	eu.stamp-project	test-runner	2022-02-11T09:04:10Z	2.11.2
2.0.6	named	cn.langpy	ko-time	2022-02-12T08:33:42Z	2.11.0
7.542.42	named	com.yahoo.vespa	zookeeper-command-line-client	2022-02-15T10:15:54Z	2.12.6
1.5	named	com.github.estuaryoss.libs	zephyr-uploader	2022-02-15T15:14:24Z	2.11.3
7.543.30	named	com.yahoo.vespa	zookeeper-command-line-client	2022-02-15T23:13:26Z	2.12.6
0.0.7	named	io.orangebeard	soapui-listener	2022-02-16T08:46:48Z	2.10.3
7.544.23	named	com.yahoo.vespa	zookeeper-command-line-client	2022-02-17T10:19:58Z	2.12.6
7.545.20	named	com.yahoo.vespa	zookeeper-command-line-client	2022-02-17T23:27:50Z	2.12.6
2.0.0	named	net.welen.jmole	jmole-protocol-cloudwatch	2022-02-20T21:15:09Z	2.12.6
6.2.7	named	com.perimeterx	perimeterx-sdk	2022-02-21T16:22:59Z	2.11.4
7.546.44	named	com.yahoo.vespa	zookeeper-command-line-client	2022-02-21T19:09:34Z	2.12.6
7.66.0.Final	named	org.jbpm	jbpm-xes	2022-02-22T11:19:09Z	2.12.1
0.3.3	named	network.casper	casper-java-sdk	2022-02-22T21:35:06Z	2.12.5
7.547.18	named	com.yahoo.vespa	zookeeper-command-line-client	2022-02-22T23:13:55Z	2.12.6
1.0.1	named	com.webank.wedatasphere.dss	linkis-jobtype	2022-02-27T01:26:56Z	2.11.3
7.550.61	named	com.yahoo.vespa	zookeeper-command-line-client	2022-02-28T19:04:34Z	2.12.6
1.7.0	named	com.ibm.jsonata4java	JSONata4Java	2022-02-28T19:11:12Z	2.12.3
1.7.1	named	com.ibm.jsonata4java	JSONata4Java	2022-03-01T13:27:33Z	2.12.3
7.551.16	named	com.yahoo.vespa	zookeeper-command-line-client	2022-03-01T18:17:00Z	2.12.6
7.552.18	named	com.yahoo.vespa	zookeeper-command-line-client	2022-03-02T18:51:31Z	2.12.6
2.0.7	named	cn.langpy	ko-time	2022-03-03T13:00:52Z	2.11.0
7.553.2	named	com.yahoo.vespa	zookeeper-command-line-client	2022-03-03T19:05:00Z	2.12.6
0.12.5	named	org.apache.iotdb	hive-connector	2022-03-04T10:00:10Z	2.11.0
2.0.8	named	cn.langpy	ko-time	2022-03-06T14:45:27Z	2.11.0
1.7.3	named	com.ibm.jsonata4java	JSONata4Java	2022-03-08T20:38:29Z	2.12.3
7.555.50	named	com.yahoo.vespa	zookeeper-command-line-client	2022-03-10T06:50:15Z	2.12.6
7.556.26	named	com.yahoo.vespa	zookeeper-command-line-client	2022-03-11T00:39:06Z	2.12.6
2.0.9	named	cn.langpy	ko-time	2022-03-14T12:21:45Z	2.11.0
7.67.0.Final	named	org.jbpm	jbpm-xes	2022-03-15T08:48:02Z	2.12.1
7.557.46	named	com.yahoo.vespa	zookeeper-command-line-client	2022-03-15T12:27:41Z	2.12.6
7.559.12	named	com.yahoo.vespa	zookeeper-command-line-client	2022-03-16T18:54:31Z	2.12.6
7.561.60	named	com.yahoo.vespa	zookeeper-command-line-client	2022-03-22T01:10:41Z	2.12.6
1.6	named	com.github.estuaryoss.libs	zephyr-uploader	2022-03-22T16:31:27Z	2.11.3
7.563.7	named	com.yahoo.vespa	zookeeper-command-line-client	2022-03-24T13:13:08Z	2.12.6
2022.1.10	named	com.checkmarx	cx-client-common	2022-03-24T19:57:09Z	2.11.3
7.564.19	named	com.yahoo.vespa	zookeeper-command-line-client	2022-03-24T23:15:45Z	2.12.6
7.567.26	named	com.yahoo.vespa	zookeeper-command-line-client	2022-03-30T20:48:33Z	2.12.6
7.566.21	named	com.yahoo.vespa	zookeeper-command-line-client	2022-04-01T07:55:13Z	2.12.6
6.2.8	named	com.perimeterx	perimeterx-sdk	2022-04-04T12:51:18Z	2.11.4
7.569.71	named	com.yahoo.vespa	zookeeper-command-line-client	2022-04-04T16:12:58Z	2.12.6
3.5.3	named	org.apache.tinkerpop	gremlin-test	2022-04-05T14:21:01Z	2.13.2.2
7.571.25	named	com.yahoo.vespa	zookeeper-command-line-client	2022-04-06T13:36:35Z	2.12.6
0.3.4	named	network.casper	casper-java-sdk	2022-04-06T14:22:16Z	2.12.5
4.7	named	eu.stamp-project	test-runner	2022-04-07T04:01:35Z	2.11.2
7.68.0.Final	named	org.jbpm	jbpm-xes	2022-04-08T12:28:28Z	2.12.1
6.3.0	named	com.perimeterx	perimeterx-sdk	2022-04-11T15:25:20Z	2.11.4
6.4.0	named	com.perimeterx	perimeterx-sdk	2022-04-13T11:53:21Z	2.11.4
1.3.1	named	com.intel.oap	spark-arrow-datasource-standard	2022-04-14T01:24:53Z	2.12.3
4.8	named	eu.stamp-project	test-runner	2022-04-15T06:17:23Z	2.11.2
2.1.0	named	cn.langpy	ko-time	2022-04-17T08:56:53Z	2.11.0
6.4.1	named	com.perimeterx	perimeterx-sdk	2022-04-17T14:27:08Z	2.11.4
2022.2.11	named	com.checkmarx	cx-client-common	2022-04-18T09:00:46Z	2.11.3
1.0.3	named	com.github.spoonlabs	flacoco	2022-04-18T11:04:41Z	2.12.4
7.574.71	named	com.yahoo.vespa	zookeeper-command-line-client	2022-04-19T22:17:27Z	2.12.6
2.0.28	named	ie.curiositysoftware	testmodeller	2022-04-20T14:02:41Z	2.12.3
7.575.35	named	com.yahoo.vespa	zookeeper-command-line-client	2022-04-20T22:23:50Z	2.12.6
1.0.8	named	net.diyigemt.miraiboot	mirai-boot	2022-04-21T13:04:45Z	2.12.3
4.9	named	eu.stamp-project	test-runner	2022-04-24T05:26:04Z	2.11.2
2.0.30	named	ie.curiositysoftware	testmodeller	2022-04-25T08:10:48Z	2.12.3
7.69.0.Final	named	org.jbpm	jbpm-xes	2022-04-26T10:29:59Z	2.12.1
7.577.27	named	com.yahoo.vespa	zookeeper-command-line-client	2022-04-26T18:07:09Z	2.12.6
7.578.64	named	com.yahoo.vespa	zookeeper-command-line-client	2022-04-27T18:06:44Z	2.12.6
7.579.27	named	com.yahoo.vespa	zookeeper-command-line-client	2022-04-28T19:45:27Z	2.12.6
1.0.4	named	com.github.spoonlabs	flacoco	2022-04-30T16:57:58Z	2.12.4
2.1.1	named	cn.langpy	ko-time	2022-05-01T04:23:28Z	2.11.0
7.580.54	named	com.yahoo.vespa	zookeeper-command-line-client	2022-05-02T18:08:46Z	2.12.6
1.0.6	named	com.hyperscience	saas-client	2022-05-03T10:30:18Z	2.12.3
7.581.33	named	com.yahoo.vespa	zookeeper-command-line-client	2022-05-04T18:03:45Z	2.12.6
3.4.11	named	com.expediagroup	beekeeper-vacuum-tool	2022-05-09T16:12:58Z	2.11.4
4.10	named	eu.stamp-project	test-runner	2022-05-10T13:42:16Z	2.11.2
4.11	named	eu.stamp-project	test-runner	2022-05-10T13:55:21Z	2.11.2
7.585.20	named	com.yahoo.vespa	zookeeper-command-line-client	2022-05-11T22:43:47Z	2.12.6
1.0.5	named	com.github.spoonlabs	flacoco	2022-05-17T08:42:40Z	2.12.4
7.70.0.Final	named	org.jbpm	jbpm-xes	2022-05-17T10:47:35Z	2.12.6.1
7.586.113	named	com.yahoo.vespa	zookeeper-command-line-client	2022-05-18T18:11:59Z	2.12.6
7.588.57	named	com.yahoo.vespa	zookeeper-command-line-client	2022-05-23T18:12:40Z	2.12.6
7.589.25	named	com.yahoo.vespa	zookeeper-command-line-client	2022-05-24T18:07:36Z	2.12.6
0.8.0	named	io.github.metadew	iesi-core	2022-05-25T08:53:49Z	2.12.1
0.8.1	named	io.github.metadew	iesi-core	2022-05-25T10:49:29Z	2.12.1
0.8.0-TEST	named	io.github.metadew	iesi-core	2022-05-25T12:59:53Z	2.12.1
0.8.0.0	named	io.github.metadew	iesi-core	2022-05-25T13:03:57Z	2.12.1
2.2.0-PREPARE	named	cn.langpy	ko-time	2022-05-30T03:48:32Z	2.11.0
6.4.2	named	com.perimeterx	perimeterx-sdk	2022-06-01T17:32:36Z	2.11.4
2022.2.12	named	com.checkmarx	cx-client-common	2022-06-02T14:47:39Z	2.11.3
0.3.5	named	network.casper	casper-java-sdk	2022-06-03T10:06:58Z	2.12.5
7.71.0.Final	named	org.jbpm	jbpm-xes	2022-06-08T07:41:37Z	2.12.6.1
2022.2.13	named	com.checkmarx	cx-client-common	2022-06-09T09:48:48Z	2.11.3
5.1.2	named	com.hazelcast.jet	hazelcast-jet-hadoop-all	2022-06-13T10:38:57Z	2.13.3
5.1.2	named	com.hazelcast.jet	hazelcast-jet-files-azure	2022-06-13T10:39:03Z	2.13.3
5.1.2	named	com.hazelcast.jet	hazelcast-jet-files-gcs	2022-06-13T10:40:16Z	2.13.3
5.1.2	named	com.hazelcast.jet	hazelcast-jet-cdc-postgres	2022-06-13T10:43:56Z	2.13.3
5.1.2	named	com.hazelcast.jet	hazelcast-jet-cdc-mysql	2022-06-13T10:44:29Z	2.13.3
2022.2.14	named	com.checkmarx	cx-client-common	2022-06-16T06:49:31Z	2.11.3
0.3.6	named	network.casper	casper-java-sdk	2022-06-22T12:40:28Z	2.12.5
7.72.0.Final	named	org.jbpm	jbpm-xes	2022-06-27T14:57:56Z	2.12.6.1
0.3.7	named	network.casper	casper-java-sdk	2022-06-28T08:50:42Z	2.12.5
6.4.3	named	com.perimeterx	perimeterx-sdk	2022-06-28T12:31:47Z	2.11.4
0.14.0-preview1	named	org.apache.iotdb	node-commons	2022-06-29T10:46:51Z	2.10.5
0.14.0-preview1	named	org.apache.iotdb	influxdb-protocol	2022-06-29T10:55:42Z	2.10.5
0.12.6	named	org.apache.iotdb	hive-connector	2022-07-08T09:26:00Z	2.11.0
0.3.8	named	network.casper	casper-java-sdk	2022-07-13T13:19:00Z	2.12.5
0.22.0	named	com.jcabi	jcabi-dynamo	2022-07-13T16:22:37Z	2.12.6.1
0.22.1	named	com.jcabi	jcabi-dynamo	2022-07-13T16:36:30Z	2.12.6.1
1.1.0	named	com.webank.wedatasphere.dss	linkis-jobtype	2022-07-14T03:25:38Z	2.11.3
0.22.2	named	com.jcabi	jcabi-dynamo	2022-07-14T05:29:27Z	2.12.6.1
0.3.9	named	network.casper	casper-java-sdk	2022-07-14T16:09:25Z	2.12.5
7.73.0.Final	named	org.jbpm	jbpm-xes	2022-07-18T15:15:29Z	2.12.6.1
3.5.4	named	org.apache.tinkerpop	gremlin-test	2022-07-19T21:22:29Z	2.13.2.2
1.0.7	named	com.hyperscience	saas-client	2022-07-25T11:26:21Z	2.12.3
5.1.3	named	com.hazelcast.jet	hazelcast-jet-cdc-mysql	2022-08-01T13:54:54Z	2.13.3
5.1.3	named	com.hazelcast.jet	hazelcast-jet-hadoop-all	2022-08-01T13:54:59Z	2.13.3
5.1.3	named	com.hazelcast.jet	hazelcast-jet-files-azure	2022-08-01T13:55:03Z	2.13.3
5.1.3	named	com.hazelcast.jet	hazelcast-jet-cdc-postgres	2022-08-01T13:55:48Z	2.13.3
5.1.3	named	com.hazelcast.jet	hazelcast-jet-files-gcs	2022-08-01T13:55:52Z	2.13.3
1.0.8	named	com.hyperscience	saas-client	2022-08-03T15:13:14Z	2.12.3
0.19.0	named	com.jcabi	jcabi-s3	2022-08-05T04:11:50Z	2.12.6.1
0.10.0	named	com.jcabi	jcabi-dynamodb-maven-plugin	2022-08-12T03:57:05Z	2.12.6.1
0.10.1	named	com.jcabi	jcabi-dynamodb-maven-plugin	2022-08-12T04:35:23Z	2.12.6.1
1.0.9	named	com.hyperscience	saas-client	2022-08-17T14:14:43Z	2.12.7
2022.3.15	named	com.checkmarx	cx-client-common	2022-08-18T19:47:35Z	2.11.3
5.2-BETA-1	named	com.hazelcast.jet	hazelcast-jet-cdc-postgres	2022-08-22T12:54:48Z	2.13.3
5.2-BETA-1	named	com.hazelcast.jet	hazelcast-jet-cdc-mysql	2022-08-22T12:55:23Z	2.13.3
0.9.0	named	io.github.metadew	iesi-core	2022-08-24T13:24:57Z	2.12.1
2022.3.16	named	com.checkmarx	cx-client-common	2022-08-24T20:35:39Z	2.11.3
2022.8.31	named	run.wj	ssq	2022-08-31T07:02:44Z	2.12.6.1
2022.8.31	named	run.wj	ddns	2022-08-31T07:03:26Z	2.12.6.1
2022.8.31	named	run.wj	devops	2022-08-31T07:04:19Z	2.12.6.1
2022.9.1	named	run.wj	ddns	2022-08-31T08:20:14Z	2.12.6.1
2022.9.1	named	run.wj	devops	2022-08-31T08:23:21Z	2.12.6.1
2022.9.1	named	run.wj	ssq	2022-08-31T08:28:23Z	2.12.6.1
6.4.4	named	com.perimeterx	perimeterx-sdk	2022-09-06T18:15:03Z	2.11.4
0.4.0	named	com.jcabi	jcabi-simpledb	2022-09-22T09:20:46Z	2.12.6.1
2.1.0	named	com.intel.analytics.bigdl	bigdl-dllib-spark_3.1.2	2022-09-24T07:49:25Z	2.13.3
2.1.0	named	com.intel.analytics.bigdl	bigdl-assembly-spark_3.1.2	2022-09-24T07:51:44Z	2.13.3
2.1.0	named	com.intel.analytics.bigdl	bigdl-assembly-spark_2.4.6	2022-09-24T08:22:04Z	2.13.3
2.1.0	named	com.intel.analytics.bigdl	bigdl-dllib-spark_2.4.6	2022-09-24T08:25:22Z	2.13.3
2.0.31	named	ie.curiositysoftware	testmodeller	2022-09-28T16:50:51Z	2.12.3
2.0.32	named	ie.curiositysoftware	testmodeller	2022-10-05T10:05:00Z	2.12.3
2.0.33	named	ie.curiositysoftware	testmodeller	2022-10-05T10:13:58Z	2.12.3
5.1.4	named	com.hazelcast.jet	hazelcast-jet-files-gcs	2022-10-11T14:40:34Z	2.13.4
5.1.4	named	com.hazelcast.jet	hazelcast-jet-cdc-mysql	2022-10-11T14:40:40Z	2.13.4
5.1.4	named	com.hazelcast.jet	hazelcast-jet-hadoop-all	2022-10-11T14:41:01Z	2.13.4
5.1.4	named	com.hazelcast.jet	hazelcast-jet-files-azure	2022-10-11T14:41:02Z	2.13.4
5.1.4	named	com.hazelcast.jet	hazelcast-jet-cdc-postgres	2022-10-11T14:41:17Z	2.13.4
3.4.12	named	com.expediagroup	beekeeper-vacuum-tool	2022-10-19T17:03:07Z	2.11.4
5.2.0	named	com.hazelcast.jet	hazelcast-jet-cdc-postgres	2022-10-24T10:00:35Z	2.13.4
5.2.0	named	com.hazelcast.jet	hazelcast-jet-cdc-mysql	2022-10-24T10:00:48Z	2.13.4
5.2.1	named	com.hazelcast.jet	hazelcast-jet-cdc-postgres	2022-11-14T09:08:28Z	2.13.4.2
5.2.1	named	com.hazelcast.jet	hazelcast-jet-cdc-mysql	2022-11-14T09:08:52Z	2.13.4.2
5.1.5	named	com.hazelcast.jet	hazelcast-jet-files-gcs	2022-11-14T13:59:17Z	2.13.4.2
5.1.5	named	com.hazelcast.jet	hazelcast-jet-cdc-mysql	2022-11-14T13:59:38Z	2.13.4.2
5.1.5	named	com.hazelcast.jet	hazelcast-jet-cdc-postgres	2022-11-14T13:59:41Z	2.13.4.2
5.1.5	named	com.hazelcast.jet	hazelcast-jet-hadoop-all	2022-11-14T13:59:43Z	2.13.4.2
5.1.5	named	com.hazelcast.jet	hazelcast-jet-files-azure	2022-11-14T13:59:46Z	2.13.4.2
0.5.0	named	de.julielab	jcore-pipeline-builder-base	2022-11-17T08:23:43Z	2.12.7.1
0.5.1	named	de.julielab	jcore-pipeline-builder-base	2022-11-23T14:43:14Z	2.12.7.1
3.4.13	named	com.expediagroup	beekeeper-vacuum-tool	2022-11-23T15:33:53Z	2.11.4
5.0.4	named	com.hazelcast.jet	hazelcast-jet-s3	2022-11-24T12:17:18Z	2.14.0
5.0.4	named	com.hazelcast.jet	hazelcast-jet-files-azure	2022-11-24T12:17:20Z	2.14.0
5.0.4	named	com.hazelcast.jet	hazelcast-jet-hadoop-all	2022-11-24T12:17:28Z	2.14.0
5.0.4	named	com.hazelcast.jet	hazelcast-jet-files-gcs	2022-11-24T12:17:32Z	2.14.0
5.0.4	named	com.hazelcast.jet	hazelcast-jet-cdc-postgres	2022-11-24T12:17:36Z	2.14.0
5.0.4	named	com.hazelcast.jet	hazelcast-jet-cdc-mysql	2022-11-24T12:17:52Z	2.14.0
2022.4.3	named	com.checkmarx	cx-client-common	2022-11-25T13:05:48Z	2.11.3
3.4.14	named	com.expediagroup	beekeeper-vacuum-tool	2022-11-25T16:16:03Z	2.11.4
1.0.10	named	com.hyperscience	saas-client	2022-11-28T16:24:53Z	2.12.7
1.1.1	named	com.webank.wedatasphere.dss	linkis-jobtype	2022-12-08T03:37:11Z	2.11.3
0.5.2	named	de.julielab	jcore-pipeline-builder-base	2022-12-09T09:16:50Z	2.12.7.1
2022.4.4	named	com.checkmarx	cx-client-common	2022-12-19T14:35:18Z	2.11.3
3.4.15	named	com.expediagroup	beekeeper-vacuum-tool	2023-01-04T14:32:15Z	2.11.4
6.4.5	named	com.perimeterx	perimeterx-sdk	2023-01-11T16:55:34Z	2.11.4
2.2.0	named	com.intel.analytics.bigdl	bigdl-dllib-spark_3.1.3	2023-01-17T09:37:28Z	2.14.1
2.2.0	named	com.intel.analytics.bigdl	bigdl-assembly-spark_3.1.3	2023-01-17T09:38:53Z	2.14.1
2.2.0	named	com.intel.analytics.bigdl	bigdl-assembly-spark_2.4.6	2023-01-17T10:07:21Z	2.14.1
2.2.0	named	com.intel.analytics.bigdl	bigdl-dllib-spark_2.4.6	2023-01-17T10:07:49Z	2.14.1
3.5.5	named	org.apache.tinkerpop	gremlin-test	2023-01-19T18:11:09Z	2.14.0
2023.1.1	named	com.checkmarx	cx-client-common	2023-01-23T15:19:26Z	2.11.3
2023.1.7	named	com.checkmarx	cx-client-common	2023-01-31T06:13:21Z	2.11.3
2.0.1	named	net.welen.jmole	jmole-protocol-cloudwatch	2023-02-06T18:56:35Z	2.12.7.1
5.2.2	named	com.hazelcast.jet	hazelcast-jet-cdc-mysql	2023-02-15T09:06:33Z	2.13.4.2
5.2.2	named	com.hazelcast.jet	hazelcast-jet-cdc-postgres	2023-02-15T09:07:11Z	2.13.4.2
4.12	named	eu.stamp-project	test-runner	2023-02-21T21:42:49Z	2.11.2
1.0.6	named	com.github.spoonlabs	flacoco	2023-02-22T09:49:09Z	2.12.4
5.3.0-BETA-1	named	com.hazelcast.jet	hazelcast-jet-cdc-mysql	2023-03-16T10:11:15Z	2.14.2
5.3.0-BETA-1	named	com.hazelcast.jet	hazelcast-jet-cdc-postgres	2023-03-16T10:11:51Z	2.14.2
1.46	named	org.nanopub	nanopub	2023-03-21T10:06:11Z	2.11.4
5.2.3	named	com.hazelcast.jet	hazelcast-jet-cdc-postgres	2023-03-23T12:57:35Z	2.14.2
5.2.3	named	com.hazelcast.jet	hazelcast-jet-cdc-mysql	2023-03-23T12:59:01Z	2.14.2
1.0.1	named	io.axual.connect.plugins.http	http-sink-connector	2023-03-24T09:29:18Z	2.11.1
1.47	named	org.nanopub	nanopub	2023-03-29T08:16:59Z	2.11.4
4.13	named	eu.stamp-project	test-runner	2023-04-04T13:23:59Z	2.11.2
6.5.0	named	com.perimeterx	perimeterx-sdk	2023-04-04T15:21:05Z	2.11.4
5.3.0-BETA-2	named	com.hazelcast.jet	hazelcast-jet-cdc-mysql	2023-04-12T10:32:36Z	2.14.2
5.3.0-BETA-2	named	com.hazelcast.jet	hazelcast-jet-cdc-postgres	2023-04-12T10:32:58Z	2.14.2
1.0.7	named	dev.parodos	workflow-examples	2023-04-12T15:59:30Z	2.12.6.1
1.2.0.1-B2	named	io.mosip.biosdk	biosdk-client	2023-04-14T12:18:27Z	2.11.3
1.0.8	named	dev.parodos	workflow-examples	2023-04-19T16:10:45Z	2.12.6.1
1.0.8-1	named	dev.parodos	workflow-examples	2023-04-19T20:25:54Z	2.12.6.1
1.0.8-2	named	dev.parodos	workflow-examples	2023-04-20T07:23:58Z	2.12.6.1
1.0.8-3	named	dev.parodos	workflow-examples	2023-04-22T07:41:26Z	2.12.6.1
2.3.0	named	com.intel.analytics.bigdl	bigdl-assembly-spark_3.1.3	2023-04-23T05:15:09Z	2.14.1
2.3.0	named	com.intel.analytics.bigdl	bigdl-dllib-spark_3.1.3	2023-04-23T05:16:35Z	2.14.1
2.3.0	named	com.intel.analytics.bigdl	bigdl-dllib-spark_2.4.6	2023-04-23T05:37:21Z	2.14.1
2.3.0	named	com.intel.analytics.bigdl	bigdl-assembly-spark_2.4.6	2023-04-23T05:38:59Z	2.14.1
1.0.9	named	dev.parodos	workflow-examples	2023-04-28T15:06:49Z	2.12.6.1
6.6.0	named	com.perimeterx	perimeterx-sdk	2023-04-30T12:53:11Z	2.11.4
3.5.6	named	org.apache.tinkerpop	gremlin-test	2023-05-02T01:39:29Z	2.14.0
2.0.20230502.2	named	com.greensqa	gheart.sdk	2023-05-02T20:28:44Z	2.12.1
1.0.10	named	dev.parodos	workflow-examples	2023-05-05T18:39:39Z	2.12.6.1
5.1.6	named	com.hazelcast.jet	hazelcast-jet-hadoop-all	2023-05-10T10:33:18Z	2.14.2
5.1.6	named	com.hazelcast.jet	hazelcast-jet-files-azure	2023-05-10T10:33:21Z	2.14.2
5.1.6	named	com.hazelcast.jet	hazelcast-jet-files-gcs	2023-05-10T10:33:25Z	2.14.2
5.1.6	named	com.hazelcast.jet	hazelcast-jet-cdc-mysql	2023-05-10T10:33:46Z	2.14.2
5.1.6	named	com.hazelcast.jet	hazelcast-jet-cdc-postgres	2023-05-10T10:33:47Z	2.14.2
1.0.11	named	dev.parodos	workflow-examples	2023-05-11T14:52:13Z	2.12.6.1
6.7.0	named	com.perimeterx	perimeterx-sdk	2023-05-11T15:58:30Z	2.11.4
5.3.0	named	com.hazelcast.jet	hazelcast-jet-cdc-postgres	2023-05-18T11:43:20Z	2.14.2
5.3.0	named	com.hazelcast.jet	hazelcast-jet-cdc-mysql	2023-05-18T11:43:21Z	2.14.2
1.0.12	named	dev.parodos	workflow-examples	2023-05-19T14:20:40Z	2.12.6.1
1.0.13	named	dev.parodos	workflow-examples	2023-05-26T15:54:50Z	2.12.6.1
0.2.1	named	org.opencb.oskar	oskar-spark	2023-06-09T00:22:28Z	2.11.4
5.3.1	named	com.hazelcast.jet	hazelcast-jet-cdc-postgres	2023-06-09T08:55:45Z	2.15.2
5.3.1	named	com.hazelcast.jet	hazelcast-jet-cdc-mysql	2023-06-09T08:56:13Z	2.15.2
5.2.4	named	com.hazelcast.jet	hazelcast-jet-cdc-mysql	2023-06-13T12:16:08Z	2.15.2
5.2.4	named	com.hazelcast.jet	hazelcast-jet-cdc-postgres	2023-06-13T12:16:13Z	2.15.2
5.1.7	named	com.hazelcast.jet	hazelcast-jet-cdc-mysql	2023-06-19T13:39:26Z	2.15.2
5.1.7	named	com.hazelcast.jet	hazelcast-jet-cdc-postgres	2023-06-19T13:39:55Z	2.15.2
2.0.20230620.2	named	com.greensqa	gheart.sdk	2023-06-20T15:11:06Z	2.12.1
5.0.5	named	com.hazelcast.jet	hazelcast-jet-cdc-mysql	2023-06-28T13:25:29Z	2.15.2
5.0.5	named	com.hazelcast.jet	hazelcast-jet-cdc-postgres	2023-06-28T13:25:52Z	2.15.2
5.0.5	named	com.hazelcast.jet	hazelcast-jet-s3	2023-06-28T13:25:53Z	2.15.2
3.5.7	named	org.apache.tinkerpop	gremlin-test	2023-08-01T00:58:18Z	2.15.2
1.48	named	org.nanopub	nanopub	2023-08-08T12:22:04Z	2.11.4
1.49	named	org.nanopub	nanopub	2023-08-14T07:42:30Z	2.11.4
1.50	named	org.nanopub	nanopub	2023-08-15T07:37:33Z	2.11.4
5.3.2	named	com.hazelcast.jet	hazelcast-jet-cdc-postgres	2023-08-21T15:15:00Z	2.15.2
5.3.2	named	com.hazelcast.jet	hazelcast-jet-cdc-mysql	2023-08-21T15:15:22Z	2.15.2
6.7.1	named	com.perimeterx	perimeterx-sdk	2023-09-05T07:23:20Z	2.11.4
1.51	named	org.nanopub	nanopub	2023-09-06T08:32:43Z	2.11.4
1.52	named	org.nanopub	nanopub	2023-09-25T09:15:58Z	2.11.4
1.2.2	named	org.apache.iotdb	flink-sql-iotdb-connector	2023-10-11T09:49:59Z	2.13.4.2
6.8.0	named	com.perimeterx	perimeterx-sdk	2023-10-18T08:22:21Z	2.11.4
5.3.4	named	com.hazelcast.jet	hazelcast-jet-cdc-mysql	2023-10-20T17:03:10Z	2.15.2
5.3.4	named	com.hazelcast.jet	hazelcast-jet-cdc-postgres	2023-10-20T17:03:24Z	2.15.2
6.8.1	named	com.perimeterx	perimeterx-sdk	2023-10-22T16:41:44Z	2.11.4
5.3.5	named	com.hazelcast.jet	hazelcast-jet-cdc-postgres	2023-10-24T14:31:05Z	2.15.2
5.3.5	named	com.hazelcast.jet	hazelcast-jet-cdc-mysql	2023-10-24T14:31:27Z	2.15.2
0.22.3	named	com.jcabi	jcabi-dynamo	2023-11-05T05:30:03Z	2.12.7.1
6.9.0	named	com.perimeterx	perimeterx-sdk	2023-11-08T18:32:50Z	2.11.4
0.22.4	named	com.jcabi	jcabi-dynamo	2023-11-09T04:07:19Z	2.12.7.1
2.4.0	named	com.intel.analytics.bigdl	bigdl-assembly-spark_3.1.3	2023-11-09T08:42:23Z	2.15.3
2.4.0	named	com.intel.analytics.bigdl	bigdl-dllib-spark_3.1.3	2023-11-09T08:44:31Z	2.15.3
2.4.0	named	com.intel.analytics.bigdl	bigdl-assembly-spark_2.4.6	2023-11-09T09:09:48Z	2.15.3
2.4.0	named	com.intel.analytics.bigdl	bigdl-dllib-spark_2.4.6	2023-11-09T09:11:24Z	2.15.3
5.3.6	named	com.hazelcast.jet	hazelcast-jet-cdc-postgres	2023-11-09T13:33:12Z	2.15.2
5.3.6	named	com.hazelcast.jet	hazelcast-jet-cdc-mysql	2023-11-09T13:33:37Z	2.15.2
6.9.1	named	com.perimeterx	perimeterx-sdk	2023-11-13T13:33:40Z	2.11.4
6.9.2	named	com.perimeterx	perimeterx-sdk	2023-11-15T11:24:25Z	2.11.4
6.9.3	named	com.perimeterx	perimeterx-sdk	2023-11-16T12:13:32Z	2.11.4
2.0.2	named	net.welen.jmole	jmole-protocol-cloudwatch	2023-11-18T21:32:31Z	2.12.7.1
3.5.8	named	org.apache.tinkerpop	gremlin-test	2023-11-20T22:56:32Z	2.15.2
6.9.4	named	com.perimeterx	perimeterx-sdk	2023-11-21T20:55:57Z	2.11.4
6.9.5	named	com.perimeterx	perimeterx-sdk	2023-11-23T12:18:41Z	2.11.4
1.53	named	org.nanopub	nanopub	2023-12-05T12:59:57Z	2.11.4
1.54	named	org.nanopub	nanopub	2023-12-15T07:57:55Z	2.11.4
1.55	named	org.nanopub	nanopub	2023-12-15T08:50:34Z	2.11.4
1.2.0.1-B3	named	io.mosip.biosdk	biosdk-client	2023-12-19T14:45:31Z	2.11.3
6.10.0	named	com.perimeterx	perimeterx-sdk	2023-12-28T14:53:16Z	2.11.4
0.0.2	named	es.iacsoft	smoking	2024-01-23T19:50:12Z	2.11.4
0.0.3	named	es.iacsoft	smoking	2024-01-29T22:29:12Z	2.11.4
0.0.4	named	es.iacsoft	smoking	2024-02-07T10:27:59Z	2.11.4
0.0.5	named	es.iacsoft	smoking	2024-02-08T07:24:32Z	2.11.4
0.0.6	named	es.iacsoft	smoking	2024-02-11T18:56:20Z	2.11.4
6.11.0	named	com.perimeterx	perimeterx-sdk	2024-02-18T12:11:22Z	2.11.4
5.2.5	named	com.hazelcast.jet	hazelcast-jet-cdc-postgres	2024-02-23T13:37:20Z	2.15.2
5.2.5	named	com.hazelcast.jet	hazelcast-jet-cdc-mysql	2024-02-23T13:37:23Z	2.15.2
6.12.0	named	com.perimeterx	perimeterx-sdk	2024-02-25T15:37:17Z	2.11.4
0.0.7	named	es.iacsoft	smoking	2024-02-27T22:21:28Z	2.11.4
1.56	named	org.nanopub	nanopub	2024-03-18T12:28:41Z	2.11.4
0.0.8	named	es.iacsoft	smoking	2024-03-18T14:41:48Z	2.11.4
0.0.9	named	es.iacsoft	smoking	2024-03-19T17:17:21Z	2.11.4
6.13.0	named	com.perimeterx	perimeterx-sdk	2024-03-27T13:10:13Z	2.11.4
0.0.10	named	es.iacsoft	smoking	2024-04-04T08:52:41Z	2.11.4
7.11.0	named	com.mirakl	mmp-sdk-shop	2024-07-16T13:21:45Z	2.16.1
7.11.0	named	com.mirakl	mci-sdk-shop	2024-07-16T13:21:46Z	2.16.1
7.12.0	named	com.mirakl	mci-sdk-shop	2024-07-19T15:26:09Z	2.16.1
7.12.0	named	com.mirakl	mmp-sdk-shop	2024-07-19T15:26:10Z	2.16.1
7.13.0	named	com.mirakl	mci-sdk-shop	2024-08-12T13:06:32Z	2.16.1
7.13.0	named	com.mirakl	mmp-sdk-shop	2024-08-12T13:06:32Z	2.16.1
7.14.0	named	com.mirakl	mmp-sdk-shop	2024-08-19T13:07:42Z	2.16.1
7.14.0	named	com.mirakl	mci-sdk-shop	2024-08-19T13:07:43Z	2.16.1
1.0.11	named	com.hyperscience	saas-client	2024-08-29T13:47:18Z	2.12.7
0.2.0	named	com.tigergraph	tigergraph-spark-connector	2024-09-03T13:09:36Z	2.15.2
7.15.0	named	com.mirakl	mci-sdk-shop	2024-09-09T12:32:21Z	2.16.1
7.15.0	named	com.mirakl	mmp-sdk-shop	2024-09-09T12:32:21Z	2.16.1
1.2.19	named	org.wso2.am.analytics.publisher	org.wso2.am.analytics.publisher.client	2024-09-13T03:50:01Z	2.12.7.1
6.14.1	named	com.perimeterx	perimeterx-sdk	2024-11-12T13:36:26Z	2.11.4
1.0.29	named	com.streamlake	kuaishou-vod-open-sdk-java	2024-11-28T03:14:57Z	2.12.6
4.14	named	eu.stamp-project	test-runner	2024-12-09T21:25:18Z	2.11.2
4.15	named	eu.stamp-project	test-runner	2024-12-12T11:14:30Z	2.11.2
2.0.3	named	net.welen.jmole	jmole-protocol-cloudwatch	2024-12-17T18:48:40Z	2.12.7.1
2.0.4	named	net.welen.jmole	jmole-protocol-cloudwatch	2025-02-04T21:20:38Z	2.12.7.1
6.14.2	named	com.perimeterx	perimeterx-sdk	2025-06-15T11:33:23Z	2.11.4
6.15.0	named	com.perimeterx	perimeterx-sdk	2025-09-04T10:30:30Z	2.11.4
6.15.1	named	com.perimeterx	perimeterx-sdk	2025-09-08T15:16:13Z	2.11.4
1.0.30	named	com.streamlake	kuaishou-vod-open-sdk-java	2025-11-12T09:57:03Z	2.12.6
1.0.31	named	com.streamlake	kuaishou-vod-open-sdk-java	2025-12-19T06:24:57Z	2.12.6
1.0.32	named	com.streamlake	kuaishou-vod-open-sdk-java	2026-01-28T10:10:52Z	2.12.6
1.2.17.2	named	org.wso2.am.analytics.publisher	org.wso2.am.analytics.publisher.client	2026-02-05T15:23:36Z	2.12.7.1
1.2.17.3	named	org.wso2.am.analytics.publisher	org.wso2.am.analytics.publisher.client	2026-02-06T01:32:56Z	2.12.7.1
1.2.17.4	named	org.wso2.am.analytics.publisher	org.wso2.am.analytics.publisher.client	2026-02-09T11:51:19Z	2.12.7.1
1.2.17.5	named	org.wso2.am.analytics.publisher	org.wso2.am.analytics.publisher.client	2026-02-10T10:22:25Z	2.12.7.1
1.2.17.6	named	org.wso2.am.analytics.publisher	org.wso2.am.analytics.publisher.client	2026-02-11T21:58:15Z	2.12.7.1
1.2.17.7	named	org.wso2.am.analytics.publisher	org.wso2.am.analytics.publisher.client	2026-02-12T17:15:19Z	2.12.7.1
1.2.17.8	named	org.wso2.am.analytics.publisher	org.wso2.am.analytics.publisher.client	2026-02-26T03:31:09Z	2.12.7.1
1.2.17.9	named	org.wso2.am.analytics.publisher	org.wso2.am.analytics.publisher.client	2026-03-05T07:25:40Z	2.12.7.1
1.2.17.10	named	org.wso2.am.analytics.publisher	org.wso2.am.analytics.publisher.client	2026-03-12T10:52:19Z	2.12.7.1
1.2.17.11	named	org.wso2.am.analytics.publisher	org.wso2.am.analytics.publisher.client	2026-03-19T05:25:00Z	2.12.7.1
1.2.17.13	named	org.wso2.am.analytics.publisher	org.wso2.am.analytics.publisher.client	2026-03-24T08:11:56Z	2.12.7.1
1.2.17.14	named	org.wso2.am.analytics.publisher	org.wso2.am.analytics.publisher.client	2026-03-27T05:28:51Z	2.12.7.1
1.0.0	named	io.github.xiippy	posecomsdk.light	2026-05-05T12:59:27Z	2.15.2
1.0.0	named	io.github.xiippy	nexoterminalsdk	2026-05-05T14:20:12Z	2.17.1
1.0.33	named	com.streamlake	kuaishou-vod-open-sdk-java	2026-05-25T06:19:43Z	2.12.6
6.17.0	named	com.perimeterx	perimeterx-sdk	2026-05-26T08:58:51Z	2.11.4
6.17.0	named	com.perimeterx	perimeterx-sdk-jakarta	2026-05-26T08:58:51Z	2.11.4
6.17.1	named	com.perimeterx	perimeterx-sdk	2026-06-29T11:52:51Z	2.11.4
6.17.1	named	com.perimeterx	perimeterx-sdk-jakarta	2026-06-29T11:52:51Z	2.11.4
1.2.17.15	named	org.wso2.am.analytics.publisher	org.wso2.am.analytics.publisher.client	2026-07-22T05:29:29Z	2.12.7.1
