2.2.18-1.127.0-rc1		2023-10-18T19:41:12Z	IOException: Tail request on https://maven-central.storage-download.googleapis.com/maven2/com/palantir/cassandra/palantir-cassandra/2.2.18-1.127.0-rc1/palantir-cassandra-2.2.18-1.127.0-rc1.jar returned status 404
2.2.18-1.128.0		2023-10-23T18:43:08Z	IOException: Tail request on https://maven-central.storage-download.googleapis.com/maven2/com/palantir/cassandra/palantir-cassandra/2.2.18-1.128.0/palantir-cassandra-2.2.18-1.128.0.jar returned status 404
2.2.18-1.128.0-rc2		2023-10-24T04:58:00Z	IOException: Tail request on https://maven-central.storage-download.googleapis.com/maven2/com/palantir/cassandra/palantir-cassandra/2.2.18-1.128.0-rc2/palantir-cassandra-2.2.18-1.128.0-rc2.jar returned status 404
2.2.18-1.128.0-rc3		2023-10-24T20:37:22Z	IOException: Tail request on https://maven-central.storage-download.googleapis.com/maven2/com/palantir/cassandra/palantir-cassandra/2.2.18-1.128.0-rc3/palantir-cassandra-2.2.18-1.128.0-rc3.jar returned status 404
2.2.18-1.128.0-rc4		2023-10-25T17:44:02Z	IOException: Tail request on https://maven-central.storage-download.googleapis.com/maven2/com/palantir/cassandra/palantir-cassandra/2.2.18-1.128.0-rc4/palantir-cassandra-2.2.18-1.128.0-rc4.jar returned status 404
2.2.18-1.128.0-rc5		2023-12-27T15:32:42Z	IOException: Tail request on https://maven-central.storage-download.googleapis.com/maven2/com/palantir/cassandra/palantir-cassandra/2.2.18-1.128.0-rc5/palantir-cassandra-2.2.18-1.128.0-rc5.jar returned status 404
2.2.18-1.128.0-rc6		2023-12-28T06:54:59Z	IOException: Tail request on https://maven-central.storage-download.googleapis.com/maven2/com/palantir/cassandra/palantir-cassandra/2.2.18-1.128.0-rc6/palantir-cassandra-2.2.18-1.128.0-rc6.jar returned status 404
2.2.18-1.129.0		2023-10-31T02:14:26Z	IOException: Tail request on https://maven-central.storage-download.googleapis.com/maven2/com/palantir/cassandra/palantir-cassandra/2.2.18-1.129.0/palantir-cassandra-2.2.18-1.129.0.jar returned status 404
2.2.18-1.129.0-rc1		2023-10-26T20:28:40Z	IOException: Tail request on https://maven-central.storage-download.googleapis.com/maven2/com/palantir/cassandra/palantir-cassandra/2.2.18-1.129.0-rc1/palantir-cassandra-2.2.18-1.129.0-rc1.jar returned status 404
2.2.18-1.130.0		2023-11-03T14:43:47Z	IOException: Tail request on https://maven-central.storage-download.googleapis.com/maven2/com/palantir/cassandra/palantir-cassandra/2.2.18-1.130.0/palantir-cassandra-2.2.18-1.130.0.jar returned status 404
2.2.18-1.131.0		2023-11-03T20:16:12Z	IOException: Tail request on https://maven-central.storage-download.googleapis.com/maven2/com/palantir/cassandra/palantir-cassandra/2.2.18-1.131.0/palantir-cassandra-2.2.18-1.131.0.jar returned status 404
2.2.18-1.132.0		2023-11-10T04:46:39Z	IOException: Tail request on https://maven-central.storage-download.googleapis.com/maven2/com/palantir/cassandra/palantir-cassandra/2.2.18-1.132.0/palantir-cassandra-2.2.18-1.132.0.jar returned status 404
2.2.18-1.132.0-rc1		2023-11-07T14:48:52Z	IOException: Tail request on https://maven-central.storage-download.googleapis.com/maven2/com/palantir/cassandra/palantir-cassandra/2.2.18-1.132.0-rc1/palantir-cassandra-2.2.18-1.132.0-rc1.jar returned status 404
2.2.18-1.132.0-rc2		2023-11-08T17:49:51Z	IOException: Tail request on https://maven-central.storage-download.googleapis.com/maven2/com/palantir/cassandra/palantir-cassandra/2.2.18-1.132.0-rc2/palantir-cassandra-2.2.18-1.132.0-rc2.jar returned status 404
2.2.18-1.133.0		2023-11-20T15:05:35Z	IOException: Tail request on https://maven-central.storage-download.googleapis.com/maven2/com/palantir/cassandra/palantir-cassandra/2.2.18-1.133.0/palantir-cassandra-2.2.18-1.133.0.jar returned status 404
2.2.18-1.133.0-rc1		2023-11-16T14:35:09Z	IOException: Tail request on https://maven-central.storage-download.googleapis.com/maven2/com/palantir/cassandra/palantir-cassandra/2.2.18-1.133.0-rc1/palantir-cassandra-2.2.18-1.133.0-rc1.jar returned status 404
2.2.18-1.134.0		2023-11-22T04:31:35Z	IOException: Tail request on https://maven-central.storage-download.googleapis.com/maven2/com/palantir/cassandra/palantir-cassandra/2.2.18-1.134.0/palantir-cassandra-2.2.18-1.134.0.jar returned status 404
2.2.18-1.134.0-rc2		2023-11-20T21:44:36Z	IOException: Tail request on https://maven-central.storage-download.googleapis.com/maven2/com/palantir/cassandra/palantir-cassandra/2.2.18-1.134.0-rc2/palantir-cassandra-2.2.18-1.134.0-rc2.jar returned status 404
2.2.18-1.135.0		2023-11-29T04:02:12Z	IOException: Tail request on https://maven-central.storage-download.googleapis.com/maven2/com/palantir/cassandra/palantir-cassandra/2.2.18-1.135.0/palantir-cassandra-2.2.18-1.135.0.jar returned status 404
2.2.18-1.135.0-rc1		2023-11-28T04:34:28Z	IOException: Tail request on https://maven-central.storage-download.googleapis.com/maven2/com/palantir/cassandra/palantir-cassandra/2.2.18-1.135.0-rc1/palantir-cassandra-2.2.18-1.135.0-rc1.jar returned status 404
2.2.18-1.136.0		2024-01-29T21:44:54Z	IOException: Tail request on https://maven-central.storage-download.googleapis.com/maven2/com/palantir/cassandra/palantir-cassandra/2.2.18-1.136.0/palantir-cassandra-2.2.18-1.136.0.jar returned status 404
2.2.18-1.136.0-rc1		2024-01-03T14:05:24Z	IOException: Tail request on https://maven-central.storage-download.googleapis.com/maven2/com/palantir/cassandra/palantir-cassandra/2.2.18-1.136.0-rc1/palantir-cassandra-2.2.18-1.136.0-rc1.jar returned status 404
2.2.18-1.136.0-rc2		2024-01-05T14:21:39Z	IOException: Tail request on https://maven-central.storage-download.googleapis.com/maven2/com/palantir/cassandra/palantir-cassandra/2.2.18-1.136.0-rc2/palantir-cassandra-2.2.18-1.136.0-rc2.jar returned status 404
2.2.18-1.137.0		2024-02-09T20:03:27Z	IOException: Tail request on https://maven-central.storage-download.googleapis.com/maven2/com/palantir/cassandra/palantir-cassandra/2.2.18-1.137.0/palantir-cassandra-2.2.18-1.137.0.jar returned status 404
2.2.18-1.137.0-rc2		2024-01-04T21:08:57Z	IOException: Tail request on https://maven-central.storage-download.googleapis.com/maven2/com/palantir/cassandra/palantir-cassandra/2.2.18-1.137.0-rc2/palantir-cassandra-2.2.18-1.137.0-rc2.jar returned status 404
2.2.18-1.137.0-rc3		2024-02-02T13:39:54Z	IOException: Tail request on https://maven-central.storage-download.googleapis.com/maven2/com/palantir/cassandra/palantir-cassandra/2.2.18-1.137.0-rc3/palantir-cassandra-2.2.18-1.137.0-rc3.jar returned status 404
2.2.18-1.137.0-rc4		2024-02-02T17:22:12Z	IOException: Tail request on https://maven-central.storage-download.googleapis.com/maven2/com/palantir/cassandra/palantir-cassandra/2.2.18-1.137.0-rc4/palantir-cassandra-2.2.18-1.137.0-rc4.jar returned status 404
2.2.18-1.137.0-rc5		2024-02-08T23:48:51Z	IOException: Tail request on https://maven-central.storage-download.googleapis.com/maven2/com/palantir/cassandra/palantir-cassandra/2.2.18-1.137.0-rc5/palantir-cassandra-2.2.18-1.137.0-rc5.jar returned status 404
2.2.18-1.137.0-rc6		2024-02-09T18:36:53Z	IOException: Tail request on https://maven-central.storage-download.googleapis.com/maven2/com/palantir/cassandra/palantir-cassandra/2.2.18-1.137.0-rc6/palantir-cassandra-2.2.18-1.137.0-rc6.jar returned status 404
2.2.18-1.138.0		2024-02-14T19:47:04Z	IOException: Tail request on https://maven-central.storage-download.googleapis.com/maven2/com/palantir/cassandra/palantir-cassandra/2.2.18-1.138.0/palantir-cassandra-2.2.18-1.138.0.jar returned status 404
2.2.18-1.139.0		2024-03-26T18:38:39Z	IOException: Tail request on https://maven-central.storage-download.googleapis.com/maven2/com/palantir/cassandra/palantir-cassandra/2.2.18-1.139.0/palantir-cassandra-2.2.18-1.139.0.jar returned status 404
2.2.18-1.139.0-rc1		2024-02-28T21:11:54Z	IOException: Tail request on https://maven-central.storage-download.googleapis.com/maven2/com/palantir/cassandra/palantir-cassandra/2.2.18-1.139.0-rc1/palantir-cassandra-2.2.18-1.139.0-rc1.jar returned status 404
2.2.18-1.139.0-rc10		2024-03-15T21:02:17Z	IOException: Tail request on https://maven-central.storage-download.googleapis.com/maven2/com/palantir/cassandra/palantir-cassandra/2.2.18-1.139.0-rc10/palantir-cassandra-2.2.18-1.139.0-rc10.jar returned status 404
2.2.18-1.139.0-rc11		2024-03-16T01:23:40Z	IOException: Tail request on https://maven-central.storage-download.googleapis.com/maven2/com/palantir/cassandra/palantir-cassandra/2.2.18-1.139.0-rc11/palantir-cassandra-2.2.18-1.139.0-rc11.jar returned status 404
2.2.18-1.139.0-rc12		2024-03-16T02:50:44Z	IOException: Tail request on https://maven-central.storage-download.googleapis.com/maven2/com/palantir/cassandra/palantir-cassandra/2.2.18-1.139.0-rc12/palantir-cassandra-2.2.18-1.139.0-rc12.jar returned status 404
2.2.18-1.139.0-rc13		2024-03-19T20:21:26Z	IOException: Tail request on https://maven-central.storage-download.googleapis.com/maven2/com/palantir/cassandra/palantir-cassandra/2.2.18-1.139.0-rc13/palantir-cassandra-2.2.18-1.139.0-rc13.jar returned status 404
2.2.18-1.139.0-rc15		2024-03-20T17:53:46Z	IOException: Tail request on https://maven-central.storage-download.googleapis.com/maven2/com/palantir/cassandra/palantir-cassandra/2.2.18-1.139.0-rc15/palantir-cassandra-2.2.18-1.139.0-rc15.jar returned status 404
2.2.18-1.139.0-rc16		2024-03-21T01:28:07Z	IOException: Tail request on https://maven-central.storage-download.googleapis.com/maven2/com/palantir/cassandra/palantir-cassandra/2.2.18-1.139.0-rc16/palantir-cassandra-2.2.18-1.139.0-rc16.jar returned status 404
2.2.18-1.139.0-rc17		2024-03-21T17:21:35Z	IOException: Tail request on https://maven-central.storage-download.googleapis.com/maven2/com/palantir/cassandra/palantir-cassandra/2.2.18-1.139.0-rc17/palantir-cassandra-2.2.18-1.139.0-rc17.jar returned status 404
2.2.18-1.139.0-rc18		2024-03-22T18:29:07Z	IOException: Tail request on https://maven-central.storage-download.googleapis.com/maven2/com/palantir/cassandra/palantir-cassandra/2.2.18-1.139.0-rc18/palantir-cassandra-2.2.18-1.139.0-rc18.jar returned status 404
2.2.18-1.139.0-rc19		2024-03-25T21:57:04Z	IOException: Tail request on https://maven-central.storage-download.googleapis.com/maven2/com/palantir/cassandra/palantir-cassandra/2.2.18-1.139.0-rc19/palantir-cassandra-2.2.18-1.139.0-rc19.jar returned status 404
2.2.18-1.139.0-rc20		2024-03-26T19:37:50Z	IOException: Tail request on https://maven-central.storage-download.googleapis.com/maven2/com/palantir/cassandra/palantir-cassandra/2.2.18-1.139.0-rc20/palantir-cassandra-2.2.18-1.139.0-rc20.jar returned status 404
2.2.18-1.139.0-rc21		2024-03-26T14:38:30Z	IOException: Tail request on https://maven-central.storage-download.googleapis.com/maven2/com/palantir/cassandra/palantir-cassandra/2.2.18-1.139.0-rc21/palantir-cassandra-2.2.18-1.139.0-rc21.jar returned status 404
2.2.18-1.139.0-rc22		2024-04-02T15:46:45Z	IOException: Tail request on https://maven-central.storage-download.googleapis.com/maven2/com/palantir/cassandra/palantir-cassandra/2.2.18-1.139.0-rc22/palantir-cassandra-2.2.18-1.139.0-rc22.jar returned status 404
2.2.18-1.139.0-rc5		2024-03-13T03:26:10Z	IOException: Tail request on https://maven-central.storage-download.googleapis.com/maven2/com/palantir/cassandra/palantir-cassandra/2.2.18-1.139.0-rc5/palantir-cassandra-2.2.18-1.139.0-rc5.jar returned status 404
2.2.18-1.139.0-rc7		2024-03-14T02:03:02Z	IOException: Tail request on https://maven-central.storage-download.googleapis.com/maven2/com/palantir/cassandra/palantir-cassandra/2.2.18-1.139.0-rc7/palantir-cassandra-2.2.18-1.139.0-rc7.jar returned status 404
2.2.18-1.140.0		2024-03-26T20:55:14Z	IOException: Tail request on https://maven-central.storage-download.googleapis.com/maven2/com/palantir/cassandra/palantir-cassandra/2.2.18-1.140.0/palantir-cassandra-2.2.18-1.140.0.jar returned status 404
2.2.18-1.141.0		2024-04-04T05:34:03Z	IOException: Tail request on https://maven-central.storage-download.googleapis.com/maven2/com/palantir/cassandra/palantir-cassandra/2.2.18-1.141.0/palantir-cassandra-2.2.18-1.141.0.jar returned status 404
2.2.18-1.141.0-rc1		2024-03-28T19:19:20Z	IOException: Tail request on https://maven-central.storage-download.googleapis.com/maven2/com/palantir/cassandra/palantir-cassandra/2.2.18-1.141.0-rc1/palantir-cassandra-2.2.18-1.141.0-rc1.jar returned status 404
2.2.18-1.142.0		2024-04-05T22:24:04Z	IOException: Tail request on https://maven-central.storage-download.googleapis.com/maven2/com/palantir/cassandra/palantir-cassandra/2.2.18-1.142.0/palantir-cassandra-2.2.18-1.142.0.jar returned status 404
2.2.18-1.142.0-rc1		2024-04-30T00:50:16Z	IOException: Tail request on https://maven-central.storage-download.googleapis.com/maven2/com/palantir/cassandra/palantir-cassandra/2.2.18-1.142.0-rc1/palantir-cassandra-2.2.18-1.142.0-rc1.jar returned status 404
2.2.18-1.143.0		2024-04-29T23:14:07Z	IOException: Tail request on https://maven-central.storage-download.googleapis.com/maven2/com/palantir/cassandra/palantir-cassandra/2.2.18-1.143.0/palantir-cassandra-2.2.18-1.143.0.jar returned status 404
2.2.18-1.143.0-rc1		2024-04-24T07:02:12Z	IOException: Tail request on https://maven-central.storage-download.googleapis.com/maven2/com/palantir/cassandra/palantir-cassandra/2.2.18-1.143.0-rc1/palantir-cassandra-2.2.18-1.143.0-rc1.jar returned status 404
2.2.18-1.143.0-rc10		2024-04-24T17:43:41Z	IOException: Tail request on https://maven-central.storage-download.googleapis.com/maven2/com/palantir/cassandra/palantir-cassandra/2.2.18-1.143.0-rc10/palantir-cassandra-2.2.18-1.143.0-rc10.jar returned status 404
2.2.18-1.143.0-rc11		2024-04-25T18:42:06Z	IOException: Tail request on https://maven-central.storage-download.googleapis.com/maven2/com/palantir/cassandra/palantir-cassandra/2.2.18-1.143.0-rc11/palantir-cassandra-2.2.18-1.143.0-rc11.jar returned status 404
2.2.18-1.143.0-rc12		2024-04-25T18:43:08Z	IOException: Tail request on https://maven-central.storage-download.googleapis.com/maven2/com/palantir/cassandra/palantir-cassandra/2.2.18-1.143.0-rc12/palantir-cassandra-2.2.18-1.143.0-rc12.jar returned status 404
2.2.18-1.143.0-rc13		2024-04-25T19:48:51Z	IOException: Tail request on https://maven-central.storage-download.googleapis.com/maven2/com/palantir/cassandra/palantir-cassandra/2.2.18-1.143.0-rc13/palantir-cassandra-2.2.18-1.143.0-rc13.jar returned status 404
2.2.18-1.143.0-rc14		2024-04-26T00:11:44Z	IOException: Tail request on https://maven-central.storage-download.googleapis.com/maven2/com/palantir/cassandra/palantir-cassandra/2.2.18-1.143.0-rc14/palantir-cassandra-2.2.18-1.143.0-rc14.jar returned status 404
2.2.18-1.143.0-rc15		2024-04-29T21:41:42Z	IOException: Tail request on https://maven-central.storage-download.googleapis.com/maven2/com/palantir/cassandra/palantir-cassandra/2.2.18-1.143.0-rc15/palantir-cassandra-2.2.18-1.143.0-rc15.jar returned status 404
2.2.18-1.143.0-rc17		2024-05-13T15:12:53Z	IOException: Tail request on https://maven-central.storage-download.googleapis.com/maven2/com/palantir/cassandra/palantir-cassandra/2.2.18-1.143.0-rc17/palantir-cassandra-2.2.18-1.143.0-rc17.jar returned status 404
2.2.18-1.143.0-rc18		2024-05-13T17:40:05Z	IOException: Tail request on https://maven-central.storage-download.googleapis.com/maven2/com/palantir/cassandra/palantir-cassandra/2.2.18-1.143.0-rc18/palantir-cassandra-2.2.18-1.143.0-rc18.jar returned status 404
2.2.18-1.143.0-rc2		2024-04-24T10:18:13Z	IOException: Tail request on https://maven-central.storage-download.googleapis.com/maven2/com/palantir/cassandra/palantir-cassandra/2.2.18-1.143.0-rc2/palantir-cassandra-2.2.18-1.143.0-rc2.jar returned status 404
2.2.18-1.143.0-rc3		2024-04-24T10:19:06Z	IOException: Tail request on https://maven-central.storage-download.googleapis.com/maven2/com/palantir/cassandra/palantir-cassandra/2.2.18-1.143.0-rc3/palantir-cassandra-2.2.18-1.143.0-rc3.jar returned status 404
2.2.18-1.143.0-rc4		2024-04-24T10:40:12Z	IOException: Tail request on https://maven-central.storage-download.googleapis.com/maven2/com/palantir/cassandra/palantir-cassandra/2.2.18-1.143.0-rc4/palantir-cassandra-2.2.18-1.143.0-rc4.jar returned status 404
2.2.18-1.143.0-rc5		2024-04-24T10:42:03Z	IOException: Tail request on https://maven-central.storage-download.googleapis.com/maven2/com/palantir/cassandra/palantir-cassandra/2.2.18-1.143.0-rc5/palantir-cassandra-2.2.18-1.143.0-rc5.jar returned status 404
2.2.18-1.143.0-rc6		2024-04-24T14:21:42Z	IOException: Tail request on https://maven-central.storage-download.googleapis.com/maven2/com/palantir/cassandra/palantir-cassandra/2.2.18-1.143.0-rc6/palantir-cassandra-2.2.18-1.143.0-rc6.jar returned status 404
2.2.18-1.143.0-rc7		2024-04-24T15:42:58Z	IOException: Tail request on https://maven-central.storage-download.googleapis.com/maven2/com/palantir/cassandra/palantir-cassandra/2.2.18-1.143.0-rc7/palantir-cassandra-2.2.18-1.143.0-rc7.jar returned status 404
2.2.18-1.143.0-rc8		2024-04-24T15:44:12Z	IOException: Tail request on https://maven-central.storage-download.googleapis.com/maven2/com/palantir/cassandra/palantir-cassandra/2.2.18-1.143.0-rc8/palantir-cassandra-2.2.18-1.143.0-rc8.jar returned status 404
2.2.18-1.143.0-rc9		2024-04-24T17:41:41Z	IOException: Tail request on https://maven-central.storage-download.googleapis.com/maven2/com/palantir/cassandra/palantir-cassandra/2.2.18-1.143.0-rc9/palantir-cassandra-2.2.18-1.143.0-rc9.jar returned status 404
2.2.18-1.144.0-rc2		2024-04-29T22:05:15Z	IOException: Tail request on https://maven-central.storage-download.googleapis.com/maven2/com/palantir/cassandra/palantir-cassandra/2.2.18-1.144.0-rc2/palantir-cassandra-2.2.18-1.144.0-rc2.jar returned status 404
2.2.18-1.144.0-rc3		2024-04-30T00:10:27Z	IOException: Tail request on https://maven-central.storage-download.googleapis.com/maven2/com/palantir/cassandra/palantir-cassandra/2.2.18-1.144.0-rc3/palantir-cassandra-2.2.18-1.144.0-rc3.jar returned status 404
2.2.18-1.144.0-rc4		2024-05-01T21:52:41Z	IOException: Tail request on https://maven-central.storage-download.googleapis.com/maven2/com/palantir/cassandra/palantir-cassandra/2.2.18-1.144.0-rc4/palantir-cassandra-2.2.18-1.144.0-rc4.jar returned status 404
2.2.18-1.144.0-rc5		2024-05-01T21:53:00Z	IOException: Tail request on https://maven-central.storage-download.googleapis.com/maven2/com/palantir/cassandra/palantir-cassandra/2.2.18-1.144.0-rc5/palantir-cassandra-2.2.18-1.144.0-rc5.jar returned status 404
2.2.18-1.145.0		2024-05-03T16:42:30Z	IOException: Tail request on https://maven-central.storage-download.googleapis.com/maven2/com/palantir/cassandra/palantir-cassandra/2.2.18-1.145.0/palantir-cassandra-2.2.18-1.145.0.jar returned status 404
2.2.18-1.145.0-rc1		2024-05-03T09:01:19Z	IOException: Tail request on https://maven-central.storage-download.googleapis.com/maven2/com/palantir/cassandra/palantir-cassandra/2.2.18-1.145.0-rc1/palantir-cassandra-2.2.18-1.145.0-rc1.jar returned status 404
2.2.18-1.145.0-rc2		2024-05-03T11:31:04Z	IOException: Tail request on https://maven-central.storage-download.googleapis.com/maven2/com/palantir/cassandra/palantir-cassandra/2.2.18-1.145.0-rc2/palantir-cassandra-2.2.18-1.145.0-rc2.jar returned status 404
2.2.18-1.146.0		2024-05-09T21:14:51Z	IOException: Tail request on https://maven-central.storage-download.googleapis.com/maven2/com/palantir/cassandra/palantir-cassandra/2.2.18-1.146.0/palantir-cassandra-2.2.18-1.146.0.jar returned status 404
2.2.18-1.146.0-rc1		2024-05-08T21:12:46Z	IOException: Tail request on https://maven-central.storage-download.googleapis.com/maven2/com/palantir/cassandra/palantir-cassandra/2.2.18-1.146.0-rc1/palantir-cassandra-2.2.18-1.146.0-rc1.jar returned status 404
2.2.18-1.147.0		2024-05-29T01:09:22Z	IOException: Tail request on https://maven-central.storage-download.googleapis.com/maven2/com/palantir/cassandra/palantir-cassandra/2.2.18-1.147.0/palantir-cassandra-2.2.18-1.147.0.jar returned status 404
2.2.18-1.147.0-rc11		2024-05-30T19:31:09Z	IOException: Tail request on https://maven-central.storage-download.googleapis.com/maven2/com/palantir/cassandra/palantir-cassandra/2.2.18-1.147.0-rc11/palantir-cassandra-2.2.18-1.147.0-rc11.jar returned status 404
2.2.18-1.147.0-rc12		2024-05-30T19:33:04Z	IOException: Tail request on https://maven-central.storage-download.googleapis.com/maven2/com/palantir/cassandra/palantir-cassandra/2.2.18-1.147.0-rc12/palantir-cassandra-2.2.18-1.147.0-rc12.jar returned status 404
2.2.18-1.147.0-rc13		2024-05-30T20:55:23Z	IOException: Tail request on https://maven-central.storage-download.googleapis.com/maven2/com/palantir/cassandra/palantir-cassandra/2.2.18-1.147.0-rc13/palantir-cassandra-2.2.18-1.147.0-rc13.jar returned status 404
2.2.18-1.147.0-rc14		2024-05-30T22:00:29Z	IOException: Tail request on https://maven-central.storage-download.googleapis.com/maven2/com/palantir/cassandra/palantir-cassandra/2.2.18-1.147.0-rc14/palantir-cassandra-2.2.18-1.147.0-rc14.jar returned status 404
2.2.18-1.147.0-rc2		2024-05-20T17:50:02Z	IOException: Tail request on https://maven-central.storage-download.googleapis.com/maven2/com/palantir/cassandra/palantir-cassandra/2.2.18-1.147.0-rc2/palantir-cassandra-2.2.18-1.147.0-rc2.jar returned status 404
2.2.18-1.147.0-rc4		2024-05-22T19:53:13Z	IOException: Tail request on https://maven-central.storage-download.googleapis.com/maven2/com/palantir/cassandra/palantir-cassandra/2.2.18-1.147.0-rc4/palantir-cassandra-2.2.18-1.147.0-rc4.jar returned status 404
2.2.18-1.147.0-rc5		2024-05-22T21:08:24Z	IOException: Tail request on https://maven-central.storage-download.googleapis.com/maven2/com/palantir/cassandra/palantir-cassandra/2.2.18-1.147.0-rc5/palantir-cassandra-2.2.18-1.147.0-rc5.jar returned status 404
2.2.18-1.147.0-rc6		2024-05-28T21:17:28Z	IOException: Tail request on https://maven-central.storage-download.googleapis.com/maven2/com/palantir/cassandra/palantir-cassandra/2.2.18-1.147.0-rc6/palantir-cassandra-2.2.18-1.147.0-rc6.jar returned status 404
2.2.18-1.147.0-rc7		2024-05-29T23:28:43Z	IOException: Tail request on https://maven-central.storage-download.googleapis.com/maven2/com/palantir/cassandra/palantir-cassandra/2.2.18-1.147.0-rc7/palantir-cassandra-2.2.18-1.147.0-rc7.jar returned status 404
2.2.18-1.147.0-rc8		2024-05-30T02:32:59Z	IOException: Tail request on https://maven-central.storage-download.googleapis.com/maven2/com/palantir/cassandra/palantir-cassandra/2.2.18-1.147.0-rc8/palantir-cassandra-2.2.18-1.147.0-rc8.jar returned status 404
2.2.18-1.147.0-rc9		2024-05-30T04:20:03Z	IOException: Tail request on https://maven-central.storage-download.googleapis.com/maven2/com/palantir/cassandra/palantir-cassandra/2.2.18-1.147.0-rc9/palantir-cassandra-2.2.18-1.147.0-rc9.jar returned status 404
2.2.18-1.148.0		2024-06-04T17:26:08Z	IOException: Tail request on https://maven-central.storage-download.googleapis.com/maven2/com/palantir/cassandra/palantir-cassandra/2.2.18-1.148.0/palantir-cassandra-2.2.18-1.148.0.jar returned status 404
2.2.18-1.148.0-rc2		2024-06-05T14:52:06Z	IOException: Tail request on https://maven-central.storage-download.googleapis.com/maven2/com/palantir/cassandra/palantir-cassandra/2.2.18-1.148.0-rc2/palantir-cassandra-2.2.18-1.148.0-rc2.jar returned status 404
2.2.18-1.149.0		2024-06-04T21:29:02Z	IOException: Tail request on https://maven-central.storage-download.googleapis.com/maven2/com/palantir/cassandra/palantir-cassandra/2.2.18-1.149.0/palantir-cassandra-2.2.18-1.149.0.jar returned status 404
2.2.18-1.150.0		2024-06-04T22:33:31Z	IOException: Tail request on https://maven-central.storage-download.googleapis.com/maven2/com/palantir/cassandra/palantir-cassandra/2.2.18-1.150.0/palantir-cassandra-2.2.18-1.150.0.jar returned status 404
2.2.18-1.151.0		2024-06-12T15:05:19Z	IOException: Tail request on https://maven-central.storage-download.googleapis.com/maven2/com/palantir/cassandra/palantir-cassandra/2.2.18-1.151.0/palantir-cassandra-2.2.18-1.151.0.jar returned status 404
2.2.18-1.151.0-rc2		2024-06-06T22:24:36Z	IOException: Tail request on https://maven-central.storage-download.googleapis.com/maven2/com/palantir/cassandra/palantir-cassandra/2.2.18-1.151.0-rc2/palantir-cassandra-2.2.18-1.151.0-rc2.jar returned status 404
2.2.18-1.151.0-rc3		2024-06-06T22:27:47Z	IOException: Tail request on https://maven-central.storage-download.googleapis.com/maven2/com/palantir/cassandra/palantir-cassandra/2.2.18-1.151.0-rc3/palantir-cassandra-2.2.18-1.151.0-rc3.jar returned status 404
2.2.18-1.151.0-rc4		2024-06-11T20:19:44Z	IOException: Tail request on https://maven-central.storage-download.googleapis.com/maven2/com/palantir/cassandra/palantir-cassandra/2.2.18-1.151.0-rc4/palantir-cassandra-2.2.18-1.151.0-rc4.jar returned status 404
2.2.18-1.152.0		2024-06-17T20:07:45Z	IOException: Tail request on https://maven-central.storage-download.googleapis.com/maven2/com/palantir/cassandra/palantir-cassandra/2.2.18-1.152.0/palantir-cassandra-2.2.18-1.152.0.jar returned status 404
2.2.18-1.153.0		2024-07-05T00:41:27Z	IOException: Tail request on https://maven-central.storage-download.googleapis.com/maven2/com/palantir/cassandra/palantir-cassandra/2.2.18-1.153.0/palantir-cassandra-2.2.18-1.153.0.jar returned status 404
2.2.18-1.153.0-rc1		2024-06-21T14:32:38Z	IOException: Tail request on https://maven-central.storage-download.googleapis.com/maven2/com/palantir/cassandra/palantir-cassandra/2.2.18-1.153.0-rc1/palantir-cassandra-2.2.18-1.153.0-rc1.jar returned status 404
2.2.18-1.153.0-rc2		2024-06-28T22:28:05Z	IOException: Tail request on https://maven-central.storage-download.googleapis.com/maven2/com/palantir/cassandra/palantir-cassandra/2.2.18-1.153.0-rc2/palantir-cassandra-2.2.18-1.153.0-rc2.jar returned status 404
2.2.18-1.153.0-rc3		2024-07-02T13:22:27Z	IOException: Tail request on https://maven-central.storage-download.googleapis.com/maven2/com/palantir/cassandra/palantir-cassandra/2.2.18-1.153.0-rc3/palantir-cassandra-2.2.18-1.153.0-rc3.jar returned status 404
2.2.18-1.153.0-rc5		2024-07-02T21:50:14Z	IOException: Tail request on https://maven-central.storage-download.googleapis.com/maven2/com/palantir/cassandra/palantir-cassandra/2.2.18-1.153.0-rc5/palantir-cassandra-2.2.18-1.153.0-rc5.jar returned status 404
2.2.18-1.153.0-rc6		2024-07-22T21:31:25Z	IOException: Tail request on https://maven-central.storage-download.googleapis.com/maven2/com/palantir/cassandra/palantir-cassandra/2.2.18-1.153.0-rc6/palantir-cassandra-2.2.18-1.153.0-rc6.jar returned status 404
2.2.18-1.154.0		2024-07-10T15:17:50Z	IOException: Tail request on https://maven-central.storage-download.googleapis.com/maven2/com/palantir/cassandra/palantir-cassandra/2.2.18-1.154.0/palantir-cassandra-2.2.18-1.154.0.jar returned status 404
2.2.18-1.155.0		2024-07-19T21:37:41Z	IOException: Tail request on https://maven-central.storage-download.googleapis.com/maven2/com/palantir/cassandra/palantir-cassandra/2.2.18-1.155.0/palantir-cassandra-2.2.18-1.155.0.jar returned status 404
2.2.18-1.155.0-rc2		2024-07-11T16:45:16Z	IOException: Tail request on https://maven-central.storage-download.googleapis.com/maven2/com/palantir/cassandra/palantir-cassandra/2.2.18-1.155.0-rc2/palantir-cassandra-2.2.18-1.155.0-rc2.jar returned status 404
2.2.18-1.155.0-rc3		2024-07-16T01:06:47Z	IOException: Tail request on https://maven-central.storage-download.googleapis.com/maven2/com/palantir/cassandra/palantir-cassandra/2.2.18-1.155.0-rc3/palantir-cassandra-2.2.18-1.155.0-rc3.jar returned status 404
2.2.18-1.155.0-rc4		2024-07-17T18:31:57Z	IOException: Tail request on https://maven-central.storage-download.googleapis.com/maven2/com/palantir/cassandra/palantir-cassandra/2.2.18-1.155.0-rc4/palantir-cassandra-2.2.18-1.155.0-rc4.jar returned status 404
2.2.18-1.155.1		2024-08-29T22:35:19Z	IOException: Tail request on https://maven-central.storage-download.googleapis.com/maven2/com/palantir/cassandra/palantir-cassandra/2.2.18-1.155.1/palantir-cassandra-2.2.18-1.155.1.jar returned status 404
2.2.18-1.155.2		2024-08-29T23:10:53Z	IOException: Tail request on https://maven-central.storage-download.googleapis.com/maven2/com/palantir/cassandra/palantir-cassandra/2.2.18-1.155.2/palantir-cassandra-2.2.18-1.155.2.jar returned status 404
2.2.18-1.156.0		2024-07-26T15:11:50Z	IOException: Tail request on https://maven-central.storage-download.googleapis.com/maven2/com/palantir/cassandra/palantir-cassandra/2.2.18-1.156.0/palantir-cassandra-2.2.18-1.156.0.jar returned status 404
2.2.18-1.156.0-rc10		2024-09-02T17:27:56Z	IOException: Tail request on https://maven-central.storage-download.googleapis.com/maven2/com/palantir/cassandra/palantir-cassandra/2.2.18-1.156.0-rc10/palantir-cassandra-2.2.18-1.156.0-rc10.jar returned status 404
2.2.18-1.156.0-rc11		2024-09-05T20:48:41Z	IOException: Tail request on https://maven-central.storage-download.googleapis.com/maven2/com/palantir/cassandra/palantir-cassandra/2.2.18-1.156.0-rc11/palantir-cassandra-2.2.18-1.156.0-rc11.jar returned status 404
2.2.18-1.156.0-rc12		2024-09-07T17:47:36Z	IOException: Tail request on https://maven-central.storage-download.googleapis.com/maven2/com/palantir/cassandra/palantir-cassandra/2.2.18-1.156.0-rc12/palantir-cassandra-2.2.18-1.156.0-rc12.jar returned status 404
2.2.18-1.156.0-rc13		2025-03-18T17:58:40Z	IOException: Tail request on https://maven-central.storage-download.googleapis.com/maven2/com/palantir/cassandra/palantir-cassandra/2.2.18-1.156.0-rc13/palantir-cassandra-2.2.18-1.156.0-rc13.jar returned status 404
2.2.18-1.156.0-rc2		2024-07-23T11:40:03Z	IOException: Tail request on https://maven-central.storage-download.googleapis.com/maven2/com/palantir/cassandra/palantir-cassandra/2.2.18-1.156.0-rc2/palantir-cassandra-2.2.18-1.156.0-rc2.jar returned status 404
2.2.18-1.156.0-rc3		2024-07-29T19:06:47Z	IOException: Tail request on https://maven-central.storage-download.googleapis.com/maven2/com/palantir/cassandra/palantir-cassandra/2.2.18-1.156.0-rc3/palantir-cassandra-2.2.18-1.156.0-rc3.jar returned status 404
2.2.18-1.156.0-rc4		2024-08-16T21:21:50Z	IOException: Tail request on https://maven-central.storage-download.googleapis.com/maven2/com/palantir/cassandra/palantir-cassandra/2.2.18-1.156.0-rc4/palantir-cassandra-2.2.18-1.156.0-rc4.jar returned status 404
2.2.18-1.156.0-rc5		2024-08-19T16:08:00Z	IOException: Tail request on https://maven-central.storage-download.googleapis.com/maven2/com/palantir/cassandra/palantir-cassandra/2.2.18-1.156.0-rc5/palantir-cassandra-2.2.18-1.156.0-rc5.jar returned status 404
2.2.18-1.156.0-rc6		2024-08-20T00:23:12Z	IOException: Tail request on https://maven-central.storage-download.googleapis.com/maven2/com/palantir/cassandra/palantir-cassandra/2.2.18-1.156.0-rc6/palantir-cassandra-2.2.18-1.156.0-rc6.jar returned status 404
2.2.18-1.156.0-rc7		2024-08-20T02:33:27Z	IOException: Tail request on https://maven-central.storage-download.googleapis.com/maven2/com/palantir/cassandra/palantir-cassandra/2.2.18-1.156.0-rc7/palantir-cassandra-2.2.18-1.156.0-rc7.jar returned status 404
2.2.18-1.156.0-rc8		2024-08-20T05:49:33Z	IOException: Tail request on https://maven-central.storage-download.googleapis.com/maven2/com/palantir/cassandra/palantir-cassandra/2.2.18-1.156.0-rc8/palantir-cassandra-2.2.18-1.156.0-rc8.jar returned status 404
2.2.18-1.157.0		2024-08-20T08:16:45Z	IOException: Tail request on https://maven-central.storage-download.googleapis.com/maven2/com/palantir/cassandra/palantir-cassandra/2.2.18-1.157.0/palantir-cassandra-2.2.18-1.157.0.jar returned status 404
2.2.18-1.157.0-rc1		2024-08-08T05:09:31Z	IOException: Tail request on https://maven-central.storage-download.googleapis.com/maven2/com/palantir/cassandra/palantir-cassandra/2.2.18-1.157.0-rc1/palantir-cassandra-2.2.18-1.157.0-rc1.jar returned status 404
2.2.18-1.157.0-rc2		2024-08-09T02:08:33Z	IOException: Tail request on https://maven-central.storage-download.googleapis.com/maven2/com/palantir/cassandra/palantir-cassandra/2.2.18-1.157.0-rc2/palantir-cassandra-2.2.18-1.157.0-rc2.jar returned status 404
2.2.18-1.157.0-rc3		2024-08-20T23:13:43Z	IOException: Tail request on https://maven-central.storage-download.googleapis.com/maven2/com/palantir/cassandra/palantir-cassandra/2.2.18-1.157.0-rc3/palantir-cassandra-2.2.18-1.157.0-rc3.jar returned status 404
2.2.18-1.158.0		2024-08-23T00:27:15Z	IOException: Tail request on https://maven-central.storage-download.googleapis.com/maven2/com/palantir/cassandra/palantir-cassandra/2.2.18-1.158.0/palantir-cassandra-2.2.18-1.158.0.jar returned status 404
2.2.18-1.158.0-rc2		2024-08-24T23:07:38Z	IOException: Tail request on https://maven-central.storage-download.googleapis.com/maven2/com/palantir/cassandra/palantir-cassandra/2.2.18-1.158.0-rc2/palantir-cassandra-2.2.18-1.158.0-rc2.jar returned status 404
2.2.18-1.158.0-rc3		2024-08-26T14:00:55Z	IOException: Tail request on https://maven-central.storage-download.googleapis.com/maven2/com/palantir/cassandra/palantir-cassandra/2.2.18-1.158.0-rc3/palantir-cassandra-2.2.18-1.158.0-rc3.jar returned status 404
2.2.18-1.158.0-rc4		2024-08-30T03:58:50Z	IOException: Tail request on https://maven-central.storage-download.googleapis.com/maven2/com/palantir/cassandra/palantir-cassandra/2.2.18-1.158.0-rc4/palantir-cassandra-2.2.18-1.158.0-rc4.jar returned status 404
2.2.18-1.159.0		2024-08-23T00:47:13Z	IOException: Tail request on https://maven-central.storage-download.googleapis.com/maven2/com/palantir/cassandra/palantir-cassandra/2.2.18-1.159.0/palantir-cassandra-2.2.18-1.159.0.jar returned status 404
2.2.18-1.160.0		2024-08-27T20:48:54Z	IOException: Tail request on https://maven-central.storage-download.googleapis.com/maven2/com/palantir/cassandra/palantir-cassandra/2.2.18-1.160.0/palantir-cassandra-2.2.18-1.160.0.jar returned status 404
2.2.18-1.160.0-rc1		2024-08-28T21:55:01Z	IOException: Tail request on https://maven-central.storage-download.googleapis.com/maven2/com/palantir/cassandra/palantir-cassandra/2.2.18-1.160.0-rc1/palantir-cassandra-2.2.18-1.160.0-rc1.jar returned status 404
2.2.18-1.161.0		2024-09-09T20:44:59Z	IOException: Tail request on https://maven-central.storage-download.googleapis.com/maven2/com/palantir/cassandra/palantir-cassandra/2.2.18-1.161.0/palantir-cassandra-2.2.18-1.161.0.jar returned status 404
2.2.18-1.161.0-rc1		2024-08-29T20:47:30Z	IOException: Tail request on https://maven-central.storage-download.googleapis.com/maven2/com/palantir/cassandra/palantir-cassandra/2.2.18-1.161.0-rc1/palantir-cassandra-2.2.18-1.161.0-rc1.jar returned status 404
2.2.18-1.161.0-rc4		2024-08-29T23:13:52Z	IOException: Tail request on https://maven-central.storage-download.googleapis.com/maven2/com/palantir/cassandra/palantir-cassandra/2.2.18-1.161.0-rc4/palantir-cassandra-2.2.18-1.161.0-rc4.jar returned status 404
2.2.18-1.161.0-rc6		2024-09-03T22:53:35Z	IOException: Tail request on https://maven-central.storage-download.googleapis.com/maven2/com/palantir/cassandra/palantir-cassandra/2.2.18-1.161.0-rc6/palantir-cassandra-2.2.18-1.161.0-rc6.jar returned status 404
2.2.18-1.161.0-rc8		2024-09-04T19:14:17Z	IOException: Tail request on https://maven-central.storage-download.googleapis.com/maven2/com/palantir/cassandra/palantir-cassandra/2.2.18-1.161.0-rc8/palantir-cassandra-2.2.18-1.161.0-rc8.jar returned status 404
2.2.18-1.161.0-rc9		2024-09-10T15:04:32Z	IOException: Tail request on https://maven-central.storage-download.googleapis.com/maven2/com/palantir/cassandra/palantir-cassandra/2.2.18-1.161.0-rc9/palantir-cassandra-2.2.18-1.161.0-rc9.jar returned status 404
2.2.18-1.162.0		2024-09-17T16:36:45Z	IOException: Tail request on https://maven-central.storage-download.googleapis.com/maven2/com/palantir/cassandra/palantir-cassandra/2.2.18-1.162.0/palantir-cassandra-2.2.18-1.162.0.jar returned status 404
2.2.18-1.163.0		2024-09-27T13:54:06Z	IOException: Tail request on https://maven-central.storage-download.googleapis.com/maven2/com/palantir/cassandra/palantir-cassandra/2.2.18-1.163.0/palantir-cassandra-2.2.18-1.163.0.jar returned status 404
2.2.18-1.163.0-rc1		2024-09-20T13:46:02Z	IOException: Tail request on https://maven-central.storage-download.googleapis.com/maven2/com/palantir/cassandra/palantir-cassandra/2.2.18-1.163.0-rc1/palantir-cassandra-2.2.18-1.163.0-rc1.jar returned status 404
2.2.18-1.163.0-rc10		2024-10-09T14:21:29Z	IOException: Tail request on https://maven-central.storage-download.googleapis.com/maven2/com/palantir/cassandra/palantir-cassandra/2.2.18-1.163.0-rc10/palantir-cassandra-2.2.18-1.163.0-rc10.jar returned status 404
2.2.18-1.163.0-rc2		2024-09-23T03:06:01Z	IOException: Tail request on https://maven-central.storage-download.googleapis.com/maven2/com/palantir/cassandra/palantir-cassandra/2.2.18-1.163.0-rc2/palantir-cassandra-2.2.18-1.163.0-rc2.jar returned status 404
2.2.18-1.163.0-rc4		2024-09-23T05:23:02Z	IOException: Tail request on https://maven-central.storage-download.googleapis.com/maven2/com/palantir/cassandra/palantir-cassandra/2.2.18-1.163.0-rc4/palantir-cassandra-2.2.18-1.163.0-rc4.jar returned status 404
2.2.18-1.163.0-rc5		2024-09-25T00:01:19Z	IOException: Tail request on https://maven-central.storage-download.googleapis.com/maven2/com/palantir/cassandra/palantir-cassandra/2.2.18-1.163.0-rc5/palantir-cassandra-2.2.18-1.163.0-rc5.jar returned status 404
2.2.18-1.163.0-rc6		2024-10-03T02:39:47Z	IOException: Tail request on https://maven-central.storage-download.googleapis.com/maven2/com/palantir/cassandra/palantir-cassandra/2.2.18-1.163.0-rc6/palantir-cassandra-2.2.18-1.163.0-rc6.jar returned status 404
2.2.18-1.163.0-rc7		2024-10-07T19:11:44Z	IOException: Tail request on https://maven-central.storage-download.googleapis.com/maven2/com/palantir/cassandra/palantir-cassandra/2.2.18-1.163.0-rc7/palantir-cassandra-2.2.18-1.163.0-rc7.jar returned status 404
2.2.18-1.163.0-rc8		2024-10-07T20:50:28Z	IOException: Tail request on https://maven-central.storage-download.googleapis.com/maven2/com/palantir/cassandra/palantir-cassandra/2.2.18-1.163.0-rc8/palantir-cassandra-2.2.18-1.163.0-rc8.jar returned status 404
2.2.18-1.163.0-rc9		2024-10-08T00:21:29Z	IOException: Tail request on https://maven-central.storage-download.googleapis.com/maven2/com/palantir/cassandra/palantir-cassandra/2.2.18-1.163.0-rc9/palantir-cassandra-2.2.18-1.163.0-rc9.jar returned status 404
2.2.18-1.164.0		2024-10-08T20:50:45Z	IOException: Tail request on https://maven-central.storage-download.googleapis.com/maven2/com/palantir/cassandra/palantir-cassandra/2.2.18-1.164.0/palantir-cassandra-2.2.18-1.164.0.jar returned status 404
2.2.18-1.165.0		2024-10-10T15:37:26Z	IOException: Tail request on https://maven-central.storage-download.googleapis.com/maven2/com/palantir/cassandra/palantir-cassandra/2.2.18-1.165.0/palantir-cassandra-2.2.18-1.165.0.jar returned status 404
2.2.18-1.165.0-rc1		2024-10-08T21:06:46Z	IOException: Tail request on https://maven-central.storage-download.googleapis.com/maven2/com/palantir/cassandra/palantir-cassandra/2.2.18-1.165.0-rc1/palantir-cassandra-2.2.18-1.165.0-rc1.jar returned status 404
2.2.18-1.165.1		2024-10-28T18:37:01Z	IOException: Tail request on https://maven-central.storage-download.googleapis.com/maven2/com/palantir/cassandra/palantir-cassandra/2.2.18-1.165.1/palantir-cassandra-2.2.18-1.165.1.jar returned status 404
2.2.18-1.165.2		2024-10-28T19:08:59Z	IOException: Tail request on https://maven-central.storage-download.googleapis.com/maven2/com/palantir/cassandra/palantir-cassandra/2.2.18-1.165.2/palantir-cassandra-2.2.18-1.165.2.jar returned status 404
2.2.18-1.165.3		2024-10-29T22:24:39Z	IOException: Tail request on https://maven-central.storage-download.googleapis.com/maven2/com/palantir/cassandra/palantir-cassandra/2.2.18-1.165.3/palantir-cassandra-2.2.18-1.165.3.jar returned status 404
2.2.18-1.165.4		2024-10-29T22:26:41Z	IOException: Tail request on https://maven-central.storage-download.googleapis.com/maven2/com/palantir/cassandra/palantir-cassandra/2.2.18-1.165.4/palantir-cassandra-2.2.18-1.165.4.jar returned status 404
2.2.18-1.165.5		2024-11-03T14:11:13Z	IOException: Tail request on https://maven-central.storage-download.googleapis.com/maven2/com/palantir/cassandra/palantir-cassandra/2.2.18-1.165.5/palantir-cassandra-2.2.18-1.165.5.jar returned status 404
2.2.18-1.166.0		2024-10-23T22:47:36Z	IOException: Tail request on https://maven-central.storage-download.googleapis.com/maven2/com/palantir/cassandra/palantir-cassandra/2.2.18-1.166.0/palantir-cassandra-2.2.18-1.166.0.jar returned status 404
2.2.18-1.166.0-rc1		2024-10-21T20:05:47Z	IOException: Tail request on https://maven-central.storage-download.googleapis.com/maven2/com/palantir/cassandra/palantir-cassandra/2.2.18-1.166.0-rc1/palantir-cassandra-2.2.18-1.166.0-rc1.jar returned status 404
2.2.18-1.166.0-rc2		2024-10-24T00:21:08Z	IOException: Tail request on https://maven-central.storage-download.googleapis.com/maven2/com/palantir/cassandra/palantir-cassandra/2.2.18-1.166.0-rc2/palantir-cassandra-2.2.18-1.166.0-rc2.jar returned status 404
2.2.18-1.166.0-rc5		2024-10-24T20:08:13Z	IOException: Tail request on https://maven-central.storage-download.googleapis.com/maven2/com/palantir/cassandra/palantir-cassandra/2.2.18-1.166.0-rc5/palantir-cassandra-2.2.18-1.166.0-rc5.jar returned status 404
2.2.18-1.166.0-rc6		2024-10-25T00:19:01Z	IOException: Tail request on https://maven-central.storage-download.googleapis.com/maven2/com/palantir/cassandra/palantir-cassandra/2.2.18-1.166.0-rc6/palantir-cassandra-2.2.18-1.166.0-rc6.jar returned status 404
2.2.18-1.166.0-rc7		2024-10-28T02:13:49Z	IOException: Tail request on https://maven-central.storage-download.googleapis.com/maven2/com/palantir/cassandra/palantir-cassandra/2.2.18-1.166.0-rc7/palantir-cassandra-2.2.18-1.166.0-rc7.jar returned status 404
2.2.18-1.167.0		2024-10-25T19:00:00Z	IOException: Tail request on https://maven-central.storage-download.googleapis.com/maven2/com/palantir/cassandra/palantir-cassandra/2.2.18-1.167.0/palantir-cassandra-2.2.18-1.167.0.jar returned status 404
2.2.18-1.167.0-rc1		2024-10-24T18:29:55Z	IOException: Tail request on https://maven-central.storage-download.googleapis.com/maven2/com/palantir/cassandra/palantir-cassandra/2.2.18-1.167.0-rc1/palantir-cassandra-2.2.18-1.167.0-rc1.jar returned status 404
2.2.18-1.167.0-rc4		2024-10-26T00:09:12Z	IOException: Tail request on https://maven-central.storage-download.googleapis.com/maven2/com/palantir/cassandra/palantir-cassandra/2.2.18-1.167.0-rc4/palantir-cassandra-2.2.18-1.167.0-rc4.jar returned status 404
2.2.18-1.168.0		2024-10-27T19:10:00Z	IOException: Tail request on https://maven-central.storage-download.googleapis.com/maven2/com/palantir/cassandra/palantir-cassandra/2.2.18-1.168.0/palantir-cassandra-2.2.18-1.168.0.jar returned status 404
2.2.18-1.168.0-rc2		2024-10-25T19:19:28Z	IOException: Tail request on https://maven-central.storage-download.googleapis.com/maven2/com/palantir/cassandra/palantir-cassandra/2.2.18-1.168.0-rc2/palantir-cassandra-2.2.18-1.168.0-rc2.jar returned status 404
2.2.18-1.168.0-rc3		2024-10-25T20:30:26Z	IOException: Tail request on https://maven-central.storage-download.googleapis.com/maven2/com/palantir/cassandra/palantir-cassandra/2.2.18-1.168.0-rc3/palantir-cassandra-2.2.18-1.168.0-rc3.jar returned status 404
2.2.18-1.168.0-rc4		2024-10-25T21:45:37Z	IOException: Tail request on https://maven-central.storage-download.googleapis.com/maven2/com/palantir/cassandra/palantir-cassandra/2.2.18-1.168.0-rc4/palantir-cassandra-2.2.18-1.168.0-rc4.jar returned status 404
2.2.18-1.169.0		2024-10-28T14:02:19Z	IOException: Tail request on https://maven-central.storage-download.googleapis.com/maven2/com/palantir/cassandra/palantir-cassandra/2.2.18-1.169.0/palantir-cassandra-2.2.18-1.169.0.jar returned status 404
2.2.18-1.170.0		2024-11-04T22:05:27Z	IOException: Tail request on https://maven-central.storage-download.googleapis.com/maven2/com/palantir/cassandra/palantir-cassandra/2.2.18-1.170.0/palantir-cassandra-2.2.18-1.170.0.jar returned status 404
2.2.18-1.170.0-rc1		2024-10-28T18:16:09Z	IOException: Tail request on https://maven-central.storage-download.googleapis.com/maven2/com/palantir/cassandra/palantir-cassandra/2.2.18-1.170.0-rc1/palantir-cassandra-2.2.18-1.170.0-rc1.jar returned status 404
2.2.18-1.170.0-rc2		2024-11-04T17:44:01Z	IOException: Tail request on https://maven-central.storage-download.googleapis.com/maven2/com/palantir/cassandra/palantir-cassandra/2.2.18-1.170.0-rc2/palantir-cassandra-2.2.18-1.170.0-rc2.jar returned status 404
2.2.18-1.170.0-rc3		2024-11-08T01:46:59Z	IOException: Tail request on https://maven-central.storage-download.googleapis.com/maven2/com/palantir/cassandra/palantir-cassandra/2.2.18-1.170.0-rc3/palantir-cassandra-2.2.18-1.170.0-rc3.jar returned status 404
2.2.18-1.171.0		2024-11-12T16:22:42Z	IOException: Tail request on https://maven-central.storage-download.googleapis.com/maven2/com/palantir/cassandra/palantir-cassandra/2.2.18-1.171.0/palantir-cassandra-2.2.18-1.171.0.jar returned status 404
2.2.18-1.171.0-rc1		2024-11-06T18:35:28Z	IOException: Tail request on https://maven-central.storage-download.googleapis.com/maven2/com/palantir/cassandra/palantir-cassandra/2.2.18-1.171.0-rc1/palantir-cassandra-2.2.18-1.171.0-rc1.jar returned status 404
2.2.18-1.171.0-rc3		2024-11-08T01:23:03Z	IOException: Tail request on https://maven-central.storage-download.googleapis.com/maven2/com/palantir/cassandra/palantir-cassandra/2.2.18-1.171.0-rc3/palantir-cassandra-2.2.18-1.171.0-rc3.jar returned status 404
2.2.18-1.171.0-rc4		2024-11-08T23:21:18Z	IOException: Tail request on https://maven-central.storage-download.googleapis.com/maven2/com/palantir/cassandra/palantir-cassandra/2.2.18-1.171.0-rc4/palantir-cassandra-2.2.18-1.171.0-rc4.jar returned status 404
2.2.18-1.171.0-rc5		2024-11-11T04:49:33Z	IOException: Tail request on https://maven-central.storage-download.googleapis.com/maven2/com/palantir/cassandra/palantir-cassandra/2.2.18-1.171.0-rc5/palantir-cassandra-2.2.18-1.171.0-rc5.jar returned status 404
2.2.18-1.171.0-rc6		2024-11-11T21:19:13Z	IOException: Tail request on https://maven-central.storage-download.googleapis.com/maven2/com/palantir/cassandra/palantir-cassandra/2.2.18-1.171.0-rc6/palantir-cassandra-2.2.18-1.171.0-rc6.jar returned status 404
2.2.18-1.171.0-rc7		2024-11-12T22:09:30Z	IOException: Tail request on https://maven-central.storage-download.googleapis.com/maven2/com/palantir/cassandra/palantir-cassandra/2.2.18-1.171.0-rc7/palantir-cassandra-2.2.18-1.171.0-rc7.jar returned status 404
2.2.18-1.171.0-rc9		2024-11-13T18:22:27Z	IOException: Tail request on https://maven-central.storage-download.googleapis.com/maven2/com/palantir/cassandra/palantir-cassandra/2.2.18-1.171.0-rc9/palantir-cassandra-2.2.18-1.171.0-rc9.jar returned status 404
2.2.18-1.172.0		2024-11-12T23:25:43Z	IOException: Tail request on https://maven-central.storage-download.googleapis.com/maven2/com/palantir/cassandra/palantir-cassandra/2.2.18-1.172.0/palantir-cassandra-2.2.18-1.172.0.jar returned status 404
2.2.18-1.173.0		2024-11-12T23:58:38Z	IOException: Tail request on https://maven-central.storage-download.googleapis.com/maven2/com/palantir/cassandra/palantir-cassandra/2.2.18-1.173.0/palantir-cassandra-2.2.18-1.173.0.jar returned status 404
2.2.18-1.174.0		2024-11-13T16:51:52Z	IOException: Tail request on https://maven-central.storage-download.googleapis.com/maven2/com/palantir/cassandra/palantir-cassandra/2.2.18-1.174.0/palantir-cassandra-2.2.18-1.174.0.jar returned status 404
2.2.18-1.175.0		2024-11-13T20:52:27Z	IOException: Tail request on https://maven-central.storage-download.googleapis.com/maven2/com/palantir/cassandra/palantir-cassandra/2.2.18-1.175.0/palantir-cassandra-2.2.18-1.175.0.jar returned status 404
2.2.18-1.176.0		2024-11-15T03:01:48Z	IOException: Tail request on https://maven-central.storage-download.googleapis.com/maven2/com/palantir/cassandra/palantir-cassandra/2.2.18-1.176.0/palantir-cassandra-2.2.18-1.176.0.jar returned status 404
2.2.18-1.177.0		2024-11-21T23:53:41Z	IOException: Tail request on https://maven-central.storage-download.googleapis.com/maven2/com/palantir/cassandra/palantir-cassandra/2.2.18-1.177.0/palantir-cassandra-2.2.18-1.177.0.jar returned status 404
2.2.18-1.177.0-rc1		2024-11-15T15:43:00Z	IOException: Tail request on https://maven-central.storage-download.googleapis.com/maven2/com/palantir/cassandra/palantir-cassandra/2.2.18-1.177.0-rc1/palantir-cassandra-2.2.18-1.177.0-rc1.jar returned status 404
2.2.18-1.177.0-rc2		2024-11-19T02:42:43Z	IOException: Tail request on https://maven-central.storage-download.googleapis.com/maven2/com/palantir/cassandra/palantir-cassandra/2.2.18-1.177.0-rc2/palantir-cassandra-2.2.18-1.177.0-rc2.jar returned status 404
2.2.18-1.177.0-rc3		2024-11-19T22:08:56Z	IOException: Tail request on https://maven-central.storage-download.googleapis.com/maven2/com/palantir/cassandra/palantir-cassandra/2.2.18-1.177.0-rc3/palantir-cassandra-2.2.18-1.177.0-rc3.jar returned status 404
2.2.18-1.177.0-rc4		2024-11-22T02:35:46Z	IOException: Tail request on https://maven-central.storage-download.googleapis.com/maven2/com/palantir/cassandra/palantir-cassandra/2.2.18-1.177.0-rc4/palantir-cassandra-2.2.18-1.177.0-rc4.jar returned status 404
2.2.18-1.177.0-rc5		2024-11-25T16:15:41Z	IOException: Tail request on https://maven-central.storage-download.googleapis.com/maven2/com/palantir/cassandra/palantir-cassandra/2.2.18-1.177.0-rc5/palantir-cassandra-2.2.18-1.177.0-rc5.jar returned status 404
2.2.18-1.177.0-rc6		2024-11-26T01:28:22Z	IOException: Tail request on https://maven-central.storage-download.googleapis.com/maven2/com/palantir/cassandra/palantir-cassandra/2.2.18-1.177.0-rc6/palantir-cassandra-2.2.18-1.177.0-rc6.jar returned status 404
2.2.18-1.177.0-rc7		2024-11-26T19:58:15Z	IOException: Tail request on https://maven-central.storage-download.googleapis.com/maven2/com/palantir/cassandra/palantir-cassandra/2.2.18-1.177.0-rc7/palantir-cassandra-2.2.18-1.177.0-rc7.jar returned status 404
2.2.18-1.177.0-rc8		2025-03-17T19:33:17Z	IOException: Tail request on https://maven-central.storage-download.googleapis.com/maven2/com/palantir/cassandra/palantir-cassandra/2.2.18-1.177.0-rc8/palantir-cassandra-2.2.18-1.177.0-rc8.jar returned status 404
2.2.18-1.178.0		2024-11-25T16:13:24Z	IOException: Tail request on https://maven-central.storage-download.googleapis.com/maven2/com/palantir/cassandra/palantir-cassandra/2.2.18-1.178.0/palantir-cassandra-2.2.18-1.178.0.jar returned status 404
2.2.18-1.178.0-rc1		2024-11-22T16:46:46Z	IOException: Tail request on https://maven-central.storage-download.googleapis.com/maven2/com/palantir/cassandra/palantir-cassandra/2.2.18-1.178.0-rc1/palantir-cassandra-2.2.18-1.178.0-rc1.jar returned status 404
2.2.18-1.178.0-rc2		2024-11-22T19:32:48Z	IOException: Tail request on https://maven-central.storage-download.googleapis.com/maven2/com/palantir/cassandra/palantir-cassandra/2.2.18-1.178.0-rc2/palantir-cassandra-2.2.18-1.178.0-rc2.jar returned status 404
2.2.18-1.178.0-rc3		2024-11-22T22:08:06Z	IOException: Tail request on https://maven-central.storage-download.googleapis.com/maven2/com/palantir/cassandra/palantir-cassandra/2.2.18-1.178.0-rc3/palantir-cassandra-2.2.18-1.178.0-rc3.jar returned status 404
2.2.18-1.179.0		2024-12-03T02:21:16Z	IOException: Tail request on https://maven-central.storage-download.googleapis.com/maven2/com/palantir/cassandra/palantir-cassandra/2.2.18-1.179.0/palantir-cassandra-2.2.18-1.179.0.jar returned status 404
2.2.18-1.179.0-rc2		2024-11-26T17:06:54Z	IOException: Tail request on https://maven-central.storage-download.googleapis.com/maven2/com/palantir/cassandra/palantir-cassandra/2.2.18-1.179.0-rc2/palantir-cassandra-2.2.18-1.179.0-rc2.jar returned status 404
2.2.18-1.179.0-rc3		2024-11-27T00:12:13Z	IOException: Tail request on https://maven-central.storage-download.googleapis.com/maven2/com/palantir/cassandra/palantir-cassandra/2.2.18-1.179.0-rc3/palantir-cassandra-2.2.18-1.179.0-rc3.jar returned status 404
2.2.18-1.179.0-rc4		2024-11-27T15:29:19Z	IOException: Tail request on https://maven-central.storage-download.googleapis.com/maven2/com/palantir/cassandra/palantir-cassandra/2.2.18-1.179.0-rc4/palantir-cassandra-2.2.18-1.179.0-rc4.jar returned status 404
2.2.18-1.179.0-rc5		2024-11-27T22:34:45Z	IOException: Tail request on https://maven-central.storage-download.googleapis.com/maven2/com/palantir/cassandra/palantir-cassandra/2.2.18-1.179.0-rc5/palantir-cassandra-2.2.18-1.179.0-rc5.jar returned status 404
2.2.18-1.180.0		2024-12-04T17:35:32Z	IOException: Tail request on https://maven-central.storage-download.googleapis.com/maven2/com/palantir/cassandra/palantir-cassandra/2.2.18-1.180.0/palantir-cassandra-2.2.18-1.180.0.jar returned status 404
2.2.18-1.182.0		2024-12-04T22:28:33Z	IOException: Tail request on https://maven-central.storage-download.googleapis.com/maven2/com/palantir/cassandra/palantir-cassandra/2.2.18-1.182.0/palantir-cassandra-2.2.18-1.182.0.jar returned status 404
2.2.18-1.182.1		2024-12-07T02:04:59Z	IOException: Tail request on https://maven-central.storage-download.googleapis.com/maven2/com/palantir/cassandra/palantir-cassandra/2.2.18-1.182.1/palantir-cassandra-2.2.18-1.182.1.jar returned status 404
2.2.18-1.182.2		2024-12-07T04:11:32Z	IOException: Tail request on https://maven-central.storage-download.googleapis.com/maven2/com/palantir/cassandra/palantir-cassandra/2.2.18-1.182.2/palantir-cassandra-2.2.18-1.182.2.jar returned status 404
2.2.18-1.183.0		2024-12-05T19:14:23Z	IOException: Tail request on https://maven-central.storage-download.googleapis.com/maven2/com/palantir/cassandra/palantir-cassandra/2.2.18-1.183.0/palantir-cassandra-2.2.18-1.183.0.jar returned status 404
2.2.18-1.183.1		2024-12-07T02:08:44Z	IOException: Tail request on https://maven-central.storage-download.googleapis.com/maven2/com/palantir/cassandra/palantir-cassandra/2.2.18-1.183.1/palantir-cassandra-2.2.18-1.183.1.jar returned status 404
2.2.18-1.183.2		2024-12-07T04:13:45Z	IOException: Tail request on https://maven-central.storage-download.googleapis.com/maven2/com/palantir/cassandra/palantir-cassandra/2.2.18-1.183.2/palantir-cassandra-2.2.18-1.183.2.jar returned status 404
2.2.18-1.183.3		2024-12-10T17:14:45Z	IOException: Tail request on https://maven-central.storage-download.googleapis.com/maven2/com/palantir/cassandra/palantir-cassandra/2.2.18-1.183.3/palantir-cassandra-2.2.18-1.183.3.jar returned status 404
2.2.18-1.184.0		2024-12-10T20:00:44Z	IOException: Tail request on https://maven-central.storage-download.googleapis.com/maven2/com/palantir/cassandra/palantir-cassandra/2.2.18-1.184.0/palantir-cassandra-2.2.18-1.184.0.jar returned status 404
2.2.18-1.184.0-rc1		2024-12-13T17:24:27Z	IOException: Tail request on https://maven-central.storage-download.googleapis.com/maven2/com/palantir/cassandra/palantir-cassandra/2.2.18-1.184.0-rc1/palantir-cassandra-2.2.18-1.184.0-rc1.jar returned status 404
2.2.18-1.184.0-rc2		2024-12-13T21:17:08Z	IOException: Tail request on https://maven-central.storage-download.googleapis.com/maven2/com/palantir/cassandra/palantir-cassandra/2.2.18-1.184.0-rc2/palantir-cassandra-2.2.18-1.184.0-rc2.jar returned status 404
2.2.18-1.184.0-rc3		2024-12-17T02:24:59Z	IOException: Tail request on https://maven-central.storage-download.googleapis.com/maven2/com/palantir/cassandra/palantir-cassandra/2.2.18-1.184.0-rc3/palantir-cassandra-2.2.18-1.184.0-rc3.jar returned status 404
2.2.18-1.184.0-rc4		2024-12-17T02:24:14Z	IOException: Tail request on https://maven-central.storage-download.googleapis.com/maven2/com/palantir/cassandra/palantir-cassandra/2.2.18-1.184.0-rc4/palantir-cassandra-2.2.18-1.184.0-rc4.jar returned status 404
2.2.18-1.184.0-rc5		2025-01-09T16:35:56Z	IOException: Tail request on https://maven-central.storage-download.googleapis.com/maven2/com/palantir/cassandra/palantir-cassandra/2.2.18-1.184.0-rc5/palantir-cassandra-2.2.18-1.184.0-rc5.jar returned status 404
2.2.18-1.184.0-rc6		2025-01-16T17:07:41Z	IOException: Tail request on https://maven-central.storage-download.googleapis.com/maven2/com/palantir/cassandra/palantir-cassandra/2.2.18-1.184.0-rc6/palantir-cassandra-2.2.18-1.184.0-rc6.jar returned status 404
2.2.18-1.185.0		2024-12-12T21:20:02Z	IOException: Tail request on https://maven-central.storage-download.googleapis.com/maven2/com/palantir/cassandra/palantir-cassandra/2.2.18-1.185.0/palantir-cassandra-2.2.18-1.185.0.jar returned status 404
2.2.18-1.185.0-rc1		2024-12-11T17:55:09Z	IOException: Tail request on https://maven-central.storage-download.googleapis.com/maven2/com/palantir/cassandra/palantir-cassandra/2.2.18-1.185.0-rc1/palantir-cassandra-2.2.18-1.185.0-rc1.jar returned status 404
2.2.18-1.186.0		2025-01-29T15:55:30Z	IOException: Tail request on https://maven-central.storage-download.googleapis.com/maven2/com/palantir/cassandra/palantir-cassandra/2.2.18-1.186.0/palantir-cassandra-2.2.18-1.186.0.jar returned status 404
2.2.18-1.186.0-rc1		2025-01-27T15:28:13Z	IOException: Tail request on https://maven-central.storage-download.googleapis.com/maven2/com/palantir/cassandra/palantir-cassandra/2.2.18-1.186.0-rc1/palantir-cassandra-2.2.18-1.186.0-rc1.jar returned status 404
2.2.18-1.187.0		2025-01-30T20:00:59Z	IOException: Tail request on https://maven-central.storage-download.googleapis.com/maven2/com/palantir/cassandra/palantir-cassandra/2.2.18-1.187.0/palantir-cassandra-2.2.18-1.187.0.jar returned status 404
2.2.18-1.187.0-rc1		2025-01-30T18:00:08Z	IOException: Tail request on https://maven-central.storage-download.googleapis.com/maven2/com/palantir/cassandra/palantir-cassandra/2.2.18-1.187.0-rc1/palantir-cassandra-2.2.18-1.187.0-rc1.jar returned status 404
2.2.18-1.188.0		2025-01-31T20:46:55Z	IOException: Tail request on https://maven-central.storage-download.googleapis.com/maven2/com/palantir/cassandra/palantir-cassandra/2.2.18-1.188.0/palantir-cassandra-2.2.18-1.188.0.jar returned status 404
2.2.18-1.189.0		2025-02-05T19:53:37Z	IOException: Tail request on https://maven-central.storage-download.googleapis.com/maven2/com/palantir/cassandra/palantir-cassandra/2.2.18-1.189.0/palantir-cassandra-2.2.18-1.189.0.jar returned status 404
2.2.18-1.189.0-rc3		2025-02-14T03:09:12Z	IOException: Tail request on https://maven-central.storage-download.googleapis.com/maven2/com/palantir/cassandra/palantir-cassandra/2.2.18-1.189.0-rc3/palantir-cassandra-2.2.18-1.189.0-rc3.jar returned status 404
2.2.18-1.190.0		2025-02-09T06:41:51Z	IOException: Tail request on https://maven-central.storage-download.googleapis.com/maven2/com/palantir/cassandra/palantir-cassandra/2.2.18-1.190.0/palantir-cassandra-2.2.18-1.190.0.jar returned status 404
2.2.18-1.190.0-rc1		2025-02-06T18:20:46Z	IOException: Tail request on https://maven-central.storage-download.googleapis.com/maven2/com/palantir/cassandra/palantir-cassandra/2.2.18-1.190.0-rc1/palantir-cassandra-2.2.18-1.190.0-rc1.jar returned status 404
2.2.18-1.191.0		2025-02-19T16:48:29Z	IOException: Tail request on https://maven-central.storage-download.googleapis.com/maven2/com/palantir/cassandra/palantir-cassandra/2.2.18-1.191.0/palantir-cassandra-2.2.18-1.191.0.jar returned status 404
2.2.18-1.191.0-rc1		2025-02-18T19:43:47Z	IOException: Tail request on https://maven-central.storage-download.googleapis.com/maven2/com/palantir/cassandra/palantir-cassandra/2.2.18-1.191.0-rc1/palantir-cassandra-2.2.18-1.191.0-rc1.jar returned status 404
2.2.18-1.191.1-rc1		2025-03-06T00:51:01Z	IOException: Tail request on https://maven-central.storage-download.googleapis.com/maven2/com/palantir/cassandra/palantir-cassandra/2.2.18-1.191.1-rc1/palantir-cassandra-2.2.18-1.191.1-rc1.jar returned status 404
2.2.18-1.191.1-rc10		2025-04-29T20:00:23Z	IOException: Tail request on https://maven-central.storage-download.googleapis.com/maven2/com/palantir/cassandra/palantir-cassandra/2.2.18-1.191.1-rc10/palantir-cassandra-2.2.18-1.191.1-rc10.jar returned status 404
2.2.18-1.191.1-rc11		2025-05-02T18:50:56Z	IOException: Tail request on https://maven-central.storage-download.googleapis.com/maven2/com/palantir/cassandra/palantir-cassandra/2.2.18-1.191.1-rc11/palantir-cassandra-2.2.18-1.191.1-rc11.jar returned status 404
2.2.18-1.191.1-rc12		2025-05-02T21:34:49Z	IOException: Tail request on https://maven-central.storage-download.googleapis.com/maven2/com/palantir/cassandra/palantir-cassandra/2.2.18-1.191.1-rc12/palantir-cassandra-2.2.18-1.191.1-rc12.jar returned status 404
2.2.18-1.191.1-rc2		2025-03-06T04:57:59Z	IOException: Tail request on https://maven-central.storage-download.googleapis.com/maven2/com/palantir/cassandra/palantir-cassandra/2.2.18-1.191.1-rc2/palantir-cassandra-2.2.18-1.191.1-rc2.jar returned status 404
2.2.18-1.191.1-rc3		2025-03-06T18:24:12Z	IOException: Tail request on https://maven-central.storage-download.googleapis.com/maven2/com/palantir/cassandra/palantir-cassandra/2.2.18-1.191.1-rc3/palantir-cassandra-2.2.18-1.191.1-rc3.jar returned status 404
2.2.18-1.191.1-rc4		2025-03-07T00:29:07Z	IOException: Tail request on https://maven-central.storage-download.googleapis.com/maven2/com/palantir/cassandra/palantir-cassandra/2.2.18-1.191.1-rc4/palantir-cassandra-2.2.18-1.191.1-rc4.jar returned status 404
2.2.18-1.191.1-rc5		2025-03-07T22:07:37Z	IOException: Tail request on https://maven-central.storage-download.googleapis.com/maven2/com/palantir/cassandra/palantir-cassandra/2.2.18-1.191.1-rc5/palantir-cassandra-2.2.18-1.191.1-rc5.jar returned status 404
2.2.18-1.191.1-rc6		2025-03-11T01:27:33Z	IOException: Tail request on https://maven-central.storage-download.googleapis.com/maven2/com/palantir/cassandra/palantir-cassandra/2.2.18-1.191.1-rc6/palantir-cassandra-2.2.18-1.191.1-rc6.jar returned status 404
2.2.18-1.191.1-rc7		2025-03-15T05:40:14Z	IOException: Tail request on https://maven-central.storage-download.googleapis.com/maven2/com/palantir/cassandra/palantir-cassandra/2.2.18-1.191.1-rc7/palantir-cassandra-2.2.18-1.191.1-rc7.jar returned status 404
2.2.18-1.191.1-rc8		2025-03-17T21:14:27Z	IOException: Tail request on https://maven-central.storage-download.googleapis.com/maven2/com/palantir/cassandra/palantir-cassandra/2.2.18-1.191.1-rc8/palantir-cassandra-2.2.18-1.191.1-rc8.jar returned status 404
2.2.18-1.191.1-rc9		2025-04-29T17:35:34Z	IOException: Tail request on https://maven-central.storage-download.googleapis.com/maven2/com/palantir/cassandra/palantir-cassandra/2.2.18-1.191.1-rc9/palantir-cassandra-2.2.18-1.191.1-rc9.jar returned status 404
2.2.18-1.192.0		2025-02-25T19:38:44Z	IOException: Tail request on https://maven-central.storage-download.googleapis.com/maven2/com/palantir/cassandra/palantir-cassandra/2.2.18-1.192.0/palantir-cassandra-2.2.18-1.192.0.jar returned status 404
2.2.18-1.192.0-rc1		2025-02-20T00:17:16Z	IOException: Tail request on https://maven-central.storage-download.googleapis.com/maven2/com/palantir/cassandra/palantir-cassandra/2.2.18-1.192.0-rc1/palantir-cassandra-2.2.18-1.192.0-rc1.jar returned status 404
2.2.18-1.192.0-rc2		2025-02-20T15:10:26Z	IOException: Tail request on https://maven-central.storage-download.googleapis.com/maven2/com/palantir/cassandra/palantir-cassandra/2.2.18-1.192.0-rc2/palantir-cassandra-2.2.18-1.192.0-rc2.jar returned status 404
2.2.18-1.192.0-rc3		2025-02-22T01:53:14Z	IOException: Tail request on https://maven-central.storage-download.googleapis.com/maven2/com/palantir/cassandra/palantir-cassandra/2.2.18-1.192.0-rc3/palantir-cassandra-2.2.18-1.192.0-rc3.jar returned status 404
2.2.18-1.193.0		2025-03-06T00:50:45Z	IOException: Tail request on https://maven-central.storage-download.googleapis.com/maven2/com/palantir/cassandra/palantir-cassandra/2.2.18-1.193.0/palantir-cassandra-2.2.18-1.193.0.jar returned status 404
2.2.18-1.193.0-rc1		2025-02-27T23:36:08Z	IOException: Tail request on https://maven-central.storage-download.googleapis.com/maven2/com/palantir/cassandra/palantir-cassandra/2.2.18-1.193.0-rc1/palantir-cassandra-2.2.18-1.193.0-rc1.jar returned status 404
2.2.18-1.193.0-rc2		2025-02-28T01:35:50Z	IOException: Tail request on https://maven-central.storage-download.googleapis.com/maven2/com/palantir/cassandra/palantir-cassandra/2.2.18-1.193.0-rc2/palantir-cassandra-2.2.18-1.193.0-rc2.jar returned status 404
2.2.18-1.194.0		2025-03-10T19:55:00Z	IOException: Tail request on https://maven-central.storage-download.googleapis.com/maven2/com/palantir/cassandra/palantir-cassandra/2.2.18-1.194.0/palantir-cassandra-2.2.18-1.194.0.jar returned status 404
2.2.18-1.195.0		2025-03-17T18:05:43Z	IOException: Tail request on https://maven-central.storage-download.googleapis.com/maven2/com/palantir/cassandra/palantir-cassandra/2.2.18-1.195.0/palantir-cassandra-2.2.18-1.195.0.jar returned status 404
2.2.18-1.195.0-rc1		2025-03-12T20:00:26Z	IOException: Tail request on https://maven-central.storage-download.googleapis.com/maven2/com/palantir/cassandra/palantir-cassandra/2.2.18-1.195.0-rc1/palantir-cassandra-2.2.18-1.195.0-rc1.jar returned status 404
2.2.18-1.195.0-rc2		2025-03-13T21:30:18Z	IOException: Tail request on https://maven-central.storage-download.googleapis.com/maven2/com/palantir/cassandra/palantir-cassandra/2.2.18-1.195.0-rc2/palantir-cassandra-2.2.18-1.195.0-rc2.jar returned status 404
2.2.18-1.195.0-rc3		2025-03-14T00:17:55Z	IOException: Tail request on https://maven-central.storage-download.googleapis.com/maven2/com/palantir/cassandra/palantir-cassandra/2.2.18-1.195.0-rc3/palantir-cassandra-2.2.18-1.195.0-rc3.jar returned status 404
2.2.18-1.195.0-rc4		2025-03-14T02:07:50Z	IOException: Tail request on https://maven-central.storage-download.googleapis.com/maven2/com/palantir/cassandra/palantir-cassandra/2.2.18-1.195.0-rc4/palantir-cassandra-2.2.18-1.195.0-rc4.jar returned status 404
2.2.18-1.195.0-rc5		2025-03-18T06:49:20Z	IOException: Tail request on https://maven-central.storage-download.googleapis.com/maven2/com/palantir/cassandra/palantir-cassandra/2.2.18-1.195.0-rc5/palantir-cassandra-2.2.18-1.195.0-rc5.jar returned status 404
2.2.18-1.195.0-rc6		2025-03-18T21:03:38Z	IOException: Tail request on https://maven-central.storage-download.googleapis.com/maven2/com/palantir/cassandra/palantir-cassandra/2.2.18-1.195.0-rc6/palantir-cassandra-2.2.18-1.195.0-rc6.jar returned status 404
2.2.18-1.195.0-rc7		2025-03-19T18:35:05Z	IOException: Tail request on https://maven-central.storage-download.googleapis.com/maven2/com/palantir/cassandra/palantir-cassandra/2.2.18-1.195.0-rc7/palantir-cassandra-2.2.18-1.195.0-rc7.jar returned status 404
2.2.18-1.196.0		2025-03-19T15:04:39Z	IOException: Tail request on https://maven-central.storage-download.googleapis.com/maven2/com/palantir/cassandra/palantir-cassandra/2.2.18-1.196.0/palantir-cassandra-2.2.18-1.196.0.jar returned status 404
2.2.18-1.196.0-rc1		2025-03-17T20:04:57Z	IOException: Tail request on https://maven-central.storage-download.googleapis.com/maven2/com/palantir/cassandra/palantir-cassandra/2.2.18-1.196.0-rc1/palantir-cassandra-2.2.18-1.196.0-rc1.jar returned status 404
2.2.18-1.197.0		2025-03-26T16:35:21Z	IOException: Tail request on https://maven-central.storage-download.googleapis.com/maven2/com/palantir/cassandra/palantir-cassandra/2.2.18-1.197.0/palantir-cassandra-2.2.18-1.197.0.jar returned status 404
2.2.18-1.197.0-rc4		2025-03-24T20:08:57Z	IOException: Tail request on https://maven-central.storage-download.googleapis.com/maven2/com/palantir/cassandra/palantir-cassandra/2.2.18-1.197.0-rc4/palantir-cassandra-2.2.18-1.197.0-rc4.jar returned status 404
2.2.18-1.197.0-rc5		2025-03-26T13:37:02Z	IOException: Tail request on https://maven-central.storage-download.googleapis.com/maven2/com/palantir/cassandra/palantir-cassandra/2.2.18-1.197.0-rc5/palantir-cassandra-2.2.18-1.197.0-rc5.jar returned status 404
2.2.18-1.197.0-rc6		2025-03-27T13:46:12Z	IOException: Tail request on https://maven-central.storage-download.googleapis.com/maven2/com/palantir/cassandra/palantir-cassandra/2.2.18-1.197.0-rc6/palantir-cassandra-2.2.18-1.197.0-rc6.jar returned status 404
2.2.18-1.197.0-rc7		2025-04-10T21:33:03Z	IOException: Tail request on https://maven-central.storage-download.googleapis.com/maven2/com/palantir/cassandra/palantir-cassandra/2.2.18-1.197.0-rc7/palantir-cassandra-2.2.18-1.197.0-rc7.jar returned status 404
2.2.18-1.197.0-rc8		2025-04-14T14:04:33Z	IOException: Tail request on https://maven-central.storage-download.googleapis.com/maven2/com/palantir/cassandra/palantir-cassandra/2.2.18-1.197.0-rc8/palantir-cassandra-2.2.18-1.197.0-rc8.jar returned status 404
2.2.18-1.198.0		2025-03-28T04:42:01Z	IOException: Tail request on https://maven-central.storage-download.googleapis.com/maven2/com/palantir/cassandra/palantir-cassandra/2.2.18-1.198.0/palantir-cassandra-2.2.18-1.198.0.jar returned status 404
2.2.18-1.199.0		2025-03-28T17:25:59Z	IOException: Tail request on https://maven-central.storage-download.googleapis.com/maven2/com/palantir/cassandra/palantir-cassandra/2.2.18-1.199.0/palantir-cassandra-2.2.18-1.199.0.jar returned status 404
2.2.18-1.199.0-rc1		2025-04-18T00:26:58Z	IOException: Tail request on https://maven-central.storage-download.googleapis.com/maven2/com/palantir/cassandra/palantir-cassandra/2.2.18-1.199.0-rc1/palantir-cassandra-2.2.18-1.199.0-rc1.jar returned status 404
2.2.18-1.200.0		2025-04-03T18:49:24Z	IOException: Tail request on https://maven-central.storage-download.googleapis.com/maven2/com/palantir/cassandra/palantir-cassandra/2.2.18-1.200.0/palantir-cassandra-2.2.18-1.200.0.jar returned status 404
2.2.18-1.200.0-rc1		2025-04-01T03:21:11Z	IOException: Tail request on https://maven-central.storage-download.googleapis.com/maven2/com/palantir/cassandra/palantir-cassandra/2.2.18-1.200.0-rc1/palantir-cassandra-2.2.18-1.200.0-rc1.jar returned status 404
2.2.18-1.200.0-rc10		2025-04-03T09:12:18Z	IOException: Tail request on https://maven-central.storage-download.googleapis.com/maven2/com/palantir/cassandra/palantir-cassandra/2.2.18-1.200.0-rc10/palantir-cassandra-2.2.18-1.200.0-rc10.jar returned status 404
2.2.18-1.200.0-rc12		2025-04-03T09:27:45Z	IOException: Tail request on https://maven-central.storage-download.googleapis.com/maven2/com/palantir/cassandra/palantir-cassandra/2.2.18-1.200.0-rc12/palantir-cassandra-2.2.18-1.200.0-rc12.jar returned status 404
2.2.18-1.200.0-rc13		2025-04-03T09:40:43Z	IOException: Tail request on https://maven-central.storage-download.googleapis.com/maven2/com/palantir/cassandra/palantir-cassandra/2.2.18-1.200.0-rc13/palantir-cassandra-2.2.18-1.200.0-rc13.jar returned status 404
2.2.18-1.200.0-rc14		2025-04-03T15:52:28Z	IOException: Tail request on https://maven-central.storage-download.googleapis.com/maven2/com/palantir/cassandra/palantir-cassandra/2.2.18-1.200.0-rc14/palantir-cassandra-2.2.18-1.200.0-rc14.jar returned status 404
2.2.18-1.200.0-rc17		2025-04-03T18:01:31Z	IOException: Tail request on https://maven-central.storage-download.googleapis.com/maven2/com/palantir/cassandra/palantir-cassandra/2.2.18-1.200.0-rc17/palantir-cassandra-2.2.18-1.200.0-rc17.jar returned status 404
2.2.18-1.200.0-rc18		2025-04-03T19:34:57Z	IOException: Tail request on https://maven-central.storage-download.googleapis.com/maven2/com/palantir/cassandra/palantir-cassandra/2.2.18-1.200.0-rc18/palantir-cassandra-2.2.18-1.200.0-rc18.jar returned status 404
2.2.18-1.200.0-rc2		2025-04-01T15:37:23Z	IOException: Tail request on https://maven-central.storage-download.googleapis.com/maven2/com/palantir/cassandra/palantir-cassandra/2.2.18-1.200.0-rc2/palantir-cassandra-2.2.18-1.200.0-rc2.jar returned status 404
2.2.18-1.200.0-rc23		2025-04-04T02:36:33Z	IOException: Tail request on https://maven-central.storage-download.googleapis.com/maven2/com/palantir/cassandra/palantir-cassandra/2.2.18-1.200.0-rc23/palantir-cassandra-2.2.18-1.200.0-rc23.jar returned status 404
2.2.18-1.200.0-rc24		2025-04-04T03:52:07Z	IOException: Tail request on https://maven-central.storage-download.googleapis.com/maven2/com/palantir/cassandra/palantir-cassandra/2.2.18-1.200.0-rc24/palantir-cassandra-2.2.18-1.200.0-rc24.jar returned status 404
2.2.18-1.200.0-rc25		2025-04-04T04:07:22Z	IOException: Tail request on https://maven-central.storage-download.googleapis.com/maven2/com/palantir/cassandra/palantir-cassandra/2.2.18-1.200.0-rc25/palantir-cassandra-2.2.18-1.200.0-rc25.jar returned status 404
2.2.18-1.200.0-rc27		2025-04-07T04:19:45Z	IOException: Tail request on https://maven-central.storage-download.googleapis.com/maven2/com/palantir/cassandra/palantir-cassandra/2.2.18-1.200.0-rc27/palantir-cassandra-2.2.18-1.200.0-rc27.jar returned status 404
2.2.18-1.200.0-rc28		2025-04-07T06:15:11Z	IOException: Tail request on https://maven-central.storage-download.googleapis.com/maven2/com/palantir/cassandra/palantir-cassandra/2.2.18-1.200.0-rc28/palantir-cassandra-2.2.18-1.200.0-rc28.jar returned status 404
2.2.18-1.200.0-rc29		2025-04-07T15:09:14Z	IOException: Tail request on https://maven-central.storage-download.googleapis.com/maven2/com/palantir/cassandra/palantir-cassandra/2.2.18-1.200.0-rc29/palantir-cassandra-2.2.18-1.200.0-rc29.jar returned status 404
2.2.18-1.200.0-rc3		2025-04-01T21:35:15Z	IOException: Tail request on https://maven-central.storage-download.googleapis.com/maven2/com/palantir/cassandra/palantir-cassandra/2.2.18-1.200.0-rc3/palantir-cassandra-2.2.18-1.200.0-rc3.jar returned status 404
2.2.18-1.200.0-rc30		2025-04-11T08:30:10Z	IOException: Tail request on https://maven-central.storage-download.googleapis.com/maven2/com/palantir/cassandra/palantir-cassandra/2.2.18-1.200.0-rc30/palantir-cassandra-2.2.18-1.200.0-rc30.jar returned status 404
2.2.18-1.200.0-rc31		2025-04-11T08:45:58Z	IOException: Tail request on https://maven-central.storage-download.googleapis.com/maven2/com/palantir/cassandra/palantir-cassandra/2.2.18-1.200.0-rc31/palantir-cassandra-2.2.18-1.200.0-rc31.jar returned status 404
2.2.18-1.200.0-rc32		2025-05-09T16:36:54Z	IOException: Tail request on https://maven-central.storage-download.googleapis.com/maven2/com/palantir/cassandra/palantir-cassandra/2.2.18-1.200.0-rc32/palantir-cassandra-2.2.18-1.200.0-rc32.jar returned status 404
2.2.18-1.200.0-rc33		2025-05-15T06:50:31Z	IOException: Tail request on https://maven-central.storage-download.googleapis.com/maven2/com/palantir/cassandra/palantir-cassandra/2.2.18-1.200.0-rc33/palantir-cassandra-2.2.18-1.200.0-rc33.jar returned status 404
2.2.18-1.200.0-rc4		2025-04-02T05:00:47Z	IOException: Tail request on https://maven-central.storage-download.googleapis.com/maven2/com/palantir/cassandra/palantir-cassandra/2.2.18-1.200.0-rc4/palantir-cassandra-2.2.18-1.200.0-rc4.jar returned status 404
2.2.18-1.200.0-rc6		2025-04-02T15:41:40Z	IOException: Tail request on https://maven-central.storage-download.googleapis.com/maven2/com/palantir/cassandra/palantir-cassandra/2.2.18-1.200.0-rc6/palantir-cassandra-2.2.18-1.200.0-rc6.jar returned status 404
2.2.18-1.200.0-rc7		2025-04-02T16:04:03Z	IOException: Tail request on https://maven-central.storage-download.googleapis.com/maven2/com/palantir/cassandra/palantir-cassandra/2.2.18-1.200.0-rc7/palantir-cassandra-2.2.18-1.200.0-rc7.jar returned status 404
2.2.18-1.200.0-rc9		2025-04-03T01:58:01Z	IOException: Tail request on https://maven-central.storage-download.googleapis.com/maven2/com/palantir/cassandra/palantir-cassandra/2.2.18-1.200.0-rc9/palantir-cassandra-2.2.18-1.200.0-rc9.jar returned status 404
2.2.18-1.201.0		2025-04-04T17:34:55Z	IOException: Tail request on https://maven-central.storage-download.googleapis.com/maven2/com/palantir/cassandra/palantir-cassandra/2.2.18-1.201.0/palantir-cassandra-2.2.18-1.201.0.jar returned status 404
2.2.18-1.202.0		2025-04-07T23:36:42Z	IOException: Tail request on https://maven-central.storage-download.googleapis.com/maven2/com/palantir/cassandra/palantir-cassandra/2.2.18-1.202.0/palantir-cassandra-2.2.18-1.202.0.jar returned status 404
2.2.18-1.203.0		2025-04-09T00:08:27Z	IOException: Tail request on https://maven-central.storage-download.googleapis.com/maven2/com/palantir/cassandra/palantir-cassandra/2.2.18-1.203.0/palantir-cassandra-2.2.18-1.203.0.jar returned status 404
2.2.18-1.204.0		2025-04-15T00:33:25Z	IOException: Tail request on https://maven-central.storage-download.googleapis.com/maven2/com/palantir/cassandra/palantir-cassandra/2.2.18-1.204.0/palantir-cassandra-2.2.18-1.204.0.jar returned status 404
2.2.18-1.204.0-rc1		2025-04-09T04:10:54Z	IOException: Tail request on https://maven-central.storage-download.googleapis.com/maven2/com/palantir/cassandra/palantir-cassandra/2.2.18-1.204.0-rc1/palantir-cassandra-2.2.18-1.204.0-rc1.jar returned status 404
2.2.18-1.204.0-rc2		2025-04-09T13:09:52Z	IOException: Tail request on https://maven-central.storage-download.googleapis.com/maven2/com/palantir/cassandra/palantir-cassandra/2.2.18-1.204.0-rc2/palantir-cassandra-2.2.18-1.204.0-rc2.jar returned status 404
2.2.18-1.204.0-rc3		2025-04-09T14:09:58Z	IOException: Tail request on https://maven-central.storage-download.googleapis.com/maven2/com/palantir/cassandra/palantir-cassandra/2.2.18-1.204.0-rc3/palantir-cassandra-2.2.18-1.204.0-rc3.jar returned status 404
2.2.18-1.204.0-rc4		2025-04-10T02:13:06Z	IOException: Tail request on https://maven-central.storage-download.googleapis.com/maven2/com/palantir/cassandra/palantir-cassandra/2.2.18-1.204.0-rc4/palantir-cassandra-2.2.18-1.204.0-rc4.jar returned status 404
2.2.18-1.204.0-rc5		2025-04-10T05:03:45Z	IOException: Tail request on https://maven-central.storage-download.googleapis.com/maven2/com/palantir/cassandra/palantir-cassandra/2.2.18-1.204.0-rc5/palantir-cassandra-2.2.18-1.204.0-rc5.jar returned status 404
2.2.18-1.204.0-rc6		2025-04-13T21:01:16Z	IOException: Tail request on https://maven-central.storage-download.googleapis.com/maven2/com/palantir/cassandra/palantir-cassandra/2.2.18-1.204.0-rc6/palantir-cassandra-2.2.18-1.204.0-rc6.jar returned status 404
2.2.18-1.205.0		2025-04-25T10:44:50Z	IOException: Tail request on https://maven-central.storage-download.googleapis.com/maven2/com/palantir/cassandra/palantir-cassandra/2.2.18-1.205.0/palantir-cassandra-2.2.18-1.205.0.jar returned status 404
2.2.18-1.205.0-rc1		2025-04-15T20:39:59Z	IOException: Tail request on https://maven-central.storage-download.googleapis.com/maven2/com/palantir/cassandra/palantir-cassandra/2.2.18-1.205.0-rc1/palantir-cassandra-2.2.18-1.205.0-rc1.jar returned status 404
2.2.18-1.205.0-rc10		2025-04-24T14:51:56Z	IOException: Tail request on https://maven-central.storage-download.googleapis.com/maven2/com/palantir/cassandra/palantir-cassandra/2.2.18-1.205.0-rc10/palantir-cassandra-2.2.18-1.205.0-rc10.jar returned status 404
2.2.18-1.205.0-rc12		2025-04-24T17:01:43Z	IOException: Tail request on https://maven-central.storage-download.googleapis.com/maven2/com/palantir/cassandra/palantir-cassandra/2.2.18-1.205.0-rc12/palantir-cassandra-2.2.18-1.205.0-rc12.jar returned status 404
2.2.18-1.205.0-rc14		2025-04-25T11:34:49Z	IOException: Tail request on https://maven-central.storage-download.googleapis.com/maven2/com/palantir/cassandra/palantir-cassandra/2.2.18-1.205.0-rc14/palantir-cassandra-2.2.18-1.205.0-rc14.jar returned status 404
2.2.18-1.205.0-rc15		2025-04-28T14:27:02Z	IOException: Tail request on https://maven-central.storage-download.googleapis.com/maven2/com/palantir/cassandra/palantir-cassandra/2.2.18-1.205.0-rc15/palantir-cassandra-2.2.18-1.205.0-rc15.jar returned status 404
2.2.18-1.205.0-rc16		2025-04-28T14:48:17Z	IOException: Tail request on https://maven-central.storage-download.googleapis.com/maven2/com/palantir/cassandra/palantir-cassandra/2.2.18-1.205.0-rc16/palantir-cassandra-2.2.18-1.205.0-rc16.jar returned status 404
2.2.18-1.205.0-rc17		2025-04-28T16:01:53Z	IOException: Tail request on https://maven-central.storage-download.googleapis.com/maven2/com/palantir/cassandra/palantir-cassandra/2.2.18-1.205.0-rc17/palantir-cassandra-2.2.18-1.205.0-rc17.jar returned status 404
2.2.18-1.205.0-rc18		2025-04-29T09:43:41Z	IOException: Tail request on https://maven-central.storage-download.googleapis.com/maven2/com/palantir/cassandra/palantir-cassandra/2.2.18-1.205.0-rc18/palantir-cassandra-2.2.18-1.205.0-rc18.jar returned status 404
2.2.18-1.205.0-rc19		2025-04-29T21:07:48Z	IOException: Tail request on https://maven-central.storage-download.googleapis.com/maven2/com/palantir/cassandra/palantir-cassandra/2.2.18-1.205.0-rc19/palantir-cassandra-2.2.18-1.205.0-rc19.jar returned status 404
2.2.18-1.205.0-rc2		2025-04-22T16:51:05Z	IOException: Tail request on https://maven-central.storage-download.googleapis.com/maven2/com/palantir/cassandra/palantir-cassandra/2.2.18-1.205.0-rc2/palantir-cassandra-2.2.18-1.205.0-rc2.jar returned status 404
2.2.18-1.205.0-rc20		2025-04-30T12:01:30Z	IOException: Tail request on https://maven-central.storage-download.googleapis.com/maven2/com/palantir/cassandra/palantir-cassandra/2.2.18-1.205.0-rc20/palantir-cassandra-2.2.18-1.205.0-rc20.jar returned status 404
2.2.18-1.205.0-rc21		2025-04-30T12:03:35Z	IOException: Tail request on https://maven-central.storage-download.googleapis.com/maven2/com/palantir/cassandra/palantir-cassandra/2.2.18-1.205.0-rc21/palantir-cassandra-2.2.18-1.205.0-rc21.jar returned status 404
2.2.18-1.205.0-rc22		2025-04-30T17:07:11Z	IOException: Tail request on https://maven-central.storage-download.googleapis.com/maven2/com/palantir/cassandra/palantir-cassandra/2.2.18-1.205.0-rc22/palantir-cassandra-2.2.18-1.205.0-rc22.jar returned status 404
2.2.18-1.205.0-rc23		2025-05-01T10:23:27Z	IOException: Tail request on https://maven-central.storage-download.googleapis.com/maven2/com/palantir/cassandra/palantir-cassandra/2.2.18-1.205.0-rc23/palantir-cassandra-2.2.18-1.205.0-rc23.jar returned status 404
2.2.18-1.205.0-rc24		2025-05-01T11:09:50Z	IOException: Tail request on https://maven-central.storage-download.googleapis.com/maven2/com/palantir/cassandra/palantir-cassandra/2.2.18-1.205.0-rc24/palantir-cassandra-2.2.18-1.205.0-rc24.jar returned status 404
2.2.18-1.205.0-rc25		2025-05-01T13:08:19Z	IOException: Tail request on https://maven-central.storage-download.googleapis.com/maven2/com/palantir/cassandra/palantir-cassandra/2.2.18-1.205.0-rc25/palantir-cassandra-2.2.18-1.205.0-rc25.jar returned status 404
2.2.18-1.205.0-rc26		2025-05-01T19:43:37Z	IOException: Tail request on https://maven-central.storage-download.googleapis.com/maven2/com/palantir/cassandra/palantir-cassandra/2.2.18-1.205.0-rc26/palantir-cassandra-2.2.18-1.205.0-rc26.jar returned status 404
2.2.18-1.205.0-rc27		2025-05-06T14:50:17Z	IOException: Tail request on https://maven-central.storage-download.googleapis.com/maven2/com/palantir/cassandra/palantir-cassandra/2.2.18-1.205.0-rc27/palantir-cassandra-2.2.18-1.205.0-rc27.jar returned status 404
2.2.18-1.205.0-rc28		2025-05-07T11:09:45Z	IOException: Tail request on https://maven-central.storage-download.googleapis.com/maven2/com/palantir/cassandra/palantir-cassandra/2.2.18-1.205.0-rc28/palantir-cassandra-2.2.18-1.205.0-rc28.jar returned status 404
2.2.18-1.205.0-rc29		2025-05-07T11:55:55Z	IOException: Tail request on https://maven-central.storage-download.googleapis.com/maven2/com/palantir/cassandra/palantir-cassandra/2.2.18-1.205.0-rc29/palantir-cassandra-2.2.18-1.205.0-rc29.jar returned status 404
2.2.18-1.205.0-rc3		2025-04-23T09:01:17Z	IOException: Tail request on https://maven-central.storage-download.googleapis.com/maven2/com/palantir/cassandra/palantir-cassandra/2.2.18-1.205.0-rc3/palantir-cassandra-2.2.18-1.205.0-rc3.jar returned status 404
2.2.18-1.205.0-rc30		2025-05-07T13:59:25Z	IOException: Tail request on https://maven-central.storage-download.googleapis.com/maven2/com/palantir/cassandra/palantir-cassandra/2.2.18-1.205.0-rc30/palantir-cassandra-2.2.18-1.205.0-rc30.jar returned status 404
2.2.18-1.205.0-rc32		2025-05-07T15:10:42Z	IOException: Tail request on https://maven-central.storage-download.googleapis.com/maven2/com/palantir/cassandra/palantir-cassandra/2.2.18-1.205.0-rc32/palantir-cassandra-2.2.18-1.205.0-rc32.jar returned status 404
2.2.18-1.205.0-rc33		2025-05-07T15:15:48Z	IOException: Tail request on https://maven-central.storage-download.googleapis.com/maven2/com/palantir/cassandra/palantir-cassandra/2.2.18-1.205.0-rc33/palantir-cassandra-2.2.18-1.205.0-rc33.jar returned status 404
2.2.18-1.205.0-rc34		2025-05-09T10:42:09Z	IOException: Tail request on https://maven-central.storage-download.googleapis.com/maven2/com/palantir/cassandra/palantir-cassandra/2.2.18-1.205.0-rc34/palantir-cassandra-2.2.18-1.205.0-rc34.jar returned status 404
2.2.18-1.205.0-rc5		2025-04-23T11:04:27Z	IOException: Tail request on https://maven-central.storage-download.googleapis.com/maven2/com/palantir/cassandra/palantir-cassandra/2.2.18-1.205.0-rc5/palantir-cassandra-2.2.18-1.205.0-rc5.jar returned status 404
2.2.18-1.205.0-rc6		2025-04-23T14:56:28Z	IOException: Tail request on https://maven-central.storage-download.googleapis.com/maven2/com/palantir/cassandra/palantir-cassandra/2.2.18-1.205.0-rc6/palantir-cassandra-2.2.18-1.205.0-rc6.jar returned status 404
2.2.18-1.205.0-rc7		2025-04-23T15:49:25Z	IOException: Tail request on https://maven-central.storage-download.googleapis.com/maven2/com/palantir/cassandra/palantir-cassandra/2.2.18-1.205.0-rc7/palantir-cassandra-2.2.18-1.205.0-rc7.jar returned status 404
2.2.18-1.205.0-rc8		2025-04-24T14:34:21Z	IOException: Tail request on https://maven-central.storage-download.googleapis.com/maven2/com/palantir/cassandra/palantir-cassandra/2.2.18-1.205.0-rc8/palantir-cassandra-2.2.18-1.205.0-rc8.jar returned status 404
2.2.18-1.205.0-rc9		2025-04-24T14:38:26Z	IOException: Tail request on https://maven-central.storage-download.googleapis.com/maven2/com/palantir/cassandra/palantir-cassandra/2.2.18-1.205.0-rc9/palantir-cassandra-2.2.18-1.205.0-rc9.jar returned status 404
2.2.18-1.206.0		2025-05-09T04:44:09Z	IOException: Tail request on https://maven-central.storage-download.googleapis.com/maven2/com/palantir/cassandra/palantir-cassandra/2.2.18-1.206.0/palantir-cassandra-2.2.18-1.206.0.jar returned status 404
2.2.18-1.206.0-rc1		2025-05-02T19:07:56Z	IOException: Tail request on https://maven-central.storage-download.googleapis.com/maven2/com/palantir/cassandra/palantir-cassandra/2.2.18-1.206.0-rc1/palantir-cassandra-2.2.18-1.206.0-rc1.jar returned status 404
2.2.18-1.206.0-rc2		2025-05-22T22:23:51Z	IOException: Tail request on https://maven-central.storage-download.googleapis.com/maven2/com/palantir/cassandra/palantir-cassandra/2.2.18-1.206.0-rc2/palantir-cassandra-2.2.18-1.206.0-rc2.jar returned status 404
2.2.18-1.206.0-rc3		2025-05-28T16:26:49Z	IOException: Tail request on https://maven-central.storage-download.googleapis.com/maven2/com/palantir/cassandra/palantir-cassandra/2.2.18-1.206.0-rc3/palantir-cassandra-2.2.18-1.206.0-rc3.jar returned status 404
2.2.18-1.207.0		2025-05-12T20:27:02Z	IOException: Tail request on https://maven-central.storage-download.googleapis.com/maven2/com/palantir/cassandra/palantir-cassandra/2.2.18-1.207.0/palantir-cassandra-2.2.18-1.207.0.jar returned status 404
2.2.18-1.208.0		2025-05-13T22:35:47Z	IOException: Tail request on https://maven-central.storage-download.googleapis.com/maven2/com/palantir/cassandra/palantir-cassandra/2.2.18-1.208.0/palantir-cassandra-2.2.18-1.208.0.jar returned status 404
2.2.18-1.208.0-rc1		2025-05-12T23:52:10Z	IOException: Tail request on https://maven-central.storage-download.googleapis.com/maven2/com/palantir/cassandra/palantir-cassandra/2.2.18-1.208.0-rc1/palantir-cassandra-2.2.18-1.208.0-rc1.jar returned status 404
2.2.18-1.209.0		2025-05-20T12:51:14Z	IOException: Tail request on https://maven-central.storage-download.googleapis.com/maven2/com/palantir/cassandra/palantir-cassandra/2.2.18-1.209.0/palantir-cassandra-2.2.18-1.209.0.jar returned status 404
2.2.18-1.209.0-rc2		2025-05-19T13:45:51Z	IOException: Tail request on https://maven-central.storage-download.googleapis.com/maven2/com/palantir/cassandra/palantir-cassandra/2.2.18-1.209.0-rc2/palantir-cassandra-2.2.18-1.209.0-rc2.jar returned status 404
2.2.18-1.209.0-rc3		2025-05-20T05:15:47Z	IOException: Tail request on https://maven-central.storage-download.googleapis.com/maven2/com/palantir/cassandra/palantir-cassandra/2.2.18-1.209.0-rc3/palantir-cassandra-2.2.18-1.209.0-rc3.jar returned status 404
2.2.18-1.209.0-rc4		2025-05-20T17:34:22Z	IOException: Tail request on https://maven-central.storage-download.googleapis.com/maven2/com/palantir/cassandra/palantir-cassandra/2.2.18-1.209.0-rc4/palantir-cassandra-2.2.18-1.209.0-rc4.jar returned status 404
2.2.18-1.209.0-rc5		2025-05-20T21:51:07Z	IOException: Tail request on https://maven-central.storage-download.googleapis.com/maven2/com/palantir/cassandra/palantir-cassandra/2.2.18-1.209.0-rc5/palantir-cassandra-2.2.18-1.209.0-rc5.jar returned status 404
2.2.18-1.209.0-rc6		2025-05-23T04:33:53Z	IOException: Tail request on https://maven-central.storage-download.googleapis.com/maven2/com/palantir/cassandra/palantir-cassandra/2.2.18-1.209.0-rc6/palantir-cassandra-2.2.18-1.209.0-rc6.jar returned status 404
2.2.18-1.210.0		2025-05-20T13:40:39Z	IOException: Tail request on https://maven-central.storage-download.googleapis.com/maven2/com/palantir/cassandra/palantir-cassandra/2.2.18-1.210.0/palantir-cassandra-2.2.18-1.210.0.jar returned status 404
2.2.18-1.211.0		2025-05-21T17:03:54Z	IOException: Tail request on https://maven-central.storage-download.googleapis.com/maven2/com/palantir/cassandra/palantir-cassandra/2.2.18-1.211.0/palantir-cassandra-2.2.18-1.211.0.jar returned status 404
2.2.18-1.212.0		2025-05-22T17:53:24Z	IOException: Tail request on https://maven-central.storage-download.googleapis.com/maven2/com/palantir/cassandra/palantir-cassandra/2.2.18-1.212.0/palantir-cassandra-2.2.18-1.212.0.jar returned status 404
2.2.18-1.212.0-rc1		2025-05-22T01:49:04Z	IOException: Tail request on https://maven-central.storage-download.googleapis.com/maven2/com/palantir/cassandra/palantir-cassandra/2.2.18-1.212.0-rc1/palantir-cassandra-2.2.18-1.212.0-rc1.jar returned status 404
2.2.18-1.212.0-rc2		2025-05-23T15:44:35Z	IOException: Tail request on https://maven-central.storage-download.googleapis.com/maven2/com/palantir/cassandra/palantir-cassandra/2.2.18-1.212.0-rc2/palantir-cassandra-2.2.18-1.212.0-rc2.jar returned status 404
2.2.18-1.213.0		2025-05-27T14:24:01Z	IOException: Tail request on https://maven-central.storage-download.googleapis.com/maven2/com/palantir/cassandra/palantir-cassandra/2.2.18-1.213.0/palantir-cassandra-2.2.18-1.213.0.jar returned status 404
2.2.18-1.213.0-rc1		2025-05-28T12:05:45Z	IOException: Tail request on https://maven-central.storage-download.googleapis.com/maven2/com/palantir/cassandra/palantir-cassandra/2.2.18-1.213.0-rc1/palantir-cassandra-2.2.18-1.213.0-rc1.jar returned status 404
2.2.18-1.214.0		2025-05-28T21:00:41Z	IOException: Tail request on https://maven-central.storage-download.googleapis.com/maven2/com/palantir/cassandra/palantir-cassandra/2.2.18-1.214.0/palantir-cassandra-2.2.18-1.214.0.jar returned status 404
2.2.18-1.215.0		2025-05-28T19:37:39Z	IOException: Tail request on https://maven-central.storage-download.googleapis.com/maven2/com/palantir/cassandra/palantir-cassandra/2.2.18-1.215.0/palantir-cassandra-2.2.18-1.215.0.jar returned status 404
2.2.18-1.215.0-rc1		2025-05-28T22:29:19Z	IOException: Tail request on https://maven-central.storage-download.googleapis.com/maven2/com/palantir/cassandra/palantir-cassandra/2.2.18-1.215.0-rc1/palantir-cassandra-2.2.18-1.215.0-rc1.jar returned status 404
2.2.18-1.216.0		2025-05-29T20:30:03Z	IOException: Tail request on https://maven-central.storage-download.googleapis.com/maven2/com/palantir/cassandra/palantir-cassandra/2.2.18-1.216.0/palantir-cassandra-2.2.18-1.216.0.jar returned status 404
2.2.18-1.216.0-rc1		2025-05-29T13:08:20Z	IOException: Tail request on https://maven-central.storage-download.googleapis.com/maven2/com/palantir/cassandra/palantir-cassandra/2.2.18-1.216.0-rc1/palantir-cassandra-2.2.18-1.216.0-rc1.jar returned status 404
2.2.18-1.217.0		2025-05-30T16:05:00Z	IOException: Tail request on https://maven-central.storage-download.googleapis.com/maven2/com/palantir/cassandra/palantir-cassandra/2.2.18-1.217.0/palantir-cassandra-2.2.18-1.217.0.jar returned status 404
2.2.18-1.217.0-rc1		2025-05-29T19:58:31Z	IOException: Tail request on https://maven-central.storage-download.googleapis.com/maven2/com/palantir/cassandra/palantir-cassandra/2.2.18-1.217.0-rc1/palantir-cassandra-2.2.18-1.217.0-rc1.jar returned status 404
2.2.18-1.217.0-rc2		2025-05-29T20:32:36Z	IOException: Tail request on https://maven-central.storage-download.googleapis.com/maven2/com/palantir/cassandra/palantir-cassandra/2.2.18-1.217.0-rc2/palantir-cassandra-2.2.18-1.217.0-rc2.jar returned status 404
2.2.18-1.218.0		2025-06-04T14:56:40Z	IOException: Tail request on https://maven-central.storage-download.googleapis.com/maven2/com/palantir/cassandra/palantir-cassandra/2.2.18-1.218.0/palantir-cassandra-2.2.18-1.218.0.jar returned status 404
2.2.18-1.218.0-rc1		2025-06-02T11:16:41Z	IOException: Tail request on https://maven-central.storage-download.googleapis.com/maven2/com/palantir/cassandra/palantir-cassandra/2.2.18-1.218.0-rc1/palantir-cassandra-2.2.18-1.218.0-rc1.jar returned status 404
2.2.18-1.218.1		2025-06-06T20:46:33Z	IOException: Tail request on https://maven-central.storage-download.googleapis.com/maven2/com/palantir/cassandra/palantir-cassandra/2.2.18-1.218.1/palantir-cassandra-2.2.18-1.218.1.jar returned status 404
2.2.18-1.219.0		2025-06-04T13:51:37Z	IOException: Tail request on https://maven-central.storage-download.googleapis.com/maven2/com/palantir/cassandra/palantir-cassandra/2.2.18-1.219.0/palantir-cassandra-2.2.18-1.219.0.jar returned status 404
2.2.18-1.220.0		2025-06-05T23:43:24Z	IOException: Tail request on https://maven-central.storage-download.googleapis.com/maven2/com/palantir/cassandra/palantir-cassandra/2.2.18-1.220.0/palantir-cassandra-2.2.18-1.220.0.jar returned status 404
2.2.18-1.221.0		2025-06-07T19:42:08Z	IOException: Tail request on https://maven-central.storage-download.googleapis.com/maven2/com/palantir/cassandra/palantir-cassandra/2.2.18-1.221.0/palantir-cassandra-2.2.18-1.221.0.jar returned status 404
2.2.18-1.222.0		2025-06-10T08:51:49Z	IOException: Tail request on https://maven-central.storage-download.googleapis.com/maven2/com/palantir/cassandra/palantir-cassandra/2.2.18-1.222.0/palantir-cassandra-2.2.18-1.222.0.jar returned status 404
2.2.18-1.222.0-rc3		2025-06-08T18:26:05Z	IOException: Tail request on https://maven-central.storage-download.googleapis.com/maven2/com/palantir/cassandra/palantir-cassandra/2.2.18-1.222.0-rc3/palantir-cassandra-2.2.18-1.222.0-rc3.jar returned status 404
2.2.18-1.223.0		2025-06-18T15:37:29Z	IOException: Tail request on https://maven-central.storage-download.googleapis.com/maven2/com/palantir/cassandra/palantir-cassandra/2.2.18-1.223.0/palantir-cassandra-2.2.18-1.223.0.jar returned status 404
2.2.18-1.224.0-rc1		2025-06-20T19:24:33Z	IOException: Tail request on https://maven-central.storage-download.googleapis.com/maven2/com/palantir/cassandra/palantir-cassandra/2.2.18-1.224.0-rc1/palantir-cassandra-2.2.18-1.224.0-rc1.jar returned status 404
2.2.18-1.52.0		2021-04-02T19:09:51Z	IOException: Tail request on https://maven-central.storage-download.googleapis.com/maven2/com/palantir/cassandra/palantir-cassandra/2.2.18-1.52.0/palantir-cassandra-2.2.18-1.52.0.jar returned status 404
2.2.18-1.52.0-rc2		2021-04-02T17:42:35Z	IOException: Tail request on https://maven-central.storage-download.googleapis.com/maven2/com/palantir/cassandra/palantir-cassandra/2.2.18-1.52.0-rc2/palantir-cassandra-2.2.18-1.52.0-rc2.jar returned status 404
2.2.18-1.53.0		2021-04-13T10:55:40Z	IOException: Tail request on https://maven-central.storage-download.googleapis.com/maven2/com/palantir/cassandra/palantir-cassandra/2.2.18-1.53.0/palantir-cassandra-2.2.18-1.53.0.jar returned status 404
2.2.18-1.54.0		2021-04-14T15:02:43Z	IOException: Tail request on https://maven-central.storage-download.googleapis.com/maven2/com/palantir/cassandra/palantir-cassandra/2.2.18-1.54.0/palantir-cassandra-2.2.18-1.54.0.jar returned status 404
2.2.18-1.55.0		2021-05-03T15:54:09Z	IOException: Tail request on https://maven-central.storage-download.googleapis.com/maven2/com/palantir/cassandra/palantir-cassandra/2.2.18-1.55.0/palantir-cassandra-2.2.18-1.55.0.jar returned status 404
2.2.18-1.56.0		2021-05-17T20:01:48Z	IOException: Tail request on https://maven-central.storage-download.googleapis.com/maven2/com/palantir/cassandra/palantir-cassandra/2.2.18-1.56.0/palantir-cassandra-2.2.18-1.56.0.jar returned status 404
2.2.18-1.56.0-rc1		2021-05-06T14:08:01Z	IOException: Tail request on https://maven-central.storage-download.googleapis.com/maven2/com/palantir/cassandra/palantir-cassandra/2.2.18-1.56.0-rc1/palantir-cassandra-2.2.18-1.56.0-rc1.jar returned status 404
2.2.18-1.56.0-rc2		2021-06-25T18:25:05Z	IOException: Tail request on https://maven-central.storage-download.googleapis.com/maven2/com/palantir/cassandra/palantir-cassandra/2.2.18-1.56.0-rc2/palantir-cassandra-2.2.18-1.56.0-rc2.jar returned status 404
2.2.18-1.56.0-rc5		2021-06-25T23:55:01Z	IOException: Tail request on https://maven-central.storage-download.googleapis.com/maven2/com/palantir/cassandra/palantir-cassandra/2.2.18-1.56.0-rc5/palantir-cassandra-2.2.18-1.56.0-rc5.jar returned status 404
2.2.18-1.57.0		2021-08-09T16:43:28Z	IOException: Tail request on https://maven-central.storage-download.googleapis.com/maven2/com/palantir/cassandra/palantir-cassandra/2.2.18-1.57.0/palantir-cassandra-2.2.18-1.57.0.jar returned status 404
2.2.18-1.57.0-rc2		2021-06-18T16:03:47Z	IOException: Tail request on https://maven-central.storage-download.googleapis.com/maven2/com/palantir/cassandra/palantir-cassandra/2.2.18-1.57.0-rc2/palantir-cassandra-2.2.18-1.57.0-rc2.jar returned status 404
2.2.18-1.57.1		2021-08-09T20:20:04Z	IOException: Tail request on https://maven-central.storage-download.googleapis.com/maven2/com/palantir/cassandra/palantir-cassandra/2.2.18-1.57.1/palantir-cassandra-2.2.18-1.57.1.jar returned status 404
2.2.18-1.58.0-rc1		2021-08-16T14:11:15Z	IOException: Tail request on https://maven-central.storage-download.googleapis.com/maven2/com/palantir/cassandra/palantir-cassandra/2.2.18-1.58.0-rc1/palantir-cassandra-2.2.18-1.58.0-rc1.jar returned status 404
2.2.18-1.58.0-rc2		2021-08-23T12:17:55Z	IOException: Tail request on https://maven-central.storage-download.googleapis.com/maven2/com/palantir/cassandra/palantir-cassandra/2.2.18-1.58.0-rc2/palantir-cassandra-2.2.18-1.58.0-rc2.jar returned status 404
2.2.18-1.58.0-rc3		2021-08-30T14:42:50Z	IOException: Tail request on https://maven-central.storage-download.googleapis.com/maven2/com/palantir/cassandra/palantir-cassandra/2.2.18-1.58.0-rc3/palantir-cassandra-2.2.18-1.58.0-rc3.jar returned status 404
2.2.18-1.58.0-rc4		2021-08-31T14:12:13Z	IOException: Tail request on https://maven-central.storage-download.googleapis.com/maven2/com/palantir/cassandra/palantir-cassandra/2.2.18-1.58.0-rc4/palantir-cassandra-2.2.18-1.58.0-rc4.jar returned status 404
2.2.18-1.58.0-rc5		2021-09-06T12:18:55Z	IOException: Tail request on https://maven-central.storage-download.googleapis.com/maven2/com/palantir/cassandra/palantir-cassandra/2.2.18-1.58.0-rc5/palantir-cassandra-2.2.18-1.58.0-rc5.jar returned status 404
2.2.18-1.58.0-rc6		2021-09-06T18:18:45Z	IOException: Tail request on https://maven-central.storage-download.googleapis.com/maven2/com/palantir/cassandra/palantir-cassandra/2.2.18-1.58.0-rc6/palantir-cassandra-2.2.18-1.58.0-rc6.jar returned status 404
2.2.18-1.58.0-rc7		2021-09-07T08:04:55Z	IOException: Tail request on https://maven-central.storage-download.googleapis.com/maven2/com/palantir/cassandra/palantir-cassandra/2.2.18-1.58.0-rc7/palantir-cassandra-2.2.18-1.58.0-rc7.jar returned status 404
2.2.18-1.58.0-rc8		2021-09-10T20:12:12Z	IOException: Tail request on https://maven-central.storage-download.googleapis.com/maven2/com/palantir/cassandra/palantir-cassandra/2.2.18-1.58.0-rc8/palantir-cassandra-2.2.18-1.58.0-rc8.jar returned status 404
2.2.18-1.59.0		2021-09-11T16:44:49Z	IOException: Tail request on https://maven-central.storage-download.googleapis.com/maven2/com/palantir/cassandra/palantir-cassandra/2.2.18-1.59.0/palantir-cassandra-2.2.18-1.59.0.jar returned status 404
2.2.18-1.60.0		2021-09-12T02:10:25Z	IOException: Tail request on https://maven-central.storage-download.googleapis.com/maven2/com/palantir/cassandra/palantir-cassandra/2.2.18-1.60.0/palantir-cassandra-2.2.18-1.60.0.jar returned status 404
2.2.18-1.61.0		2021-09-13T18:22:25Z	IOException: Tail request on https://maven-central.storage-download.googleapis.com/maven2/com/palantir/cassandra/palantir-cassandra/2.2.18-1.61.0/palantir-cassandra-2.2.18-1.61.0.jar returned status 404
2.2.18-1.62.0		2021-09-13T22:04:44Z	IOException: Tail request on https://maven-central.storage-download.googleapis.com/maven2/com/palantir/cassandra/palantir-cassandra/2.2.18-1.62.0/palantir-cassandra-2.2.18-1.62.0.jar returned status 404
2.2.18-1.63.0		2021-09-20T15:42:03Z	IOException: Tail request on https://maven-central.storage-download.googleapis.com/maven2/com/palantir/cassandra/palantir-cassandra/2.2.18-1.63.0/palantir-cassandra-2.2.18-1.63.0.jar returned status 404
2.2.18-1.63.0-rc2		2021-09-15T21:12:54Z	IOException: Tail request on https://maven-central.storage-download.googleapis.com/maven2/com/palantir/cassandra/palantir-cassandra/2.2.18-1.63.0-rc2/palantir-cassandra-2.2.18-1.63.0-rc2.jar returned status 404
2.2.18-1.63.0-rc3		2021-09-23T14:17:39Z	IOException: Tail request on https://maven-central.storage-download.googleapis.com/maven2/com/palantir/cassandra/palantir-cassandra/2.2.18-1.63.0-rc3/palantir-cassandra-2.2.18-1.63.0-rc3.jar returned status 404
2.2.18-1.63.0-rc4		2021-09-24T05:52:53Z	IOException: Tail request on https://maven-central.storage-download.googleapis.com/maven2/com/palantir/cassandra/palantir-cassandra/2.2.18-1.63.0-rc4/palantir-cassandra-2.2.18-1.63.0-rc4.jar returned status 404
2.2.18-1.63.0-rc5		2021-09-27T18:48:04Z	IOException: Tail request on https://maven-central.storage-download.googleapis.com/maven2/com/palantir/cassandra/palantir-cassandra/2.2.18-1.63.0-rc5/palantir-cassandra-2.2.18-1.63.0-rc5.jar returned status 404
2.2.18-1.64.0		2021-10-25T11:10:22Z	IOException: Tail request on https://maven-central.storage-download.googleapis.com/maven2/com/palantir/cassandra/palantir-cassandra/2.2.18-1.64.0/palantir-cassandra-2.2.18-1.64.0.jar returned status 404
2.2.18-1.66.0		2021-11-16T14:02:11Z	IOException: Tail request on https://maven-central.storage-download.googleapis.com/maven2/com/palantir/cassandra/palantir-cassandra/2.2.18-1.66.0/palantir-cassandra-2.2.18-1.66.0.jar returned status 404
2.2.18-1.67.0		2021-11-19T08:52:08Z	IOException: Tail request on https://maven-central.storage-download.googleapis.com/maven2/com/palantir/cassandra/palantir-cassandra/2.2.18-1.67.0/palantir-cassandra-2.2.18-1.67.0.jar returned status 404
2.2.18-1.68.0		2021-11-22T17:58:37Z	IOException: Tail request on https://maven-central.storage-download.googleapis.com/maven2/com/palantir/cassandra/palantir-cassandra/2.2.18-1.68.0/palantir-cassandra-2.2.18-1.68.0.jar returned status 404
2.2.18-1.69.0		2021-11-23T14:20:03Z	IOException: Tail request on https://maven-central.storage-download.googleapis.com/maven2/com/palantir/cassandra/palantir-cassandra/2.2.18-1.69.0/palantir-cassandra-2.2.18-1.69.0.jar returned status 404
2.2.18-1.70.0		2021-11-24T19:43:44Z	IOException: Tail request on https://maven-central.storage-download.googleapis.com/maven2/com/palantir/cassandra/palantir-cassandra/2.2.18-1.70.0/palantir-cassandra-2.2.18-1.70.0.jar returned status 404
2.2.18-1.70.0-rc2		2021-12-06T18:04:02Z	IOException: Tail request on https://maven-central.storage-download.googleapis.com/maven2/com/palantir/cassandra/palantir-cassandra/2.2.18-1.70.0-rc2/palantir-cassandra-2.2.18-1.70.0-rc2.jar returned status 404
2.2.18-1.71.0		2021-12-08T00:09:59Z	IOException: Tail request on https://maven-central.storage-download.googleapis.com/maven2/com/palantir/cassandra/palantir-cassandra/2.2.18-1.71.0/palantir-cassandra-2.2.18-1.71.0.jar returned status 404
2.2.18-1.72.0		2021-12-10T18:14:16Z	IOException: Tail request on https://maven-central.storage-download.googleapis.com/maven2/com/palantir/cassandra/palantir-cassandra/2.2.18-1.72.0/palantir-cassandra-2.2.18-1.72.0.jar returned status 404
2.2.18-1.73.0		2022-01-04T17:55:31Z	IOException: Tail request on https://maven-central.storage-download.googleapis.com/maven2/com/palantir/cassandra/palantir-cassandra/2.2.18-1.73.0/palantir-cassandra-2.2.18-1.73.0.jar returned status 404
2.2.18-1.73.1		2022-01-04T20:24:13Z	IOException: Tail request on https://maven-central.storage-download.googleapis.com/maven2/com/palantir/cassandra/palantir-cassandra/2.2.18-1.73.1/palantir-cassandra-2.2.18-1.73.1.jar returned status 404
2.2.18-1.74.0		2022-01-10T14:55:18Z	IOException: Tail request on https://maven-central.storage-download.googleapis.com/maven2/com/palantir/cassandra/palantir-cassandra/2.2.18-1.74.0/palantir-cassandra-2.2.18-1.74.0.jar returned status 404
2.2.18-1.75.0		2022-01-13T22:42:55Z	IOException: Tail request on https://maven-central.storage-download.googleapis.com/maven2/com/palantir/cassandra/palantir-cassandra/2.2.18-1.75.0/palantir-cassandra-2.2.18-1.75.0.jar returned status 404
2.2.18-1.75.0-rc3		2022-02-01T17:27:29Z	IOException: Tail request on https://maven-central.storage-download.googleapis.com/maven2/com/palantir/cassandra/palantir-cassandra/2.2.18-1.75.0-rc3/palantir-cassandra-2.2.18-1.75.0-rc3.jar returned status 404
2.2.18-1.76.0		2022-02-04T01:27:54Z	IOException: Tail request on https://maven-central.storage-download.googleapis.com/maven2/com/palantir/cassandra/palantir-cassandra/2.2.18-1.76.0/palantir-cassandra-2.2.18-1.76.0.jar returned status 404
2.2.18-1.76.0-rc1		2022-02-02T22:13:59Z	IOException: Tail request on https://maven-central.storage-download.googleapis.com/maven2/com/palantir/cassandra/palantir-cassandra/2.2.18-1.76.0-rc1/palantir-cassandra-2.2.18-1.76.0-rc1.jar returned status 404
2.2.18-1.77.0		2022-02-08T17:04:25Z	IOException: Tail request on https://maven-central.storage-download.googleapis.com/maven2/com/palantir/cassandra/palantir-cassandra/2.2.18-1.77.0/palantir-cassandra-2.2.18-1.77.0.jar returned status 404
2.2.18-1.77.0-rc1		2022-02-04T11:35:30Z	IOException: Tail request on https://maven-central.storage-download.googleapis.com/maven2/com/palantir/cassandra/palantir-cassandra/2.2.18-1.77.0-rc1/palantir-cassandra-2.2.18-1.77.0-rc1.jar returned status 404
2.2.18-1.78.0		2022-02-09T12:22:07Z	IOException: Tail request on https://maven-central.storage-download.googleapis.com/maven2/com/palantir/cassandra/palantir-cassandra/2.2.18-1.78.0/palantir-cassandra-2.2.18-1.78.0.jar returned status 404
2.2.18-1.79.0		2022-02-10T09:59:58Z	IOException: Tail request on https://maven-central.storage-download.googleapis.com/maven2/com/palantir/cassandra/palantir-cassandra/2.2.18-1.79.0/palantir-cassandra-2.2.18-1.79.0.jar returned status 404
2.2.18-1.80.0		2022-03-16T15:16:51Z	IOException: Tail request on https://maven-central.storage-download.googleapis.com/maven2/com/palantir/cassandra/palantir-cassandra/2.2.18-1.80.0/palantir-cassandra-2.2.18-1.80.0.jar returned status 404
2.2.18-1.80.0-rc1		2022-03-11T16:00:13Z	IOException: Tail request on https://maven-central.storage-download.googleapis.com/maven2/com/palantir/cassandra/palantir-cassandra/2.2.18-1.80.0-rc1/palantir-cassandra-2.2.18-1.80.0-rc1.jar returned status 404
2.2.18-1.81.0		2022-03-18T01:37:52Z	IOException: Tail request on https://maven-central.storage-download.googleapis.com/maven2/com/palantir/cassandra/palantir-cassandra/2.2.18-1.81.0/palantir-cassandra-2.2.18-1.81.0.jar returned status 404
2.2.18-1.82.0		2022-03-23T18:42:57Z	IOException: Tail request on https://maven-central.storage-download.googleapis.com/maven2/com/palantir/cassandra/palantir-cassandra/2.2.18-1.82.0/palantir-cassandra-2.2.18-1.82.0.jar returned status 404
2.2.18-1.82.0-rc1		2022-03-28T17:04:04Z	IOException: Tail request on https://maven-central.storage-download.googleapis.com/maven2/com/palantir/cassandra/palantir-cassandra/2.2.18-1.82.0-rc1/palantir-cassandra-2.2.18-1.82.0-rc1.jar returned status 404
2.2.18-1.82.0-rc10		2022-04-21T15:41:04Z	IOException: Tail request on https://maven-central.storage-download.googleapis.com/maven2/com/palantir/cassandra/palantir-cassandra/2.2.18-1.82.0-rc10/palantir-cassandra-2.2.18-1.82.0-rc10.jar returned status 404
2.2.18-1.82.0-rc2		2022-04-14T23:49:22Z	IOException: Tail request on https://maven-central.storage-download.googleapis.com/maven2/com/palantir/cassandra/palantir-cassandra/2.2.18-1.82.0-rc2/palantir-cassandra-2.2.18-1.82.0-rc2.jar returned status 404
2.2.18-1.82.0-rc3		2022-04-19T16:54:19Z	IOException: Tail request on https://maven-central.storage-download.googleapis.com/maven2/com/palantir/cassandra/palantir-cassandra/2.2.18-1.82.0-rc3/palantir-cassandra-2.2.18-1.82.0-rc3.jar returned status 404
2.2.18-1.82.0-rc6		2022-04-20T13:07:59Z	IOException: Tail request on https://maven-central.storage-download.googleapis.com/maven2/com/palantir/cassandra/palantir-cassandra/2.2.18-1.82.0-rc6/palantir-cassandra-2.2.18-1.82.0-rc6.jar returned status 404
2.2.18-1.82.0-rc8		2022-04-21T10:50:58Z	IOException: Tail request on https://maven-central.storage-download.googleapis.com/maven2/com/palantir/cassandra/palantir-cassandra/2.2.18-1.82.0-rc8/palantir-cassandra-2.2.18-1.82.0-rc8.jar returned status 404
2.2.18-1.82.0-rc9		2022-04-21T10:31:53Z	IOException: Tail request on https://maven-central.storage-download.googleapis.com/maven2/com/palantir/cassandra/palantir-cassandra/2.2.18-1.82.0-rc9/palantir-cassandra-2.2.18-1.82.0-rc9.jar returned status 404
2.2.18-1.83.0-rc2		2022-04-26T09:08:06Z	IOException: Tail request on https://maven-central.storage-download.googleapis.com/maven2/com/palantir/cassandra/palantir-cassandra/2.2.18-1.83.0-rc2/palantir-cassandra-2.2.18-1.83.0-rc2.jar returned status 404
2.2.18-1.84.0		2022-04-26T12:25:05Z	IOException: Tail request on https://maven-central.storage-download.googleapis.com/maven2/com/palantir/cassandra/palantir-cassandra/2.2.18-1.84.0/palantir-cassandra-2.2.18-1.84.0.jar returned status 404
2.2.18-1.85.0		2022-04-27T16:19:18Z	IOException: Tail request on https://maven-central.storage-download.googleapis.com/maven2/com/palantir/cassandra/palantir-cassandra/2.2.18-1.85.0/palantir-cassandra-2.2.18-1.85.0.jar returned status 404
2.2.18-1.86.0		2022-05-05T10:46:17Z	IOException: Tail request on https://maven-central.storage-download.googleapis.com/maven2/com/palantir/cassandra/palantir-cassandra/2.2.18-1.86.0/palantir-cassandra-2.2.18-1.86.0.jar returned status 404
2.2.18-1.86.0-rc1		2022-04-28T12:06:25Z	IOException: Tail request on https://maven-central.storage-download.googleapis.com/maven2/com/palantir/cassandra/palantir-cassandra/2.2.18-1.86.0-rc1/palantir-cassandra-2.2.18-1.86.0-rc1.jar returned status 404
2.2.18-1.87.0		2022-05-09T16:56:57Z	IOException: Tail request on https://maven-central.storage-download.googleapis.com/maven2/com/palantir/cassandra/palantir-cassandra/2.2.18-1.87.0/palantir-cassandra-2.2.18-1.87.0.jar returned status 404
2.2.18-1.88.0		2022-05-09T21:39:53Z	IOException: Tail request on https://maven-central.storage-download.googleapis.com/maven2/com/palantir/cassandra/palantir-cassandra/2.2.18-1.88.0/palantir-cassandra-2.2.18-1.88.0.jar returned status 404
2.2.18-1.89.0		2022-05-11T15:17:34Z	IOException: Tail request on https://maven-central.storage-download.googleapis.com/maven2/com/palantir/cassandra/palantir-cassandra/2.2.18-1.89.0/palantir-cassandra-2.2.18-1.89.0.jar returned status 404
2.2.18-1.90.0		2022-05-16T17:29:22Z	IOException: Tail request on https://maven-central.storage-download.googleapis.com/maven2/com/palantir/cassandra/palantir-cassandra/2.2.18-1.90.0/palantir-cassandra-2.2.18-1.90.0.jar returned status 404
2.2.18-1.90.0-rc1		2022-05-13T14:09:43Z	IOException: Tail request on https://maven-central.storage-download.googleapis.com/maven2/com/palantir/cassandra/palantir-cassandra/2.2.18-1.90.0-rc1/palantir-cassandra-2.2.18-1.90.0-rc1.jar returned status 404
2.2.18-1.91.0		2022-05-31T20:27:01Z	IOException: Tail request on https://maven-central.storage-download.googleapis.com/maven2/com/palantir/cassandra/palantir-cassandra/2.2.18-1.91.0/palantir-cassandra-2.2.18-1.91.0.jar returned status 404
2.2.18-1.91.0-rc1		2022-05-27T17:21:09Z	IOException: Tail request on https://maven-central.storage-download.googleapis.com/maven2/com/palantir/cassandra/palantir-cassandra/2.2.18-1.91.0-rc1/palantir-cassandra-2.2.18-1.91.0-rc1.jar returned status 404
2.2.18-1.92.0		2022-06-07T14:07:08Z	IOException: Tail request on https://maven-central.storage-download.googleapis.com/maven2/com/palantir/cassandra/palantir-cassandra/2.2.18-1.92.0/palantir-cassandra-2.2.18-1.92.0.jar returned status 404
2.2.18-1.93.0		2022-06-16T22:01:08Z	IOException: Tail request on https://maven-central.storage-download.googleapis.com/maven2/com/palantir/cassandra/palantir-cassandra/2.2.18-1.93.0/palantir-cassandra-2.2.18-1.93.0.jar returned status 404
2.2.18-1.95.0		2022-06-20T15:10:40Z	IOException: Tail request on https://maven-central.storage-download.googleapis.com/maven2/com/palantir/cassandra/palantir-cassandra/2.2.18-1.95.0/palantir-cassandra-2.2.18-1.95.0.jar returned status 404
2.2.18-1.95.0-rc1		2022-06-23T15:59:40Z	IOException: Tail request on https://maven-central.storage-download.googleapis.com/maven2/com/palantir/cassandra/palantir-cassandra/2.2.18-1.95.0-rc1/palantir-cassandra-2.2.18-1.95.0-rc1.jar returned status 404
2.2.18-1.95.0-rc2		2022-06-23T16:53:48Z	IOException: Tail request on https://maven-central.storage-download.googleapis.com/maven2/com/palantir/cassandra/palantir-cassandra/2.2.18-1.95.0-rc2/palantir-cassandra-2.2.18-1.95.0-rc2.jar returned status 404
2.2.18-1.95.0-rc3		2022-06-24T12:25:50Z	IOException: Tail request on https://maven-central.storage-download.googleapis.com/maven2/com/palantir/cassandra/palantir-cassandra/2.2.18-1.95.0-rc3/palantir-cassandra-2.2.18-1.95.0-rc3.jar returned status 404
2.2.18-1.95.0-rc4		2022-06-24T12:27:34Z	IOException: Tail request on https://maven-central.storage-download.googleapis.com/maven2/com/palantir/cassandra/palantir-cassandra/2.2.18-1.95.0-rc4/palantir-cassandra-2.2.18-1.95.0-rc4.jar returned status 404
2.2.18-1.96.0		2022-06-27T14:53:08Z	IOException: Tail request on https://maven-central.storage-download.googleapis.com/maven2/com/palantir/cassandra/palantir-cassandra/2.2.18-1.96.0/palantir-cassandra-2.2.18-1.96.0.jar returned status 404
2.2.18-1.97.0		2022-06-28T13:34:10Z	IOException: Tail request on https://maven-central.storage-download.googleapis.com/maven2/com/palantir/cassandra/palantir-cassandra/2.2.18-1.97.0/palantir-cassandra-2.2.18-1.97.0.jar returned status 404
2.2.18-1.98.0		2022-07-11T13:17:08Z	IOException: Tail request on https://maven-central.storage-download.googleapis.com/maven2/com/palantir/cassandra/palantir-cassandra/2.2.18-1.98.0/palantir-cassandra-2.2.18-1.98.0.jar returned status 404
2.2.18-1.98.0-rc1		2022-07-05T09:12:38Z	IOException: Tail request on https://maven-central.storage-download.googleapis.com/maven2/com/palantir/cassandra/palantir-cassandra/2.2.18-1.98.0-rc1/palantir-cassandra-2.2.18-1.98.0-rc1.jar returned status 404
2.2.18-1.98.0-rc3		2022-07-05T12:33:04Z	IOException: Tail request on https://maven-central.storage-download.googleapis.com/maven2/com/palantir/cassandra/palantir-cassandra/2.2.18-1.98.0-rc3/palantir-cassandra-2.2.18-1.98.0-rc3.jar returned status 404
2.2.18-1.98.0-rc4		2022-07-07T10:17:45Z	IOException: Tail request on https://maven-central.storage-download.googleapis.com/maven2/com/palantir/cassandra/palantir-cassandra/2.2.18-1.98.0-rc4/palantir-cassandra-2.2.18-1.98.0-rc4.jar returned status 404
2.2.18-1.99.0		2022-08-03T16:52:18Z	IOException: Tail request on https://maven-central.storage-download.googleapis.com/maven2/com/palantir/cassandra/palantir-cassandra/2.2.18-1.99.0/palantir-cassandra-2.2.18-1.99.0.jar returned status 404
2.2.18-2.2.18-1.111.0		2023-03-31T01:04:58Z	IOException: Tail request on https://maven-central.storage-download.googleapis.com/maven2/com/palantir/cassandra/palantir-cassandra/2.2.18-2.2.18-1.111.0/palantir-cassandra-2.2.18-2.2.18-1.111.0.jar returned status 404
2.2.18-2.2.18-1.144.0-rc1		2024-04-29T22:03:26Z	IOException: Tail request on https://maven-central.storage-download.googleapis.com/maven2/com/palantir/cassandra/palantir-cassandra/2.2.18-2.2.18-1.144.0-rc1/palantir-cassandra-2.2.18-2.2.18-1.144.0-rc1.jar returned status 404
2.2.18-2.2.18-1.147.0-rc3		2024-05-22T19:51:14Z	IOException: Tail request on https://maven-central.storage-download.googleapis.com/maven2/com/palantir/cassandra/palantir-cassandra/2.2.18-2.2.18-1.147.0-rc3/palantir-cassandra-2.2.18-2.2.18-1.147.0-rc3.jar returned status 404
2.2.18-2.2.18-1.153.0		2024-07-03T19:53:39Z	IOException: Tail request on https://maven-central.storage-download.googleapis.com/maven2/com/palantir/cassandra/palantir-cassandra/2.2.18-2.2.18-1.153.0/palantir-cassandra-2.2.18-2.2.18-1.153.0.jar returned status 404
2.2.18-2.2.18-1.166.0-rc3		2024-10-24T02:16:23Z	IOException: Tail request on https://maven-central.storage-download.googleapis.com/maven2/com/palantir/cassandra/palantir-cassandra/2.2.18-2.2.18-1.166.0-rc3/palantir-cassandra-2.2.18-2.2.18-1.166.0-rc3.jar returned status 404
2.2.18-2.2.18-1.166.0-rc4		2024-10-24T18:16:54Z	IOException: Tail request on https://maven-central.storage-download.googleapis.com/maven2/com/palantir/cassandra/palantir-cassandra/2.2.18-2.2.18-1.166.0-rc4/palantir-cassandra-2.2.18-2.2.18-1.166.0-rc4.jar returned status 404
2.2.18-2.2.18-1.170.1-rc1		2024-11-05T22:20:37Z	IOException: Tail request on https://maven-central.storage-download.googleapis.com/maven2/com/palantir/cassandra/palantir-cassandra/2.2.18-2.2.18-1.170.1-rc1/palantir-cassandra-2.2.18-2.2.18-1.170.1-rc1.jar returned status 404
2.2.18-2.2.18-1.56.0		2021-05-17T19:21:42Z	IOException: Tail request on https://maven-central.storage-download.googleapis.com/maven2/com/palantir/cassandra/palantir-cassandra/2.2.18-2.2.18-1.56.0/palantir-cassandra-2.2.18-2.2.18-1.56.0.jar returned status 404
2.2.18-2.2.18-1.75.0-rc1		2022-01-12T15:25:44Z	IOException: Tail request on https://maven-central.storage-download.googleapis.com/maven2/com/palantir/cassandra/palantir-cassandra/2.2.18-2.2.18-1.75.0-rc1/palantir-cassandra-2.2.18-2.2.18-1.75.0-rc1.jar returned status 404
