0.0.1			IOException: Tail request on https://maven-central.storage-download.googleapis.com/maven2/me/proton/mail/common/lib/0.0.1/lib-0.0.1.jar returned status 404
0.0.9999			IOException: Tail request on https://maven-central.storage-download.googleapis.com/maven2/me/proton/mail/common/lib/0.0.9999/lib-0.0.9999.jar returned status 404
0.1.1			IOException: Tail request on https://maven-central.storage-download.googleapis.com/maven2/me/proton/mail/common/lib/0.1.1/lib-0.1.1.jar returned status 404
0.1.12345			IOException: Tail request on https://maven-central.storage-download.googleapis.com/maven2/me/proton/mail/common/lib/0.1.12345/lib-0.1.12345.jar returned status 404
0.1.3			IOException: Tail request on https://maven-central.storage-download.googleapis.com/maven2/me/proton/mail/common/lib/0.1.3/lib-0.1.3.jar returned status 404
0.10.10			IOException: Tail request on https://maven-central.storage-download.googleapis.com/maven2/me/proton/mail/common/lib/0.10.10/lib-0.10.10.jar returned status 404
0.10.11			IOException: Tail request on https://maven-central.storage-download.googleapis.com/maven2/me/proton/mail/common/lib/0.10.11/lib-0.10.11.jar returned status 404
0.10.12			IOException: Tail request on https://maven-central.storage-download.googleapis.com/maven2/me/proton/mail/common/lib/0.10.12/lib-0.10.12.jar returned status 404
0.10.13			IOException: Tail request on https://maven-central.storage-download.googleapis.com/maven2/me/proton/mail/common/lib/0.10.13/lib-0.10.13.jar returned status 404
0.10.14			IOException: Tail request on https://maven-central.storage-download.googleapis.com/maven2/me/proton/mail/common/lib/0.10.14/lib-0.10.14.jar returned status 404
0.10.15			IOException: Tail request on https://maven-central.storage-download.googleapis.com/maven2/me/proton/mail/common/lib/0.10.15/lib-0.10.15.jar returned status 404
0.10.16			IOException: Tail request on https://maven-central.storage-download.googleapis.com/maven2/me/proton/mail/common/lib/0.10.16/lib-0.10.16.jar returned status 404
0.10.17			IOException: Tail request on https://maven-central.storage-download.googleapis.com/maven2/me/proton/mail/common/lib/0.10.17/lib-0.10.17.jar returned status 404
0.10.18			IOException: Tail request on https://maven-central.storage-download.googleapis.com/maven2/me/proton/mail/common/lib/0.10.18/lib-0.10.18.jar returned status 404
0.10.19			IOException: Tail request on https://maven-central.storage-download.googleapis.com/maven2/me/proton/mail/common/lib/0.10.19/lib-0.10.19.jar returned status 404
0.10.20			IOException: Tail request on https://maven-central.storage-download.googleapis.com/maven2/me/proton/mail/common/lib/0.10.20/lib-0.10.20.jar returned status 404
0.10.21			IOException: Tail request on https://maven-central.storage-download.googleapis.com/maven2/me/proton/mail/common/lib/0.10.21/lib-0.10.21.jar returned status 404
0.10.22			IOException: Tail request on https://maven-central.storage-download.googleapis.com/maven2/me/proton/mail/common/lib/0.10.22/lib-0.10.22.jar returned status 404
0.10.23			IOException: Tail request on https://maven-central.storage-download.googleapis.com/maven2/me/proton/mail/common/lib/0.10.23/lib-0.10.23.jar returned status 404
0.10.24			IOException: Tail request on https://maven-central.storage-download.googleapis.com/maven2/me/proton/mail/common/lib/0.10.24/lib-0.10.24.jar returned status 404
0.10.25			IOException: Tail request on https://maven-central.storage-download.googleapis.com/maven2/me/proton/mail/common/lib/0.10.25/lib-0.10.25.jar returned status 404
0.10.26			IOException: Tail request on https://maven-central.storage-download.googleapis.com/maven2/me/proton/mail/common/lib/0.10.26/lib-0.10.26.jar returned status 404
0.10.27			IOException: Tail request on https://maven-central.storage-download.googleapis.com/maven2/me/proton/mail/common/lib/0.10.27/lib-0.10.27.jar returned status 404
0.10.28			IOException: Tail request on https://maven-central.storage-download.googleapis.com/maven2/me/proton/mail/common/lib/0.10.28/lib-0.10.28.jar returned status 404
0.10.29			IOException: Tail request on https://maven-central.storage-download.googleapis.com/maven2/me/proton/mail/common/lib/0.10.29/lib-0.10.29.jar returned status 404
0.10.3			IOException: Tail request on https://maven-central.storage-download.googleapis.com/maven2/me/proton/mail/common/lib/0.10.3/lib-0.10.3.jar returned status 404
0.10.30			IOException: Tail request on https://maven-central.storage-download.googleapis.com/maven2/me/proton/mail/common/lib/0.10.30/lib-0.10.30.jar returned status 404
0.10.31			IOException: Tail request on https://maven-central.storage-download.googleapis.com/maven2/me/proton/mail/common/lib/0.10.31/lib-0.10.31.jar returned status 404
0.10.32			IOException: Tail request on https://maven-central.storage-download.googleapis.com/maven2/me/proton/mail/common/lib/0.10.32/lib-0.10.32.jar returned status 404
0.10.33			IOException: Tail request on https://maven-central.storage-download.googleapis.com/maven2/me/proton/mail/common/lib/0.10.33/lib-0.10.33.jar returned status 404
0.10.34			IOException: Tail request on https://maven-central.storage-download.googleapis.com/maven2/me/proton/mail/common/lib/0.10.34/lib-0.10.34.jar returned status 404
0.10.4			IOException: Tail request on https://maven-central.storage-download.googleapis.com/maven2/me/proton/mail/common/lib/0.10.4/lib-0.10.4.jar returned status 404
0.10.5			IOException: Tail request on https://maven-central.storage-download.googleapis.com/maven2/me/proton/mail/common/lib/0.10.5/lib-0.10.5.jar returned status 404
0.10.6			IOException: Tail request on https://maven-central.storage-download.googleapis.com/maven2/me/proton/mail/common/lib/0.10.6/lib-0.10.6.jar returned status 404
0.10.7			IOException: Tail request on https://maven-central.storage-download.googleapis.com/maven2/me/proton/mail/common/lib/0.10.7/lib-0.10.7.jar returned status 404
0.10.8			IOException: Tail request on https://maven-central.storage-download.googleapis.com/maven2/me/proton/mail/common/lib/0.10.8/lib-0.10.8.jar returned status 404
0.10.9			IOException: Tail request on https://maven-central.storage-download.googleapis.com/maven2/me/proton/mail/common/lib/0.10.9/lib-0.10.9.jar returned status 404
0.100.0			IOException: Tail request on https://maven-central.storage-download.googleapis.com/maven2/me/proton/mail/common/lib/0.100.0/lib-0.100.0.jar returned status 404
0.101.0			IOException: Tail request on https://maven-central.storage-download.googleapis.com/maven2/me/proton/mail/common/lib/0.101.0/lib-0.101.0.jar returned status 404
0.102.0			IOException: Tail request on https://maven-central.storage-download.googleapis.com/maven2/me/proton/mail/common/lib/0.102.0/lib-0.102.0.jar returned status 404
0.103.0			IOException: Tail request on https://maven-central.storage-download.googleapis.com/maven2/me/proton/mail/common/lib/0.103.0/lib-0.103.0.jar returned status 404
0.104.0			IOException: Tail request on https://maven-central.storage-download.googleapis.com/maven2/me/proton/mail/common/lib/0.104.0/lib-0.104.0.jar returned status 404
0.105.0			IOException: Tail request on https://maven-central.storage-download.googleapis.com/maven2/me/proton/mail/common/lib/0.105.0/lib-0.105.0.jar returned status 404
0.105.1			IOException: Tail request on https://maven-central.storage-download.googleapis.com/maven2/me/proton/mail/common/lib/0.105.1/lib-0.105.1.jar returned status 404
0.105.10			IOException: Tail request on https://maven-central.storage-download.googleapis.com/maven2/me/proton/mail/common/lib/0.105.10/lib-0.105.10.jar returned status 404
0.105.11			IOException: Tail request on https://maven-central.storage-download.googleapis.com/maven2/me/proton/mail/common/lib/0.105.11/lib-0.105.11.jar returned status 404
0.105.2			IOException: Tail request on https://maven-central.storage-download.googleapis.com/maven2/me/proton/mail/common/lib/0.105.2/lib-0.105.2.jar returned status 404
0.105.3			IOException: Tail request on https://maven-central.storage-download.googleapis.com/maven2/me/proton/mail/common/lib/0.105.3/lib-0.105.3.jar returned status 404
0.105.4			IOException: Tail request on https://maven-central.storage-download.googleapis.com/maven2/me/proton/mail/common/lib/0.105.4/lib-0.105.4.jar returned status 404
0.105.5			IOException: Tail request on https://maven-central.storage-download.googleapis.com/maven2/me/proton/mail/common/lib/0.105.5/lib-0.105.5.jar returned status 404
0.105.6			IOException: Tail request on https://maven-central.storage-download.googleapis.com/maven2/me/proton/mail/common/lib/0.105.6/lib-0.105.6.jar returned status 404
0.105.7			IOException: Tail request on https://maven-central.storage-download.googleapis.com/maven2/me/proton/mail/common/lib/0.105.7/lib-0.105.7.jar returned status 404
0.105.8			IOException: Tail request on https://maven-central.storage-download.googleapis.com/maven2/me/proton/mail/common/lib/0.105.8/lib-0.105.8.jar returned status 404
0.105.9			IOException: Tail request on https://maven-central.storage-download.googleapis.com/maven2/me/proton/mail/common/lib/0.105.9/lib-0.105.9.jar returned status 404
0.106.0			IOException: Tail request on https://maven-central.storage-download.googleapis.com/maven2/me/proton/mail/common/lib/0.106.0/lib-0.106.0.jar returned status 404
0.107.0			IOException: Tail request on https://maven-central.storage-download.googleapis.com/maven2/me/proton/mail/common/lib/0.107.0/lib-0.107.0.jar returned status 404
0.108.0			IOException: Tail request on https://maven-central.storage-download.googleapis.com/maven2/me/proton/mail/common/lib/0.108.0/lib-0.108.0.jar returned status 404
0.109.0			IOException: Tail request on https://maven-central.storage-download.googleapis.com/maven2/me/proton/mail/common/lib/0.109.0/lib-0.109.0.jar returned status 404
0.109.1			IOException: Tail request on https://maven-central.storage-download.googleapis.com/maven2/me/proton/mail/common/lib/0.109.1/lib-0.109.1.jar returned status 404
0.11.1			IOException: Tail request on https://maven-central.storage-download.googleapis.com/maven2/me/proton/mail/common/lib/0.11.1/lib-0.11.1.jar returned status 404
0.11.10			IOException: Tail request on https://maven-central.storage-download.googleapis.com/maven2/me/proton/mail/common/lib/0.11.10/lib-0.11.10.jar returned status 404
0.11.11			IOException: Tail request on https://maven-central.storage-download.googleapis.com/maven2/me/proton/mail/common/lib/0.11.11/lib-0.11.11.jar returned status 404
0.11.12			IOException: Tail request on https://maven-central.storage-download.googleapis.com/maven2/me/proton/mail/common/lib/0.11.12/lib-0.11.12.jar returned status 404
0.11.13			IOException: Tail request on https://maven-central.storage-download.googleapis.com/maven2/me/proton/mail/common/lib/0.11.13/lib-0.11.13.jar returned status 404
0.11.14			IOException: Tail request on https://maven-central.storage-download.googleapis.com/maven2/me/proton/mail/common/lib/0.11.14/lib-0.11.14.jar returned status 404
0.11.15			IOException: Tail request on https://maven-central.storage-download.googleapis.com/maven2/me/proton/mail/common/lib/0.11.15/lib-0.11.15.jar returned status 404
0.11.16			IOException: Tail request on https://maven-central.storage-download.googleapis.com/maven2/me/proton/mail/common/lib/0.11.16/lib-0.11.16.jar returned status 404
0.11.17			IOException: Tail request on https://maven-central.storage-download.googleapis.com/maven2/me/proton/mail/common/lib/0.11.17/lib-0.11.17.jar returned status 404
0.11.18			IOException: Tail request on https://maven-central.storage-download.googleapis.com/maven2/me/proton/mail/common/lib/0.11.18/lib-0.11.18.jar returned status 404
0.11.19			IOException: Tail request on https://maven-central.storage-download.googleapis.com/maven2/me/proton/mail/common/lib/0.11.19/lib-0.11.19.jar returned status 404
0.11.2			IOException: Tail request on https://maven-central.storage-download.googleapis.com/maven2/me/proton/mail/common/lib/0.11.2/lib-0.11.2.jar returned status 404
0.11.20			IOException: Tail request on https://maven-central.storage-download.googleapis.com/maven2/me/proton/mail/common/lib/0.11.20/lib-0.11.20.jar returned status 404
0.11.21			IOException: Tail request on https://maven-central.storage-download.googleapis.com/maven2/me/proton/mail/common/lib/0.11.21/lib-0.11.21.jar returned status 404
0.11.22			IOException: Tail request on https://maven-central.storage-download.googleapis.com/maven2/me/proton/mail/common/lib/0.11.22/lib-0.11.22.jar returned status 404
0.11.23			IOException: Tail request on https://maven-central.storage-download.googleapis.com/maven2/me/proton/mail/common/lib/0.11.23/lib-0.11.23.jar returned status 404
0.11.24			IOException: Tail request on https://maven-central.storage-download.googleapis.com/maven2/me/proton/mail/common/lib/0.11.24/lib-0.11.24.jar returned status 404
0.11.25			IOException: Tail request on https://maven-central.storage-download.googleapis.com/maven2/me/proton/mail/common/lib/0.11.25/lib-0.11.25.jar returned status 404
0.11.26			IOException: Tail request on https://maven-central.storage-download.googleapis.com/maven2/me/proton/mail/common/lib/0.11.26/lib-0.11.26.jar returned status 404
0.11.27			IOException: Tail request on https://maven-central.storage-download.googleapis.com/maven2/me/proton/mail/common/lib/0.11.27/lib-0.11.27.jar returned status 404
0.11.28			IOException: Tail request on https://maven-central.storage-download.googleapis.com/maven2/me/proton/mail/common/lib/0.11.28/lib-0.11.28.jar returned status 404
0.11.29			IOException: Tail request on https://maven-central.storage-download.googleapis.com/maven2/me/proton/mail/common/lib/0.11.29/lib-0.11.29.jar returned status 404
0.11.3			IOException: Tail request on https://maven-central.storage-download.googleapis.com/maven2/me/proton/mail/common/lib/0.11.3/lib-0.11.3.jar returned status 404
0.11.30			IOException: Tail request on https://maven-central.storage-download.googleapis.com/maven2/me/proton/mail/common/lib/0.11.30/lib-0.11.30.jar returned status 404
0.11.31			IOException: Tail request on https://maven-central.storage-download.googleapis.com/maven2/me/proton/mail/common/lib/0.11.31/lib-0.11.31.jar returned status 404
0.11.32			IOException: Tail request on https://maven-central.storage-download.googleapis.com/maven2/me/proton/mail/common/lib/0.11.32/lib-0.11.32.jar returned status 404
0.11.33			IOException: Tail request on https://maven-central.storage-download.googleapis.com/maven2/me/proton/mail/common/lib/0.11.33/lib-0.11.33.jar returned status 404
0.11.34			IOException: Tail request on https://maven-central.storage-download.googleapis.com/maven2/me/proton/mail/common/lib/0.11.34/lib-0.11.34.jar returned status 404
0.11.35			IOException: Tail request on https://maven-central.storage-download.googleapis.com/maven2/me/proton/mail/common/lib/0.11.35/lib-0.11.35.jar returned status 404
0.11.36			IOException: Tail request on https://maven-central.storage-download.googleapis.com/maven2/me/proton/mail/common/lib/0.11.36/lib-0.11.36.jar returned status 404
0.11.37			IOException: Tail request on https://maven-central.storage-download.googleapis.com/maven2/me/proton/mail/common/lib/0.11.37/lib-0.11.37.jar returned status 404
0.11.38			IOException: Tail request on https://maven-central.storage-download.googleapis.com/maven2/me/proton/mail/common/lib/0.11.38/lib-0.11.38.jar returned status 404
0.11.39			IOException: Tail request on https://maven-central.storage-download.googleapis.com/maven2/me/proton/mail/common/lib/0.11.39/lib-0.11.39.jar returned status 404
0.11.4			IOException: Tail request on https://maven-central.storage-download.googleapis.com/maven2/me/proton/mail/common/lib/0.11.4/lib-0.11.4.jar returned status 404
0.11.40			IOException: Tail request on https://maven-central.storage-download.googleapis.com/maven2/me/proton/mail/common/lib/0.11.40/lib-0.11.40.jar returned status 404
0.11.41			IOException: Tail request on https://maven-central.storage-download.googleapis.com/maven2/me/proton/mail/common/lib/0.11.41/lib-0.11.41.jar returned status 404
0.11.42			IOException: Tail request on https://maven-central.storage-download.googleapis.com/maven2/me/proton/mail/common/lib/0.11.42/lib-0.11.42.jar returned status 404
0.11.43			IOException: Tail request on https://maven-central.storage-download.googleapis.com/maven2/me/proton/mail/common/lib/0.11.43/lib-0.11.43.jar returned status 404
0.11.44			IOException: Tail request on https://maven-central.storage-download.googleapis.com/maven2/me/proton/mail/common/lib/0.11.44/lib-0.11.44.jar returned status 404
0.11.45			IOException: Tail request on https://maven-central.storage-download.googleapis.com/maven2/me/proton/mail/common/lib/0.11.45/lib-0.11.45.jar returned status 404
0.11.46			IOException: Tail request on https://maven-central.storage-download.googleapis.com/maven2/me/proton/mail/common/lib/0.11.46/lib-0.11.46.jar returned status 404
0.11.47			IOException: Tail request on https://maven-central.storage-download.googleapis.com/maven2/me/proton/mail/common/lib/0.11.47/lib-0.11.47.jar returned status 404
0.11.48			IOException: Tail request on https://maven-central.storage-download.googleapis.com/maven2/me/proton/mail/common/lib/0.11.48/lib-0.11.48.jar returned status 404
0.11.49			IOException: Tail request on https://maven-central.storage-download.googleapis.com/maven2/me/proton/mail/common/lib/0.11.49/lib-0.11.49.jar returned status 404
0.11.5			IOException: Tail request on https://maven-central.storage-download.googleapis.com/maven2/me/proton/mail/common/lib/0.11.5/lib-0.11.5.jar returned status 404
0.11.50			IOException: Tail request on https://maven-central.storage-download.googleapis.com/maven2/me/proton/mail/common/lib/0.11.50/lib-0.11.50.jar returned status 404
0.11.51			IOException: Tail request on https://maven-central.storage-download.googleapis.com/maven2/me/proton/mail/common/lib/0.11.51/lib-0.11.51.jar returned status 404
0.11.52			IOException: Tail request on https://maven-central.storage-download.googleapis.com/maven2/me/proton/mail/common/lib/0.11.52/lib-0.11.52.jar returned status 404
0.11.53			IOException: Tail request on https://maven-central.storage-download.googleapis.com/maven2/me/proton/mail/common/lib/0.11.53/lib-0.11.53.jar returned status 404
0.11.54			IOException: Tail request on https://maven-central.storage-download.googleapis.com/maven2/me/proton/mail/common/lib/0.11.54/lib-0.11.54.jar returned status 404
0.11.55			IOException: Tail request on https://maven-central.storage-download.googleapis.com/maven2/me/proton/mail/common/lib/0.11.55/lib-0.11.55.jar returned status 404
0.11.56			IOException: Tail request on https://maven-central.storage-download.googleapis.com/maven2/me/proton/mail/common/lib/0.11.56/lib-0.11.56.jar returned status 404
0.11.6			IOException: Tail request on https://maven-central.storage-download.googleapis.com/maven2/me/proton/mail/common/lib/0.11.6/lib-0.11.6.jar returned status 404
0.11.7			IOException: Tail request on https://maven-central.storage-download.googleapis.com/maven2/me/proton/mail/common/lib/0.11.7/lib-0.11.7.jar returned status 404
0.11.8			IOException: Tail request on https://maven-central.storage-download.googleapis.com/maven2/me/proton/mail/common/lib/0.11.8/lib-0.11.8.jar returned status 404
0.11.9			IOException: Tail request on https://maven-central.storage-download.googleapis.com/maven2/me/proton/mail/common/lib/0.11.9/lib-0.11.9.jar returned status 404
0.110.0			IOException: Tail request on https://maven-central.storage-download.googleapis.com/maven2/me/proton/mail/common/lib/0.110.0/lib-0.110.0.jar returned status 404
0.111.0			IOException: Tail request on https://maven-central.storage-download.googleapis.com/maven2/me/proton/mail/common/lib/0.111.0/lib-0.111.0.jar returned status 404
0.112.0			IOException: Tail request on https://maven-central.storage-download.googleapis.com/maven2/me/proton/mail/common/lib/0.112.0/lib-0.112.0.jar returned status 404
0.113.0			IOException: Tail request on https://maven-central.storage-download.googleapis.com/maven2/me/proton/mail/common/lib/0.113.0/lib-0.113.0.jar returned status 404
0.114.0			IOException: Tail request on https://maven-central.storage-download.googleapis.com/maven2/me/proton/mail/common/lib/0.114.0/lib-0.114.0.jar returned status 404
0.115.0			IOException: Tail request on https://maven-central.storage-download.googleapis.com/maven2/me/proton/mail/common/lib/0.115.0/lib-0.115.0.jar returned status 404
0.115.1			IOException: Tail request on https://maven-central.storage-download.googleapis.com/maven2/me/proton/mail/common/lib/0.115.1/lib-0.115.1.jar returned status 404
0.115.2			IOException: Tail request on https://maven-central.storage-download.googleapis.com/maven2/me/proton/mail/common/lib/0.115.2/lib-0.115.2.jar returned status 404
0.115.3			IOException: Tail request on https://maven-central.storage-download.googleapis.com/maven2/me/proton/mail/common/lib/0.115.3/lib-0.115.3.jar returned status 404
0.115.4			IOException: Tail request on https://maven-central.storage-download.googleapis.com/maven2/me/proton/mail/common/lib/0.115.4/lib-0.115.4.jar returned status 404
0.115.5			IOException: Tail request on https://maven-central.storage-download.googleapis.com/maven2/me/proton/mail/common/lib/0.115.5/lib-0.115.5.jar returned status 404
0.115.6			IOException: Tail request on https://maven-central.storage-download.googleapis.com/maven2/me/proton/mail/common/lib/0.115.6/lib-0.115.6.jar returned status 404
0.115.7			IOException: Tail request on https://maven-central.storage-download.googleapis.com/maven2/me/proton/mail/common/lib/0.115.7/lib-0.115.7.jar returned status 404
0.115.8			IOException: Tail request on https://maven-central.storage-download.googleapis.com/maven2/me/proton/mail/common/lib/0.115.8/lib-0.115.8.jar returned status 404
0.116.0			IOException: Tail request on https://maven-central.storage-download.googleapis.com/maven2/me/proton/mail/common/lib/0.116.0/lib-0.116.0.jar returned status 404
0.117.0			IOException: Tail request on https://maven-central.storage-download.googleapis.com/maven2/me/proton/mail/common/lib/0.117.0/lib-0.117.0.jar returned status 404
0.118.0			IOException: Tail request on https://maven-central.storage-download.googleapis.com/maven2/me/proton/mail/common/lib/0.118.0/lib-0.118.0.jar returned status 404
0.119.0			IOException: Tail request on https://maven-central.storage-download.googleapis.com/maven2/me/proton/mail/common/lib/0.119.0/lib-0.119.0.jar returned status 404
0.12.1			IOException: Tail request on https://maven-central.storage-download.googleapis.com/maven2/me/proton/mail/common/lib/0.12.1/lib-0.12.1.jar returned status 404
0.120.0			IOException: Tail request on https://maven-central.storage-download.googleapis.com/maven2/me/proton/mail/common/lib/0.120.0/lib-0.120.0.jar returned status 404
0.121.0			IOException: Tail request on https://maven-central.storage-download.googleapis.com/maven2/me/proton/mail/common/lib/0.121.0/lib-0.121.0.jar returned status 404
0.122.0			IOException: Tail request on https://maven-central.storage-download.googleapis.com/maven2/me/proton/mail/common/lib/0.122.0/lib-0.122.0.jar returned status 404
0.122.1			IOException: Tail request on https://maven-central.storage-download.googleapis.com/maven2/me/proton/mail/common/lib/0.122.1/lib-0.122.1.jar returned status 404
0.123.0			IOException: Tail request on https://maven-central.storage-download.googleapis.com/maven2/me/proton/mail/common/lib/0.123.0/lib-0.123.0.jar returned status 404
0.124.0			IOException: Tail request on https://maven-central.storage-download.googleapis.com/maven2/me/proton/mail/common/lib/0.124.0/lib-0.124.0.jar returned status 404
0.125.0			IOException: Tail request on https://maven-central.storage-download.googleapis.com/maven2/me/proton/mail/common/lib/0.125.0/lib-0.125.0.jar returned status 404
0.125.1			IOException: Tail request on https://maven-central.storage-download.googleapis.com/maven2/me/proton/mail/common/lib/0.125.1/lib-0.125.1.jar returned status 404
0.125.2			IOException: Tail request on https://maven-central.storage-download.googleapis.com/maven2/me/proton/mail/common/lib/0.125.2/lib-0.125.2.jar returned status 404
0.125.3			IOException: Tail request on https://maven-central.storage-download.googleapis.com/maven2/me/proton/mail/common/lib/0.125.3/lib-0.125.3.jar returned status 404
0.125.4			IOException: Tail request on https://maven-central.storage-download.googleapis.com/maven2/me/proton/mail/common/lib/0.125.4/lib-0.125.4.jar returned status 404
0.125.5			IOException: Tail request on https://maven-central.storage-download.googleapis.com/maven2/me/proton/mail/common/lib/0.125.5/lib-0.125.5.jar returned status 404
0.125.6			IOException: Tail request on https://maven-central.storage-download.googleapis.com/maven2/me/proton/mail/common/lib/0.125.6/lib-0.125.6.jar returned status 404
0.125.7			IOException: Tail request on https://maven-central.storage-download.googleapis.com/maven2/me/proton/mail/common/lib/0.125.7/lib-0.125.7.jar returned status 404
0.125.8			IOException: Tail request on https://maven-central.storage-download.googleapis.com/maven2/me/proton/mail/common/lib/0.125.8/lib-0.125.8.jar returned status 404
0.126.0			IOException: Tail request on https://maven-central.storage-download.googleapis.com/maven2/me/proton/mail/common/lib/0.126.0/lib-0.126.0.jar returned status 404
0.127.0			IOException: Tail request on https://maven-central.storage-download.googleapis.com/maven2/me/proton/mail/common/lib/0.127.0/lib-0.127.0.jar returned status 404
0.128.0			IOException: Tail request on https://maven-central.storage-download.googleapis.com/maven2/me/proton/mail/common/lib/0.128.0/lib-0.128.0.jar returned status 404
0.128.1			IOException: Tail request on https://maven-central.storage-download.googleapis.com/maven2/me/proton/mail/common/lib/0.128.1/lib-0.128.1.jar returned status 404
0.129.0			IOException: Tail request on https://maven-central.storage-download.googleapis.com/maven2/me/proton/mail/common/lib/0.129.0/lib-0.129.0.jar returned status 404
0.13.0			IOException: Tail request on https://maven-central.storage-download.googleapis.com/maven2/me/proton/mail/common/lib/0.13.0/lib-0.13.0.jar returned status 404
0.130.0			IOException: Tail request on https://maven-central.storage-download.googleapis.com/maven2/me/proton/mail/common/lib/0.130.0/lib-0.130.0.jar returned status 404
0.131.0			IOException: Tail request on https://maven-central.storage-download.googleapis.com/maven2/me/proton/mail/common/lib/0.131.0/lib-0.131.0.jar returned status 404
0.132.0			IOException: Tail request on https://maven-central.storage-download.googleapis.com/maven2/me/proton/mail/common/lib/0.132.0/lib-0.132.0.jar returned status 404
0.133.0			IOException: Tail request on https://maven-central.storage-download.googleapis.com/maven2/me/proton/mail/common/lib/0.133.0/lib-0.133.0.jar returned status 404
0.133.1			IOException: Tail request on https://maven-central.storage-download.googleapis.com/maven2/me/proton/mail/common/lib/0.133.1/lib-0.133.1.jar returned status 404
0.134.0			IOException: Tail request on https://maven-central.storage-download.googleapis.com/maven2/me/proton/mail/common/lib/0.134.0/lib-0.134.0.jar returned status 404
0.135.0			IOException: Tail request on https://maven-central.storage-download.googleapis.com/maven2/me/proton/mail/common/lib/0.135.0/lib-0.135.0.jar returned status 404
0.136.0			IOException: Tail request on https://maven-central.storage-download.googleapis.com/maven2/me/proton/mail/common/lib/0.136.0/lib-0.136.0.jar returned status 404
0.137.0			IOException: Tail request on https://maven-central.storage-download.googleapis.com/maven2/me/proton/mail/common/lib/0.137.0/lib-0.137.0.jar returned status 404
0.138.0			IOException: Tail request on https://maven-central.storage-download.googleapis.com/maven2/me/proton/mail/common/lib/0.138.0/lib-0.138.0.jar returned status 404
0.139.0			IOException: Tail request on https://maven-central.storage-download.googleapis.com/maven2/me/proton/mail/common/lib/0.139.0/lib-0.139.0.jar returned status 404
0.14.0			IOException: Tail request on https://maven-central.storage-download.googleapis.com/maven2/me/proton/mail/common/lib/0.14.0/lib-0.14.0.jar returned status 404
0.140.0			IOException: Tail request on https://maven-central.storage-download.googleapis.com/maven2/me/proton/mail/common/lib/0.140.0/lib-0.140.0.jar returned status 404
0.141.0			IOException: Tail request on https://maven-central.storage-download.googleapis.com/maven2/me/proton/mail/common/lib/0.141.0/lib-0.141.0.jar returned status 404
0.142.0			IOException: Tail request on https://maven-central.storage-download.googleapis.com/maven2/me/proton/mail/common/lib/0.142.0/lib-0.142.0.jar returned status 404
0.142.1			IOException: Tail request on https://maven-central.storage-download.googleapis.com/maven2/me/proton/mail/common/lib/0.142.1/lib-0.142.1.jar returned status 404
0.142.10			IOException: Tail request on https://maven-central.storage-download.googleapis.com/maven2/me/proton/mail/common/lib/0.142.10/lib-0.142.10.jar returned status 404
0.142.11			IOException: Tail request on https://maven-central.storage-download.googleapis.com/maven2/me/proton/mail/common/lib/0.142.11/lib-0.142.11.jar returned status 404
0.142.12			IOException: Tail request on https://maven-central.storage-download.googleapis.com/maven2/me/proton/mail/common/lib/0.142.12/lib-0.142.12.jar returned status 404
0.142.13			IOException: Tail request on https://maven-central.storage-download.googleapis.com/maven2/me/proton/mail/common/lib/0.142.13/lib-0.142.13.jar returned status 404
0.142.14			IOException: Tail request on https://maven-central.storage-download.googleapis.com/maven2/me/proton/mail/common/lib/0.142.14/lib-0.142.14.jar returned status 404
0.142.15			IOException: Tail request on https://maven-central.storage-download.googleapis.com/maven2/me/proton/mail/common/lib/0.142.15/lib-0.142.15.jar returned status 404
0.142.16			IOException: Tail request on https://maven-central.storage-download.googleapis.com/maven2/me/proton/mail/common/lib/0.142.16/lib-0.142.16.jar returned status 404
0.142.17			IOException: Tail request on https://maven-central.storage-download.googleapis.com/maven2/me/proton/mail/common/lib/0.142.17/lib-0.142.17.jar returned status 404
0.142.2			IOException: Tail request on https://maven-central.storage-download.googleapis.com/maven2/me/proton/mail/common/lib/0.142.2/lib-0.142.2.jar returned status 404
0.142.3			IOException: Tail request on https://maven-central.storage-download.googleapis.com/maven2/me/proton/mail/common/lib/0.142.3/lib-0.142.3.jar returned status 404
0.142.4			IOException: Tail request on https://maven-central.storage-download.googleapis.com/maven2/me/proton/mail/common/lib/0.142.4/lib-0.142.4.jar returned status 404
0.142.5			IOException: Tail request on https://maven-central.storage-download.googleapis.com/maven2/me/proton/mail/common/lib/0.142.5/lib-0.142.5.jar returned status 404
0.142.6			IOException: Tail request on https://maven-central.storage-download.googleapis.com/maven2/me/proton/mail/common/lib/0.142.6/lib-0.142.6.jar returned status 404
0.142.7			IOException: Tail request on https://maven-central.storage-download.googleapis.com/maven2/me/proton/mail/common/lib/0.142.7/lib-0.142.7.jar returned status 404
0.142.8			IOException: Tail request on https://maven-central.storage-download.googleapis.com/maven2/me/proton/mail/common/lib/0.142.8/lib-0.142.8.jar returned status 404
0.142.9			IOException: Tail request on https://maven-central.storage-download.googleapis.com/maven2/me/proton/mail/common/lib/0.142.9/lib-0.142.9.jar returned status 404
0.143.0			IOException: Tail request on https://maven-central.storage-download.googleapis.com/maven2/me/proton/mail/common/lib/0.143.0/lib-0.143.0.jar returned status 404
0.143.1			IOException: Tail request on https://maven-central.storage-download.googleapis.com/maven2/me/proton/mail/common/lib/0.143.1/lib-0.143.1.jar returned status 404
0.143.10			IOException: Tail request on https://maven-central.storage-download.googleapis.com/maven2/me/proton/mail/common/lib/0.143.10/lib-0.143.10.jar returned status 404
0.143.11			IOException: Tail request on https://maven-central.storage-download.googleapis.com/maven2/me/proton/mail/common/lib/0.143.11/lib-0.143.11.jar returned status 404
0.143.12			IOException: Tail request on https://maven-central.storage-download.googleapis.com/maven2/me/proton/mail/common/lib/0.143.12/lib-0.143.12.jar returned status 404
0.143.13			IOException: Tail request on https://maven-central.storage-download.googleapis.com/maven2/me/proton/mail/common/lib/0.143.13/lib-0.143.13.jar returned status 404
0.143.14			IOException: Tail request on https://maven-central.storage-download.googleapis.com/maven2/me/proton/mail/common/lib/0.143.14/lib-0.143.14.jar returned status 404
0.143.2			IOException: Tail request on https://maven-central.storage-download.googleapis.com/maven2/me/proton/mail/common/lib/0.143.2/lib-0.143.2.jar returned status 404
0.143.3			IOException: Tail request on https://maven-central.storage-download.googleapis.com/maven2/me/proton/mail/common/lib/0.143.3/lib-0.143.3.jar returned status 404
0.143.5			IOException: Tail request on https://maven-central.storage-download.googleapis.com/maven2/me/proton/mail/common/lib/0.143.5/lib-0.143.5.jar returned status 404
0.143.6			IOException: Tail request on https://maven-central.storage-download.googleapis.com/maven2/me/proton/mail/common/lib/0.143.6/lib-0.143.6.jar returned status 404
0.143.7			IOException: Tail request on https://maven-central.storage-download.googleapis.com/maven2/me/proton/mail/common/lib/0.143.7/lib-0.143.7.jar returned status 404
0.143.8			IOException: Tail request on https://maven-central.storage-download.googleapis.com/maven2/me/proton/mail/common/lib/0.143.8/lib-0.143.8.jar returned status 404
0.143.9			IOException: Tail request on https://maven-central.storage-download.googleapis.com/maven2/me/proton/mail/common/lib/0.143.9/lib-0.143.9.jar returned status 404
0.144.0			IOException: Tail request on https://maven-central.storage-download.googleapis.com/maven2/me/proton/mail/common/lib/0.144.0/lib-0.144.0.jar returned status 404
0.144.1			IOException: Tail request on https://maven-central.storage-download.googleapis.com/maven2/me/proton/mail/common/lib/0.144.1/lib-0.144.1.jar returned status 404
0.144.2			IOException: Tail request on https://maven-central.storage-download.googleapis.com/maven2/me/proton/mail/common/lib/0.144.2/lib-0.144.2.jar returned status 404
0.144.3			IOException: Tail request on https://maven-central.storage-download.googleapis.com/maven2/me/proton/mail/common/lib/0.144.3/lib-0.144.3.jar returned status 404
0.145.0			IOException: Tail request on https://maven-central.storage-download.googleapis.com/maven2/me/proton/mail/common/lib/0.145.0/lib-0.145.0.jar returned status 404
0.146.0			IOException: Tail request on https://maven-central.storage-download.googleapis.com/maven2/me/proton/mail/common/lib/0.146.0/lib-0.146.0.jar returned status 404
0.147.0			IOException: Tail request on https://maven-central.storage-download.googleapis.com/maven2/me/proton/mail/common/lib/0.147.0/lib-0.147.0.jar returned status 404
0.148.0			IOException: Tail request on https://maven-central.storage-download.googleapis.com/maven2/me/proton/mail/common/lib/0.148.0/lib-0.148.0.jar returned status 404
0.149.0			IOException: Tail request on https://maven-central.storage-download.googleapis.com/maven2/me/proton/mail/common/lib/0.149.0/lib-0.149.0.jar returned status 404
0.149.1			IOException: Tail request on https://maven-central.storage-download.googleapis.com/maven2/me/proton/mail/common/lib/0.149.1/lib-0.149.1.jar returned status 404
0.149.10			IOException: Tail request on https://maven-central.storage-download.googleapis.com/maven2/me/proton/mail/common/lib/0.149.10/lib-0.149.10.jar returned status 404
0.149.11			IOException: Tail request on https://maven-central.storage-download.googleapis.com/maven2/me/proton/mail/common/lib/0.149.11/lib-0.149.11.jar returned status 404
0.149.12			IOException: Tail request on https://maven-central.storage-download.googleapis.com/maven2/me/proton/mail/common/lib/0.149.12/lib-0.149.12.jar returned status 404
0.149.13			IOException: Tail request on https://maven-central.storage-download.googleapis.com/maven2/me/proton/mail/common/lib/0.149.13/lib-0.149.13.jar returned status 404
0.149.14			IOException: Tail request on https://maven-central.storage-download.googleapis.com/maven2/me/proton/mail/common/lib/0.149.14/lib-0.149.14.jar returned status 404
0.149.15			IOException: Tail request on https://maven-central.storage-download.googleapis.com/maven2/me/proton/mail/common/lib/0.149.15/lib-0.149.15.jar returned status 404
0.149.16			IOException: Tail request on https://maven-central.storage-download.googleapis.com/maven2/me/proton/mail/common/lib/0.149.16/lib-0.149.16.jar returned status 404
0.149.17			IOException: Tail request on https://maven-central.storage-download.googleapis.com/maven2/me/proton/mail/common/lib/0.149.17/lib-0.149.17.jar returned status 404
0.149.18			IOException: Tail request on https://maven-central.storage-download.googleapis.com/maven2/me/proton/mail/common/lib/0.149.18/lib-0.149.18.jar returned status 404
0.149.19			IOException: Tail request on https://maven-central.storage-download.googleapis.com/maven2/me/proton/mail/common/lib/0.149.19/lib-0.149.19.jar returned status 404
0.149.2			IOException: Tail request on https://maven-central.storage-download.googleapis.com/maven2/me/proton/mail/common/lib/0.149.2/lib-0.149.2.jar returned status 404
0.149.20			IOException: Tail request on https://maven-central.storage-download.googleapis.com/maven2/me/proton/mail/common/lib/0.149.20/lib-0.149.20.jar returned status 404
0.149.21			IOException: Tail request on https://maven-central.storage-download.googleapis.com/maven2/me/proton/mail/common/lib/0.149.21/lib-0.149.21.jar returned status 404
0.149.22			IOException: Tail request on https://maven-central.storage-download.googleapis.com/maven2/me/proton/mail/common/lib/0.149.22/lib-0.149.22.jar returned status 404
0.149.3			IOException: Tail request on https://maven-central.storage-download.googleapis.com/maven2/me/proton/mail/common/lib/0.149.3/lib-0.149.3.jar returned status 404
0.149.4			IOException: Tail request on https://maven-central.storage-download.googleapis.com/maven2/me/proton/mail/common/lib/0.149.4/lib-0.149.4.jar returned status 404
0.149.5			IOException: Tail request on https://maven-central.storage-download.googleapis.com/maven2/me/proton/mail/common/lib/0.149.5/lib-0.149.5.jar returned status 404
0.149.6			IOException: Tail request on https://maven-central.storage-download.googleapis.com/maven2/me/proton/mail/common/lib/0.149.6/lib-0.149.6.jar returned status 404
0.149.7			IOException: Tail request on https://maven-central.storage-download.googleapis.com/maven2/me/proton/mail/common/lib/0.149.7/lib-0.149.7.jar returned status 404
0.149.8			IOException: Tail request on https://maven-central.storage-download.googleapis.com/maven2/me/proton/mail/common/lib/0.149.8/lib-0.149.8.jar returned status 404
0.149.9			IOException: Tail request on https://maven-central.storage-download.googleapis.com/maven2/me/proton/mail/common/lib/0.149.9/lib-0.149.9.jar returned status 404
0.15.0			IOException: Tail request on https://maven-central.storage-download.googleapis.com/maven2/me/proton/mail/common/lib/0.15.0/lib-0.15.0.jar returned status 404
0.150.0			IOException: Tail request on https://maven-central.storage-download.googleapis.com/maven2/me/proton/mail/common/lib/0.150.0/lib-0.150.0.jar returned status 404
0.151.0			IOException: Tail request on https://maven-central.storage-download.googleapis.com/maven2/me/proton/mail/common/lib/0.151.0/lib-0.151.0.jar returned status 404
0.152.0			IOException: Tail request on https://maven-central.storage-download.googleapis.com/maven2/me/proton/mail/common/lib/0.152.0/lib-0.152.0.jar returned status 404
0.153.0			IOException: Tail request on https://maven-central.storage-download.googleapis.com/maven2/me/proton/mail/common/lib/0.153.0/lib-0.153.0.jar returned status 404
0.154.0			IOException: Tail request on https://maven-central.storage-download.googleapis.com/maven2/me/proton/mail/common/lib/0.154.0/lib-0.154.0.jar returned status 404
0.154.1			IOException: Tail request on https://maven-central.storage-download.googleapis.com/maven2/me/proton/mail/common/lib/0.154.1/lib-0.154.1.jar returned status 404
0.154.2			IOException: Tail request on https://maven-central.storage-download.googleapis.com/maven2/me/proton/mail/common/lib/0.154.2/lib-0.154.2.jar returned status 404
0.154.3			IOException: Tail request on https://maven-central.storage-download.googleapis.com/maven2/me/proton/mail/common/lib/0.154.3/lib-0.154.3.jar returned status 404
0.154.4			IOException: Tail request on https://maven-central.storage-download.googleapis.com/maven2/me/proton/mail/common/lib/0.154.4/lib-0.154.4.jar returned status 404
0.154.5			IOException: Tail request on https://maven-central.storage-download.googleapis.com/maven2/me/proton/mail/common/lib/0.154.5/lib-0.154.5.jar returned status 404
0.154.6			IOException: Tail request on https://maven-central.storage-download.googleapis.com/maven2/me/proton/mail/common/lib/0.154.6/lib-0.154.6.jar returned status 404
0.154.7			IOException: Tail request on https://maven-central.storage-download.googleapis.com/maven2/me/proton/mail/common/lib/0.154.7/lib-0.154.7.jar returned status 404
0.154.8			IOException: Tail request on https://maven-central.storage-download.googleapis.com/maven2/me/proton/mail/common/lib/0.154.8/lib-0.154.8.jar returned status 404
0.155.0			IOException: Tail request on https://maven-central.storage-download.googleapis.com/maven2/me/proton/mail/common/lib/0.155.0/lib-0.155.0.jar returned status 404
0.155.1			IOException: Tail request on https://maven-central.storage-download.googleapis.com/maven2/me/proton/mail/common/lib/0.155.1/lib-0.155.1.jar returned status 404
0.155.2			IOException: Tail request on https://maven-central.storage-download.googleapis.com/maven2/me/proton/mail/common/lib/0.155.2/lib-0.155.2.jar returned status 404
0.155.3			IOException: Tail request on https://maven-central.storage-download.googleapis.com/maven2/me/proton/mail/common/lib/0.155.3/lib-0.155.3.jar returned status 404
0.156.0			IOException: Tail request on https://maven-central.storage-download.googleapis.com/maven2/me/proton/mail/common/lib/0.156.0/lib-0.156.0.jar returned status 404
0.156.1			IOException: Tail request on https://maven-central.storage-download.googleapis.com/maven2/me/proton/mail/common/lib/0.156.1/lib-0.156.1.jar returned status 404
0.156.2			IOException: Tail request on https://maven-central.storage-download.googleapis.com/maven2/me/proton/mail/common/lib/0.156.2/lib-0.156.2.jar returned status 404
0.156.3			IOException: Tail request on https://maven-central.storage-download.googleapis.com/maven2/me/proton/mail/common/lib/0.156.3/lib-0.156.3.jar returned status 404
0.156.4			IOException: Tail request on https://maven-central.storage-download.googleapis.com/maven2/me/proton/mail/common/lib/0.156.4/lib-0.156.4.jar returned status 404
0.157.0			IOException: Tail request on https://maven-central.storage-download.googleapis.com/maven2/me/proton/mail/common/lib/0.157.0/lib-0.157.0.jar returned status 404
0.157.1			IOException: Tail request on https://maven-central.storage-download.googleapis.com/maven2/me/proton/mail/common/lib/0.157.1/lib-0.157.1.jar returned status 404
0.157.10			IOException: Tail request on https://maven-central.storage-download.googleapis.com/maven2/me/proton/mail/common/lib/0.157.10/lib-0.157.10.jar returned status 404
0.157.12			IOException: Tail request on https://maven-central.storage-download.googleapis.com/maven2/me/proton/mail/common/lib/0.157.12/lib-0.157.12.jar returned status 404
0.157.2			IOException: Tail request on https://maven-central.storage-download.googleapis.com/maven2/me/proton/mail/common/lib/0.157.2/lib-0.157.2.jar returned status 404
0.157.3			IOException: Tail request on https://maven-central.storage-download.googleapis.com/maven2/me/proton/mail/common/lib/0.157.3/lib-0.157.3.jar returned status 404
0.157.4			IOException: Tail request on https://maven-central.storage-download.googleapis.com/maven2/me/proton/mail/common/lib/0.157.4/lib-0.157.4.jar returned status 404
0.157.5			IOException: Tail request on https://maven-central.storage-download.googleapis.com/maven2/me/proton/mail/common/lib/0.157.5/lib-0.157.5.jar returned status 404
0.157.6			IOException: Tail request on https://maven-central.storage-download.googleapis.com/maven2/me/proton/mail/common/lib/0.157.6/lib-0.157.6.jar returned status 404
0.157.7			IOException: Tail request on https://maven-central.storage-download.googleapis.com/maven2/me/proton/mail/common/lib/0.157.7/lib-0.157.7.jar returned status 404
0.157.8			IOException: Tail request on https://maven-central.storage-download.googleapis.com/maven2/me/proton/mail/common/lib/0.157.8/lib-0.157.8.jar returned status 404
0.158.0			IOException: Tail request on https://maven-central.storage-download.googleapis.com/maven2/me/proton/mail/common/lib/0.158.0/lib-0.158.0.jar returned status 404
0.158.1			IOException: Tail request on https://maven-central.storage-download.googleapis.com/maven2/me/proton/mail/common/lib/0.158.1/lib-0.158.1.jar returned status 404
0.158.2			IOException: Tail request on https://maven-central.storage-download.googleapis.com/maven2/me/proton/mail/common/lib/0.158.2/lib-0.158.2.jar returned status 404
0.158.3			IOException: Tail request on https://maven-central.storage-download.googleapis.com/maven2/me/proton/mail/common/lib/0.158.3/lib-0.158.3.jar returned status 404
0.158.4			IOException: Tail request on https://maven-central.storage-download.googleapis.com/maven2/me/proton/mail/common/lib/0.158.4/lib-0.158.4.jar returned status 404
0.158.5			IOException: Tail request on https://maven-central.storage-download.googleapis.com/maven2/me/proton/mail/common/lib/0.158.5/lib-0.158.5.jar returned status 404
0.159.0			IOException: Tail request on https://maven-central.storage-download.googleapis.com/maven2/me/proton/mail/common/lib/0.159.0/lib-0.159.0.jar returned status 404
0.159.1			IOException: Tail request on https://maven-central.storage-download.googleapis.com/maven2/me/proton/mail/common/lib/0.159.1/lib-0.159.1.jar returned status 404
0.159.2			IOException: Tail request on https://maven-central.storage-download.googleapis.com/maven2/me/proton/mail/common/lib/0.159.2/lib-0.159.2.jar returned status 404
0.159.3			IOException: Tail request on https://maven-central.storage-download.googleapis.com/maven2/me/proton/mail/common/lib/0.159.3/lib-0.159.3.jar returned status 404
0.159.4			IOException: Tail request on https://maven-central.storage-download.googleapis.com/maven2/me/proton/mail/common/lib/0.159.4/lib-0.159.4.jar returned status 404
0.159.5			IOException: Tail request on https://maven-central.storage-download.googleapis.com/maven2/me/proton/mail/common/lib/0.159.5/lib-0.159.5.jar returned status 404
0.159.6			IOException: Tail request on https://maven-central.storage-download.googleapis.com/maven2/me/proton/mail/common/lib/0.159.6/lib-0.159.6.jar returned status 404
0.159.7			IOException: Tail request on https://maven-central.storage-download.googleapis.com/maven2/me/proton/mail/common/lib/0.159.7/lib-0.159.7.jar returned status 404
0.16.0			IOException: Tail request on https://maven-central.storage-download.googleapis.com/maven2/me/proton/mail/common/lib/0.16.0/lib-0.16.0.jar returned status 404
0.160.0			IOException: Tail request on https://maven-central.storage-download.googleapis.com/maven2/me/proton/mail/common/lib/0.160.0/lib-0.160.0.jar returned status 404
0.160.1			IOException: Tail request on https://maven-central.storage-download.googleapis.com/maven2/me/proton/mail/common/lib/0.160.1/lib-0.160.1.jar returned status 404
0.160.10			IOException: Tail request on https://maven-central.storage-download.googleapis.com/maven2/me/proton/mail/common/lib/0.160.10/lib-0.160.10.jar returned status 404
0.160.11			IOException: Tail request on https://maven-central.storage-download.googleapis.com/maven2/me/proton/mail/common/lib/0.160.11/lib-0.160.11.jar returned status 404
0.160.12			IOException: Tail request on https://maven-central.storage-download.googleapis.com/maven2/me/proton/mail/common/lib/0.160.12/lib-0.160.12.jar returned status 404
0.160.13			IOException: Tail request on https://maven-central.storage-download.googleapis.com/maven2/me/proton/mail/common/lib/0.160.13/lib-0.160.13.jar returned status 404
0.160.2			IOException: Tail request on https://maven-central.storage-download.googleapis.com/maven2/me/proton/mail/common/lib/0.160.2/lib-0.160.2.jar returned status 404
0.160.3			IOException: Tail request on https://maven-central.storage-download.googleapis.com/maven2/me/proton/mail/common/lib/0.160.3/lib-0.160.3.jar returned status 404
0.160.4			IOException: Tail request on https://maven-central.storage-download.googleapis.com/maven2/me/proton/mail/common/lib/0.160.4/lib-0.160.4.jar returned status 404
0.160.5			IOException: Tail request on https://maven-central.storage-download.googleapis.com/maven2/me/proton/mail/common/lib/0.160.5/lib-0.160.5.jar returned status 404
0.160.6			IOException: Tail request on https://maven-central.storage-download.googleapis.com/maven2/me/proton/mail/common/lib/0.160.6/lib-0.160.6.jar returned status 404
0.160.7			IOException: Tail request on https://maven-central.storage-download.googleapis.com/maven2/me/proton/mail/common/lib/0.160.7/lib-0.160.7.jar returned status 404
0.160.8			IOException: Tail request on https://maven-central.storage-download.googleapis.com/maven2/me/proton/mail/common/lib/0.160.8/lib-0.160.8.jar returned status 404
0.160.9			IOException: Tail request on https://maven-central.storage-download.googleapis.com/maven2/me/proton/mail/common/lib/0.160.9/lib-0.160.9.jar returned status 404
0.161.0			IOException: Tail request on https://maven-central.storage-download.googleapis.com/maven2/me/proton/mail/common/lib/0.161.0/lib-0.161.0.jar returned status 404
0.161.1			IOException: Tail request on https://maven-central.storage-download.googleapis.com/maven2/me/proton/mail/common/lib/0.161.1/lib-0.161.1.jar returned status 404
0.161.10			IOException: Tail request on https://maven-central.storage-download.googleapis.com/maven2/me/proton/mail/common/lib/0.161.10/lib-0.161.10.jar returned status 404
0.161.11			IOException: Tail request on https://maven-central.storage-download.googleapis.com/maven2/me/proton/mail/common/lib/0.161.11/lib-0.161.11.jar returned status 404
0.161.12			IOException: Tail request on https://maven-central.storage-download.googleapis.com/maven2/me/proton/mail/common/lib/0.161.12/lib-0.161.12.jar returned status 404
0.161.13			IOException: Tail request on https://maven-central.storage-download.googleapis.com/maven2/me/proton/mail/common/lib/0.161.13/lib-0.161.13.jar returned status 404
0.161.14			IOException: Tail request on https://maven-central.storage-download.googleapis.com/maven2/me/proton/mail/common/lib/0.161.14/lib-0.161.14.jar returned status 404
0.161.15			IOException: Tail request on https://maven-central.storage-download.googleapis.com/maven2/me/proton/mail/common/lib/0.161.15/lib-0.161.15.jar returned status 404
0.161.16			IOException: Tail request on https://maven-central.storage-download.googleapis.com/maven2/me/proton/mail/common/lib/0.161.16/lib-0.161.16.jar returned status 404
0.161.17			IOException: Tail request on https://maven-central.storage-download.googleapis.com/maven2/me/proton/mail/common/lib/0.161.17/lib-0.161.17.jar returned status 404
0.161.18			IOException: Tail request on https://maven-central.storage-download.googleapis.com/maven2/me/proton/mail/common/lib/0.161.18/lib-0.161.18.jar returned status 404
0.161.19			IOException: Tail request on https://maven-central.storage-download.googleapis.com/maven2/me/proton/mail/common/lib/0.161.19/lib-0.161.19.jar returned status 404
0.161.2			IOException: Tail request on https://maven-central.storage-download.googleapis.com/maven2/me/proton/mail/common/lib/0.161.2/lib-0.161.2.jar returned status 404
0.161.20			IOException: Tail request on https://maven-central.storage-download.googleapis.com/maven2/me/proton/mail/common/lib/0.161.20/lib-0.161.20.jar returned status 404
0.161.21			IOException: Tail request on https://maven-central.storage-download.googleapis.com/maven2/me/proton/mail/common/lib/0.161.21/lib-0.161.21.jar returned status 404
0.161.22			IOException: Tail request on https://maven-central.storage-download.googleapis.com/maven2/me/proton/mail/common/lib/0.161.22/lib-0.161.22.jar returned status 404
0.161.23			IOException: Tail request on https://maven-central.storage-download.googleapis.com/maven2/me/proton/mail/common/lib/0.161.23/lib-0.161.23.jar returned status 404
0.161.24			IOException: Tail request on https://maven-central.storage-download.googleapis.com/maven2/me/proton/mail/common/lib/0.161.24/lib-0.161.24.jar returned status 404
0.161.25			IOException: Tail request on https://maven-central.storage-download.googleapis.com/maven2/me/proton/mail/common/lib/0.161.25/lib-0.161.25.jar returned status 404
0.161.26			IOException: Tail request on https://maven-central.storage-download.googleapis.com/maven2/me/proton/mail/common/lib/0.161.26/lib-0.161.26.jar returned status 404
0.161.27			IOException: Tail request on https://maven-central.storage-download.googleapis.com/maven2/me/proton/mail/common/lib/0.161.27/lib-0.161.27.jar returned status 404
0.161.28			IOException: Tail request on https://maven-central.storage-download.googleapis.com/maven2/me/proton/mail/common/lib/0.161.28/lib-0.161.28.jar returned status 404
0.161.3			IOException: Tail request on https://maven-central.storage-download.googleapis.com/maven2/me/proton/mail/common/lib/0.161.3/lib-0.161.3.jar returned status 404
0.161.4			IOException: Tail request on https://maven-central.storage-download.googleapis.com/maven2/me/proton/mail/common/lib/0.161.4/lib-0.161.4.jar returned status 404
0.161.5			IOException: Tail request on https://maven-central.storage-download.googleapis.com/maven2/me/proton/mail/common/lib/0.161.5/lib-0.161.5.jar returned status 404
0.161.6			IOException: Tail request on https://maven-central.storage-download.googleapis.com/maven2/me/proton/mail/common/lib/0.161.6/lib-0.161.6.jar returned status 404
0.161.7			IOException: Tail request on https://maven-central.storage-download.googleapis.com/maven2/me/proton/mail/common/lib/0.161.7/lib-0.161.7.jar returned status 404
0.161.8			IOException: Tail request on https://maven-central.storage-download.googleapis.com/maven2/me/proton/mail/common/lib/0.161.8/lib-0.161.8.jar returned status 404
0.161.9			IOException: Tail request on https://maven-central.storage-download.googleapis.com/maven2/me/proton/mail/common/lib/0.161.9/lib-0.161.9.jar returned status 404
0.162.0			IOException: Tail request on https://maven-central.storage-download.googleapis.com/maven2/me/proton/mail/common/lib/0.162.0/lib-0.162.0.jar returned status 404
0.162.1			IOException: Tail request on https://maven-central.storage-download.googleapis.com/maven2/me/proton/mail/common/lib/0.162.1/lib-0.162.1.jar returned status 404
0.162.10			IOException: Tail request on https://maven-central.storage-download.googleapis.com/maven2/me/proton/mail/common/lib/0.162.10/lib-0.162.10.jar returned status 404
0.162.11			IOException: Tail request on https://maven-central.storage-download.googleapis.com/maven2/me/proton/mail/common/lib/0.162.11/lib-0.162.11.jar returned status 404
0.162.12			IOException: Tail request on https://maven-central.storage-download.googleapis.com/maven2/me/proton/mail/common/lib/0.162.12/lib-0.162.12.jar returned status 404
0.162.13			IOException: Tail request on https://maven-central.storage-download.googleapis.com/maven2/me/proton/mail/common/lib/0.162.13/lib-0.162.13.jar returned status 404
0.162.2			IOException: Tail request on https://maven-central.storage-download.googleapis.com/maven2/me/proton/mail/common/lib/0.162.2/lib-0.162.2.jar returned status 404
0.162.3			IOException: Tail request on https://maven-central.storage-download.googleapis.com/maven2/me/proton/mail/common/lib/0.162.3/lib-0.162.3.jar returned status 404
0.162.4			IOException: Tail request on https://maven-central.storage-download.googleapis.com/maven2/me/proton/mail/common/lib/0.162.4/lib-0.162.4.jar returned status 404
0.162.5			IOException: Tail request on https://maven-central.storage-download.googleapis.com/maven2/me/proton/mail/common/lib/0.162.5/lib-0.162.5.jar returned status 404
0.162.6			IOException: Tail request on https://maven-central.storage-download.googleapis.com/maven2/me/proton/mail/common/lib/0.162.6/lib-0.162.6.jar returned status 404
0.162.7			IOException: Tail request on https://maven-central.storage-download.googleapis.com/maven2/me/proton/mail/common/lib/0.162.7/lib-0.162.7.jar returned status 404
0.162.8			IOException: Tail request on https://maven-central.storage-download.googleapis.com/maven2/me/proton/mail/common/lib/0.162.8/lib-0.162.8.jar returned status 404
0.162.9			IOException: Tail request on https://maven-central.storage-download.googleapis.com/maven2/me/proton/mail/common/lib/0.162.9/lib-0.162.9.jar returned status 404
0.163.0			IOException: Tail request on https://maven-central.storage-download.googleapis.com/maven2/me/proton/mail/common/lib/0.163.0/lib-0.163.0.jar returned status 404
0.163.1			IOException: Tail request on https://maven-central.storage-download.googleapis.com/maven2/me/proton/mail/common/lib/0.163.1/lib-0.163.1.jar returned status 404
0.163.2			IOException: Tail request on https://maven-central.storage-download.googleapis.com/maven2/me/proton/mail/common/lib/0.163.2/lib-0.163.2.jar returned status 404
0.163.3			IOException: Tail request on https://maven-central.storage-download.googleapis.com/maven2/me/proton/mail/common/lib/0.163.3/lib-0.163.3.jar returned status 404
0.163.4			IOException: Tail request on https://maven-central.storage-download.googleapis.com/maven2/me/proton/mail/common/lib/0.163.4/lib-0.163.4.jar returned status 404
0.164.0			IOException: Tail request on https://maven-central.storage-download.googleapis.com/maven2/me/proton/mail/common/lib/0.164.0/lib-0.164.0.jar returned status 404
0.164.1			IOException: Tail request on https://maven-central.storage-download.googleapis.com/maven2/me/proton/mail/common/lib/0.164.1/lib-0.164.1.jar returned status 404
0.164.10			IOException: Tail request on https://maven-central.storage-download.googleapis.com/maven2/me/proton/mail/common/lib/0.164.10/lib-0.164.10.jar returned status 404
0.164.11			IOException: Tail request on https://maven-central.storage-download.googleapis.com/maven2/me/proton/mail/common/lib/0.164.11/lib-0.164.11.jar returned status 404
0.164.12			IOException: Tail request on https://maven-central.storage-download.googleapis.com/maven2/me/proton/mail/common/lib/0.164.12/lib-0.164.12.jar returned status 404
0.164.13			IOException: Tail request on https://maven-central.storage-download.googleapis.com/maven2/me/proton/mail/common/lib/0.164.13/lib-0.164.13.jar returned status 404
0.164.14			IOException: Tail request on https://maven-central.storage-download.googleapis.com/maven2/me/proton/mail/common/lib/0.164.14/lib-0.164.14.jar returned status 404
0.164.15			IOException: Tail request on https://maven-central.storage-download.googleapis.com/maven2/me/proton/mail/common/lib/0.164.15/lib-0.164.15.jar returned status 404
0.164.16			IOException: Tail request on https://maven-central.storage-download.googleapis.com/maven2/me/proton/mail/common/lib/0.164.16/lib-0.164.16.jar returned status 404
0.164.17			IOException: Tail request on https://maven-central.storage-download.googleapis.com/maven2/me/proton/mail/common/lib/0.164.17/lib-0.164.17.jar returned status 404
0.164.18			IOException: Tail request on https://maven-central.storage-download.googleapis.com/maven2/me/proton/mail/common/lib/0.164.18/lib-0.164.18.jar returned status 404
0.164.19			IOException: Tail request on https://maven-central.storage-download.googleapis.com/maven2/me/proton/mail/common/lib/0.164.19/lib-0.164.19.jar returned status 404
0.164.2			IOException: Tail request on https://maven-central.storage-download.googleapis.com/maven2/me/proton/mail/common/lib/0.164.2/lib-0.164.2.jar returned status 404
0.164.20			IOException: Tail request on https://maven-central.storage-download.googleapis.com/maven2/me/proton/mail/common/lib/0.164.20/lib-0.164.20.jar returned status 404
0.164.21			IOException: Tail request on https://maven-central.storage-download.googleapis.com/maven2/me/proton/mail/common/lib/0.164.21/lib-0.164.21.jar returned status 404
0.164.22			IOException: Tail request on https://maven-central.storage-download.googleapis.com/maven2/me/proton/mail/common/lib/0.164.22/lib-0.164.22.jar returned status 404
0.164.23			IOException: Tail request on https://maven-central.storage-download.googleapis.com/maven2/me/proton/mail/common/lib/0.164.23/lib-0.164.23.jar returned status 404
0.164.24			IOException: Tail request on https://maven-central.storage-download.googleapis.com/maven2/me/proton/mail/common/lib/0.164.24/lib-0.164.24.jar returned status 404
0.164.25			IOException: Tail request on https://maven-central.storage-download.googleapis.com/maven2/me/proton/mail/common/lib/0.164.25/lib-0.164.25.jar returned status 404
0.164.26			IOException: Tail request on https://maven-central.storage-download.googleapis.com/maven2/me/proton/mail/common/lib/0.164.26/lib-0.164.26.jar returned status 404
0.164.27		2026-05-20T10:53:27Z	IOException: Tail request on https://maven-central.storage-download.googleapis.com/maven2/me/proton/mail/common/lib/0.164.27/lib-0.164.27.jar returned status 404
0.164.3			IOException: Tail request on https://maven-central.storage-download.googleapis.com/maven2/me/proton/mail/common/lib/0.164.3/lib-0.164.3.jar returned status 404
0.164.4			IOException: Tail request on https://maven-central.storage-download.googleapis.com/maven2/me/proton/mail/common/lib/0.164.4/lib-0.164.4.jar returned status 404
0.164.5			IOException: Tail request on https://maven-central.storage-download.googleapis.com/maven2/me/proton/mail/common/lib/0.164.5/lib-0.164.5.jar returned status 404
0.164.6			IOException: Tail request on https://maven-central.storage-download.googleapis.com/maven2/me/proton/mail/common/lib/0.164.6/lib-0.164.6.jar returned status 404
0.164.7			IOException: Tail request on https://maven-central.storage-download.googleapis.com/maven2/me/proton/mail/common/lib/0.164.7/lib-0.164.7.jar returned status 404
0.164.8			IOException: Tail request on https://maven-central.storage-download.googleapis.com/maven2/me/proton/mail/common/lib/0.164.8/lib-0.164.8.jar returned status 404
0.164.9			IOException: Tail request on https://maven-central.storage-download.googleapis.com/maven2/me/proton/mail/common/lib/0.164.9/lib-0.164.9.jar returned status 404
0.165.0			IOException: Tail request on https://maven-central.storage-download.googleapis.com/maven2/me/proton/mail/common/lib/0.165.0/lib-0.165.0.jar returned status 404
0.165.1			IOException: Tail request on https://maven-central.storage-download.googleapis.com/maven2/me/proton/mail/common/lib/0.165.1/lib-0.165.1.jar returned status 404
0.165.2			IOException: Tail request on https://maven-central.storage-download.googleapis.com/maven2/me/proton/mail/common/lib/0.165.2/lib-0.165.2.jar returned status 404
0.165.3			IOException: Tail request on https://maven-central.storage-download.googleapis.com/maven2/me/proton/mail/common/lib/0.165.3/lib-0.165.3.jar returned status 404
0.165.4			IOException: Tail request on https://maven-central.storage-download.googleapis.com/maven2/me/proton/mail/common/lib/0.165.4/lib-0.165.4.jar returned status 404
0.165.5			IOException: Tail request on https://maven-central.storage-download.googleapis.com/maven2/me/proton/mail/common/lib/0.165.5/lib-0.165.5.jar returned status 404
0.165.6			IOException: Tail request on https://maven-central.storage-download.googleapis.com/maven2/me/proton/mail/common/lib/0.165.6/lib-0.165.6.jar returned status 404
0.165.7		2026-05-18T10:20:15Z	IOException: Tail request on https://maven-central.storage-download.googleapis.com/maven2/me/proton/mail/common/lib/0.165.7/lib-0.165.7.jar returned status 404
0.165.8		2026-05-18T16:45:52Z	IOException: Tail request on https://maven-central.storage-download.googleapis.com/maven2/me/proton/mail/common/lib/0.165.8/lib-0.165.8.jar returned status 404
0.165.9		2026-05-25T11:25:50Z	IOException: Tail request on https://maven-central.storage-download.googleapis.com/maven2/me/proton/mail/common/lib/0.165.9/lib-0.165.9.jar returned status 404
0.166.0			IOException: Tail request on https://maven-central.storage-download.googleapis.com/maven2/me/proton/mail/common/lib/0.166.0/lib-0.166.0.jar returned status 404
0.166.1			IOException: Tail request on https://maven-central.storage-download.googleapis.com/maven2/me/proton/mail/common/lib/0.166.1/lib-0.166.1.jar returned status 404
0.166.2			IOException: Tail request on https://maven-central.storage-download.googleapis.com/maven2/me/proton/mail/common/lib/0.166.2/lib-0.166.2.jar returned status 404
0.166.4		2026-05-29T07:49:19Z	IOException: Tail request on https://maven-central.storage-download.googleapis.com/maven2/me/proton/mail/common/lib/0.166.4/lib-0.166.4.jar returned status 404
0.166.5		2026-06-01T11:29:44Z	IOException: Tail request on https://maven-central.storage-download.googleapis.com/maven2/me/proton/mail/common/lib/0.166.5/lib-0.166.5.jar returned status 404
0.166.6		2026-06-03T14:03:43Z	IOException: Tail request on https://maven-central.storage-download.googleapis.com/maven2/me/proton/mail/common/lib/0.166.6/lib-0.166.6.jar returned status 404
0.167.0		2026-06-04T08:15:12Z	IOException: Tail request on https://maven-central.storage-download.googleapis.com/maven2/me/proton/mail/common/lib/0.167.0/lib-0.167.0.jar returned status 404
0.167.1		2026-06-08T15:53:14Z	IOException: Tail request on https://maven-central.storage-download.googleapis.com/maven2/me/proton/mail/common/lib/0.167.1/lib-0.167.1.jar returned status 404
0.167.10		2026-06-19T08:42:30Z	IOException: Tail request on https://maven-central.storage-download.googleapis.com/maven2/me/proton/mail/common/lib/0.167.10/lib-0.167.10.jar returned status 404
0.167.11		2026-06-19T09:58:51Z	IOException: Tail request on https://maven-central.storage-download.googleapis.com/maven2/me/proton/mail/common/lib/0.167.11/lib-0.167.11.jar returned status 404
0.167.12		2026-06-22T08:05:58Z	IOException: Tail request on https://maven-central.storage-download.googleapis.com/maven2/me/proton/mail/common/lib/0.167.12/lib-0.167.12.jar returned status 404
0.167.13		2026-06-23T14:19:46Z	IOException: Tail request on https://maven-central.storage-download.googleapis.com/maven2/me/proton/mail/common/lib/0.167.13/lib-0.167.13.jar returned status 404
0.167.14		2026-06-25T11:50:22Z	IOException: Tail request on https://maven-central.storage-download.googleapis.com/maven2/me/proton/mail/common/lib/0.167.14/lib-0.167.14.jar returned status 404
0.167.15			IOException: Tail request on https://maven-central.storage-download.googleapis.com/maven2/me/proton/mail/common/lib/0.167.15/lib-0.167.15.jar returned status 404
0.167.16			IOException: Tail request on https://maven-central.storage-download.googleapis.com/maven2/me/proton/mail/common/lib/0.167.16/lib-0.167.16.jar returned status 404
0.167.17			IOException: Tail request on https://maven-central.storage-download.googleapis.com/maven2/me/proton/mail/common/lib/0.167.17/lib-0.167.17.jar returned status 404
0.167.2		2026-06-10T07:47:58Z	IOException: Tail request on https://maven-central.storage-download.googleapis.com/maven2/me/proton/mail/common/lib/0.167.2/lib-0.167.2.jar returned status 404
0.167.3		2026-06-10T12:57:05Z	IOException: Tail request on https://maven-central.storage-download.googleapis.com/maven2/me/proton/mail/common/lib/0.167.3/lib-0.167.3.jar returned status 404
0.167.4		2026-06-11T14:05:32Z	IOException: Tail request on https://maven-central.storage-download.googleapis.com/maven2/me/proton/mail/common/lib/0.167.4/lib-0.167.4.jar returned status 404
0.167.5		2026-06-12T16:08:56Z	IOException: Tail request on https://maven-central.storage-download.googleapis.com/maven2/me/proton/mail/common/lib/0.167.5/lib-0.167.5.jar returned status 404
0.167.6		2026-06-17T07:46:55Z	IOException: Tail request on https://maven-central.storage-download.googleapis.com/maven2/me/proton/mail/common/lib/0.167.6/lib-0.167.6.jar returned status 404
0.167.7		2026-06-17T16:00:43Z	IOException: Tail request on https://maven-central.storage-download.googleapis.com/maven2/me/proton/mail/common/lib/0.167.7/lib-0.167.7.jar returned status 404
0.167.8		2026-06-18T12:06:04Z	IOException: Tail request on https://maven-central.storage-download.googleapis.com/maven2/me/proton/mail/common/lib/0.167.8/lib-0.167.8.jar returned status 404
0.167.9		2026-06-18T16:00:26Z	IOException: Tail request on https://maven-central.storage-download.googleapis.com/maven2/me/proton/mail/common/lib/0.167.9/lib-0.167.9.jar returned status 404
0.168.0		2026-06-12T14:39:41Z	IOException: Tail request on https://maven-central.storage-download.googleapis.com/maven2/me/proton/mail/common/lib/0.168.0/lib-0.168.0.jar returned status 404
0.168.1		2026-06-22T09:46:14Z	IOException: Tail request on https://maven-central.storage-download.googleapis.com/maven2/me/proton/mail/common/lib/0.168.1/lib-0.168.1.jar returned status 404
0.168.10			IOException: Tail request on https://maven-central.storage-download.googleapis.com/maven2/me/proton/mail/common/lib/0.168.10/lib-0.168.10.jar returned status 404
0.168.2		2026-06-23T19:38:04Z	IOException: Tail request on https://maven-central.storage-download.googleapis.com/maven2/me/proton/mail/common/lib/0.168.2/lib-0.168.2.jar returned status 404
0.168.3		2026-06-25T10:33:14Z	IOException: Tail request on https://maven-central.storage-download.googleapis.com/maven2/me/proton/mail/common/lib/0.168.3/lib-0.168.3.jar returned status 404
0.168.4		2026-06-26T12:17:13Z	IOException: Tail request on https://maven-central.storage-download.googleapis.com/maven2/me/proton/mail/common/lib/0.168.4/lib-0.168.4.jar returned status 404
0.168.5		2026-06-30T14:29:57Z	IOException: Tail request on https://maven-central.storage-download.googleapis.com/maven2/me/proton/mail/common/lib/0.168.5/lib-0.168.5.jar returned status 404
0.168.6		2026-07-01T11:55:00Z	IOException: Tail request on https://maven-central.storage-download.googleapis.com/maven2/me/proton/mail/common/lib/0.168.6/lib-0.168.6.jar returned status 404
0.168.7		2026-07-02T11:30:41Z	IOException: Tail request on https://maven-central.storage-download.googleapis.com/maven2/me/proton/mail/common/lib/0.168.7/lib-0.168.7.jar returned status 404
0.168.8			IOException: Tail request on https://maven-central.storage-download.googleapis.com/maven2/me/proton/mail/common/lib/0.168.8/lib-0.168.8.jar returned status 404
0.168.9			IOException: Tail request on https://maven-central.storage-download.googleapis.com/maven2/me/proton/mail/common/lib/0.168.9/lib-0.168.9.jar returned status 404
0.17.0			IOException: Tail request on https://maven-central.storage-download.googleapis.com/maven2/me/proton/mail/common/lib/0.17.0/lib-0.17.0.jar returned status 404
0.18.0			IOException: Tail request on https://maven-central.storage-download.googleapis.com/maven2/me/proton/mail/common/lib/0.18.0/lib-0.18.0.jar returned status 404
0.19.0			IOException: Tail request on https://maven-central.storage-download.googleapis.com/maven2/me/proton/mail/common/lib/0.19.0/lib-0.19.0.jar returned status 404
0.19.1			IOException: Tail request on https://maven-central.storage-download.googleapis.com/maven2/me/proton/mail/common/lib/0.19.1/lib-0.19.1.jar returned status 404
0.20.0			IOException: Tail request on https://maven-central.storage-download.googleapis.com/maven2/me/proton/mail/common/lib/0.20.0/lib-0.20.0.jar returned status 404
0.21.0			IOException: Tail request on https://maven-central.storage-download.googleapis.com/maven2/me/proton/mail/common/lib/0.21.0/lib-0.21.0.jar returned status 404
0.21.1			IOException: Tail request on https://maven-central.storage-download.googleapis.com/maven2/me/proton/mail/common/lib/0.21.1/lib-0.21.1.jar returned status 404
0.21.2			IOException: Tail request on https://maven-central.storage-download.googleapis.com/maven2/me/proton/mail/common/lib/0.21.2/lib-0.21.2.jar returned status 404
0.21.3			IOException: Tail request on https://maven-central.storage-download.googleapis.com/maven2/me/proton/mail/common/lib/0.21.3/lib-0.21.3.jar returned status 404
0.21.4			IOException: Tail request on https://maven-central.storage-download.googleapis.com/maven2/me/proton/mail/common/lib/0.21.4/lib-0.21.4.jar returned status 404
0.21.5			IOException: Tail request on https://maven-central.storage-download.googleapis.com/maven2/me/proton/mail/common/lib/0.21.5/lib-0.21.5.jar returned status 404
0.21.6			IOException: Tail request on https://maven-central.storage-download.googleapis.com/maven2/me/proton/mail/common/lib/0.21.6/lib-0.21.6.jar returned status 404
0.22.0			IOException: Tail request on https://maven-central.storage-download.googleapis.com/maven2/me/proton/mail/common/lib/0.22.0/lib-0.22.0.jar returned status 404
0.22.1			IOException: Tail request on https://maven-central.storage-download.googleapis.com/maven2/me/proton/mail/common/lib/0.22.1/lib-0.22.1.jar returned status 404
0.22.2			IOException: Tail request on https://maven-central.storage-download.googleapis.com/maven2/me/proton/mail/common/lib/0.22.2/lib-0.22.2.jar returned status 404
0.23.0			IOException: Tail request on https://maven-central.storage-download.googleapis.com/maven2/me/proton/mail/common/lib/0.23.0/lib-0.23.0.jar returned status 404
0.24.0			IOException: Tail request on https://maven-central.storage-download.googleapis.com/maven2/me/proton/mail/common/lib/0.24.0/lib-0.24.0.jar returned status 404
0.25.0			IOException: Tail request on https://maven-central.storage-download.googleapis.com/maven2/me/proton/mail/common/lib/0.25.0/lib-0.25.0.jar returned status 404
0.26.0			IOException: Tail request on https://maven-central.storage-download.googleapis.com/maven2/me/proton/mail/common/lib/0.26.0/lib-0.26.0.jar returned status 404
0.26.999			IOException: Tail request on https://maven-central.storage-download.googleapis.com/maven2/me/proton/mail/common/lib/0.26.999/lib-0.26.999.jar returned status 404
0.27.0			IOException: Tail request on https://maven-central.storage-download.googleapis.com/maven2/me/proton/mail/common/lib/0.27.0/lib-0.27.0.jar returned status 404
0.27.0-beta.2			IOException: Tail request on https://maven-central.storage-download.googleapis.com/maven2/me/proton/mail/common/lib/0.27.0-beta.2/lib-0.27.0-beta.2.jar returned status 404
0.28.0			IOException: Tail request on https://maven-central.storage-download.googleapis.com/maven2/me/proton/mail/common/lib/0.28.0/lib-0.28.0.jar returned status 404
0.28.1			IOException: Tail request on https://maven-central.storage-download.googleapis.com/maven2/me/proton/mail/common/lib/0.28.1/lib-0.28.1.jar returned status 404
0.29.0			IOException: Tail request on https://maven-central.storage-download.googleapis.com/maven2/me/proton/mail/common/lib/0.29.0/lib-0.29.0.jar returned status 404
0.30.0			IOException: Tail request on https://maven-central.storage-download.googleapis.com/maven2/me/proton/mail/common/lib/0.30.0/lib-0.30.0.jar returned status 404
0.30.1			IOException: Tail request on https://maven-central.storage-download.googleapis.com/maven2/me/proton/mail/common/lib/0.30.1/lib-0.30.1.jar returned status 404
0.31.0			IOException: Tail request on https://maven-central.storage-download.googleapis.com/maven2/me/proton/mail/common/lib/0.31.0/lib-0.31.0.jar returned status 404
0.31.1			IOException: Tail request on https://maven-central.storage-download.googleapis.com/maven2/me/proton/mail/common/lib/0.31.1/lib-0.31.1.jar returned status 404
0.31.3			IOException: Tail request on https://maven-central.storage-download.googleapis.com/maven2/me/proton/mail/common/lib/0.31.3/lib-0.31.3.jar returned status 404
0.31.4			IOException: Tail request on https://maven-central.storage-download.googleapis.com/maven2/me/proton/mail/common/lib/0.31.4/lib-0.31.4.jar returned status 404
0.31.5			IOException: Tail request on https://maven-central.storage-download.googleapis.com/maven2/me/proton/mail/common/lib/0.31.5/lib-0.31.5.jar returned status 404
0.32.0			IOException: Tail request on https://maven-central.storage-download.googleapis.com/maven2/me/proton/mail/common/lib/0.32.0/lib-0.32.0.jar returned status 404
0.32.1			IOException: Tail request on https://maven-central.storage-download.googleapis.com/maven2/me/proton/mail/common/lib/0.32.1/lib-0.32.1.jar returned status 404
0.33.0			IOException: Tail request on https://maven-central.storage-download.googleapis.com/maven2/me/proton/mail/common/lib/0.33.0/lib-0.33.0.jar returned status 404
0.35.0			IOException: Tail request on https://maven-central.storage-download.googleapis.com/maven2/me/proton/mail/common/lib/0.35.0/lib-0.35.0.jar returned status 404
0.36.0			IOException: Tail request on https://maven-central.storage-download.googleapis.com/maven2/me/proton/mail/common/lib/0.36.0/lib-0.36.0.jar returned status 404
0.36.1			IOException: Tail request on https://maven-central.storage-download.googleapis.com/maven2/me/proton/mail/common/lib/0.36.1/lib-0.36.1.jar returned status 404
0.37.0			IOException: Tail request on https://maven-central.storage-download.googleapis.com/maven2/me/proton/mail/common/lib/0.37.0/lib-0.37.0.jar returned status 404
0.38.0			IOException: Tail request on https://maven-central.storage-download.googleapis.com/maven2/me/proton/mail/common/lib/0.38.0/lib-0.38.0.jar returned status 404
0.39.0			IOException: Tail request on https://maven-central.storage-download.googleapis.com/maven2/me/proton/mail/common/lib/0.39.0/lib-0.39.0.jar returned status 404
0.4.1			IOException: Tail request on https://maven-central.storage-download.googleapis.com/maven2/me/proton/mail/common/lib/0.4.1/lib-0.4.1.jar returned status 404
0.4.2			IOException: Tail request on https://maven-central.storage-download.googleapis.com/maven2/me/proton/mail/common/lib/0.4.2/lib-0.4.2.jar returned status 404
0.40.0			IOException: Tail request on https://maven-central.storage-download.googleapis.com/maven2/me/proton/mail/common/lib/0.40.0/lib-0.40.0.jar returned status 404
0.40.1			IOException: Tail request on https://maven-central.storage-download.googleapis.com/maven2/me/proton/mail/common/lib/0.40.1/lib-0.40.1.jar returned status 404
0.40.2			IOException: Tail request on https://maven-central.storage-download.googleapis.com/maven2/me/proton/mail/common/lib/0.40.2/lib-0.40.2.jar returned status 404
0.40.3			IOException: Tail request on https://maven-central.storage-download.googleapis.com/maven2/me/proton/mail/common/lib/0.40.3/lib-0.40.3.jar returned status 404
0.40.4			IOException: Tail request on https://maven-central.storage-download.googleapis.com/maven2/me/proton/mail/common/lib/0.40.4/lib-0.40.4.jar returned status 404
0.40.5			IOException: Tail request on https://maven-central.storage-download.googleapis.com/maven2/me/proton/mail/common/lib/0.40.5/lib-0.40.5.jar returned status 404
0.40.6			IOException: Tail request on https://maven-central.storage-download.googleapis.com/maven2/me/proton/mail/common/lib/0.40.6/lib-0.40.6.jar returned status 404
0.40.7			IOException: Tail request on https://maven-central.storage-download.googleapis.com/maven2/me/proton/mail/common/lib/0.40.7/lib-0.40.7.jar returned status 404
0.40.8			IOException: Tail request on https://maven-central.storage-download.googleapis.com/maven2/me/proton/mail/common/lib/0.40.8/lib-0.40.8.jar returned status 404
0.41.0			IOException: Tail request on https://maven-central.storage-download.googleapis.com/maven2/me/proton/mail/common/lib/0.41.0/lib-0.41.0.jar returned status 404
0.41.1			IOException: Tail request on https://maven-central.storage-download.googleapis.com/maven2/me/proton/mail/common/lib/0.41.1/lib-0.41.1.jar returned status 404
0.42.0			IOException: Tail request on https://maven-central.storage-download.googleapis.com/maven2/me/proton/mail/common/lib/0.42.0/lib-0.42.0.jar returned status 404
0.43.0			IOException: Tail request on https://maven-central.storage-download.googleapis.com/maven2/me/proton/mail/common/lib/0.43.0/lib-0.43.0.jar returned status 404
0.44.0			IOException: Tail request on https://maven-central.storage-download.googleapis.com/maven2/me/proton/mail/common/lib/0.44.0/lib-0.44.0.jar returned status 404
0.45.0			IOException: Tail request on https://maven-central.storage-download.googleapis.com/maven2/me/proton/mail/common/lib/0.45.0/lib-0.45.0.jar returned status 404
0.46.0			IOException: Tail request on https://maven-central.storage-download.googleapis.com/maven2/me/proton/mail/common/lib/0.46.0/lib-0.46.0.jar returned status 404
0.47.0			IOException: Tail request on https://maven-central.storage-download.googleapis.com/maven2/me/proton/mail/common/lib/0.47.0/lib-0.47.0.jar returned status 404
0.47.1			IOException: Tail request on https://maven-central.storage-download.googleapis.com/maven2/me/proton/mail/common/lib/0.47.1/lib-0.47.1.jar returned status 404
0.47.2			IOException: Tail request on https://maven-central.storage-download.googleapis.com/maven2/me/proton/mail/common/lib/0.47.2/lib-0.47.2.jar returned status 404
0.48.0			IOException: Tail request on https://maven-central.storage-download.googleapis.com/maven2/me/proton/mail/common/lib/0.48.0/lib-0.48.0.jar returned status 404
0.48.1			IOException: Tail request on https://maven-central.storage-download.googleapis.com/maven2/me/proton/mail/common/lib/0.48.1/lib-0.48.1.jar returned status 404
0.49.0			IOException: Tail request on https://maven-central.storage-download.googleapis.com/maven2/me/proton/mail/common/lib/0.49.0/lib-0.49.0.jar returned status 404
0.50.0			IOException: Tail request on https://maven-central.storage-download.googleapis.com/maven2/me/proton/mail/common/lib/0.50.0/lib-0.50.0.jar returned status 404
0.51.0			IOException: Tail request on https://maven-central.storage-download.googleapis.com/maven2/me/proton/mail/common/lib/0.51.0/lib-0.51.0.jar returned status 404
0.52.0			IOException: Tail request on https://maven-central.storage-download.googleapis.com/maven2/me/proton/mail/common/lib/0.52.0/lib-0.52.0.jar returned status 404
0.52.1			IOException: Tail request on https://maven-central.storage-download.googleapis.com/maven2/me/proton/mail/common/lib/0.52.1/lib-0.52.1.jar returned status 404
0.52.2			IOException: Tail request on https://maven-central.storage-download.googleapis.com/maven2/me/proton/mail/common/lib/0.52.2/lib-0.52.2.jar returned status 404
0.52.3			IOException: Tail request on https://maven-central.storage-download.googleapis.com/maven2/me/proton/mail/common/lib/0.52.3/lib-0.52.3.jar returned status 404
0.53.0			IOException: Tail request on https://maven-central.storage-download.googleapis.com/maven2/me/proton/mail/common/lib/0.53.0/lib-0.53.0.jar returned status 404
0.54.0			IOException: Tail request on https://maven-central.storage-download.googleapis.com/maven2/me/proton/mail/common/lib/0.54.0/lib-0.54.0.jar returned status 404
0.54.1			IOException: Tail request on https://maven-central.storage-download.googleapis.com/maven2/me/proton/mail/common/lib/0.54.1/lib-0.54.1.jar returned status 404
0.54.2			IOException: Tail request on https://maven-central.storage-download.googleapis.com/maven2/me/proton/mail/common/lib/0.54.2/lib-0.54.2.jar returned status 404
0.54.3			IOException: Tail request on https://maven-central.storage-download.googleapis.com/maven2/me/proton/mail/common/lib/0.54.3/lib-0.54.3.jar returned status 404
0.54.4			IOException: Tail request on https://maven-central.storage-download.googleapis.com/maven2/me/proton/mail/common/lib/0.54.4/lib-0.54.4.jar returned status 404
0.55.0			IOException: Tail request on https://maven-central.storage-download.googleapis.com/maven2/me/proton/mail/common/lib/0.55.0/lib-0.55.0.jar returned status 404
0.55.1			IOException: Tail request on https://maven-central.storage-download.googleapis.com/maven2/me/proton/mail/common/lib/0.55.1/lib-0.55.1.jar returned status 404
0.55.2			IOException: Tail request on https://maven-central.storage-download.googleapis.com/maven2/me/proton/mail/common/lib/0.55.2/lib-0.55.2.jar returned status 404
0.55.3			IOException: Tail request on https://maven-central.storage-download.googleapis.com/maven2/me/proton/mail/common/lib/0.55.3/lib-0.55.3.jar returned status 404
0.55.4			IOException: Tail request on https://maven-central.storage-download.googleapis.com/maven2/me/proton/mail/common/lib/0.55.4/lib-0.55.4.jar returned status 404
0.55.5			IOException: Tail request on https://maven-central.storage-download.googleapis.com/maven2/me/proton/mail/common/lib/0.55.5/lib-0.55.5.jar returned status 404
0.56.0			IOException: Tail request on https://maven-central.storage-download.googleapis.com/maven2/me/proton/mail/common/lib/0.56.0/lib-0.56.0.jar returned status 404
0.57.0			IOException: Tail request on https://maven-central.storage-download.googleapis.com/maven2/me/proton/mail/common/lib/0.57.0/lib-0.57.0.jar returned status 404
0.58.1			IOException: Tail request on https://maven-central.storage-download.googleapis.com/maven2/me/proton/mail/common/lib/0.58.1/lib-0.58.1.jar returned status 404
0.59.0			IOException: Tail request on https://maven-central.storage-download.googleapis.com/maven2/me/proton/mail/common/lib/0.59.0/lib-0.59.0.jar returned status 404
0.59.1			IOException: Tail request on https://maven-central.storage-download.googleapis.com/maven2/me/proton/mail/common/lib/0.59.1/lib-0.59.1.jar returned status 404
0.59.2			IOException: Tail request on https://maven-central.storage-download.googleapis.com/maven2/me/proton/mail/common/lib/0.59.2/lib-0.59.2.jar returned status 404
0.6.0			IOException: Tail request on https://maven-central.storage-download.googleapis.com/maven2/me/proton/mail/common/lib/0.6.0/lib-0.6.0.jar returned status 404
0.6.1			IOException: Tail request on https://maven-central.storage-download.googleapis.com/maven2/me/proton/mail/common/lib/0.6.1/lib-0.6.1.jar returned status 404
0.61.0			IOException: Tail request on https://maven-central.storage-download.googleapis.com/maven2/me/proton/mail/common/lib/0.61.0/lib-0.61.0.jar returned status 404
0.62.0			IOException: Tail request on https://maven-central.storage-download.googleapis.com/maven2/me/proton/mail/common/lib/0.62.0/lib-0.62.0.jar returned status 404
0.62.1			IOException: Tail request on https://maven-central.storage-download.googleapis.com/maven2/me/proton/mail/common/lib/0.62.1/lib-0.62.1.jar returned status 404
0.63.0			IOException: Tail request on https://maven-central.storage-download.googleapis.com/maven2/me/proton/mail/common/lib/0.63.0/lib-0.63.0.jar returned status 404
0.64.0			IOException: Tail request on https://maven-central.storage-download.googleapis.com/maven2/me/proton/mail/common/lib/0.64.0/lib-0.64.0.jar returned status 404
0.65.0			IOException: Tail request on https://maven-central.storage-download.googleapis.com/maven2/me/proton/mail/common/lib/0.65.0/lib-0.65.0.jar returned status 404
0.65.1			IOException: Tail request on https://maven-central.storage-download.googleapis.com/maven2/me/proton/mail/common/lib/0.65.1/lib-0.65.1.jar returned status 404
0.65.2			IOException: Tail request on https://maven-central.storage-download.googleapis.com/maven2/me/proton/mail/common/lib/0.65.2/lib-0.65.2.jar returned status 404
0.65.3			IOException: Tail request on https://maven-central.storage-download.googleapis.com/maven2/me/proton/mail/common/lib/0.65.3/lib-0.65.3.jar returned status 404
0.66.1			IOException: Tail request on https://maven-central.storage-download.googleapis.com/maven2/me/proton/mail/common/lib/0.66.1/lib-0.66.1.jar returned status 404
0.67.0			IOException: Tail request on https://maven-central.storage-download.googleapis.com/maven2/me/proton/mail/common/lib/0.67.0/lib-0.67.0.jar returned status 404
0.68.0			IOException: Tail request on https://maven-central.storage-download.googleapis.com/maven2/me/proton/mail/common/lib/0.68.0/lib-0.68.0.jar returned status 404
0.68.1			IOException: Tail request on https://maven-central.storage-download.googleapis.com/maven2/me/proton/mail/common/lib/0.68.1/lib-0.68.1.jar returned status 404
0.68.2			IOException: Tail request on https://maven-central.storage-download.googleapis.com/maven2/me/proton/mail/common/lib/0.68.2/lib-0.68.2.jar returned status 404
0.68.3			IOException: Tail request on https://maven-central.storage-download.googleapis.com/maven2/me/proton/mail/common/lib/0.68.3/lib-0.68.3.jar returned status 404
0.69.0			IOException: Tail request on https://maven-central.storage-download.googleapis.com/maven2/me/proton/mail/common/lib/0.69.0/lib-0.69.0.jar returned status 404
0.70.0			IOException: Tail request on https://maven-central.storage-download.googleapis.com/maven2/me/proton/mail/common/lib/0.70.0/lib-0.70.0.jar returned status 404
0.70.1			IOException: Tail request on https://maven-central.storage-download.googleapis.com/maven2/me/proton/mail/common/lib/0.70.1/lib-0.70.1.jar returned status 404
0.70.10			IOException: Tail request on https://maven-central.storage-download.googleapis.com/maven2/me/proton/mail/common/lib/0.70.10/lib-0.70.10.jar returned status 404
0.70.2			IOException: Tail request on https://maven-central.storage-download.googleapis.com/maven2/me/proton/mail/common/lib/0.70.2/lib-0.70.2.jar returned status 404
0.70.3			IOException: Tail request on https://maven-central.storage-download.googleapis.com/maven2/me/proton/mail/common/lib/0.70.3/lib-0.70.3.jar returned status 404
0.70.4			IOException: Tail request on https://maven-central.storage-download.googleapis.com/maven2/me/proton/mail/common/lib/0.70.4/lib-0.70.4.jar returned status 404
0.70.5			IOException: Tail request on https://maven-central.storage-download.googleapis.com/maven2/me/proton/mail/common/lib/0.70.5/lib-0.70.5.jar returned status 404
0.70.6			IOException: Tail request on https://maven-central.storage-download.googleapis.com/maven2/me/proton/mail/common/lib/0.70.6/lib-0.70.6.jar returned status 404
0.70.8			IOException: Tail request on https://maven-central.storage-download.googleapis.com/maven2/me/proton/mail/common/lib/0.70.8/lib-0.70.8.jar returned status 404
0.70.9			IOException: Tail request on https://maven-central.storage-download.googleapis.com/maven2/me/proton/mail/common/lib/0.70.9/lib-0.70.9.jar returned status 404
0.71.0			IOException: Tail request on https://maven-central.storage-download.googleapis.com/maven2/me/proton/mail/common/lib/0.71.0/lib-0.71.0.jar returned status 404
0.72.0			IOException: Tail request on https://maven-central.storage-download.googleapis.com/maven2/me/proton/mail/common/lib/0.72.0/lib-0.72.0.jar returned status 404
0.72.1			IOException: Tail request on https://maven-central.storage-download.googleapis.com/maven2/me/proton/mail/common/lib/0.72.1/lib-0.72.1.jar returned status 404
0.72.10			IOException: Tail request on https://maven-central.storage-download.googleapis.com/maven2/me/proton/mail/common/lib/0.72.10/lib-0.72.10.jar returned status 404
0.72.11			IOException: Tail request on https://maven-central.storage-download.googleapis.com/maven2/me/proton/mail/common/lib/0.72.11/lib-0.72.11.jar returned status 404
0.72.12			IOException: Tail request on https://maven-central.storage-download.googleapis.com/maven2/me/proton/mail/common/lib/0.72.12/lib-0.72.12.jar returned status 404
0.72.13			IOException: Tail request on https://maven-central.storage-download.googleapis.com/maven2/me/proton/mail/common/lib/0.72.13/lib-0.72.13.jar returned status 404
0.72.2			IOException: Tail request on https://maven-central.storage-download.googleapis.com/maven2/me/proton/mail/common/lib/0.72.2/lib-0.72.2.jar returned status 404
0.72.3			IOException: Tail request on https://maven-central.storage-download.googleapis.com/maven2/me/proton/mail/common/lib/0.72.3/lib-0.72.3.jar returned status 404
0.72.4			IOException: Tail request on https://maven-central.storage-download.googleapis.com/maven2/me/proton/mail/common/lib/0.72.4/lib-0.72.4.jar returned status 404
0.72.5			IOException: Tail request on https://maven-central.storage-download.googleapis.com/maven2/me/proton/mail/common/lib/0.72.5/lib-0.72.5.jar returned status 404
0.72.6			IOException: Tail request on https://maven-central.storage-download.googleapis.com/maven2/me/proton/mail/common/lib/0.72.6/lib-0.72.6.jar returned status 404
0.72.7			IOException: Tail request on https://maven-central.storage-download.googleapis.com/maven2/me/proton/mail/common/lib/0.72.7/lib-0.72.7.jar returned status 404
0.72.8			IOException: Tail request on https://maven-central.storage-download.googleapis.com/maven2/me/proton/mail/common/lib/0.72.8/lib-0.72.8.jar returned status 404
0.72.9			IOException: Tail request on https://maven-central.storage-download.googleapis.com/maven2/me/proton/mail/common/lib/0.72.9/lib-0.72.9.jar returned status 404
0.73.0			IOException: Tail request on https://maven-central.storage-download.googleapis.com/maven2/me/proton/mail/common/lib/0.73.0/lib-0.73.0.jar returned status 404
0.74.0			IOException: Tail request on https://maven-central.storage-download.googleapis.com/maven2/me/proton/mail/common/lib/0.74.0/lib-0.74.0.jar returned status 404
0.75.0			IOException: Tail request on https://maven-central.storage-download.googleapis.com/maven2/me/proton/mail/common/lib/0.75.0/lib-0.75.0.jar returned status 404
0.75.1			IOException: Tail request on https://maven-central.storage-download.googleapis.com/maven2/me/proton/mail/common/lib/0.75.1/lib-0.75.1.jar returned status 404
0.75.2			IOException: Tail request on https://maven-central.storage-download.googleapis.com/maven2/me/proton/mail/common/lib/0.75.2/lib-0.75.2.jar returned status 404
0.75.3			IOException: Tail request on https://maven-central.storage-download.googleapis.com/maven2/me/proton/mail/common/lib/0.75.3/lib-0.75.3.jar returned status 404
0.75.4			IOException: Tail request on https://maven-central.storage-download.googleapis.com/maven2/me/proton/mail/common/lib/0.75.4/lib-0.75.4.jar returned status 404
0.75.6			IOException: Tail request on https://maven-central.storage-download.googleapis.com/maven2/me/proton/mail/common/lib/0.75.6/lib-0.75.6.jar returned status 404
0.75.7			IOException: Tail request on https://maven-central.storage-download.googleapis.com/maven2/me/proton/mail/common/lib/0.75.7/lib-0.75.7.jar returned status 404
0.76.0			IOException: Tail request on https://maven-central.storage-download.googleapis.com/maven2/me/proton/mail/common/lib/0.76.0/lib-0.76.0.jar returned status 404
0.76.1			IOException: Tail request on https://maven-central.storage-download.googleapis.com/maven2/me/proton/mail/common/lib/0.76.1/lib-0.76.1.jar returned status 404
0.76.2			IOException: Tail request on https://maven-central.storage-download.googleapis.com/maven2/me/proton/mail/common/lib/0.76.2/lib-0.76.2.jar returned status 404
0.77.0			IOException: Tail request on https://maven-central.storage-download.googleapis.com/maven2/me/proton/mail/common/lib/0.77.0/lib-0.77.0.jar returned status 404
0.78.0			IOException: Tail request on https://maven-central.storage-download.googleapis.com/maven2/me/proton/mail/common/lib/0.78.0/lib-0.78.0.jar returned status 404
0.79.0			IOException: Tail request on https://maven-central.storage-download.googleapis.com/maven2/me/proton/mail/common/lib/0.79.0/lib-0.79.0.jar returned status 404
0.8.0			IOException: Tail request on https://maven-central.storage-download.googleapis.com/maven2/me/proton/mail/common/lib/0.8.0/lib-0.8.0.jar returned status 404
0.80.0			IOException: Tail request on https://maven-central.storage-download.googleapis.com/maven2/me/proton/mail/common/lib/0.80.0/lib-0.80.0.jar returned status 404
0.81.0			IOException: Tail request on https://maven-central.storage-download.googleapis.com/maven2/me/proton/mail/common/lib/0.81.0/lib-0.81.0.jar returned status 404
0.82.0			IOException: Tail request on https://maven-central.storage-download.googleapis.com/maven2/me/proton/mail/common/lib/0.82.0/lib-0.82.0.jar returned status 404
0.83.0			IOException: Tail request on https://maven-central.storage-download.googleapis.com/maven2/me/proton/mail/common/lib/0.83.0/lib-0.83.0.jar returned status 404
0.84.0			IOException: Tail request on https://maven-central.storage-download.googleapis.com/maven2/me/proton/mail/common/lib/0.84.0/lib-0.84.0.jar returned status 404
0.85.2			IOException: Tail request on https://maven-central.storage-download.googleapis.com/maven2/me/proton/mail/common/lib/0.85.2/lib-0.85.2.jar returned status 404
0.86.0			IOException: Tail request on https://maven-central.storage-download.googleapis.com/maven2/me/proton/mail/common/lib/0.86.0/lib-0.86.0.jar returned status 404
0.87.0			IOException: Tail request on https://maven-central.storage-download.googleapis.com/maven2/me/proton/mail/common/lib/0.87.0/lib-0.87.0.jar returned status 404
0.88.0			IOException: Tail request on https://maven-central.storage-download.googleapis.com/maven2/me/proton/mail/common/lib/0.88.0/lib-0.88.0.jar returned status 404
0.89.0			IOException: Tail request on https://maven-central.storage-download.googleapis.com/maven2/me/proton/mail/common/lib/0.89.0/lib-0.89.0.jar returned status 404
0.90.0			IOException: Tail request on https://maven-central.storage-download.googleapis.com/maven2/me/proton/mail/common/lib/0.90.0/lib-0.90.0.jar returned status 404
0.91.0			IOException: Tail request on https://maven-central.storage-download.googleapis.com/maven2/me/proton/mail/common/lib/0.91.0/lib-0.91.0.jar returned status 404
0.92.0			IOException: Tail request on https://maven-central.storage-download.googleapis.com/maven2/me/proton/mail/common/lib/0.92.0/lib-0.92.0.jar returned status 404
0.93.0			IOException: Tail request on https://maven-central.storage-download.googleapis.com/maven2/me/proton/mail/common/lib/0.93.0/lib-0.93.0.jar returned status 404
0.93.1			IOException: Tail request on https://maven-central.storage-download.googleapis.com/maven2/me/proton/mail/common/lib/0.93.1/lib-0.93.1.jar returned status 404
0.93.10			IOException: Tail request on https://maven-central.storage-download.googleapis.com/maven2/me/proton/mail/common/lib/0.93.10/lib-0.93.10.jar returned status 404
0.93.11			IOException: Tail request on https://maven-central.storage-download.googleapis.com/maven2/me/proton/mail/common/lib/0.93.11/lib-0.93.11.jar returned status 404
0.93.12			IOException: Tail request on https://maven-central.storage-download.googleapis.com/maven2/me/proton/mail/common/lib/0.93.12/lib-0.93.12.jar returned status 404
0.93.13			IOException: Tail request on https://maven-central.storage-download.googleapis.com/maven2/me/proton/mail/common/lib/0.93.13/lib-0.93.13.jar returned status 404
0.93.14			IOException: Tail request on https://maven-central.storage-download.googleapis.com/maven2/me/proton/mail/common/lib/0.93.14/lib-0.93.14.jar returned status 404
0.93.15			IOException: Tail request on https://maven-central.storage-download.googleapis.com/maven2/me/proton/mail/common/lib/0.93.15/lib-0.93.15.jar returned status 404
0.93.16			IOException: Tail request on https://maven-central.storage-download.googleapis.com/maven2/me/proton/mail/common/lib/0.93.16/lib-0.93.16.jar returned status 404
0.93.17			IOException: Tail request on https://maven-central.storage-download.googleapis.com/maven2/me/proton/mail/common/lib/0.93.17/lib-0.93.17.jar returned status 404
0.93.18			IOException: Tail request on https://maven-central.storage-download.googleapis.com/maven2/me/proton/mail/common/lib/0.93.18/lib-0.93.18.jar returned status 404
0.93.19			IOException: Tail request on https://maven-central.storage-download.googleapis.com/maven2/me/proton/mail/common/lib/0.93.19/lib-0.93.19.jar returned status 404
0.93.2			IOException: Tail request on https://maven-central.storage-download.googleapis.com/maven2/me/proton/mail/common/lib/0.93.2/lib-0.93.2.jar returned status 404
0.93.20			IOException: Tail request on https://maven-central.storage-download.googleapis.com/maven2/me/proton/mail/common/lib/0.93.20/lib-0.93.20.jar returned status 404
0.93.3			IOException: Tail request on https://maven-central.storage-download.googleapis.com/maven2/me/proton/mail/common/lib/0.93.3/lib-0.93.3.jar returned status 404
0.93.4			IOException: Tail request on https://maven-central.storage-download.googleapis.com/maven2/me/proton/mail/common/lib/0.93.4/lib-0.93.4.jar returned status 404
0.93.5			IOException: Tail request on https://maven-central.storage-download.googleapis.com/maven2/me/proton/mail/common/lib/0.93.5/lib-0.93.5.jar returned status 404
0.93.6			IOException: Tail request on https://maven-central.storage-download.googleapis.com/maven2/me/proton/mail/common/lib/0.93.6/lib-0.93.6.jar returned status 404
0.93.8			IOException: Tail request on https://maven-central.storage-download.googleapis.com/maven2/me/proton/mail/common/lib/0.93.8/lib-0.93.8.jar returned status 404
0.93.9			IOException: Tail request on https://maven-central.storage-download.googleapis.com/maven2/me/proton/mail/common/lib/0.93.9/lib-0.93.9.jar returned status 404
0.94.1			IOException: Tail request on https://maven-central.storage-download.googleapis.com/maven2/me/proton/mail/common/lib/0.94.1/lib-0.94.1.jar returned status 404
0.95.0			IOException: Tail request on https://maven-central.storage-download.googleapis.com/maven2/me/proton/mail/common/lib/0.95.0/lib-0.95.0.jar returned status 404
0.96.0			IOException: Tail request on https://maven-central.storage-download.googleapis.com/maven2/me/proton/mail/common/lib/0.96.0/lib-0.96.0.jar returned status 404
0.98.0			IOException: Tail request on https://maven-central.storage-download.googleapis.com/maven2/me/proton/mail/common/lib/0.98.0/lib-0.98.0.jar returned status 404
0.99.0			IOException: Tail request on https://maven-central.storage-download.googleapis.com/maven2/me/proton/mail/common/lib/0.99.0/lib-0.99.0.jar returned status 404
0.99.1			IOException: Tail request on https://maven-central.storage-download.googleapis.com/maven2/me/proton/mail/common/lib/0.99.1/lib-0.99.1.jar returned status 404
0.99.2			IOException: Tail request on https://maven-central.storage-download.googleapis.com/maven2/me/proton/mail/common/lib/0.99.2/lib-0.99.2.jar returned status 404
0.99.3			IOException: Tail request on https://maven-central.storage-download.googleapis.com/maven2/me/proton/mail/common/lib/0.99.3/lib-0.99.3.jar returned status 404
proton-mail-uniffi@0.12.0			IOException: Tail request on https://maven-central.storage-download.googleapis.com/maven2/me/proton/mail/common/lib/proton-mail-uniffi@0.12.0/lib-proton-mail-uniffi@0.12.0.jar returned status 404
