2.0.0			IOException: Tail request on https://maven-central.storage-download.googleapis.com/maven2/org/danilopianini/publish-on-central/org.danilopianini.publish-on-central.gradle.plugin/2.0.0/org.danilopianini.publish-on-central.gradle.plugin-2.0.0.jar returned status 404
2.0.1			IOException: Tail request on https://maven-central.storage-download.googleapis.com/maven2/org/danilopianini/publish-on-central/org.danilopianini.publish-on-central.gradle.plugin/2.0.1/org.danilopianini.publish-on-central.gradle.plugin-2.0.1.jar returned status 404
2.0.10			IOException: Tail request on https://maven-central.storage-download.googleapis.com/maven2/org/danilopianini/publish-on-central/org.danilopianini.publish-on-central.gradle.plugin/2.0.10/org.danilopianini.publish-on-central.gradle.plugin-2.0.10.jar returned status 404
2.0.11			IOException: Tail request on https://maven-central.storage-download.googleapis.com/maven2/org/danilopianini/publish-on-central/org.danilopianini.publish-on-central.gradle.plugin/2.0.11/org.danilopianini.publish-on-central.gradle.plugin-2.0.11.jar returned status 404
2.0.12			IOException: Tail request on https://maven-central.storage-download.googleapis.com/maven2/org/danilopianini/publish-on-central/org.danilopianini.publish-on-central.gradle.plugin/2.0.12/org.danilopianini.publish-on-central.gradle.plugin-2.0.12.jar returned status 404
2.0.13			IOException: Tail request on https://maven-central.storage-download.googleapis.com/maven2/org/danilopianini/publish-on-central/org.danilopianini.publish-on-central.gradle.plugin/2.0.13/org.danilopianini.publish-on-central.gradle.plugin-2.0.13.jar returned status 404
2.0.2			IOException: Tail request on https://maven-central.storage-download.googleapis.com/maven2/org/danilopianini/publish-on-central/org.danilopianini.publish-on-central.gradle.plugin/2.0.2/org.danilopianini.publish-on-central.gradle.plugin-2.0.2.jar returned status 404
2.0.3			IOException: Tail request on https://maven-central.storage-download.googleapis.com/maven2/org/danilopianini/publish-on-central/org.danilopianini.publish-on-central.gradle.plugin/2.0.3/org.danilopianini.publish-on-central.gradle.plugin-2.0.3.jar returned status 404
2.0.4			IOException: Tail request on https://maven-central.storage-download.googleapis.com/maven2/org/danilopianini/publish-on-central/org.danilopianini.publish-on-central.gradle.plugin/2.0.4/org.danilopianini.publish-on-central.gradle.plugin-2.0.4.jar returned status 404
2.0.5			IOException: Tail request on https://maven-central.storage-download.googleapis.com/maven2/org/danilopianini/publish-on-central/org.danilopianini.publish-on-central.gradle.plugin/2.0.5/org.danilopianini.publish-on-central.gradle.plugin-2.0.5.jar returned status 404
2.0.6			IOException: Tail request on https://maven-central.storage-download.googleapis.com/maven2/org/danilopianini/publish-on-central/org.danilopianini.publish-on-central.gradle.plugin/2.0.6/org.danilopianini.publish-on-central.gradle.plugin-2.0.6.jar returned status 404
2.0.7			IOException: Tail request on https://maven-central.storage-download.googleapis.com/maven2/org/danilopianini/publish-on-central/org.danilopianini.publish-on-central.gradle.plugin/2.0.7/org.danilopianini.publish-on-central.gradle.plugin-2.0.7.jar returned status 404
2.0.8			IOException: Tail request on https://maven-central.storage-download.googleapis.com/maven2/org/danilopianini/publish-on-central/org.danilopianini.publish-on-central.gradle.plugin/2.0.8/org.danilopianini.publish-on-central.gradle.plugin-2.0.8.jar returned status 404
2.0.9			IOException: Tail request on https://maven-central.storage-download.googleapis.com/maven2/org/danilopianini/publish-on-central/org.danilopianini.publish-on-central.gradle.plugin/2.0.9/org.danilopianini.publish-on-central.gradle.plugin-2.0.9.jar returned status 404
3.0.0			IOException: Tail request on https://maven-central.storage-download.googleapis.com/maven2/org/danilopianini/publish-on-central/org.danilopianini.publish-on-central.gradle.plugin/3.0.0/org.danilopianini.publish-on-central.gradle.plugin-3.0.0.jar returned status 404
3.1.0			IOException: Tail request on https://maven-central.storage-download.googleapis.com/maven2/org/danilopianini/publish-on-central/org.danilopianini.publish-on-central.gradle.plugin/3.1.0/org.danilopianini.publish-on-central.gradle.plugin-3.1.0.jar returned status 404
3.1.1			IOException: Tail request on https://maven-central.storage-download.googleapis.com/maven2/org/danilopianini/publish-on-central/org.danilopianini.publish-on-central.gradle.plugin/3.1.1/org.danilopianini.publish-on-central.gradle.plugin-3.1.1.jar returned status 404
3.2.0			IOException: Tail request on https://maven-central.storage-download.googleapis.com/maven2/org/danilopianini/publish-on-central/org.danilopianini.publish-on-central.gradle.plugin/3.2.0/org.danilopianini.publish-on-central.gradle.plugin-3.2.0.jar returned status 404
3.2.1			IOException: Tail request on https://maven-central.storage-download.googleapis.com/maven2/org/danilopianini/publish-on-central/org.danilopianini.publish-on-central.gradle.plugin/3.2.1/org.danilopianini.publish-on-central.gradle.plugin-3.2.1.jar returned status 404
3.2.2			IOException: Tail request on https://maven-central.storage-download.googleapis.com/maven2/org/danilopianini/publish-on-central/org.danilopianini.publish-on-central.gradle.plugin/3.2.2/org.danilopianini.publish-on-central.gradle.plugin-3.2.2.jar returned status 404
3.2.3			IOException: Tail request on https://maven-central.storage-download.googleapis.com/maven2/org/danilopianini/publish-on-central/org.danilopianini.publish-on-central.gradle.plugin/3.2.3/org.danilopianini.publish-on-central.gradle.plugin-3.2.3.jar returned status 404
3.2.4			IOException: Tail request on https://maven-central.storage-download.googleapis.com/maven2/org/danilopianini/publish-on-central/org.danilopianini.publish-on-central.gradle.plugin/3.2.4/org.danilopianini.publish-on-central.gradle.plugin-3.2.4.jar returned status 404
3.3.0			IOException: Tail request on https://maven-central.storage-download.googleapis.com/maven2/org/danilopianini/publish-on-central/org.danilopianini.publish-on-central.gradle.plugin/3.3.0/org.danilopianini.publish-on-central.gradle.plugin-3.3.0.jar returned status 404
3.3.1			IOException: Tail request on https://maven-central.storage-download.googleapis.com/maven2/org/danilopianini/publish-on-central/org.danilopianini.publish-on-central.gradle.plugin/3.3.1/org.danilopianini.publish-on-central.gradle.plugin-3.3.1.jar returned status 404
3.3.2			IOException: Tail request on https://maven-central.storage-download.googleapis.com/maven2/org/danilopianini/publish-on-central/org.danilopianini.publish-on-central.gradle.plugin/3.3.2/org.danilopianini.publish-on-central.gradle.plugin-3.3.2.jar returned status 404
3.3.3			IOException: Tail request on https://maven-central.storage-download.googleapis.com/maven2/org/danilopianini/publish-on-central/org.danilopianini.publish-on-central.gradle.plugin/3.3.3/org.danilopianini.publish-on-central.gradle.plugin-3.3.3.jar returned status 404
3.4.0			IOException: Tail request on https://maven-central.storage-download.googleapis.com/maven2/org/danilopianini/publish-on-central/org.danilopianini.publish-on-central.gradle.plugin/3.4.0/org.danilopianini.publish-on-central.gradle.plugin-3.4.0.jar returned status 404
4.0.0			IOException: Tail request on https://maven-central.storage-download.googleapis.com/maven2/org/danilopianini/publish-on-central/org.danilopianini.publish-on-central.gradle.plugin/4.0.0/org.danilopianini.publish-on-central.gradle.plugin-4.0.0.jar returned status 404
4.0.1			IOException: Tail request on https://maven-central.storage-download.googleapis.com/maven2/org/danilopianini/publish-on-central/org.danilopianini.publish-on-central.gradle.plugin/4.0.1/org.danilopianini.publish-on-central.gradle.plugin-4.0.1.jar returned status 404
4.1.0			IOException: Tail request on https://maven-central.storage-download.googleapis.com/maven2/org/danilopianini/publish-on-central/org.danilopianini.publish-on-central.gradle.plugin/4.1.0/org.danilopianini.publish-on-central.gradle.plugin-4.1.0.jar returned status 404
4.1.1			IOException: Tail request on https://maven-central.storage-download.googleapis.com/maven2/org/danilopianini/publish-on-central/org.danilopianini.publish-on-central.gradle.plugin/4.1.1/org.danilopianini.publish-on-central.gradle.plugin-4.1.1.jar returned status 404
5.0.0			IOException: Tail request on https://maven-central.storage-download.googleapis.com/maven2/org/danilopianini/publish-on-central/org.danilopianini.publish-on-central.gradle.plugin/5.0.0/org.danilopianini.publish-on-central.gradle.plugin-5.0.0.jar returned status 404
5.0.1			IOException: Tail request on https://maven-central.storage-download.googleapis.com/maven2/org/danilopianini/publish-on-central/org.danilopianini.publish-on-central.gradle.plugin/5.0.1/org.danilopianini.publish-on-central.gradle.plugin-5.0.1.jar returned status 404
5.0.10			IOException: Tail request on https://maven-central.storage-download.googleapis.com/maven2/org/danilopianini/publish-on-central/org.danilopianini.publish-on-central.gradle.plugin/5.0.10/org.danilopianini.publish-on-central.gradle.plugin-5.0.10.jar returned status 404
5.0.11			IOException: Tail request on https://maven-central.storage-download.googleapis.com/maven2/org/danilopianini/publish-on-central/org.danilopianini.publish-on-central.gradle.plugin/5.0.11/org.danilopianini.publish-on-central.gradle.plugin-5.0.11.jar returned status 404
5.0.12			IOException: Tail request on https://maven-central.storage-download.googleapis.com/maven2/org/danilopianini/publish-on-central/org.danilopianini.publish-on-central.gradle.plugin/5.0.12/org.danilopianini.publish-on-central.gradle.plugin-5.0.12.jar returned status 404
5.0.13			IOException: Tail request on https://maven-central.storage-download.googleapis.com/maven2/org/danilopianini/publish-on-central/org.danilopianini.publish-on-central.gradle.plugin/5.0.13/org.danilopianini.publish-on-central.gradle.plugin-5.0.13.jar returned status 404
5.0.14			IOException: Tail request on https://maven-central.storage-download.googleapis.com/maven2/org/danilopianini/publish-on-central/org.danilopianini.publish-on-central.gradle.plugin/5.0.14/org.danilopianini.publish-on-central.gradle.plugin-5.0.14.jar returned status 404
5.0.15			IOException: Tail request on https://maven-central.storage-download.googleapis.com/maven2/org/danilopianini/publish-on-central/org.danilopianini.publish-on-central.gradle.plugin/5.0.15/org.danilopianini.publish-on-central.gradle.plugin-5.0.15.jar returned status 404
5.0.16			IOException: Tail request on https://maven-central.storage-download.googleapis.com/maven2/org/danilopianini/publish-on-central/org.danilopianini.publish-on-central.gradle.plugin/5.0.16/org.danilopianini.publish-on-central.gradle.plugin-5.0.16.jar returned status 404
5.0.17			IOException: Tail request on https://maven-central.storage-download.googleapis.com/maven2/org/danilopianini/publish-on-central/org.danilopianini.publish-on-central.gradle.plugin/5.0.17/org.danilopianini.publish-on-central.gradle.plugin-5.0.17.jar returned status 404
5.0.18			IOException: Tail request on https://maven-central.storage-download.googleapis.com/maven2/org/danilopianini/publish-on-central/org.danilopianini.publish-on-central.gradle.plugin/5.0.18/org.danilopianini.publish-on-central.gradle.plugin-5.0.18.jar returned status 404
5.0.19			IOException: Tail request on https://maven-central.storage-download.googleapis.com/maven2/org/danilopianini/publish-on-central/org.danilopianini.publish-on-central.gradle.plugin/5.0.19/org.danilopianini.publish-on-central.gradle.plugin-5.0.19.jar returned status 404
5.0.2			IOException: Tail request on https://maven-central.storage-download.googleapis.com/maven2/org/danilopianini/publish-on-central/org.danilopianini.publish-on-central.gradle.plugin/5.0.2/org.danilopianini.publish-on-central.gradle.plugin-5.0.2.jar returned status 404
5.0.20			IOException: Tail request on https://maven-central.storage-download.googleapis.com/maven2/org/danilopianini/publish-on-central/org.danilopianini.publish-on-central.gradle.plugin/5.0.20/org.danilopianini.publish-on-central.gradle.plugin-5.0.20.jar returned status 404
5.0.22			IOException: Tail request on https://maven-central.storage-download.googleapis.com/maven2/org/danilopianini/publish-on-central/org.danilopianini.publish-on-central.gradle.plugin/5.0.22/org.danilopianini.publish-on-central.gradle.plugin-5.0.22.jar returned status 404
5.0.23			IOException: Tail request on https://maven-central.storage-download.googleapis.com/maven2/org/danilopianini/publish-on-central/org.danilopianini.publish-on-central.gradle.plugin/5.0.23/org.danilopianini.publish-on-central.gradle.plugin-5.0.23.jar returned status 404
5.0.24			IOException: Tail request on https://maven-central.storage-download.googleapis.com/maven2/org/danilopianini/publish-on-central/org.danilopianini.publish-on-central.gradle.plugin/5.0.24/org.danilopianini.publish-on-central.gradle.plugin-5.0.24.jar returned status 404
5.0.25			IOException: Tail request on https://maven-central.storage-download.googleapis.com/maven2/org/danilopianini/publish-on-central/org.danilopianini.publish-on-central.gradle.plugin/5.0.25/org.danilopianini.publish-on-central.gradle.plugin-5.0.25.jar returned status 404
5.0.26			IOException: Tail request on https://maven-central.storage-download.googleapis.com/maven2/org/danilopianini/publish-on-central/org.danilopianini.publish-on-central.gradle.plugin/5.0.26/org.danilopianini.publish-on-central.gradle.plugin-5.0.26.jar returned status 404
5.0.3			IOException: Tail request on https://maven-central.storage-download.googleapis.com/maven2/org/danilopianini/publish-on-central/org.danilopianini.publish-on-central.gradle.plugin/5.0.3/org.danilopianini.publish-on-central.gradle.plugin-5.0.3.jar returned status 404
5.0.4			IOException: Tail request on https://maven-central.storage-download.googleapis.com/maven2/org/danilopianini/publish-on-central/org.danilopianini.publish-on-central.gradle.plugin/5.0.4/org.danilopianini.publish-on-central.gradle.plugin-5.0.4.jar returned status 404
5.0.5			IOException: Tail request on https://maven-central.storage-download.googleapis.com/maven2/org/danilopianini/publish-on-central/org.danilopianini.publish-on-central.gradle.plugin/5.0.5/org.danilopianini.publish-on-central.gradle.plugin-5.0.5.jar returned status 404
5.0.6			IOException: Tail request on https://maven-central.storage-download.googleapis.com/maven2/org/danilopianini/publish-on-central/org.danilopianini.publish-on-central.gradle.plugin/5.0.6/org.danilopianini.publish-on-central.gradle.plugin-5.0.6.jar returned status 404
5.0.7			IOException: Tail request on https://maven-central.storage-download.googleapis.com/maven2/org/danilopianini/publish-on-central/org.danilopianini.publish-on-central.gradle.plugin/5.0.7/org.danilopianini.publish-on-central.gradle.plugin-5.0.7.jar returned status 404
5.0.8			IOException: Tail request on https://maven-central.storage-download.googleapis.com/maven2/org/danilopianini/publish-on-central/org.danilopianini.publish-on-central.gradle.plugin/5.0.8/org.danilopianini.publish-on-central.gradle.plugin-5.0.8.jar returned status 404
5.0.9			IOException: Tail request on https://maven-central.storage-download.googleapis.com/maven2/org/danilopianini/publish-on-central/org.danilopianini.publish-on-central.gradle.plugin/5.0.9/org.danilopianini.publish-on-central.gradle.plugin-5.0.9.jar returned status 404
5.1.0			IOException: Tail request on https://maven-central.storage-download.googleapis.com/maven2/org/danilopianini/publish-on-central/org.danilopianini.publish-on-central.gradle.plugin/5.1.0/org.danilopianini.publish-on-central.gradle.plugin-5.1.0.jar returned status 404
5.1.1			IOException: Tail request on https://maven-central.storage-download.googleapis.com/maven2/org/danilopianini/publish-on-central/org.danilopianini.publish-on-central.gradle.plugin/5.1.1/org.danilopianini.publish-on-central.gradle.plugin-5.1.1.jar returned status 404
5.1.10			IOException: Tail request on https://maven-central.storage-download.googleapis.com/maven2/org/danilopianini/publish-on-central/org.danilopianini.publish-on-central.gradle.plugin/5.1.10/org.danilopianini.publish-on-central.gradle.plugin-5.1.10.jar returned status 404
5.1.11			IOException: Tail request on https://maven-central.storage-download.googleapis.com/maven2/org/danilopianini/publish-on-central/org.danilopianini.publish-on-central.gradle.plugin/5.1.11/org.danilopianini.publish-on-central.gradle.plugin-5.1.11.jar returned status 404
5.1.2			IOException: Tail request on https://maven-central.storage-download.googleapis.com/maven2/org/danilopianini/publish-on-central/org.danilopianini.publish-on-central.gradle.plugin/5.1.2/org.danilopianini.publish-on-central.gradle.plugin-5.1.2.jar returned status 404
5.1.3			IOException: Tail request on https://maven-central.storage-download.googleapis.com/maven2/org/danilopianini/publish-on-central/org.danilopianini.publish-on-central.gradle.plugin/5.1.3/org.danilopianini.publish-on-central.gradle.plugin-5.1.3.jar returned status 404
5.1.4			IOException: Tail request on https://maven-central.storage-download.googleapis.com/maven2/org/danilopianini/publish-on-central/org.danilopianini.publish-on-central.gradle.plugin/5.1.4/org.danilopianini.publish-on-central.gradle.plugin-5.1.4.jar returned status 404
5.1.5			IOException: Tail request on https://maven-central.storage-download.googleapis.com/maven2/org/danilopianini/publish-on-central/org.danilopianini.publish-on-central.gradle.plugin/5.1.5/org.danilopianini.publish-on-central.gradle.plugin-5.1.5.jar returned status 404
5.1.6			IOException: Tail request on https://maven-central.storage-download.googleapis.com/maven2/org/danilopianini/publish-on-central/org.danilopianini.publish-on-central.gradle.plugin/5.1.6/org.danilopianini.publish-on-central.gradle.plugin-5.1.6.jar returned status 404
5.1.7			IOException: Tail request on https://maven-central.storage-download.googleapis.com/maven2/org/danilopianini/publish-on-central/org.danilopianini.publish-on-central.gradle.plugin/5.1.7/org.danilopianini.publish-on-central.gradle.plugin-5.1.7.jar returned status 404
5.1.8			IOException: Tail request on https://maven-central.storage-download.googleapis.com/maven2/org/danilopianini/publish-on-central/org.danilopianini.publish-on-central.gradle.plugin/5.1.8/org.danilopianini.publish-on-central.gradle.plugin-5.1.8.jar returned status 404
5.1.9			IOException: Tail request on https://maven-central.storage-download.googleapis.com/maven2/org/danilopianini/publish-on-central/org.danilopianini.publish-on-central.gradle.plugin/5.1.9/org.danilopianini.publish-on-central.gradle.plugin-5.1.9.jar returned status 404
6.0.0			IOException: Tail request on https://maven-central.storage-download.googleapis.com/maven2/org/danilopianini/publish-on-central/org.danilopianini.publish-on-central.gradle.plugin/6.0.0/org.danilopianini.publish-on-central.gradle.plugin-6.0.0.jar returned status 404
6.0.1			IOException: Tail request on https://maven-central.storage-download.googleapis.com/maven2/org/danilopianini/publish-on-central/org.danilopianini.publish-on-central.gradle.plugin/6.0.1/org.danilopianini.publish-on-central.gradle.plugin-6.0.1.jar returned status 404
7.0.0			IOException: Tail request on https://maven-central.storage-download.googleapis.com/maven2/org/danilopianini/publish-on-central/org.danilopianini.publish-on-central.gradle.plugin/7.0.0/org.danilopianini.publish-on-central.gradle.plugin-7.0.0.jar returned status 404
7.0.1			IOException: Tail request on https://maven-central.storage-download.googleapis.com/maven2/org/danilopianini/publish-on-central/org.danilopianini.publish-on-central.gradle.plugin/7.0.1/org.danilopianini.publish-on-central.gradle.plugin-7.0.1.jar returned status 404
7.0.2			IOException: Tail request on https://maven-central.storage-download.googleapis.com/maven2/org/danilopianini/publish-on-central/org.danilopianini.publish-on-central.gradle.plugin/7.0.2/org.danilopianini.publish-on-central.gradle.plugin-7.0.2.jar returned status 404
7.0.3			IOException: Tail request on https://maven-central.storage-download.googleapis.com/maven2/org/danilopianini/publish-on-central/org.danilopianini.publish-on-central.gradle.plugin/7.0.3/org.danilopianini.publish-on-central.gradle.plugin-7.0.3.jar returned status 404
7.0.4			IOException: Tail request on https://maven-central.storage-download.googleapis.com/maven2/org/danilopianini/publish-on-central/org.danilopianini.publish-on-central.gradle.plugin/7.0.4/org.danilopianini.publish-on-central.gradle.plugin-7.0.4.jar returned status 404
8.0.0			IOException: Tail request on https://maven-central.storage-download.googleapis.com/maven2/org/danilopianini/publish-on-central/org.danilopianini.publish-on-central.gradle.plugin/8.0.0/org.danilopianini.publish-on-central.gradle.plugin-8.0.0.jar returned status 404
8.0.1			IOException: Tail request on https://maven-central.storage-download.googleapis.com/maven2/org/danilopianini/publish-on-central/org.danilopianini.publish-on-central.gradle.plugin/8.0.1/org.danilopianini.publish-on-central.gradle.plugin-8.0.1.jar returned status 404
8.0.2			IOException: Tail request on https://maven-central.storage-download.googleapis.com/maven2/org/danilopianini/publish-on-central/org.danilopianini.publish-on-central.gradle.plugin/8.0.2/org.danilopianini.publish-on-central.gradle.plugin-8.0.2.jar returned status 404
8.0.3			IOException: Tail request on https://maven-central.storage-download.googleapis.com/maven2/org/danilopianini/publish-on-central/org.danilopianini.publish-on-central.gradle.plugin/8.0.3/org.danilopianini.publish-on-central.gradle.plugin-8.0.3.jar returned status 404
8.0.4			IOException: Tail request on https://maven-central.storage-download.googleapis.com/maven2/org/danilopianini/publish-on-central/org.danilopianini.publish-on-central.gradle.plugin/8.0.4/org.danilopianini.publish-on-central.gradle.plugin-8.0.4.jar returned status 404
8.0.5			IOException: Tail request on https://maven-central.storage-download.googleapis.com/maven2/org/danilopianini/publish-on-central/org.danilopianini.publish-on-central.gradle.plugin/8.0.5/org.danilopianini.publish-on-central.gradle.plugin-8.0.5.jar returned status 404
8.0.6			IOException: Tail request on https://maven-central.storage-download.googleapis.com/maven2/org/danilopianini/publish-on-central/org.danilopianini.publish-on-central.gradle.plugin/8.0.6/org.danilopianini.publish-on-central.gradle.plugin-8.0.6.jar returned status 404
8.0.7			IOException: Tail request on https://maven-central.storage-download.googleapis.com/maven2/org/danilopianini/publish-on-central/org.danilopianini.publish-on-central.gradle.plugin/8.0.7/org.danilopianini.publish-on-central.gradle.plugin-8.0.7.jar returned status 404
9.0.0			IOException: Tail request on https://maven-central.storage-download.googleapis.com/maven2/org/danilopianini/publish-on-central/org.danilopianini.publish-on-central.gradle.plugin/9.0.0/org.danilopianini.publish-on-central.gradle.plugin-9.0.0.jar returned status 404
9.0.1			IOException: Tail request on https://maven-central.storage-download.googleapis.com/maven2/org/danilopianini/publish-on-central/org.danilopianini.publish-on-central.gradle.plugin/9.0.1/org.danilopianini.publish-on-central.gradle.plugin-9.0.1.jar returned status 404
9.0.2			IOException: Tail request on https://maven-central.storage-download.googleapis.com/maven2/org/danilopianini/publish-on-central/org.danilopianini.publish-on-central.gradle.plugin/9.0.2/org.danilopianini.publish-on-central.gradle.plugin-9.0.2.jar returned status 404
9.0.3			IOException: Tail request on https://maven-central.storage-download.googleapis.com/maven2/org/danilopianini/publish-on-central/org.danilopianini.publish-on-central.gradle.plugin/9.0.3/org.danilopianini.publish-on-central.gradle.plugin-9.0.3.jar returned status 404
9.0.3-dev02-1710565			IOException: Tail request on https://maven-central.storage-download.googleapis.com/maven2/org/danilopianini/publish-on-central/org.danilopianini.publish-on-central.gradle.plugin/9.0.3-dev02-1710565/org.danilopianini.publish-on-central.gradle.plugin-9.0.3-dev02-1710565.jar returned status 404
9.0.3-dev05-41bfb51			IOException: Tail request on https://maven-central.storage-download.googleapis.com/maven2/org/danilopianini/publish-on-central/org.danilopianini.publish-on-central.gradle.plugin/9.0.3-dev05-41bfb51/org.danilopianini.publish-on-central.gradle.plugin-9.0.3-dev05-41bfb51.jar returned status 404
9.0.5			IOException: Tail request on https://maven-central.storage-download.googleapis.com/maven2/org/danilopianini/publish-on-central/org.danilopianini.publish-on-central.gradle.plugin/9.0.5/org.danilopianini.publish-on-central.gradle.plugin-9.0.5.jar returned status 404
9.0.5-dev04-5c76479			IOException: Tail request on https://maven-central.storage-download.googleapis.com/maven2/org/danilopianini/publish-on-central/org.danilopianini.publish-on-central.gradle.plugin/9.0.5-dev04-5c76479/org.danilopianini.publish-on-central.gradle.plugin-9.0.5-dev04-5c76479.jar returned status 404
9.0.5-dev05-3861fe8			IOException: Tail request on https://maven-central.storage-download.googleapis.com/maven2/org/danilopianini/publish-on-central/org.danilopianini.publish-on-central.gradle.plugin/9.0.5-dev05-3861fe8/org.danilopianini.publish-on-central.gradle.plugin-9.0.5-dev05-3861fe8.jar returned status 404
9.0.5-dev05-68bb6ea			IOException: Tail request on https://maven-central.storage-download.googleapis.com/maven2/org/danilopianini/publish-on-central/org.danilopianini.publish-on-central.gradle.plugin/9.0.5-dev05-68bb6ea/org.danilopianini.publish-on-central.gradle.plugin-9.0.5-dev05-68bb6ea.jar returned status 404
9.0.5-dev05-9f625d6			IOException: Tail request on https://maven-central.storage-download.googleapis.com/maven2/org/danilopianini/publish-on-central/org.danilopianini.publish-on-central.gradle.plugin/9.0.5-dev05-9f625d6/org.danilopianini.publish-on-central.gradle.plugin-9.0.5-dev05-9f625d6.jar returned status 404
9.0.5-dev05-a50efc2			IOException: Tail request on https://maven-central.storage-download.googleapis.com/maven2/org/danilopianini/publish-on-central/org.danilopianini.publish-on-central.gradle.plugin/9.0.5-dev05-a50efc2/org.danilopianini.publish-on-central.gradle.plugin-9.0.5-dev05-a50efc2.jar returned status 404
9.0.5-dev05-d53efaf			IOException: Tail request on https://maven-central.storage-download.googleapis.com/maven2/org/danilopianini/publish-on-central/org.danilopianini.publish-on-central.gradle.plugin/9.0.5-dev05-d53efaf/org.danilopianini.publish-on-central.gradle.plugin-9.0.5-dev05-d53efaf.jar returned status 404
9.0.5-dev06-9f423e2			IOException: Tail request on https://maven-central.storage-download.googleapis.com/maven2/org/danilopianini/publish-on-central/org.danilopianini.publish-on-central.gradle.plugin/9.0.5-dev06-9f423e2/org.danilopianini.publish-on-central.gradle.plugin-9.0.5-dev06-9f423e2.jar returned status 404
9.0.5-dev06-9fcfe91			IOException: Tail request on https://maven-central.storage-download.googleapis.com/maven2/org/danilopianini/publish-on-central/org.danilopianini.publish-on-central.gradle.plugin/9.0.5-dev06-9fcfe91/org.danilopianini.publish-on-central.gradle.plugin-9.0.5-dev06-9fcfe91.jar returned status 404
9.0.5-dev06-e1554e4			IOException: Tail request on https://maven-central.storage-download.googleapis.com/maven2/org/danilopianini/publish-on-central/org.danilopianini.publish-on-central.gradle.plugin/9.0.5-dev06-e1554e4/org.danilopianini.publish-on-central.gradle.plugin-9.0.5-dev06-e1554e4.jar returned status 404
9.0.5-dev07-035707e			IOException: Tail request on https://maven-central.storage-download.googleapis.com/maven2/org/danilopianini/publish-on-central/org.danilopianini.publish-on-central.gradle.plugin/9.0.5-dev07-035707e/org.danilopianini.publish-on-central.gradle.plugin-9.0.5-dev07-035707e.jar returned status 404
9.0.5-dev07-71c2cda			IOException: Tail request on https://maven-central.storage-download.googleapis.com/maven2/org/danilopianini/publish-on-central/org.danilopianini.publish-on-central.gradle.plugin/9.0.5-dev07-71c2cda/org.danilopianini.publish-on-central.gradle.plugin-9.0.5-dev07-71c2cda.jar returned status 404
9.0.5-dev07-80c6c02			IOException: Tail request on https://maven-central.storage-download.googleapis.com/maven2/org/danilopianini/publish-on-central/org.danilopianini.publish-on-central.gradle.plugin/9.0.5-dev07-80c6c02/org.danilopianini.publish-on-central.gradle.plugin-9.0.5-dev07-80c6c02.jar returned status 404
9.0.5-dev08-2beabc2			IOException: Tail request on https://maven-central.storage-download.googleapis.com/maven2/org/danilopianini/publish-on-central/org.danilopianini.publish-on-central.gradle.plugin/9.0.5-dev08-2beabc2/org.danilopianini.publish-on-central.gradle.plugin-9.0.5-dev08-2beabc2.jar returned status 404
9.0.5-dev08-d496447			IOException: Tail request on https://maven-central.storage-download.googleapis.com/maven2/org/danilopianini/publish-on-central/org.danilopianini.publish-on-central.gradle.plugin/9.0.5-dev08-d496447/org.danilopianini.publish-on-central.gradle.plugin-9.0.5-dev08-d496447.jar returned status 404
9.0.6			IOException: Tail request on https://maven-central.storage-download.googleapis.com/maven2/org/danilopianini/publish-on-central/org.danilopianini.publish-on-central.gradle.plugin/9.0.6/org.danilopianini.publish-on-central.gradle.plugin-9.0.6.jar returned status 404
9.0.6-dev01-659b0fb			IOException: Tail request on https://maven-central.storage-download.googleapis.com/maven2/org/danilopianini/publish-on-central/org.danilopianini.publish-on-central.gradle.plugin/9.0.6-dev01-659b0fb/org.danilopianini.publish-on-central.gradle.plugin-9.0.6-dev01-659b0fb.jar returned status 404
9.0.6-dev01-8760875			IOException: Tail request on https://maven-central.storage-download.googleapis.com/maven2/org/danilopianini/publish-on-central/org.danilopianini.publish-on-central.gradle.plugin/9.0.6-dev01-8760875/org.danilopianini.publish-on-central.gradle.plugin-9.0.6-dev01-8760875.jar returned status 404
9.0.6-dev01-b21a4b5			IOException: Tail request on https://maven-central.storage-download.googleapis.com/maven2/org/danilopianini/publish-on-central/org.danilopianini.publish-on-central.gradle.plugin/9.0.6-dev01-b21a4b5/org.danilopianini.publish-on-central.gradle.plugin-9.0.6-dev01-b21a4b5.jar returned status 404
9.0.6-dev02-187069c			IOException: Tail request on https://maven-central.storage-download.googleapis.com/maven2/org/danilopianini/publish-on-central/org.danilopianini.publish-on-central.gradle.plugin/9.0.6-dev02-187069c/org.danilopianini.publish-on-central.gradle.plugin-9.0.6-dev02-187069c.jar returned status 404
9.0.6-dev02-fc26d60			IOException: Tail request on https://maven-central.storage-download.googleapis.com/maven2/org/danilopianini/publish-on-central/org.danilopianini.publish-on-central.gradle.plugin/9.0.6-dev02-fc26d60/org.danilopianini.publish-on-central.gradle.plugin-9.0.6-dev02-fc26d60.jar returned status 404
9.0.6-dev03-39c5be4			IOException: Tail request on https://maven-central.storage-download.googleapis.com/maven2/org/danilopianini/publish-on-central/org.danilopianini.publish-on-central.gradle.plugin/9.0.6-dev03-39c5be4/org.danilopianini.publish-on-central.gradle.plugin-9.0.6-dev03-39c5be4.jar returned status 404
9.0.6-dev03-53717f8			IOException: Tail request on https://maven-central.storage-download.googleapis.com/maven2/org/danilopianini/publish-on-central/org.danilopianini.publish-on-central.gradle.plugin/9.0.6-dev03-53717f8/org.danilopianini.publish-on-central.gradle.plugin-9.0.6-dev03-53717f8.jar returned status 404
9.0.7			IOException: Tail request on https://maven-central.storage-download.googleapis.com/maven2/org/danilopianini/publish-on-central/org.danilopianini.publish-on-central.gradle.plugin/9.0.7/org.danilopianini.publish-on-central.gradle.plugin-9.0.7.jar returned status 404
9.0.7-dev01-1331958			IOException: Tail request on https://maven-central.storage-download.googleapis.com/maven2/org/danilopianini/publish-on-central/org.danilopianini.publish-on-central.gradle.plugin/9.0.7-dev01-1331958/org.danilopianini.publish-on-central.gradle.plugin-9.0.7-dev01-1331958.jar returned status 404
9.0.7-dev01-3a0cbaa			IOException: Tail request on https://maven-central.storage-download.googleapis.com/maven2/org/danilopianini/publish-on-central/org.danilopianini.publish-on-central.gradle.plugin/9.0.7-dev01-3a0cbaa/org.danilopianini.publish-on-central.gradle.plugin-9.0.7-dev01-3a0cbaa.jar returned status 404
9.0.7-dev02-c80a8fe			IOException: Tail request on https://maven-central.storage-download.googleapis.com/maven2/org/danilopianini/publish-on-central/org.danilopianini.publish-on-central.gradle.plugin/9.0.7-dev02-c80a8fe/org.danilopianini.publish-on-central.gradle.plugin-9.0.7-dev02-c80a8fe.jar returned status 404
9.0.7-dev02-ea80e2f			IOException: Tail request on https://maven-central.storage-download.googleapis.com/maven2/org/danilopianini/publish-on-central/org.danilopianini.publish-on-central.gradle.plugin/9.0.7-dev02-ea80e2f/org.danilopianini.publish-on-central.gradle.plugin-9.0.7-dev02-ea80e2f.jar returned status 404
9.0.7-dev03-38457d5			IOException: Tail request on https://maven-central.storage-download.googleapis.com/maven2/org/danilopianini/publish-on-central/org.danilopianini.publish-on-central.gradle.plugin/9.0.7-dev03-38457d5/org.danilopianini.publish-on-central.gradle.plugin-9.0.7-dev03-38457d5.jar returned status 404
9.0.7-dev03-df9db91			IOException: Tail request on https://maven-central.storage-download.googleapis.com/maven2/org/danilopianini/publish-on-central/org.danilopianini.publish-on-central.gradle.plugin/9.0.7-dev03-df9db91/org.danilopianini.publish-on-central.gradle.plugin-9.0.7-dev03-df9db91.jar returned status 404
9.0.7-dev04-a675ee8			IOException: Tail request on https://maven-central.storage-download.googleapis.com/maven2/org/danilopianini/publish-on-central/org.danilopianini.publish-on-central.gradle.plugin/9.0.7-dev04-a675ee8/org.danilopianini.publish-on-central.gradle.plugin-9.0.7-dev04-a675ee8.jar returned status 404
9.0.7-dev04-fcf411d			IOException: Tail request on https://maven-central.storage-download.googleapis.com/maven2/org/danilopianini/publish-on-central/org.danilopianini.publish-on-central.gradle.plugin/9.0.7-dev04-fcf411d/org.danilopianini.publish-on-central.gradle.plugin-9.0.7-dev04-fcf411d.jar returned status 404
9.0.7-dev05-d0f54b6			IOException: Tail request on https://maven-central.storage-download.googleapis.com/maven2/org/danilopianini/publish-on-central/org.danilopianini.publish-on-central.gradle.plugin/9.0.7-dev05-d0f54b6/org.danilopianini.publish-on-central.gradle.plugin-9.0.7-dev05-d0f54b6.jar returned status 404
9.0.7-dev05-d235f27			IOException: Tail request on https://maven-central.storage-download.googleapis.com/maven2/org/danilopianini/publish-on-central/org.danilopianini.publish-on-central.gradle.plugin/9.0.7-dev05-d235f27/org.danilopianini.publish-on-central.gradle.plugin-9.0.7-dev05-d235f27.jar returned status 404
9.0.7-dev06-23f6933			IOException: Tail request on https://maven-central.storage-download.googleapis.com/maven2/org/danilopianini/publish-on-central/org.danilopianini.publish-on-central.gradle.plugin/9.0.7-dev06-23f6933/org.danilopianini.publish-on-central.gradle.plugin-9.0.7-dev06-23f6933.jar returned status 404
9.0.7-dev06-7b8e9b5			IOException: Tail request on https://maven-central.storage-download.googleapis.com/maven2/org/danilopianini/publish-on-central/org.danilopianini.publish-on-central.gradle.plugin/9.0.7-dev06-7b8e9b5/org.danilopianini.publish-on-central.gradle.plugin-9.0.7-dev06-7b8e9b5.jar returned status 404
9.0.7-dev07-77bb001			IOException: Tail request on https://maven-central.storage-download.googleapis.com/maven2/org/danilopianini/publish-on-central/org.danilopianini.publish-on-central.gradle.plugin/9.0.7-dev07-77bb001/org.danilopianini.publish-on-central.gradle.plugin-9.0.7-dev07-77bb001.jar returned status 404
9.0.7-dev07-cff813f			IOException: Tail request on https://maven-central.storage-download.googleapis.com/maven2/org/danilopianini/publish-on-central/org.danilopianini.publish-on-central.gradle.plugin/9.0.7-dev07-cff813f/org.danilopianini.publish-on-central.gradle.plugin-9.0.7-dev07-cff813f.jar returned status 404
9.0.7-dev07-d9153c9			IOException: Tail request on https://maven-central.storage-download.googleapis.com/maven2/org/danilopianini/publish-on-central/org.danilopianini.publish-on-central.gradle.plugin/9.0.7-dev07-d9153c9/org.danilopianini.publish-on-central.gradle.plugin-9.0.7-dev07-d9153c9.jar returned status 404
9.0.7-dev08-a0312b5			IOException: Tail request on https://maven-central.storage-download.googleapis.com/maven2/org/danilopianini/publish-on-central/org.danilopianini.publish-on-central.gradle.plugin/9.0.7-dev08-a0312b5/org.danilopianini.publish-on-central.gradle.plugin-9.0.7-dev08-a0312b5.jar returned status 404
9.0.8			IOException: Tail request on https://maven-central.storage-download.googleapis.com/maven2/org/danilopianini/publish-on-central/org.danilopianini.publish-on-central.gradle.plugin/9.0.8/org.danilopianini.publish-on-central.gradle.plugin-9.0.8.jar returned status 404
9.0.8-dev01-e79fff0			IOException: Tail request on https://maven-central.storage-download.googleapis.com/maven2/org/danilopianini/publish-on-central/org.danilopianini.publish-on-central.gradle.plugin/9.0.8-dev01-e79fff0/org.danilopianini.publish-on-central.gradle.plugin-9.0.8-dev01-e79fff0.jar returned status 404
9.0.8-dev01-fa961b0			IOException: Tail request on https://maven-central.storage-download.googleapis.com/maven2/org/danilopianini/publish-on-central/org.danilopianini.publish-on-central.gradle.plugin/9.0.8-dev01-fa961b0/org.danilopianini.publish-on-central.gradle.plugin-9.0.8-dev01-fa961b0.jar returned status 404
9.0.8-dev02-06d82d2			IOException: Tail request on https://maven-central.storage-download.googleapis.com/maven2/org/danilopianini/publish-on-central/org.danilopianini.publish-on-central.gradle.plugin/9.0.8-dev02-06d82d2/org.danilopianini.publish-on-central.gradle.plugin-9.0.8-dev02-06d82d2.jar returned status 404
9.0.8-dev02-935df8b			IOException: Tail request on https://maven-central.storage-download.googleapis.com/maven2/org/danilopianini/publish-on-central/org.danilopianini.publish-on-central.gradle.plugin/9.0.8-dev02-935df8b/org.danilopianini.publish-on-central.gradle.plugin-9.0.8-dev02-935df8b.jar returned status 404
9.0.8-dev03-6232403			IOException: Tail request on https://maven-central.storage-download.googleapis.com/maven2/org/danilopianini/publish-on-central/org.danilopianini.publish-on-central.gradle.plugin/9.0.8-dev03-6232403/org.danilopianini.publish-on-central.gradle.plugin-9.0.8-dev03-6232403.jar returned status 404
9.0.8-dev03-8ea3ff4			IOException: Tail request on https://maven-central.storage-download.googleapis.com/maven2/org/danilopianini/publish-on-central/org.danilopianini.publish-on-central.gradle.plugin/9.0.8-dev03-8ea3ff4/org.danilopianini.publish-on-central.gradle.plugin-9.0.8-dev03-8ea3ff4.jar returned status 404
9.0.8-dev04-082aa59			IOException: Tail request on https://maven-central.storage-download.googleapis.com/maven2/org/danilopianini/publish-on-central/org.danilopianini.publish-on-central.gradle.plugin/9.0.8-dev04-082aa59/org.danilopianini.publish-on-central.gradle.plugin-9.0.8-dev04-082aa59.jar returned status 404
9.0.8-dev04-bfef07b			IOException: Tail request on https://maven-central.storage-download.googleapis.com/maven2/org/danilopianini/publish-on-central/org.danilopianini.publish-on-central.gradle.plugin/9.0.8-dev04-bfef07b/org.danilopianini.publish-on-central.gradle.plugin-9.0.8-dev04-bfef07b.jar returned status 404
9.0.8-dev05-4a8088a			IOException: Tail request on https://maven-central.storage-download.googleapis.com/maven2/org/danilopianini/publish-on-central/org.danilopianini.publish-on-central.gradle.plugin/9.0.8-dev05-4a8088a/org.danilopianini.publish-on-central.gradle.plugin-9.0.8-dev05-4a8088a.jar returned status 404
9.0.8-dev05-83ddf91			IOException: Tail request on https://maven-central.storage-download.googleapis.com/maven2/org/danilopianini/publish-on-central/org.danilopianini.publish-on-central.gradle.plugin/9.0.8-dev05-83ddf91/org.danilopianini.publish-on-central.gradle.plugin-9.0.8-dev05-83ddf91.jar returned status 404
9.0.9-dev01-2e7de09			IOException: Tail request on https://maven-central.storage-download.googleapis.com/maven2/org/danilopianini/publish-on-central/org.danilopianini.publish-on-central.gradle.plugin/9.0.9-dev01-2e7de09/org.danilopianini.publish-on-central.gradle.plugin-9.0.9-dev01-2e7de09.jar returned status 404
9.0.9-dev01-fb29593			IOException: Tail request on https://maven-central.storage-download.googleapis.com/maven2/org/danilopianini/publish-on-central/org.danilopianini.publish-on-central.gradle.plugin/9.0.9-dev01-fb29593/org.danilopianini.publish-on-central.gradle.plugin-9.0.9-dev01-fb29593.jar returned status 404
9.0.9-dev02-4168353			IOException: Tail request on https://maven-central.storage-download.googleapis.com/maven2/org/danilopianini/publish-on-central/org.danilopianini.publish-on-central.gradle.plugin/9.0.9-dev02-4168353/org.danilopianini.publish-on-central.gradle.plugin-9.0.9-dev02-4168353.jar returned status 404
9.0.9-dev02-f35688a			IOException: Tail request on https://maven-central.storage-download.googleapis.com/maven2/org/danilopianini/publish-on-central/org.danilopianini.publish-on-central.gradle.plugin/9.0.9-dev02-f35688a/org.danilopianini.publish-on-central.gradle.plugin-9.0.9-dev02-f35688a.jar returned status 404
9.0.9-dev03-545255b			IOException: Tail request on https://maven-central.storage-download.googleapis.com/maven2/org/danilopianini/publish-on-central/org.danilopianini.publish-on-central.gradle.plugin/9.0.9-dev03-545255b/org.danilopianini.publish-on-central.gradle.plugin-9.0.9-dev03-545255b.jar returned status 404
9.0.9-dev03-933d608			IOException: Tail request on https://maven-central.storage-download.googleapis.com/maven2/org/danilopianini/publish-on-central/org.danilopianini.publish-on-central.gradle.plugin/9.0.9-dev03-933d608/org.danilopianini.publish-on-central.gradle.plugin-9.0.9-dev03-933d608.jar returned status 404
9.0.9-dev04-146d055			IOException: Tail request on https://maven-central.storage-download.googleapis.com/maven2/org/danilopianini/publish-on-central/org.danilopianini.publish-on-central.gradle.plugin/9.0.9-dev04-146d055/org.danilopianini.publish-on-central.gradle.plugin-9.0.9-dev04-146d055.jar returned status 404
9.0.9-dev04-c80e8dc			IOException: Tail request on https://maven-central.storage-download.googleapis.com/maven2/org/danilopianini/publish-on-central/org.danilopianini.publish-on-central.gradle.plugin/9.0.9-dev04-c80e8dc/org.danilopianini.publish-on-central.gradle.plugin-9.0.9-dev04-c80e8dc.jar returned status 404
9.0.9-dev05-aa7791f			IOException: Tail request on https://maven-central.storage-download.googleapis.com/maven2/org/danilopianini/publish-on-central/org.danilopianini.publish-on-central.gradle.plugin/9.0.9-dev05-aa7791f/org.danilopianini.publish-on-central.gradle.plugin-9.0.9-dev05-aa7791f.jar returned status 404
9.0.9-dev05-de8b938			IOException: Tail request on https://maven-central.storage-download.googleapis.com/maven2/org/danilopianini/publish-on-central/org.danilopianini.publish-on-central.gradle.plugin/9.0.9-dev05-de8b938/org.danilopianini.publish-on-central.gradle.plugin-9.0.9-dev05-de8b938.jar returned status 404
9.1.0			IOException: Tail request on https://maven-central.storage-download.googleapis.com/maven2/org/danilopianini/publish-on-central/org.danilopianini.publish-on-central.gradle.plugin/9.1.0/org.danilopianini.publish-on-central.gradle.plugin-9.1.0.jar returned status 404
9.1.1			IOException: Tail request on https://maven-central.storage-download.googleapis.com/maven2/org/danilopianini/publish-on-central/org.danilopianini.publish-on-central.gradle.plugin/9.1.1/org.danilopianini.publish-on-central.gradle.plugin-9.1.1.jar returned status 404
9.1.1-dev01-04e17ca			IOException: Tail request on https://maven-central.storage-download.googleapis.com/maven2/org/danilopianini/publish-on-central/org.danilopianini.publish-on-central.gradle.plugin/9.1.1-dev01-04e17ca/org.danilopianini.publish-on-central.gradle.plugin-9.1.1-dev01-04e17ca.jar returned status 404
9.1.1-dev01-5722c6c			IOException: Tail request on https://maven-central.storage-download.googleapis.com/maven2/org/danilopianini/publish-on-central/org.danilopianini.publish-on-central.gradle.plugin/9.1.1-dev01-5722c6c/org.danilopianini.publish-on-central.gradle.plugin-9.1.1-dev01-5722c6c.jar returned status 404
9.1.1-dev02-a26612e			IOException: Tail request on https://maven-central.storage-download.googleapis.com/maven2/org/danilopianini/publish-on-central/org.danilopianini.publish-on-central.gradle.plugin/9.1.1-dev02-a26612e/org.danilopianini.publish-on-central.gradle.plugin-9.1.1-dev02-a26612e.jar returned status 404
9.1.1-dev02-afa8dfc			IOException: Tail request on https://maven-central.storage-download.googleapis.com/maven2/org/danilopianini/publish-on-central/org.danilopianini.publish-on-central.gradle.plugin/9.1.1-dev02-afa8dfc/org.danilopianini.publish-on-central.gradle.plugin-9.1.1-dev02-afa8dfc.jar returned status 404
9.1.1-dev03-11fa8c3			IOException: Tail request on https://maven-central.storage-download.googleapis.com/maven2/org/danilopianini/publish-on-central/org.danilopianini.publish-on-central.gradle.plugin/9.1.1-dev03-11fa8c3/org.danilopianini.publish-on-central.gradle.plugin-9.1.1-dev03-11fa8c3.jar returned status 404
9.1.1-dev03-5da1512			IOException: Tail request on https://maven-central.storage-download.googleapis.com/maven2/org/danilopianini/publish-on-central/org.danilopianini.publish-on-central.gradle.plugin/9.1.1-dev03-5da1512/org.danilopianini.publish-on-central.gradle.plugin-9.1.1-dev03-5da1512.jar returned status 404
9.1.1-dev04-3e4154e			IOException: Tail request on https://maven-central.storage-download.googleapis.com/maven2/org/danilopianini/publish-on-central/org.danilopianini.publish-on-central.gradle.plugin/9.1.1-dev04-3e4154e/org.danilopianini.publish-on-central.gradle.plugin-9.1.1-dev04-3e4154e.jar returned status 404
9.1.1-dev04-52dc971			IOException: Tail request on https://maven-central.storage-download.googleapis.com/maven2/org/danilopianini/publish-on-central/org.danilopianini.publish-on-central.gradle.plugin/9.1.1-dev04-52dc971/org.danilopianini.publish-on-central.gradle.plugin-9.1.1-dev04-52dc971.jar returned status 404
9.1.1-dev05-7317498			IOException: Tail request on https://maven-central.storage-download.googleapis.com/maven2/org/danilopianini/publish-on-central/org.danilopianini.publish-on-central.gradle.plugin/9.1.1-dev05-7317498/org.danilopianini.publish-on-central.gradle.plugin-9.1.1-dev05-7317498.jar returned status 404
9.1.1-dev05-a67d3e5			IOException: Tail request on https://maven-central.storage-download.googleapis.com/maven2/org/danilopianini/publish-on-central/org.danilopianini.publish-on-central.gradle.plugin/9.1.1-dev05-a67d3e5/org.danilopianini.publish-on-central.gradle.plugin-9.1.1-dev05-a67d3e5.jar returned status 404
9.1.1-dev06-736ed1c			IOException: Tail request on https://maven-central.storage-download.googleapis.com/maven2/org/danilopianini/publish-on-central/org.danilopianini.publish-on-central.gradle.plugin/9.1.1-dev06-736ed1c/org.danilopianini.publish-on-central.gradle.plugin-9.1.1-dev06-736ed1c.jar returned status 404
9.1.1-dev06-8463aa1			IOException: Tail request on https://maven-central.storage-download.googleapis.com/maven2/org/danilopianini/publish-on-central/org.danilopianini.publish-on-central.gradle.plugin/9.1.1-dev06-8463aa1/org.danilopianini.publish-on-central.gradle.plugin-9.1.1-dev06-8463aa1.jar returned status 404
9.1.1-dev06-cbe23d8			IOException: Tail request on https://maven-central.storage-download.googleapis.com/maven2/org/danilopianini/publish-on-central/org.danilopianini.publish-on-central.gradle.plugin/9.1.1-dev06-cbe23d8/org.danilopianini.publish-on-central.gradle.plugin-9.1.1-dev06-cbe23d8.jar returned status 404
9.1.1-dev07-74d407f			IOException: Tail request on https://maven-central.storage-download.googleapis.com/maven2/org/danilopianini/publish-on-central/org.danilopianini.publish-on-central.gradle.plugin/9.1.1-dev07-74d407f/org.danilopianini.publish-on-central.gradle.plugin-9.1.1-dev07-74d407f.jar returned status 404
9.1.1-dev07-a069897			IOException: Tail request on https://maven-central.storage-download.googleapis.com/maven2/org/danilopianini/publish-on-central/org.danilopianini.publish-on-central.gradle.plugin/9.1.1-dev07-a069897/org.danilopianini.publish-on-central.gradle.plugin-9.1.1-dev07-a069897.jar returned status 404
9.1.1-dev07-f30ec11			IOException: Tail request on https://maven-central.storage-download.googleapis.com/maven2/org/danilopianini/publish-on-central/org.danilopianini.publish-on-central.gradle.plugin/9.1.1-dev07-f30ec11/org.danilopianini.publish-on-central.gradle.plugin-9.1.1-dev07-f30ec11.jar returned status 404
9.1.1-dev08-ab3650c			IOException: Tail request on https://maven-central.storage-download.googleapis.com/maven2/org/danilopianini/publish-on-central/org.danilopianini.publish-on-central.gradle.plugin/9.1.1-dev08-ab3650c/org.danilopianini.publish-on-central.gradle.plugin-9.1.1-dev08-ab3650c.jar returned status 404
9.1.1-dev08-df6876a			IOException: Tail request on https://maven-central.storage-download.googleapis.com/maven2/org/danilopianini/publish-on-central/org.danilopianini.publish-on-central.gradle.plugin/9.1.1-dev08-df6876a/org.danilopianini.publish-on-central.gradle.plugin-9.1.1-dev08-df6876a.jar returned status 404
9.1.1-dev09-20886ef			IOException: Tail request on https://maven-central.storage-download.googleapis.com/maven2/org/danilopianini/publish-on-central/org.danilopianini.publish-on-central.gradle.plugin/9.1.1-dev09-20886ef/org.danilopianini.publish-on-central.gradle.plugin-9.1.1-dev09-20886ef.jar returned status 404
9.1.1-dev09-af0ff9a			IOException: Tail request on https://maven-central.storage-download.googleapis.com/maven2/org/danilopianini/publish-on-central/org.danilopianini.publish-on-central.gradle.plugin/9.1.1-dev09-af0ff9a/org.danilopianini.publish-on-central.gradle.plugin-9.1.1-dev09-af0ff9a.jar returned status 404
9.1.1-dev09-c5eb73c			IOException: Tail request on https://maven-central.storage-download.googleapis.com/maven2/org/danilopianini/publish-on-central/org.danilopianini.publish-on-central.gradle.plugin/9.1.1-dev09-c5eb73c/org.danilopianini.publish-on-central.gradle.plugin-9.1.1-dev09-c5eb73c.jar returned status 404
9.1.1-dev09-e44cb17			IOException: Tail request on https://maven-central.storage-download.googleapis.com/maven2/org/danilopianini/publish-on-central/org.danilopianini.publish-on-central.gradle.plugin/9.1.1-dev09-e44cb17/org.danilopianini.publish-on-central.gradle.plugin-9.1.1-dev09-e44cb17.jar returned status 404
9.1.1-dev0a-366c3ff			IOException: Tail request on https://maven-central.storage-download.googleapis.com/maven2/org/danilopianini/publish-on-central/org.danilopianini.publish-on-central.gradle.plugin/9.1.1-dev0a-366c3ff/org.danilopianini.publish-on-central.gradle.plugin-9.1.1-dev0a-366c3ff.jar returned status 404
9.1.1-dev0a-9793575			IOException: Tail request on https://maven-central.storage-download.googleapis.com/maven2/org/danilopianini/publish-on-central/org.danilopianini.publish-on-central.gradle.plugin/9.1.1-dev0a-9793575/org.danilopianini.publish-on-central.gradle.plugin-9.1.1-dev0a-9793575.jar returned status 404
9.1.1-dev0a-dac86c0			IOException: Tail request on https://maven-central.storage-download.googleapis.com/maven2/org/danilopianini/publish-on-central/org.danilopianini.publish-on-central.gradle.plugin/9.1.1-dev0a-dac86c0/org.danilopianini.publish-on-central.gradle.plugin-9.1.1-dev0a-dac86c0.jar returned status 404
9.1.1-dev0b-86077ac			IOException: Tail request on https://maven-central.storage-download.googleapis.com/maven2/org/danilopianini/publish-on-central/org.danilopianini.publish-on-central.gradle.plugin/9.1.1-dev0b-86077ac/org.danilopianini.publish-on-central.gradle.plugin-9.1.1-dev0b-86077ac.jar returned status 404
9.1.1-dev0b-925c26a			IOException: Tail request on https://maven-central.storage-download.googleapis.com/maven2/org/danilopianini/publish-on-central/org.danilopianini.publish-on-central.gradle.plugin/9.1.1-dev0b-925c26a/org.danilopianini.publish-on-central.gradle.plugin-9.1.1-dev0b-925c26a.jar returned status 404
9.1.1-dev0c-029f3a4			IOException: Tail request on https://maven-central.storage-download.googleapis.com/maven2/org/danilopianini/publish-on-central/org.danilopianini.publish-on-central.gradle.plugin/9.1.1-dev0c-029f3a4/org.danilopianini.publish-on-central.gradle.plugin-9.1.1-dev0c-029f3a4.jar returned status 404
9.1.1-dev0c-0c69305			IOException: Tail request on https://maven-central.storage-download.googleapis.com/maven2/org/danilopianini/publish-on-central/org.danilopianini.publish-on-central.gradle.plugin/9.1.1-dev0c-0c69305/org.danilopianini.publish-on-central.gradle.plugin-9.1.1-dev0c-0c69305.jar returned status 404
9.1.1-dev0d-6dbba6c			IOException: Tail request on https://maven-central.storage-download.googleapis.com/maven2/org/danilopianini/publish-on-central/org.danilopianini.publish-on-central.gradle.plugin/9.1.1-dev0d-6dbba6c/org.danilopianini.publish-on-central.gradle.plugin-9.1.1-dev0d-6dbba6c.jar returned status 404
9.1.1-dev0d-7fb227e			IOException: Tail request on https://maven-central.storage-download.googleapis.com/maven2/org/danilopianini/publish-on-central/org.danilopianini.publish-on-central.gradle.plugin/9.1.1-dev0d-7fb227e/org.danilopianini.publish-on-central.gradle.plugin-9.1.1-dev0d-7fb227e.jar returned status 404
9.1.1-dev0d-882fb24			IOException: Tail request on https://maven-central.storage-download.googleapis.com/maven2/org/danilopianini/publish-on-central/org.danilopianini.publish-on-central.gradle.plugin/9.1.1-dev0d-882fb24/org.danilopianini.publish-on-central.gradle.plugin-9.1.1-dev0d-882fb24.jar returned status 404
9.1.1-dev0d-b736d6a			IOException: Tail request on https://maven-central.storage-download.googleapis.com/maven2/org/danilopianini/publish-on-central/org.danilopianini.publish-on-central.gradle.plugin/9.1.1-dev0d-b736d6a/org.danilopianini.publish-on-central.gradle.plugin-9.1.1-dev0d-b736d6a.jar returned status 404
9.1.1-dev0d-cd053f1			IOException: Tail request on https://maven-central.storage-download.googleapis.com/maven2/org/danilopianini/publish-on-central/org.danilopianini.publish-on-central.gradle.plugin/9.1.1-dev0d-cd053f1/org.danilopianini.publish-on-central.gradle.plugin-9.1.1-dev0d-cd053f1.jar returned status 404
9.1.1-dev0d-d00d4e0			IOException: Tail request on https://maven-central.storage-download.googleapis.com/maven2/org/danilopianini/publish-on-central/org.danilopianini.publish-on-central.gradle.plugin/9.1.1-dev0d-d00d4e0/org.danilopianini.publish-on-central.gradle.plugin-9.1.1-dev0d-d00d4e0.jar returned status 404
9.1.1-dev0d-d0a6966			IOException: Tail request on https://maven-central.storage-download.googleapis.com/maven2/org/danilopianini/publish-on-central/org.danilopianini.publish-on-central.gradle.plugin/9.1.1-dev0d-d0a6966/org.danilopianini.publish-on-central.gradle.plugin-9.1.1-dev0d-d0a6966.jar returned status 404
9.1.1-dev0d-e3a5d5f			IOException: Tail request on https://maven-central.storage-download.googleapis.com/maven2/org/danilopianini/publish-on-central/org.danilopianini.publish-on-central.gradle.plugin/9.1.1-dev0d-e3a5d5f/org.danilopianini.publish-on-central.gradle.plugin-9.1.1-dev0d-e3a5d5f.jar returned status 404
9.1.1-dev0d-f1f898b			IOException: Tail request on https://maven-central.storage-download.googleapis.com/maven2/org/danilopianini/publish-on-central/org.danilopianini.publish-on-central.gradle.plugin/9.1.1-dev0d-f1f898b/org.danilopianini.publish-on-central.gradle.plugin-9.1.1-dev0d-f1f898b.jar returned status 404
9.1.10			IOException: Tail request on https://maven-central.storage-download.googleapis.com/maven2/org/danilopianini/publish-on-central/org.danilopianini.publish-on-central.gradle.plugin/9.1.10/org.danilopianini.publish-on-central.gradle.plugin-9.1.10.jar returned status 404
9.1.10-dev01-3de8e53			IOException: Tail request on https://maven-central.storage-download.googleapis.com/maven2/org/danilopianini/publish-on-central/org.danilopianini.publish-on-central.gradle.plugin/9.1.10-dev01-3de8e53/org.danilopianini.publish-on-central.gradle.plugin-9.1.10-dev01-3de8e53.jar returned status 404
9.1.10-dev01-e2be1e6			IOException: Tail request on https://maven-central.storage-download.googleapis.com/maven2/org/danilopianini/publish-on-central/org.danilopianini.publish-on-central.gradle.plugin/9.1.10-dev01-e2be1e6/org.danilopianini.publish-on-central.gradle.plugin-9.1.10-dev01-e2be1e6.jar returned status 404
9.1.10-dev01-e746573			IOException: Tail request on https://maven-central.storage-download.googleapis.com/maven2/org/danilopianini/publish-on-central/org.danilopianini.publish-on-central.gradle.plugin/9.1.10-dev01-e746573/org.danilopianini.publish-on-central.gradle.plugin-9.1.10-dev01-e746573.jar returned status 404
9.1.10-dev02-768c2bc			IOException: Tail request on https://maven-central.storage-download.googleapis.com/maven2/org/danilopianini/publish-on-central/org.danilopianini.publish-on-central.gradle.plugin/9.1.10-dev02-768c2bc/org.danilopianini.publish-on-central.gradle.plugin-9.1.10-dev02-768c2bc.jar returned status 404
9.1.10-dev02-ff42e90			IOException: Tail request on https://maven-central.storage-download.googleapis.com/maven2/org/danilopianini/publish-on-central/org.danilopianini.publish-on-central.gradle.plugin/9.1.10-dev02-ff42e90/org.danilopianini.publish-on-central.gradle.plugin-9.1.10-dev02-ff42e90.jar returned status 404
9.1.10-dev03-1422cb1			IOException: Tail request on https://maven-central.storage-download.googleapis.com/maven2/org/danilopianini/publish-on-central/org.danilopianini.publish-on-central.gradle.plugin/9.1.10-dev03-1422cb1/org.danilopianini.publish-on-central.gradle.plugin-9.1.10-dev03-1422cb1.jar returned status 404
9.1.10-dev03-40d5deb			IOException: Tail request on https://maven-central.storage-download.googleapis.com/maven2/org/danilopianini/publish-on-central/org.danilopianini.publish-on-central.gradle.plugin/9.1.10-dev03-40d5deb/org.danilopianini.publish-on-central.gradle.plugin-9.1.10-dev03-40d5deb.jar returned status 404
9.1.10-dev04-8084cf5			IOException: Tail request on https://maven-central.storage-download.googleapis.com/maven2/org/danilopianini/publish-on-central/org.danilopianini.publish-on-central.gradle.plugin/9.1.10-dev04-8084cf5/org.danilopianini.publish-on-central.gradle.plugin-9.1.10-dev04-8084cf5.jar returned status 404
9.1.10-dev04-f0c13e0			IOException: Tail request on https://maven-central.storage-download.googleapis.com/maven2/org/danilopianini/publish-on-central/org.danilopianini.publish-on-central.gradle.plugin/9.1.10-dev04-f0c13e0/org.danilopianini.publish-on-central.gradle.plugin-9.1.10-dev04-f0c13e0.jar returned status 404
9.1.10-dev05-493a767			IOException: Tail request on https://maven-central.storage-download.googleapis.com/maven2/org/danilopianini/publish-on-central/org.danilopianini.publish-on-central.gradle.plugin/9.1.10-dev05-493a767/org.danilopianini.publish-on-central.gradle.plugin-9.1.10-dev05-493a767.jar returned status 404
9.1.10-dev05-7cc0687			IOException: Tail request on https://maven-central.storage-download.googleapis.com/maven2/org/danilopianini/publish-on-central/org.danilopianini.publish-on-central.gradle.plugin/9.1.10-dev05-7cc0687/org.danilopianini.publish-on-central.gradle.plugin-9.1.10-dev05-7cc0687.jar returned status 404
9.1.10-dev06-45816fc			IOException: Tail request on https://maven-central.storage-download.googleapis.com/maven2/org/danilopianini/publish-on-central/org.danilopianini.publish-on-central.gradle.plugin/9.1.10-dev06-45816fc/org.danilopianini.publish-on-central.gradle.plugin-9.1.10-dev06-45816fc.jar returned status 404
9.1.10-dev06-8592453			IOException: Tail request on https://maven-central.storage-download.googleapis.com/maven2/org/danilopianini/publish-on-central/org.danilopianini.publish-on-central.gradle.plugin/9.1.10-dev06-8592453/org.danilopianini.publish-on-central.gradle.plugin-9.1.10-dev06-8592453.jar returned status 404
9.1.10-dev07-0a43289			IOException: Tail request on https://maven-central.storage-download.googleapis.com/maven2/org/danilopianini/publish-on-central/org.danilopianini.publish-on-central.gradle.plugin/9.1.10-dev07-0a43289/org.danilopianini.publish-on-central.gradle.plugin-9.1.10-dev07-0a43289.jar returned status 404
9.1.10-dev07-27afca5			IOException: Tail request on https://maven-central.storage-download.googleapis.com/maven2/org/danilopianini/publish-on-central/org.danilopianini.publish-on-central.gradle.plugin/9.1.10-dev07-27afca5/org.danilopianini.publish-on-central.gradle.plugin-9.1.10-dev07-27afca5.jar returned status 404
9.1.10-dev07-7ffe316			IOException: Tail request on https://maven-central.storage-download.googleapis.com/maven2/org/danilopianini/publish-on-central/org.danilopianini.publish-on-central.gradle.plugin/9.1.10-dev07-7ffe316/org.danilopianini.publish-on-central.gradle.plugin-9.1.10-dev07-7ffe316.jar returned status 404
9.1.10-dev08-233408f			IOException: Tail request on https://maven-central.storage-download.googleapis.com/maven2/org/danilopianini/publish-on-central/org.danilopianini.publish-on-central.gradle.plugin/9.1.10-dev08-233408f/org.danilopianini.publish-on-central.gradle.plugin-9.1.10-dev08-233408f.jar returned status 404
9.1.11			IOException: Tail request on https://maven-central.storage-download.googleapis.com/maven2/org/danilopianini/publish-on-central/org.danilopianini.publish-on-central.gradle.plugin/9.1.11/org.danilopianini.publish-on-central.gradle.plugin-9.1.11.jar returned status 404
9.1.11-dev01-1953376			IOException: Tail request on https://maven-central.storage-download.googleapis.com/maven2/org/danilopianini/publish-on-central/org.danilopianini.publish-on-central.gradle.plugin/9.1.11-dev01-1953376/org.danilopianini.publish-on-central.gradle.plugin-9.1.11-dev01-1953376.jar returned status 404
9.1.11-dev01-2179fad			IOException: Tail request on https://maven-central.storage-download.googleapis.com/maven2/org/danilopianini/publish-on-central/org.danilopianini.publish-on-central.gradle.plugin/9.1.11-dev01-2179fad/org.danilopianini.publish-on-central.gradle.plugin-9.1.11-dev01-2179fad.jar returned status 404
9.1.11-dev01-afb5294			IOException: Tail request on https://maven-central.storage-download.googleapis.com/maven2/org/danilopianini/publish-on-central/org.danilopianini.publish-on-central.gradle.plugin/9.1.11-dev01-afb5294/org.danilopianini.publish-on-central.gradle.plugin-9.1.11-dev01-afb5294.jar returned status 404
9.1.11-dev01-ed794b2			IOException: Tail request on https://maven-central.storage-download.googleapis.com/maven2/org/danilopianini/publish-on-central/org.danilopianini.publish-on-central.gradle.plugin/9.1.11-dev01-ed794b2/org.danilopianini.publish-on-central.gradle.plugin-9.1.11-dev01-ed794b2.jar returned status 404
9.1.11-dev02-3c5f26a			IOException: Tail request on https://maven-central.storage-download.googleapis.com/maven2/org/danilopianini/publish-on-central/org.danilopianini.publish-on-central.gradle.plugin/9.1.11-dev02-3c5f26a/org.danilopianini.publish-on-central.gradle.plugin-9.1.11-dev02-3c5f26a.jar returned status 404
9.1.11-dev02-4191683			IOException: Tail request on https://maven-central.storage-download.googleapis.com/maven2/org/danilopianini/publish-on-central/org.danilopianini.publish-on-central.gradle.plugin/9.1.11-dev02-4191683/org.danilopianini.publish-on-central.gradle.plugin-9.1.11-dev02-4191683.jar returned status 404
9.1.11-dev02-92dac75			IOException: Tail request on https://maven-central.storage-download.googleapis.com/maven2/org/danilopianini/publish-on-central/org.danilopianini.publish-on-central.gradle.plugin/9.1.11-dev02-92dac75/org.danilopianini.publish-on-central.gradle.plugin-9.1.11-dev02-92dac75.jar returned status 404
9.1.11-dev03-00a8ee1			IOException: Tail request on https://maven-central.storage-download.googleapis.com/maven2/org/danilopianini/publish-on-central/org.danilopianini.publish-on-central.gradle.plugin/9.1.11-dev03-00a8ee1/org.danilopianini.publish-on-central.gradle.plugin-9.1.11-dev03-00a8ee1.jar returned status 404
9.1.11-dev03-e534422			IOException: Tail request on https://maven-central.storage-download.googleapis.com/maven2/org/danilopianini/publish-on-central/org.danilopianini.publish-on-central.gradle.plugin/9.1.11-dev03-e534422/org.danilopianini.publish-on-central.gradle.plugin-9.1.11-dev03-e534422.jar returned status 404
9.1.11-dev04-8c95ef9			IOException: Tail request on https://maven-central.storage-download.googleapis.com/maven2/org/danilopianini/publish-on-central/org.danilopianini.publish-on-central.gradle.plugin/9.1.11-dev04-8c95ef9/org.danilopianini.publish-on-central.gradle.plugin-9.1.11-dev04-8c95ef9.jar returned status 404
9.1.11-dev04-d06d0af			IOException: Tail request on https://maven-central.storage-download.googleapis.com/maven2/org/danilopianini/publish-on-central/org.danilopianini.publish-on-central.gradle.plugin/9.1.11-dev04-d06d0af/org.danilopianini.publish-on-central.gradle.plugin-9.1.11-dev04-d06d0af.jar returned status 404
9.1.11-dev05-04d4f53			IOException: Tail request on https://maven-central.storage-download.googleapis.com/maven2/org/danilopianini/publish-on-central/org.danilopianini.publish-on-central.gradle.plugin/9.1.11-dev05-04d4f53/org.danilopianini.publish-on-central.gradle.plugin-9.1.11-dev05-04d4f53.jar returned status 404
9.1.11-dev05-f046f33			IOException: Tail request on https://maven-central.storage-download.googleapis.com/maven2/org/danilopianini/publish-on-central/org.danilopianini.publish-on-central.gradle.plugin/9.1.11-dev05-f046f33/org.danilopianini.publish-on-central.gradle.plugin-9.1.11-dev05-f046f33.jar returned status 404
9.1.11-dev06-45b5152			IOException: Tail request on https://maven-central.storage-download.googleapis.com/maven2/org/danilopianini/publish-on-central/org.danilopianini.publish-on-central.gradle.plugin/9.1.11-dev06-45b5152/org.danilopianini.publish-on-central.gradle.plugin-9.1.11-dev06-45b5152.jar returned status 404
9.1.11-dev06-4daed6c			IOException: Tail request on https://maven-central.storage-download.googleapis.com/maven2/org/danilopianini/publish-on-central/org.danilopianini.publish-on-central.gradle.plugin/9.1.11-dev06-4daed6c/org.danilopianini.publish-on-central.gradle.plugin-9.1.11-dev06-4daed6c.jar returned status 404
9.1.11-dev06-8fa71e3			IOException: Tail request on https://maven-central.storage-download.googleapis.com/maven2/org/danilopianini/publish-on-central/org.danilopianini.publish-on-central.gradle.plugin/9.1.11-dev06-8fa71e3/org.danilopianini.publish-on-central.gradle.plugin-9.1.11-dev06-8fa71e3.jar returned status 404
9.1.11-dev06-f84e6f4			IOException: Tail request on https://maven-central.storage-download.googleapis.com/maven2/org/danilopianini/publish-on-central/org.danilopianini.publish-on-central.gradle.plugin/9.1.11-dev06-f84e6f4/org.danilopianini.publish-on-central.gradle.plugin-9.1.11-dev06-f84e6f4.jar returned status 404
9.1.11-dev07-337d247			IOException: Tail request on https://maven-central.storage-download.googleapis.com/maven2/org/danilopianini/publish-on-central/org.danilopianini.publish-on-central.gradle.plugin/9.1.11-dev07-337d247/org.danilopianini.publish-on-central.gradle.plugin-9.1.11-dev07-337d247.jar returned status 404
9.1.11-dev07-7e3a232			IOException: Tail request on https://maven-central.storage-download.googleapis.com/maven2/org/danilopianini/publish-on-central/org.danilopianini.publish-on-central.gradle.plugin/9.1.11-dev07-7e3a232/org.danilopianini.publish-on-central.gradle.plugin-9.1.11-dev07-7e3a232.jar returned status 404
9.1.11-dev07-8c3db66			IOException: Tail request on https://maven-central.storage-download.googleapis.com/maven2/org/danilopianini/publish-on-central/org.danilopianini.publish-on-central.gradle.plugin/9.1.11-dev07-8c3db66/org.danilopianini.publish-on-central.gradle.plugin-9.1.11-dev07-8c3db66.jar returned status 404
9.1.11-dev08-88d4b1a			IOException: Tail request on https://maven-central.storage-download.googleapis.com/maven2/org/danilopianini/publish-on-central/org.danilopianini.publish-on-central.gradle.plugin/9.1.11-dev08-88d4b1a/org.danilopianini.publish-on-central.gradle.plugin-9.1.11-dev08-88d4b1a.jar returned status 404
9.1.11-dev08-945fa87			IOException: Tail request on https://maven-central.storage-download.googleapis.com/maven2/org/danilopianini/publish-on-central/org.danilopianini.publish-on-central.gradle.plugin/9.1.11-dev08-945fa87/org.danilopianini.publish-on-central.gradle.plugin-9.1.11-dev08-945fa87.jar returned status 404
9.1.12			IOException: Tail request on https://maven-central.storage-download.googleapis.com/maven2/org/danilopianini/publish-on-central/org.danilopianini.publish-on-central.gradle.plugin/9.1.12/org.danilopianini.publish-on-central.gradle.plugin-9.1.12.jar returned status 404
9.1.12-dev01-3079992			IOException: Tail request on https://maven-central.storage-download.googleapis.com/maven2/org/danilopianini/publish-on-central/org.danilopianini.publish-on-central.gradle.plugin/9.1.12-dev01-3079992/org.danilopianini.publish-on-central.gradle.plugin-9.1.12-dev01-3079992.jar returned status 404
9.1.12-dev01-9f1c3bf			IOException: Tail request on https://maven-central.storage-download.googleapis.com/maven2/org/danilopianini/publish-on-central/org.danilopianini.publish-on-central.gradle.plugin/9.1.12-dev01-9f1c3bf/org.danilopianini.publish-on-central.gradle.plugin-9.1.12-dev01-9f1c3bf.jar returned status 404
9.1.12-dev02-1f3204f			IOException: Tail request on https://maven-central.storage-download.googleapis.com/maven2/org/danilopianini/publish-on-central/org.danilopianini.publish-on-central.gradle.plugin/9.1.12-dev02-1f3204f/org.danilopianini.publish-on-central.gradle.plugin-9.1.12-dev02-1f3204f.jar returned status 404
9.1.12-dev02-679d010			IOException: Tail request on https://maven-central.storage-download.googleapis.com/maven2/org/danilopianini/publish-on-central/org.danilopianini.publish-on-central.gradle.plugin/9.1.12-dev02-679d010/org.danilopianini.publish-on-central.gradle.plugin-9.1.12-dev02-679d010.jar returned status 404
9.1.12-dev03-54ddd42			IOException: Tail request on https://maven-central.storage-download.googleapis.com/maven2/org/danilopianini/publish-on-central/org.danilopianini.publish-on-central.gradle.plugin/9.1.12-dev03-54ddd42/org.danilopianini.publish-on-central.gradle.plugin-9.1.12-dev03-54ddd42.jar returned status 404
9.1.12-dev03-e4f2f5a			IOException: Tail request on https://maven-central.storage-download.googleapis.com/maven2/org/danilopianini/publish-on-central/org.danilopianini.publish-on-central.gradle.plugin/9.1.12-dev03-e4f2f5a/org.danilopianini.publish-on-central.gradle.plugin-9.1.12-dev03-e4f2f5a.jar returned status 404
9.1.12-dev04-8235d20			IOException: Tail request on https://maven-central.storage-download.googleapis.com/maven2/org/danilopianini/publish-on-central/org.danilopianini.publish-on-central.gradle.plugin/9.1.12-dev04-8235d20/org.danilopianini.publish-on-central.gradle.plugin-9.1.12-dev04-8235d20.jar returned status 404
9.1.12-dev04-d7cdc02			IOException: Tail request on https://maven-central.storage-download.googleapis.com/maven2/org/danilopianini/publish-on-central/org.danilopianini.publish-on-central.gradle.plugin/9.1.12-dev04-d7cdc02/org.danilopianini.publish-on-central.gradle.plugin-9.1.12-dev04-d7cdc02.jar returned status 404
9.1.12-dev05-4ab5b56			IOException: Tail request on https://maven-central.storage-download.googleapis.com/maven2/org/danilopianini/publish-on-central/org.danilopianini.publish-on-central.gradle.plugin/9.1.12-dev05-4ab5b56/org.danilopianini.publish-on-central.gradle.plugin-9.1.12-dev05-4ab5b56.jar returned status 404
9.1.12-dev06-2ec4729			IOException: Tail request on https://maven-central.storage-download.googleapis.com/maven2/org/danilopianini/publish-on-central/org.danilopianini.publish-on-central.gradle.plugin/9.1.12-dev06-2ec4729/org.danilopianini.publish-on-central.gradle.plugin-9.1.12-dev06-2ec4729.jar returned status 404
9.1.12-dev06-71924c7			IOException: Tail request on https://maven-central.storage-download.googleapis.com/maven2/org/danilopianini/publish-on-central/org.danilopianini.publish-on-central.gradle.plugin/9.1.12-dev06-71924c7/org.danilopianini.publish-on-central.gradle.plugin-9.1.12-dev06-71924c7.jar returned status 404
9.1.12-dev06-83e22a3			IOException: Tail request on https://maven-central.storage-download.googleapis.com/maven2/org/danilopianini/publish-on-central/org.danilopianini.publish-on-central.gradle.plugin/9.1.12-dev06-83e22a3/org.danilopianini.publish-on-central.gradle.plugin-9.1.12-dev06-83e22a3.jar returned status 404
9.1.12-dev07-385a2c8			IOException: Tail request on https://maven-central.storage-download.googleapis.com/maven2/org/danilopianini/publish-on-central/org.danilopianini.publish-on-central.gradle.plugin/9.1.12-dev07-385a2c8/org.danilopianini.publish-on-central.gradle.plugin-9.1.12-dev07-385a2c8.jar returned status 404
9.1.12-dev07-730e056			IOException: Tail request on https://maven-central.storage-download.googleapis.com/maven2/org/danilopianini/publish-on-central/org.danilopianini.publish-on-central.gradle.plugin/9.1.12-dev07-730e056/org.danilopianini.publish-on-central.gradle.plugin-9.1.12-dev07-730e056.jar returned status 404
9.1.12-dev07-8d69c89			IOException: Tail request on https://maven-central.storage-download.googleapis.com/maven2/org/danilopianini/publish-on-central/org.danilopianini.publish-on-central.gradle.plugin/9.1.12-dev07-8d69c89/org.danilopianini.publish-on-central.gradle.plugin-9.1.12-dev07-8d69c89.jar returned status 404
9.1.12-dev08-3cc9ec9			IOException: Tail request on https://maven-central.storage-download.googleapis.com/maven2/org/danilopianini/publish-on-central/org.danilopianini.publish-on-central.gradle.plugin/9.1.12-dev08-3cc9ec9/org.danilopianini.publish-on-central.gradle.plugin-9.1.12-dev08-3cc9ec9.jar returned status 404
9.1.12-dev08-e826238			IOException: Tail request on https://maven-central.storage-download.googleapis.com/maven2/org/danilopianini/publish-on-central/org.danilopianini.publish-on-central.gradle.plugin/9.1.12-dev08-e826238/org.danilopianini.publish-on-central.gradle.plugin-9.1.12-dev08-e826238.jar returned status 404
9.1.12-dev08-fb3419b			IOException: Tail request on https://maven-central.storage-download.googleapis.com/maven2/org/danilopianini/publish-on-central/org.danilopianini.publish-on-central.gradle.plugin/9.1.12-dev08-fb3419b/org.danilopianini.publish-on-central.gradle.plugin-9.1.12-dev08-fb3419b.jar returned status 404
9.1.12-dev09-6a4d09c			IOException: Tail request on https://maven-central.storage-download.googleapis.com/maven2/org/danilopianini/publish-on-central/org.danilopianini.publish-on-central.gradle.plugin/9.1.12-dev09-6a4d09c/org.danilopianini.publish-on-central.gradle.plugin-9.1.12-dev09-6a4d09c.jar returned status 404
9.1.12-dev09-bb844a6			IOException: Tail request on https://maven-central.storage-download.googleapis.com/maven2/org/danilopianini/publish-on-central/org.danilopianini.publish-on-central.gradle.plugin/9.1.12-dev09-bb844a6/org.danilopianini.publish-on-central.gradle.plugin-9.1.12-dev09-bb844a6.jar returned status 404
9.1.12-dev0a-5f9fae4			IOException: Tail request on https://maven-central.storage-download.googleapis.com/maven2/org/danilopianini/publish-on-central/org.danilopianini.publish-on-central.gradle.plugin/9.1.12-dev0a-5f9fae4/org.danilopianini.publish-on-central.gradle.plugin-9.1.12-dev0a-5f9fae4.jar returned status 404
9.1.12-dev0a-6a0a773			IOException: Tail request on https://maven-central.storage-download.googleapis.com/maven2/org/danilopianini/publish-on-central/org.danilopianini.publish-on-central.gradle.plugin/9.1.12-dev0a-6a0a773/org.danilopianini.publish-on-central.gradle.plugin-9.1.12-dev0a-6a0a773.jar returned status 404
9.1.12-dev0b-42b912b			IOException: Tail request on https://maven-central.storage-download.googleapis.com/maven2/org/danilopianini/publish-on-central/org.danilopianini.publish-on-central.gradle.plugin/9.1.12-dev0b-42b912b/org.danilopianini.publish-on-central.gradle.plugin-9.1.12-dev0b-42b912b.jar returned status 404
9.1.12-dev0b-cd3bbb2			IOException: Tail request on https://maven-central.storage-download.googleapis.com/maven2/org/danilopianini/publish-on-central/org.danilopianini.publish-on-central.gradle.plugin/9.1.12-dev0b-cd3bbb2/org.danilopianini.publish-on-central.gradle.plugin-9.1.12-dev0b-cd3bbb2.jar returned status 404
9.1.12-dev0c-dbc2674			IOException: Tail request on https://maven-central.storage-download.googleapis.com/maven2/org/danilopianini/publish-on-central/org.danilopianini.publish-on-central.gradle.plugin/9.1.12-dev0c-dbc2674/org.danilopianini.publish-on-central.gradle.plugin-9.1.12-dev0c-dbc2674.jar returned status 404
9.1.12-dev0c-e50a236			IOException: Tail request on https://maven-central.storage-download.googleapis.com/maven2/org/danilopianini/publish-on-central/org.danilopianini.publish-on-central.gradle.plugin/9.1.12-dev0c-e50a236/org.danilopianini.publish-on-central.gradle.plugin-9.1.12-dev0c-e50a236.jar returned status 404
9.1.12-dev0d-23be98f			IOException: Tail request on https://maven-central.storage-download.googleapis.com/maven2/org/danilopianini/publish-on-central/org.danilopianini.publish-on-central.gradle.plugin/9.1.12-dev0d-23be98f/org.danilopianini.publish-on-central.gradle.plugin-9.1.12-dev0d-23be98f.jar returned status 404
9.1.12-dev0d-4852dde			IOException: Tail request on https://maven-central.storage-download.googleapis.com/maven2/org/danilopianini/publish-on-central/org.danilopianini.publish-on-central.gradle.plugin/9.1.12-dev0d-4852dde/org.danilopianini.publish-on-central.gradle.plugin-9.1.12-dev0d-4852dde.jar returned status 404
9.1.12-dev0e-220a72e			IOException: Tail request on https://maven-central.storage-download.googleapis.com/maven2/org/danilopianini/publish-on-central/org.danilopianini.publish-on-central.gradle.plugin/9.1.12-dev0e-220a72e/org.danilopianini.publish-on-central.gradle.plugin-9.1.12-dev0e-220a72e.jar returned status 404
9.1.12-dev0e-9143296			IOException: Tail request on https://maven-central.storage-download.googleapis.com/maven2/org/danilopianini/publish-on-central/org.danilopianini.publish-on-central.gradle.plugin/9.1.12-dev0e-9143296/org.danilopianini.publish-on-central.gradle.plugin-9.1.12-dev0e-9143296.jar returned status 404
9.1.12-dev0f-77fcd23			IOException: Tail request on https://maven-central.storage-download.googleapis.com/maven2/org/danilopianini/publish-on-central/org.danilopianini.publish-on-central.gradle.plugin/9.1.12-dev0f-77fcd23/org.danilopianini.publish-on-central.gradle.plugin-9.1.12-dev0f-77fcd23.jar returned status 404
9.1.12-dev0f-82aa3cf			IOException: Tail request on https://maven-central.storage-download.googleapis.com/maven2/org/danilopianini/publish-on-central/org.danilopianini.publish-on-central.gradle.plugin/9.1.12-dev0f-82aa3cf/org.danilopianini.publish-on-central.gradle.plugin-9.1.12-dev0f-82aa3cf.jar returned status 404
9.1.12-dev0g-04f9dc9			IOException: Tail request on https://maven-central.storage-download.googleapis.com/maven2/org/danilopianini/publish-on-central/org.danilopianini.publish-on-central.gradle.plugin/9.1.12-dev0g-04f9dc9/org.danilopianini.publish-on-central.gradle.plugin-9.1.12-dev0g-04f9dc9.jar returned status 404
9.1.12-dev0g-87199d8			IOException: Tail request on https://maven-central.storage-download.googleapis.com/maven2/org/danilopianini/publish-on-central/org.danilopianini.publish-on-central.gradle.plugin/9.1.12-dev0g-87199d8/org.danilopianini.publish-on-central.gradle.plugin-9.1.12-dev0g-87199d8.jar returned status 404
9.1.12-dev0g-f9ff62d			IOException: Tail request on https://maven-central.storage-download.googleapis.com/maven2/org/danilopianini/publish-on-central/org.danilopianini.publish-on-central.gradle.plugin/9.1.12-dev0g-f9ff62d/org.danilopianini.publish-on-central.gradle.plugin-9.1.12-dev0g-f9ff62d.jar returned status 404
9.1.12-dev0h-19a691a			IOException: Tail request on https://maven-central.storage-download.googleapis.com/maven2/org/danilopianini/publish-on-central/org.danilopianini.publish-on-central.gradle.plugin/9.1.12-dev0h-19a691a/org.danilopianini.publish-on-central.gradle.plugin-9.1.12-dev0h-19a691a.jar returned status 404
9.1.12-dev0h-cde31d8			IOException: Tail request on https://maven-central.storage-download.googleapis.com/maven2/org/danilopianini/publish-on-central/org.danilopianini.publish-on-central.gradle.plugin/9.1.12-dev0h-cde31d8/org.danilopianini.publish-on-central.gradle.plugin-9.1.12-dev0h-cde31d8.jar returned status 404
9.1.12-dev0i-3c562e1			IOException: Tail request on https://maven-central.storage-download.googleapis.com/maven2/org/danilopianini/publish-on-central/org.danilopianini.publish-on-central.gradle.plugin/9.1.12-dev0i-3c562e1/org.danilopianini.publish-on-central.gradle.plugin-9.1.12-dev0i-3c562e1.jar returned status 404
9.1.12-dev0i-633a6b4			IOException: Tail request on https://maven-central.storage-download.googleapis.com/maven2/org/danilopianini/publish-on-central/org.danilopianini.publish-on-central.gradle.plugin/9.1.12-dev0i-633a6b4/org.danilopianini.publish-on-central.gradle.plugin-9.1.12-dev0i-633a6b4.jar returned status 404
9.1.12-dev0i-fa3b132			IOException: Tail request on https://maven-central.storage-download.googleapis.com/maven2/org/danilopianini/publish-on-central/org.danilopianini.publish-on-central.gradle.plugin/9.1.12-dev0i-fa3b132/org.danilopianini.publish-on-central.gradle.plugin-9.1.12-dev0i-fa3b132.jar returned status 404
9.1.12-dev0j-f7cede7			IOException: Tail request on https://maven-central.storage-download.googleapis.com/maven2/org/danilopianini/publish-on-central/org.danilopianini.publish-on-central.gradle.plugin/9.1.12-dev0j-f7cede7/org.danilopianini.publish-on-central.gradle.plugin-9.1.12-dev0j-f7cede7.jar returned status 404
9.1.13			IOException: Tail request on https://maven-central.storage-download.googleapis.com/maven2/org/danilopianini/publish-on-central/org.danilopianini.publish-on-central.gradle.plugin/9.1.13/org.danilopianini.publish-on-central.gradle.plugin-9.1.13.jar returned status 404
9.1.13-dev01-5275c11			IOException: Tail request on https://maven-central.storage-download.googleapis.com/maven2/org/danilopianini/publish-on-central/org.danilopianini.publish-on-central.gradle.plugin/9.1.13-dev01-5275c11/org.danilopianini.publish-on-central.gradle.plugin-9.1.13-dev01-5275c11.jar returned status 404
9.1.13-dev01-70f4a91			IOException: Tail request on https://maven-central.storage-download.googleapis.com/maven2/org/danilopianini/publish-on-central/org.danilopianini.publish-on-central.gradle.plugin/9.1.13-dev01-70f4a91/org.danilopianini.publish-on-central.gradle.plugin-9.1.13-dev01-70f4a91.jar returned status 404
9.1.13-dev02-ba06707			IOException: Tail request on https://maven-central.storage-download.googleapis.com/maven2/org/danilopianini/publish-on-central/org.danilopianini.publish-on-central.gradle.plugin/9.1.13-dev02-ba06707/org.danilopianini.publish-on-central.gradle.plugin-9.1.13-dev02-ba06707.jar returned status 404
9.1.13-dev02-e86a696			IOException: Tail request on https://maven-central.storage-download.googleapis.com/maven2/org/danilopianini/publish-on-central/org.danilopianini.publish-on-central.gradle.plugin/9.1.13-dev02-e86a696/org.danilopianini.publish-on-central.gradle.plugin-9.1.13-dev02-e86a696.jar returned status 404
9.1.13-dev03-0a05073			IOException: Tail request on https://maven-central.storage-download.googleapis.com/maven2/org/danilopianini/publish-on-central/org.danilopianini.publish-on-central.gradle.plugin/9.1.13-dev03-0a05073/org.danilopianini.publish-on-central.gradle.plugin-9.1.13-dev03-0a05073.jar returned status 404
9.1.13-dev03-5fddb14			IOException: Tail request on https://maven-central.storage-download.googleapis.com/maven2/org/danilopianini/publish-on-central/org.danilopianini.publish-on-central.gradle.plugin/9.1.13-dev03-5fddb14/org.danilopianini.publish-on-central.gradle.plugin-9.1.13-dev03-5fddb14.jar returned status 404
9.1.13-dev04-70d4d9a			IOException: Tail request on https://maven-central.storage-download.googleapis.com/maven2/org/danilopianini/publish-on-central/org.danilopianini.publish-on-central.gradle.plugin/9.1.13-dev04-70d4d9a/org.danilopianini.publish-on-central.gradle.plugin-9.1.13-dev04-70d4d9a.jar returned status 404
9.1.13-dev04-e1b0224			IOException: Tail request on https://maven-central.storage-download.googleapis.com/maven2/org/danilopianini/publish-on-central/org.danilopianini.publish-on-central.gradle.plugin/9.1.13-dev04-e1b0224/org.danilopianini.publish-on-central.gradle.plugin-9.1.13-dev04-e1b0224.jar returned status 404
9.1.13-dev05-96059ad			IOException: Tail request on https://maven-central.storage-download.googleapis.com/maven2/org/danilopianini/publish-on-central/org.danilopianini.publish-on-central.gradle.plugin/9.1.13-dev05-96059ad/org.danilopianini.publish-on-central.gradle.plugin-9.1.13-dev05-96059ad.jar returned status 404
9.1.13-dev05-992b1e1			IOException: Tail request on https://maven-central.storage-download.googleapis.com/maven2/org/danilopianini/publish-on-central/org.danilopianini.publish-on-central.gradle.plugin/9.1.13-dev05-992b1e1/org.danilopianini.publish-on-central.gradle.plugin-9.1.13-dev05-992b1e1.jar returned status 404
9.1.13-dev05-9b01a31			IOException: Tail request on https://maven-central.storage-download.googleapis.com/maven2/org/danilopianini/publish-on-central/org.danilopianini.publish-on-central.gradle.plugin/9.1.13-dev05-9b01a31/org.danilopianini.publish-on-central.gradle.plugin-9.1.13-dev05-9b01a31.jar returned status 404
9.1.13-dev05-9da56d3			IOException: Tail request on https://maven-central.storage-download.googleapis.com/maven2/org/danilopianini/publish-on-central/org.danilopianini.publish-on-central.gradle.plugin/9.1.13-dev05-9da56d3/org.danilopianini.publish-on-central.gradle.plugin-9.1.13-dev05-9da56d3.jar returned status 404
9.1.13-dev05-c353f58			IOException: Tail request on https://maven-central.storage-download.googleapis.com/maven2/org/danilopianini/publish-on-central/org.danilopianini.publish-on-central.gradle.plugin/9.1.13-dev05-c353f58/org.danilopianini.publish-on-central.gradle.plugin-9.1.13-dev05-c353f58.jar returned status 404
9.1.13-dev05-c61f624			IOException: Tail request on https://maven-central.storage-download.googleapis.com/maven2/org/danilopianini/publish-on-central/org.danilopianini.publish-on-central.gradle.plugin/9.1.13-dev05-c61f624/org.danilopianini.publish-on-central.gradle.plugin-9.1.13-dev05-c61f624.jar returned status 404
9.1.13-dev06-3b62802			IOException: Tail request on https://maven-central.storage-download.googleapis.com/maven2/org/danilopianini/publish-on-central/org.danilopianini.publish-on-central.gradle.plugin/9.1.13-dev06-3b62802/org.danilopianini.publish-on-central.gradle.plugin-9.1.13-dev06-3b62802.jar returned status 404
9.1.13-dev06-3d35b34			IOException: Tail request on https://maven-central.storage-download.googleapis.com/maven2/org/danilopianini/publish-on-central/org.danilopianini.publish-on-central.gradle.plugin/9.1.13-dev06-3d35b34/org.danilopianini.publish-on-central.gradle.plugin-9.1.13-dev06-3d35b34.jar returned status 404
9.1.13-dev06-5f512a9			IOException: Tail request on https://maven-central.storage-download.googleapis.com/maven2/org/danilopianini/publish-on-central/org.danilopianini.publish-on-central.gradle.plugin/9.1.13-dev06-5f512a9/org.danilopianini.publish-on-central.gradle.plugin-9.1.13-dev06-5f512a9.jar returned status 404
9.1.13-dev06-84b50b3			IOException: Tail request on https://maven-central.storage-download.googleapis.com/maven2/org/danilopianini/publish-on-central/org.danilopianini.publish-on-central.gradle.plugin/9.1.13-dev06-84b50b3/org.danilopianini.publish-on-central.gradle.plugin-9.1.13-dev06-84b50b3.jar returned status 404
9.1.13-dev06-ed6f1d9			IOException: Tail request on https://maven-central.storage-download.googleapis.com/maven2/org/danilopianini/publish-on-central/org.danilopianini.publish-on-central.gradle.plugin/9.1.13-dev06-ed6f1d9/org.danilopianini.publish-on-central.gradle.plugin-9.1.13-dev06-ed6f1d9.jar returned status 404
9.1.13-dev07-54efabd			IOException: Tail request on https://maven-central.storage-download.googleapis.com/maven2/org/danilopianini/publish-on-central/org.danilopianini.publish-on-central.gradle.plugin/9.1.13-dev07-54efabd/org.danilopianini.publish-on-central.gradle.plugin-9.1.13-dev07-54efabd.jar returned status 404
9.1.13-dev07-6c36ae6			IOException: Tail request on https://maven-central.storage-download.googleapis.com/maven2/org/danilopianini/publish-on-central/org.danilopianini.publish-on-central.gradle.plugin/9.1.13-dev07-6c36ae6/org.danilopianini.publish-on-central.gradle.plugin-9.1.13-dev07-6c36ae6.jar returned status 404
9.1.13-dev07-bb9e43b			IOException: Tail request on https://maven-central.storage-download.googleapis.com/maven2/org/danilopianini/publish-on-central/org.danilopianini.publish-on-central.gradle.plugin/9.1.13-dev07-bb9e43b/org.danilopianini.publish-on-central.gradle.plugin-9.1.13-dev07-bb9e43b.jar returned status 404
9.1.13-dev08-3fc1ade			IOException: Tail request on https://maven-central.storage-download.googleapis.com/maven2/org/danilopianini/publish-on-central/org.danilopianini.publish-on-central.gradle.plugin/9.1.13-dev08-3fc1ade/org.danilopianini.publish-on-central.gradle.plugin-9.1.13-dev08-3fc1ade.jar returned status 404
9.1.13-dev08-b95afed			IOException: Tail request on https://maven-central.storage-download.googleapis.com/maven2/org/danilopianini/publish-on-central/org.danilopianini.publish-on-central.gradle.plugin/9.1.13-dev08-b95afed/org.danilopianini.publish-on-central.gradle.plugin-9.1.13-dev08-b95afed.jar returned status 404
9.1.14			IOException: Tail request on https://maven-central.storage-download.googleapis.com/maven2/org/danilopianini/publish-on-central/org.danilopianini.publish-on-central.gradle.plugin/9.1.14/org.danilopianini.publish-on-central.gradle.plugin-9.1.14.jar returned status 404
9.1.14-dev01-0b3beb6			IOException: Tail request on https://maven-central.storage-download.googleapis.com/maven2/org/danilopianini/publish-on-central/org.danilopianini.publish-on-central.gradle.plugin/9.1.14-dev01-0b3beb6/org.danilopianini.publish-on-central.gradle.plugin-9.1.14-dev01-0b3beb6.jar returned status 404
9.1.14-dev01-693089f			IOException: Tail request on https://maven-central.storage-download.googleapis.com/maven2/org/danilopianini/publish-on-central/org.danilopianini.publish-on-central.gradle.plugin/9.1.14-dev01-693089f/org.danilopianini.publish-on-central.gradle.plugin-9.1.14-dev01-693089f.jar returned status 404
9.1.14-dev01-a47a261			IOException: Tail request on https://maven-central.storage-download.googleapis.com/maven2/org/danilopianini/publish-on-central/org.danilopianini.publish-on-central.gradle.plugin/9.1.14-dev01-a47a261/org.danilopianini.publish-on-central.gradle.plugin-9.1.14-dev01-a47a261.jar returned status 404
9.1.14-dev02-5947840			IOException: Tail request on https://maven-central.storage-download.googleapis.com/maven2/org/danilopianini/publish-on-central/org.danilopianini.publish-on-central.gradle.plugin/9.1.14-dev02-5947840/org.danilopianini.publish-on-central.gradle.plugin-9.1.14-dev02-5947840.jar returned status 404
9.1.14-dev02-f3665f1			IOException: Tail request on https://maven-central.storage-download.googleapis.com/maven2/org/danilopianini/publish-on-central/org.danilopianini.publish-on-central.gradle.plugin/9.1.14-dev02-f3665f1/org.danilopianini.publish-on-central.gradle.plugin-9.1.14-dev02-f3665f1.jar returned status 404
9.1.14-dev03-1362684			IOException: Tail request on https://maven-central.storage-download.googleapis.com/maven2/org/danilopianini/publish-on-central/org.danilopianini.publish-on-central.gradle.plugin/9.1.14-dev03-1362684/org.danilopianini.publish-on-central.gradle.plugin-9.1.14-dev03-1362684.jar returned status 404
9.1.14-dev03-77f087a			IOException: Tail request on https://maven-central.storage-download.googleapis.com/maven2/org/danilopianini/publish-on-central/org.danilopianini.publish-on-central.gradle.plugin/9.1.14-dev03-77f087a/org.danilopianini.publish-on-central.gradle.plugin-9.1.14-dev03-77f087a.jar returned status 404
9.1.14-dev04-83dcf8c			IOException: Tail request on https://maven-central.storage-download.googleapis.com/maven2/org/danilopianini/publish-on-central/org.danilopianini.publish-on-central.gradle.plugin/9.1.14-dev04-83dcf8c/org.danilopianini.publish-on-central.gradle.plugin-9.1.14-dev04-83dcf8c.jar returned status 404
9.1.14-dev04-db7f541			IOException: Tail request on https://maven-central.storage-download.googleapis.com/maven2/org/danilopianini/publish-on-central/org.danilopianini.publish-on-central.gradle.plugin/9.1.14-dev04-db7f541/org.danilopianini.publish-on-central.gradle.plugin-9.1.14-dev04-db7f541.jar returned status 404
9.1.14-dev05-0974631			IOException: Tail request on https://maven-central.storage-download.googleapis.com/maven2/org/danilopianini/publish-on-central/org.danilopianini.publish-on-central.gradle.plugin/9.1.14-dev05-0974631/org.danilopianini.publish-on-central.gradle.plugin-9.1.14-dev05-0974631.jar returned status 404
9.1.14-dev05-6d58f6a			IOException: Tail request on https://maven-central.storage-download.googleapis.com/maven2/org/danilopianini/publish-on-central/org.danilopianini.publish-on-central.gradle.plugin/9.1.14-dev05-6d58f6a/org.danilopianini.publish-on-central.gradle.plugin-9.1.14-dev05-6d58f6a.jar returned status 404
9.1.14-dev06-208939f			IOException: Tail request on https://maven-central.storage-download.googleapis.com/maven2/org/danilopianini/publish-on-central/org.danilopianini.publish-on-central.gradle.plugin/9.1.14-dev06-208939f/org.danilopianini.publish-on-central.gradle.plugin-9.1.14-dev06-208939f.jar returned status 404
9.1.14-dev06-521cd1f			IOException: Tail request on https://maven-central.storage-download.googleapis.com/maven2/org/danilopianini/publish-on-central/org.danilopianini.publish-on-central.gradle.plugin/9.1.14-dev06-521cd1f/org.danilopianini.publish-on-central.gradle.plugin-9.1.14-dev06-521cd1f.jar returned status 404
9.1.14-dev07-472c3e5			IOException: Tail request on https://maven-central.storage-download.googleapis.com/maven2/org/danilopianini/publish-on-central/org.danilopianini.publish-on-central.gradle.plugin/9.1.14-dev07-472c3e5/org.danilopianini.publish-on-central.gradle.plugin-9.1.14-dev07-472c3e5.jar returned status 404
9.1.14-dev07-4dfb028			IOException: Tail request on https://maven-central.storage-download.googleapis.com/maven2/org/danilopianini/publish-on-central/org.danilopianini.publish-on-central.gradle.plugin/9.1.14-dev07-4dfb028/org.danilopianini.publish-on-central.gradle.plugin-9.1.14-dev07-4dfb028.jar returned status 404
9.1.14-dev08-6d0ffa0			IOException: Tail request on https://maven-central.storage-download.googleapis.com/maven2/org/danilopianini/publish-on-central/org.danilopianini.publish-on-central.gradle.plugin/9.1.14-dev08-6d0ffa0/org.danilopianini.publish-on-central.gradle.plugin-9.1.14-dev08-6d0ffa0.jar returned status 404
9.1.14-dev08-dcefd35			IOException: Tail request on https://maven-central.storage-download.googleapis.com/maven2/org/danilopianini/publish-on-central/org.danilopianini.publish-on-central.gradle.plugin/9.1.14-dev08-dcefd35/org.danilopianini.publish-on-central.gradle.plugin-9.1.14-dev08-dcefd35.jar returned status 404
9.1.14-dev08-fafe993			IOException: Tail request on https://maven-central.storage-download.googleapis.com/maven2/org/danilopianini/publish-on-central/org.danilopianini.publish-on-central.gradle.plugin/9.1.14-dev08-fafe993/org.danilopianini.publish-on-central.gradle.plugin-9.1.14-dev08-fafe993.jar returned status 404
9.1.14-dev09-44ed897			IOException: Tail request on https://maven-central.storage-download.googleapis.com/maven2/org/danilopianini/publish-on-central/org.danilopianini.publish-on-central.gradle.plugin/9.1.14-dev09-44ed897/org.danilopianini.publish-on-central.gradle.plugin-9.1.14-dev09-44ed897.jar returned status 404
9.1.14-dev09-94a947a			IOException: Tail request on https://maven-central.storage-download.googleapis.com/maven2/org/danilopianini/publish-on-central/org.danilopianini.publish-on-central.gradle.plugin/9.1.14-dev09-94a947a/org.danilopianini.publish-on-central.gradle.plugin-9.1.14-dev09-94a947a.jar returned status 404
9.1.14-dev0a-2e0ad2c			IOException: Tail request on https://maven-central.storage-download.googleapis.com/maven2/org/danilopianini/publish-on-central/org.danilopianini.publish-on-central.gradle.plugin/9.1.14-dev0a-2e0ad2c/org.danilopianini.publish-on-central.gradle.plugin-9.1.14-dev0a-2e0ad2c.jar returned status 404
9.1.14-dev0a-ebf7263			IOException: Tail request on https://maven-central.storage-download.googleapis.com/maven2/org/danilopianini/publish-on-central/org.danilopianini.publish-on-central.gradle.plugin/9.1.14-dev0a-ebf7263/org.danilopianini.publish-on-central.gradle.plugin-9.1.14-dev0a-ebf7263.jar returned status 404
9.1.14-dev0b-4b2b07a			IOException: Tail request on https://maven-central.storage-download.googleapis.com/maven2/org/danilopianini/publish-on-central/org.danilopianini.publish-on-central.gradle.plugin/9.1.14-dev0b-4b2b07a/org.danilopianini.publish-on-central.gradle.plugin-9.1.14-dev0b-4b2b07a.jar returned status 404
9.1.14-dev0b-59129fd			IOException: Tail request on https://maven-central.storage-download.googleapis.com/maven2/org/danilopianini/publish-on-central/org.danilopianini.publish-on-central.gradle.plugin/9.1.14-dev0b-59129fd/org.danilopianini.publish-on-central.gradle.plugin-9.1.14-dev0b-59129fd.jar returned status 404
9.1.14-dev0c-355f3ed			IOException: Tail request on https://maven-central.storage-download.googleapis.com/maven2/org/danilopianini/publish-on-central/org.danilopianini.publish-on-central.gradle.plugin/9.1.14-dev0c-355f3ed/org.danilopianini.publish-on-central.gradle.plugin-9.1.14-dev0c-355f3ed.jar returned status 404
9.1.14-dev0c-a82c4ea			IOException: Tail request on https://maven-central.storage-download.googleapis.com/maven2/org/danilopianini/publish-on-central/org.danilopianini.publish-on-central.gradle.plugin/9.1.14-dev0c-a82c4ea/org.danilopianini.publish-on-central.gradle.plugin-9.1.14-dev0c-a82c4ea.jar returned status 404
9.1.14-dev0c-ecbb6b0			IOException: Tail request on https://maven-central.storage-download.googleapis.com/maven2/org/danilopianini/publish-on-central/org.danilopianini.publish-on-central.gradle.plugin/9.1.14-dev0c-ecbb6b0/org.danilopianini.publish-on-central.gradle.plugin-9.1.14-dev0c-ecbb6b0.jar returned status 404
9.1.14-dev0d-57ac891			IOException: Tail request on https://maven-central.storage-download.googleapis.com/maven2/org/danilopianini/publish-on-central/org.danilopianini.publish-on-central.gradle.plugin/9.1.14-dev0d-57ac891/org.danilopianini.publish-on-central.gradle.plugin-9.1.14-dev0d-57ac891.jar returned status 404
9.1.14-dev0d-5d7aa0a			IOException: Tail request on https://maven-central.storage-download.googleapis.com/maven2/org/danilopianini/publish-on-central/org.danilopianini.publish-on-central.gradle.plugin/9.1.14-dev0d-5d7aa0a/org.danilopianini.publish-on-central.gradle.plugin-9.1.14-dev0d-5d7aa0a.jar returned status 404
9.1.14-dev0d-5ed788d			IOException: Tail request on https://maven-central.storage-download.googleapis.com/maven2/org/danilopianini/publish-on-central/org.danilopianini.publish-on-central.gradle.plugin/9.1.14-dev0d-5ed788d/org.danilopianini.publish-on-central.gradle.plugin-9.1.14-dev0d-5ed788d.jar returned status 404
9.1.14-dev0d-9e44dfb			IOException: Tail request on https://maven-central.storage-download.googleapis.com/maven2/org/danilopianini/publish-on-central/org.danilopianini.publish-on-central.gradle.plugin/9.1.14-dev0d-9e44dfb/org.danilopianini.publish-on-central.gradle.plugin-9.1.14-dev0d-9e44dfb.jar returned status 404
9.1.14-dev0d-c58c3e0			IOException: Tail request on https://maven-central.storage-download.googleapis.com/maven2/org/danilopianini/publish-on-central/org.danilopianini.publish-on-central.gradle.plugin/9.1.14-dev0d-c58c3e0/org.danilopianini.publish-on-central.gradle.plugin-9.1.14-dev0d-c58c3e0.jar returned status 404
9.1.14-dev0e-53a35fe			IOException: Tail request on https://maven-central.storage-download.googleapis.com/maven2/org/danilopianini/publish-on-central/org.danilopianini.publish-on-central.gradle.plugin/9.1.14-dev0e-53a35fe/org.danilopianini.publish-on-central.gradle.plugin-9.1.14-dev0e-53a35fe.jar returned status 404
9.1.14-dev0e-b4a2f2c			IOException: Tail request on https://maven-central.storage-download.googleapis.com/maven2/org/danilopianini/publish-on-central/org.danilopianini.publish-on-central.gradle.plugin/9.1.14-dev0e-b4a2f2c/org.danilopianini.publish-on-central.gradle.plugin-9.1.14-dev0e-b4a2f2c.jar returned status 404
9.1.14-dev0e-dedc6de			IOException: Tail request on https://maven-central.storage-download.googleapis.com/maven2/org/danilopianini/publish-on-central/org.danilopianini.publish-on-central.gradle.plugin/9.1.14-dev0e-dedc6de/org.danilopianini.publish-on-central.gradle.plugin-9.1.14-dev0e-dedc6de.jar returned status 404
9.1.14-dev0f-6bf6895			IOException: Tail request on https://maven-central.storage-download.googleapis.com/maven2/org/danilopianini/publish-on-central/org.danilopianini.publish-on-central.gradle.plugin/9.1.14-dev0f-6bf6895/org.danilopianini.publish-on-central.gradle.plugin-9.1.14-dev0f-6bf6895.jar returned status 404
9.1.14-dev0f-7e01df0			IOException: Tail request on https://maven-central.storage-download.googleapis.com/maven2/org/danilopianini/publish-on-central/org.danilopianini.publish-on-central.gradle.plugin/9.1.14-dev0f-7e01df0/org.danilopianini.publish-on-central.gradle.plugin-9.1.14-dev0f-7e01df0.jar returned status 404
9.1.14-dev0f-7f6f2f9			IOException: Tail request on https://maven-central.storage-download.googleapis.com/maven2/org/danilopianini/publish-on-central/org.danilopianini.publish-on-central.gradle.plugin/9.1.14-dev0f-7f6f2f9/org.danilopianini.publish-on-central.gradle.plugin-9.1.14-dev0f-7f6f2f9.jar returned status 404
9.1.14-dev0f-adf11a3			IOException: Tail request on https://maven-central.storage-download.googleapis.com/maven2/org/danilopianini/publish-on-central/org.danilopianini.publish-on-central.gradle.plugin/9.1.14-dev0f-adf11a3/org.danilopianini.publish-on-central.gradle.plugin-9.1.14-dev0f-adf11a3.jar returned status 404
9.1.14-dev0f-af0efd1			IOException: Tail request on https://maven-central.storage-download.googleapis.com/maven2/org/danilopianini/publish-on-central/org.danilopianini.publish-on-central.gradle.plugin/9.1.14-dev0f-af0efd1/org.danilopianini.publish-on-central.gradle.plugin-9.1.14-dev0f-af0efd1.jar returned status 404
9.1.14-dev0g-11dac45			IOException: Tail request on https://maven-central.storage-download.googleapis.com/maven2/org/danilopianini/publish-on-central/org.danilopianini.publish-on-central.gradle.plugin/9.1.14-dev0g-11dac45/org.danilopianini.publish-on-central.gradle.plugin-9.1.14-dev0g-11dac45.jar returned status 404
9.1.14-dev0g-1515a6c			IOException: Tail request on https://maven-central.storage-download.googleapis.com/maven2/org/danilopianini/publish-on-central/org.danilopianini.publish-on-central.gradle.plugin/9.1.14-dev0g-1515a6c/org.danilopianini.publish-on-central.gradle.plugin-9.1.14-dev0g-1515a6c.jar returned status 404
9.1.14-dev0g-dc97520			IOException: Tail request on https://maven-central.storage-download.googleapis.com/maven2/org/danilopianini/publish-on-central/org.danilopianini.publish-on-central.gradle.plugin/9.1.14-dev0g-dc97520/org.danilopianini.publish-on-central.gradle.plugin-9.1.14-dev0g-dc97520.jar returned status 404
9.1.14-dev0h-6e3d135			IOException: Tail request on https://maven-central.storage-download.googleapis.com/maven2/org/danilopianini/publish-on-central/org.danilopianini.publish-on-central.gradle.plugin/9.1.14-dev0h-6e3d135/org.danilopianini.publish-on-central.gradle.plugin-9.1.14-dev0h-6e3d135.jar returned status 404
9.1.14-dev0h-b501c55			IOException: Tail request on https://maven-central.storage-download.googleapis.com/maven2/org/danilopianini/publish-on-central/org.danilopianini.publish-on-central.gradle.plugin/9.1.14-dev0h-b501c55/org.danilopianini.publish-on-central.gradle.plugin-9.1.14-dev0h-b501c55.jar returned status 404
9.1.15			IOException: Tail request on https://maven-central.storage-download.googleapis.com/maven2/org/danilopianini/publish-on-central/org.danilopianini.publish-on-central.gradle.plugin/9.1.15/org.danilopianini.publish-on-central.gradle.plugin-9.1.15.jar returned status 404
9.1.15-dev01-03221f8			IOException: Tail request on https://maven-central.storage-download.googleapis.com/maven2/org/danilopianini/publish-on-central/org.danilopianini.publish-on-central.gradle.plugin/9.1.15-dev01-03221f8/org.danilopianini.publish-on-central.gradle.plugin-9.1.15-dev01-03221f8.jar returned status 404
9.1.15-dev01-06e6834			IOException: Tail request on https://maven-central.storage-download.googleapis.com/maven2/org/danilopianini/publish-on-central/org.danilopianini.publish-on-central.gradle.plugin/9.1.15-dev01-06e6834/org.danilopianini.publish-on-central.gradle.plugin-9.1.15-dev01-06e6834.jar returned status 404
9.1.15-dev02-3264500			IOException: Tail request on https://maven-central.storage-download.googleapis.com/maven2/org/danilopianini/publish-on-central/org.danilopianini.publish-on-central.gradle.plugin/9.1.15-dev02-3264500/org.danilopianini.publish-on-central.gradle.plugin-9.1.15-dev02-3264500.jar returned status 404
9.1.15-dev02-fa25506			IOException: Tail request on https://maven-central.storage-download.googleapis.com/maven2/org/danilopianini/publish-on-central/org.danilopianini.publish-on-central.gradle.plugin/9.1.15-dev02-fa25506/org.danilopianini.publish-on-central.gradle.plugin-9.1.15-dev02-fa25506.jar returned status 404
9.1.15-dev03-349201d			IOException: Tail request on https://maven-central.storage-download.googleapis.com/maven2/org/danilopianini/publish-on-central/org.danilopianini.publish-on-central.gradle.plugin/9.1.15-dev03-349201d/org.danilopianini.publish-on-central.gradle.plugin-9.1.15-dev03-349201d.jar returned status 404
9.1.15-dev03-80d93f3			IOException: Tail request on https://maven-central.storage-download.googleapis.com/maven2/org/danilopianini/publish-on-central/org.danilopianini.publish-on-central.gradle.plugin/9.1.15-dev03-80d93f3/org.danilopianini.publish-on-central.gradle.plugin-9.1.15-dev03-80d93f3.jar returned status 404
9.1.15-dev03-adafd5d			IOException: Tail request on https://maven-central.storage-download.googleapis.com/maven2/org/danilopianini/publish-on-central/org.danilopianini.publish-on-central.gradle.plugin/9.1.15-dev03-adafd5d/org.danilopianini.publish-on-central.gradle.plugin-9.1.15-dev03-adafd5d.jar returned status 404
9.1.15-dev04-de9cf49			IOException: Tail request on https://maven-central.storage-download.googleapis.com/maven2/org/danilopianini/publish-on-central/org.danilopianini.publish-on-central.gradle.plugin/9.1.15-dev04-de9cf49/org.danilopianini.publish-on-central.gradle.plugin-9.1.15-dev04-de9cf49.jar returned status 404
9.1.15-dev04-e568bd3			IOException: Tail request on https://maven-central.storage-download.googleapis.com/maven2/org/danilopianini/publish-on-central/org.danilopianini.publish-on-central.gradle.plugin/9.1.15-dev04-e568bd3/org.danilopianini.publish-on-central.gradle.plugin-9.1.15-dev04-e568bd3.jar returned status 404
9.1.15-dev05-8609630			IOException: Tail request on https://maven-central.storage-download.googleapis.com/maven2/org/danilopianini/publish-on-central/org.danilopianini.publish-on-central.gradle.plugin/9.1.15-dev05-8609630/org.danilopianini.publish-on-central.gradle.plugin-9.1.15-dev05-8609630.jar returned status 404
9.1.15-dev05-a95cc06			IOException: Tail request on https://maven-central.storage-download.googleapis.com/maven2/org/danilopianini/publish-on-central/org.danilopianini.publish-on-central.gradle.plugin/9.1.15-dev05-a95cc06/org.danilopianini.publish-on-central.gradle.plugin-9.1.15-dev05-a95cc06.jar returned status 404
9.1.15-dev05-bfcfe7e			IOException: Tail request on https://maven-central.storage-download.googleapis.com/maven2/org/danilopianini/publish-on-central/org.danilopianini.publish-on-central.gradle.plugin/9.1.15-dev05-bfcfe7e/org.danilopianini.publish-on-central.gradle.plugin-9.1.15-dev05-bfcfe7e.jar returned status 404
9.1.15-dev06-3ff6e18			IOException: Tail request on https://maven-central.storage-download.googleapis.com/maven2/org/danilopianini/publish-on-central/org.danilopianini.publish-on-central.gradle.plugin/9.1.15-dev06-3ff6e18/org.danilopianini.publish-on-central.gradle.plugin-9.1.15-dev06-3ff6e18.jar returned status 404
9.1.15-dev06-c475eac			IOException: Tail request on https://maven-central.storage-download.googleapis.com/maven2/org/danilopianini/publish-on-central/org.danilopianini.publish-on-central.gradle.plugin/9.1.15-dev06-c475eac/org.danilopianini.publish-on-central.gradle.plugin-9.1.15-dev06-c475eac.jar returned status 404
9.1.15-dev07-62f00a9			IOException: Tail request on https://maven-central.storage-download.googleapis.com/maven2/org/danilopianini/publish-on-central/org.danilopianini.publish-on-central.gradle.plugin/9.1.15-dev07-62f00a9/org.danilopianini.publish-on-central.gradle.plugin-9.1.15-dev07-62f00a9.jar returned status 404
9.1.15-dev07-cfe21a1			IOException: Tail request on https://maven-central.storage-download.googleapis.com/maven2/org/danilopianini/publish-on-central/org.danilopianini.publish-on-central.gradle.plugin/9.1.15-dev07-cfe21a1/org.danilopianini.publish-on-central.gradle.plugin-9.1.15-dev07-cfe21a1.jar returned status 404
9.1.15-dev08-3c619b7			IOException: Tail request on https://maven-central.storage-download.googleapis.com/maven2/org/danilopianini/publish-on-central/org.danilopianini.publish-on-central.gradle.plugin/9.1.15-dev08-3c619b7/org.danilopianini.publish-on-central.gradle.plugin-9.1.15-dev08-3c619b7.jar returned status 404
9.1.15-dev08-e776465			IOException: Tail request on https://maven-central.storage-download.googleapis.com/maven2/org/danilopianini/publish-on-central/org.danilopianini.publish-on-central.gradle.plugin/9.1.15-dev08-e776465/org.danilopianini.publish-on-central.gradle.plugin-9.1.15-dev08-e776465.jar returned status 404
9.1.15-dev09-7a333cf			IOException: Tail request on https://maven-central.storage-download.googleapis.com/maven2/org/danilopianini/publish-on-central/org.danilopianini.publish-on-central.gradle.plugin/9.1.15-dev09-7a333cf/org.danilopianini.publish-on-central.gradle.plugin-9.1.15-dev09-7a333cf.jar returned status 404
9.1.15-dev09-d755fdd			IOException: Tail request on https://maven-central.storage-download.googleapis.com/maven2/org/danilopianini/publish-on-central/org.danilopianini.publish-on-central.gradle.plugin/9.1.15-dev09-d755fdd/org.danilopianini.publish-on-central.gradle.plugin-9.1.15-dev09-d755fdd.jar returned status 404
9.1.15-dev0a-0207367			IOException: Tail request on https://maven-central.storage-download.googleapis.com/maven2/org/danilopianini/publish-on-central/org.danilopianini.publish-on-central.gradle.plugin/9.1.15-dev0a-0207367/org.danilopianini.publish-on-central.gradle.plugin-9.1.15-dev0a-0207367.jar returned status 404
9.1.15-dev0a-67b8d79			IOException: Tail request on https://maven-central.storage-download.googleapis.com/maven2/org/danilopianini/publish-on-central/org.danilopianini.publish-on-central.gradle.plugin/9.1.15-dev0a-67b8d79/org.danilopianini.publish-on-central.gradle.plugin-9.1.15-dev0a-67b8d79.jar returned status 404
9.1.15-dev0b-0d451fc			IOException: Tail request on https://maven-central.storage-download.googleapis.com/maven2/org/danilopianini/publish-on-central/org.danilopianini.publish-on-central.gradle.plugin/9.1.15-dev0b-0d451fc/org.danilopianini.publish-on-central.gradle.plugin-9.1.15-dev0b-0d451fc.jar returned status 404
9.1.15-dev0c-0f85944			IOException: Tail request on https://maven-central.storage-download.googleapis.com/maven2/org/danilopianini/publish-on-central/org.danilopianini.publish-on-central.gradle.plugin/9.1.15-dev0c-0f85944/org.danilopianini.publish-on-central.gradle.plugin-9.1.15-dev0c-0f85944.jar returned status 404
9.1.15-dev0c-25f289c			IOException: Tail request on https://maven-central.storage-download.googleapis.com/maven2/org/danilopianini/publish-on-central/org.danilopianini.publish-on-central.gradle.plugin/9.1.15-dev0c-25f289c/org.danilopianini.publish-on-central.gradle.plugin-9.1.15-dev0c-25f289c.jar returned status 404
9.1.15-dev0c-82ec745			IOException: Tail request on https://maven-central.storage-download.googleapis.com/maven2/org/danilopianini/publish-on-central/org.danilopianini.publish-on-central.gradle.plugin/9.1.15-dev0c-82ec745/org.danilopianini.publish-on-central.gradle.plugin-9.1.15-dev0c-82ec745.jar returned status 404
9.1.15-dev0d-21c60ce			IOException: Tail request on https://maven-central.storage-download.googleapis.com/maven2/org/danilopianini/publish-on-central/org.danilopianini.publish-on-central.gradle.plugin/9.1.15-dev0d-21c60ce/org.danilopianini.publish-on-central.gradle.plugin-9.1.15-dev0d-21c60ce.jar returned status 404
9.1.15-dev0d-cac36d3			IOException: Tail request on https://maven-central.storage-download.googleapis.com/maven2/org/danilopianini/publish-on-central/org.danilopianini.publish-on-central.gradle.plugin/9.1.15-dev0d-cac36d3/org.danilopianini.publish-on-central.gradle.plugin-9.1.15-dev0d-cac36d3.jar returned status 404
9.1.15-dev0e-b0fbcd5			IOException: Tail request on https://maven-central.storage-download.googleapis.com/maven2/org/danilopianini/publish-on-central/org.danilopianini.publish-on-central.gradle.plugin/9.1.15-dev0e-b0fbcd5/org.danilopianini.publish-on-central.gradle.plugin-9.1.15-dev0e-b0fbcd5.jar returned status 404
9.1.15-dev0e-cc7436d			IOException: Tail request on https://maven-central.storage-download.googleapis.com/maven2/org/danilopianini/publish-on-central/org.danilopianini.publish-on-central.gradle.plugin/9.1.15-dev0e-cc7436d/org.danilopianini.publish-on-central.gradle.plugin-9.1.15-dev0e-cc7436d.jar returned status 404
9.1.15-dev0f-44a6424			IOException: Tail request on https://maven-central.storage-download.googleapis.com/maven2/org/danilopianini/publish-on-central/org.danilopianini.publish-on-central.gradle.plugin/9.1.15-dev0f-44a6424/org.danilopianini.publish-on-central.gradle.plugin-9.1.15-dev0f-44a6424.jar returned status 404
9.1.15-dev0g-248a054			IOException: Tail request on https://maven-central.storage-download.googleapis.com/maven2/org/danilopianini/publish-on-central/org.danilopianini.publish-on-central.gradle.plugin/9.1.15-dev0g-248a054/org.danilopianini.publish-on-central.gradle.plugin-9.1.15-dev0g-248a054.jar returned status 404
9.1.15-dev0g-561271c			IOException: Tail request on https://maven-central.storage-download.googleapis.com/maven2/org/danilopianini/publish-on-central/org.danilopianini.publish-on-central.gradle.plugin/9.1.15-dev0g-561271c/org.danilopianini.publish-on-central.gradle.plugin-9.1.15-dev0g-561271c.jar returned status 404
9.1.15-dev0g-6f42767			IOException: Tail request on https://maven-central.storage-download.googleapis.com/maven2/org/danilopianini/publish-on-central/org.danilopianini.publish-on-central.gradle.plugin/9.1.15-dev0g-6f42767/org.danilopianini.publish-on-central.gradle.plugin-9.1.15-dev0g-6f42767.jar returned status 404
9.1.15-dev0h-7df05af			IOException: Tail request on https://maven-central.storage-download.googleapis.com/maven2/org/danilopianini/publish-on-central/org.danilopianini.publish-on-central.gradle.plugin/9.1.15-dev0h-7df05af/org.danilopianini.publish-on-central.gradle.plugin-9.1.15-dev0h-7df05af.jar returned status 404
9.1.15-dev0h-b6e4b94			IOException: Tail request on https://maven-central.storage-download.googleapis.com/maven2/org/danilopianini/publish-on-central/org.danilopianini.publish-on-central.gradle.plugin/9.1.15-dev0h-b6e4b94/org.danilopianini.publish-on-central.gradle.plugin-9.1.15-dev0h-b6e4b94.jar returned status 404
9.1.15-dev0i-262129d			IOException: Tail request on https://maven-central.storage-download.googleapis.com/maven2/org/danilopianini/publish-on-central/org.danilopianini.publish-on-central.gradle.plugin/9.1.15-dev0i-262129d/org.danilopianini.publish-on-central.gradle.plugin-9.1.15-dev0i-262129d.jar returned status 404
9.1.15-dev0j-2d85df6			IOException: Tail request on https://maven-central.storage-download.googleapis.com/maven2/org/danilopianini/publish-on-central/org.danilopianini.publish-on-central.gradle.plugin/9.1.15-dev0j-2d85df6/org.danilopianini.publish-on-central.gradle.plugin-9.1.15-dev0j-2d85df6.jar returned status 404
9.1.15-dev0j-380fae3			IOException: Tail request on https://maven-central.storage-download.googleapis.com/maven2/org/danilopianini/publish-on-central/org.danilopianini.publish-on-central.gradle.plugin/9.1.15-dev0j-380fae3/org.danilopianini.publish-on-central.gradle.plugin-9.1.15-dev0j-380fae3.jar returned status 404
9.1.15-dev0k-ab67881			IOException: Tail request on https://maven-central.storage-download.googleapis.com/maven2/org/danilopianini/publish-on-central/org.danilopianini.publish-on-central.gradle.plugin/9.1.15-dev0k-ab67881/org.danilopianini.publish-on-central.gradle.plugin-9.1.15-dev0k-ab67881.jar returned status 404
9.1.15-dev0k-ba4071a			IOException: Tail request on https://maven-central.storage-download.googleapis.com/maven2/org/danilopianini/publish-on-central/org.danilopianini.publish-on-central.gradle.plugin/9.1.15-dev0k-ba4071a/org.danilopianini.publish-on-central.gradle.plugin-9.1.15-dev0k-ba4071a.jar returned status 404
9.1.15-dev0k-e04307d			IOException: Tail request on https://maven-central.storage-download.googleapis.com/maven2/org/danilopianini/publish-on-central/org.danilopianini.publish-on-central.gradle.plugin/9.1.15-dev0k-e04307d/org.danilopianini.publish-on-central.gradle.plugin-9.1.15-dev0k-e04307d.jar returned status 404
9.1.15-dev0l-3286316			IOException: Tail request on https://maven-central.storage-download.googleapis.com/maven2/org/danilopianini/publish-on-central/org.danilopianini.publish-on-central.gradle.plugin/9.1.15-dev0l-3286316/org.danilopianini.publish-on-central.gradle.plugin-9.1.15-dev0l-3286316.jar returned status 404
9.1.15-dev0l-761f56e			IOException: Tail request on https://maven-central.storage-download.googleapis.com/maven2/org/danilopianini/publish-on-central/org.danilopianini.publish-on-central.gradle.plugin/9.1.15-dev0l-761f56e/org.danilopianini.publish-on-central.gradle.plugin-9.1.15-dev0l-761f56e.jar returned status 404
9.1.15-dev0m-3e04e61			IOException: Tail request on https://maven-central.storage-download.googleapis.com/maven2/org/danilopianini/publish-on-central/org.danilopianini.publish-on-central.gradle.plugin/9.1.15-dev0m-3e04e61/org.danilopianini.publish-on-central.gradle.plugin-9.1.15-dev0m-3e04e61.jar returned status 404
9.1.15-dev0m-d6f151a			IOException: Tail request on https://maven-central.storage-download.googleapis.com/maven2/org/danilopianini/publish-on-central/org.danilopianini.publish-on-central.gradle.plugin/9.1.15-dev0m-d6f151a/org.danilopianini.publish-on-central.gradle.plugin-9.1.15-dev0m-d6f151a.jar returned status 404
9.1.15-dev0n-15b26e9			IOException: Tail request on https://maven-central.storage-download.googleapis.com/maven2/org/danilopianini/publish-on-central/org.danilopianini.publish-on-central.gradle.plugin/9.1.15-dev0n-15b26e9/org.danilopianini.publish-on-central.gradle.plugin-9.1.15-dev0n-15b26e9.jar returned status 404
9.1.15-dev0n-6953767			IOException: Tail request on https://maven-central.storage-download.googleapis.com/maven2/org/danilopianini/publish-on-central/org.danilopianini.publish-on-central.gradle.plugin/9.1.15-dev0n-6953767/org.danilopianini.publish-on-central.gradle.plugin-9.1.15-dev0n-6953767.jar returned status 404
9.1.15-dev0n-b0e59f6			IOException: Tail request on https://maven-central.storage-download.googleapis.com/maven2/org/danilopianini/publish-on-central/org.danilopianini.publish-on-central.gradle.plugin/9.1.15-dev0n-b0e59f6/org.danilopianini.publish-on-central.gradle.plugin-9.1.15-dev0n-b0e59f6.jar returned status 404
9.1.15-dev0n-bd6c853			IOException: Tail request on https://maven-central.storage-download.googleapis.com/maven2/org/danilopianini/publish-on-central/org.danilopianini.publish-on-central.gradle.plugin/9.1.15-dev0n-bd6c853/org.danilopianini.publish-on-central.gradle.plugin-9.1.15-dev0n-bd6c853.jar returned status 404
9.1.15-dev0n-d48b21d			IOException: Tail request on https://maven-central.storage-download.googleapis.com/maven2/org/danilopianini/publish-on-central/org.danilopianini.publish-on-central.gradle.plugin/9.1.15-dev0n-d48b21d/org.danilopianini.publish-on-central.gradle.plugin-9.1.15-dev0n-d48b21d.jar returned status 404
9.1.15-dev0o-59bb28a			IOException: Tail request on https://maven-central.storage-download.googleapis.com/maven2/org/danilopianini/publish-on-central/org.danilopianini.publish-on-central.gradle.plugin/9.1.15-dev0o-59bb28a/org.danilopianini.publish-on-central.gradle.plugin-9.1.15-dev0o-59bb28a.jar returned status 404
9.1.15-dev0o-b85ec2a			IOException: Tail request on https://maven-central.storage-download.googleapis.com/maven2/org/danilopianini/publish-on-central/org.danilopianini.publish-on-central.gradle.plugin/9.1.15-dev0o-b85ec2a/org.danilopianini.publish-on-central.gradle.plugin-9.1.15-dev0o-b85ec2a.jar returned status 404
9.1.15-dev0p-751f139			IOException: Tail request on https://maven-central.storage-download.googleapis.com/maven2/org/danilopianini/publish-on-central/org.danilopianini.publish-on-central.gradle.plugin/9.1.15-dev0p-751f139/org.danilopianini.publish-on-central.gradle.plugin-9.1.15-dev0p-751f139.jar returned status 404
9.1.16-dev01-0777c71			IOException: Tail request on https://maven-central.storage-download.googleapis.com/maven2/org/danilopianini/publish-on-central/org.danilopianini.publish-on-central.gradle.plugin/9.1.16-dev01-0777c71/org.danilopianini.publish-on-central.gradle.plugin-9.1.16-dev01-0777c71.jar returned status 404
9.1.16-dev01-2e70dff			IOException: Tail request on https://maven-central.storage-download.googleapis.com/maven2/org/danilopianini/publish-on-central/org.danilopianini.publish-on-central.gradle.plugin/9.1.16-dev01-2e70dff/org.danilopianini.publish-on-central.gradle.plugin-9.1.16-dev01-2e70dff.jar returned status 404
9.1.16-dev01-71d0d03			IOException: Tail request on https://maven-central.storage-download.googleapis.com/maven2/org/danilopianini/publish-on-central/org.danilopianini.publish-on-central.gradle.plugin/9.1.16-dev01-71d0d03/org.danilopianini.publish-on-central.gradle.plugin-9.1.16-dev01-71d0d03.jar returned status 404
9.1.16-dev02-0143246			IOException: Tail request on https://maven-central.storage-download.googleapis.com/maven2/org/danilopianini/publish-on-central/org.danilopianini.publish-on-central.gradle.plugin/9.1.16-dev02-0143246/org.danilopianini.publish-on-central.gradle.plugin-9.1.16-dev02-0143246.jar returned status 404
9.1.16-dev02-21e4d0a			IOException: Tail request on https://maven-central.storage-download.googleapis.com/maven2/org/danilopianini/publish-on-central/org.danilopianini.publish-on-central.gradle.plugin/9.1.16-dev02-21e4d0a/org.danilopianini.publish-on-central.gradle.plugin-9.1.16-dev02-21e4d0a.jar returned status 404
9.1.16-dev03-3c2891d			IOException: Tail request on https://maven-central.storage-download.googleapis.com/maven2/org/danilopianini/publish-on-central/org.danilopianini.publish-on-central.gradle.plugin/9.1.16-dev03-3c2891d/org.danilopianini.publish-on-central.gradle.plugin-9.1.16-dev03-3c2891d.jar returned status 404
9.1.16-dev03-7a5d8cb			IOException: Tail request on https://maven-central.storage-download.googleapis.com/maven2/org/danilopianini/publish-on-central/org.danilopianini.publish-on-central.gradle.plugin/9.1.16-dev03-7a5d8cb/org.danilopianini.publish-on-central.gradle.plugin-9.1.16-dev03-7a5d8cb.jar returned status 404
9.1.16-dev04-752b4ba			IOException: Tail request on https://maven-central.storage-download.googleapis.com/maven2/org/danilopianini/publish-on-central/org.danilopianini.publish-on-central.gradle.plugin/9.1.16-dev04-752b4ba/org.danilopianini.publish-on-central.gradle.plugin-9.1.16-dev04-752b4ba.jar returned status 404
9.1.16-dev04-7791c2d			IOException: Tail request on https://maven-central.storage-download.googleapis.com/maven2/org/danilopianini/publish-on-central/org.danilopianini.publish-on-central.gradle.plugin/9.1.16-dev04-7791c2d/org.danilopianini.publish-on-central.gradle.plugin-9.1.16-dev04-7791c2d.jar returned status 404
9.1.16-dev05-1e42e3b			IOException: Tail request on https://maven-central.storage-download.googleapis.com/maven2/org/danilopianini/publish-on-central/org.danilopianini.publish-on-central.gradle.plugin/9.1.16-dev05-1e42e3b/org.danilopianini.publish-on-central.gradle.plugin-9.1.16-dev05-1e42e3b.jar returned status 404
9.1.16-dev05-c656eeb			IOException: Tail request on https://maven-central.storage-download.googleapis.com/maven2/org/danilopianini/publish-on-central/org.danilopianini.publish-on-central.gradle.plugin/9.1.16-dev05-c656eeb/org.danilopianini.publish-on-central.gradle.plugin-9.1.16-dev05-c656eeb.jar returned status 404
9.1.16-dev06-0b78c60			IOException: Tail request on https://maven-central.storage-download.googleapis.com/maven2/org/danilopianini/publish-on-central/org.danilopianini.publish-on-central.gradle.plugin/9.1.16-dev06-0b78c60/org.danilopianini.publish-on-central.gradle.plugin-9.1.16-dev06-0b78c60.jar returned status 404
9.1.16-dev06-640ccf7			IOException: Tail request on https://maven-central.storage-download.googleapis.com/maven2/org/danilopianini/publish-on-central/org.danilopianini.publish-on-central.gradle.plugin/9.1.16-dev06-640ccf7/org.danilopianini.publish-on-central.gradle.plugin-9.1.16-dev06-640ccf7.jar returned status 404
9.1.16-dev07-005ec29			IOException: Tail request on https://maven-central.storage-download.googleapis.com/maven2/org/danilopianini/publish-on-central/org.danilopianini.publish-on-central.gradle.plugin/9.1.16-dev07-005ec29/org.danilopianini.publish-on-central.gradle.plugin-9.1.16-dev07-005ec29.jar returned status 404
9.1.16-dev07-2a92401			IOException: Tail request on https://maven-central.storage-download.googleapis.com/maven2/org/danilopianini/publish-on-central/org.danilopianini.publish-on-central.gradle.plugin/9.1.16-dev07-2a92401/org.danilopianini.publish-on-central.gradle.plugin-9.1.16-dev07-2a92401.jar returned status 404
9.1.16-dev07-ec74dc1			IOException: Tail request on https://maven-central.storage-download.googleapis.com/maven2/org/danilopianini/publish-on-central/org.danilopianini.publish-on-central.gradle.plugin/9.1.16-dev07-ec74dc1/org.danilopianini.publish-on-central.gradle.plugin-9.1.16-dev07-ec74dc1.jar returned status 404
9.1.16-dev08-6d62c98			IOException: Tail request on https://maven-central.storage-download.googleapis.com/maven2/org/danilopianini/publish-on-central/org.danilopianini.publish-on-central.gradle.plugin/9.1.16-dev08-6d62c98/org.danilopianini.publish-on-central.gradle.plugin-9.1.16-dev08-6d62c98.jar returned status 404
9.1.16-dev08-b7e1f80			IOException: Tail request on https://maven-central.storage-download.googleapis.com/maven2/org/danilopianini/publish-on-central/org.danilopianini.publish-on-central.gradle.plugin/9.1.16-dev08-b7e1f80/org.danilopianini.publish-on-central.gradle.plugin-9.1.16-dev08-b7e1f80.jar returned status 404
9.1.16-dev09-077d1e1			IOException: Tail request on https://maven-central.storage-download.googleapis.com/maven2/org/danilopianini/publish-on-central/org.danilopianini.publish-on-central.gradle.plugin/9.1.16-dev09-077d1e1/org.danilopianini.publish-on-central.gradle.plugin-9.1.16-dev09-077d1e1.jar returned status 404
9.1.16-dev09-5b0d759			IOException: Tail request on https://maven-central.storage-download.googleapis.com/maven2/org/danilopianini/publish-on-central/org.danilopianini.publish-on-central.gradle.plugin/9.1.16-dev09-5b0d759/org.danilopianini.publish-on-central.gradle.plugin-9.1.16-dev09-5b0d759.jar returned status 404
9.1.16-dev09-6399fe4			IOException: Tail request on https://maven-central.storage-download.googleapis.com/maven2/org/danilopianini/publish-on-central/org.danilopianini.publish-on-central.gradle.plugin/9.1.16-dev09-6399fe4/org.danilopianini.publish-on-central.gradle.plugin-9.1.16-dev09-6399fe4.jar returned status 404
9.1.16-dev09-7af2a35			IOException: Tail request on https://maven-central.storage-download.googleapis.com/maven2/org/danilopianini/publish-on-central/org.danilopianini.publish-on-central.gradle.plugin/9.1.16-dev09-7af2a35/org.danilopianini.publish-on-central.gradle.plugin-9.1.16-dev09-7af2a35.jar returned status 404
9.1.16-dev09-7dac77d			IOException: Tail request on https://maven-central.storage-download.googleapis.com/maven2/org/danilopianini/publish-on-central/org.danilopianini.publish-on-central.gradle.plugin/9.1.16-dev09-7dac77d/org.danilopianini.publish-on-central.gradle.plugin-9.1.16-dev09-7dac77d.jar returned status 404
9.1.2			IOException: Tail request on https://maven-central.storage-download.googleapis.com/maven2/org/danilopianini/publish-on-central/org.danilopianini.publish-on-central.gradle.plugin/9.1.2/org.danilopianini.publish-on-central.gradle.plugin-9.1.2.jar returned status 404
9.1.2-dev01-0d52da3			IOException: Tail request on https://maven-central.storage-download.googleapis.com/maven2/org/danilopianini/publish-on-central/org.danilopianini.publish-on-central.gradle.plugin/9.1.2-dev01-0d52da3/org.danilopianini.publish-on-central.gradle.plugin-9.1.2-dev01-0d52da3.jar returned status 404
9.1.2-dev01-2a9c007			IOException: Tail request on https://maven-central.storage-download.googleapis.com/maven2/org/danilopianini/publish-on-central/org.danilopianini.publish-on-central.gradle.plugin/9.1.2-dev01-2a9c007/org.danilopianini.publish-on-central.gradle.plugin-9.1.2-dev01-2a9c007.jar returned status 404
9.1.2-dev01-5c9086a			IOException: Tail request on https://maven-central.storage-download.googleapis.com/maven2/org/danilopianini/publish-on-central/org.danilopianini.publish-on-central.gradle.plugin/9.1.2-dev01-5c9086a/org.danilopianini.publish-on-central.gradle.plugin-9.1.2-dev01-5c9086a.jar returned status 404
9.1.2-dev01-7bf7967			IOException: Tail request on https://maven-central.storage-download.googleapis.com/maven2/org/danilopianini/publish-on-central/org.danilopianini.publish-on-central.gradle.plugin/9.1.2-dev01-7bf7967/org.danilopianini.publish-on-central.gradle.plugin-9.1.2-dev01-7bf7967.jar returned status 404
9.1.2-dev01-819bbf3			IOException: Tail request on https://maven-central.storage-download.googleapis.com/maven2/org/danilopianini/publish-on-central/org.danilopianini.publish-on-central.gradle.plugin/9.1.2-dev01-819bbf3/org.danilopianini.publish-on-central.gradle.plugin-9.1.2-dev01-819bbf3.jar returned status 404
9.1.2-dev01-8b24aee			IOException: Tail request on https://maven-central.storage-download.googleapis.com/maven2/org/danilopianini/publish-on-central/org.danilopianini.publish-on-central.gradle.plugin/9.1.2-dev01-8b24aee/org.danilopianini.publish-on-central.gradle.plugin-9.1.2-dev01-8b24aee.jar returned status 404
9.1.2-dev01-aea6fbd			IOException: Tail request on https://maven-central.storage-download.googleapis.com/maven2/org/danilopianini/publish-on-central/org.danilopianini.publish-on-central.gradle.plugin/9.1.2-dev01-aea6fbd/org.danilopianini.publish-on-central.gradle.plugin-9.1.2-dev01-aea6fbd.jar returned status 404
9.1.2-dev01-b61fa29			IOException: Tail request on https://maven-central.storage-download.googleapis.com/maven2/org/danilopianini/publish-on-central/org.danilopianini.publish-on-central.gradle.plugin/9.1.2-dev01-b61fa29/org.danilopianini.publish-on-central.gradle.plugin-9.1.2-dev01-b61fa29.jar returned status 404
9.1.2-dev01-d249c7e			IOException: Tail request on https://maven-central.storage-download.googleapis.com/maven2/org/danilopianini/publish-on-central/org.danilopianini.publish-on-central.gradle.plugin/9.1.2-dev01-d249c7e/org.danilopianini.publish-on-central.gradle.plugin-9.1.2-dev01-d249c7e.jar returned status 404
9.1.2-dev01-f175ad0			IOException: Tail request on https://maven-central.storage-download.googleapis.com/maven2/org/danilopianini/publish-on-central/org.danilopianini.publish-on-central.gradle.plugin/9.1.2-dev01-f175ad0/org.danilopianini.publish-on-central.gradle.plugin-9.1.2-dev01-f175ad0.jar returned status 404
9.1.2-dev02-1a10160			IOException: Tail request on https://maven-central.storage-download.googleapis.com/maven2/org/danilopianini/publish-on-central/org.danilopianini.publish-on-central.gradle.plugin/9.1.2-dev02-1a10160/org.danilopianini.publish-on-central.gradle.plugin-9.1.2-dev02-1a10160.jar returned status 404
9.1.2-dev02-2bf64d9			IOException: Tail request on https://maven-central.storage-download.googleapis.com/maven2/org/danilopianini/publish-on-central/org.danilopianini.publish-on-central.gradle.plugin/9.1.2-dev02-2bf64d9/org.danilopianini.publish-on-central.gradle.plugin-9.1.2-dev02-2bf64d9.jar returned status 404
9.1.2-dev02-3eeffad			IOException: Tail request on https://maven-central.storage-download.googleapis.com/maven2/org/danilopianini/publish-on-central/org.danilopianini.publish-on-central.gradle.plugin/9.1.2-dev02-3eeffad/org.danilopianini.publish-on-central.gradle.plugin-9.1.2-dev02-3eeffad.jar returned status 404
9.1.2-dev02-659b80d			IOException: Tail request on https://maven-central.storage-download.googleapis.com/maven2/org/danilopianini/publish-on-central/org.danilopianini.publish-on-central.gradle.plugin/9.1.2-dev02-659b80d/org.danilopianini.publish-on-central.gradle.plugin-9.1.2-dev02-659b80d.jar returned status 404
9.1.2-dev02-73cca59			IOException: Tail request on https://maven-central.storage-download.googleapis.com/maven2/org/danilopianini/publish-on-central/org.danilopianini.publish-on-central.gradle.plugin/9.1.2-dev02-73cca59/org.danilopianini.publish-on-central.gradle.plugin-9.1.2-dev02-73cca59.jar returned status 404
9.1.2-dev02-bb8a513			IOException: Tail request on https://maven-central.storage-download.googleapis.com/maven2/org/danilopianini/publish-on-central/org.danilopianini.publish-on-central.gradle.plugin/9.1.2-dev02-bb8a513/org.danilopianini.publish-on-central.gradle.plugin-9.1.2-dev02-bb8a513.jar returned status 404
9.1.2-dev02-cc722d5			IOException: Tail request on https://maven-central.storage-download.googleapis.com/maven2/org/danilopianini/publish-on-central/org.danilopianini.publish-on-central.gradle.plugin/9.1.2-dev02-cc722d5/org.danilopianini.publish-on-central.gradle.plugin-9.1.2-dev02-cc722d5.jar returned status 404
9.1.2-dev02-d032d90			IOException: Tail request on https://maven-central.storage-download.googleapis.com/maven2/org/danilopianini/publish-on-central/org.danilopianini.publish-on-central.gradle.plugin/9.1.2-dev02-d032d90/org.danilopianini.publish-on-central.gradle.plugin-9.1.2-dev02-d032d90.jar returned status 404
9.1.2-dev02-e152bbe			IOException: Tail request on https://maven-central.storage-download.googleapis.com/maven2/org/danilopianini/publish-on-central/org.danilopianini.publish-on-central.gradle.plugin/9.1.2-dev02-e152bbe/org.danilopianini.publish-on-central.gradle.plugin-9.1.2-dev02-e152bbe.jar returned status 404
9.1.2-dev03-04582c6			IOException: Tail request on https://maven-central.storage-download.googleapis.com/maven2/org/danilopianini/publish-on-central/org.danilopianini.publish-on-central.gradle.plugin/9.1.2-dev03-04582c6/org.danilopianini.publish-on-central.gradle.plugin-9.1.2-dev03-04582c6.jar returned status 404
9.1.2-dev03-0b63f16			IOException: Tail request on https://maven-central.storage-download.googleapis.com/maven2/org/danilopianini/publish-on-central/org.danilopianini.publish-on-central.gradle.plugin/9.1.2-dev03-0b63f16/org.danilopianini.publish-on-central.gradle.plugin-9.1.2-dev03-0b63f16.jar returned status 404
9.1.2-dev03-18c414a			IOException: Tail request on https://maven-central.storage-download.googleapis.com/maven2/org/danilopianini/publish-on-central/org.danilopianini.publish-on-central.gradle.plugin/9.1.2-dev03-18c414a/org.danilopianini.publish-on-central.gradle.plugin-9.1.2-dev03-18c414a.jar returned status 404
9.1.2-dev03-3d58329			IOException: Tail request on https://maven-central.storage-download.googleapis.com/maven2/org/danilopianini/publish-on-central/org.danilopianini.publish-on-central.gradle.plugin/9.1.2-dev03-3d58329/org.danilopianini.publish-on-central.gradle.plugin-9.1.2-dev03-3d58329.jar returned status 404
9.1.2-dev03-535c480			IOException: Tail request on https://maven-central.storage-download.googleapis.com/maven2/org/danilopianini/publish-on-central/org.danilopianini.publish-on-central.gradle.plugin/9.1.2-dev03-535c480/org.danilopianini.publish-on-central.gradle.plugin-9.1.2-dev03-535c480.jar returned status 404
9.1.2-dev03-7f7640a			IOException: Tail request on https://maven-central.storage-download.googleapis.com/maven2/org/danilopianini/publish-on-central/org.danilopianini.publish-on-central.gradle.plugin/9.1.2-dev03-7f7640a/org.danilopianini.publish-on-central.gradle.plugin-9.1.2-dev03-7f7640a.jar returned status 404
9.1.2-dev03-a999bd1			IOException: Tail request on https://maven-central.storage-download.googleapis.com/maven2/org/danilopianini/publish-on-central/org.danilopianini.publish-on-central.gradle.plugin/9.1.2-dev03-a999bd1/org.danilopianini.publish-on-central.gradle.plugin-9.1.2-dev03-a999bd1.jar returned status 404
9.1.2-dev03-c02445a			IOException: Tail request on https://maven-central.storage-download.googleapis.com/maven2/org/danilopianini/publish-on-central/org.danilopianini.publish-on-central.gradle.plugin/9.1.2-dev03-c02445a/org.danilopianini.publish-on-central.gradle.plugin-9.1.2-dev03-c02445a.jar returned status 404
9.1.2-dev03-e502ef3			IOException: Tail request on https://maven-central.storage-download.googleapis.com/maven2/org/danilopianini/publish-on-central/org.danilopianini.publish-on-central.gradle.plugin/9.1.2-dev03-e502ef3/org.danilopianini.publish-on-central.gradle.plugin-9.1.2-dev03-e502ef3.jar returned status 404
9.1.2-dev04-065da2e			IOException: Tail request on https://maven-central.storage-download.googleapis.com/maven2/org/danilopianini/publish-on-central/org.danilopianini.publish-on-central.gradle.plugin/9.1.2-dev04-065da2e/org.danilopianini.publish-on-central.gradle.plugin-9.1.2-dev04-065da2e.jar returned status 404
9.1.2-dev04-7aaf780			IOException: Tail request on https://maven-central.storage-download.googleapis.com/maven2/org/danilopianini/publish-on-central/org.danilopianini.publish-on-central.gradle.plugin/9.1.2-dev04-7aaf780/org.danilopianini.publish-on-central.gradle.plugin-9.1.2-dev04-7aaf780.jar returned status 404
9.1.2-dev04-92b0660			IOException: Tail request on https://maven-central.storage-download.googleapis.com/maven2/org/danilopianini/publish-on-central/org.danilopianini.publish-on-central.gradle.plugin/9.1.2-dev04-92b0660/org.danilopianini.publish-on-central.gradle.plugin-9.1.2-dev04-92b0660.jar returned status 404
9.1.2-dev04-d2a823f			IOException: Tail request on https://maven-central.storage-download.googleapis.com/maven2/org/danilopianini/publish-on-central/org.danilopianini.publish-on-central.gradle.plugin/9.1.2-dev04-d2a823f/org.danilopianini.publish-on-central.gradle.plugin-9.1.2-dev04-d2a823f.jar returned status 404
9.1.2-dev04-da3b87c			IOException: Tail request on https://maven-central.storage-download.googleapis.com/maven2/org/danilopianini/publish-on-central/org.danilopianini.publish-on-central.gradle.plugin/9.1.2-dev04-da3b87c/org.danilopianini.publish-on-central.gradle.plugin-9.1.2-dev04-da3b87c.jar returned status 404
9.1.2-dev04-e48dc11			IOException: Tail request on https://maven-central.storage-download.googleapis.com/maven2/org/danilopianini/publish-on-central/org.danilopianini.publish-on-central.gradle.plugin/9.1.2-dev04-e48dc11/org.danilopianini.publish-on-central.gradle.plugin-9.1.2-dev04-e48dc11.jar returned status 404
9.1.2-dev04-f9ae04f			IOException: Tail request on https://maven-central.storage-download.googleapis.com/maven2/org/danilopianini/publish-on-central/org.danilopianini.publish-on-central.gradle.plugin/9.1.2-dev04-f9ae04f/org.danilopianini.publish-on-central.gradle.plugin-9.1.2-dev04-f9ae04f.jar returned status 404
9.1.2-dev05-000b48b			IOException: Tail request on https://maven-central.storage-download.googleapis.com/maven2/org/danilopianini/publish-on-central/org.danilopianini.publish-on-central.gradle.plugin/9.1.2-dev05-000b48b/org.danilopianini.publish-on-central.gradle.plugin-9.1.2-dev05-000b48b.jar returned status 404
9.1.2-dev05-2811e35			IOException: Tail request on https://maven-central.storage-download.googleapis.com/maven2/org/danilopianini/publish-on-central/org.danilopianini.publish-on-central.gradle.plugin/9.1.2-dev05-2811e35/org.danilopianini.publish-on-central.gradle.plugin-9.1.2-dev05-2811e35.jar returned status 404
9.1.2-dev05-7c9341e			IOException: Tail request on https://maven-central.storage-download.googleapis.com/maven2/org/danilopianini/publish-on-central/org.danilopianini.publish-on-central.gradle.plugin/9.1.2-dev05-7c9341e/org.danilopianini.publish-on-central.gradle.plugin-9.1.2-dev05-7c9341e.jar returned status 404
9.1.2-dev05-c7eabdb			IOException: Tail request on https://maven-central.storage-download.googleapis.com/maven2/org/danilopianini/publish-on-central/org.danilopianini.publish-on-central.gradle.plugin/9.1.2-dev05-c7eabdb/org.danilopianini.publish-on-central.gradle.plugin-9.1.2-dev05-c7eabdb.jar returned status 404
9.1.2-dev05-dc8a92a			IOException: Tail request on https://maven-central.storage-download.googleapis.com/maven2/org/danilopianini/publish-on-central/org.danilopianini.publish-on-central.gradle.plugin/9.1.2-dev05-dc8a92a/org.danilopianini.publish-on-central.gradle.plugin-9.1.2-dev05-dc8a92a.jar returned status 404
9.1.3			IOException: Tail request on https://maven-central.storage-download.googleapis.com/maven2/org/danilopianini/publish-on-central/org.danilopianini.publish-on-central.gradle.plugin/9.1.3/org.danilopianini.publish-on-central.gradle.plugin-9.1.3.jar returned status 404
9.1.3-dev01-0ad713c			IOException: Tail request on https://maven-central.storage-download.googleapis.com/maven2/org/danilopianini/publish-on-central/org.danilopianini.publish-on-central.gradle.plugin/9.1.3-dev01-0ad713c/org.danilopianini.publish-on-central.gradle.plugin-9.1.3-dev01-0ad713c.jar returned status 404
9.1.3-dev01-4461ae7			IOException: Tail request on https://maven-central.storage-download.googleapis.com/maven2/org/danilopianini/publish-on-central/org.danilopianini.publish-on-central.gradle.plugin/9.1.3-dev01-4461ae7/org.danilopianini.publish-on-central.gradle.plugin-9.1.3-dev01-4461ae7.jar returned status 404
9.1.3-dev01-7ed03cb			IOException: Tail request on https://maven-central.storage-download.googleapis.com/maven2/org/danilopianini/publish-on-central/org.danilopianini.publish-on-central.gradle.plugin/9.1.3-dev01-7ed03cb/org.danilopianini.publish-on-central.gradle.plugin-9.1.3-dev01-7ed03cb.jar returned status 404
9.1.3-dev01-af3706f			IOException: Tail request on https://maven-central.storage-download.googleapis.com/maven2/org/danilopianini/publish-on-central/org.danilopianini.publish-on-central.gradle.plugin/9.1.3-dev01-af3706f/org.danilopianini.publish-on-central.gradle.plugin-9.1.3-dev01-af3706f.jar returned status 404
9.1.3-dev02-0f723da			IOException: Tail request on https://maven-central.storage-download.googleapis.com/maven2/org/danilopianini/publish-on-central/org.danilopianini.publish-on-central.gradle.plugin/9.1.3-dev02-0f723da/org.danilopianini.publish-on-central.gradle.plugin-9.1.3-dev02-0f723da.jar returned status 404
9.1.3-dev02-7aaf560			IOException: Tail request on https://maven-central.storage-download.googleapis.com/maven2/org/danilopianini/publish-on-central/org.danilopianini.publish-on-central.gradle.plugin/9.1.3-dev02-7aaf560/org.danilopianini.publish-on-central.gradle.plugin-9.1.3-dev02-7aaf560.jar returned status 404
9.1.3-dev02-b1d47d4			IOException: Tail request on https://maven-central.storage-download.googleapis.com/maven2/org/danilopianini/publish-on-central/org.danilopianini.publish-on-central.gradle.plugin/9.1.3-dev02-b1d47d4/org.danilopianini.publish-on-central.gradle.plugin-9.1.3-dev02-b1d47d4.jar returned status 404
9.1.3-dev03-db70e25			IOException: Tail request on https://maven-central.storage-download.googleapis.com/maven2/org/danilopianini/publish-on-central/org.danilopianini.publish-on-central.gradle.plugin/9.1.3-dev03-db70e25/org.danilopianini.publish-on-central.gradle.plugin-9.1.3-dev03-db70e25.jar returned status 404
9.1.3-dev03-e303d7f			IOException: Tail request on https://maven-central.storage-download.googleapis.com/maven2/org/danilopianini/publish-on-central/org.danilopianini.publish-on-central.gradle.plugin/9.1.3-dev03-e303d7f/org.danilopianini.publish-on-central.gradle.plugin-9.1.3-dev03-e303d7f.jar returned status 404
9.1.3-dev04-84f3206			IOException: Tail request on https://maven-central.storage-download.googleapis.com/maven2/org/danilopianini/publish-on-central/org.danilopianini.publish-on-central.gradle.plugin/9.1.3-dev04-84f3206/org.danilopianini.publish-on-central.gradle.plugin-9.1.3-dev04-84f3206.jar returned status 404
9.1.3-dev04-9078446			IOException: Tail request on https://maven-central.storage-download.googleapis.com/maven2/org/danilopianini/publish-on-central/org.danilopianini.publish-on-central.gradle.plugin/9.1.3-dev04-9078446/org.danilopianini.publish-on-central.gradle.plugin-9.1.3-dev04-9078446.jar returned status 404
9.1.3-dev05-4912d26			IOException: Tail request on https://maven-central.storage-download.googleapis.com/maven2/org/danilopianini/publish-on-central/org.danilopianini.publish-on-central.gradle.plugin/9.1.3-dev05-4912d26/org.danilopianini.publish-on-central.gradle.plugin-9.1.3-dev05-4912d26.jar returned status 404
9.1.3-dev05-6f58d4d			IOException: Tail request on https://maven-central.storage-download.googleapis.com/maven2/org/danilopianini/publish-on-central/org.danilopianini.publish-on-central.gradle.plugin/9.1.3-dev05-6f58d4d/org.danilopianini.publish-on-central.gradle.plugin-9.1.3-dev05-6f58d4d.jar returned status 404
9.1.3-dev05-b95f3f9			IOException: Tail request on https://maven-central.storage-download.googleapis.com/maven2/org/danilopianini/publish-on-central/org.danilopianini.publish-on-central.gradle.plugin/9.1.3-dev05-b95f3f9/org.danilopianini.publish-on-central.gradle.plugin-9.1.3-dev05-b95f3f9.jar returned status 404
9.1.3-dev05-c2edad8			IOException: Tail request on https://maven-central.storage-download.googleapis.com/maven2/org/danilopianini/publish-on-central/org.danilopianini.publish-on-central.gradle.plugin/9.1.3-dev05-c2edad8/org.danilopianini.publish-on-central.gradle.plugin-9.1.3-dev05-c2edad8.jar returned status 404
9.1.3-dev05-f9ecc9a			IOException: Tail request on https://maven-central.storage-download.googleapis.com/maven2/org/danilopianini/publish-on-central/org.danilopianini.publish-on-central.gradle.plugin/9.1.3-dev05-f9ecc9a/org.danilopianini.publish-on-central.gradle.plugin-9.1.3-dev05-f9ecc9a.jar returned status 404
9.1.3-dev06-af017c1			IOException: Tail request on https://maven-central.storage-download.googleapis.com/maven2/org/danilopianini/publish-on-central/org.danilopianini.publish-on-central.gradle.plugin/9.1.3-dev06-af017c1/org.danilopianini.publish-on-central.gradle.plugin-9.1.3-dev06-af017c1.jar returned status 404
9.1.3-dev06-f2ae83a			IOException: Tail request on https://maven-central.storage-download.googleapis.com/maven2/org/danilopianini/publish-on-central/org.danilopianini.publish-on-central.gradle.plugin/9.1.3-dev06-f2ae83a/org.danilopianini.publish-on-central.gradle.plugin-9.1.3-dev06-f2ae83a.jar returned status 404
9.1.3-dev06-f83c099			IOException: Tail request on https://maven-central.storage-download.googleapis.com/maven2/org/danilopianini/publish-on-central/org.danilopianini.publish-on-central.gradle.plugin/9.1.3-dev06-f83c099/org.danilopianini.publish-on-central.gradle.plugin-9.1.3-dev06-f83c099.jar returned status 404
9.1.3-dev06-f94495b			IOException: Tail request on https://maven-central.storage-download.googleapis.com/maven2/org/danilopianini/publish-on-central/org.danilopianini.publish-on-central.gradle.plugin/9.1.3-dev06-f94495b/org.danilopianini.publish-on-central.gradle.plugin-9.1.3-dev06-f94495b.jar returned status 404
9.1.3-dev07-7a427ed			IOException: Tail request on https://maven-central.storage-download.googleapis.com/maven2/org/danilopianini/publish-on-central/org.danilopianini.publish-on-central.gradle.plugin/9.1.3-dev07-7a427ed/org.danilopianini.publish-on-central.gradle.plugin-9.1.3-dev07-7a427ed.jar returned status 404
9.1.4			IOException: Tail request on https://maven-central.storage-download.googleapis.com/maven2/org/danilopianini/publish-on-central/org.danilopianini.publish-on-central.gradle.plugin/9.1.4/org.danilopianini.publish-on-central.gradle.plugin-9.1.4.jar returned status 404
9.1.4-dev01-08c1fca			IOException: Tail request on https://maven-central.storage-download.googleapis.com/maven2/org/danilopianini/publish-on-central/org.danilopianini.publish-on-central.gradle.plugin/9.1.4-dev01-08c1fca/org.danilopianini.publish-on-central.gradle.plugin-9.1.4-dev01-08c1fca.jar returned status 404
9.1.4-dev01-9c9fe2a			IOException: Tail request on https://maven-central.storage-download.googleapis.com/maven2/org/danilopianini/publish-on-central/org.danilopianini.publish-on-central.gradle.plugin/9.1.4-dev01-9c9fe2a/org.danilopianini.publish-on-central.gradle.plugin-9.1.4-dev01-9c9fe2a.jar returned status 404
9.1.4-dev02-45ac265			IOException: Tail request on https://maven-central.storage-download.googleapis.com/maven2/org/danilopianini/publish-on-central/org.danilopianini.publish-on-central.gradle.plugin/9.1.4-dev02-45ac265/org.danilopianini.publish-on-central.gradle.plugin-9.1.4-dev02-45ac265.jar returned status 404
9.1.4-dev02-4e52851			IOException: Tail request on https://maven-central.storage-download.googleapis.com/maven2/org/danilopianini/publish-on-central/org.danilopianini.publish-on-central.gradle.plugin/9.1.4-dev02-4e52851/org.danilopianini.publish-on-central.gradle.plugin-9.1.4-dev02-4e52851.jar returned status 404
9.1.4-dev02-5dc4520			IOException: Tail request on https://maven-central.storage-download.googleapis.com/maven2/org/danilopianini/publish-on-central/org.danilopianini.publish-on-central.gradle.plugin/9.1.4-dev02-5dc4520/org.danilopianini.publish-on-central.gradle.plugin-9.1.4-dev02-5dc4520.jar returned status 404
9.1.4-dev02-7c5751b			IOException: Tail request on https://maven-central.storage-download.googleapis.com/maven2/org/danilopianini/publish-on-central/org.danilopianini.publish-on-central.gradle.plugin/9.1.4-dev02-7c5751b/org.danilopianini.publish-on-central.gradle.plugin-9.1.4-dev02-7c5751b.jar returned status 404
9.1.4-dev03-0cdefd3			IOException: Tail request on https://maven-central.storage-download.googleapis.com/maven2/org/danilopianini/publish-on-central/org.danilopianini.publish-on-central.gradle.plugin/9.1.4-dev03-0cdefd3/org.danilopianini.publish-on-central.gradle.plugin-9.1.4-dev03-0cdefd3.jar returned status 404
9.1.4-dev03-4bd1bcc			IOException: Tail request on https://maven-central.storage-download.googleapis.com/maven2/org/danilopianini/publish-on-central/org.danilopianini.publish-on-central.gradle.plugin/9.1.4-dev03-4bd1bcc/org.danilopianini.publish-on-central.gradle.plugin-9.1.4-dev03-4bd1bcc.jar returned status 404
9.1.4-dev03-c7541e6			IOException: Tail request on https://maven-central.storage-download.googleapis.com/maven2/org/danilopianini/publish-on-central/org.danilopianini.publish-on-central.gradle.plugin/9.1.4-dev03-c7541e6/org.danilopianini.publish-on-central.gradle.plugin-9.1.4-dev03-c7541e6.jar returned status 404
9.1.4-dev03-fb1a8e4			IOException: Tail request on https://maven-central.storage-download.googleapis.com/maven2/org/danilopianini/publish-on-central/org.danilopianini.publish-on-central.gradle.plugin/9.1.4-dev03-fb1a8e4/org.danilopianini.publish-on-central.gradle.plugin-9.1.4-dev03-fb1a8e4.jar returned status 404
9.1.4-dev04-13b4827			IOException: Tail request on https://maven-central.storage-download.googleapis.com/maven2/org/danilopianini/publish-on-central/org.danilopianini.publish-on-central.gradle.plugin/9.1.4-dev04-13b4827/org.danilopianini.publish-on-central.gradle.plugin-9.1.4-dev04-13b4827.jar returned status 404
9.1.4-dev04-aad53e4			IOException: Tail request on https://maven-central.storage-download.googleapis.com/maven2/org/danilopianini/publish-on-central/org.danilopianini.publish-on-central.gradle.plugin/9.1.4-dev04-aad53e4/org.danilopianini.publish-on-central.gradle.plugin-9.1.4-dev04-aad53e4.jar returned status 404
9.1.4-dev04-aec0d60			IOException: Tail request on https://maven-central.storage-download.googleapis.com/maven2/org/danilopianini/publish-on-central/org.danilopianini.publish-on-central.gradle.plugin/9.1.4-dev04-aec0d60/org.danilopianini.publish-on-central.gradle.plugin-9.1.4-dev04-aec0d60.jar returned status 404
9.1.4-dev05-243028c			IOException: Tail request on https://maven-central.storage-download.googleapis.com/maven2/org/danilopianini/publish-on-central/org.danilopianini.publish-on-central.gradle.plugin/9.1.4-dev05-243028c/org.danilopianini.publish-on-central.gradle.plugin-9.1.4-dev05-243028c.jar returned status 404
9.1.4-dev05-2bdc6a8			IOException: Tail request on https://maven-central.storage-download.googleapis.com/maven2/org/danilopianini/publish-on-central/org.danilopianini.publish-on-central.gradle.plugin/9.1.4-dev05-2bdc6a8/org.danilopianini.publish-on-central.gradle.plugin-9.1.4-dev05-2bdc6a8.jar returned status 404
9.1.4-dev05-3b5feb5			IOException: Tail request on https://maven-central.storage-download.googleapis.com/maven2/org/danilopianini/publish-on-central/org.danilopianini.publish-on-central.gradle.plugin/9.1.4-dev05-3b5feb5/org.danilopianini.publish-on-central.gradle.plugin-9.1.4-dev05-3b5feb5.jar returned status 404
9.1.4-dev06-414cbec			IOException: Tail request on https://maven-central.storage-download.googleapis.com/maven2/org/danilopianini/publish-on-central/org.danilopianini.publish-on-central.gradle.plugin/9.1.4-dev06-414cbec/org.danilopianini.publish-on-central.gradle.plugin-9.1.4-dev06-414cbec.jar returned status 404
9.1.4-dev06-908b3f7			IOException: Tail request on https://maven-central.storage-download.googleapis.com/maven2/org/danilopianini/publish-on-central/org.danilopianini.publish-on-central.gradle.plugin/9.1.4-dev06-908b3f7/org.danilopianini.publish-on-central.gradle.plugin-9.1.4-dev06-908b3f7.jar returned status 404
9.1.4-dev07-124d153			IOException: Tail request on https://maven-central.storage-download.googleapis.com/maven2/org/danilopianini/publish-on-central/org.danilopianini.publish-on-central.gradle.plugin/9.1.4-dev07-124d153/org.danilopianini.publish-on-central.gradle.plugin-9.1.4-dev07-124d153.jar returned status 404
9.1.4-dev07-a40cb6d			IOException: Tail request on https://maven-central.storage-download.googleapis.com/maven2/org/danilopianini/publish-on-central/org.danilopianini.publish-on-central.gradle.plugin/9.1.4-dev07-a40cb6d/org.danilopianini.publish-on-central.gradle.plugin-9.1.4-dev07-a40cb6d.jar returned status 404
9.1.4-dev08-1eb8664			IOException: Tail request on https://maven-central.storage-download.googleapis.com/maven2/org/danilopianini/publish-on-central/org.danilopianini.publish-on-central.gradle.plugin/9.1.4-dev08-1eb8664/org.danilopianini.publish-on-central.gradle.plugin-9.1.4-dev08-1eb8664.jar returned status 404
9.1.4-dev08-2d4b003			IOException: Tail request on https://maven-central.storage-download.googleapis.com/maven2/org/danilopianini/publish-on-central/org.danilopianini.publish-on-central.gradle.plugin/9.1.4-dev08-2d4b003/org.danilopianini.publish-on-central.gradle.plugin-9.1.4-dev08-2d4b003.jar returned status 404
9.1.4-dev09-21c8614			IOException: Tail request on https://maven-central.storage-download.googleapis.com/maven2/org/danilopianini/publish-on-central/org.danilopianini.publish-on-central.gradle.plugin/9.1.4-dev09-21c8614/org.danilopianini.publish-on-central.gradle.plugin-9.1.4-dev09-21c8614.jar returned status 404
9.1.4-dev09-36a3b19			IOException: Tail request on https://maven-central.storage-download.googleapis.com/maven2/org/danilopianini/publish-on-central/org.danilopianini.publish-on-central.gradle.plugin/9.1.4-dev09-36a3b19/org.danilopianini.publish-on-central.gradle.plugin-9.1.4-dev09-36a3b19.jar returned status 404
9.1.4-dev0a-4dc4000			IOException: Tail request on https://maven-central.storage-download.googleapis.com/maven2/org/danilopianini/publish-on-central/org.danilopianini.publish-on-central.gradle.plugin/9.1.4-dev0a-4dc4000/org.danilopianini.publish-on-central.gradle.plugin-9.1.4-dev0a-4dc4000.jar returned status 404
9.1.4-dev0a-5ade787			IOException: Tail request on https://maven-central.storage-download.googleapis.com/maven2/org/danilopianini/publish-on-central/org.danilopianini.publish-on-central.gradle.plugin/9.1.4-dev0a-5ade787/org.danilopianini.publish-on-central.gradle.plugin-9.1.4-dev0a-5ade787.jar returned status 404
9.1.4-dev0b-803f032			IOException: Tail request on https://maven-central.storage-download.googleapis.com/maven2/org/danilopianini/publish-on-central/org.danilopianini.publish-on-central.gradle.plugin/9.1.4-dev0b-803f032/org.danilopianini.publish-on-central.gradle.plugin-9.1.4-dev0b-803f032.jar returned status 404
9.1.4-dev0b-dc4bedd			IOException: Tail request on https://maven-central.storage-download.googleapis.com/maven2/org/danilopianini/publish-on-central/org.danilopianini.publish-on-central.gradle.plugin/9.1.4-dev0b-dc4bedd/org.danilopianini.publish-on-central.gradle.plugin-9.1.4-dev0b-dc4bedd.jar returned status 404
9.1.4-dev0c-1406310			IOException: Tail request on https://maven-central.storage-download.googleapis.com/maven2/org/danilopianini/publish-on-central/org.danilopianini.publish-on-central.gradle.plugin/9.1.4-dev0c-1406310/org.danilopianini.publish-on-central.gradle.plugin-9.1.4-dev0c-1406310.jar returned status 404
9.1.4-dev0c-c6951cd			IOException: Tail request on https://maven-central.storage-download.googleapis.com/maven2/org/danilopianini/publish-on-central/org.danilopianini.publish-on-central.gradle.plugin/9.1.4-dev0c-c6951cd/org.danilopianini.publish-on-central.gradle.plugin-9.1.4-dev0c-c6951cd.jar returned status 404
9.1.4-dev0d+50f3fd1			IOException: Tail request on https://maven-central.storage-download.googleapis.com/maven2/org/danilopianini/publish-on-central/org.danilopianini.publish-on-central.gradle.plugin/9.1.4-dev0d+50f3fd1/org.danilopianini.publish-on-central.gradle.plugin-9.1.4-dev0d+50f3fd1.jar returned status 404
9.1.4-dev0d+d0c5993			IOException: Tail request on https://maven-central.storage-download.googleapis.com/maven2/org/danilopianini/publish-on-central/org.danilopianini.publish-on-central.gradle.plugin/9.1.4-dev0d+d0c5993/org.danilopianini.publish-on-central.gradle.plugin-9.1.4-dev0d+d0c5993.jar returned status 404
9.1.4-dev0d-46eb20b			IOException: Tail request on https://maven-central.storage-download.googleapis.com/maven2/org/danilopianini/publish-on-central/org.danilopianini.publish-on-central.gradle.plugin/9.1.4-dev0d-46eb20b/org.danilopianini.publish-on-central.gradle.plugin-9.1.4-dev0d-46eb20b.jar returned status 404
9.1.4-dev0e+29e619a			IOException: Tail request on https://maven-central.storage-download.googleapis.com/maven2/org/danilopianini/publish-on-central/org.danilopianini.publish-on-central.gradle.plugin/9.1.4-dev0e+29e619a/org.danilopianini.publish-on-central.gradle.plugin-9.1.4-dev0e+29e619a.jar returned status 404
9.1.4-dev0e+39f7ce8			IOException: Tail request on https://maven-central.storage-download.googleapis.com/maven2/org/danilopianini/publish-on-central/org.danilopianini.publish-on-central.gradle.plugin/9.1.4-dev0e+39f7ce8/org.danilopianini.publish-on-central.gradle.plugin-9.1.4-dev0e+39f7ce8.jar returned status 404
9.1.4-dev0f+b315ac2			IOException: Tail request on https://maven-central.storage-download.googleapis.com/maven2/org/danilopianini/publish-on-central/org.danilopianini.publish-on-central.gradle.plugin/9.1.4-dev0f+b315ac2/org.danilopianini.publish-on-central.gradle.plugin-9.1.4-dev0f+b315ac2.jar returned status 404
9.1.4-dev0f-44c3dd6			IOException: Tail request on https://maven-central.storage-download.googleapis.com/maven2/org/danilopianini/publish-on-central/org.danilopianini.publish-on-central.gradle.plugin/9.1.4-dev0f-44c3dd6/org.danilopianini.publish-on-central.gradle.plugin-9.1.4-dev0f-44c3dd6.jar returned status 404
9.1.4-dev0f-da7743f			IOException: Tail request on https://maven-central.storage-download.googleapis.com/maven2/org/danilopianini/publish-on-central/org.danilopianini.publish-on-central.gradle.plugin/9.1.4-dev0f-da7743f/org.danilopianini.publish-on-central.gradle.plugin-9.1.4-dev0f-da7743f.jar returned status 404
9.1.4-dev0g-e7526ce			IOException: Tail request on https://maven-central.storage-download.googleapis.com/maven2/org/danilopianini/publish-on-central/org.danilopianini.publish-on-central.gradle.plugin/9.1.4-dev0g-e7526ce/org.danilopianini.publish-on-central.gradle.plugin-9.1.4-dev0g-e7526ce.jar returned status 404
9.1.4-dev0g-f93cf75			IOException: Tail request on https://maven-central.storage-download.googleapis.com/maven2/org/danilopianini/publish-on-central/org.danilopianini.publish-on-central.gradle.plugin/9.1.4-dev0g-f93cf75/org.danilopianini.publish-on-central.gradle.plugin-9.1.4-dev0g-f93cf75.jar returned status 404
9.1.4-dev0h-b70c25d			IOException: Tail request on https://maven-central.storage-download.googleapis.com/maven2/org/danilopianini/publish-on-central/org.danilopianini.publish-on-central.gradle.plugin/9.1.4-dev0h-b70c25d/org.danilopianini.publish-on-central.gradle.plugin-9.1.4-dev0h-b70c25d.jar returned status 404
9.1.4-dev0h-ffde9f1			IOException: Tail request on https://maven-central.storage-download.googleapis.com/maven2/org/danilopianini/publish-on-central/org.danilopianini.publish-on-central.gradle.plugin/9.1.4-dev0h-ffde9f1/org.danilopianini.publish-on-central.gradle.plugin-9.1.4-dev0h-ffde9f1.jar returned status 404
9.1.4-dev0i-00697e7			IOException: Tail request on https://maven-central.storage-download.googleapis.com/maven2/org/danilopianini/publish-on-central/org.danilopianini.publish-on-central.gradle.plugin/9.1.4-dev0i-00697e7/org.danilopianini.publish-on-central.gradle.plugin-9.1.4-dev0i-00697e7.jar returned status 404
9.1.4-dev0i-8efd43b			IOException: Tail request on https://maven-central.storage-download.googleapis.com/maven2/org/danilopianini/publish-on-central/org.danilopianini.publish-on-central.gradle.plugin/9.1.4-dev0i-8efd43b/org.danilopianini.publish-on-central.gradle.plugin-9.1.4-dev0i-8efd43b.jar returned status 404
9.1.4-dev0j-0ec387a			IOException: Tail request on https://maven-central.storage-download.googleapis.com/maven2/org/danilopianini/publish-on-central/org.danilopianini.publish-on-central.gradle.plugin/9.1.4-dev0j-0ec387a/org.danilopianini.publish-on-central.gradle.plugin-9.1.4-dev0j-0ec387a.jar returned status 404
9.1.4-dev0j-b5f6bb5			IOException: Tail request on https://maven-central.storage-download.googleapis.com/maven2/org/danilopianini/publish-on-central/org.danilopianini.publish-on-central.gradle.plugin/9.1.4-dev0j-b5f6bb5/org.danilopianini.publish-on-central.gradle.plugin-9.1.4-dev0j-b5f6bb5.jar returned status 404
9.1.4-dev0k-41a2614			IOException: Tail request on https://maven-central.storage-download.googleapis.com/maven2/org/danilopianini/publish-on-central/org.danilopianini.publish-on-central.gradle.plugin/9.1.4-dev0k-41a2614/org.danilopianini.publish-on-central.gradle.plugin-9.1.4-dev0k-41a2614.jar returned status 404
9.1.4-dev0k-5422b35			IOException: Tail request on https://maven-central.storage-download.googleapis.com/maven2/org/danilopianini/publish-on-central/org.danilopianini.publish-on-central.gradle.plugin/9.1.4-dev0k-5422b35/org.danilopianini.publish-on-central.gradle.plugin-9.1.4-dev0k-5422b35.jar returned status 404
9.1.4-dev0k-893ea2b			IOException: Tail request on https://maven-central.storage-download.googleapis.com/maven2/org/danilopianini/publish-on-central/org.danilopianini.publish-on-central.gradle.plugin/9.1.4-dev0k-893ea2b/org.danilopianini.publish-on-central.gradle.plugin-9.1.4-dev0k-893ea2b.jar returned status 404
9.1.4-dev0k-bd8bbc6			IOException: Tail request on https://maven-central.storage-download.googleapis.com/maven2/org/danilopianini/publish-on-central/org.danilopianini.publish-on-central.gradle.plugin/9.1.4-dev0k-bd8bbc6/org.danilopianini.publish-on-central.gradle.plugin-9.1.4-dev0k-bd8bbc6.jar returned status 404
9.1.4-dev0k-c177ba1			IOException: Tail request on https://maven-central.storage-download.googleapis.com/maven2/org/danilopianini/publish-on-central/org.danilopianini.publish-on-central.gradle.plugin/9.1.4-dev0k-c177ba1/org.danilopianini.publish-on-central.gradle.plugin-9.1.4-dev0k-c177ba1.jar returned status 404
9.1.4-dev0k-f4e63c8			IOException: Tail request on https://maven-central.storage-download.googleapis.com/maven2/org/danilopianini/publish-on-central/org.danilopianini.publish-on-central.gradle.plugin/9.1.4-dev0k-f4e63c8/org.danilopianini.publish-on-central.gradle.plugin-9.1.4-dev0k-f4e63c8.jar returned status 404
9.1.4-dev0k-f786b83			IOException: Tail request on https://maven-central.storage-download.googleapis.com/maven2/org/danilopianini/publish-on-central/org.danilopianini.publish-on-central.gradle.plugin/9.1.4-dev0k-f786b83/org.danilopianini.publish-on-central.gradle.plugin-9.1.4-dev0k-f786b83.jar returned status 404
9.1.4-dev0l-b7f4c53			IOException: Tail request on https://maven-central.storage-download.googleapis.com/maven2/org/danilopianini/publish-on-central/org.danilopianini.publish-on-central.gradle.plugin/9.1.4-dev0l-b7f4c53/org.danilopianini.publish-on-central.gradle.plugin-9.1.4-dev0l-b7f4c53.jar returned status 404
9.1.4-dev0l-cd09d76			IOException: Tail request on https://maven-central.storage-download.googleapis.com/maven2/org/danilopianini/publish-on-central/org.danilopianini.publish-on-central.gradle.plugin/9.1.4-dev0l-cd09d76/org.danilopianini.publish-on-central.gradle.plugin-9.1.4-dev0l-cd09d76.jar returned status 404
9.1.4-dev0l-d6f624c			IOException: Tail request on https://maven-central.storage-download.googleapis.com/maven2/org/danilopianini/publish-on-central/org.danilopianini.publish-on-central.gradle.plugin/9.1.4-dev0l-d6f624c/org.danilopianini.publish-on-central.gradle.plugin-9.1.4-dev0l-d6f624c.jar returned status 404
9.1.4-dev0l-f15acd7			IOException: Tail request on https://maven-central.storage-download.googleapis.com/maven2/org/danilopianini/publish-on-central/org.danilopianini.publish-on-central.gradle.plugin/9.1.4-dev0l-f15acd7/org.danilopianini.publish-on-central.gradle.plugin-9.1.4-dev0l-f15acd7.jar returned status 404
9.1.4-dev0l-fac5cf5			IOException: Tail request on https://maven-central.storage-download.googleapis.com/maven2/org/danilopianini/publish-on-central/org.danilopianini.publish-on-central.gradle.plugin/9.1.4-dev0l-fac5cf5/org.danilopianini.publish-on-central.gradle.plugin-9.1.4-dev0l-fac5cf5.jar returned status 404
9.1.4-dev0l-fe1e42a			IOException: Tail request on https://maven-central.storage-download.googleapis.com/maven2/org/danilopianini/publish-on-central/org.danilopianini.publish-on-central.gradle.plugin/9.1.4-dev0l-fe1e42a/org.danilopianini.publish-on-central.gradle.plugin-9.1.4-dev0l-fe1e42a.jar returned status 404
9.1.4-dev0m-478c933			IOException: Tail request on https://maven-central.storage-download.googleapis.com/maven2/org/danilopianini/publish-on-central/org.danilopianini.publish-on-central.gradle.plugin/9.1.4-dev0m-478c933/org.danilopianini.publish-on-central.gradle.plugin-9.1.4-dev0m-478c933.jar returned status 404
9.1.4-dev0m-58f27b5			IOException: Tail request on https://maven-central.storage-download.googleapis.com/maven2/org/danilopianini/publish-on-central/org.danilopianini.publish-on-central.gradle.plugin/9.1.4-dev0m-58f27b5/org.danilopianini.publish-on-central.gradle.plugin-9.1.4-dev0m-58f27b5.jar returned status 404
9.1.4-dev0m-918ff38			IOException: Tail request on https://maven-central.storage-download.googleapis.com/maven2/org/danilopianini/publish-on-central/org.danilopianini.publish-on-central.gradle.plugin/9.1.4-dev0m-918ff38/org.danilopianini.publish-on-central.gradle.plugin-9.1.4-dev0m-918ff38.jar returned status 404
9.1.4-dev0m-f5e1a95			IOException: Tail request on https://maven-central.storage-download.googleapis.com/maven2/org/danilopianini/publish-on-central/org.danilopianini.publish-on-central.gradle.plugin/9.1.4-dev0m-f5e1a95/org.danilopianini.publish-on-central.gradle.plugin-9.1.4-dev0m-f5e1a95.jar returned status 404
9.1.4-dev0n-1a3939c			IOException: Tail request on https://maven-central.storage-download.googleapis.com/maven2/org/danilopianini/publish-on-central/org.danilopianini.publish-on-central.gradle.plugin/9.1.4-dev0n-1a3939c/org.danilopianini.publish-on-central.gradle.plugin-9.1.4-dev0n-1a3939c.jar returned status 404
9.1.4-dev0n-34fa349			IOException: Tail request on https://maven-central.storage-download.googleapis.com/maven2/org/danilopianini/publish-on-central/org.danilopianini.publish-on-central.gradle.plugin/9.1.4-dev0n-34fa349/org.danilopianini.publish-on-central.gradle.plugin-9.1.4-dev0n-34fa349.jar returned status 404
9.1.4-dev0n-8be65d7			IOException: Tail request on https://maven-central.storage-download.googleapis.com/maven2/org/danilopianini/publish-on-central/org.danilopianini.publish-on-central.gradle.plugin/9.1.4-dev0n-8be65d7/org.danilopianini.publish-on-central.gradle.plugin-9.1.4-dev0n-8be65d7.jar returned status 404
9.1.4-dev0n-98e1a0e			IOException: Tail request on https://maven-central.storage-download.googleapis.com/maven2/org/danilopianini/publish-on-central/org.danilopianini.publish-on-central.gradle.plugin/9.1.4-dev0n-98e1a0e/org.danilopianini.publish-on-central.gradle.plugin-9.1.4-dev0n-98e1a0e.jar returned status 404
9.1.4-dev0o-b8dfbb3			IOException: Tail request on https://maven-central.storage-download.googleapis.com/maven2/org/danilopianini/publish-on-central/org.danilopianini.publish-on-central.gradle.plugin/9.1.4-dev0o-b8dfbb3/org.danilopianini.publish-on-central.gradle.plugin-9.1.4-dev0o-b8dfbb3.jar returned status 404
9.1.4-dev0o-d42eaf8			IOException: Tail request on https://maven-central.storage-download.googleapis.com/maven2/org/danilopianini/publish-on-central/org.danilopianini.publish-on-central.gradle.plugin/9.1.4-dev0o-d42eaf8/org.danilopianini.publish-on-central.gradle.plugin-9.1.4-dev0o-d42eaf8.jar returned status 404
9.1.4-dev0o-d9a6e05			IOException: Tail request on https://maven-central.storage-download.googleapis.com/maven2/org/danilopianini/publish-on-central/org.danilopianini.publish-on-central.gradle.plugin/9.1.4-dev0o-d9a6e05/org.danilopianini.publish-on-central.gradle.plugin-9.1.4-dev0o-d9a6e05.jar returned status 404
9.1.4-dev0p-5343217			IOException: Tail request on https://maven-central.storage-download.googleapis.com/maven2/org/danilopianini/publish-on-central/org.danilopianini.publish-on-central.gradle.plugin/9.1.4-dev0p-5343217/org.danilopianini.publish-on-central.gradle.plugin-9.1.4-dev0p-5343217.jar returned status 404
9.1.4-dev0p-cf9610c			IOException: Tail request on https://maven-central.storage-download.googleapis.com/maven2/org/danilopianini/publish-on-central/org.danilopianini.publish-on-central.gradle.plugin/9.1.4-dev0p-cf9610c/org.danilopianini.publish-on-central.gradle.plugin-9.1.4-dev0p-cf9610c.jar returned status 404
9.1.4-dev0q-37e5e98			IOException: Tail request on https://maven-central.storage-download.googleapis.com/maven2/org/danilopianini/publish-on-central/org.danilopianini.publish-on-central.gradle.plugin/9.1.4-dev0q-37e5e98/org.danilopianini.publish-on-central.gradle.plugin-9.1.4-dev0q-37e5e98.jar returned status 404
9.1.4-dev0q-a71be38			IOException: Tail request on https://maven-central.storage-download.googleapis.com/maven2/org/danilopianini/publish-on-central/org.danilopianini.publish-on-central.gradle.plugin/9.1.4-dev0q-a71be38/org.danilopianini.publish-on-central.gradle.plugin-9.1.4-dev0q-a71be38.jar returned status 404
9.1.4-dev0r-0a5b23f			IOException: Tail request on https://maven-central.storage-download.googleapis.com/maven2/org/danilopianini/publish-on-central/org.danilopianini.publish-on-central.gradle.plugin/9.1.4-dev0r-0a5b23f/org.danilopianini.publish-on-central.gradle.plugin-9.1.4-dev0r-0a5b23f.jar returned status 404
9.1.4-dev0r-b95b5a4			IOException: Tail request on https://maven-central.storage-download.googleapis.com/maven2/org/danilopianini/publish-on-central/org.danilopianini.publish-on-central.gradle.plugin/9.1.4-dev0r-b95b5a4/org.danilopianini.publish-on-central.gradle.plugin-9.1.4-dev0r-b95b5a4.jar returned status 404
9.1.4-dev0r-d16d5e4			IOException: Tail request on https://maven-central.storage-download.googleapis.com/maven2/org/danilopianini/publish-on-central/org.danilopianini.publish-on-central.gradle.plugin/9.1.4-dev0r-d16d5e4/org.danilopianini.publish-on-central.gradle.plugin-9.1.4-dev0r-d16d5e4.jar returned status 404
9.1.5			IOException: Tail request on https://maven-central.storage-download.googleapis.com/maven2/org/danilopianini/publish-on-central/org.danilopianini.publish-on-central.gradle.plugin/9.1.5/org.danilopianini.publish-on-central.gradle.plugin-9.1.5.jar returned status 404
9.1.5-dev01-0384e96			IOException: Tail request on https://maven-central.storage-download.googleapis.com/maven2/org/danilopianini/publish-on-central/org.danilopianini.publish-on-central.gradle.plugin/9.1.5-dev01-0384e96/org.danilopianini.publish-on-central.gradle.plugin-9.1.5-dev01-0384e96.jar returned status 404
9.1.5-dev01-17c9be6			IOException: Tail request on https://maven-central.storage-download.googleapis.com/maven2/org/danilopianini/publish-on-central/org.danilopianini.publish-on-central.gradle.plugin/9.1.5-dev01-17c9be6/org.danilopianini.publish-on-central.gradle.plugin-9.1.5-dev01-17c9be6.jar returned status 404
9.1.5-dev01-524cf88			IOException: Tail request on https://maven-central.storage-download.googleapis.com/maven2/org/danilopianini/publish-on-central/org.danilopianini.publish-on-central.gradle.plugin/9.1.5-dev01-524cf88/org.danilopianini.publish-on-central.gradle.plugin-9.1.5-dev01-524cf88.jar returned status 404
9.1.5-dev01-82a4cc6			IOException: Tail request on https://maven-central.storage-download.googleapis.com/maven2/org/danilopianini/publish-on-central/org.danilopianini.publish-on-central.gradle.plugin/9.1.5-dev01-82a4cc6/org.danilopianini.publish-on-central.gradle.plugin-9.1.5-dev01-82a4cc6.jar returned status 404
9.1.5-dev01-d619b6f			IOException: Tail request on https://maven-central.storage-download.googleapis.com/maven2/org/danilopianini/publish-on-central/org.danilopianini.publish-on-central.gradle.plugin/9.1.5-dev01-d619b6f/org.danilopianini.publish-on-central.gradle.plugin-9.1.5-dev01-d619b6f.jar returned status 404
9.1.5-dev01-de00612			IOException: Tail request on https://maven-central.storage-download.googleapis.com/maven2/org/danilopianini/publish-on-central/org.danilopianini.publish-on-central.gradle.plugin/9.1.5-dev01-de00612/org.danilopianini.publish-on-central.gradle.plugin-9.1.5-dev01-de00612.jar returned status 404
9.1.5-dev02-0b0d5fe			IOException: Tail request on https://maven-central.storage-download.googleapis.com/maven2/org/danilopianini/publish-on-central/org.danilopianini.publish-on-central.gradle.plugin/9.1.5-dev02-0b0d5fe/org.danilopianini.publish-on-central.gradle.plugin-9.1.5-dev02-0b0d5fe.jar returned status 404
9.1.5-dev02-1d2db94			IOException: Tail request on https://maven-central.storage-download.googleapis.com/maven2/org/danilopianini/publish-on-central/org.danilopianini.publish-on-central.gradle.plugin/9.1.5-dev02-1d2db94/org.danilopianini.publish-on-central.gradle.plugin-9.1.5-dev02-1d2db94.jar returned status 404
9.1.5-dev02-23c792e			IOException: Tail request on https://maven-central.storage-download.googleapis.com/maven2/org/danilopianini/publish-on-central/org.danilopianini.publish-on-central.gradle.plugin/9.1.5-dev02-23c792e/org.danilopianini.publish-on-central.gradle.plugin-9.1.5-dev02-23c792e.jar returned status 404
9.1.5-dev02-83d112e			IOException: Tail request on https://maven-central.storage-download.googleapis.com/maven2/org/danilopianini/publish-on-central/org.danilopianini.publish-on-central.gradle.plugin/9.1.5-dev02-83d112e/org.danilopianini.publish-on-central.gradle.plugin-9.1.5-dev02-83d112e.jar returned status 404
9.1.5-dev02-8d58575			IOException: Tail request on https://maven-central.storage-download.googleapis.com/maven2/org/danilopianini/publish-on-central/org.danilopianini.publish-on-central.gradle.plugin/9.1.5-dev02-8d58575/org.danilopianini.publish-on-central.gradle.plugin-9.1.5-dev02-8d58575.jar returned status 404
9.1.5-dev03-93fbc4c			IOException: Tail request on https://maven-central.storage-download.googleapis.com/maven2/org/danilopianini/publish-on-central/org.danilopianini.publish-on-central.gradle.plugin/9.1.5-dev03-93fbc4c/org.danilopianini.publish-on-central.gradle.plugin-9.1.5-dev03-93fbc4c.jar returned status 404
9.1.5-dev03-bc4b43a			IOException: Tail request on https://maven-central.storage-download.googleapis.com/maven2/org/danilopianini/publish-on-central/org.danilopianini.publish-on-central.gradle.plugin/9.1.5-dev03-bc4b43a/org.danilopianini.publish-on-central.gradle.plugin-9.1.5-dev03-bc4b43a.jar returned status 404
9.1.5-dev04-3919590			IOException: Tail request on https://maven-central.storage-download.googleapis.com/maven2/org/danilopianini/publish-on-central/org.danilopianini.publish-on-central.gradle.plugin/9.1.5-dev04-3919590/org.danilopianini.publish-on-central.gradle.plugin-9.1.5-dev04-3919590.jar returned status 404
9.1.5-dev04-b9050b6			IOException: Tail request on https://maven-central.storage-download.googleapis.com/maven2/org/danilopianini/publish-on-central/org.danilopianini.publish-on-central.gradle.plugin/9.1.5-dev04-b9050b6/org.danilopianini.publish-on-central.gradle.plugin-9.1.5-dev04-b9050b6.jar returned status 404
9.1.5-dev05-082b4f5			IOException: Tail request on https://maven-central.storage-download.googleapis.com/maven2/org/danilopianini/publish-on-central/org.danilopianini.publish-on-central.gradle.plugin/9.1.5-dev05-082b4f5/org.danilopianini.publish-on-central.gradle.plugin-9.1.5-dev05-082b4f5.jar returned status 404
9.1.5-dev05-f765cb0			IOException: Tail request on https://maven-central.storage-download.googleapis.com/maven2/org/danilopianini/publish-on-central/org.danilopianini.publish-on-central.gradle.plugin/9.1.5-dev05-f765cb0/org.danilopianini.publish-on-central.gradle.plugin-9.1.5-dev05-f765cb0.jar returned status 404
9.1.5-dev06-f3e508f			IOException: Tail request on https://maven-central.storage-download.googleapis.com/maven2/org/danilopianini/publish-on-central/org.danilopianini.publish-on-central.gradle.plugin/9.1.5-dev06-f3e508f/org.danilopianini.publish-on-central.gradle.plugin-9.1.5-dev06-f3e508f.jar returned status 404
9.1.5-dev06-fb5b2db			IOException: Tail request on https://maven-central.storage-download.googleapis.com/maven2/org/danilopianini/publish-on-central/org.danilopianini.publish-on-central.gradle.plugin/9.1.5-dev06-fb5b2db/org.danilopianini.publish-on-central.gradle.plugin-9.1.5-dev06-fb5b2db.jar returned status 404
9.1.5-dev07-4fd8f33			IOException: Tail request on https://maven-central.storage-download.googleapis.com/maven2/org/danilopianini/publish-on-central/org.danilopianini.publish-on-central.gradle.plugin/9.1.5-dev07-4fd8f33/org.danilopianini.publish-on-central.gradle.plugin-9.1.5-dev07-4fd8f33.jar returned status 404
9.1.5-dev07-88221c2			IOException: Tail request on https://maven-central.storage-download.googleapis.com/maven2/org/danilopianini/publish-on-central/org.danilopianini.publish-on-central.gradle.plugin/9.1.5-dev07-88221c2/org.danilopianini.publish-on-central.gradle.plugin-9.1.5-dev07-88221c2.jar returned status 404
9.1.5-dev08-603cfad			IOException: Tail request on https://maven-central.storage-download.googleapis.com/maven2/org/danilopianini/publish-on-central/org.danilopianini.publish-on-central.gradle.plugin/9.1.5-dev08-603cfad/org.danilopianini.publish-on-central.gradle.plugin-9.1.5-dev08-603cfad.jar returned status 404
9.1.5-dev08-80bf2e6			IOException: Tail request on https://maven-central.storage-download.googleapis.com/maven2/org/danilopianini/publish-on-central/org.danilopianini.publish-on-central.gradle.plugin/9.1.5-dev08-80bf2e6/org.danilopianini.publish-on-central.gradle.plugin-9.1.5-dev08-80bf2e6.jar returned status 404
9.1.5-dev09-e377e00			IOException: Tail request on https://maven-central.storage-download.googleapis.com/maven2/org/danilopianini/publish-on-central/org.danilopianini.publish-on-central.gradle.plugin/9.1.5-dev09-e377e00/org.danilopianini.publish-on-central.gradle.plugin-9.1.5-dev09-e377e00.jar returned status 404
9.1.5-dev09-fcd7ae6			IOException: Tail request on https://maven-central.storage-download.googleapis.com/maven2/org/danilopianini/publish-on-central/org.danilopianini.publish-on-central.gradle.plugin/9.1.5-dev09-fcd7ae6/org.danilopianini.publish-on-central.gradle.plugin-9.1.5-dev09-fcd7ae6.jar returned status 404
9.1.5-dev0a-62eae42			IOException: Tail request on https://maven-central.storage-download.googleapis.com/maven2/org/danilopianini/publish-on-central/org.danilopianini.publish-on-central.gradle.plugin/9.1.5-dev0a-62eae42/org.danilopianini.publish-on-central.gradle.plugin-9.1.5-dev0a-62eae42.jar returned status 404
9.1.5-dev0a-86e5347			IOException: Tail request on https://maven-central.storage-download.googleapis.com/maven2/org/danilopianini/publish-on-central/org.danilopianini.publish-on-central.gradle.plugin/9.1.5-dev0a-86e5347/org.danilopianini.publish-on-central.gradle.plugin-9.1.5-dev0a-86e5347.jar returned status 404
9.1.5-dev0b-5839c12			IOException: Tail request on https://maven-central.storage-download.googleapis.com/maven2/org/danilopianini/publish-on-central/org.danilopianini.publish-on-central.gradle.plugin/9.1.5-dev0b-5839c12/org.danilopianini.publish-on-central.gradle.plugin-9.1.5-dev0b-5839c12.jar returned status 404
9.1.5-dev0b-f643a2b			IOException: Tail request on https://maven-central.storage-download.googleapis.com/maven2/org/danilopianini/publish-on-central/org.danilopianini.publish-on-central.gradle.plugin/9.1.5-dev0b-f643a2b/org.danilopianini.publish-on-central.gradle.plugin-9.1.5-dev0b-f643a2b.jar returned status 404
9.1.5-dev0c-20e2233			IOException: Tail request on https://maven-central.storage-download.googleapis.com/maven2/org/danilopianini/publish-on-central/org.danilopianini.publish-on-central.gradle.plugin/9.1.5-dev0c-20e2233/org.danilopianini.publish-on-central.gradle.plugin-9.1.5-dev0c-20e2233.jar returned status 404
9.1.5-dev0c-708e143			IOException: Tail request on https://maven-central.storage-download.googleapis.com/maven2/org/danilopianini/publish-on-central/org.danilopianini.publish-on-central.gradle.plugin/9.1.5-dev0c-708e143/org.danilopianini.publish-on-central.gradle.plugin-9.1.5-dev0c-708e143.jar returned status 404
9.1.6			IOException: Tail request on https://maven-central.storage-download.googleapis.com/maven2/org/danilopianini/publish-on-central/org.danilopianini.publish-on-central.gradle.plugin/9.1.6/org.danilopianini.publish-on-central.gradle.plugin-9.1.6.jar returned status 404
9.1.6-dev01-c4f3b54			IOException: Tail request on https://maven-central.storage-download.googleapis.com/maven2/org/danilopianini/publish-on-central/org.danilopianini.publish-on-central.gradle.plugin/9.1.6-dev01-c4f3b54/org.danilopianini.publish-on-central.gradle.plugin-9.1.6-dev01-c4f3b54.jar returned status 404
9.1.6-dev01-d6f3aaa			IOException: Tail request on https://maven-central.storage-download.googleapis.com/maven2/org/danilopianini/publish-on-central/org.danilopianini.publish-on-central.gradle.plugin/9.1.6-dev01-d6f3aaa/org.danilopianini.publish-on-central.gradle.plugin-9.1.6-dev01-d6f3aaa.jar returned status 404
9.1.6-dev01-f5cb914			IOException: Tail request on https://maven-central.storage-download.googleapis.com/maven2/org/danilopianini/publish-on-central/org.danilopianini.publish-on-central.gradle.plugin/9.1.6-dev01-f5cb914/org.danilopianini.publish-on-central.gradle.plugin-9.1.6-dev01-f5cb914.jar returned status 404
9.1.6-dev02-8429926			IOException: Tail request on https://maven-central.storage-download.googleapis.com/maven2/org/danilopianini/publish-on-central/org.danilopianini.publish-on-central.gradle.plugin/9.1.6-dev02-8429926/org.danilopianini.publish-on-central.gradle.plugin-9.1.6-dev02-8429926.jar returned status 404
9.1.6-dev02-e42dcd8			IOException: Tail request on https://maven-central.storage-download.googleapis.com/maven2/org/danilopianini/publish-on-central/org.danilopianini.publish-on-central.gradle.plugin/9.1.6-dev02-e42dcd8/org.danilopianini.publish-on-central.gradle.plugin-9.1.6-dev02-e42dcd8.jar returned status 404
9.1.6-dev03-ac680f5			IOException: Tail request on https://maven-central.storage-download.googleapis.com/maven2/org/danilopianini/publish-on-central/org.danilopianini.publish-on-central.gradle.plugin/9.1.6-dev03-ac680f5/org.danilopianini.publish-on-central.gradle.plugin-9.1.6-dev03-ac680f5.jar returned status 404
9.1.6-dev03-bb3b717			IOException: Tail request on https://maven-central.storage-download.googleapis.com/maven2/org/danilopianini/publish-on-central/org.danilopianini.publish-on-central.gradle.plugin/9.1.6-dev03-bb3b717/org.danilopianini.publish-on-central.gradle.plugin-9.1.6-dev03-bb3b717.jar returned status 404
9.1.6-dev04-1908d5f			IOException: Tail request on https://maven-central.storage-download.googleapis.com/maven2/org/danilopianini/publish-on-central/org.danilopianini.publish-on-central.gradle.plugin/9.1.6-dev04-1908d5f/org.danilopianini.publish-on-central.gradle.plugin-9.1.6-dev04-1908d5f.jar returned status 404
9.1.6-dev04-d0652d2			IOException: Tail request on https://maven-central.storage-download.googleapis.com/maven2/org/danilopianini/publish-on-central/org.danilopianini.publish-on-central.gradle.plugin/9.1.6-dev04-d0652d2/org.danilopianini.publish-on-central.gradle.plugin-9.1.6-dev04-d0652d2.jar returned status 404
9.1.6-dev04-d8e8d5c			IOException: Tail request on https://maven-central.storage-download.googleapis.com/maven2/org/danilopianini/publish-on-central/org.danilopianini.publish-on-central.gradle.plugin/9.1.6-dev04-d8e8d5c/org.danilopianini.publish-on-central.gradle.plugin-9.1.6-dev04-d8e8d5c.jar returned status 404
9.1.6-dev05-40efaaa			IOException: Tail request on https://maven-central.storage-download.googleapis.com/maven2/org/danilopianini/publish-on-central/org.danilopianini.publish-on-central.gradle.plugin/9.1.6-dev05-40efaaa/org.danilopianini.publish-on-central.gradle.plugin-9.1.6-dev05-40efaaa.jar returned status 404
9.1.6-dev05-eb806d3			IOException: Tail request on https://maven-central.storage-download.googleapis.com/maven2/org/danilopianini/publish-on-central/org.danilopianini.publish-on-central.gradle.plugin/9.1.6-dev05-eb806d3/org.danilopianini.publish-on-central.gradle.plugin-9.1.6-dev05-eb806d3.jar returned status 404
9.1.6-dev06-3b6ec19			IOException: Tail request on https://maven-central.storage-download.googleapis.com/maven2/org/danilopianini/publish-on-central/org.danilopianini.publish-on-central.gradle.plugin/9.1.6-dev06-3b6ec19/org.danilopianini.publish-on-central.gradle.plugin-9.1.6-dev06-3b6ec19.jar returned status 404
9.1.6-dev06-81bf34c			IOException: Tail request on https://maven-central.storage-download.googleapis.com/maven2/org/danilopianini/publish-on-central/org.danilopianini.publish-on-central.gradle.plugin/9.1.6-dev06-81bf34c/org.danilopianini.publish-on-central.gradle.plugin-9.1.6-dev06-81bf34c.jar returned status 404
9.1.6-dev07-5a6b0e7			IOException: Tail request on https://maven-central.storage-download.googleapis.com/maven2/org/danilopianini/publish-on-central/org.danilopianini.publish-on-central.gradle.plugin/9.1.6-dev07-5a6b0e7/org.danilopianini.publish-on-central.gradle.plugin-9.1.6-dev07-5a6b0e7.jar returned status 404
9.1.6-dev07-b8a64f3			IOException: Tail request on https://maven-central.storage-download.googleapis.com/maven2/org/danilopianini/publish-on-central/org.danilopianini.publish-on-central.gradle.plugin/9.1.6-dev07-b8a64f3/org.danilopianini.publish-on-central.gradle.plugin-9.1.6-dev07-b8a64f3.jar returned status 404
9.1.6-dev08-0c6c70d			IOException: Tail request on https://maven-central.storage-download.googleapis.com/maven2/org/danilopianini/publish-on-central/org.danilopianini.publish-on-central.gradle.plugin/9.1.6-dev08-0c6c70d/org.danilopianini.publish-on-central.gradle.plugin-9.1.6-dev08-0c6c70d.jar returned status 404
9.1.6-dev08-3f46d7f			IOException: Tail request on https://maven-central.storage-download.googleapis.com/maven2/org/danilopianini/publish-on-central/org.danilopianini.publish-on-central.gradle.plugin/9.1.6-dev08-3f46d7f/org.danilopianini.publish-on-central.gradle.plugin-9.1.6-dev08-3f46d7f.jar returned status 404
9.1.6-dev09-5c438c0			IOException: Tail request on https://maven-central.storage-download.googleapis.com/maven2/org/danilopianini/publish-on-central/org.danilopianini.publish-on-central.gradle.plugin/9.1.6-dev09-5c438c0/org.danilopianini.publish-on-central.gradle.plugin-9.1.6-dev09-5c438c0.jar returned status 404
9.1.6-dev09-93729e3			IOException: Tail request on https://maven-central.storage-download.googleapis.com/maven2/org/danilopianini/publish-on-central/org.danilopianini.publish-on-central.gradle.plugin/9.1.6-dev09-93729e3/org.danilopianini.publish-on-central.gradle.plugin-9.1.6-dev09-93729e3.jar returned status 404
9.1.6-dev0a-4bd538b			IOException: Tail request on https://maven-central.storage-download.googleapis.com/maven2/org/danilopianini/publish-on-central/org.danilopianini.publish-on-central.gradle.plugin/9.1.6-dev0a-4bd538b/org.danilopianini.publish-on-central.gradle.plugin-9.1.6-dev0a-4bd538b.jar returned status 404
9.1.6-dev0a-d093e88			IOException: Tail request on https://maven-central.storage-download.googleapis.com/maven2/org/danilopianini/publish-on-central/org.danilopianini.publish-on-central.gradle.plugin/9.1.6-dev0a-d093e88/org.danilopianini.publish-on-central.gradle.plugin-9.1.6-dev0a-d093e88.jar returned status 404
9.1.6-dev0b-a63e033			IOException: Tail request on https://maven-central.storage-download.googleapis.com/maven2/org/danilopianini/publish-on-central/org.danilopianini.publish-on-central.gradle.plugin/9.1.6-dev0b-a63e033/org.danilopianini.publish-on-central.gradle.plugin-9.1.6-dev0b-a63e033.jar returned status 404
9.1.6-dev0b-c92f010			IOException: Tail request on https://maven-central.storage-download.googleapis.com/maven2/org/danilopianini/publish-on-central/org.danilopianini.publish-on-central.gradle.plugin/9.1.6-dev0b-c92f010/org.danilopianini.publish-on-central.gradle.plugin-9.1.6-dev0b-c92f010.jar returned status 404
9.1.6-dev0c-47ae6af			IOException: Tail request on https://maven-central.storage-download.googleapis.com/maven2/org/danilopianini/publish-on-central/org.danilopianini.publish-on-central.gradle.plugin/9.1.6-dev0c-47ae6af/org.danilopianini.publish-on-central.gradle.plugin-9.1.6-dev0c-47ae6af.jar returned status 404
9.1.6-dev0c-9091d58			IOException: Tail request on https://maven-central.storage-download.googleapis.com/maven2/org/danilopianini/publish-on-central/org.danilopianini.publish-on-central.gradle.plugin/9.1.6-dev0c-9091d58/org.danilopianini.publish-on-central.gradle.plugin-9.1.6-dev0c-9091d58.jar returned status 404
9.1.6-dev0d-0816a2b			IOException: Tail request on https://maven-central.storage-download.googleapis.com/maven2/org/danilopianini/publish-on-central/org.danilopianini.publish-on-central.gradle.plugin/9.1.6-dev0d-0816a2b/org.danilopianini.publish-on-central.gradle.plugin-9.1.6-dev0d-0816a2b.jar returned status 404
9.1.6-dev0d-36ae1d3			IOException: Tail request on https://maven-central.storage-download.googleapis.com/maven2/org/danilopianini/publish-on-central/org.danilopianini.publish-on-central.gradle.plugin/9.1.6-dev0d-36ae1d3/org.danilopianini.publish-on-central.gradle.plugin-9.1.6-dev0d-36ae1d3.jar returned status 404
9.1.6-dev0e-0f299a3			IOException: Tail request on https://maven-central.storage-download.googleapis.com/maven2/org/danilopianini/publish-on-central/org.danilopianini.publish-on-central.gradle.plugin/9.1.6-dev0e-0f299a3/org.danilopianini.publish-on-central.gradle.plugin-9.1.6-dev0e-0f299a3.jar returned status 404
9.1.6-dev0e-d87d2db			IOException: Tail request on https://maven-central.storage-download.googleapis.com/maven2/org/danilopianini/publish-on-central/org.danilopianini.publish-on-central.gradle.plugin/9.1.6-dev0e-d87d2db/org.danilopianini.publish-on-central.gradle.plugin-9.1.6-dev0e-d87d2db.jar returned status 404
9.1.6-dev0f-57eab08			IOException: Tail request on https://maven-central.storage-download.googleapis.com/maven2/org/danilopianini/publish-on-central/org.danilopianini.publish-on-central.gradle.plugin/9.1.6-dev0f-57eab08/org.danilopianini.publish-on-central.gradle.plugin-9.1.6-dev0f-57eab08.jar returned status 404
9.1.6-dev0f-bc3a050			IOException: Tail request on https://maven-central.storage-download.googleapis.com/maven2/org/danilopianini/publish-on-central/org.danilopianini.publish-on-central.gradle.plugin/9.1.6-dev0f-bc3a050/org.danilopianini.publish-on-central.gradle.plugin-9.1.6-dev0f-bc3a050.jar returned status 404
9.1.6-dev0g-4302909			IOException: Tail request on https://maven-central.storage-download.googleapis.com/maven2/org/danilopianini/publish-on-central/org.danilopianini.publish-on-central.gradle.plugin/9.1.6-dev0g-4302909/org.danilopianini.publish-on-central.gradle.plugin-9.1.6-dev0g-4302909.jar returned status 404
9.1.6-dev0g-e4673da			IOException: Tail request on https://maven-central.storage-download.googleapis.com/maven2/org/danilopianini/publish-on-central/org.danilopianini.publish-on-central.gradle.plugin/9.1.6-dev0g-e4673da/org.danilopianini.publish-on-central.gradle.plugin-9.1.6-dev0g-e4673da.jar returned status 404
9.1.6-dev0h-424a951			IOException: Tail request on https://maven-central.storage-download.googleapis.com/maven2/org/danilopianini/publish-on-central/org.danilopianini.publish-on-central.gradle.plugin/9.1.6-dev0h-424a951/org.danilopianini.publish-on-central.gradle.plugin-9.1.6-dev0h-424a951.jar returned status 404
9.1.6-dev0h-c1ca38c			IOException: Tail request on https://maven-central.storage-download.googleapis.com/maven2/org/danilopianini/publish-on-central/org.danilopianini.publish-on-central.gradle.plugin/9.1.6-dev0h-c1ca38c/org.danilopianini.publish-on-central.gradle.plugin-9.1.6-dev0h-c1ca38c.jar returned status 404
9.1.6-dev0i-3c3b82a			IOException: Tail request on https://maven-central.storage-download.googleapis.com/maven2/org/danilopianini/publish-on-central/org.danilopianini.publish-on-central.gradle.plugin/9.1.6-dev0i-3c3b82a/org.danilopianini.publish-on-central.gradle.plugin-9.1.6-dev0i-3c3b82a.jar returned status 404
9.1.6-dev0i-976de30			IOException: Tail request on https://maven-central.storage-download.googleapis.com/maven2/org/danilopianini/publish-on-central/org.danilopianini.publish-on-central.gradle.plugin/9.1.6-dev0i-976de30/org.danilopianini.publish-on-central.gradle.plugin-9.1.6-dev0i-976de30.jar returned status 404
9.1.6-dev0j-519b729			IOException: Tail request on https://maven-central.storage-download.googleapis.com/maven2/org/danilopianini/publish-on-central/org.danilopianini.publish-on-central.gradle.plugin/9.1.6-dev0j-519b729/org.danilopianini.publish-on-central.gradle.plugin-9.1.6-dev0j-519b729.jar returned status 404
9.1.6-dev0j-7a8dd97			IOException: Tail request on https://maven-central.storage-download.googleapis.com/maven2/org/danilopianini/publish-on-central/org.danilopianini.publish-on-central.gradle.plugin/9.1.6-dev0j-7a8dd97/org.danilopianini.publish-on-central.gradle.plugin-9.1.6-dev0j-7a8dd97.jar returned status 404
9.1.7			IOException: Tail request on https://maven-central.storage-download.googleapis.com/maven2/org/danilopianini/publish-on-central/org.danilopianini.publish-on-central.gradle.plugin/9.1.7/org.danilopianini.publish-on-central.gradle.plugin-9.1.7.jar returned status 404
9.1.7-dev01-4134abb			IOException: Tail request on https://maven-central.storage-download.googleapis.com/maven2/org/danilopianini/publish-on-central/org.danilopianini.publish-on-central.gradle.plugin/9.1.7-dev01-4134abb/org.danilopianini.publish-on-central.gradle.plugin-9.1.7-dev01-4134abb.jar returned status 404
9.1.7-dev01-5bf0a74			IOException: Tail request on https://maven-central.storage-download.googleapis.com/maven2/org/danilopianini/publish-on-central/org.danilopianini.publish-on-central.gradle.plugin/9.1.7-dev01-5bf0a74/org.danilopianini.publish-on-central.gradle.plugin-9.1.7-dev01-5bf0a74.jar returned status 404
9.1.7-dev01-6de7693			IOException: Tail request on https://maven-central.storage-download.googleapis.com/maven2/org/danilopianini/publish-on-central/org.danilopianini.publish-on-central.gradle.plugin/9.1.7-dev01-6de7693/org.danilopianini.publish-on-central.gradle.plugin-9.1.7-dev01-6de7693.jar returned status 404
9.1.7-dev01-d78a61e			IOException: Tail request on https://maven-central.storage-download.googleapis.com/maven2/org/danilopianini/publish-on-central/org.danilopianini.publish-on-central.gradle.plugin/9.1.7-dev01-d78a61e/org.danilopianini.publish-on-central.gradle.plugin-9.1.7-dev01-d78a61e.jar returned status 404
9.1.7-dev02-54c2d49			IOException: Tail request on https://maven-central.storage-download.googleapis.com/maven2/org/danilopianini/publish-on-central/org.danilopianini.publish-on-central.gradle.plugin/9.1.7-dev02-54c2d49/org.danilopianini.publish-on-central.gradle.plugin-9.1.7-dev02-54c2d49.jar returned status 404
9.1.7-dev02-996d0a0			IOException: Tail request on https://maven-central.storage-download.googleapis.com/maven2/org/danilopianini/publish-on-central/org.danilopianini.publish-on-central.gradle.plugin/9.1.7-dev02-996d0a0/org.danilopianini.publish-on-central.gradle.plugin-9.1.7-dev02-996d0a0.jar returned status 404
9.1.7-dev03-6fa6e79			IOException: Tail request on https://maven-central.storage-download.googleapis.com/maven2/org/danilopianini/publish-on-central/org.danilopianini.publish-on-central.gradle.plugin/9.1.7-dev03-6fa6e79/org.danilopianini.publish-on-central.gradle.plugin-9.1.7-dev03-6fa6e79.jar returned status 404
9.1.7-dev03-a9f88d2			IOException: Tail request on https://maven-central.storage-download.googleapis.com/maven2/org/danilopianini/publish-on-central/org.danilopianini.publish-on-central.gradle.plugin/9.1.7-dev03-a9f88d2/org.danilopianini.publish-on-central.gradle.plugin-9.1.7-dev03-a9f88d2.jar returned status 404
9.1.7-dev03-efa39ef			IOException: Tail request on https://maven-central.storage-download.googleapis.com/maven2/org/danilopianini/publish-on-central/org.danilopianini.publish-on-central.gradle.plugin/9.1.7-dev03-efa39ef/org.danilopianini.publish-on-central.gradle.plugin-9.1.7-dev03-efa39ef.jar returned status 404
9.1.7-dev04-280f12b			IOException: Tail request on https://maven-central.storage-download.googleapis.com/maven2/org/danilopianini/publish-on-central/org.danilopianini.publish-on-central.gradle.plugin/9.1.7-dev04-280f12b/org.danilopianini.publish-on-central.gradle.plugin-9.1.7-dev04-280f12b.jar returned status 404
9.1.7-dev04-914a44d			IOException: Tail request on https://maven-central.storage-download.googleapis.com/maven2/org/danilopianini/publish-on-central/org.danilopianini.publish-on-central.gradle.plugin/9.1.7-dev04-914a44d/org.danilopianini.publish-on-central.gradle.plugin-9.1.7-dev04-914a44d.jar returned status 404
9.1.7-dev05-511604c			IOException: Tail request on https://maven-central.storage-download.googleapis.com/maven2/org/danilopianini/publish-on-central/org.danilopianini.publish-on-central.gradle.plugin/9.1.7-dev05-511604c/org.danilopianini.publish-on-central.gradle.plugin-9.1.7-dev05-511604c.jar returned status 404
9.1.7-dev05-a7471ce			IOException: Tail request on https://maven-central.storage-download.googleapis.com/maven2/org/danilopianini/publish-on-central/org.danilopianini.publish-on-central.gradle.plugin/9.1.7-dev05-a7471ce/org.danilopianini.publish-on-central.gradle.plugin-9.1.7-dev05-a7471ce.jar returned status 404
9.1.7-dev06-29717d6			IOException: Tail request on https://maven-central.storage-download.googleapis.com/maven2/org/danilopianini/publish-on-central/org.danilopianini.publish-on-central.gradle.plugin/9.1.7-dev06-29717d6/org.danilopianini.publish-on-central.gradle.plugin-9.1.7-dev06-29717d6.jar returned status 404
9.1.7-dev06-4123023			IOException: Tail request on https://maven-central.storage-download.googleapis.com/maven2/org/danilopianini/publish-on-central/org.danilopianini.publish-on-central.gradle.plugin/9.1.7-dev06-4123023/org.danilopianini.publish-on-central.gradle.plugin-9.1.7-dev06-4123023.jar returned status 404
9.1.7-dev07-3ea1d69			IOException: Tail request on https://maven-central.storage-download.googleapis.com/maven2/org/danilopianini/publish-on-central/org.danilopianini.publish-on-central.gradle.plugin/9.1.7-dev07-3ea1d69/org.danilopianini.publish-on-central.gradle.plugin-9.1.7-dev07-3ea1d69.jar returned status 404
9.1.7-dev07-a74f56e			IOException: Tail request on https://maven-central.storage-download.googleapis.com/maven2/org/danilopianini/publish-on-central/org.danilopianini.publish-on-central.gradle.plugin/9.1.7-dev07-a74f56e/org.danilopianini.publish-on-central.gradle.plugin-9.1.7-dev07-a74f56e.jar returned status 404
9.1.7-dev08-3fb9433			IOException: Tail request on https://maven-central.storage-download.googleapis.com/maven2/org/danilopianini/publish-on-central/org.danilopianini.publish-on-central.gradle.plugin/9.1.7-dev08-3fb9433/org.danilopianini.publish-on-central.gradle.plugin-9.1.7-dev08-3fb9433.jar returned status 404
9.1.7-dev08-7c30726			IOException: Tail request on https://maven-central.storage-download.googleapis.com/maven2/org/danilopianini/publish-on-central/org.danilopianini.publish-on-central.gradle.plugin/9.1.7-dev08-7c30726/org.danilopianini.publish-on-central.gradle.plugin-9.1.7-dev08-7c30726.jar returned status 404
9.1.7-dev08-7fd08c5			IOException: Tail request on https://maven-central.storage-download.googleapis.com/maven2/org/danilopianini/publish-on-central/org.danilopianini.publish-on-central.gradle.plugin/9.1.7-dev08-7fd08c5/org.danilopianini.publish-on-central.gradle.plugin-9.1.7-dev08-7fd08c5.jar returned status 404
9.1.7-dev09-2dde8f1			IOException: Tail request on https://maven-central.storage-download.googleapis.com/maven2/org/danilopianini/publish-on-central/org.danilopianini.publish-on-central.gradle.plugin/9.1.7-dev09-2dde8f1/org.danilopianini.publish-on-central.gradle.plugin-9.1.7-dev09-2dde8f1.jar returned status 404
9.1.7-dev09-c0aa87b			IOException: Tail request on https://maven-central.storage-download.googleapis.com/maven2/org/danilopianini/publish-on-central/org.danilopianini.publish-on-central.gradle.plugin/9.1.7-dev09-c0aa87b/org.danilopianini.publish-on-central.gradle.plugin-9.1.7-dev09-c0aa87b.jar returned status 404
9.1.8			IOException: Tail request on https://maven-central.storage-download.googleapis.com/maven2/org/danilopianini/publish-on-central/org.danilopianini.publish-on-central.gradle.plugin/9.1.8/org.danilopianini.publish-on-central.gradle.plugin-9.1.8.jar returned status 404
9.1.8-dev01-3362cec			IOException: Tail request on https://maven-central.storage-download.googleapis.com/maven2/org/danilopianini/publish-on-central/org.danilopianini.publish-on-central.gradle.plugin/9.1.8-dev01-3362cec/org.danilopianini.publish-on-central.gradle.plugin-9.1.8-dev01-3362cec.jar returned status 404
9.1.8-dev01-409484b			IOException: Tail request on https://maven-central.storage-download.googleapis.com/maven2/org/danilopianini/publish-on-central/org.danilopianini.publish-on-central.gradle.plugin/9.1.8-dev01-409484b/org.danilopianini.publish-on-central.gradle.plugin-9.1.8-dev01-409484b.jar returned status 404
9.1.8-dev01-b7a6ee9			IOException: Tail request on https://maven-central.storage-download.googleapis.com/maven2/org/danilopianini/publish-on-central/org.danilopianini.publish-on-central.gradle.plugin/9.1.8-dev01-b7a6ee9/org.danilopianini.publish-on-central.gradle.plugin-9.1.8-dev01-b7a6ee9.jar returned status 404
9.1.8-dev01-f342634			IOException: Tail request on https://maven-central.storage-download.googleapis.com/maven2/org/danilopianini/publish-on-central/org.danilopianini.publish-on-central.gradle.plugin/9.1.8-dev01-f342634/org.danilopianini.publish-on-central.gradle.plugin-9.1.8-dev01-f342634.jar returned status 404
9.1.8-dev02-2bb1da1			IOException: Tail request on https://maven-central.storage-download.googleapis.com/maven2/org/danilopianini/publish-on-central/org.danilopianini.publish-on-central.gradle.plugin/9.1.8-dev02-2bb1da1/org.danilopianini.publish-on-central.gradle.plugin-9.1.8-dev02-2bb1da1.jar returned status 404
9.1.8-dev02-e6cde5f			IOException: Tail request on https://maven-central.storage-download.googleapis.com/maven2/org/danilopianini/publish-on-central/org.danilopianini.publish-on-central.gradle.plugin/9.1.8-dev02-e6cde5f/org.danilopianini.publish-on-central.gradle.plugin-9.1.8-dev02-e6cde5f.jar returned status 404
9.1.8-dev02-fafd55d			IOException: Tail request on https://maven-central.storage-download.googleapis.com/maven2/org/danilopianini/publish-on-central/org.danilopianini.publish-on-central.gradle.plugin/9.1.8-dev02-fafd55d/org.danilopianini.publish-on-central.gradle.plugin-9.1.8-dev02-fafd55d.jar returned status 404
9.1.8-dev03-77ef945			IOException: Tail request on https://maven-central.storage-download.googleapis.com/maven2/org/danilopianini/publish-on-central/org.danilopianini.publish-on-central.gradle.plugin/9.1.8-dev03-77ef945/org.danilopianini.publish-on-central.gradle.plugin-9.1.8-dev03-77ef945.jar returned status 404
9.1.8-dev03-87924a1			IOException: Tail request on https://maven-central.storage-download.googleapis.com/maven2/org/danilopianini/publish-on-central/org.danilopianini.publish-on-central.gradle.plugin/9.1.8-dev03-87924a1/org.danilopianini.publish-on-central.gradle.plugin-9.1.8-dev03-87924a1.jar returned status 404
9.1.8-dev04-c01dba1			IOException: Tail request on https://maven-central.storage-download.googleapis.com/maven2/org/danilopianini/publish-on-central/org.danilopianini.publish-on-central.gradle.plugin/9.1.8-dev04-c01dba1/org.danilopianini.publish-on-central.gradle.plugin-9.1.8-dev04-c01dba1.jar returned status 404
9.1.8-dev04-db7f62e			IOException: Tail request on https://maven-central.storage-download.googleapis.com/maven2/org/danilopianini/publish-on-central/org.danilopianini.publish-on-central.gradle.plugin/9.1.8-dev04-db7f62e/org.danilopianini.publish-on-central.gradle.plugin-9.1.8-dev04-db7f62e.jar returned status 404
9.1.8-dev05-4e07bbb			IOException: Tail request on https://maven-central.storage-download.googleapis.com/maven2/org/danilopianini/publish-on-central/org.danilopianini.publish-on-central.gradle.plugin/9.1.8-dev05-4e07bbb/org.danilopianini.publish-on-central.gradle.plugin-9.1.8-dev05-4e07bbb.jar returned status 404
9.1.8-dev05-91a22e8			IOException: Tail request on https://maven-central.storage-download.googleapis.com/maven2/org/danilopianini/publish-on-central/org.danilopianini.publish-on-central.gradle.plugin/9.1.8-dev05-91a22e8/org.danilopianini.publish-on-central.gradle.plugin-9.1.8-dev05-91a22e8.jar returned status 404
9.1.8-dev06-9791abd			IOException: Tail request on https://maven-central.storage-download.googleapis.com/maven2/org/danilopianini/publish-on-central/org.danilopianini.publish-on-central.gradle.plugin/9.1.8-dev06-9791abd/org.danilopianini.publish-on-central.gradle.plugin-9.1.8-dev06-9791abd.jar returned status 404
9.1.8-dev06-f76bfbb			IOException: Tail request on https://maven-central.storage-download.googleapis.com/maven2/org/danilopianini/publish-on-central/org.danilopianini.publish-on-central.gradle.plugin/9.1.8-dev06-f76bfbb/org.danilopianini.publish-on-central.gradle.plugin-9.1.8-dev06-f76bfbb.jar returned status 404
9.1.8-dev07-80c62ab			IOException: Tail request on https://maven-central.storage-download.googleapis.com/maven2/org/danilopianini/publish-on-central/org.danilopianini.publish-on-central.gradle.plugin/9.1.8-dev07-80c62ab/org.danilopianini.publish-on-central.gradle.plugin-9.1.8-dev07-80c62ab.jar returned status 404
9.1.8-dev07-e9e86f1			IOException: Tail request on https://maven-central.storage-download.googleapis.com/maven2/org/danilopianini/publish-on-central/org.danilopianini.publish-on-central.gradle.plugin/9.1.8-dev07-e9e86f1/org.danilopianini.publish-on-central.gradle.plugin-9.1.8-dev07-e9e86f1.jar returned status 404
9.1.8-dev08-7671a6a			IOException: Tail request on https://maven-central.storage-download.googleapis.com/maven2/org/danilopianini/publish-on-central/org.danilopianini.publish-on-central.gradle.plugin/9.1.8-dev08-7671a6a/org.danilopianini.publish-on-central.gradle.plugin-9.1.8-dev08-7671a6a.jar returned status 404
9.1.8-dev08-9f949df			IOException: Tail request on https://maven-central.storage-download.googleapis.com/maven2/org/danilopianini/publish-on-central/org.danilopianini.publish-on-central.gradle.plugin/9.1.8-dev08-9f949df/org.danilopianini.publish-on-central.gradle.plugin-9.1.8-dev08-9f949df.jar returned status 404
9.1.8-dev09-74b481a			IOException: Tail request on https://maven-central.storage-download.googleapis.com/maven2/org/danilopianini/publish-on-central/org.danilopianini.publish-on-central.gradle.plugin/9.1.8-dev09-74b481a/org.danilopianini.publish-on-central.gradle.plugin-9.1.8-dev09-74b481a.jar returned status 404
9.1.8-dev09-fd8c02a			IOException: Tail request on https://maven-central.storage-download.googleapis.com/maven2/org/danilopianini/publish-on-central/org.danilopianini.publish-on-central.gradle.plugin/9.1.8-dev09-fd8c02a/org.danilopianini.publish-on-central.gradle.plugin-9.1.8-dev09-fd8c02a.jar returned status 404
9.1.8-dev0a-2849764			IOException: Tail request on https://maven-central.storage-download.googleapis.com/maven2/org/danilopianini/publish-on-central/org.danilopianini.publish-on-central.gradle.plugin/9.1.8-dev0a-2849764/org.danilopianini.publish-on-central.gradle.plugin-9.1.8-dev0a-2849764.jar returned status 404
9.1.8-dev0a-43627b7			IOException: Tail request on https://maven-central.storage-download.googleapis.com/maven2/org/danilopianini/publish-on-central/org.danilopianini.publish-on-central.gradle.plugin/9.1.8-dev0a-43627b7/org.danilopianini.publish-on-central.gradle.plugin-9.1.8-dev0a-43627b7.jar returned status 404
9.1.8-dev0b-0417384			IOException: Tail request on https://maven-central.storage-download.googleapis.com/maven2/org/danilopianini/publish-on-central/org.danilopianini.publish-on-central.gradle.plugin/9.1.8-dev0b-0417384/org.danilopianini.publish-on-central.gradle.plugin-9.1.8-dev0b-0417384.jar returned status 404
9.1.8-dev0b-0c0fc58			IOException: Tail request on https://maven-central.storage-download.googleapis.com/maven2/org/danilopianini/publish-on-central/org.danilopianini.publish-on-central.gradle.plugin/9.1.8-dev0b-0c0fc58/org.danilopianini.publish-on-central.gradle.plugin-9.1.8-dev0b-0c0fc58.jar returned status 404
9.1.8-dev0b-129d757			IOException: Tail request on https://maven-central.storage-download.googleapis.com/maven2/org/danilopianini/publish-on-central/org.danilopianini.publish-on-central.gradle.plugin/9.1.8-dev0b-129d757/org.danilopianini.publish-on-central.gradle.plugin-9.1.8-dev0b-129d757.jar returned status 404
9.1.8-dev0c-b729150			IOException: Tail request on https://maven-central.storage-download.googleapis.com/maven2/org/danilopianini/publish-on-central/org.danilopianini.publish-on-central.gradle.plugin/9.1.8-dev0c-b729150/org.danilopianini.publish-on-central.gradle.plugin-9.1.8-dev0c-b729150.jar returned status 404
9.1.8-dev0c-e2b9ca6			IOException: Tail request on https://maven-central.storage-download.googleapis.com/maven2/org/danilopianini/publish-on-central/org.danilopianini.publish-on-central.gradle.plugin/9.1.8-dev0c-e2b9ca6/org.danilopianini.publish-on-central.gradle.plugin-9.1.8-dev0c-e2b9ca6.jar returned status 404
9.1.8-dev0d-66115b4			IOException: Tail request on https://maven-central.storage-download.googleapis.com/maven2/org/danilopianini/publish-on-central/org.danilopianini.publish-on-central.gradle.plugin/9.1.8-dev0d-66115b4/org.danilopianini.publish-on-central.gradle.plugin-9.1.8-dev0d-66115b4.jar returned status 404
9.1.8-dev0d-6a3dc52			IOException: Tail request on https://maven-central.storage-download.googleapis.com/maven2/org/danilopianini/publish-on-central/org.danilopianini.publish-on-central.gradle.plugin/9.1.8-dev0d-6a3dc52/org.danilopianini.publish-on-central.gradle.plugin-9.1.8-dev0d-6a3dc52.jar returned status 404
9.1.8-dev0e-bb85c84			IOException: Tail request on https://maven-central.storage-download.googleapis.com/maven2/org/danilopianini/publish-on-central/org.danilopianini.publish-on-central.gradle.plugin/9.1.8-dev0e-bb85c84/org.danilopianini.publish-on-central.gradle.plugin-9.1.8-dev0e-bb85c84.jar returned status 404
9.1.9			IOException: Tail request on https://maven-central.storage-download.googleapis.com/maven2/org/danilopianini/publish-on-central/org.danilopianini.publish-on-central.gradle.plugin/9.1.9/org.danilopianini.publish-on-central.gradle.plugin-9.1.9.jar returned status 404
9.1.9-dev01-ad9bade			IOException: Tail request on https://maven-central.storage-download.googleapis.com/maven2/org/danilopianini/publish-on-central/org.danilopianini.publish-on-central.gradle.plugin/9.1.9-dev01-ad9bade/org.danilopianini.publish-on-central.gradle.plugin-9.1.9-dev01-ad9bade.jar returned status 404
9.1.9-dev01-cadd0ce			IOException: Tail request on https://maven-central.storage-download.googleapis.com/maven2/org/danilopianini/publish-on-central/org.danilopianini.publish-on-central.gradle.plugin/9.1.9-dev01-cadd0ce/org.danilopianini.publish-on-central.gradle.plugin-9.1.9-dev01-cadd0ce.jar returned status 404
9.1.9-dev01-cc05695			IOException: Tail request on https://maven-central.storage-download.googleapis.com/maven2/org/danilopianini/publish-on-central/org.danilopianini.publish-on-central.gradle.plugin/9.1.9-dev01-cc05695/org.danilopianini.publish-on-central.gradle.plugin-9.1.9-dev01-cc05695.jar returned status 404
9.1.9-dev02-02e4a52			IOException: Tail request on https://maven-central.storage-download.googleapis.com/maven2/org/danilopianini/publish-on-central/org.danilopianini.publish-on-central.gradle.plugin/9.1.9-dev02-02e4a52/org.danilopianini.publish-on-central.gradle.plugin-9.1.9-dev02-02e4a52.jar returned status 404
9.1.9-dev02-9ec79c6			IOException: Tail request on https://maven-central.storage-download.googleapis.com/maven2/org/danilopianini/publish-on-central/org.danilopianini.publish-on-central.gradle.plugin/9.1.9-dev02-9ec79c6/org.danilopianini.publish-on-central.gradle.plugin-9.1.9-dev02-9ec79c6.jar returned status 404
9.1.9-dev03-3ed2dc2			IOException: Tail request on https://maven-central.storage-download.googleapis.com/maven2/org/danilopianini/publish-on-central/org.danilopianini.publish-on-central.gradle.plugin/9.1.9-dev03-3ed2dc2/org.danilopianini.publish-on-central.gradle.plugin-9.1.9-dev03-3ed2dc2.jar returned status 404
9.1.9-dev03-7c4b6f6			IOException: Tail request on https://maven-central.storage-download.googleapis.com/maven2/org/danilopianini/publish-on-central/org.danilopianini.publish-on-central.gradle.plugin/9.1.9-dev03-7c4b6f6/org.danilopianini.publish-on-central.gradle.plugin-9.1.9-dev03-7c4b6f6.jar returned status 404
9.1.9-dev03-b94aed4			IOException: Tail request on https://maven-central.storage-download.googleapis.com/maven2/org/danilopianini/publish-on-central/org.danilopianini.publish-on-central.gradle.plugin/9.1.9-dev03-b94aed4/org.danilopianini.publish-on-central.gradle.plugin-9.1.9-dev03-b94aed4.jar returned status 404
9.1.9-dev03-fbc4463			IOException: Tail request on https://maven-central.storage-download.googleapis.com/maven2/org/danilopianini/publish-on-central/org.danilopianini.publish-on-central.gradle.plugin/9.1.9-dev03-fbc4463/org.danilopianini.publish-on-central.gradle.plugin-9.1.9-dev03-fbc4463.jar returned status 404
9.1.9-dev04-309fa8c			IOException: Tail request on https://maven-central.storage-download.googleapis.com/maven2/org/danilopianini/publish-on-central/org.danilopianini.publish-on-central.gradle.plugin/9.1.9-dev04-309fa8c/org.danilopianini.publish-on-central.gradle.plugin-9.1.9-dev04-309fa8c.jar returned status 404
9.1.9-dev04-770a7e8			IOException: Tail request on https://maven-central.storage-download.googleapis.com/maven2/org/danilopianini/publish-on-central/org.danilopianini.publish-on-central.gradle.plugin/9.1.9-dev04-770a7e8/org.danilopianini.publish-on-central.gradle.plugin-9.1.9-dev04-770a7e8.jar returned status 404
9.1.9-dev04-dfd4a6f			IOException: Tail request on https://maven-central.storage-download.googleapis.com/maven2/org/danilopianini/publish-on-central/org.danilopianini.publish-on-central.gradle.plugin/9.1.9-dev04-dfd4a6f/org.danilopianini.publish-on-central.gradle.plugin-9.1.9-dev04-dfd4a6f.jar returned status 404
9.1.9-dev05-52f5208			IOException: Tail request on https://maven-central.storage-download.googleapis.com/maven2/org/danilopianini/publish-on-central/org.danilopianini.publish-on-central.gradle.plugin/9.1.9-dev05-52f5208/org.danilopianini.publish-on-central.gradle.plugin-9.1.9-dev05-52f5208.jar returned status 404
9.1.9-dev05-f5e4555			IOException: Tail request on https://maven-central.storage-download.googleapis.com/maven2/org/danilopianini/publish-on-central/org.danilopianini.publish-on-central.gradle.plugin/9.1.9-dev05-f5e4555/org.danilopianini.publish-on-central.gradle.plugin-9.1.9-dev05-f5e4555.jar returned status 404
9.1.9-dev06-37aaa60			IOException: Tail request on https://maven-central.storage-download.googleapis.com/maven2/org/danilopianini/publish-on-central/org.danilopianini.publish-on-central.gradle.plugin/9.1.9-dev06-37aaa60/org.danilopianini.publish-on-central.gradle.plugin-9.1.9-dev06-37aaa60.jar returned status 404
9.1.9-dev06-b34c41e			IOException: Tail request on https://maven-central.storage-download.googleapis.com/maven2/org/danilopianini/publish-on-central/org.danilopianini.publish-on-central.gradle.plugin/9.1.9-dev06-b34c41e/org.danilopianini.publish-on-central.gradle.plugin-9.1.9-dev06-b34c41e.jar returned status 404
9.1.9-dev06-c6b3e02			IOException: Tail request on https://maven-central.storage-download.googleapis.com/maven2/org/danilopianini/publish-on-central/org.danilopianini.publish-on-central.gradle.plugin/9.1.9-dev06-c6b3e02/org.danilopianini.publish-on-central.gradle.plugin-9.1.9-dev06-c6b3e02.jar returned status 404
9.1.9-dev07-be10e17			IOException: Tail request on https://maven-central.storage-download.googleapis.com/maven2/org/danilopianini/publish-on-central/org.danilopianini.publish-on-central.gradle.plugin/9.1.9-dev07-be10e17/org.danilopianini.publish-on-central.gradle.plugin-9.1.9-dev07-be10e17.jar returned status 404
9.1.9-dev07-c307ad6			IOException: Tail request on https://maven-central.storage-download.googleapis.com/maven2/org/danilopianini/publish-on-central/org.danilopianini.publish-on-central.gradle.plugin/9.1.9-dev07-c307ad6/org.danilopianini.publish-on-central.gradle.plugin-9.1.9-dev07-c307ad6.jar returned status 404
9.1.9-dev08-87e8f8e			IOException: Tail request on https://maven-central.storage-download.googleapis.com/maven2/org/danilopianini/publish-on-central/org.danilopianini.publish-on-central.gradle.plugin/9.1.9-dev08-87e8f8e/org.danilopianini.publish-on-central.gradle.plugin-9.1.9-dev08-87e8f8e.jar returned status 404
9.1.9-dev08-8f848ea			IOException: Tail request on https://maven-central.storage-download.googleapis.com/maven2/org/danilopianini/publish-on-central/org.danilopianini.publish-on-central.gradle.plugin/9.1.9-dev08-8f848ea/org.danilopianini.publish-on-central.gradle.plugin-9.1.9-dev08-8f848ea.jar returned status 404
9.1.9-dev08-bca2c27			IOException: Tail request on https://maven-central.storage-download.googleapis.com/maven2/org/danilopianini/publish-on-central/org.danilopianini.publish-on-central.gradle.plugin/9.1.9-dev08-bca2c27/org.danilopianini.publish-on-central.gradle.plugin-9.1.9-dev08-bca2c27.jar returned status 404
9.1.9-dev09-12c09e7			IOException: Tail request on https://maven-central.storage-download.googleapis.com/maven2/org/danilopianini/publish-on-central/org.danilopianini.publish-on-central.gradle.plugin/9.1.9-dev09-12c09e7/org.danilopianini.publish-on-central.gradle.plugin-9.1.9-dev09-12c09e7.jar returned status 404
9.1.9-dev09-aee43da			IOException: Tail request on https://maven-central.storage-download.googleapis.com/maven2/org/danilopianini/publish-on-central/org.danilopianini.publish-on-central.gradle.plugin/9.1.9-dev09-aee43da/org.danilopianini.publish-on-central.gradle.plugin-9.1.9-dev09-aee43da.jar returned status 404
9.1.9-dev0a-2061024			IOException: Tail request on https://maven-central.storage-download.googleapis.com/maven2/org/danilopianini/publish-on-central/org.danilopianini.publish-on-central.gradle.plugin/9.1.9-dev0a-2061024/org.danilopianini.publish-on-central.gradle.plugin-9.1.9-dev0a-2061024.jar returned status 404
9.1.9-dev0a-aac1aee			IOException: Tail request on https://maven-central.storage-download.googleapis.com/maven2/org/danilopianini/publish-on-central/org.danilopianini.publish-on-central.gradle.plugin/9.1.9-dev0a-aac1aee/org.danilopianini.publish-on-central.gradle.plugin-9.1.9-dev0a-aac1aee.jar returned status 404
9.1.9-dev0b-68aa3b8			IOException: Tail request on https://maven-central.storage-download.googleapis.com/maven2/org/danilopianini/publish-on-central/org.danilopianini.publish-on-central.gradle.plugin/9.1.9-dev0b-68aa3b8/org.danilopianini.publish-on-central.gradle.plugin-9.1.9-dev0b-68aa3b8.jar returned status 404
9.1.9-dev0b-9d8fc8a			IOException: Tail request on https://maven-central.storage-download.googleapis.com/maven2/org/danilopianini/publish-on-central/org.danilopianini.publish-on-central.gradle.plugin/9.1.9-dev0b-9d8fc8a/org.danilopianini.publish-on-central.gradle.plugin-9.1.9-dev0b-9d8fc8a.jar returned status 404
9.1.9-dev0c-5cc8b08			IOException: Tail request on https://maven-central.storage-download.googleapis.com/maven2/org/danilopianini/publish-on-central/org.danilopianini.publish-on-central.gradle.plugin/9.1.9-dev0c-5cc8b08/org.danilopianini.publish-on-central.gradle.plugin-9.1.9-dev0c-5cc8b08.jar returned status 404
9.1.9-dev0c-f5adaaa			IOException: Tail request on https://maven-central.storage-download.googleapis.com/maven2/org/danilopianini/publish-on-central/org.danilopianini.publish-on-central.gradle.plugin/9.1.9-dev0c-f5adaaa/org.danilopianini.publish-on-central.gradle.plugin-9.1.9-dev0c-f5adaaa.jar returned status 404
9.1.9-dev0d-6baae9a			IOException: Tail request on https://maven-central.storage-download.googleapis.com/maven2/org/danilopianini/publish-on-central/org.danilopianini.publish-on-central.gradle.plugin/9.1.9-dev0d-6baae9a/org.danilopianini.publish-on-central.gradle.plugin-9.1.9-dev0d-6baae9a.jar returned status 404
9.1.9-dev0d-b8357e1			IOException: Tail request on https://maven-central.storage-download.googleapis.com/maven2/org/danilopianini/publish-on-central/org.danilopianini.publish-on-central.gradle.plugin/9.1.9-dev0d-b8357e1/org.danilopianini.publish-on-central.gradle.plugin-9.1.9-dev0d-b8357e1.jar returned status 404
9.1.9-dev0d-c712b67			IOException: Tail request on https://maven-central.storage-download.googleapis.com/maven2/org/danilopianini/publish-on-central/org.danilopianini.publish-on-central.gradle.plugin/9.1.9-dev0d-c712b67/org.danilopianini.publish-on-central.gradle.plugin-9.1.9-dev0d-c712b67.jar returned status 404
9.1.9-dev0e-3a51086			IOException: Tail request on https://maven-central.storage-download.googleapis.com/maven2/org/danilopianini/publish-on-central/org.danilopianini.publish-on-central.gradle.plugin/9.1.9-dev0e-3a51086/org.danilopianini.publish-on-central.gradle.plugin-9.1.9-dev0e-3a51086.jar returned status 404
9.1.9-dev0e-5586442			IOException: Tail request on https://maven-central.storage-download.googleapis.com/maven2/org/danilopianini/publish-on-central/org.danilopianini.publish-on-central.gradle.plugin/9.1.9-dev0e-5586442/org.danilopianini.publish-on-central.gradle.plugin-9.1.9-dev0e-5586442.jar returned status 404
9.1.9-dev0f-ac2a8f4			IOException: Tail request on https://maven-central.storage-download.googleapis.com/maven2/org/danilopianini/publish-on-central/org.danilopianini.publish-on-central.gradle.plugin/9.1.9-dev0f-ac2a8f4/org.danilopianini.publish-on-central.gradle.plugin-9.1.9-dev0f-ac2a8f4.jar returned status 404
9.1.9-dev0g-6a1314e			IOException: Tail request on https://maven-central.storage-download.googleapis.com/maven2/org/danilopianini/publish-on-central/org.danilopianini.publish-on-central.gradle.plugin/9.1.9-dev0g-6a1314e/org.danilopianini.publish-on-central.gradle.plugin-9.1.9-dev0g-6a1314e.jar returned status 404
9.1.9-dev0g-f728633			IOException: Tail request on https://maven-central.storage-download.googleapis.com/maven2/org/danilopianini/publish-on-central/org.danilopianini.publish-on-central.gradle.plugin/9.1.9-dev0g-f728633/org.danilopianini.publish-on-central.gradle.plugin-9.1.9-dev0g-f728633.jar returned status 404
9.1.9-dev0g-f73216a			IOException: Tail request on https://maven-central.storage-download.googleapis.com/maven2/org/danilopianini/publish-on-central/org.danilopianini.publish-on-central.gradle.plugin/9.1.9-dev0g-f73216a/org.danilopianini.publish-on-central.gradle.plugin-9.1.9-dev0g-f73216a.jar returned status 404
9.1.9-dev0h-b0829c9			IOException: Tail request on https://maven-central.storage-download.googleapis.com/maven2/org/danilopianini/publish-on-central/org.danilopianini.publish-on-central.gradle.plugin/9.1.9-dev0h-b0829c9/org.danilopianini.publish-on-central.gradle.plugin-9.1.9-dev0h-b0829c9.jar returned status 404
9.1.9-dev0h-b3c6394			IOException: Tail request on https://maven-central.storage-download.googleapis.com/maven2/org/danilopianini/publish-on-central/org.danilopianini.publish-on-central.gradle.plugin/9.1.9-dev0h-b3c6394/org.danilopianini.publish-on-central.gradle.plugin-9.1.9-dev0h-b3c6394.jar returned status 404
9.1.9-dev0i-0ae15a4			IOException: Tail request on https://maven-central.storage-download.googleapis.com/maven2/org/danilopianini/publish-on-central/org.danilopianini.publish-on-central.gradle.plugin/9.1.9-dev0i-0ae15a4/org.danilopianini.publish-on-central.gradle.plugin-9.1.9-dev0i-0ae15a4.jar returned status 404
9.1.9-dev0i-1bd5a00			IOException: Tail request on https://maven-central.storage-download.googleapis.com/maven2/org/danilopianini/publish-on-central/org.danilopianini.publish-on-central.gradle.plugin/9.1.9-dev0i-1bd5a00/org.danilopianini.publish-on-central.gradle.plugin-9.1.9-dev0i-1bd5a00.jar returned status 404
9.1.9-dev0j-4283e61			IOException: Tail request on https://maven-central.storage-download.googleapis.com/maven2/org/danilopianini/publish-on-central/org.danilopianini.publish-on-central.gradle.plugin/9.1.9-dev0j-4283e61/org.danilopianini.publish-on-central.gradle.plugin-9.1.9-dev0j-4283e61.jar returned status 404
9.1.9-dev0j-58a13bf			IOException: Tail request on https://maven-central.storage-download.googleapis.com/maven2/org/danilopianini/publish-on-central/org.danilopianini.publish-on-central.gradle.plugin/9.1.9-dev0j-58a13bf/org.danilopianini.publish-on-central.gradle.plugin-9.1.9-dev0j-58a13bf.jar returned status 404
9.1.9-dev0k-b308d54			IOException: Tail request on https://maven-central.storage-download.googleapis.com/maven2/org/danilopianini/publish-on-central/org.danilopianini.publish-on-central.gradle.plugin/9.1.9-dev0k-b308d54/org.danilopianini.publish-on-central.gradle.plugin-9.1.9-dev0k-b308d54.jar returned status 404
9.1.9-dev0k-f262ff1			IOException: Tail request on https://maven-central.storage-download.googleapis.com/maven2/org/danilopianini/publish-on-central/org.danilopianini.publish-on-central.gradle.plugin/9.1.9-dev0k-f262ff1/org.danilopianini.publish-on-central.gradle.plugin-9.1.9-dev0k-f262ff1.jar returned status 404
9.1.9-dev0l-23acf96			IOException: Tail request on https://maven-central.storage-download.googleapis.com/maven2/org/danilopianini/publish-on-central/org.danilopianini.publish-on-central.gradle.plugin/9.1.9-dev0l-23acf96/org.danilopianini.publish-on-central.gradle.plugin-9.1.9-dev0l-23acf96.jar returned status 404
9.1.9-dev0l-929e8fc			IOException: Tail request on https://maven-central.storage-download.googleapis.com/maven2/org/danilopianini/publish-on-central/org.danilopianini.publish-on-central.gradle.plugin/9.1.9-dev0l-929e8fc/org.danilopianini.publish-on-central.gradle.plugin-9.1.9-dev0l-929e8fc.jar returned status 404
9.1.9-dev0l-e3a3b6d			IOException: Tail request on https://maven-central.storage-download.googleapis.com/maven2/org/danilopianini/publish-on-central/org.danilopianini.publish-on-central.gradle.plugin/9.1.9-dev0l-e3a3b6d/org.danilopianini.publish-on-central.gradle.plugin-9.1.9-dev0l-e3a3b6d.jar returned status 404
9.1.9-dev0m-43845c9			IOException: Tail request on https://maven-central.storage-download.googleapis.com/maven2/org/danilopianini/publish-on-central/org.danilopianini.publish-on-central.gradle.plugin/9.1.9-dev0m-43845c9/org.danilopianini.publish-on-central.gradle.plugin-9.1.9-dev0m-43845c9.jar returned status 404
9.1.9-dev0m-d83e385			IOException: Tail request on https://maven-central.storage-download.googleapis.com/maven2/org/danilopianini/publish-on-central/org.danilopianini.publish-on-central.gradle.plugin/9.1.9-dev0m-d83e385/org.danilopianini.publish-on-central.gradle.plugin-9.1.9-dev0m-d83e385.jar returned status 404
9.1.9-dev0n-09db7fd			IOException: Tail request on https://maven-central.storage-download.googleapis.com/maven2/org/danilopianini/publish-on-central/org.danilopianini.publish-on-central.gradle.plugin/9.1.9-dev0n-09db7fd/org.danilopianini.publish-on-central.gradle.plugin-9.1.9-dev0n-09db7fd.jar returned status 404
9.1.9-dev0n-2d310c8			IOException: Tail request on https://maven-central.storage-download.googleapis.com/maven2/org/danilopianini/publish-on-central/org.danilopianini.publish-on-central.gradle.plugin/9.1.9-dev0n-2d310c8/org.danilopianini.publish-on-central.gradle.plugin-9.1.9-dev0n-2d310c8.jar returned status 404
9.1.9-dev0n-4628c18			IOException: Tail request on https://maven-central.storage-download.googleapis.com/maven2/org/danilopianini/publish-on-central/org.danilopianini.publish-on-central.gradle.plugin/9.1.9-dev0n-4628c18/org.danilopianini.publish-on-central.gradle.plugin-9.1.9-dev0n-4628c18.jar returned status 404
9.1.9-dev0n-6f7e7fe			IOException: Tail request on https://maven-central.storage-download.googleapis.com/maven2/org/danilopianini/publish-on-central/org.danilopianini.publish-on-central.gradle.plugin/9.1.9-dev0n-6f7e7fe/org.danilopianini.publish-on-central.gradle.plugin-9.1.9-dev0n-6f7e7fe.jar returned status 404
9.1.9-dev0o-24b6edd			IOException: Tail request on https://maven-central.storage-download.googleapis.com/maven2/org/danilopianini/publish-on-central/org.danilopianini.publish-on-central.gradle.plugin/9.1.9-dev0o-24b6edd/org.danilopianini.publish-on-central.gradle.plugin-9.1.9-dev0o-24b6edd.jar returned status 404
9.1.9-dev0o-dded6e9			IOException: Tail request on https://maven-central.storage-download.googleapis.com/maven2/org/danilopianini/publish-on-central/org.danilopianini.publish-on-central.gradle.plugin/9.1.9-dev0o-dded6e9/org.danilopianini.publish-on-central.gradle.plugin-9.1.9-dev0o-dded6e9.jar returned status 404
9.2.0			IOException: Tail request on https://maven-central.storage-download.googleapis.com/maven2/org/danilopianini/publish-on-central/org.danilopianini.publish-on-central.gradle.plugin/9.2.0/org.danilopianini.publish-on-central.gradle.plugin-9.2.0.jar returned status 404
9.2.1			IOException: Tail request on https://maven-central.storage-download.googleapis.com/maven2/org/danilopianini/publish-on-central/org.danilopianini.publish-on-central.gradle.plugin/9.2.1/org.danilopianini.publish-on-central.gradle.plugin-9.2.1.jar returned status 404
9.2.1-dev01-1d50413			IOException: Tail request on https://maven-central.storage-download.googleapis.com/maven2/org/danilopianini/publish-on-central/org.danilopianini.publish-on-central.gradle.plugin/9.2.1-dev01-1d50413/org.danilopianini.publish-on-central.gradle.plugin-9.2.1-dev01-1d50413.jar returned status 404
9.2.1-dev01-89d957a			IOException: Tail request on https://maven-central.storage-download.googleapis.com/maven2/org/danilopianini/publish-on-central/org.danilopianini.publish-on-central.gradle.plugin/9.2.1-dev01-89d957a/org.danilopianini.publish-on-central.gradle.plugin-9.2.1-dev01-89d957a.jar returned status 404
9.2.1-dev01-d6dff0f			IOException: Tail request on https://maven-central.storage-download.googleapis.com/maven2/org/danilopianini/publish-on-central/org.danilopianini.publish-on-central.gradle.plugin/9.2.1-dev01-d6dff0f/org.danilopianini.publish-on-central.gradle.plugin-9.2.1-dev01-d6dff0f.jar returned status 404
9.2.1-dev01-efeadcc			IOException: Tail request on https://maven-central.storage-download.googleapis.com/maven2/org/danilopianini/publish-on-central/org.danilopianini.publish-on-central.gradle.plugin/9.2.1-dev01-efeadcc/org.danilopianini.publish-on-central.gradle.plugin-9.2.1-dev01-efeadcc.jar returned status 404
9.2.1-dev02-2cd8947			IOException: Tail request on https://maven-central.storage-download.googleapis.com/maven2/org/danilopianini/publish-on-central/org.danilopianini.publish-on-central.gradle.plugin/9.2.1-dev02-2cd8947/org.danilopianini.publish-on-central.gradle.plugin-9.2.1-dev02-2cd8947.jar returned status 404
9.2.1-dev02-8b015dc			IOException: Tail request on https://maven-central.storage-download.googleapis.com/maven2/org/danilopianini/publish-on-central/org.danilopianini.publish-on-central.gradle.plugin/9.2.1-dev02-8b015dc/org.danilopianini.publish-on-central.gradle.plugin-9.2.1-dev02-8b015dc.jar returned status 404
9.2.1-dev02-ca087e0			IOException: Tail request on https://maven-central.storage-download.googleapis.com/maven2/org/danilopianini/publish-on-central/org.danilopianini.publish-on-central.gradle.plugin/9.2.1-dev02-ca087e0/org.danilopianini.publish-on-central.gradle.plugin-9.2.1-dev02-ca087e0.jar returned status 404
9.2.1-dev03-2657762			IOException: Tail request on https://maven-central.storage-download.googleapis.com/maven2/org/danilopianini/publish-on-central/org.danilopianini.publish-on-central.gradle.plugin/9.2.1-dev03-2657762/org.danilopianini.publish-on-central.gradle.plugin-9.2.1-dev03-2657762.jar returned status 404
9.2.1-dev03-3d18c9e			IOException: Tail request on https://maven-central.storage-download.googleapis.com/maven2/org/danilopianini/publish-on-central/org.danilopianini.publish-on-central.gradle.plugin/9.2.1-dev03-3d18c9e/org.danilopianini.publish-on-central.gradle.plugin-9.2.1-dev03-3d18c9e.jar returned status 404
9.2.1-dev04-b14469b			IOException: Tail request on https://maven-central.storage-download.googleapis.com/maven2/org/danilopianini/publish-on-central/org.danilopianini.publish-on-central.gradle.plugin/9.2.1-dev04-b14469b/org.danilopianini.publish-on-central.gradle.plugin-9.2.1-dev04-b14469b.jar returned status 404
9.2.1-dev04-d685ad3			IOException: Tail request on https://maven-central.storage-download.googleapis.com/maven2/org/danilopianini/publish-on-central/org.danilopianini.publish-on-central.gradle.plugin/9.2.1-dev04-d685ad3/org.danilopianini.publish-on-central.gradle.plugin-9.2.1-dev04-d685ad3.jar returned status 404
9.2.1-dev04-da64eb6			IOException: Tail request on https://maven-central.storage-download.googleapis.com/maven2/org/danilopianini/publish-on-central/org.danilopianini.publish-on-central.gradle.plugin/9.2.1-dev04-da64eb6/org.danilopianini.publish-on-central.gradle.plugin-9.2.1-dev04-da64eb6.jar returned status 404
9.2.1-dev04-f53601b			IOException: Tail request on https://maven-central.storage-download.googleapis.com/maven2/org/danilopianini/publish-on-central/org.danilopianini.publish-on-central.gradle.plugin/9.2.1-dev04-f53601b/org.danilopianini.publish-on-central.gradle.plugin-9.2.1-dev04-f53601b.jar returned status 404
9.2.1-dev05-697a464			IOException: Tail request on https://maven-central.storage-download.googleapis.com/maven2/org/danilopianini/publish-on-central/org.danilopianini.publish-on-central.gradle.plugin/9.2.1-dev05-697a464/org.danilopianini.publish-on-central.gradle.plugin-9.2.1-dev05-697a464.jar returned status 404
9.2.1-dev05-810f8af			IOException: Tail request on https://maven-central.storage-download.googleapis.com/maven2/org/danilopianini/publish-on-central/org.danilopianini.publish-on-central.gradle.plugin/9.2.1-dev05-810f8af/org.danilopianini.publish-on-central.gradle.plugin-9.2.1-dev05-810f8af.jar returned status 404
9.2.1-dev05-f61c178			IOException: Tail request on https://maven-central.storage-download.googleapis.com/maven2/org/danilopianini/publish-on-central/org.danilopianini.publish-on-central.gradle.plugin/9.2.1-dev05-f61c178/org.danilopianini.publish-on-central.gradle.plugin-9.2.1-dev05-f61c178.jar returned status 404
9.2.1-dev06-eaf55aa			IOException: Tail request on https://maven-central.storage-download.googleapis.com/maven2/org/danilopianini/publish-on-central/org.danilopianini.publish-on-central.gradle.plugin/9.2.1-dev06-eaf55aa/org.danilopianini.publish-on-central.gradle.plugin-9.2.1-dev06-eaf55aa.jar returned status 404
9.2.10-dev01-2f3ad01		2026-08-08T01:45:51Z	IOException: Tail request on https://maven-central.storage-download.googleapis.com/maven2/org/danilopianini/publish-on-central/org.danilopianini.publish-on-central.gradle.plugin/9.2.10-dev01-2f3ad01/org.danilopianini.publish-on-central.gradle.plugin-9.2.10-dev01-2f3ad01.jar returned status 404
9.2.10-dev01-3cf25d1		2026-08-08T01:45:55Z	IOException: Tail request on https://maven-central.storage-download.googleapis.com/maven2/org/danilopianini/publish-on-central/org.danilopianini.publish-on-central.gradle.plugin/9.2.10-dev01-3cf25d1/org.danilopianini.publish-on-central.gradle.plugin-9.2.10-dev01-3cf25d1.jar returned status 404
9.2.10-dev01-70167d7		2026-08-08T02:22:16Z	IOException: Tail request on https://maven-central.storage-download.googleapis.com/maven2/org/danilopianini/publish-on-central/org.danilopianini.publish-on-central.gradle.plugin/9.2.10-dev01-70167d7/org.danilopianini.publish-on-central.gradle.plugin-9.2.10-dev01-70167d7.jar returned status 404
9.2.10-dev02-64577d2		2026-08-08T03:43:25Z	IOException: Tail request on https://maven-central.storage-download.googleapis.com/maven2/org/danilopianini/publish-on-central/org.danilopianini.publish-on-central.gradle.plugin/9.2.10-dev02-64577d2/org.danilopianini.publish-on-central.gradle.plugin-9.2.10-dev02-64577d2.jar returned status 404
9.2.10-dev02-fb6f866		2026-08-08T02:23:15Z	IOException: Tail request on https://maven-central.storage-download.googleapis.com/maven2/org/danilopianini/publish-on-central/org.danilopianini.publish-on-central.gradle.plugin/9.2.10-dev02-fb6f866/org.danilopianini.publish-on-central.gradle.plugin-9.2.10-dev02-fb6f866.jar returned status 404
9.2.10-dev03-2ceb2ad		2026-08-08T17:03:35Z	IOException: Tail request on https://maven-central.storage-download.googleapis.com/maven2/org/danilopianini/publish-on-central/org.danilopianini.publish-on-central.gradle.plugin/9.2.10-dev03-2ceb2ad/org.danilopianini.publish-on-central.gradle.plugin-9.2.10-dev03-2ceb2ad.jar returned status 404
9.2.10-dev03-6272317		2026-08-08T17:31:17Z	IOException: Tail request on https://maven-central.storage-download.googleapis.com/maven2/org/danilopianini/publish-on-central/org.danilopianini.publish-on-central.gradle.plugin/9.2.10-dev03-6272317/org.danilopianini.publish-on-central.gradle.plugin-9.2.10-dev03-6272317.jar returned status 404
9.2.2			IOException: Tail request on https://maven-central.storage-download.googleapis.com/maven2/org/danilopianini/publish-on-central/org.danilopianini.publish-on-central.gradle.plugin/9.2.2/org.danilopianini.publish-on-central.gradle.plugin-9.2.2.jar returned status 404
9.2.2-dev01-11c642f			IOException: Tail request on https://maven-central.storage-download.googleapis.com/maven2/org/danilopianini/publish-on-central/org.danilopianini.publish-on-central.gradle.plugin/9.2.2-dev01-11c642f/org.danilopianini.publish-on-central.gradle.plugin-9.2.2-dev01-11c642f.jar returned status 404
9.2.2-dev01-43b7172			IOException: Tail request on https://maven-central.storage-download.googleapis.com/maven2/org/danilopianini/publish-on-central/org.danilopianini.publish-on-central.gradle.plugin/9.2.2-dev01-43b7172/org.danilopianini.publish-on-central.gradle.plugin-9.2.2-dev01-43b7172.jar returned status 404
9.2.2-dev02-3ea325e			IOException: Tail request on https://maven-central.storage-download.googleapis.com/maven2/org/danilopianini/publish-on-central/org.danilopianini.publish-on-central.gradle.plugin/9.2.2-dev02-3ea325e/org.danilopianini.publish-on-central.gradle.plugin-9.2.2-dev02-3ea325e.jar returned status 404
9.2.2-dev02-7f12cfd			IOException: Tail request on https://maven-central.storage-download.googleapis.com/maven2/org/danilopianini/publish-on-central/org.danilopianini.publish-on-central.gradle.plugin/9.2.2-dev02-7f12cfd/org.danilopianini.publish-on-central.gradle.plugin-9.2.2-dev02-7f12cfd.jar returned status 404
9.2.2-dev02-fa60fc6			IOException: Tail request on https://maven-central.storage-download.googleapis.com/maven2/org/danilopianini/publish-on-central/org.danilopianini.publish-on-central.gradle.plugin/9.2.2-dev02-fa60fc6/org.danilopianini.publish-on-central.gradle.plugin-9.2.2-dev02-fa60fc6.jar returned status 404
9.2.2-dev03-5fa84ab			IOException: Tail request on https://maven-central.storage-download.googleapis.com/maven2/org/danilopianini/publish-on-central/org.danilopianini.publish-on-central.gradle.plugin/9.2.2-dev03-5fa84ab/org.danilopianini.publish-on-central.gradle.plugin-9.2.2-dev03-5fa84ab.jar returned status 404
9.2.2-dev03-61029d4			IOException: Tail request on https://maven-central.storage-download.googleapis.com/maven2/org/danilopianini/publish-on-central/org.danilopianini.publish-on-central.gradle.plugin/9.2.2-dev03-61029d4/org.danilopianini.publish-on-central.gradle.plugin-9.2.2-dev03-61029d4.jar returned status 404
9.2.2-dev04-768bfde			IOException: Tail request on https://maven-central.storage-download.googleapis.com/maven2/org/danilopianini/publish-on-central/org.danilopianini.publish-on-central.gradle.plugin/9.2.2-dev04-768bfde/org.danilopianini.publish-on-central.gradle.plugin-9.2.2-dev04-768bfde.jar returned status 404
9.2.2-dev04-92a2735			IOException: Tail request on https://maven-central.storage-download.googleapis.com/maven2/org/danilopianini/publish-on-central/org.danilopianini.publish-on-central.gradle.plugin/9.2.2-dev04-92a2735/org.danilopianini.publish-on-central.gradle.plugin-9.2.2-dev04-92a2735.jar returned status 404
9.2.2-dev05-241f784			IOException: Tail request on https://maven-central.storage-download.googleapis.com/maven2/org/danilopianini/publish-on-central/org.danilopianini.publish-on-central.gradle.plugin/9.2.2-dev05-241f784/org.danilopianini.publish-on-central.gradle.plugin-9.2.2-dev05-241f784.jar returned status 404
9.2.2-dev05-529d12f			IOException: Tail request on https://maven-central.storage-download.googleapis.com/maven2/org/danilopianini/publish-on-central/org.danilopianini.publish-on-central.gradle.plugin/9.2.2-dev05-529d12f/org.danilopianini.publish-on-central.gradle.plugin-9.2.2-dev05-529d12f.jar returned status 404
9.2.2-dev05-76c2041			IOException: Tail request on https://maven-central.storage-download.googleapis.com/maven2/org/danilopianini/publish-on-central/org.danilopianini.publish-on-central.gradle.plugin/9.2.2-dev05-76c2041/org.danilopianini.publish-on-central.gradle.plugin-9.2.2-dev05-76c2041.jar returned status 404
9.2.2-dev05-9827c93			IOException: Tail request on https://maven-central.storage-download.googleapis.com/maven2/org/danilopianini/publish-on-central/org.danilopianini.publish-on-central.gradle.plugin/9.2.2-dev05-9827c93/org.danilopianini.publish-on-central.gradle.plugin-9.2.2-dev05-9827c93.jar returned status 404
9.2.2-dev06-b6e83e3			IOException: Tail request on https://maven-central.storage-download.googleapis.com/maven2/org/danilopianini/publish-on-central/org.danilopianini.publish-on-central.gradle.plugin/9.2.2-dev06-b6e83e3/org.danilopianini.publish-on-central.gradle.plugin-9.2.2-dev06-b6e83e3.jar returned status 404
9.2.2-dev06-d3a759a			IOException: Tail request on https://maven-central.storage-download.googleapis.com/maven2/org/danilopianini/publish-on-central/org.danilopianini.publish-on-central.gradle.plugin/9.2.2-dev06-d3a759a/org.danilopianini.publish-on-central.gradle.plugin-9.2.2-dev06-d3a759a.jar returned status 404
9.2.3			IOException: Tail request on https://maven-central.storage-download.googleapis.com/maven2/org/danilopianini/publish-on-central/org.danilopianini.publish-on-central.gradle.plugin/9.2.3/org.danilopianini.publish-on-central.gradle.plugin-9.2.3.jar returned status 404
9.2.3-dev01-0d94156			IOException: Tail request on https://maven-central.storage-download.googleapis.com/maven2/org/danilopianini/publish-on-central/org.danilopianini.publish-on-central.gradle.plugin/9.2.3-dev01-0d94156/org.danilopianini.publish-on-central.gradle.plugin-9.2.3-dev01-0d94156.jar returned status 404
9.2.3-dev01-d0987b7			IOException: Tail request on https://maven-central.storage-download.googleapis.com/maven2/org/danilopianini/publish-on-central/org.danilopianini.publish-on-central.gradle.plugin/9.2.3-dev01-d0987b7/org.danilopianini.publish-on-central.gradle.plugin-9.2.3-dev01-d0987b7.jar returned status 404
9.2.3-dev01-df1c2cc			IOException: Tail request on https://maven-central.storage-download.googleapis.com/maven2/org/danilopianini/publish-on-central/org.danilopianini.publish-on-central.gradle.plugin/9.2.3-dev01-df1c2cc/org.danilopianini.publish-on-central.gradle.plugin-9.2.3-dev01-df1c2cc.jar returned status 404
9.2.3-dev02-6502265			IOException: Tail request on https://maven-central.storage-download.googleapis.com/maven2/org/danilopianini/publish-on-central/org.danilopianini.publish-on-central.gradle.plugin/9.2.3-dev02-6502265/org.danilopianini.publish-on-central.gradle.plugin-9.2.3-dev02-6502265.jar returned status 404
9.2.3-dev02-7e1a435			IOException: Tail request on https://maven-central.storage-download.googleapis.com/maven2/org/danilopianini/publish-on-central/org.danilopianini.publish-on-central.gradle.plugin/9.2.3-dev02-7e1a435/org.danilopianini.publish-on-central.gradle.plugin-9.2.3-dev02-7e1a435.jar returned status 404
9.2.3-dev02-b29d6ff			IOException: Tail request on https://maven-central.storage-download.googleapis.com/maven2/org/danilopianini/publish-on-central/org.danilopianini.publish-on-central.gradle.plugin/9.2.3-dev02-b29d6ff/org.danilopianini.publish-on-central.gradle.plugin-9.2.3-dev02-b29d6ff.jar returned status 404
9.2.3-dev03-1c5484d			IOException: Tail request on https://maven-central.storage-download.googleapis.com/maven2/org/danilopianini/publish-on-central/org.danilopianini.publish-on-central.gradle.plugin/9.2.3-dev03-1c5484d/org.danilopianini.publish-on-central.gradle.plugin-9.2.3-dev03-1c5484d.jar returned status 404
9.2.3-dev03-f8b718b			IOException: Tail request on https://maven-central.storage-download.googleapis.com/maven2/org/danilopianini/publish-on-central/org.danilopianini.publish-on-central.gradle.plugin/9.2.3-dev03-f8b718b/org.danilopianini.publish-on-central.gradle.plugin-9.2.3-dev03-f8b718b.jar returned status 404
9.2.3-dev04-3d8e270			IOException: Tail request on https://maven-central.storage-download.googleapis.com/maven2/org/danilopianini/publish-on-central/org.danilopianini.publish-on-central.gradle.plugin/9.2.3-dev04-3d8e270/org.danilopianini.publish-on-central.gradle.plugin-9.2.3-dev04-3d8e270.jar returned status 404
9.2.3-dev04-95d89b7			IOException: Tail request on https://maven-central.storage-download.googleapis.com/maven2/org/danilopianini/publish-on-central/org.danilopianini.publish-on-central.gradle.plugin/9.2.3-dev04-95d89b7/org.danilopianini.publish-on-central.gradle.plugin-9.2.3-dev04-95d89b7.jar returned status 404
9.2.3-dev05-5ba1d37			IOException: Tail request on https://maven-central.storage-download.googleapis.com/maven2/org/danilopianini/publish-on-central/org.danilopianini.publish-on-central.gradle.plugin/9.2.3-dev05-5ba1d37/org.danilopianini.publish-on-central.gradle.plugin-9.2.3-dev05-5ba1d37.jar returned status 404
9.2.3-dev05-5e7b7dc			IOException: Tail request on https://maven-central.storage-download.googleapis.com/maven2/org/danilopianini/publish-on-central/org.danilopianini.publish-on-central.gradle.plugin/9.2.3-dev05-5e7b7dc/org.danilopianini.publish-on-central.gradle.plugin-9.2.3-dev05-5e7b7dc.jar returned status 404
9.2.3-dev06-a841c1f			IOException: Tail request on https://maven-central.storage-download.googleapis.com/maven2/org/danilopianini/publish-on-central/org.danilopianini.publish-on-central.gradle.plugin/9.2.3-dev06-a841c1f/org.danilopianini.publish-on-central.gradle.plugin-9.2.3-dev06-a841c1f.jar returned status 404
9.2.3-dev06-ef594b4			IOException: Tail request on https://maven-central.storage-download.googleapis.com/maven2/org/danilopianini/publish-on-central/org.danilopianini.publish-on-central.gradle.plugin/9.2.3-dev06-ef594b4/org.danilopianini.publish-on-central.gradle.plugin-9.2.3-dev06-ef594b4.jar returned status 404
9.2.3-dev07-1774cd5			IOException: Tail request on https://maven-central.storage-download.googleapis.com/maven2/org/danilopianini/publish-on-central/org.danilopianini.publish-on-central.gradle.plugin/9.2.3-dev07-1774cd5/org.danilopianini.publish-on-central.gradle.plugin-9.2.3-dev07-1774cd5.jar returned status 404
9.2.3-dev07-f9df2e0			IOException: Tail request on https://maven-central.storage-download.googleapis.com/maven2/org/danilopianini/publish-on-central/org.danilopianini.publish-on-central.gradle.plugin/9.2.3-dev07-f9df2e0/org.danilopianini.publish-on-central.gradle.plugin-9.2.3-dev07-f9df2e0.jar returned status 404
9.2.4			IOException: Tail request on https://maven-central.storage-download.googleapis.com/maven2/org/danilopianini/publish-on-central/org.danilopianini.publish-on-central.gradle.plugin/9.2.4/org.danilopianini.publish-on-central.gradle.plugin-9.2.4.jar returned status 404
9.2.4-dev01-2c61a77			IOException: Tail request on https://maven-central.storage-download.googleapis.com/maven2/org/danilopianini/publish-on-central/org.danilopianini.publish-on-central.gradle.plugin/9.2.4-dev01-2c61a77/org.danilopianini.publish-on-central.gradle.plugin-9.2.4-dev01-2c61a77.jar returned status 404
9.2.4-dev01-61a8736			IOException: Tail request on https://maven-central.storage-download.googleapis.com/maven2/org/danilopianini/publish-on-central/org.danilopianini.publish-on-central.gradle.plugin/9.2.4-dev01-61a8736/org.danilopianini.publish-on-central.gradle.plugin-9.2.4-dev01-61a8736.jar returned status 404
9.2.4-dev02-7a88fac			IOException: Tail request on https://maven-central.storage-download.googleapis.com/maven2/org/danilopianini/publish-on-central/org.danilopianini.publish-on-central.gradle.plugin/9.2.4-dev02-7a88fac/org.danilopianini.publish-on-central.gradle.plugin-9.2.4-dev02-7a88fac.jar returned status 404
9.2.4-dev02-cace7b6			IOException: Tail request on https://maven-central.storage-download.googleapis.com/maven2/org/danilopianini/publish-on-central/org.danilopianini.publish-on-central.gradle.plugin/9.2.4-dev02-cace7b6/org.danilopianini.publish-on-central.gradle.plugin-9.2.4-dev02-cace7b6.jar returned status 404
9.2.4-dev03-0e58f18			IOException: Tail request on https://maven-central.storage-download.googleapis.com/maven2/org/danilopianini/publish-on-central/org.danilopianini.publish-on-central.gradle.plugin/9.2.4-dev03-0e58f18/org.danilopianini.publish-on-central.gradle.plugin-9.2.4-dev03-0e58f18.jar returned status 404
9.2.4-dev03-3a26f40			IOException: Tail request on https://maven-central.storage-download.googleapis.com/maven2/org/danilopianini/publish-on-central/org.danilopianini.publish-on-central.gradle.plugin/9.2.4-dev03-3a26f40/org.danilopianini.publish-on-central.gradle.plugin-9.2.4-dev03-3a26f40.jar returned status 404
9.2.4-dev03-6e85dbd			IOException: Tail request on https://maven-central.storage-download.googleapis.com/maven2/org/danilopianini/publish-on-central/org.danilopianini.publish-on-central.gradle.plugin/9.2.4-dev03-6e85dbd/org.danilopianini.publish-on-central.gradle.plugin-9.2.4-dev03-6e85dbd.jar returned status 404
9.2.4-dev03-d74e516			IOException: Tail request on https://maven-central.storage-download.googleapis.com/maven2/org/danilopianini/publish-on-central/org.danilopianini.publish-on-central.gradle.plugin/9.2.4-dev03-d74e516/org.danilopianini.publish-on-central.gradle.plugin-9.2.4-dev03-d74e516.jar returned status 404
9.2.4-dev04-51e5782			IOException: Tail request on https://maven-central.storage-download.googleapis.com/maven2/org/danilopianini/publish-on-central/org.danilopianini.publish-on-central.gradle.plugin/9.2.4-dev04-51e5782/org.danilopianini.publish-on-central.gradle.plugin-9.2.4-dev04-51e5782.jar returned status 404
9.2.4-dev04-c596997			IOException: Tail request on https://maven-central.storage-download.googleapis.com/maven2/org/danilopianini/publish-on-central/org.danilopianini.publish-on-central.gradle.plugin/9.2.4-dev04-c596997/org.danilopianini.publish-on-central.gradle.plugin-9.2.4-dev04-c596997.jar returned status 404
9.2.4-dev04-ecf9377			IOException: Tail request on https://maven-central.storage-download.googleapis.com/maven2/org/danilopianini/publish-on-central/org.danilopianini.publish-on-central.gradle.plugin/9.2.4-dev04-ecf9377/org.danilopianini.publish-on-central.gradle.plugin-9.2.4-dev04-ecf9377.jar returned status 404
9.2.4-dev05-2ee7f12			IOException: Tail request on https://maven-central.storage-download.googleapis.com/maven2/org/danilopianini/publish-on-central/org.danilopianini.publish-on-central.gradle.plugin/9.2.4-dev05-2ee7f12/org.danilopianini.publish-on-central.gradle.plugin-9.2.4-dev05-2ee7f12.jar returned status 404
9.2.4-dev05-6ff5794			IOException: Tail request on https://maven-central.storage-download.googleapis.com/maven2/org/danilopianini/publish-on-central/org.danilopianini.publish-on-central.gradle.plugin/9.2.4-dev05-6ff5794/org.danilopianini.publish-on-central.gradle.plugin-9.2.4-dev05-6ff5794.jar returned status 404
9.2.4-dev05-c3328ff			IOException: Tail request on https://maven-central.storage-download.googleapis.com/maven2/org/danilopianini/publish-on-central/org.danilopianini.publish-on-central.gradle.plugin/9.2.4-dev05-c3328ff/org.danilopianini.publish-on-central.gradle.plugin-9.2.4-dev05-c3328ff.jar returned status 404
9.2.4-dev06-45e719f			IOException: Tail request on https://maven-central.storage-download.googleapis.com/maven2/org/danilopianini/publish-on-central/org.danilopianini.publish-on-central.gradle.plugin/9.2.4-dev06-45e719f/org.danilopianini.publish-on-central.gradle.plugin-9.2.4-dev06-45e719f.jar returned status 404
9.2.4-dev06-5b6d839			IOException: Tail request on https://maven-central.storage-download.googleapis.com/maven2/org/danilopianini/publish-on-central/org.danilopianini.publish-on-central.gradle.plugin/9.2.4-dev06-5b6d839/org.danilopianini.publish-on-central.gradle.plugin-9.2.4-dev06-5b6d839.jar returned status 404
9.2.5		2026-06-03T13:08:06Z	IOException: Tail request on https://maven-central.storage-download.googleapis.com/maven2/org/danilopianini/publish-on-central/org.danilopianini.publish-on-central.gradle.plugin/9.2.5/org.danilopianini.publish-on-central.gradle.plugin-9.2.5.jar returned status 404
9.2.5-dev01-28c5dea			IOException: Tail request on https://maven-central.storage-download.googleapis.com/maven2/org/danilopianini/publish-on-central/org.danilopianini.publish-on-central.gradle.plugin/9.2.5-dev01-28c5dea/org.danilopianini.publish-on-central.gradle.plugin-9.2.5-dev01-28c5dea.jar returned status 404
9.2.5-dev01-6c83839			IOException: Tail request on https://maven-central.storage-download.googleapis.com/maven2/org/danilopianini/publish-on-central/org.danilopianini.publish-on-central.gradle.plugin/9.2.5-dev01-6c83839/org.danilopianini.publish-on-central.gradle.plugin-9.2.5-dev01-6c83839.jar returned status 404
9.2.5-dev01-fd7d1ff			IOException: Tail request on https://maven-central.storage-download.googleapis.com/maven2/org/danilopianini/publish-on-central/org.danilopianini.publish-on-central.gradle.plugin/9.2.5-dev01-fd7d1ff/org.danilopianini.publish-on-central.gradle.plugin-9.2.5-dev01-fd7d1ff.jar returned status 404
9.2.5-dev02-0aad530			IOException: Tail request on https://maven-central.storage-download.googleapis.com/maven2/org/danilopianini/publish-on-central/org.danilopianini.publish-on-central.gradle.plugin/9.2.5-dev02-0aad530/org.danilopianini.publish-on-central.gradle.plugin-9.2.5-dev02-0aad530.jar returned status 404
9.2.5-dev02-3b9ea8e			IOException: Tail request on https://maven-central.storage-download.googleapis.com/maven2/org/danilopianini/publish-on-central/org.danilopianini.publish-on-central.gradle.plugin/9.2.5-dev02-3b9ea8e/org.danilopianini.publish-on-central.gradle.plugin-9.2.5-dev02-3b9ea8e.jar returned status 404
9.2.5-dev03-25637d8			IOException: Tail request on https://maven-central.storage-download.googleapis.com/maven2/org/danilopianini/publish-on-central/org.danilopianini.publish-on-central.gradle.plugin/9.2.5-dev03-25637d8/org.danilopianini.publish-on-central.gradle.plugin-9.2.5-dev03-25637d8.jar returned status 404
9.2.5-dev03-a51a035			IOException: Tail request on https://maven-central.storage-download.googleapis.com/maven2/org/danilopianini/publish-on-central/org.danilopianini.publish-on-central.gradle.plugin/9.2.5-dev03-a51a035/org.danilopianini.publish-on-central.gradle.plugin-9.2.5-dev03-a51a035.jar returned status 404
9.2.5-dev04-5206578		2026-05-23T03:47:38Z	IOException: Tail request on https://maven-central.storage-download.googleapis.com/maven2/org/danilopianini/publish-on-central/org.danilopianini.publish-on-central.gradle.plugin/9.2.5-dev04-5206578/org.danilopianini.publish-on-central.gradle.plugin-9.2.5-dev04-5206578.jar returned status 404
9.2.5-dev04-9555627		2026-05-23T03:46:52Z	IOException: Tail request on https://maven-central.storage-download.googleapis.com/maven2/org/danilopianini/publish-on-central/org.danilopianini.publish-on-central.gradle.plugin/9.2.5-dev04-9555627/org.danilopianini.publish-on-central.gradle.plugin-9.2.5-dev04-9555627.jar returned status 404
9.2.5-dev04-f49d2a6		2026-05-23T04:06:29Z	IOException: Tail request on https://maven-central.storage-download.googleapis.com/maven2/org/danilopianini/publish-on-central/org.danilopianini.publish-on-central.gradle.plugin/9.2.5-dev04-f49d2a6/org.danilopianini.publish-on-central.gradle.plugin-9.2.5-dev04-f49d2a6.jar returned status 404
9.2.5-dev05-a91438a		2026-05-23T04:07:45Z	IOException: Tail request on https://maven-central.storage-download.googleapis.com/maven2/org/danilopianini/publish-on-central/org.danilopianini.publish-on-central.gradle.plugin/9.2.5-dev05-a91438a/org.danilopianini.publish-on-central.gradle.plugin-9.2.5-dev05-a91438a.jar returned status 404
9.2.5-dev05-b527aa1		2026-05-23T04:31:48Z	IOException: Tail request on https://maven-central.storage-download.googleapis.com/maven2/org/danilopianini/publish-on-central/org.danilopianini.publish-on-central.gradle.plugin/9.2.5-dev05-b527aa1/org.danilopianini.publish-on-central.gradle.plugin-9.2.5-dev05-b527aa1.jar returned status 404
9.2.5-dev06-4db50d3		2026-05-24T01:20:59Z	IOException: Tail request on https://maven-central.storage-download.googleapis.com/maven2/org/danilopianini/publish-on-central/org.danilopianini.publish-on-central.gradle.plugin/9.2.5-dev06-4db50d3/org.danilopianini.publish-on-central.gradle.plugin-9.2.5-dev06-4db50d3.jar returned status 404
9.2.5-dev06-c0b0f1b		2026-05-24T00:56:03Z	IOException: Tail request on https://maven-central.storage-download.googleapis.com/maven2/org/danilopianini/publish-on-central/org.danilopianini.publish-on-central.gradle.plugin/9.2.5-dev06-c0b0f1b/org.danilopianini.publish-on-central.gradle.plugin-9.2.5-dev06-c0b0f1b.jar returned status 404
9.2.5-dev07-57184ee		2026-05-25T22:28:45Z	IOException: Tail request on https://maven-central.storage-download.googleapis.com/maven2/org/danilopianini/publish-on-central/org.danilopianini.publish-on-central.gradle.plugin/9.2.5-dev07-57184ee/org.danilopianini.publish-on-central.gradle.plugin-9.2.5-dev07-57184ee.jar returned status 404
9.2.5-dev07-5bf50f9		2026-05-25T22:25:35Z	IOException: Tail request on https://maven-central.storage-download.googleapis.com/maven2/org/danilopianini/publish-on-central/org.danilopianini.publish-on-central.gradle.plugin/9.2.5-dev07-5bf50f9/org.danilopianini.publish-on-central.gradle.plugin-9.2.5-dev07-5bf50f9.jar returned status 404
9.2.5-dev07-77d3a6f		2026-05-25T22:56:08Z	IOException: Tail request on https://maven-central.storage-download.googleapis.com/maven2/org/danilopianini/publish-on-central/org.danilopianini.publish-on-central.gradle.plugin/9.2.5-dev07-77d3a6f/org.danilopianini.publish-on-central.gradle.plugin-9.2.5-dev07-77d3a6f.jar returned status 404
9.2.5-dev08-9c80afc		2026-05-26T02:22:58Z	IOException: Tail request on https://maven-central.storage-download.googleapis.com/maven2/org/danilopianini/publish-on-central/org.danilopianini.publish-on-central.gradle.plugin/9.2.5-dev08-9c80afc/org.danilopianini.publish-on-central.gradle.plugin-9.2.5-dev08-9c80afc.jar returned status 404
9.2.5-dev08-a2b98dc		2026-05-26T02:45:52Z	IOException: Tail request on https://maven-central.storage-download.googleapis.com/maven2/org/danilopianini/publish-on-central/org.danilopianini.publish-on-central.gradle.plugin/9.2.5-dev08-a2b98dc/org.danilopianini.publish-on-central.gradle.plugin-9.2.5-dev08-a2b98dc.jar returned status 404
9.2.5-dev09-81fb0c3		2026-05-26T16:49:35Z	IOException: Tail request on https://maven-central.storage-download.googleapis.com/maven2/org/danilopianini/publish-on-central/org.danilopianini.publish-on-central.gradle.plugin/9.2.5-dev09-81fb0c3/org.danilopianini.publish-on-central.gradle.plugin-9.2.5-dev09-81fb0c3.jar returned status 404
9.2.5-dev09-8789000		2026-05-26T17:23:54Z	IOException: Tail request on https://maven-central.storage-download.googleapis.com/maven2/org/danilopianini/publish-on-central/org.danilopianini.publish-on-central.gradle.plugin/9.2.5-dev09-8789000/org.danilopianini.publish-on-central.gradle.plugin-9.2.5-dev09-8789000.jar returned status 404
9.2.5-dev0a-4243c56		2026-05-29T13:19:59Z	IOException: Tail request on https://maven-central.storage-download.googleapis.com/maven2/org/danilopianini/publish-on-central/org.danilopianini.publish-on-central.gradle.plugin/9.2.5-dev0a-4243c56/org.danilopianini.publish-on-central.gradle.plugin-9.2.5-dev0a-4243c56.jar returned status 404
9.2.5-dev0a-aef87c4		2026-05-29T14:00:34Z	IOException: Tail request on https://maven-central.storage-download.googleapis.com/maven2/org/danilopianini/publish-on-central/org.danilopianini.publish-on-central.gradle.plugin/9.2.5-dev0a-aef87c4/org.danilopianini.publish-on-central.gradle.plugin-9.2.5-dev0a-aef87c4.jar returned status 404
9.2.5-dev0b-6cb60f7		2026-06-02T15:41:22Z	IOException: Tail request on https://maven-central.storage-download.googleapis.com/maven2/org/danilopianini/publish-on-central/org.danilopianini.publish-on-central.gradle.plugin/9.2.5-dev0b-6cb60f7/org.danilopianini.publish-on-central.gradle.plugin-9.2.5-dev0b-6cb60f7.jar returned status 404
9.2.5-dev0b-f7ef63c		2026-06-02T15:14:11Z	IOException: Tail request on https://maven-central.storage-download.googleapis.com/maven2/org/danilopianini/publish-on-central/org.danilopianini.publish-on-central.gradle.plugin/9.2.5-dev0b-f7ef63c/org.danilopianini.publish-on-central.gradle.plugin-9.2.5-dev0b-f7ef63c.jar returned status 404
9.2.5-dev0c-07bb884		2026-06-02T22:18:00Z	IOException: Tail request on https://maven-central.storage-download.googleapis.com/maven2/org/danilopianini/publish-on-central/org.danilopianini.publish-on-central.gradle.plugin/9.2.5-dev0c-07bb884/org.danilopianini.publish-on-central.gradle.plugin-9.2.5-dev0c-07bb884.jar returned status 404
9.2.5-dev0c-559b455		2026-06-02T22:44:55Z	IOException: Tail request on https://maven-central.storage-download.googleapis.com/maven2/org/danilopianini/publish-on-central/org.danilopianini.publish-on-central.gradle.plugin/9.2.5-dev0c-559b455/org.danilopianini.publish-on-central.gradle.plugin-9.2.5-dev0c-559b455.jar returned status 404
9.2.5-dev0d-3efa0a8		2026-06-03T12:11:34Z	IOException: Tail request on https://maven-central.storage-download.googleapis.com/maven2/org/danilopianini/publish-on-central/org.danilopianini.publish-on-central.gradle.plugin/9.2.5-dev0d-3efa0a8/org.danilopianini.publish-on-central.gradle.plugin-9.2.5-dev0d-3efa0a8.jar returned status 404
9.2.5-dev0d-5b91314		2026-06-03T12:11:34Z	IOException: Tail request on https://maven-central.storage-download.googleapis.com/maven2/org/danilopianini/publish-on-central/org.danilopianini.publish-on-central.gradle.plugin/9.2.5-dev0d-5b91314/org.danilopianini.publish-on-central.gradle.plugin-9.2.5-dev0d-5b91314.jar returned status 404
9.2.5-dev0d-d4f6dda		2026-06-03T12:45:42Z	IOException: Tail request on https://maven-central.storage-download.googleapis.com/maven2/org/danilopianini/publish-on-central/org.danilopianini.publish-on-central.gradle.plugin/9.2.5-dev0d-d4f6dda/org.danilopianini.publish-on-central.gradle.plugin-9.2.5-dev0d-d4f6dda.jar returned status 404
9.2.5-dev0e-0a495e6		2026-06-03T13:03:16Z	IOException: Tail request on https://maven-central.storage-download.googleapis.com/maven2/org/danilopianini/publish-on-central/org.danilopianini.publish-on-central.gradle.plugin/9.2.5-dev0e-0a495e6/org.danilopianini.publish-on-central.gradle.plugin-9.2.5-dev0e-0a495e6.jar returned status 404
9.2.5-dev0e-ca28703		2026-06-03T12:51:25Z	IOException: Tail request on https://maven-central.storage-download.googleapis.com/maven2/org/danilopianini/publish-on-central/org.danilopianini.publish-on-central.gradle.plugin/9.2.5-dev0e-ca28703/org.danilopianini.publish-on-central.gradle.plugin-9.2.5-dev0e-ca28703.jar returned status 404
9.2.5-dev0e-ff60fcd		2026-06-03T13:01:18Z	IOException: Tail request on https://maven-central.storage-download.googleapis.com/maven2/org/danilopianini/publish-on-central/org.danilopianini.publish-on-central.gradle.plugin/9.2.5-dev0e-ff60fcd/org.danilopianini.publish-on-central.gradle.plugin-9.2.5-dev0e-ff60fcd.jar returned status 404
9.2.6		2026-06-19T12:54:43Z	IOException: Tail request on https://maven-central.storage-download.googleapis.com/maven2/org/danilopianini/publish-on-central/org.danilopianini.publish-on-central.gradle.plugin/9.2.6/org.danilopianini.publish-on-central.gradle.plugin-9.2.6.jar returned status 404
9.2.6-dev01-2b77e05		2026-06-03T13:32:20Z	IOException: Tail request on https://maven-central.storage-download.googleapis.com/maven2/org/danilopianini/publish-on-central/org.danilopianini.publish-on-central.gradle.plugin/9.2.6-dev01-2b77e05/org.danilopianini.publish-on-central.gradle.plugin-9.2.6-dev01-2b77e05.jar returned status 404
9.2.6-dev01-347ae6e		2026-06-03T13:23:44Z	IOException: Tail request on https://maven-central.storage-download.googleapis.com/maven2/org/danilopianini/publish-on-central/org.danilopianini.publish-on-central.gradle.plugin/9.2.6-dev01-347ae6e/org.danilopianini.publish-on-central.gradle.plugin-9.2.6-dev01-347ae6e.jar returned status 404
9.2.6-dev01-75f2809		2026-06-03T14:07:05Z	IOException: Tail request on https://maven-central.storage-download.googleapis.com/maven2/org/danilopianini/publish-on-central/org.danilopianini.publish-on-central.gradle.plugin/9.2.6-dev01-75f2809/org.danilopianini.publish-on-central.gradle.plugin-9.2.6-dev01-75f2809.jar returned status 404
9.2.6-dev01-bd2be6f		2026-06-03T13:23:11Z	IOException: Tail request on https://maven-central.storage-download.googleapis.com/maven2/org/danilopianini/publish-on-central/org.danilopianini.publish-on-central.gradle.plugin/9.2.6-dev01-bd2be6f/org.danilopianini.publish-on-central.gradle.plugin-9.2.6-dev01-bd2be6f.jar returned status 404
9.2.6-dev02-247459e		2026-06-03T14:16:06Z	IOException: Tail request on https://maven-central.storage-download.googleapis.com/maven2/org/danilopianini/publish-on-central/org.danilopianini.publish-on-central.gradle.plugin/9.2.6-dev02-247459e/org.danilopianini.publish-on-central.gradle.plugin-9.2.6-dev02-247459e.jar returned status 404
9.2.6-dev02-378b3f4		2026-06-03T15:25:35Z	IOException: Tail request on https://maven-central.storage-download.googleapis.com/maven2/org/danilopianini/publish-on-central/org.danilopianini.publish-on-central.gradle.plugin/9.2.6-dev02-378b3f4/org.danilopianini.publish-on-central.gradle.plugin-9.2.6-dev02-378b3f4.jar returned status 404
9.2.6-dev02-45ac659		2026-06-03T14:31:31Z	IOException: Tail request on https://maven-central.storage-download.googleapis.com/maven2/org/danilopianini/publish-on-central/org.danilopianini.publish-on-central.gradle.plugin/9.2.6-dev02-45ac659/org.danilopianini.publish-on-central.gradle.plugin-9.2.6-dev02-45ac659.jar returned status 404
9.2.6-dev02-e1596ec		2026-06-03T14:36:54Z	IOException: Tail request on https://maven-central.storage-download.googleapis.com/maven2/org/danilopianini/publish-on-central/org.danilopianini.publish-on-central.gradle.plugin/9.2.6-dev02-e1596ec/org.danilopianini.publish-on-central.gradle.plugin-9.2.6-dev02-e1596ec.jar returned status 404
9.2.6-dev02-e4de843		2026-06-03T14:22:00Z	IOException: Tail request on https://maven-central.storage-download.googleapis.com/maven2/org/danilopianini/publish-on-central/org.danilopianini.publish-on-central.gradle.plugin/9.2.6-dev02-e4de843/org.danilopianini.publish-on-central.gradle.plugin-9.2.6-dev02-e4de843.jar returned status 404
9.2.6-dev03-03568cc		2026-06-03T16:38:24Z	IOException: Tail request on https://maven-central.storage-download.googleapis.com/maven2/org/danilopianini/publish-on-central/org.danilopianini.publish-on-central.gradle.plugin/9.2.6-dev03-03568cc/org.danilopianini.publish-on-central.gradle.plugin-9.2.6-dev03-03568cc.jar returned status 404
9.2.6-dev03-2c7dda3		2026-06-03T15:20:02Z	IOException: Tail request on https://maven-central.storage-download.googleapis.com/maven2/org/danilopianini/publish-on-central/org.danilopianini.publish-on-central.gradle.plugin/9.2.6-dev03-2c7dda3/org.danilopianini.publish-on-central.gradle.plugin-9.2.6-dev03-2c7dda3.jar returned status 404
9.2.6-dev03-931df99		2026-06-03T15:02:52Z	IOException: Tail request on https://maven-central.storage-download.googleapis.com/maven2/org/danilopianini/publish-on-central/org.danilopianini.publish-on-central.gradle.plugin/9.2.6-dev03-931df99/org.danilopianini.publish-on-central.gradle.plugin-9.2.6-dev03-931df99.jar returned status 404
9.2.6-dev03-c4b3779		2026-06-03T15:07:04Z	IOException: Tail request on https://maven-central.storage-download.googleapis.com/maven2/org/danilopianini/publish-on-central/org.danilopianini.publish-on-central.gradle.plugin/9.2.6-dev03-c4b3779/org.danilopianini.publish-on-central.gradle.plugin-9.2.6-dev03-c4b3779.jar returned status 404
9.2.6-dev04-54f7abd		2026-06-03T16:33:00Z	IOException: Tail request on https://maven-central.storage-download.googleapis.com/maven2/org/danilopianini/publish-on-central/org.danilopianini.publish-on-central.gradle.plugin/9.2.6-dev04-54f7abd/org.danilopianini.publish-on-central.gradle.plugin-9.2.6-dev04-54f7abd.jar returned status 404
9.2.6-dev04-559ae41		2026-06-03T17:35:56Z	IOException: Tail request on https://maven-central.storage-download.googleapis.com/maven2/org/danilopianini/publish-on-central/org.danilopianini.publish-on-central.gradle.plugin/9.2.6-dev04-559ae41/org.danilopianini.publish-on-central.gradle.plugin-9.2.6-dev04-559ae41.jar returned status 404
9.2.6-dev05-3e7b8a3		2026-06-03T23:17:20Z	IOException: Tail request on https://maven-central.storage-download.googleapis.com/maven2/org/danilopianini/publish-on-central/org.danilopianini.publish-on-central.gradle.plugin/9.2.6-dev05-3e7b8a3/org.danilopianini.publish-on-central.gradle.plugin-9.2.6-dev05-3e7b8a3.jar returned status 404
9.2.6-dev06-76d531d		2026-06-10T12:59:16Z	IOException: Tail request on https://maven-central.storage-download.googleapis.com/maven2/org/danilopianini/publish-on-central/org.danilopianini.publish-on-central.gradle.plugin/9.2.6-dev06-76d531d/org.danilopianini.publish-on-central.gradle.plugin-9.2.6-dev06-76d531d.jar returned status 404
9.2.6-dev06-c2ef693		2026-06-10T13:23:39Z	IOException: Tail request on https://maven-central.storage-download.googleapis.com/maven2/org/danilopianini/publish-on-central/org.danilopianini.publish-on-central.gradle.plugin/9.2.6-dev06-c2ef693/org.danilopianini.publish-on-central.gradle.plugin-9.2.6-dev06-c2ef693.jar returned status 404
9.2.6-dev07-ba596dc		2026-06-12T19:01:22Z	IOException: Tail request on https://maven-central.storage-download.googleapis.com/maven2/org/danilopianini/publish-on-central/org.danilopianini.publish-on-central.gradle.plugin/9.2.6-dev07-ba596dc/org.danilopianini.publish-on-central.gradle.plugin-9.2.6-dev07-ba596dc.jar returned status 404
9.2.6-dev07-c6dd61d		2026-06-12T19:24:18Z	IOException: Tail request on https://maven-central.storage-download.googleapis.com/maven2/org/danilopianini/publish-on-central/org.danilopianini.publish-on-central.gradle.plugin/9.2.6-dev07-c6dd61d/org.danilopianini.publish-on-central.gradle.plugin-9.2.6-dev07-c6dd61d.jar returned status 404
9.2.6-dev08-36e386b		2026-06-13T18:43:24Z	IOException: Tail request on https://maven-central.storage-download.googleapis.com/maven2/org/danilopianini/publish-on-central/org.danilopianini.publish-on-central.gradle.plugin/9.2.6-dev08-36e386b/org.danilopianini.publish-on-central.gradle.plugin-9.2.6-dev08-36e386b.jar returned status 404
9.2.6-dev08-c51a320		2026-06-13T18:16:08Z	IOException: Tail request on https://maven-central.storage-download.googleapis.com/maven2/org/danilopianini/publish-on-central/org.danilopianini.publish-on-central.gradle.plugin/9.2.6-dev08-c51a320/org.danilopianini.publish-on-central.gradle.plugin-9.2.6-dev08-c51a320.jar returned status 404
9.2.6-dev09-3ca807e		2026-06-16T02:53:03Z	IOException: Tail request on https://maven-central.storage-download.googleapis.com/maven2/org/danilopianini/publish-on-central/org.danilopianini.publish-on-central.gradle.plugin/9.2.6-dev09-3ca807e/org.danilopianini.publish-on-central.gradle.plugin-9.2.6-dev09-3ca807e.jar returned status 404
9.2.6-dev09-401e82d		2026-06-16T03:22:57Z	IOException: Tail request on https://maven-central.storage-download.googleapis.com/maven2/org/danilopianini/publish-on-central/org.danilopianini.publish-on-central.gradle.plugin/9.2.6-dev09-401e82d/org.danilopianini.publish-on-central.gradle.plugin-9.2.6-dev09-401e82d.jar returned status 404
9.2.6-dev0a-56c14d8		2026-06-16T19:17:30Z	IOException: Tail request on https://maven-central.storage-download.googleapis.com/maven2/org/danilopianini/publish-on-central/org.danilopianini.publish-on-central.gradle.plugin/9.2.6-dev0a-56c14d8/org.danilopianini.publish-on-central.gradle.plugin-9.2.6-dev0a-56c14d8.jar returned status 404
9.2.6-dev0a-ea9d4fa		2026-06-16T19:45:44Z	IOException: Tail request on https://maven-central.storage-download.googleapis.com/maven2/org/danilopianini/publish-on-central/org.danilopianini.publish-on-central.gradle.plugin/9.2.6-dev0a-ea9d4fa/org.danilopianini.publish-on-central.gradle.plugin-9.2.6-dev0a-ea9d4fa.jar returned status 404
9.2.6-dev0b-0b6d1c7		2026-06-16T23:12:17Z	IOException: Tail request on https://maven-central.storage-download.googleapis.com/maven2/org/danilopianini/publish-on-central/org.danilopianini.publish-on-central.gradle.plugin/9.2.6-dev0b-0b6d1c7/org.danilopianini.publish-on-central.gradle.plugin-9.2.6-dev0b-0b6d1c7.jar returned status 404
9.2.6-dev0b-44e41e0		2026-06-16T23:12:55Z	IOException: Tail request on https://maven-central.storage-download.googleapis.com/maven2/org/danilopianini/publish-on-central/org.danilopianini.publish-on-central.gradle.plugin/9.2.6-dev0b-44e41e0/org.danilopianini.publish-on-central.gradle.plugin-9.2.6-dev0b-44e41e0.jar returned status 404
9.2.6-dev0b-d402f78		2026-06-16T23:38:15Z	IOException: Tail request on https://maven-central.storage-download.googleapis.com/maven2/org/danilopianini/publish-on-central/org.danilopianini.publish-on-central.gradle.plugin/9.2.6-dev0b-d402f78/org.danilopianini.publish-on-central.gradle.plugin-9.2.6-dev0b-d402f78.jar returned status 404
9.2.6-dev0c-11f93e6		2026-06-16T23:38:55Z	IOException: Tail request on https://maven-central.storage-download.googleapis.com/maven2/org/danilopianini/publish-on-central/org.danilopianini.publish-on-central.gradle.plugin/9.2.6-dev0c-11f93e6/org.danilopianini.publish-on-central.gradle.plugin-9.2.6-dev0c-11f93e6.jar returned status 404
9.2.6-dev0c-5c6dec4		2026-06-17T00:11:18Z	IOException: Tail request on https://maven-central.storage-download.googleapis.com/maven2/org/danilopianini/publish-on-central/org.danilopianini.publish-on-central.gradle.plugin/9.2.6-dev0c-5c6dec4/org.danilopianini.publish-on-central.gradle.plugin-9.2.6-dev0c-5c6dec4.jar returned status 404
9.2.6-dev0d-817f849		2026-06-17T00:42:17Z	IOException: Tail request on https://maven-central.storage-download.googleapis.com/maven2/org/danilopianini/publish-on-central/org.danilopianini.publish-on-central.gradle.plugin/9.2.6-dev0d-817f849/org.danilopianini.publish-on-central.gradle.plugin-9.2.6-dev0d-817f849.jar returned status 404
9.2.6-dev0e-4f758d6		2026-06-17T00:12:40Z	IOException: Tail request on https://maven-central.storage-download.googleapis.com/maven2/org/danilopianini/publish-on-central/org.danilopianini.publish-on-central.gradle.plugin/9.2.6-dev0e-4f758d6/org.danilopianini.publish-on-central.gradle.plugin-9.2.6-dev0e-4f758d6.jar returned status 404
9.2.6-dev0e-e6fd98d		2026-06-17T00:11:44Z	IOException: Tail request on https://maven-central.storage-download.googleapis.com/maven2/org/danilopianini/publish-on-central/org.danilopianini.publish-on-central.gradle.plugin/9.2.6-dev0e-e6fd98d/org.danilopianini.publish-on-central.gradle.plugin-9.2.6-dev0e-e6fd98d.jar returned status 404
9.2.6-dev0e-fe89d52		2026-06-17T01:11:34Z	IOException: Tail request on https://maven-central.storage-download.googleapis.com/maven2/org/danilopianini/publish-on-central/org.danilopianini.publish-on-central.gradle.plugin/9.2.6-dev0e-fe89d52/org.danilopianini.publish-on-central.gradle.plugin-9.2.6-dev0e-fe89d52.jar returned status 404
9.2.6-dev0f-b28c2c9		2026-06-18T19:43:21Z	IOException: Tail request on https://maven-central.storage-download.googleapis.com/maven2/org/danilopianini/publish-on-central/org.danilopianini.publish-on-central.gradle.plugin/9.2.6-dev0f-b28c2c9/org.danilopianini.publish-on-central.gradle.plugin-9.2.6-dev0f-b28c2c9.jar returned status 404
9.2.6-dev0f-d361cf6		2026-06-17T00:43:18Z	IOException: Tail request on https://maven-central.storage-download.googleapis.com/maven2/org/danilopianini/publish-on-central/org.danilopianini.publish-on-central.gradle.plugin/9.2.6-dev0f-d361cf6/org.danilopianini.publish-on-central.gradle.plugin-9.2.6-dev0f-d361cf6.jar returned status 404
9.2.6-dev0f-de53c64		2026-06-18T19:09:13Z	IOException: Tail request on https://maven-central.storage-download.googleapis.com/maven2/org/danilopianini/publish-on-central/org.danilopianini.publish-on-central.gradle.plugin/9.2.6-dev0f-de53c64/org.danilopianini.publish-on-central.gradle.plugin-9.2.6-dev0f-de53c64.jar returned status 404
9.2.6-dev0f-e238922		2026-06-18T19:10:22Z	IOException: Tail request on https://maven-central.storage-download.googleapis.com/maven2/org/danilopianini/publish-on-central/org.danilopianini.publish-on-central.gradle.plugin/9.2.6-dev0f-e238922/org.danilopianini.publish-on-central.gradle.plugin-9.2.6-dev0f-e238922.jar returned status 404
9.2.6-dev0g-5a73d31		2026-06-18T20:32:13Z	IOException: Tail request on https://maven-central.storage-download.googleapis.com/maven2/org/danilopianini/publish-on-central/org.danilopianini.publish-on-central.gradle.plugin/9.2.6-dev0g-5a73d31/org.danilopianini.publish-on-central.gradle.plugin-9.2.6-dev0g-5a73d31.jar returned status 404
9.2.6-dev0g-e1fe9a7		2026-06-18T19:42:14Z	IOException: Tail request on https://maven-central.storage-download.googleapis.com/maven2/org/danilopianini/publish-on-central/org.danilopianini.publish-on-central.gradle.plugin/9.2.6-dev0g-e1fe9a7/org.danilopianini.publish-on-central.gradle.plugin-9.2.6-dev0g-e1fe9a7.jar returned status 404
9.2.6-dev0h-3a19d5d		2026-06-19T00:51:29Z	IOException: Tail request on https://maven-central.storage-download.googleapis.com/maven2/org/danilopianini/publish-on-central/org.danilopianini.publish-on-central.gradle.plugin/9.2.6-dev0h-3a19d5d/org.danilopianini.publish-on-central.gradle.plugin-9.2.6-dev0h-3a19d5d.jar returned status 404
9.2.6-dev0h-dc8ec6c		2026-06-19T00:23:30Z	IOException: Tail request on https://maven-central.storage-download.googleapis.com/maven2/org/danilopianini/publish-on-central/org.danilopianini.publish-on-central.gradle.plugin/9.2.6-dev0h-dc8ec6c/org.danilopianini.publish-on-central.gradle.plugin-9.2.6-dev0h-dc8ec6c.jar returned status 404
9.2.6-dev0i-68e9aca		2026-06-19T10:50:13Z	IOException: Tail request on https://maven-central.storage-download.googleapis.com/maven2/org/danilopianini/publish-on-central/org.danilopianini.publish-on-central.gradle.plugin/9.2.6-dev0i-68e9aca/org.danilopianini.publish-on-central.gradle.plugin-9.2.6-dev0i-68e9aca.jar returned status 404
9.2.6-dev0i-c44842d		2026-06-19T11:19:30Z	IOException: Tail request on https://maven-central.storage-download.googleapis.com/maven2/org/danilopianini/publish-on-central/org.danilopianini.publish-on-central.gradle.plugin/9.2.6-dev0i-c44842d/org.danilopianini.publish-on-central.gradle.plugin-9.2.6-dev0i-c44842d.jar returned status 404
9.2.6-dev0i-c909f9d		2026-06-19T10:52:24Z	IOException: Tail request on https://maven-central.storage-download.googleapis.com/maven2/org/danilopianini/publish-on-central/org.danilopianini.publish-on-central.gradle.plugin/9.2.6-dev0i-c909f9d/org.danilopianini.publish-on-central.gradle.plugin-9.2.6-dev0i-c909f9d.jar returned status 404
9.2.6-dev0j-3275f36		2026-06-19T11:19:46Z	IOException: Tail request on https://maven-central.storage-download.googleapis.com/maven2/org/danilopianini/publish-on-central/org.danilopianini.publish-on-central.gradle.plugin/9.2.6-dev0j-3275f36/org.danilopianini.publish-on-central.gradle.plugin-9.2.6-dev0j-3275f36.jar returned status 404
9.2.6-dev0j-6e58acd		2026-06-19T11:54:09Z	IOException: Tail request on https://maven-central.storage-download.googleapis.com/maven2/org/danilopianini/publish-on-central/org.danilopianini.publish-on-central.gradle.plugin/9.2.6-dev0j-6e58acd/org.danilopianini.publish-on-central.gradle.plugin-9.2.6-dev0j-6e58acd.jar returned status 404
9.2.6-dev0j-e9f52dc		2026-06-19T11:21:10Z	IOException: Tail request on https://maven-central.storage-download.googleapis.com/maven2/org/danilopianini/publish-on-central/org.danilopianini.publish-on-central.gradle.plugin/9.2.6-dev0j-e9f52dc/org.danilopianini.publish-on-central.gradle.plugin-9.2.6-dev0j-e9f52dc.jar returned status 404
9.2.6-dev0k-39226a6		2026-06-19T11:47:32Z	IOException: Tail request on https://maven-central.storage-download.googleapis.com/maven2/org/danilopianini/publish-on-central/org.danilopianini.publish-on-central.gradle.plugin/9.2.6-dev0k-39226a6/org.danilopianini.publish-on-central.gradle.plugin-9.2.6-dev0k-39226a6.jar returned status 404
9.2.6-dev0k-5710b90		2026-06-19T12:43:34Z	IOException: Tail request on https://maven-central.storage-download.googleapis.com/maven2/org/danilopianini/publish-on-central/org.danilopianini.publish-on-central.gradle.plugin/9.2.6-dev0k-5710b90/org.danilopianini.publish-on-central.gradle.plugin-9.2.6-dev0k-5710b90.jar returned status 404
9.2.6-dev0l-f6d97a5		2026-06-19T12:14:56Z	IOException: Tail request on https://maven-central.storage-download.googleapis.com/maven2/org/danilopianini/publish-on-central/org.danilopianini.publish-on-central.gradle.plugin/9.2.6-dev0l-f6d97a5/org.danilopianini.publish-on-central.gradle.plugin-9.2.6-dev0l-f6d97a5.jar returned status 404
9.2.7		2026-06-26T17:53:23Z	IOException: Tail request on https://maven-central.storage-download.googleapis.com/maven2/org/danilopianini/publish-on-central/org.danilopianini.publish-on-central.gradle.plugin/9.2.7/org.danilopianini.publish-on-central.gradle.plugin-9.2.7.jar returned status 404
9.2.7-dev01-82b67c3		2026-06-19T15:56:49Z	IOException: Tail request on https://maven-central.storage-download.googleapis.com/maven2/org/danilopianini/publish-on-central/org.danilopianini.publish-on-central.gradle.plugin/9.2.7-dev01-82b67c3/org.danilopianini.publish-on-central.gradle.plugin-9.2.7-dev01-82b67c3.jar returned status 404
9.2.7-dev01-9751cab		2026-06-19T16:22:27Z	IOException: Tail request on https://maven-central.storage-download.googleapis.com/maven2/org/danilopianini/publish-on-central/org.danilopianini.publish-on-central.gradle.plugin/9.2.7-dev01-9751cab/org.danilopianini.publish-on-central.gradle.plugin-9.2.7-dev01-9751cab.jar returned status 404
9.2.7-dev02-15d6d46		2026-06-20T03:26:13Z	IOException: Tail request on https://maven-central.storage-download.googleapis.com/maven2/org/danilopianini/publish-on-central/org.danilopianini.publish-on-central.gradle.plugin/9.2.7-dev02-15d6d46/org.danilopianini.publish-on-central.gradle.plugin-9.2.7-dev02-15d6d46.jar returned status 404
9.2.7-dev02-fed87d0		2026-06-20T02:59:16Z	IOException: Tail request on https://maven-central.storage-download.googleapis.com/maven2/org/danilopianini/publish-on-central/org.danilopianini.publish-on-central.gradle.plugin/9.2.7-dev02-fed87d0/org.danilopianini.publish-on-central.gradle.plugin-9.2.7-dev02-fed87d0.jar returned status 404
9.2.7-dev03-12c28dd		2026-06-23T22:54:09Z	IOException: Tail request on https://maven-central.storage-download.googleapis.com/maven2/org/danilopianini/publish-on-central/org.danilopianini.publish-on-central.gradle.plugin/9.2.7-dev03-12c28dd/org.danilopianini.publish-on-central.gradle.plugin-9.2.7-dev03-12c28dd.jar returned status 404
9.2.7-dev03-4bdd4d4		2026-06-23T23:21:14Z	IOException: Tail request on https://maven-central.storage-download.googleapis.com/maven2/org/danilopianini/publish-on-central/org.danilopianini.publish-on-central.gradle.plugin/9.2.7-dev03-4bdd4d4/org.danilopianini.publish-on-central.gradle.plugin-9.2.7-dev03-4bdd4d4.jar returned status 404
9.2.7-dev04-75264dd		2026-06-25T19:04:32Z	IOException: Tail request on https://maven-central.storage-download.googleapis.com/maven2/org/danilopianini/publish-on-central/org.danilopianini.publish-on-central.gradle.plugin/9.2.7-dev04-75264dd/org.danilopianini.publish-on-central.gradle.plugin-9.2.7-dev04-75264dd.jar returned status 404
9.2.7-dev04-d80960f		2026-06-25T18:41:51Z	IOException: Tail request on https://maven-central.storage-download.googleapis.com/maven2/org/danilopianini/publish-on-central/org.danilopianini.publish-on-central.gradle.plugin/9.2.7-dev04-d80960f/org.danilopianini.publish-on-central.gradle.plugin-9.2.7-dev04-d80960f.jar returned status 404
9.2.7-dev04-df1bf60		2026-06-25T18:41:14Z	IOException: Tail request on https://maven-central.storage-download.googleapis.com/maven2/org/danilopianini/publish-on-central/org.danilopianini.publish-on-central.gradle.plugin/9.2.7-dev04-df1bf60/org.danilopianini.publish-on-central.gradle.plugin-9.2.7-dev04-df1bf60.jar returned status 404
9.2.7-dev05-3b53577		2026-06-25T19:05:18Z	IOException: Tail request on https://maven-central.storage-download.googleapis.com/maven2/org/danilopianini/publish-on-central/org.danilopianini.publish-on-central.gradle.plugin/9.2.7-dev05-3b53577/org.danilopianini.publish-on-central.gradle.plugin-9.2.7-dev05-3b53577.jar returned status 404
9.2.7-dev05-4588105		2026-06-25T19:53:09Z	IOException: Tail request on https://maven-central.storage-download.googleapis.com/maven2/org/danilopianini/publish-on-central/org.danilopianini.publish-on-central.gradle.plugin/9.2.7-dev05-4588105/org.danilopianini.publish-on-central.gradle.plugin-9.2.7-dev05-4588105.jar returned status 404
9.2.7-dev06-86c083f		2026-06-26T03:41:06Z	IOException: Tail request on https://maven-central.storage-download.googleapis.com/maven2/org/danilopianini/publish-on-central/org.danilopianini.publish-on-central.gradle.plugin/9.2.7-dev06-86c083f/org.danilopianini.publish-on-central.gradle.plugin-9.2.7-dev06-86c083f.jar returned status 404
9.2.7-dev06-9ff22c5		2026-06-26T03:12:59Z	IOException: Tail request on https://maven-central.storage-download.googleapis.com/maven2/org/danilopianini/publish-on-central/org.danilopianini.publish-on-central.gradle.plugin/9.2.7-dev06-9ff22c5/org.danilopianini.publish-on-central.gradle.plugin-9.2.7-dev06-9ff22c5.jar returned status 404
9.2.7-dev07-9e94f04		2026-06-26T17:14:41Z	IOException: Tail request on https://maven-central.storage-download.googleapis.com/maven2/org/danilopianini/publish-on-central/org.danilopianini.publish-on-central.gradle.plugin/9.2.7-dev07-9e94f04/org.danilopianini.publish-on-central.gradle.plugin-9.2.7-dev07-9e94f04.jar returned status 404
9.2.7-dev07-b751df0		2026-06-26T17:40:00Z	IOException: Tail request on https://maven-central.storage-download.googleapis.com/maven2/org/danilopianini/publish-on-central/org.danilopianini.publish-on-central.gradle.plugin/9.2.7-dev07-b751df0/org.danilopianini.publish-on-central.gradle.plugin-9.2.7-dev07-b751df0.jar returned status 404
9.2.8			IOException: Tail request on https://maven-central.storage-download.googleapis.com/maven2/org/danilopianini/publish-on-central/org.danilopianini.publish-on-central.gradle.plugin/9.2.8/org.danilopianini.publish-on-central.gradle.plugin-9.2.8.jar returned status 404
9.2.8-dev01-390d71f		2026-06-26T23:54:08Z	IOException: Tail request on https://maven-central.storage-download.googleapis.com/maven2/org/danilopianini/publish-on-central/org.danilopianini.publish-on-central.gradle.plugin/9.2.8-dev01-390d71f/org.danilopianini.publish-on-central.gradle.plugin-9.2.8-dev01-390d71f.jar returned status 404
9.2.8-dev01-3c3470f		2026-06-26T23:52:58Z	IOException: Tail request on https://maven-central.storage-download.googleapis.com/maven2/org/danilopianini/publish-on-central/org.danilopianini.publish-on-central.gradle.plugin/9.2.8-dev01-3c3470f/org.danilopianini.publish-on-central.gradle.plugin-9.2.8-dev01-3c3470f.jar returned status 404
9.2.8-dev01-d89173d		2026-06-26T23:50:59Z	IOException: Tail request on https://maven-central.storage-download.googleapis.com/maven2/org/danilopianini/publish-on-central/org.danilopianini.publish-on-central.gradle.plugin/9.2.8-dev01-d89173d/org.danilopianini.publish-on-central.gradle.plugin-9.2.8-dev01-d89173d.jar returned status 404
9.2.8-dev01-ef15fef		2026-06-27T01:01:56Z	IOException: Tail request on https://maven-central.storage-download.googleapis.com/maven2/org/danilopianini/publish-on-central/org.danilopianini.publish-on-central.gradle.plugin/9.2.8-dev01-ef15fef/org.danilopianini.publish-on-central.gradle.plugin-9.2.8-dev01-ef15fef.jar returned status 404
9.2.8-dev02-0ac0e32		2026-06-27T01:03:23Z	IOException: Tail request on https://maven-central.storage-download.googleapis.com/maven2/org/danilopianini/publish-on-central/org.danilopianini.publish-on-central.gradle.plugin/9.2.8-dev02-0ac0e32/org.danilopianini.publish-on-central.gradle.plugin-9.2.8-dev02-0ac0e32.jar returned status 404
9.2.8-dev02-54d2d1f		2026-06-27T01:03:06Z	IOException: Tail request on https://maven-central.storage-download.googleapis.com/maven2/org/danilopianini/publish-on-central/org.danilopianini.publish-on-central.gradle.plugin/9.2.8-dev02-54d2d1f/org.danilopianini.publish-on-central.gradle.plugin-9.2.8-dev02-54d2d1f.jar returned status 404
9.2.8-dev02-ed0fd74		2026-06-27T01:54:54Z	IOException: Tail request on https://maven-central.storage-download.googleapis.com/maven2/org/danilopianini/publish-on-central/org.danilopianini.publish-on-central.gradle.plugin/9.2.8-dev02-ed0fd74/org.danilopianini.publish-on-central.gradle.plugin-9.2.8-dev02-ed0fd74.jar returned status 404
9.2.8-dev03-5d97b94		2026-06-27T01:36:30Z	IOException: Tail request on https://maven-central.storage-download.googleapis.com/maven2/org/danilopianini/publish-on-central/org.danilopianini.publish-on-central.gradle.plugin/9.2.8-dev03-5d97b94/org.danilopianini.publish-on-central.gradle.plugin-9.2.8-dev03-5d97b94.jar returned status 404
9.2.8-dev03-d140072		2026-06-27T02:21:55Z	IOException: Tail request on https://maven-central.storage-download.googleapis.com/maven2/org/danilopianini/publish-on-central/org.danilopianini.publish-on-central.gradle.plugin/9.2.8-dev03-d140072/org.danilopianini.publish-on-central.gradle.plugin-9.2.8-dev03-d140072.jar returned status 404
9.2.8-dev04-366bc39		2026-06-27T05:17:13Z	IOException: Tail request on https://maven-central.storage-download.googleapis.com/maven2/org/danilopianini/publish-on-central/org.danilopianini.publish-on-central.gradle.plugin/9.2.8-dev04-366bc39/org.danilopianini.publish-on-central.gradle.plugin-9.2.8-dev04-366bc39.jar returned status 404
9.2.8-dev04-a754a8e		2026-06-27T05:41:23Z	IOException: Tail request on https://maven-central.storage-download.googleapis.com/maven2/org/danilopianini/publish-on-central/org.danilopianini.publish-on-central.gradle.plugin/9.2.8-dev04-a754a8e/org.danilopianini.publish-on-central.gradle.plugin-9.2.8-dev04-a754a8e.jar returned status 404
9.2.8-dev05-6d8e741		2026-06-29T18:43:18Z	IOException: Tail request on https://maven-central.storage-download.googleapis.com/maven2/org/danilopianini/publish-on-central/org.danilopianini.publish-on-central.gradle.plugin/9.2.8-dev05-6d8e741/org.danilopianini.publish-on-central.gradle.plugin-9.2.8-dev05-6d8e741.jar returned status 404
9.2.8-dev05-9d9cb7d		2026-06-29T18:15:10Z	IOException: Tail request on https://maven-central.storage-download.googleapis.com/maven2/org/danilopianini/publish-on-central/org.danilopianini.publish-on-central.gradle.plugin/9.2.8-dev05-9d9cb7d/org.danilopianini.publish-on-central.gradle.plugin-9.2.8-dev05-9d9cb7d.jar returned status 404
9.2.8-dev06-8cbaaca		2026-06-30T13:32:50Z	IOException: Tail request on https://maven-central.storage-download.googleapis.com/maven2/org/danilopianini/publish-on-central/org.danilopianini.publish-on-central.gradle.plugin/9.2.8-dev06-8cbaaca/org.danilopianini.publish-on-central.gradle.plugin-9.2.8-dev06-8cbaaca.jar returned status 404
9.2.8-dev06-c72b038		2026-06-30T13:04:48Z	IOException: Tail request on https://maven-central.storage-download.googleapis.com/maven2/org/danilopianini/publish-on-central/org.danilopianini.publish-on-central.gradle.plugin/9.2.8-dev06-c72b038/org.danilopianini.publish-on-central.gradle.plugin-9.2.8-dev06-c72b038.jar returned status 404
9.2.8-dev07-5aa457a			IOException: Tail request on https://maven-central.storage-download.googleapis.com/maven2/org/danilopianini/publish-on-central/org.danilopianini.publish-on-central.gradle.plugin/9.2.8-dev07-5aa457a/org.danilopianini.publish-on-central.gradle.plugin-9.2.8-dev07-5aa457a.jar returned status 404
9.2.8-dev07-80962ba			IOException: Tail request on https://maven-central.storage-download.googleapis.com/maven2/org/danilopianini/publish-on-central/org.danilopianini.publish-on-central.gradle.plugin/9.2.8-dev07-80962ba/org.danilopianini.publish-on-central.gradle.plugin-9.2.8-dev07-80962ba.jar returned status 404
9.2.8-dev08-708e1a6			IOException: Tail request on https://maven-central.storage-download.googleapis.com/maven2/org/danilopianini/publish-on-central/org.danilopianini.publish-on-central.gradle.plugin/9.2.8-dev08-708e1a6/org.danilopianini.publish-on-central.gradle.plugin-9.2.8-dev08-708e1a6.jar returned status 404
9.2.8-dev08-d28470c			IOException: Tail request on https://maven-central.storage-download.googleapis.com/maven2/org/danilopianini/publish-on-central/org.danilopianini.publish-on-central.gradle.plugin/9.2.8-dev08-d28470c/org.danilopianini.publish-on-central.gradle.plugin-9.2.8-dev08-d28470c.jar returned status 404
9.2.8-dev09-1824c34			IOException: Tail request on https://maven-central.storage-download.googleapis.com/maven2/org/danilopianini/publish-on-central/org.danilopianini.publish-on-central.gradle.plugin/9.2.8-dev09-1824c34/org.danilopianini.publish-on-central.gradle.plugin-9.2.8-dev09-1824c34.jar returned status 404
9.2.8-dev09-a875afb			IOException: Tail request on https://maven-central.storage-download.googleapis.com/maven2/org/danilopianini/publish-on-central/org.danilopianini.publish-on-central.gradle.plugin/9.2.8-dev09-a875afb/org.danilopianini.publish-on-central.gradle.plugin-9.2.8-dev09-a875afb.jar returned status 404
9.2.8-dev09-e11da29			IOException: Tail request on https://maven-central.storage-download.googleapis.com/maven2/org/danilopianini/publish-on-central/org.danilopianini.publish-on-central.gradle.plugin/9.2.8-dev09-e11da29/org.danilopianini.publish-on-central.gradle.plugin-9.2.8-dev09-e11da29.jar returned status 404
9.2.8-dev0a-2285678			IOException: Tail request on https://maven-central.storage-download.googleapis.com/maven2/org/danilopianini/publish-on-central/org.danilopianini.publish-on-central.gradle.plugin/9.2.8-dev0a-2285678/org.danilopianini.publish-on-central.gradle.plugin-9.2.8-dev0a-2285678.jar returned status 404
9.2.8-dev0a-53ee2d4			IOException: Tail request on https://maven-central.storage-download.googleapis.com/maven2/org/danilopianini/publish-on-central/org.danilopianini.publish-on-central.gradle.plugin/9.2.8-dev0a-53ee2d4/org.danilopianini.publish-on-central.gradle.plugin-9.2.8-dev0a-53ee2d4.jar returned status 404
9.2.9		2026-08-07T23:25:26Z	IOException: Tail request on https://maven-central.storage-download.googleapis.com/maven2/org/danilopianini/publish-on-central/org.danilopianini.publish-on-central.gradle.plugin/9.2.9/org.danilopianini.publish-on-central.gradle.plugin-9.2.9.jar returned status 404
9.2.9-dev01-0395fa7			IOException: Tail request on https://maven-central.storage-download.googleapis.com/maven2/org/danilopianini/publish-on-central/org.danilopianini.publish-on-central.gradle.plugin/9.2.9-dev01-0395fa7/org.danilopianini.publish-on-central.gradle.plugin-9.2.9-dev01-0395fa7.jar returned status 404
9.2.9-dev01-36bf3b2			IOException: Tail request on https://maven-central.storage-download.googleapis.com/maven2/org/danilopianini/publish-on-central/org.danilopianini.publish-on-central.gradle.plugin/9.2.9-dev01-36bf3b2/org.danilopianini.publish-on-central.gradle.plugin-9.2.9-dev01-36bf3b2.jar returned status 404
9.2.9-dev01-5a13428			IOException: Tail request on https://maven-central.storage-download.googleapis.com/maven2/org/danilopianini/publish-on-central/org.danilopianini.publish-on-central.gradle.plugin/9.2.9-dev01-5a13428/org.danilopianini.publish-on-central.gradle.plugin-9.2.9-dev01-5a13428.jar returned status 404
9.2.9-dev01-9658484			IOException: Tail request on https://maven-central.storage-download.googleapis.com/maven2/org/danilopianini/publish-on-central/org.danilopianini.publish-on-central.gradle.plugin/9.2.9-dev01-9658484/org.danilopianini.publish-on-central.gradle.plugin-9.2.9-dev01-9658484.jar returned status 404
9.2.9-dev01-ae81200			IOException: Tail request on https://maven-central.storage-download.googleapis.com/maven2/org/danilopianini/publish-on-central/org.danilopianini.publish-on-central.gradle.plugin/9.2.9-dev01-ae81200/org.danilopianini.publish-on-central.gradle.plugin-9.2.9-dev01-ae81200.jar returned status 404
9.2.9-dev02-07c553e			IOException: Tail request on https://maven-central.storage-download.googleapis.com/maven2/org/danilopianini/publish-on-central/org.danilopianini.publish-on-central.gradle.plugin/9.2.9-dev02-07c553e/org.danilopianini.publish-on-central.gradle.plugin-9.2.9-dev02-07c553e.jar returned status 404
9.2.9-dev02-6e41590			IOException: Tail request on https://maven-central.storage-download.googleapis.com/maven2/org/danilopianini/publish-on-central/org.danilopianini.publish-on-central.gradle.plugin/9.2.9-dev02-6e41590/org.danilopianini.publish-on-central.gradle.plugin-9.2.9-dev02-6e41590.jar returned status 404
9.2.9-dev02-9590747			IOException: Tail request on https://maven-central.storage-download.googleapis.com/maven2/org/danilopianini/publish-on-central/org.danilopianini.publish-on-central.gradle.plugin/9.2.9-dev02-9590747/org.danilopianini.publish-on-central.gradle.plugin-9.2.9-dev02-9590747.jar returned status 404
9.2.9-dev02-98d6507			IOException: Tail request on https://maven-central.storage-download.googleapis.com/maven2/org/danilopianini/publish-on-central/org.danilopianini.publish-on-central.gradle.plugin/9.2.9-dev02-98d6507/org.danilopianini.publish-on-central.gradle.plugin-9.2.9-dev02-98d6507.jar returned status 404
9.2.9-dev03-4544066			IOException: Tail request on https://maven-central.storage-download.googleapis.com/maven2/org/danilopianini/publish-on-central/org.danilopianini.publish-on-central.gradle.plugin/9.2.9-dev03-4544066/org.danilopianini.publish-on-central.gradle.plugin-9.2.9-dev03-4544066.jar returned status 404
9.2.9-dev03-4d79b5e			IOException: Tail request on https://maven-central.storage-download.googleapis.com/maven2/org/danilopianini/publish-on-central/org.danilopianini.publish-on-central.gradle.plugin/9.2.9-dev03-4d79b5e/org.danilopianini.publish-on-central.gradle.plugin-9.2.9-dev03-4d79b5e.jar returned status 404
9.2.9-dev03-61833bd			IOException: Tail request on https://maven-central.storage-download.googleapis.com/maven2/org/danilopianini/publish-on-central/org.danilopianini.publish-on-central.gradle.plugin/9.2.9-dev03-61833bd/org.danilopianini.publish-on-central.gradle.plugin-9.2.9-dev03-61833bd.jar returned status 404
9.2.9-dev04-0778112			IOException: Tail request on https://maven-central.storage-download.googleapis.com/maven2/org/danilopianini/publish-on-central/org.danilopianini.publish-on-central.gradle.plugin/9.2.9-dev04-0778112/org.danilopianini.publish-on-central.gradle.plugin-9.2.9-dev04-0778112.jar returned status 404
9.2.9-dev04-2ac4be3			IOException: Tail request on https://maven-central.storage-download.googleapis.com/maven2/org/danilopianini/publish-on-central/org.danilopianini.publish-on-central.gradle.plugin/9.2.9-dev04-2ac4be3/org.danilopianini.publish-on-central.gradle.plugin-9.2.9-dev04-2ac4be3.jar returned status 404
9.2.9-dev05-604b210			IOException: Tail request on https://maven-central.storage-download.googleapis.com/maven2/org/danilopianini/publish-on-central/org.danilopianini.publish-on-central.gradle.plugin/9.2.9-dev05-604b210/org.danilopianini.publish-on-central.gradle.plugin-9.2.9-dev05-604b210.jar returned status 404
9.2.9-dev05-bb8cdf3			IOException: Tail request on https://maven-central.storage-download.googleapis.com/maven2/org/danilopianini/publish-on-central/org.danilopianini.publish-on-central.gradle.plugin/9.2.9-dev05-bb8cdf3/org.danilopianini.publish-on-central.gradle.plugin-9.2.9-dev05-bb8cdf3.jar returned status 404
9.2.9-dev05-bdcb842			IOException: Tail request on https://maven-central.storage-download.googleapis.com/maven2/org/danilopianini/publish-on-central/org.danilopianini.publish-on-central.gradle.plugin/9.2.9-dev05-bdcb842/org.danilopianini.publish-on-central.gradle.plugin-9.2.9-dev05-bdcb842.jar returned status 404
9.2.9-dev06-095ffd8			IOException: Tail request on https://maven-central.storage-download.googleapis.com/maven2/org/danilopianini/publish-on-central/org.danilopianini.publish-on-central.gradle.plugin/9.2.9-dev06-095ffd8/org.danilopianini.publish-on-central.gradle.plugin-9.2.9-dev06-095ffd8.jar returned status 404
9.2.9-dev06-a48d3cc			IOException: Tail request on https://maven-central.storage-download.googleapis.com/maven2/org/danilopianini/publish-on-central/org.danilopianini.publish-on-central.gradle.plugin/9.2.9-dev06-a48d3cc/org.danilopianini.publish-on-central.gradle.plugin-9.2.9-dev06-a48d3cc.jar returned status 404
9.2.9-dev07-091dabf			IOException: Tail request on https://maven-central.storage-download.googleapis.com/maven2/org/danilopianini/publish-on-central/org.danilopianini.publish-on-central.gradle.plugin/9.2.9-dev07-091dabf/org.danilopianini.publish-on-central.gradle.plugin-9.2.9-dev07-091dabf.jar returned status 404
9.2.9-dev07-69a4332			IOException: Tail request on https://maven-central.storage-download.googleapis.com/maven2/org/danilopianini/publish-on-central/org.danilopianini.publish-on-central.gradle.plugin/9.2.9-dev07-69a4332/org.danilopianini.publish-on-central.gradle.plugin-9.2.9-dev07-69a4332.jar returned status 404
9.2.9-dev08-02c8562			IOException: Tail request on https://maven-central.storage-download.googleapis.com/maven2/org/danilopianini/publish-on-central/org.danilopianini.publish-on-central.gradle.plugin/9.2.9-dev08-02c8562/org.danilopianini.publish-on-central.gradle.plugin-9.2.9-dev08-02c8562.jar returned status 404
9.2.9-dev08-b5d7f4b			IOException: Tail request on https://maven-central.storage-download.googleapis.com/maven2/org/danilopianini/publish-on-central/org.danilopianini.publish-on-central.gradle.plugin/9.2.9-dev08-b5d7f4b/org.danilopianini.publish-on-central.gradle.plugin-9.2.9-dev08-b5d7f4b.jar returned status 404
9.2.9-dev08-d13bf25			IOException: Tail request on https://maven-central.storage-download.googleapis.com/maven2/org/danilopianini/publish-on-central/org.danilopianini.publish-on-central.gradle.plugin/9.2.9-dev08-d13bf25/org.danilopianini.publish-on-central.gradle.plugin-9.2.9-dev08-d13bf25.jar returned status 404
9.2.9-dev09-8d9c35d			IOException: Tail request on https://maven-central.storage-download.googleapis.com/maven2/org/danilopianini/publish-on-central/org.danilopianini.publish-on-central.gradle.plugin/9.2.9-dev09-8d9c35d/org.danilopianini.publish-on-central.gradle.plugin-9.2.9-dev09-8d9c35d.jar returned status 404
9.2.9-dev09-b066ce7			IOException: Tail request on https://maven-central.storage-download.googleapis.com/maven2/org/danilopianini/publish-on-central/org.danilopianini.publish-on-central.gradle.plugin/9.2.9-dev09-b066ce7/org.danilopianini.publish-on-central.gradle.plugin-9.2.9-dev09-b066ce7.jar returned status 404
9.2.9-dev0a-543f0a6			IOException: Tail request on https://maven-central.storage-download.googleapis.com/maven2/org/danilopianini/publish-on-central/org.danilopianini.publish-on-central.gradle.plugin/9.2.9-dev0a-543f0a6/org.danilopianini.publish-on-central.gradle.plugin-9.2.9-dev0a-543f0a6.jar returned status 404
9.2.9-dev0b-4a9b319			IOException: Tail request on https://maven-central.storage-download.googleapis.com/maven2/org/danilopianini/publish-on-central/org.danilopianini.publish-on-central.gradle.plugin/9.2.9-dev0b-4a9b319/org.danilopianini.publish-on-central.gradle.plugin-9.2.9-dev0b-4a9b319.jar returned status 404
9.2.9-dev0b-a486849			IOException: Tail request on https://maven-central.storage-download.googleapis.com/maven2/org/danilopianini/publish-on-central/org.danilopianini.publish-on-central.gradle.plugin/9.2.9-dev0b-a486849/org.danilopianini.publish-on-central.gradle.plugin-9.2.9-dev0b-a486849.jar returned status 404
9.2.9-dev0b-d6f8a03			IOException: Tail request on https://maven-central.storage-download.googleapis.com/maven2/org/danilopianini/publish-on-central/org.danilopianini.publish-on-central.gradle.plugin/9.2.9-dev0b-d6f8a03/org.danilopianini.publish-on-central.gradle.plugin-9.2.9-dev0b-d6f8a03.jar returned status 404
9.2.9-dev0c-4a0f07f			IOException: Tail request on https://maven-central.storage-download.googleapis.com/maven2/org/danilopianini/publish-on-central/org.danilopianini.publish-on-central.gradle.plugin/9.2.9-dev0c-4a0f07f/org.danilopianini.publish-on-central.gradle.plugin-9.2.9-dev0c-4a0f07f.jar returned status 404
9.2.9-dev0c-fa31581			IOException: Tail request on https://maven-central.storage-download.googleapis.com/maven2/org/danilopianini/publish-on-central/org.danilopianini.publish-on-central.gradle.plugin/9.2.9-dev0c-fa31581/org.danilopianini.publish-on-central.gradle.plugin-9.2.9-dev0c-fa31581.jar returned status 404
9.2.9-dev0d-8122c91			IOException: Tail request on https://maven-central.storage-download.googleapis.com/maven2/org/danilopianini/publish-on-central/org.danilopianini.publish-on-central.gradle.plugin/9.2.9-dev0d-8122c91/org.danilopianini.publish-on-central.gradle.plugin-9.2.9-dev0d-8122c91.jar returned status 404
9.2.9-dev0d-d3f41fb			IOException: Tail request on https://maven-central.storage-download.googleapis.com/maven2/org/danilopianini/publish-on-central/org.danilopianini.publish-on-central.gradle.plugin/9.2.9-dev0d-d3f41fb/org.danilopianini.publish-on-central.gradle.plugin-9.2.9-dev0d-d3f41fb.jar returned status 404
9.2.9-dev0e-96b2c03		2026-08-03T00:56:44Z	IOException: Tail request on https://maven-central.storage-download.googleapis.com/maven2/org/danilopianini/publish-on-central/org.danilopianini.publish-on-central.gradle.plugin/9.2.9-dev0e-96b2c03/org.danilopianini.publish-on-central.gradle.plugin-9.2.9-dev0e-96b2c03.jar returned status 404
9.2.9-dev0e-f990d6c		2026-08-03T01:18:45Z	IOException: Tail request on https://maven-central.storage-download.googleapis.com/maven2/org/danilopianini/publish-on-central/org.danilopianini.publish-on-central.gradle.plugin/9.2.9-dev0e-f990d6c/org.danilopianini.publish-on-central.gradle.plugin-9.2.9-dev0e-f990d6c.jar returned status 404
9.2.9-dev0f-6778a40		2026-08-06T01:03:41Z	IOException: Tail request on https://maven-central.storage-download.googleapis.com/maven2/org/danilopianini/publish-on-central/org.danilopianini.publish-on-central.gradle.plugin/9.2.9-dev0f-6778a40/org.danilopianini.publish-on-central.gradle.plugin-9.2.9-dev0f-6778a40.jar returned status 404
9.2.9-dev0f-c8bec4d		2026-08-06T01:27:47Z	IOException: Tail request on https://maven-central.storage-download.googleapis.com/maven2/org/danilopianini/publish-on-central/org.danilopianini.publish-on-central.gradle.plugin/9.2.9-dev0f-c8bec4d/org.danilopianini.publish-on-central.gradle.plugin-9.2.9-dev0f-c8bec4d.jar returned status 404
9.2.9-dev0g-7ef31ee		2026-08-07T22:14:30Z	IOException: Tail request on https://maven-central.storage-download.googleapis.com/maven2/org/danilopianini/publish-on-central/org.danilopianini.publish-on-central.gradle.plugin/9.2.9-dev0g-7ef31ee/org.danilopianini.publish-on-central.gradle.plugin-9.2.9-dev0g-7ef31ee.jar returned status 404
9.2.9-dev0g-e7592b4		2026-08-07T22:42:55Z	IOException: Tail request on https://maven-central.storage-download.googleapis.com/maven2/org/danilopianini/publish-on-central/org.danilopianini.publish-on-central.gradle.plugin/9.2.9-dev0g-e7592b4/org.danilopianini.publish-on-central.gradle.plugin-9.2.9-dev0g-e7592b4.jar returned status 404
9.2.9-dev0h-7180251		2026-08-07T22:43:55Z	IOException: Tail request on https://maven-central.storage-download.googleapis.com/maven2/org/danilopianini/publish-on-central/org.danilopianini.publish-on-central.gradle.plugin/9.2.9-dev0h-7180251/org.danilopianini.publish-on-central.gradle.plugin-9.2.9-dev0h-7180251.jar returned status 404
9.2.9-dev0h-d694ad2		2026-08-07T23:15:37Z	IOException: Tail request on https://maven-central.storage-download.googleapis.com/maven2/org/danilopianini/publish-on-central/org.danilopianini.publish-on-central.gradle.plugin/9.2.9-dev0h-d694ad2/org.danilopianini.publish-on-central.gradle.plugin-9.2.9-dev0h-d694ad2.jar returned status 404
