1.0.0			IOException: Tail request on https://maven-central.storage-download.googleapis.com/maven2/com/zegreatrob/jsmints/minreact-js/1.0.0/minreact-js-1.0.0.jar returned status 404
1.0.1			IOException: Tail request on https://maven-central.storage-download.googleapis.com/maven2/com/zegreatrob/jsmints/minreact-js/1.0.1/minreact-js-1.0.1.jar returned status 404
1.0.10			IOException: Tail request on https://maven-central.storage-download.googleapis.com/maven2/com/zegreatrob/jsmints/minreact-js/1.0.10/minreact-js-1.0.10.jar returned status 404
1.0.11			IOException: Tail request on https://maven-central.storage-download.googleapis.com/maven2/com/zegreatrob/jsmints/minreact-js/1.0.11/minreact-js-1.0.11.jar returned status 404
1.0.12			IOException: Tail request on https://maven-central.storage-download.googleapis.com/maven2/com/zegreatrob/jsmints/minreact-js/1.0.12/minreact-js-1.0.12.jar returned status 404
1.0.13			IOException: Tail request on https://maven-central.storage-download.googleapis.com/maven2/com/zegreatrob/jsmints/minreact-js/1.0.13/minreact-js-1.0.13.jar returned status 404
1.0.14			IOException: Tail request on https://maven-central.storage-download.googleapis.com/maven2/com/zegreatrob/jsmints/minreact-js/1.0.14/minreact-js-1.0.14.jar returned status 404
1.0.15			IOException: Tail request on https://maven-central.storage-download.googleapis.com/maven2/com/zegreatrob/jsmints/minreact-js/1.0.15/minreact-js-1.0.15.jar returned status 404
1.0.16			IOException: Tail request on https://maven-central.storage-download.googleapis.com/maven2/com/zegreatrob/jsmints/minreact-js/1.0.16/minreact-js-1.0.16.jar returned status 404
1.0.17			IOException: Tail request on https://maven-central.storage-download.googleapis.com/maven2/com/zegreatrob/jsmints/minreact-js/1.0.17/minreact-js-1.0.17.jar returned status 404
1.0.18			IOException: Tail request on https://maven-central.storage-download.googleapis.com/maven2/com/zegreatrob/jsmints/minreact-js/1.0.18/minreact-js-1.0.18.jar returned status 404
1.0.19			IOException: Tail request on https://maven-central.storage-download.googleapis.com/maven2/com/zegreatrob/jsmints/minreact-js/1.0.19/minreact-js-1.0.19.jar returned status 404
1.0.2			IOException: Tail request on https://maven-central.storage-download.googleapis.com/maven2/com/zegreatrob/jsmints/minreact-js/1.0.2/minreact-js-1.0.2.jar returned status 404
1.0.20			IOException: Tail request on https://maven-central.storage-download.googleapis.com/maven2/com/zegreatrob/jsmints/minreact-js/1.0.20/minreact-js-1.0.20.jar returned status 404
1.0.21			IOException: Tail request on https://maven-central.storage-download.googleapis.com/maven2/com/zegreatrob/jsmints/minreact-js/1.0.21/minreact-js-1.0.21.jar returned status 404
1.0.22			IOException: Tail request on https://maven-central.storage-download.googleapis.com/maven2/com/zegreatrob/jsmints/minreact-js/1.0.22/minreact-js-1.0.22.jar returned status 404
1.0.25			IOException: Tail request on https://maven-central.storage-download.googleapis.com/maven2/com/zegreatrob/jsmints/minreact-js/1.0.25/minreact-js-1.0.25.jar returned status 404
1.0.26			IOException: Tail request on https://maven-central.storage-download.googleapis.com/maven2/com/zegreatrob/jsmints/minreact-js/1.0.26/minreact-js-1.0.26.jar returned status 404
1.0.27			IOException: Tail request on https://maven-central.storage-download.googleapis.com/maven2/com/zegreatrob/jsmints/minreact-js/1.0.27/minreact-js-1.0.27.jar returned status 404
1.0.28			IOException: Tail request on https://maven-central.storage-download.googleapis.com/maven2/com/zegreatrob/jsmints/minreact-js/1.0.28/minreact-js-1.0.28.jar returned status 404
1.0.29			IOException: Tail request on https://maven-central.storage-download.googleapis.com/maven2/com/zegreatrob/jsmints/minreact-js/1.0.29/minreact-js-1.0.29.jar returned status 404
1.0.3			IOException: Tail request on https://maven-central.storage-download.googleapis.com/maven2/com/zegreatrob/jsmints/minreact-js/1.0.3/minreact-js-1.0.3.jar returned status 404
1.0.30			IOException: Tail request on https://maven-central.storage-download.googleapis.com/maven2/com/zegreatrob/jsmints/minreact-js/1.0.30/minreact-js-1.0.30.jar returned status 404
1.0.31			IOException: Tail request on https://maven-central.storage-download.googleapis.com/maven2/com/zegreatrob/jsmints/minreact-js/1.0.31/minreact-js-1.0.31.jar returned status 404
1.0.32			IOException: Tail request on https://maven-central.storage-download.googleapis.com/maven2/com/zegreatrob/jsmints/minreact-js/1.0.32/minreact-js-1.0.32.jar returned status 404
1.0.33			IOException: Tail request on https://maven-central.storage-download.googleapis.com/maven2/com/zegreatrob/jsmints/minreact-js/1.0.33/minreact-js-1.0.33.jar returned status 404
1.0.34			IOException: Tail request on https://maven-central.storage-download.googleapis.com/maven2/com/zegreatrob/jsmints/minreact-js/1.0.34/minreact-js-1.0.34.jar returned status 404
1.0.35			IOException: Tail request on https://maven-central.storage-download.googleapis.com/maven2/com/zegreatrob/jsmints/minreact-js/1.0.35/minreact-js-1.0.35.jar returned status 404
1.0.36			IOException: Tail request on https://maven-central.storage-download.googleapis.com/maven2/com/zegreatrob/jsmints/minreact-js/1.0.36/minreact-js-1.0.36.jar returned status 404
1.0.37			IOException: Tail request on https://maven-central.storage-download.googleapis.com/maven2/com/zegreatrob/jsmints/minreact-js/1.0.37/minreact-js-1.0.37.jar returned status 404
1.0.38			IOException: Tail request on https://maven-central.storage-download.googleapis.com/maven2/com/zegreatrob/jsmints/minreact-js/1.0.38/minreact-js-1.0.38.jar returned status 404
1.0.39			IOException: Tail request on https://maven-central.storage-download.googleapis.com/maven2/com/zegreatrob/jsmints/minreact-js/1.0.39/minreact-js-1.0.39.jar returned status 404
1.0.4			IOException: Tail request on https://maven-central.storage-download.googleapis.com/maven2/com/zegreatrob/jsmints/minreact-js/1.0.4/minreact-js-1.0.4.jar returned status 404
1.0.40			IOException: Tail request on https://maven-central.storage-download.googleapis.com/maven2/com/zegreatrob/jsmints/minreact-js/1.0.40/minreact-js-1.0.40.jar returned status 404
1.0.41			IOException: Tail request on https://maven-central.storage-download.googleapis.com/maven2/com/zegreatrob/jsmints/minreact-js/1.0.41/minreact-js-1.0.41.jar returned status 404
1.0.42			IOException: Tail request on https://maven-central.storage-download.googleapis.com/maven2/com/zegreatrob/jsmints/minreact-js/1.0.42/minreact-js-1.0.42.jar returned status 404
1.0.43			IOException: Tail request on https://maven-central.storage-download.googleapis.com/maven2/com/zegreatrob/jsmints/minreact-js/1.0.43/minreact-js-1.0.43.jar returned status 404
1.0.44			IOException: Tail request on https://maven-central.storage-download.googleapis.com/maven2/com/zegreatrob/jsmints/minreact-js/1.0.44/minreact-js-1.0.44.jar returned status 404
1.0.45			IOException: Tail request on https://maven-central.storage-download.googleapis.com/maven2/com/zegreatrob/jsmints/minreact-js/1.0.45/minreact-js-1.0.45.jar returned status 404
1.0.46			IOException: Tail request on https://maven-central.storage-download.googleapis.com/maven2/com/zegreatrob/jsmints/minreact-js/1.0.46/minreact-js-1.0.46.jar returned status 404
1.0.47			IOException: Tail request on https://maven-central.storage-download.googleapis.com/maven2/com/zegreatrob/jsmints/minreact-js/1.0.47/minreact-js-1.0.47.jar returned status 404
1.0.48			IOException: Tail request on https://maven-central.storage-download.googleapis.com/maven2/com/zegreatrob/jsmints/minreact-js/1.0.48/minreact-js-1.0.48.jar returned status 404
1.0.49			IOException: Tail request on https://maven-central.storage-download.googleapis.com/maven2/com/zegreatrob/jsmints/minreact-js/1.0.49/minreact-js-1.0.49.jar returned status 404
1.0.5			IOException: Tail request on https://maven-central.storage-download.googleapis.com/maven2/com/zegreatrob/jsmints/minreact-js/1.0.5/minreact-js-1.0.5.jar returned status 404
1.0.50			IOException: Tail request on https://maven-central.storage-download.googleapis.com/maven2/com/zegreatrob/jsmints/minreact-js/1.0.50/minreact-js-1.0.50.jar returned status 404
1.0.51			IOException: Tail request on https://maven-central.storage-download.googleapis.com/maven2/com/zegreatrob/jsmints/minreact-js/1.0.51/minreact-js-1.0.51.jar returned status 404
1.0.6			IOException: Tail request on https://maven-central.storage-download.googleapis.com/maven2/com/zegreatrob/jsmints/minreact-js/1.0.6/minreact-js-1.0.6.jar returned status 404
1.0.7			IOException: Tail request on https://maven-central.storage-download.googleapis.com/maven2/com/zegreatrob/jsmints/minreact-js/1.0.7/minreact-js-1.0.7.jar returned status 404
1.0.8			IOException: Tail request on https://maven-central.storage-download.googleapis.com/maven2/com/zegreatrob/jsmints/minreact-js/1.0.8/minreact-js-1.0.8.jar returned status 404
1.0.9			IOException: Tail request on https://maven-central.storage-download.googleapis.com/maven2/com/zegreatrob/jsmints/minreact-js/1.0.9/minreact-js-1.0.9.jar returned status 404
1.1.0			IOException: Tail request on https://maven-central.storage-download.googleapis.com/maven2/com/zegreatrob/jsmints/minreact-js/1.1.0/minreact-js-1.1.0.jar returned status 404
1.1.1			IOException: Tail request on https://maven-central.storage-download.googleapis.com/maven2/com/zegreatrob/jsmints/minreact-js/1.1.1/minreact-js-1.1.1.jar returned status 404
1.1.2			IOException: Tail request on https://maven-central.storage-download.googleapis.com/maven2/com/zegreatrob/jsmints/minreact-js/1.1.2/minreact-js-1.1.2.jar returned status 404
1.1.3			IOException: Tail request on https://maven-central.storage-download.googleapis.com/maven2/com/zegreatrob/jsmints/minreact-js/1.1.3/minreact-js-1.1.3.jar returned status 404
1.1.4			IOException: Tail request on https://maven-central.storage-download.googleapis.com/maven2/com/zegreatrob/jsmints/minreact-js/1.1.4/minreact-js-1.1.4.jar returned status 404
1.1.5			IOException: Tail request on https://maven-central.storage-download.googleapis.com/maven2/com/zegreatrob/jsmints/minreact-js/1.1.5/minreact-js-1.1.5.jar returned status 404
1.1.6			IOException: Tail request on https://maven-central.storage-download.googleapis.com/maven2/com/zegreatrob/jsmints/minreact-js/1.1.6/minreact-js-1.1.6.jar returned status 404
1.10.0			IOException: Tail request on https://maven-central.storage-download.googleapis.com/maven2/com/zegreatrob/jsmints/minreact-js/1.10.0/minreact-js-1.10.0.jar returned status 404
1.10.1			IOException: Tail request on https://maven-central.storage-download.googleapis.com/maven2/com/zegreatrob/jsmints/minreact-js/1.10.1/minreact-js-1.10.1.jar returned status 404
1.10.11			IOException: Tail request on https://maven-central.storage-download.googleapis.com/maven2/com/zegreatrob/jsmints/minreact-js/1.10.11/minreact-js-1.10.11.jar returned status 404
1.10.12			IOException: Tail request on https://maven-central.storage-download.googleapis.com/maven2/com/zegreatrob/jsmints/minreact-js/1.10.12/minreact-js-1.10.12.jar returned status 404
1.10.13			IOException: Tail request on https://maven-central.storage-download.googleapis.com/maven2/com/zegreatrob/jsmints/minreact-js/1.10.13/minreact-js-1.10.13.jar returned status 404
1.10.14			IOException: Tail request on https://maven-central.storage-download.googleapis.com/maven2/com/zegreatrob/jsmints/minreact-js/1.10.14/minreact-js-1.10.14.jar returned status 404
1.10.15			IOException: Tail request on https://maven-central.storage-download.googleapis.com/maven2/com/zegreatrob/jsmints/minreact-js/1.10.15/minreact-js-1.10.15.jar returned status 404
1.10.16			IOException: Tail request on https://maven-central.storage-download.googleapis.com/maven2/com/zegreatrob/jsmints/minreact-js/1.10.16/minreact-js-1.10.16.jar returned status 404
1.10.17			IOException: Tail request on https://maven-central.storage-download.googleapis.com/maven2/com/zegreatrob/jsmints/minreact-js/1.10.17/minreact-js-1.10.17.jar returned status 404
1.10.18			IOException: Tail request on https://maven-central.storage-download.googleapis.com/maven2/com/zegreatrob/jsmints/minreact-js/1.10.18/minreact-js-1.10.18.jar returned status 404
1.10.19			IOException: Tail request on https://maven-central.storage-download.googleapis.com/maven2/com/zegreatrob/jsmints/minreact-js/1.10.19/minreact-js-1.10.19.jar returned status 404
1.10.2			IOException: Tail request on https://maven-central.storage-download.googleapis.com/maven2/com/zegreatrob/jsmints/minreact-js/1.10.2/minreact-js-1.10.2.jar returned status 404
1.10.20			IOException: Tail request on https://maven-central.storage-download.googleapis.com/maven2/com/zegreatrob/jsmints/minreact-js/1.10.20/minreact-js-1.10.20.jar returned status 404
1.10.21			IOException: Tail request on https://maven-central.storage-download.googleapis.com/maven2/com/zegreatrob/jsmints/minreact-js/1.10.21/minreact-js-1.10.21.jar returned status 404
1.10.22			IOException: Tail request on https://maven-central.storage-download.googleapis.com/maven2/com/zegreatrob/jsmints/minreact-js/1.10.22/minreact-js-1.10.22.jar returned status 404
1.10.23			IOException: Tail request on https://maven-central.storage-download.googleapis.com/maven2/com/zegreatrob/jsmints/minreact-js/1.10.23/minreact-js-1.10.23.jar returned status 404
1.10.24			IOException: Tail request on https://maven-central.storage-download.googleapis.com/maven2/com/zegreatrob/jsmints/minreact-js/1.10.24/minreact-js-1.10.24.jar returned status 404
1.10.25			IOException: Tail request on https://maven-central.storage-download.googleapis.com/maven2/com/zegreatrob/jsmints/minreact-js/1.10.25/minreact-js-1.10.25.jar returned status 404
1.10.26			IOException: Tail request on https://maven-central.storage-download.googleapis.com/maven2/com/zegreatrob/jsmints/minreact-js/1.10.26/minreact-js-1.10.26.jar returned status 404
1.10.27			IOException: Tail request on https://maven-central.storage-download.googleapis.com/maven2/com/zegreatrob/jsmints/minreact-js/1.10.27/minreact-js-1.10.27.jar returned status 404
1.10.28			IOException: Tail request on https://maven-central.storage-download.googleapis.com/maven2/com/zegreatrob/jsmints/minreact-js/1.10.28/minreact-js-1.10.28.jar returned status 404
1.10.29			IOException: Tail request on https://maven-central.storage-download.googleapis.com/maven2/com/zegreatrob/jsmints/minreact-js/1.10.29/minreact-js-1.10.29.jar returned status 404
1.10.3			IOException: Tail request on https://maven-central.storage-download.googleapis.com/maven2/com/zegreatrob/jsmints/minreact-js/1.10.3/minreact-js-1.10.3.jar returned status 404
1.10.30			IOException: Tail request on https://maven-central.storage-download.googleapis.com/maven2/com/zegreatrob/jsmints/minreact-js/1.10.30/minreact-js-1.10.30.jar returned status 404
1.10.31			IOException: Tail request on https://maven-central.storage-download.googleapis.com/maven2/com/zegreatrob/jsmints/minreact-js/1.10.31/minreact-js-1.10.31.jar returned status 404
1.10.32			IOException: Tail request on https://maven-central.storage-download.googleapis.com/maven2/com/zegreatrob/jsmints/minreact-js/1.10.32/minreact-js-1.10.32.jar returned status 404
1.10.33			IOException: Tail request on https://maven-central.storage-download.googleapis.com/maven2/com/zegreatrob/jsmints/minreact-js/1.10.33/minreact-js-1.10.33.jar returned status 404
1.10.34			IOException: Tail request on https://maven-central.storage-download.googleapis.com/maven2/com/zegreatrob/jsmints/minreact-js/1.10.34/minreact-js-1.10.34.jar returned status 404
1.10.35			IOException: Tail request on https://maven-central.storage-download.googleapis.com/maven2/com/zegreatrob/jsmints/minreact-js/1.10.35/minreact-js-1.10.35.jar returned status 404
1.10.36			IOException: Tail request on https://maven-central.storage-download.googleapis.com/maven2/com/zegreatrob/jsmints/minreact-js/1.10.36/minreact-js-1.10.36.jar returned status 404
1.10.37			IOException: Tail request on https://maven-central.storage-download.googleapis.com/maven2/com/zegreatrob/jsmints/minreact-js/1.10.37/minreact-js-1.10.37.jar returned status 404
1.10.38			IOException: Tail request on https://maven-central.storage-download.googleapis.com/maven2/com/zegreatrob/jsmints/minreact-js/1.10.38/minreact-js-1.10.38.jar returned status 404
1.10.39			IOException: Tail request on https://maven-central.storage-download.googleapis.com/maven2/com/zegreatrob/jsmints/minreact-js/1.10.39/minreact-js-1.10.39.jar returned status 404
1.10.4			IOException: Tail request on https://maven-central.storage-download.googleapis.com/maven2/com/zegreatrob/jsmints/minreact-js/1.10.4/minreact-js-1.10.4.jar returned status 404
1.10.40			IOException: Tail request on https://maven-central.storage-download.googleapis.com/maven2/com/zegreatrob/jsmints/minreact-js/1.10.40/minreact-js-1.10.40.jar returned status 404
1.10.41			IOException: Tail request on https://maven-central.storage-download.googleapis.com/maven2/com/zegreatrob/jsmints/minreact-js/1.10.41/minreact-js-1.10.41.jar returned status 404
1.10.42			IOException: Tail request on https://maven-central.storage-download.googleapis.com/maven2/com/zegreatrob/jsmints/minreact-js/1.10.42/minreact-js-1.10.42.jar returned status 404
1.10.43			IOException: Tail request on https://maven-central.storage-download.googleapis.com/maven2/com/zegreatrob/jsmints/minreact-js/1.10.43/minreact-js-1.10.43.jar returned status 404
1.10.44			IOException: Tail request on https://maven-central.storage-download.googleapis.com/maven2/com/zegreatrob/jsmints/minreact-js/1.10.44/minreact-js-1.10.44.jar returned status 404
1.10.45			IOException: Tail request on https://maven-central.storage-download.googleapis.com/maven2/com/zegreatrob/jsmints/minreact-js/1.10.45/minreact-js-1.10.45.jar returned status 404
1.10.46			IOException: Tail request on https://maven-central.storage-download.googleapis.com/maven2/com/zegreatrob/jsmints/minreact-js/1.10.46/minreact-js-1.10.46.jar returned status 404
1.10.47			IOException: Tail request on https://maven-central.storage-download.googleapis.com/maven2/com/zegreatrob/jsmints/minreact-js/1.10.47/minreact-js-1.10.47.jar returned status 404
1.10.48			IOException: Tail request on https://maven-central.storage-download.googleapis.com/maven2/com/zegreatrob/jsmints/minreact-js/1.10.48/minreact-js-1.10.48.jar returned status 404
1.10.49			IOException: Tail request on https://maven-central.storage-download.googleapis.com/maven2/com/zegreatrob/jsmints/minreact-js/1.10.49/minreact-js-1.10.49.jar returned status 404
1.10.5			IOException: Tail request on https://maven-central.storage-download.googleapis.com/maven2/com/zegreatrob/jsmints/minreact-js/1.10.5/minreact-js-1.10.5.jar returned status 404
1.10.50			IOException: Tail request on https://maven-central.storage-download.googleapis.com/maven2/com/zegreatrob/jsmints/minreact-js/1.10.50/minreact-js-1.10.50.jar returned status 404
1.10.51			IOException: Tail request on https://maven-central.storage-download.googleapis.com/maven2/com/zegreatrob/jsmints/minreact-js/1.10.51/minreact-js-1.10.51.jar returned status 404
1.10.52			IOException: Tail request on https://maven-central.storage-download.googleapis.com/maven2/com/zegreatrob/jsmints/minreact-js/1.10.52/minreact-js-1.10.52.jar returned status 404
1.10.53			IOException: Tail request on https://maven-central.storage-download.googleapis.com/maven2/com/zegreatrob/jsmints/minreact-js/1.10.53/minreact-js-1.10.53.jar returned status 404
1.10.6			IOException: Tail request on https://maven-central.storage-download.googleapis.com/maven2/com/zegreatrob/jsmints/minreact-js/1.10.6/minreact-js-1.10.6.jar returned status 404
1.10.7			IOException: Tail request on https://maven-central.storage-download.googleapis.com/maven2/com/zegreatrob/jsmints/minreact-js/1.10.7/minreact-js-1.10.7.jar returned status 404
1.10.8			IOException: Tail request on https://maven-central.storage-download.googleapis.com/maven2/com/zegreatrob/jsmints/minreact-js/1.10.8/minreact-js-1.10.8.jar returned status 404
1.10.9			IOException: Tail request on https://maven-central.storage-download.googleapis.com/maven2/com/zegreatrob/jsmints/minreact-js/1.10.9/minreact-js-1.10.9.jar returned status 404
1.2.0			IOException: Tail request on https://maven-central.storage-download.googleapis.com/maven2/com/zegreatrob/jsmints/minreact-js/1.2.0/minreact-js-1.2.0.jar returned status 404
1.2.1			IOException: Tail request on https://maven-central.storage-download.googleapis.com/maven2/com/zegreatrob/jsmints/minreact-js/1.2.1/minreact-js-1.2.1.jar returned status 404
1.2.10			IOException: Tail request on https://maven-central.storage-download.googleapis.com/maven2/com/zegreatrob/jsmints/minreact-js/1.2.10/minreact-js-1.2.10.jar returned status 404
1.2.11			IOException: Tail request on https://maven-central.storage-download.googleapis.com/maven2/com/zegreatrob/jsmints/minreact-js/1.2.11/minreact-js-1.2.11.jar returned status 404
1.2.2			IOException: Tail request on https://maven-central.storage-download.googleapis.com/maven2/com/zegreatrob/jsmints/minreact-js/1.2.2/minreact-js-1.2.2.jar returned status 404
1.2.3			IOException: Tail request on https://maven-central.storage-download.googleapis.com/maven2/com/zegreatrob/jsmints/minreact-js/1.2.3/minreact-js-1.2.3.jar returned status 404
1.2.4			IOException: Tail request on https://maven-central.storage-download.googleapis.com/maven2/com/zegreatrob/jsmints/minreact-js/1.2.4/minreact-js-1.2.4.jar returned status 404
1.2.5			IOException: Tail request on https://maven-central.storage-download.googleapis.com/maven2/com/zegreatrob/jsmints/minreact-js/1.2.5/minreact-js-1.2.5.jar returned status 404
1.2.6			IOException: Tail request on https://maven-central.storage-download.googleapis.com/maven2/com/zegreatrob/jsmints/minreact-js/1.2.6/minreact-js-1.2.6.jar returned status 404
1.2.7			IOException: Tail request on https://maven-central.storage-download.googleapis.com/maven2/com/zegreatrob/jsmints/minreact-js/1.2.7/minreact-js-1.2.7.jar returned status 404
1.2.8			IOException: Tail request on https://maven-central.storage-download.googleapis.com/maven2/com/zegreatrob/jsmints/minreact-js/1.2.8/minreact-js-1.2.8.jar returned status 404
1.2.9			IOException: Tail request on https://maven-central.storage-download.googleapis.com/maven2/com/zegreatrob/jsmints/minreact-js/1.2.9/minreact-js-1.2.9.jar returned status 404
1.3.0			IOException: Tail request on https://maven-central.storage-download.googleapis.com/maven2/com/zegreatrob/jsmints/minreact-js/1.3.0/minreact-js-1.3.0.jar returned status 404
1.4.0			IOException: Tail request on https://maven-central.storage-download.googleapis.com/maven2/com/zegreatrob/jsmints/minreact-js/1.4.0/minreact-js-1.4.0.jar returned status 404
1.4.1			IOException: Tail request on https://maven-central.storage-download.googleapis.com/maven2/com/zegreatrob/jsmints/minreact-js/1.4.1/minreact-js-1.4.1.jar returned status 404
1.4.2			IOException: Tail request on https://maven-central.storage-download.googleapis.com/maven2/com/zegreatrob/jsmints/minreact-js/1.4.2/minreact-js-1.4.2.jar returned status 404
1.4.3			IOException: Tail request on https://maven-central.storage-download.googleapis.com/maven2/com/zegreatrob/jsmints/minreact-js/1.4.3/minreact-js-1.4.3.jar returned status 404
1.4.4			IOException: Tail request on https://maven-central.storage-download.googleapis.com/maven2/com/zegreatrob/jsmints/minreact-js/1.4.4/minreact-js-1.4.4.jar returned status 404
1.5.0			IOException: Tail request on https://maven-central.storage-download.googleapis.com/maven2/com/zegreatrob/jsmints/minreact-js/1.5.0/minreact-js-1.5.0.jar returned status 404
1.5.1			IOException: Tail request on https://maven-central.storage-download.googleapis.com/maven2/com/zegreatrob/jsmints/minreact-js/1.5.1/minreact-js-1.5.1.jar returned status 404
1.5.11			IOException: Tail request on https://maven-central.storage-download.googleapis.com/maven2/com/zegreatrob/jsmints/minreact-js/1.5.11/minreact-js-1.5.11.jar returned status 404
1.5.12			IOException: Tail request on https://maven-central.storage-download.googleapis.com/maven2/com/zegreatrob/jsmints/minreact-js/1.5.12/minreact-js-1.5.12.jar returned status 404
1.5.13			IOException: Tail request on https://maven-central.storage-download.googleapis.com/maven2/com/zegreatrob/jsmints/minreact-js/1.5.13/minreact-js-1.5.13.jar returned status 404
1.5.14			IOException: Tail request on https://maven-central.storage-download.googleapis.com/maven2/com/zegreatrob/jsmints/minreact-js/1.5.14/minreact-js-1.5.14.jar returned status 404
1.5.15			IOException: Tail request on https://maven-central.storage-download.googleapis.com/maven2/com/zegreatrob/jsmints/minreact-js/1.5.15/minreact-js-1.5.15.jar returned status 404
1.5.16			IOException: Tail request on https://maven-central.storage-download.googleapis.com/maven2/com/zegreatrob/jsmints/minreact-js/1.5.16/minreact-js-1.5.16.jar returned status 404
1.5.17			IOException: Tail request on https://maven-central.storage-download.googleapis.com/maven2/com/zegreatrob/jsmints/minreact-js/1.5.17/minreact-js-1.5.17.jar returned status 404
1.5.18			IOException: Tail request on https://maven-central.storage-download.googleapis.com/maven2/com/zegreatrob/jsmints/minreact-js/1.5.18/minreact-js-1.5.18.jar returned status 404
1.5.2			IOException: Tail request on https://maven-central.storage-download.googleapis.com/maven2/com/zegreatrob/jsmints/minreact-js/1.5.2/minreact-js-1.5.2.jar returned status 404
1.5.3			IOException: Tail request on https://maven-central.storage-download.googleapis.com/maven2/com/zegreatrob/jsmints/minreact-js/1.5.3/minreact-js-1.5.3.jar returned status 404
1.5.4			IOException: Tail request on https://maven-central.storage-download.googleapis.com/maven2/com/zegreatrob/jsmints/minreact-js/1.5.4/minreact-js-1.5.4.jar returned status 404
1.5.5			IOException: Tail request on https://maven-central.storage-download.googleapis.com/maven2/com/zegreatrob/jsmints/minreact-js/1.5.5/minreact-js-1.5.5.jar returned status 404
1.5.6			IOException: Tail request on https://maven-central.storage-download.googleapis.com/maven2/com/zegreatrob/jsmints/minreact-js/1.5.6/minreact-js-1.5.6.jar returned status 404
1.5.7			IOException: Tail request on https://maven-central.storage-download.googleapis.com/maven2/com/zegreatrob/jsmints/minreact-js/1.5.7/minreact-js-1.5.7.jar returned status 404
1.6.0			IOException: Tail request on https://maven-central.storage-download.googleapis.com/maven2/com/zegreatrob/jsmints/minreact-js/1.6.0/minreact-js-1.6.0.jar returned status 404
1.6.1			IOException: Tail request on https://maven-central.storage-download.googleapis.com/maven2/com/zegreatrob/jsmints/minreact-js/1.6.1/minreact-js-1.6.1.jar returned status 404
1.6.10			IOException: Tail request on https://maven-central.storage-download.googleapis.com/maven2/com/zegreatrob/jsmints/minreact-js/1.6.10/minreact-js-1.6.10.jar returned status 404
1.6.11			IOException: Tail request on https://maven-central.storage-download.googleapis.com/maven2/com/zegreatrob/jsmints/minreact-js/1.6.11/minreact-js-1.6.11.jar returned status 404
1.6.12			IOException: Tail request on https://maven-central.storage-download.googleapis.com/maven2/com/zegreatrob/jsmints/minreact-js/1.6.12/minreact-js-1.6.12.jar returned status 404
1.6.13			IOException: Tail request on https://maven-central.storage-download.googleapis.com/maven2/com/zegreatrob/jsmints/minreact-js/1.6.13/minreact-js-1.6.13.jar returned status 404
1.6.14			IOException: Tail request on https://maven-central.storage-download.googleapis.com/maven2/com/zegreatrob/jsmints/minreact-js/1.6.14/minreact-js-1.6.14.jar returned status 404
1.6.15			IOException: Tail request on https://maven-central.storage-download.googleapis.com/maven2/com/zegreatrob/jsmints/minreact-js/1.6.15/minreact-js-1.6.15.jar returned status 404
1.6.16			IOException: Tail request on https://maven-central.storage-download.googleapis.com/maven2/com/zegreatrob/jsmints/minreact-js/1.6.16/minreact-js-1.6.16.jar returned status 404
1.6.17			IOException: Tail request on https://maven-central.storage-download.googleapis.com/maven2/com/zegreatrob/jsmints/minreact-js/1.6.17/minreact-js-1.6.17.jar returned status 404
1.6.18			IOException: Tail request on https://maven-central.storage-download.googleapis.com/maven2/com/zegreatrob/jsmints/minreact-js/1.6.18/minreact-js-1.6.18.jar returned status 404
1.6.19			IOException: Tail request on https://maven-central.storage-download.googleapis.com/maven2/com/zegreatrob/jsmints/minreact-js/1.6.19/minreact-js-1.6.19.jar returned status 404
1.6.2			IOException: Tail request on https://maven-central.storage-download.googleapis.com/maven2/com/zegreatrob/jsmints/minreact-js/1.6.2/minreact-js-1.6.2.jar returned status 404
1.6.20			IOException: Tail request on https://maven-central.storage-download.googleapis.com/maven2/com/zegreatrob/jsmints/minreact-js/1.6.20/minreact-js-1.6.20.jar returned status 404
1.6.21			IOException: Tail request on https://maven-central.storage-download.googleapis.com/maven2/com/zegreatrob/jsmints/minreact-js/1.6.21/minreact-js-1.6.21.jar returned status 404
1.6.22			IOException: Tail request on https://maven-central.storage-download.googleapis.com/maven2/com/zegreatrob/jsmints/minreact-js/1.6.22/minreact-js-1.6.22.jar returned status 404
1.6.23			IOException: Tail request on https://maven-central.storage-download.googleapis.com/maven2/com/zegreatrob/jsmints/minreact-js/1.6.23/minreact-js-1.6.23.jar returned status 404
1.6.24			IOException: Tail request on https://maven-central.storage-download.googleapis.com/maven2/com/zegreatrob/jsmints/minreact-js/1.6.24/minreact-js-1.6.24.jar returned status 404
1.6.25			IOException: Tail request on https://maven-central.storage-download.googleapis.com/maven2/com/zegreatrob/jsmints/minreact-js/1.6.25/minreact-js-1.6.25.jar returned status 404
1.6.26			IOException: Tail request on https://maven-central.storage-download.googleapis.com/maven2/com/zegreatrob/jsmints/minreact-js/1.6.26/minreact-js-1.6.26.jar returned status 404
1.6.27			IOException: Tail request on https://maven-central.storage-download.googleapis.com/maven2/com/zegreatrob/jsmints/minreact-js/1.6.27/minreact-js-1.6.27.jar returned status 404
1.6.28			IOException: Tail request on https://maven-central.storage-download.googleapis.com/maven2/com/zegreatrob/jsmints/minreact-js/1.6.28/minreact-js-1.6.28.jar returned status 404
1.6.29			IOException: Tail request on https://maven-central.storage-download.googleapis.com/maven2/com/zegreatrob/jsmints/minreact-js/1.6.29/minreact-js-1.6.29.jar returned status 404
1.6.3			IOException: Tail request on https://maven-central.storage-download.googleapis.com/maven2/com/zegreatrob/jsmints/minreact-js/1.6.3/minreact-js-1.6.3.jar returned status 404
1.6.31			IOException: Tail request on https://maven-central.storage-download.googleapis.com/maven2/com/zegreatrob/jsmints/minreact-js/1.6.31/minreact-js-1.6.31.jar returned status 404
1.6.32			IOException: Tail request on https://maven-central.storage-download.googleapis.com/maven2/com/zegreatrob/jsmints/minreact-js/1.6.32/minreact-js-1.6.32.jar returned status 404
1.6.33			IOException: Tail request on https://maven-central.storage-download.googleapis.com/maven2/com/zegreatrob/jsmints/minreact-js/1.6.33/minreact-js-1.6.33.jar returned status 404
1.6.34			IOException: Tail request on https://maven-central.storage-download.googleapis.com/maven2/com/zegreatrob/jsmints/minreact-js/1.6.34/minreact-js-1.6.34.jar returned status 404
1.6.35			IOException: Tail request on https://maven-central.storage-download.googleapis.com/maven2/com/zegreatrob/jsmints/minreact-js/1.6.35/minreact-js-1.6.35.jar returned status 404
1.6.36			IOException: Tail request on https://maven-central.storage-download.googleapis.com/maven2/com/zegreatrob/jsmints/minreact-js/1.6.36/minreact-js-1.6.36.jar returned status 404
1.6.37			IOException: Tail request on https://maven-central.storage-download.googleapis.com/maven2/com/zegreatrob/jsmints/minreact-js/1.6.37/minreact-js-1.6.37.jar returned status 404
1.6.38			IOException: Tail request on https://maven-central.storage-download.googleapis.com/maven2/com/zegreatrob/jsmints/minreact-js/1.6.38/minreact-js-1.6.38.jar returned status 404
1.6.39			IOException: Tail request on https://maven-central.storage-download.googleapis.com/maven2/com/zegreatrob/jsmints/minreact-js/1.6.39/minreact-js-1.6.39.jar returned status 404
1.6.4			IOException: Tail request on https://maven-central.storage-download.googleapis.com/maven2/com/zegreatrob/jsmints/minreact-js/1.6.4/minreact-js-1.6.4.jar returned status 404
1.6.40			IOException: Tail request on https://maven-central.storage-download.googleapis.com/maven2/com/zegreatrob/jsmints/minreact-js/1.6.40/minreact-js-1.6.40.jar returned status 404
1.6.41			IOException: Tail request on https://maven-central.storage-download.googleapis.com/maven2/com/zegreatrob/jsmints/minreact-js/1.6.41/minreact-js-1.6.41.jar returned status 404
1.6.42			IOException: Tail request on https://maven-central.storage-download.googleapis.com/maven2/com/zegreatrob/jsmints/minreact-js/1.6.42/minreact-js-1.6.42.jar returned status 404
1.6.43			IOException: Tail request on https://maven-central.storage-download.googleapis.com/maven2/com/zegreatrob/jsmints/minreact-js/1.6.43/minreact-js-1.6.43.jar returned status 404
1.6.44			IOException: Tail request on https://maven-central.storage-download.googleapis.com/maven2/com/zegreatrob/jsmints/minreact-js/1.6.44/minreact-js-1.6.44.jar returned status 404
1.6.45			IOException: Tail request on https://maven-central.storage-download.googleapis.com/maven2/com/zegreatrob/jsmints/minreact-js/1.6.45/minreact-js-1.6.45.jar returned status 404
1.6.46			IOException: Tail request on https://maven-central.storage-download.googleapis.com/maven2/com/zegreatrob/jsmints/minreact-js/1.6.46/minreact-js-1.6.46.jar returned status 404
1.6.47			IOException: Tail request on https://maven-central.storage-download.googleapis.com/maven2/com/zegreatrob/jsmints/minreact-js/1.6.47/minreact-js-1.6.47.jar returned status 404
1.6.48			IOException: Tail request on https://maven-central.storage-download.googleapis.com/maven2/com/zegreatrob/jsmints/minreact-js/1.6.48/minreact-js-1.6.48.jar returned status 404
1.6.5			IOException: Tail request on https://maven-central.storage-download.googleapis.com/maven2/com/zegreatrob/jsmints/minreact-js/1.6.5/minreact-js-1.6.5.jar returned status 404
1.6.6			IOException: Tail request on https://maven-central.storage-download.googleapis.com/maven2/com/zegreatrob/jsmints/minreact-js/1.6.6/minreact-js-1.6.6.jar returned status 404
1.6.7			IOException: Tail request on https://maven-central.storage-download.googleapis.com/maven2/com/zegreatrob/jsmints/minreact-js/1.6.7/minreact-js-1.6.7.jar returned status 404
1.6.8			IOException: Tail request on https://maven-central.storage-download.googleapis.com/maven2/com/zegreatrob/jsmints/minreact-js/1.6.8/minreact-js-1.6.8.jar returned status 404
1.6.9			IOException: Tail request on https://maven-central.storage-download.googleapis.com/maven2/com/zegreatrob/jsmints/minreact-js/1.6.9/minreact-js-1.6.9.jar returned status 404
1.7.0			IOException: Tail request on https://maven-central.storage-download.googleapis.com/maven2/com/zegreatrob/jsmints/minreact-js/1.7.0/minreact-js-1.7.0.jar returned status 404
1.7.1			IOException: Tail request on https://maven-central.storage-download.googleapis.com/maven2/com/zegreatrob/jsmints/minreact-js/1.7.1/minreact-js-1.7.1.jar returned status 404
1.7.10			IOException: Tail request on https://maven-central.storage-download.googleapis.com/maven2/com/zegreatrob/jsmints/minreact-js/1.7.10/minreact-js-1.7.10.jar returned status 404
1.7.11			IOException: Tail request on https://maven-central.storage-download.googleapis.com/maven2/com/zegreatrob/jsmints/minreact-js/1.7.11/minreact-js-1.7.11.jar returned status 404
1.7.12			IOException: Tail request on https://maven-central.storage-download.googleapis.com/maven2/com/zegreatrob/jsmints/minreact-js/1.7.12/minreact-js-1.7.12.jar returned status 404
1.7.13			IOException: Tail request on https://maven-central.storage-download.googleapis.com/maven2/com/zegreatrob/jsmints/minreact-js/1.7.13/minreact-js-1.7.13.jar returned status 404
1.7.14			IOException: Tail request on https://maven-central.storage-download.googleapis.com/maven2/com/zegreatrob/jsmints/minreact-js/1.7.14/minreact-js-1.7.14.jar returned status 404
1.7.15			IOException: Tail request on https://maven-central.storage-download.googleapis.com/maven2/com/zegreatrob/jsmints/minreact-js/1.7.15/minreact-js-1.7.15.jar returned status 404
1.7.2			IOException: Tail request on https://maven-central.storage-download.googleapis.com/maven2/com/zegreatrob/jsmints/minreact-js/1.7.2/minreact-js-1.7.2.jar returned status 404
1.7.3			IOException: Tail request on https://maven-central.storage-download.googleapis.com/maven2/com/zegreatrob/jsmints/minreact-js/1.7.3/minreact-js-1.7.3.jar returned status 404
1.7.4			IOException: Tail request on https://maven-central.storage-download.googleapis.com/maven2/com/zegreatrob/jsmints/minreact-js/1.7.4/minreact-js-1.7.4.jar returned status 404
1.7.5			IOException: Tail request on https://maven-central.storage-download.googleapis.com/maven2/com/zegreatrob/jsmints/minreact-js/1.7.5/minreact-js-1.7.5.jar returned status 404
1.7.6			IOException: Tail request on https://maven-central.storage-download.googleapis.com/maven2/com/zegreatrob/jsmints/minreact-js/1.7.6/minreact-js-1.7.6.jar returned status 404
1.7.7			IOException: Tail request on https://maven-central.storage-download.googleapis.com/maven2/com/zegreatrob/jsmints/minreact-js/1.7.7/minreact-js-1.7.7.jar returned status 404
1.7.8			IOException: Tail request on https://maven-central.storage-download.googleapis.com/maven2/com/zegreatrob/jsmints/minreact-js/1.7.8/minreact-js-1.7.8.jar returned status 404
1.7.9			IOException: Tail request on https://maven-central.storage-download.googleapis.com/maven2/com/zegreatrob/jsmints/minreact-js/1.7.9/minreact-js-1.7.9.jar returned status 404
1.8.0			IOException: Tail request on https://maven-central.storage-download.googleapis.com/maven2/com/zegreatrob/jsmints/minreact-js/1.8.0/minreact-js-1.8.0.jar returned status 404
1.8.1			IOException: Tail request on https://maven-central.storage-download.googleapis.com/maven2/com/zegreatrob/jsmints/minreact-js/1.8.1/minreact-js-1.8.1.jar returned status 404
1.8.2			IOException: Tail request on https://maven-central.storage-download.googleapis.com/maven2/com/zegreatrob/jsmints/minreact-js/1.8.2/minreact-js-1.8.2.jar returned status 404
1.8.3			IOException: Tail request on https://maven-central.storage-download.googleapis.com/maven2/com/zegreatrob/jsmints/minreact-js/1.8.3/minreact-js-1.8.3.jar returned status 404
1.8.4			IOException: Tail request on https://maven-central.storage-download.googleapis.com/maven2/com/zegreatrob/jsmints/minreact-js/1.8.4/minreact-js-1.8.4.jar returned status 404
1.8.5			IOException: Tail request on https://maven-central.storage-download.googleapis.com/maven2/com/zegreatrob/jsmints/minreact-js/1.8.5/minreact-js-1.8.5.jar returned status 404
1.8.6			IOException: Tail request on https://maven-central.storage-download.googleapis.com/maven2/com/zegreatrob/jsmints/minreact-js/1.8.6/minreact-js-1.8.6.jar returned status 404
1.8.7			IOException: Tail request on https://maven-central.storage-download.googleapis.com/maven2/com/zegreatrob/jsmints/minreact-js/1.8.7/minreact-js-1.8.7.jar returned status 404
1.8.8			IOException: Tail request on https://maven-central.storage-download.googleapis.com/maven2/com/zegreatrob/jsmints/minreact-js/1.8.8/minreact-js-1.8.8.jar returned status 404
1.9.0			IOException: Tail request on https://maven-central.storage-download.googleapis.com/maven2/com/zegreatrob/jsmints/minreact-js/1.9.0/minreact-js-1.9.0.jar returned status 404
1.9.1			IOException: Tail request on https://maven-central.storage-download.googleapis.com/maven2/com/zegreatrob/jsmints/minreact-js/1.9.1/minreact-js-1.9.1.jar returned status 404
1.9.2			IOException: Tail request on https://maven-central.storage-download.googleapis.com/maven2/com/zegreatrob/jsmints/minreact-js/1.9.2/minreact-js-1.9.2.jar returned status 404
2.0.1			IOException: Tail request on https://maven-central.storage-download.googleapis.com/maven2/com/zegreatrob/jsmints/minreact-js/2.0.1/minreact-js-2.0.1.jar returned status 404
2.0.10			IOException: Tail request on https://maven-central.storage-download.googleapis.com/maven2/com/zegreatrob/jsmints/minreact-js/2.0.10/minreact-js-2.0.10.jar returned status 404
2.0.11			IOException: Tail request on https://maven-central.storage-download.googleapis.com/maven2/com/zegreatrob/jsmints/minreact-js/2.0.11/minreact-js-2.0.11.jar returned status 404
2.0.12			IOException: Tail request on https://maven-central.storage-download.googleapis.com/maven2/com/zegreatrob/jsmints/minreact-js/2.0.12/minreact-js-2.0.12.jar returned status 404
2.0.13			IOException: Tail request on https://maven-central.storage-download.googleapis.com/maven2/com/zegreatrob/jsmints/minreact-js/2.0.13/minreact-js-2.0.13.jar returned status 404
2.0.14			IOException: Tail request on https://maven-central.storage-download.googleapis.com/maven2/com/zegreatrob/jsmints/minreact-js/2.0.14/minreact-js-2.0.14.jar returned status 404
2.0.15			IOException: Tail request on https://maven-central.storage-download.googleapis.com/maven2/com/zegreatrob/jsmints/minreact-js/2.0.15/minreact-js-2.0.15.jar returned status 404
2.0.16			IOException: Tail request on https://maven-central.storage-download.googleapis.com/maven2/com/zegreatrob/jsmints/minreact-js/2.0.16/minreact-js-2.0.16.jar returned status 404
2.0.17			IOException: Tail request on https://maven-central.storage-download.googleapis.com/maven2/com/zegreatrob/jsmints/minreact-js/2.0.17/minreact-js-2.0.17.jar returned status 404
2.0.18			IOException: Tail request on https://maven-central.storage-download.googleapis.com/maven2/com/zegreatrob/jsmints/minreact-js/2.0.18/minreact-js-2.0.18.jar returned status 404
2.0.19			IOException: Tail request on https://maven-central.storage-download.googleapis.com/maven2/com/zegreatrob/jsmints/minreact-js/2.0.19/minreact-js-2.0.19.jar returned status 404
2.0.2			IOException: Tail request on https://maven-central.storage-download.googleapis.com/maven2/com/zegreatrob/jsmints/minreact-js/2.0.2/minreact-js-2.0.2.jar returned status 404
2.0.20			IOException: Tail request on https://maven-central.storage-download.googleapis.com/maven2/com/zegreatrob/jsmints/minreact-js/2.0.20/minreact-js-2.0.20.jar returned status 404
2.0.21			IOException: Tail request on https://maven-central.storage-download.googleapis.com/maven2/com/zegreatrob/jsmints/minreact-js/2.0.21/minreact-js-2.0.21.jar returned status 404
2.0.22			IOException: Tail request on https://maven-central.storage-download.googleapis.com/maven2/com/zegreatrob/jsmints/minreact-js/2.0.22/minreact-js-2.0.22.jar returned status 404
2.0.23			IOException: Tail request on https://maven-central.storage-download.googleapis.com/maven2/com/zegreatrob/jsmints/minreact-js/2.0.23/minreact-js-2.0.23.jar returned status 404
2.0.24			IOException: Tail request on https://maven-central.storage-download.googleapis.com/maven2/com/zegreatrob/jsmints/minreact-js/2.0.24/minreact-js-2.0.24.jar returned status 404
2.0.25			IOException: Tail request on https://maven-central.storage-download.googleapis.com/maven2/com/zegreatrob/jsmints/minreact-js/2.0.25/minreact-js-2.0.25.jar returned status 404
2.0.26			IOException: Tail request on https://maven-central.storage-download.googleapis.com/maven2/com/zegreatrob/jsmints/minreact-js/2.0.26/minreact-js-2.0.26.jar returned status 404
2.0.27			IOException: Tail request on https://maven-central.storage-download.googleapis.com/maven2/com/zegreatrob/jsmints/minreact-js/2.0.27/minreact-js-2.0.27.jar returned status 404
2.0.28			IOException: Tail request on https://maven-central.storage-download.googleapis.com/maven2/com/zegreatrob/jsmints/minreact-js/2.0.28/minreact-js-2.0.28.jar returned status 404
2.0.29			IOException: Tail request on https://maven-central.storage-download.googleapis.com/maven2/com/zegreatrob/jsmints/minreact-js/2.0.29/minreact-js-2.0.29.jar returned status 404
2.0.3			IOException: Tail request on https://maven-central.storage-download.googleapis.com/maven2/com/zegreatrob/jsmints/minreact-js/2.0.3/minreact-js-2.0.3.jar returned status 404
2.0.31			IOException: Tail request on https://maven-central.storage-download.googleapis.com/maven2/com/zegreatrob/jsmints/minreact-js/2.0.31/minreact-js-2.0.31.jar returned status 404
2.0.32			IOException: Tail request on https://maven-central.storage-download.googleapis.com/maven2/com/zegreatrob/jsmints/minreact-js/2.0.32/minreact-js-2.0.32.jar returned status 404
2.0.33			IOException: Tail request on https://maven-central.storage-download.googleapis.com/maven2/com/zegreatrob/jsmints/minreact-js/2.0.33/minreact-js-2.0.33.jar returned status 404
2.0.34			IOException: Tail request on https://maven-central.storage-download.googleapis.com/maven2/com/zegreatrob/jsmints/minreact-js/2.0.34/minreact-js-2.0.34.jar returned status 404
2.0.35			IOException: Tail request on https://maven-central.storage-download.googleapis.com/maven2/com/zegreatrob/jsmints/minreact-js/2.0.35/minreact-js-2.0.35.jar returned status 404
2.0.36			IOException: Tail request on https://maven-central.storage-download.googleapis.com/maven2/com/zegreatrob/jsmints/minreact-js/2.0.36/minreact-js-2.0.36.jar returned status 404
2.0.4			IOException: Tail request on https://maven-central.storage-download.googleapis.com/maven2/com/zegreatrob/jsmints/minreact-js/2.0.4/minreact-js-2.0.4.jar returned status 404
2.0.5			IOException: Tail request on https://maven-central.storage-download.googleapis.com/maven2/com/zegreatrob/jsmints/minreact-js/2.0.5/minreact-js-2.0.5.jar returned status 404
2.0.6			IOException: Tail request on https://maven-central.storage-download.googleapis.com/maven2/com/zegreatrob/jsmints/minreact-js/2.0.6/minreact-js-2.0.6.jar returned status 404
2.0.7			IOException: Tail request on https://maven-central.storage-download.googleapis.com/maven2/com/zegreatrob/jsmints/minreact-js/2.0.7/minreact-js-2.0.7.jar returned status 404
2.0.8			IOException: Tail request on https://maven-central.storage-download.googleapis.com/maven2/com/zegreatrob/jsmints/minreact-js/2.0.8/minreact-js-2.0.8.jar returned status 404
2.0.9			IOException: Tail request on https://maven-central.storage-download.googleapis.com/maven2/com/zegreatrob/jsmints/minreact-js/2.0.9/minreact-js-2.0.9.jar returned status 404
2.1.0			IOException: Tail request on https://maven-central.storage-download.googleapis.com/maven2/com/zegreatrob/jsmints/minreact-js/2.1.0/minreact-js-2.1.0.jar returned status 404
2.1.1			IOException: Tail request on https://maven-central.storage-download.googleapis.com/maven2/com/zegreatrob/jsmints/minreact-js/2.1.1/minreact-js-2.1.1.jar returned status 404
2.1.12			IOException: Tail request on https://maven-central.storage-download.googleapis.com/maven2/com/zegreatrob/jsmints/minreact-js/2.1.12/minreact-js-2.1.12.jar returned status 404
2.1.13			IOException: Tail request on https://maven-central.storage-download.googleapis.com/maven2/com/zegreatrob/jsmints/minreact-js/2.1.13/minreact-js-2.1.13.jar returned status 404
2.1.14			IOException: Tail request on https://maven-central.storage-download.googleapis.com/maven2/com/zegreatrob/jsmints/minreact-js/2.1.14/minreact-js-2.1.14.jar returned status 404
2.1.15			IOException: Tail request on https://maven-central.storage-download.googleapis.com/maven2/com/zegreatrob/jsmints/minreact-js/2.1.15/minreact-js-2.1.15.jar returned status 404
2.1.16			IOException: Tail request on https://maven-central.storage-download.googleapis.com/maven2/com/zegreatrob/jsmints/minreact-js/2.1.16/minreact-js-2.1.16.jar returned status 404
2.1.17			IOException: Tail request on https://maven-central.storage-download.googleapis.com/maven2/com/zegreatrob/jsmints/minreact-js/2.1.17/minreact-js-2.1.17.jar returned status 404
2.1.19			IOException: Tail request on https://maven-central.storage-download.googleapis.com/maven2/com/zegreatrob/jsmints/minreact-js/2.1.19/minreact-js-2.1.19.jar returned status 404
2.1.2			IOException: Tail request on https://maven-central.storage-download.googleapis.com/maven2/com/zegreatrob/jsmints/minreact-js/2.1.2/minreact-js-2.1.2.jar returned status 404
2.1.20			IOException: Tail request on https://maven-central.storage-download.googleapis.com/maven2/com/zegreatrob/jsmints/minreact-js/2.1.20/minreact-js-2.1.20.jar returned status 404
2.1.21			IOException: Tail request on https://maven-central.storage-download.googleapis.com/maven2/com/zegreatrob/jsmints/minreact-js/2.1.21/minreact-js-2.1.21.jar returned status 404
2.1.28			IOException: Tail request on https://maven-central.storage-download.googleapis.com/maven2/com/zegreatrob/jsmints/minreact-js/2.1.28/minreact-js-2.1.28.jar returned status 404
2.1.29			IOException: Tail request on https://maven-central.storage-download.googleapis.com/maven2/com/zegreatrob/jsmints/minreact-js/2.1.29/minreact-js-2.1.29.jar returned status 404
2.1.3			IOException: Tail request on https://maven-central.storage-download.googleapis.com/maven2/com/zegreatrob/jsmints/minreact-js/2.1.3/minreact-js-2.1.3.jar returned status 404
2.1.30			IOException: Tail request on https://maven-central.storage-download.googleapis.com/maven2/com/zegreatrob/jsmints/minreact-js/2.1.30/minreact-js-2.1.30.jar returned status 404
2.1.4			IOException: Tail request on https://maven-central.storage-download.googleapis.com/maven2/com/zegreatrob/jsmints/minreact-js/2.1.4/minreact-js-2.1.4.jar returned status 404
2.1.5			IOException: Tail request on https://maven-central.storage-download.googleapis.com/maven2/com/zegreatrob/jsmints/minreact-js/2.1.5/minreact-js-2.1.5.jar returned status 404
2.1.6			IOException: Tail request on https://maven-central.storage-download.googleapis.com/maven2/com/zegreatrob/jsmints/minreact-js/2.1.6/minreact-js-2.1.6.jar returned status 404
2.1.7			IOException: Tail request on https://maven-central.storage-download.googleapis.com/maven2/com/zegreatrob/jsmints/minreact-js/2.1.7/minreact-js-2.1.7.jar returned status 404
2.1.8			IOException: Tail request on https://maven-central.storage-download.googleapis.com/maven2/com/zegreatrob/jsmints/minreact-js/2.1.8/minreact-js-2.1.8.jar returned status 404
2.1.9			IOException: Tail request on https://maven-central.storage-download.googleapis.com/maven2/com/zegreatrob/jsmints/minreact-js/2.1.9/minreact-js-2.1.9.jar returned status 404
2.2.0			IOException: Tail request on https://maven-central.storage-download.googleapis.com/maven2/com/zegreatrob/jsmints/minreact-js/2.2.0/minreact-js-2.2.0.jar returned status 404
2.2.1			IOException: Tail request on https://maven-central.storage-download.googleapis.com/maven2/com/zegreatrob/jsmints/minreact-js/2.2.1/minreact-js-2.2.1.jar returned status 404
2.2.10			IOException: Tail request on https://maven-central.storage-download.googleapis.com/maven2/com/zegreatrob/jsmints/minreact-js/2.2.10/minreact-js-2.2.10.jar returned status 404
2.2.11			IOException: Tail request on https://maven-central.storage-download.googleapis.com/maven2/com/zegreatrob/jsmints/minreact-js/2.2.11/minreact-js-2.2.11.jar returned status 404
2.2.12			IOException: Tail request on https://maven-central.storage-download.googleapis.com/maven2/com/zegreatrob/jsmints/minreact-js/2.2.12/minreact-js-2.2.12.jar returned status 404
2.2.13			IOException: Tail request on https://maven-central.storage-download.googleapis.com/maven2/com/zegreatrob/jsmints/minreact-js/2.2.13/minreact-js-2.2.13.jar returned status 404
2.2.14			IOException: Tail request on https://maven-central.storage-download.googleapis.com/maven2/com/zegreatrob/jsmints/minreact-js/2.2.14/minreact-js-2.2.14.jar returned status 404
2.2.15			IOException: Tail request on https://maven-central.storage-download.googleapis.com/maven2/com/zegreatrob/jsmints/minreact-js/2.2.15/minreact-js-2.2.15.jar returned status 404
2.2.16			IOException: Tail request on https://maven-central.storage-download.googleapis.com/maven2/com/zegreatrob/jsmints/minreact-js/2.2.16/minreact-js-2.2.16.jar returned status 404
2.2.17			IOException: Tail request on https://maven-central.storage-download.googleapis.com/maven2/com/zegreatrob/jsmints/minreact-js/2.2.17/minreact-js-2.2.17.jar returned status 404
2.2.18			IOException: Tail request on https://maven-central.storage-download.googleapis.com/maven2/com/zegreatrob/jsmints/minreact-js/2.2.18/minreact-js-2.2.18.jar returned status 404
2.2.19			IOException: Tail request on https://maven-central.storage-download.googleapis.com/maven2/com/zegreatrob/jsmints/minreact-js/2.2.19/minreact-js-2.2.19.jar returned status 404
2.2.2			IOException: Tail request on https://maven-central.storage-download.googleapis.com/maven2/com/zegreatrob/jsmints/minreact-js/2.2.2/minreact-js-2.2.2.jar returned status 404
2.2.20			IOException: Tail request on https://maven-central.storage-download.googleapis.com/maven2/com/zegreatrob/jsmints/minreact-js/2.2.20/minreact-js-2.2.20.jar returned status 404
2.2.21			IOException: Tail request on https://maven-central.storage-download.googleapis.com/maven2/com/zegreatrob/jsmints/minreact-js/2.2.21/minreact-js-2.2.21.jar returned status 404
2.2.22			IOException: Tail request on https://maven-central.storage-download.googleapis.com/maven2/com/zegreatrob/jsmints/minreact-js/2.2.22/minreact-js-2.2.22.jar returned status 404
2.2.23			IOException: Tail request on https://maven-central.storage-download.googleapis.com/maven2/com/zegreatrob/jsmints/minreact-js/2.2.23/minreact-js-2.2.23.jar returned status 404
2.2.24			IOException: Tail request on https://maven-central.storage-download.googleapis.com/maven2/com/zegreatrob/jsmints/minreact-js/2.2.24/minreact-js-2.2.24.jar returned status 404
2.2.3			IOException: Tail request on https://maven-central.storage-download.googleapis.com/maven2/com/zegreatrob/jsmints/minreact-js/2.2.3/minreact-js-2.2.3.jar returned status 404
2.2.4			IOException: Tail request on https://maven-central.storage-download.googleapis.com/maven2/com/zegreatrob/jsmints/minreact-js/2.2.4/minreact-js-2.2.4.jar returned status 404
2.2.5			IOException: Tail request on https://maven-central.storage-download.googleapis.com/maven2/com/zegreatrob/jsmints/minreact-js/2.2.5/minreact-js-2.2.5.jar returned status 404
2.2.6			IOException: Tail request on https://maven-central.storage-download.googleapis.com/maven2/com/zegreatrob/jsmints/minreact-js/2.2.6/minreact-js-2.2.6.jar returned status 404
2.2.7			IOException: Tail request on https://maven-central.storage-download.googleapis.com/maven2/com/zegreatrob/jsmints/minreact-js/2.2.7/minreact-js-2.2.7.jar returned status 404
2.2.8			IOException: Tail request on https://maven-central.storage-download.googleapis.com/maven2/com/zegreatrob/jsmints/minreact-js/2.2.8/minreact-js-2.2.8.jar returned status 404
2.2.9			IOException: Tail request on https://maven-central.storage-download.googleapis.com/maven2/com/zegreatrob/jsmints/minreact-js/2.2.9/minreact-js-2.2.9.jar returned status 404
2.3.0			IOException: Tail request on https://maven-central.storage-download.googleapis.com/maven2/com/zegreatrob/jsmints/minreact-js/2.3.0/minreact-js-2.3.0.jar returned status 404
2.3.1			IOException: Tail request on https://maven-central.storage-download.googleapis.com/maven2/com/zegreatrob/jsmints/minreact-js/2.3.1/minreact-js-2.3.1.jar returned status 404
2.3.10			IOException: Tail request on https://maven-central.storage-download.googleapis.com/maven2/com/zegreatrob/jsmints/minreact-js/2.3.10/minreact-js-2.3.10.jar returned status 404
2.3.11			IOException: Tail request on https://maven-central.storage-download.googleapis.com/maven2/com/zegreatrob/jsmints/minreact-js/2.3.11/minreact-js-2.3.11.jar returned status 404
2.3.12			IOException: Tail request on https://maven-central.storage-download.googleapis.com/maven2/com/zegreatrob/jsmints/minreact-js/2.3.12/minreact-js-2.3.12.jar returned status 404
2.3.13			IOException: Tail request on https://maven-central.storage-download.googleapis.com/maven2/com/zegreatrob/jsmints/minreact-js/2.3.13/minreact-js-2.3.13.jar returned status 404
2.3.14			IOException: Tail request on https://maven-central.storage-download.googleapis.com/maven2/com/zegreatrob/jsmints/minreact-js/2.3.14/minreact-js-2.3.14.jar returned status 404
2.3.15			IOException: Tail request on https://maven-central.storage-download.googleapis.com/maven2/com/zegreatrob/jsmints/minreact-js/2.3.15/minreact-js-2.3.15.jar returned status 404
2.3.16			IOException: Tail request on https://maven-central.storage-download.googleapis.com/maven2/com/zegreatrob/jsmints/minreact-js/2.3.16/minreact-js-2.3.16.jar returned status 404
2.3.17			IOException: Tail request on https://maven-central.storage-download.googleapis.com/maven2/com/zegreatrob/jsmints/minreact-js/2.3.17/minreact-js-2.3.17.jar returned status 404
2.3.18			IOException: Tail request on https://maven-central.storage-download.googleapis.com/maven2/com/zegreatrob/jsmints/minreact-js/2.3.18/minreact-js-2.3.18.jar returned status 404
2.3.19			IOException: Tail request on https://maven-central.storage-download.googleapis.com/maven2/com/zegreatrob/jsmints/minreact-js/2.3.19/minreact-js-2.3.19.jar returned status 404
2.3.2			IOException: Tail request on https://maven-central.storage-download.googleapis.com/maven2/com/zegreatrob/jsmints/minreact-js/2.3.2/minreact-js-2.3.2.jar returned status 404
2.3.20			IOException: Tail request on https://maven-central.storage-download.googleapis.com/maven2/com/zegreatrob/jsmints/minreact-js/2.3.20/minreact-js-2.3.20.jar returned status 404
2.3.21			IOException: Tail request on https://maven-central.storage-download.googleapis.com/maven2/com/zegreatrob/jsmints/minreact-js/2.3.21/minreact-js-2.3.21.jar returned status 404
2.3.22			IOException: Tail request on https://maven-central.storage-download.googleapis.com/maven2/com/zegreatrob/jsmints/minreact-js/2.3.22/minreact-js-2.3.22.jar returned status 404
2.3.23			IOException: Tail request on https://maven-central.storage-download.googleapis.com/maven2/com/zegreatrob/jsmints/minreact-js/2.3.23/minreact-js-2.3.23.jar returned status 404
2.3.24			IOException: Tail request on https://maven-central.storage-download.googleapis.com/maven2/com/zegreatrob/jsmints/minreact-js/2.3.24/minreact-js-2.3.24.jar returned status 404
2.3.25			IOException: Tail request on https://maven-central.storage-download.googleapis.com/maven2/com/zegreatrob/jsmints/minreact-js/2.3.25/minreact-js-2.3.25.jar returned status 404
2.3.3			IOException: Tail request on https://maven-central.storage-download.googleapis.com/maven2/com/zegreatrob/jsmints/minreact-js/2.3.3/minreact-js-2.3.3.jar returned status 404
2.3.4			IOException: Tail request on https://maven-central.storage-download.googleapis.com/maven2/com/zegreatrob/jsmints/minreact-js/2.3.4/minreact-js-2.3.4.jar returned status 404
2.3.5			IOException: Tail request on https://maven-central.storage-download.googleapis.com/maven2/com/zegreatrob/jsmints/minreact-js/2.3.5/minreact-js-2.3.5.jar returned status 404
2.3.6			IOException: Tail request on https://maven-central.storage-download.googleapis.com/maven2/com/zegreatrob/jsmints/minreact-js/2.3.6/minreact-js-2.3.6.jar returned status 404
2.3.7			IOException: Tail request on https://maven-central.storage-download.googleapis.com/maven2/com/zegreatrob/jsmints/minreact-js/2.3.7/minreact-js-2.3.7.jar returned status 404
2.3.8			IOException: Tail request on https://maven-central.storage-download.googleapis.com/maven2/com/zegreatrob/jsmints/minreact-js/2.3.8/minreact-js-2.3.8.jar returned status 404
2.3.9			IOException: Tail request on https://maven-central.storage-download.googleapis.com/maven2/com/zegreatrob/jsmints/minreact-js/2.3.9/minreact-js-2.3.9.jar returned status 404
2.4.0			IOException: Tail request on https://maven-central.storage-download.googleapis.com/maven2/com/zegreatrob/jsmints/minreact-js/2.4.0/minreact-js-2.4.0.jar returned status 404
2.4.1			IOException: Tail request on https://maven-central.storage-download.googleapis.com/maven2/com/zegreatrob/jsmints/minreact-js/2.4.1/minreact-js-2.4.1.jar returned status 404
2.4.2			IOException: Tail request on https://maven-central.storage-download.googleapis.com/maven2/com/zegreatrob/jsmints/minreact-js/2.4.2/minreact-js-2.4.2.jar returned status 404
2.4.3			IOException: Tail request on https://maven-central.storage-download.googleapis.com/maven2/com/zegreatrob/jsmints/minreact-js/2.4.3/minreact-js-2.4.3.jar returned status 404
2.4.4			IOException: Tail request on https://maven-central.storage-download.googleapis.com/maven2/com/zegreatrob/jsmints/minreact-js/2.4.4/minreact-js-2.4.4.jar returned status 404
2.4.5			IOException: Tail request on https://maven-central.storage-download.googleapis.com/maven2/com/zegreatrob/jsmints/minreact-js/2.4.5/minreact-js-2.4.5.jar returned status 404
2.4.6			IOException: Tail request on https://maven-central.storage-download.googleapis.com/maven2/com/zegreatrob/jsmints/minreact-js/2.4.6/minreact-js-2.4.6.jar returned status 404
3.0.0			IOException: Tail request on https://maven-central.storage-download.googleapis.com/maven2/com/zegreatrob/jsmints/minreact-js/3.0.0/minreact-js-3.0.0.jar returned status 404
3.0.1			IOException: Tail request on https://maven-central.storage-download.googleapis.com/maven2/com/zegreatrob/jsmints/minreact-js/3.0.1/minreact-js-3.0.1.jar returned status 404
3.0.10			IOException: Tail request on https://maven-central.storage-download.googleapis.com/maven2/com/zegreatrob/jsmints/minreact-js/3.0.10/minreact-js-3.0.10.jar returned status 404
3.0.11			IOException: Tail request on https://maven-central.storage-download.googleapis.com/maven2/com/zegreatrob/jsmints/minreact-js/3.0.11/minreact-js-3.0.11.jar returned status 404
3.0.12			IOException: Tail request on https://maven-central.storage-download.googleapis.com/maven2/com/zegreatrob/jsmints/minreact-js/3.0.12/minreact-js-3.0.12.jar returned status 404
3.0.13			IOException: Tail request on https://maven-central.storage-download.googleapis.com/maven2/com/zegreatrob/jsmints/minreact-js/3.0.13/minreact-js-3.0.13.jar returned status 404
3.0.14			IOException: Tail request on https://maven-central.storage-download.googleapis.com/maven2/com/zegreatrob/jsmints/minreact-js/3.0.14/minreact-js-3.0.14.jar returned status 404
3.0.15			IOException: Tail request on https://maven-central.storage-download.googleapis.com/maven2/com/zegreatrob/jsmints/minreact-js/3.0.15/minreact-js-3.0.15.jar returned status 404
3.0.16			IOException: Tail request on https://maven-central.storage-download.googleapis.com/maven2/com/zegreatrob/jsmints/minreact-js/3.0.16/minreact-js-3.0.16.jar returned status 404
3.0.17			IOException: Tail request on https://maven-central.storage-download.googleapis.com/maven2/com/zegreatrob/jsmints/minreact-js/3.0.17/minreact-js-3.0.17.jar returned status 404
3.0.18			IOException: Tail request on https://maven-central.storage-download.googleapis.com/maven2/com/zegreatrob/jsmints/minreact-js/3.0.18/minreact-js-3.0.18.jar returned status 404
3.0.19			IOException: Tail request on https://maven-central.storage-download.googleapis.com/maven2/com/zegreatrob/jsmints/minreact-js/3.0.19/minreact-js-3.0.19.jar returned status 404
3.0.2			IOException: Tail request on https://maven-central.storage-download.googleapis.com/maven2/com/zegreatrob/jsmints/minreact-js/3.0.2/minreact-js-3.0.2.jar returned status 404
3.0.20			IOException: Tail request on https://maven-central.storage-download.googleapis.com/maven2/com/zegreatrob/jsmints/minreact-js/3.0.20/minreact-js-3.0.20.jar returned status 404
3.0.3			IOException: Tail request on https://maven-central.storage-download.googleapis.com/maven2/com/zegreatrob/jsmints/minreact-js/3.0.3/minreact-js-3.0.3.jar returned status 404
3.0.4			IOException: Tail request on https://maven-central.storage-download.googleapis.com/maven2/com/zegreatrob/jsmints/minreact-js/3.0.4/minreact-js-3.0.4.jar returned status 404
3.0.5			IOException: Tail request on https://maven-central.storage-download.googleapis.com/maven2/com/zegreatrob/jsmints/minreact-js/3.0.5/minreact-js-3.0.5.jar returned status 404
3.0.6			IOException: Tail request on https://maven-central.storage-download.googleapis.com/maven2/com/zegreatrob/jsmints/minreact-js/3.0.6/minreact-js-3.0.6.jar returned status 404
3.0.7			IOException: Tail request on https://maven-central.storage-download.googleapis.com/maven2/com/zegreatrob/jsmints/minreact-js/3.0.7/minreact-js-3.0.7.jar returned status 404
3.0.8			IOException: Tail request on https://maven-central.storage-download.googleapis.com/maven2/com/zegreatrob/jsmints/minreact-js/3.0.8/minreact-js-3.0.8.jar returned status 404
3.0.9			IOException: Tail request on https://maven-central.storage-download.googleapis.com/maven2/com/zegreatrob/jsmints/minreact-js/3.0.9/minreact-js-3.0.9.jar returned status 404
3.1.0			IOException: Tail request on https://maven-central.storage-download.googleapis.com/maven2/com/zegreatrob/jsmints/minreact-js/3.1.0/minreact-js-3.1.0.jar returned status 404
3.1.1			IOException: Tail request on https://maven-central.storage-download.googleapis.com/maven2/com/zegreatrob/jsmints/minreact-js/3.1.1/minreact-js-3.1.1.jar returned status 404
3.1.10			IOException: Tail request on https://maven-central.storage-download.googleapis.com/maven2/com/zegreatrob/jsmints/minreact-js/3.1.10/minreact-js-3.1.10.jar returned status 404
3.1.11			IOException: Tail request on https://maven-central.storage-download.googleapis.com/maven2/com/zegreatrob/jsmints/minreact-js/3.1.11/minreact-js-3.1.11.jar returned status 404
3.1.12			IOException: Tail request on https://maven-central.storage-download.googleapis.com/maven2/com/zegreatrob/jsmints/minreact-js/3.1.12/minreact-js-3.1.12.jar returned status 404
3.1.13			IOException: Tail request on https://maven-central.storage-download.googleapis.com/maven2/com/zegreatrob/jsmints/minreact-js/3.1.13/minreact-js-3.1.13.jar returned status 404
3.1.14			IOException: Tail request on https://maven-central.storage-download.googleapis.com/maven2/com/zegreatrob/jsmints/minreact-js/3.1.14/minreact-js-3.1.14.jar returned status 404
3.1.15			IOException: Tail request on https://maven-central.storage-download.googleapis.com/maven2/com/zegreatrob/jsmints/minreact-js/3.1.15/minreact-js-3.1.15.jar returned status 404
3.1.16			IOException: Tail request on https://maven-central.storage-download.googleapis.com/maven2/com/zegreatrob/jsmints/minreact-js/3.1.16/minreact-js-3.1.16.jar returned status 404
3.1.17			IOException: Tail request on https://maven-central.storage-download.googleapis.com/maven2/com/zegreatrob/jsmints/minreact-js/3.1.17/minreact-js-3.1.17.jar returned status 404
3.1.18			IOException: Tail request on https://maven-central.storage-download.googleapis.com/maven2/com/zegreatrob/jsmints/minreact-js/3.1.18/minreact-js-3.1.18.jar returned status 404
3.1.19			IOException: Tail request on https://maven-central.storage-download.googleapis.com/maven2/com/zegreatrob/jsmints/minreact-js/3.1.19/minreact-js-3.1.19.jar returned status 404
3.1.2			IOException: Tail request on https://maven-central.storage-download.googleapis.com/maven2/com/zegreatrob/jsmints/minreact-js/3.1.2/minreact-js-3.1.2.jar returned status 404
3.1.20			IOException: Tail request on https://maven-central.storage-download.googleapis.com/maven2/com/zegreatrob/jsmints/minreact-js/3.1.20/minreact-js-3.1.20.jar returned status 404
3.1.21			IOException: Tail request on https://maven-central.storage-download.googleapis.com/maven2/com/zegreatrob/jsmints/minreact-js/3.1.21/minreact-js-3.1.21.jar returned status 404
3.1.22			IOException: Tail request on https://maven-central.storage-download.googleapis.com/maven2/com/zegreatrob/jsmints/minreact-js/3.1.22/minreact-js-3.1.22.jar returned status 404
3.1.23			IOException: Tail request on https://maven-central.storage-download.googleapis.com/maven2/com/zegreatrob/jsmints/minreact-js/3.1.23/minreact-js-3.1.23.jar returned status 404
3.1.24			IOException: Tail request on https://maven-central.storage-download.googleapis.com/maven2/com/zegreatrob/jsmints/minreact-js/3.1.24/minreact-js-3.1.24.jar returned status 404
3.1.25			IOException: Tail request on https://maven-central.storage-download.googleapis.com/maven2/com/zegreatrob/jsmints/minreact-js/3.1.25/minreact-js-3.1.25.jar returned status 404
3.1.26			IOException: Tail request on https://maven-central.storage-download.googleapis.com/maven2/com/zegreatrob/jsmints/minreact-js/3.1.26/minreact-js-3.1.26.jar returned status 404
3.1.27			IOException: Tail request on https://maven-central.storage-download.googleapis.com/maven2/com/zegreatrob/jsmints/minreact-js/3.1.27/minreact-js-3.1.27.jar returned status 404
3.1.28			IOException: Tail request on https://maven-central.storage-download.googleapis.com/maven2/com/zegreatrob/jsmints/minreact-js/3.1.28/minreact-js-3.1.28.jar returned status 404
3.1.29			IOException: Tail request on https://maven-central.storage-download.googleapis.com/maven2/com/zegreatrob/jsmints/minreact-js/3.1.29/minreact-js-3.1.29.jar returned status 404
3.1.3			IOException: Tail request on https://maven-central.storage-download.googleapis.com/maven2/com/zegreatrob/jsmints/minreact-js/3.1.3/minreact-js-3.1.3.jar returned status 404
3.1.30			IOException: Tail request on https://maven-central.storage-download.googleapis.com/maven2/com/zegreatrob/jsmints/minreact-js/3.1.30/minreact-js-3.1.30.jar returned status 404
3.1.31			IOException: Tail request on https://maven-central.storage-download.googleapis.com/maven2/com/zegreatrob/jsmints/minreact-js/3.1.31/minreact-js-3.1.31.jar returned status 404
3.1.32			IOException: Tail request on https://maven-central.storage-download.googleapis.com/maven2/com/zegreatrob/jsmints/minreact-js/3.1.32/minreact-js-3.1.32.jar returned status 404
3.1.33			IOException: Tail request on https://maven-central.storage-download.googleapis.com/maven2/com/zegreatrob/jsmints/minreact-js/3.1.33/minreact-js-3.1.33.jar returned status 404
3.1.34			IOException: Tail request on https://maven-central.storage-download.googleapis.com/maven2/com/zegreatrob/jsmints/minreact-js/3.1.34/minreact-js-3.1.34.jar returned status 404
3.1.35			IOException: Tail request on https://maven-central.storage-download.googleapis.com/maven2/com/zegreatrob/jsmints/minreact-js/3.1.35/minreact-js-3.1.35.jar returned status 404
3.1.36			IOException: Tail request on https://maven-central.storage-download.googleapis.com/maven2/com/zegreatrob/jsmints/minreact-js/3.1.36/minreact-js-3.1.36.jar returned status 404
3.1.37			IOException: Tail request on https://maven-central.storage-download.googleapis.com/maven2/com/zegreatrob/jsmints/minreact-js/3.1.37/minreact-js-3.1.37.jar returned status 404
3.1.38			IOException: Tail request on https://maven-central.storage-download.googleapis.com/maven2/com/zegreatrob/jsmints/minreact-js/3.1.38/minreact-js-3.1.38.jar returned status 404
3.1.39			IOException: Tail request on https://maven-central.storage-download.googleapis.com/maven2/com/zegreatrob/jsmints/minreact-js/3.1.39/minreact-js-3.1.39.jar returned status 404
3.1.4			IOException: Tail request on https://maven-central.storage-download.googleapis.com/maven2/com/zegreatrob/jsmints/minreact-js/3.1.4/minreact-js-3.1.4.jar returned status 404
3.1.40			IOException: Tail request on https://maven-central.storage-download.googleapis.com/maven2/com/zegreatrob/jsmints/minreact-js/3.1.40/minreact-js-3.1.40.jar returned status 404
3.1.41			IOException: Tail request on https://maven-central.storage-download.googleapis.com/maven2/com/zegreatrob/jsmints/minreact-js/3.1.41/minreact-js-3.1.41.jar returned status 404
3.1.42			IOException: Tail request on https://maven-central.storage-download.googleapis.com/maven2/com/zegreatrob/jsmints/minreact-js/3.1.42/minreact-js-3.1.42.jar returned status 404
3.1.43			IOException: Tail request on https://maven-central.storage-download.googleapis.com/maven2/com/zegreatrob/jsmints/minreact-js/3.1.43/minreact-js-3.1.43.jar returned status 404
3.1.44			IOException: Tail request on https://maven-central.storage-download.googleapis.com/maven2/com/zegreatrob/jsmints/minreact-js/3.1.44/minreact-js-3.1.44.jar returned status 404
3.1.45			IOException: Tail request on https://maven-central.storage-download.googleapis.com/maven2/com/zegreatrob/jsmints/minreact-js/3.1.45/minreact-js-3.1.45.jar returned status 404
3.1.46			IOException: Tail request on https://maven-central.storage-download.googleapis.com/maven2/com/zegreatrob/jsmints/minreact-js/3.1.46/minreact-js-3.1.46.jar returned status 404
3.1.47			IOException: Tail request on https://maven-central.storage-download.googleapis.com/maven2/com/zegreatrob/jsmints/minreact-js/3.1.47/minreact-js-3.1.47.jar returned status 404
3.1.48			IOException: Tail request on https://maven-central.storage-download.googleapis.com/maven2/com/zegreatrob/jsmints/minreact-js/3.1.48/minreact-js-3.1.48.jar returned status 404
3.1.49			IOException: Tail request on https://maven-central.storage-download.googleapis.com/maven2/com/zegreatrob/jsmints/minreact-js/3.1.49/minreact-js-3.1.49.jar returned status 404
3.1.5			IOException: Tail request on https://maven-central.storage-download.googleapis.com/maven2/com/zegreatrob/jsmints/minreact-js/3.1.5/minreact-js-3.1.5.jar returned status 404
3.1.50			IOException: Tail request on https://maven-central.storage-download.googleapis.com/maven2/com/zegreatrob/jsmints/minreact-js/3.1.50/minreact-js-3.1.50.jar returned status 404
3.1.51			IOException: Tail request on https://maven-central.storage-download.googleapis.com/maven2/com/zegreatrob/jsmints/minreact-js/3.1.51/minreact-js-3.1.51.jar returned status 404
3.1.52			IOException: Tail request on https://maven-central.storage-download.googleapis.com/maven2/com/zegreatrob/jsmints/minreact-js/3.1.52/minreact-js-3.1.52.jar returned status 404
3.1.53			IOException: Tail request on https://maven-central.storage-download.googleapis.com/maven2/com/zegreatrob/jsmints/minreact-js/3.1.53/minreact-js-3.1.53.jar returned status 404
3.1.54			IOException: Tail request on https://maven-central.storage-download.googleapis.com/maven2/com/zegreatrob/jsmints/minreact-js/3.1.54/minreact-js-3.1.54.jar returned status 404
3.1.55			IOException: Tail request on https://maven-central.storage-download.googleapis.com/maven2/com/zegreatrob/jsmints/minreact-js/3.1.55/minreact-js-3.1.55.jar returned status 404
3.1.56			IOException: Tail request on https://maven-central.storage-download.googleapis.com/maven2/com/zegreatrob/jsmints/minreact-js/3.1.56/minreact-js-3.1.56.jar returned status 404
3.1.57			IOException: Tail request on https://maven-central.storage-download.googleapis.com/maven2/com/zegreatrob/jsmints/minreact-js/3.1.57/minreact-js-3.1.57.jar returned status 404
3.1.58			IOException: Tail request on https://maven-central.storage-download.googleapis.com/maven2/com/zegreatrob/jsmints/minreact-js/3.1.58/minreact-js-3.1.58.jar returned status 404
3.1.59			IOException: Tail request on https://maven-central.storage-download.googleapis.com/maven2/com/zegreatrob/jsmints/minreact-js/3.1.59/minreact-js-3.1.59.jar returned status 404
3.1.6			IOException: Tail request on https://maven-central.storage-download.googleapis.com/maven2/com/zegreatrob/jsmints/minreact-js/3.1.6/minreact-js-3.1.6.jar returned status 404
3.1.60			IOException: Tail request on https://maven-central.storage-download.googleapis.com/maven2/com/zegreatrob/jsmints/minreact-js/3.1.60/minreact-js-3.1.60.jar returned status 404
3.1.7			IOException: Tail request on https://maven-central.storage-download.googleapis.com/maven2/com/zegreatrob/jsmints/minreact-js/3.1.7/minreact-js-3.1.7.jar returned status 404
3.1.8			IOException: Tail request on https://maven-central.storage-download.googleapis.com/maven2/com/zegreatrob/jsmints/minreact-js/3.1.8/minreact-js-3.1.8.jar returned status 404
3.1.9			IOException: Tail request on https://maven-central.storage-download.googleapis.com/maven2/com/zegreatrob/jsmints/minreact-js/3.1.9/minreact-js-3.1.9.jar returned status 404
3.2.0			IOException: Tail request on https://maven-central.storage-download.googleapis.com/maven2/com/zegreatrob/jsmints/minreact-js/3.2.0/minreact-js-3.2.0.jar returned status 404
3.2.1			IOException: Tail request on https://maven-central.storage-download.googleapis.com/maven2/com/zegreatrob/jsmints/minreact-js/3.2.1/minreact-js-3.2.1.jar returned status 404
3.2.10			IOException: Tail request on https://maven-central.storage-download.googleapis.com/maven2/com/zegreatrob/jsmints/minreact-js/3.2.10/minreact-js-3.2.10.jar returned status 404
3.2.11			IOException: Tail request on https://maven-central.storage-download.googleapis.com/maven2/com/zegreatrob/jsmints/minreact-js/3.2.11/minreact-js-3.2.11.jar returned status 404
3.2.12			IOException: Tail request on https://maven-central.storage-download.googleapis.com/maven2/com/zegreatrob/jsmints/minreact-js/3.2.12/minreact-js-3.2.12.jar returned status 404
3.2.2			IOException: Tail request on https://maven-central.storage-download.googleapis.com/maven2/com/zegreatrob/jsmints/minreact-js/3.2.2/minreact-js-3.2.2.jar returned status 404
3.2.3			IOException: Tail request on https://maven-central.storage-download.googleapis.com/maven2/com/zegreatrob/jsmints/minreact-js/3.2.3/minreact-js-3.2.3.jar returned status 404
3.2.4			IOException: Tail request on https://maven-central.storage-download.googleapis.com/maven2/com/zegreatrob/jsmints/minreact-js/3.2.4/minreact-js-3.2.4.jar returned status 404
3.2.5			IOException: Tail request on https://maven-central.storage-download.googleapis.com/maven2/com/zegreatrob/jsmints/minreact-js/3.2.5/minreact-js-3.2.5.jar returned status 404
3.2.6			IOException: Tail request on https://maven-central.storage-download.googleapis.com/maven2/com/zegreatrob/jsmints/minreact-js/3.2.6/minreact-js-3.2.6.jar returned status 404
3.2.7			IOException: Tail request on https://maven-central.storage-download.googleapis.com/maven2/com/zegreatrob/jsmints/minreact-js/3.2.7/minreact-js-3.2.7.jar returned status 404
3.2.8			IOException: Tail request on https://maven-central.storage-download.googleapis.com/maven2/com/zegreatrob/jsmints/minreact-js/3.2.8/minreact-js-3.2.8.jar returned status 404
3.2.9			IOException: Tail request on https://maven-central.storage-download.googleapis.com/maven2/com/zegreatrob/jsmints/minreact-js/3.2.9/minreact-js-3.2.9.jar returned status 404
3.3.0			IOException: Tail request on https://maven-central.storage-download.googleapis.com/maven2/com/zegreatrob/jsmints/minreact-js/3.3.0/minreact-js-3.3.0.jar returned status 404
3.3.1			IOException: Tail request on https://maven-central.storage-download.googleapis.com/maven2/com/zegreatrob/jsmints/minreact-js/3.3.1/minreact-js-3.3.1.jar returned status 404
3.3.10			IOException: Tail request on https://maven-central.storage-download.googleapis.com/maven2/com/zegreatrob/jsmints/minreact-js/3.3.10/minreact-js-3.3.10.jar returned status 404
3.3.11			IOException: Tail request on https://maven-central.storage-download.googleapis.com/maven2/com/zegreatrob/jsmints/minreact-js/3.3.11/minreact-js-3.3.11.jar returned status 404
3.3.12			IOException: Tail request on https://maven-central.storage-download.googleapis.com/maven2/com/zegreatrob/jsmints/minreact-js/3.3.12/minreact-js-3.3.12.jar returned status 404
3.3.13			IOException: Tail request on https://maven-central.storage-download.googleapis.com/maven2/com/zegreatrob/jsmints/minreact-js/3.3.13/minreact-js-3.3.13.jar returned status 404
3.3.14			IOException: Tail request on https://maven-central.storage-download.googleapis.com/maven2/com/zegreatrob/jsmints/minreact-js/3.3.14/minreact-js-3.3.14.jar returned status 404
3.3.2			IOException: Tail request on https://maven-central.storage-download.googleapis.com/maven2/com/zegreatrob/jsmints/minreact-js/3.3.2/minreact-js-3.3.2.jar returned status 404
3.3.3			IOException: Tail request on https://maven-central.storage-download.googleapis.com/maven2/com/zegreatrob/jsmints/minreact-js/3.3.3/minreact-js-3.3.3.jar returned status 404
3.3.4			IOException: Tail request on https://maven-central.storage-download.googleapis.com/maven2/com/zegreatrob/jsmints/minreact-js/3.3.4/minreact-js-3.3.4.jar returned status 404
3.3.5			IOException: Tail request on https://maven-central.storage-download.googleapis.com/maven2/com/zegreatrob/jsmints/minreact-js/3.3.5/minreact-js-3.3.5.jar returned status 404
3.3.6			IOException: Tail request on https://maven-central.storage-download.googleapis.com/maven2/com/zegreatrob/jsmints/minreact-js/3.3.6/minreact-js-3.3.6.jar returned status 404
3.3.7			IOException: Tail request on https://maven-central.storage-download.googleapis.com/maven2/com/zegreatrob/jsmints/minreact-js/3.3.7/minreact-js-3.3.7.jar returned status 404
3.3.8			IOException: Tail request on https://maven-central.storage-download.googleapis.com/maven2/com/zegreatrob/jsmints/minreact-js/3.3.8/minreact-js-3.3.8.jar returned status 404
3.3.9			IOException: Tail request on https://maven-central.storage-download.googleapis.com/maven2/com/zegreatrob/jsmints/minreact-js/3.3.9/minreact-js-3.3.9.jar returned status 404
3.4.0			IOException: Tail request on https://maven-central.storage-download.googleapis.com/maven2/com/zegreatrob/jsmints/minreact-js/3.4.0/minreact-js-3.4.0.jar returned status 404
3.4.1			IOException: Tail request on https://maven-central.storage-download.googleapis.com/maven2/com/zegreatrob/jsmints/minreact-js/3.4.1/minreact-js-3.4.1.jar returned status 404
3.4.10			IOException: Tail request on https://maven-central.storage-download.googleapis.com/maven2/com/zegreatrob/jsmints/minreact-js/3.4.10/minreact-js-3.4.10.jar returned status 404
3.4.11			IOException: Tail request on https://maven-central.storage-download.googleapis.com/maven2/com/zegreatrob/jsmints/minreact-js/3.4.11/minreact-js-3.4.11.jar returned status 404
3.4.2			IOException: Tail request on https://maven-central.storage-download.googleapis.com/maven2/com/zegreatrob/jsmints/minreact-js/3.4.2/minreact-js-3.4.2.jar returned status 404
3.4.3			IOException: Tail request on https://maven-central.storage-download.googleapis.com/maven2/com/zegreatrob/jsmints/minreact-js/3.4.3/minreact-js-3.4.3.jar returned status 404
3.4.4			IOException: Tail request on https://maven-central.storage-download.googleapis.com/maven2/com/zegreatrob/jsmints/minreact-js/3.4.4/minreact-js-3.4.4.jar returned status 404
3.4.5			IOException: Tail request on https://maven-central.storage-download.googleapis.com/maven2/com/zegreatrob/jsmints/minreact-js/3.4.5/minreact-js-3.4.5.jar returned status 404
3.4.6			IOException: Tail request on https://maven-central.storage-download.googleapis.com/maven2/com/zegreatrob/jsmints/minreact-js/3.4.6/minreact-js-3.4.6.jar returned status 404
3.4.7			IOException: Tail request on https://maven-central.storage-download.googleapis.com/maven2/com/zegreatrob/jsmints/minreact-js/3.4.7/minreact-js-3.4.7.jar returned status 404
3.4.8			IOException: Tail request on https://maven-central.storage-download.googleapis.com/maven2/com/zegreatrob/jsmints/minreact-js/3.4.8/minreact-js-3.4.8.jar returned status 404
3.4.9			IOException: Tail request on https://maven-central.storage-download.googleapis.com/maven2/com/zegreatrob/jsmints/minreact-js/3.4.9/minreact-js-3.4.9.jar returned status 404
3.5.0			IOException: Tail request on https://maven-central.storage-download.googleapis.com/maven2/com/zegreatrob/jsmints/minreact-js/3.5.0/minreact-js-3.5.0.jar returned status 404
3.5.1			IOException: Tail request on https://maven-central.storage-download.googleapis.com/maven2/com/zegreatrob/jsmints/minreact-js/3.5.1/minreact-js-3.5.1.jar returned status 404
3.5.10			IOException: Tail request on https://maven-central.storage-download.googleapis.com/maven2/com/zegreatrob/jsmints/minreact-js/3.5.10/minreact-js-3.5.10.jar returned status 404
3.5.11			IOException: Tail request on https://maven-central.storage-download.googleapis.com/maven2/com/zegreatrob/jsmints/minreact-js/3.5.11/minreact-js-3.5.11.jar returned status 404
3.5.12			IOException: Tail request on https://maven-central.storage-download.googleapis.com/maven2/com/zegreatrob/jsmints/minreact-js/3.5.12/minreact-js-3.5.12.jar returned status 404
3.5.13			IOException: Tail request on https://maven-central.storage-download.googleapis.com/maven2/com/zegreatrob/jsmints/minreact-js/3.5.13/minreact-js-3.5.13.jar returned status 404
3.5.14			IOException: Tail request on https://maven-central.storage-download.googleapis.com/maven2/com/zegreatrob/jsmints/minreact-js/3.5.14/minreact-js-3.5.14.jar returned status 404
3.5.15			IOException: Tail request on https://maven-central.storage-download.googleapis.com/maven2/com/zegreatrob/jsmints/minreact-js/3.5.15/minreact-js-3.5.15.jar returned status 404
3.5.16			IOException: Tail request on https://maven-central.storage-download.googleapis.com/maven2/com/zegreatrob/jsmints/minreact-js/3.5.16/minreact-js-3.5.16.jar returned status 404
3.5.17			IOException: Tail request on https://maven-central.storage-download.googleapis.com/maven2/com/zegreatrob/jsmints/minreact-js/3.5.17/minreact-js-3.5.17.jar returned status 404
3.5.18			IOException: Tail request on https://maven-central.storage-download.googleapis.com/maven2/com/zegreatrob/jsmints/minreact-js/3.5.18/minreact-js-3.5.18.jar returned status 404
3.5.19			IOException: Tail request on https://maven-central.storage-download.googleapis.com/maven2/com/zegreatrob/jsmints/minreact-js/3.5.19/minreact-js-3.5.19.jar returned status 404
3.5.2			IOException: Tail request on https://maven-central.storage-download.googleapis.com/maven2/com/zegreatrob/jsmints/minreact-js/3.5.2/minreact-js-3.5.2.jar returned status 404
3.5.20			IOException: Tail request on https://maven-central.storage-download.googleapis.com/maven2/com/zegreatrob/jsmints/minreact-js/3.5.20/minreact-js-3.5.20.jar returned status 404
3.5.21			IOException: Tail request on https://maven-central.storage-download.googleapis.com/maven2/com/zegreatrob/jsmints/minreact-js/3.5.21/minreact-js-3.5.21.jar returned status 404
3.5.22			IOException: Tail request on https://maven-central.storage-download.googleapis.com/maven2/com/zegreatrob/jsmints/minreact-js/3.5.22/minreact-js-3.5.22.jar returned status 404
3.5.23			IOException: Tail request on https://maven-central.storage-download.googleapis.com/maven2/com/zegreatrob/jsmints/minreact-js/3.5.23/minreact-js-3.5.23.jar returned status 404
3.5.24			IOException: Tail request on https://maven-central.storage-download.googleapis.com/maven2/com/zegreatrob/jsmints/minreact-js/3.5.24/minreact-js-3.5.24.jar returned status 404
3.5.25			IOException: Tail request on https://maven-central.storage-download.googleapis.com/maven2/com/zegreatrob/jsmints/minreact-js/3.5.25/minreact-js-3.5.25.jar returned status 404
3.5.26			IOException: Tail request on https://maven-central.storage-download.googleapis.com/maven2/com/zegreatrob/jsmints/minreact-js/3.5.26/minreact-js-3.5.26.jar returned status 404
3.5.27			IOException: Tail request on https://maven-central.storage-download.googleapis.com/maven2/com/zegreatrob/jsmints/minreact-js/3.5.27/minreact-js-3.5.27.jar returned status 404
3.5.28			IOException: Tail request on https://maven-central.storage-download.googleapis.com/maven2/com/zegreatrob/jsmints/minreact-js/3.5.28/minreact-js-3.5.28.jar returned status 404
3.5.29			IOException: Tail request on https://maven-central.storage-download.googleapis.com/maven2/com/zegreatrob/jsmints/minreact-js/3.5.29/minreact-js-3.5.29.jar returned status 404
3.5.3			IOException: Tail request on https://maven-central.storage-download.googleapis.com/maven2/com/zegreatrob/jsmints/minreact-js/3.5.3/minreact-js-3.5.3.jar returned status 404
3.5.30			IOException: Tail request on https://maven-central.storage-download.googleapis.com/maven2/com/zegreatrob/jsmints/minreact-js/3.5.30/minreact-js-3.5.30.jar returned status 404
3.5.31			IOException: Tail request on https://maven-central.storage-download.googleapis.com/maven2/com/zegreatrob/jsmints/minreact-js/3.5.31/minreact-js-3.5.31.jar returned status 404
3.5.32			IOException: Tail request on https://maven-central.storage-download.googleapis.com/maven2/com/zegreatrob/jsmints/minreact-js/3.5.32/minreact-js-3.5.32.jar returned status 404
3.5.33			IOException: Tail request on https://maven-central.storage-download.googleapis.com/maven2/com/zegreatrob/jsmints/minreact-js/3.5.33/minreact-js-3.5.33.jar returned status 404
3.5.34			IOException: Tail request on https://maven-central.storage-download.googleapis.com/maven2/com/zegreatrob/jsmints/minreact-js/3.5.34/minreact-js-3.5.34.jar returned status 404
3.5.35			IOException: Tail request on https://maven-central.storage-download.googleapis.com/maven2/com/zegreatrob/jsmints/minreact-js/3.5.35/minreact-js-3.5.35.jar returned status 404
3.5.36			IOException: Tail request on https://maven-central.storage-download.googleapis.com/maven2/com/zegreatrob/jsmints/minreact-js/3.5.36/minreact-js-3.5.36.jar returned status 404
3.5.38			IOException: Tail request on https://maven-central.storage-download.googleapis.com/maven2/com/zegreatrob/jsmints/minreact-js/3.5.38/minreact-js-3.5.38.jar returned status 404
3.5.39			IOException: Tail request on https://maven-central.storage-download.googleapis.com/maven2/com/zegreatrob/jsmints/minreact-js/3.5.39/minreact-js-3.5.39.jar returned status 404
3.5.4			IOException: Tail request on https://maven-central.storage-download.googleapis.com/maven2/com/zegreatrob/jsmints/minreact-js/3.5.4/minreact-js-3.5.4.jar returned status 404
3.5.40			IOException: Tail request on https://maven-central.storage-download.googleapis.com/maven2/com/zegreatrob/jsmints/minreact-js/3.5.40/minreact-js-3.5.40.jar returned status 404
3.5.41			IOException: Tail request on https://maven-central.storage-download.googleapis.com/maven2/com/zegreatrob/jsmints/minreact-js/3.5.41/minreact-js-3.5.41.jar returned status 404
3.5.42			IOException: Tail request on https://maven-central.storage-download.googleapis.com/maven2/com/zegreatrob/jsmints/minreact-js/3.5.42/minreact-js-3.5.42.jar returned status 404
3.5.43			IOException: Tail request on https://maven-central.storage-download.googleapis.com/maven2/com/zegreatrob/jsmints/minreact-js/3.5.43/minreact-js-3.5.43.jar returned status 404
3.5.44			IOException: Tail request on https://maven-central.storage-download.googleapis.com/maven2/com/zegreatrob/jsmints/minreact-js/3.5.44/minreact-js-3.5.44.jar returned status 404
3.5.45			IOException: Tail request on https://maven-central.storage-download.googleapis.com/maven2/com/zegreatrob/jsmints/minreact-js/3.5.45/minreact-js-3.5.45.jar returned status 404
3.5.46			IOException: Tail request on https://maven-central.storage-download.googleapis.com/maven2/com/zegreatrob/jsmints/minreact-js/3.5.46/minreact-js-3.5.46.jar returned status 404
3.5.47			IOException: Tail request on https://maven-central.storage-download.googleapis.com/maven2/com/zegreatrob/jsmints/minreact-js/3.5.47/minreact-js-3.5.47.jar returned status 404
3.5.48			IOException: Tail request on https://maven-central.storage-download.googleapis.com/maven2/com/zegreatrob/jsmints/minreact-js/3.5.48/minreact-js-3.5.48.jar returned status 404
3.5.49			IOException: Tail request on https://maven-central.storage-download.googleapis.com/maven2/com/zegreatrob/jsmints/minreact-js/3.5.49/minreact-js-3.5.49.jar returned status 404
3.5.5			IOException: Tail request on https://maven-central.storage-download.googleapis.com/maven2/com/zegreatrob/jsmints/minreact-js/3.5.5/minreact-js-3.5.5.jar returned status 404
3.5.50			IOException: Tail request on https://maven-central.storage-download.googleapis.com/maven2/com/zegreatrob/jsmints/minreact-js/3.5.50/minreact-js-3.5.50.jar returned status 404
3.5.51			IOException: Tail request on https://maven-central.storage-download.googleapis.com/maven2/com/zegreatrob/jsmints/minreact-js/3.5.51/minreact-js-3.5.51.jar returned status 404
3.5.52			IOException: Tail request on https://maven-central.storage-download.googleapis.com/maven2/com/zegreatrob/jsmints/minreact-js/3.5.52/minreact-js-3.5.52.jar returned status 404
3.5.53			IOException: Tail request on https://maven-central.storage-download.googleapis.com/maven2/com/zegreatrob/jsmints/minreact-js/3.5.53/minreact-js-3.5.53.jar returned status 404
3.5.54			IOException: Tail request on https://maven-central.storage-download.googleapis.com/maven2/com/zegreatrob/jsmints/minreact-js/3.5.54/minreact-js-3.5.54.jar returned status 404
3.5.55			IOException: Tail request on https://maven-central.storage-download.googleapis.com/maven2/com/zegreatrob/jsmints/minreact-js/3.5.55/minreact-js-3.5.55.jar returned status 404
3.5.56			IOException: Tail request on https://maven-central.storage-download.googleapis.com/maven2/com/zegreatrob/jsmints/minreact-js/3.5.56/minreact-js-3.5.56.jar returned status 404
3.5.57			IOException: Tail request on https://maven-central.storage-download.googleapis.com/maven2/com/zegreatrob/jsmints/minreact-js/3.5.57/minreact-js-3.5.57.jar returned status 404
3.5.58			IOException: Tail request on https://maven-central.storage-download.googleapis.com/maven2/com/zegreatrob/jsmints/minreact-js/3.5.58/minreact-js-3.5.58.jar returned status 404
3.5.59			IOException: Tail request on https://maven-central.storage-download.googleapis.com/maven2/com/zegreatrob/jsmints/minreact-js/3.5.59/minreact-js-3.5.59.jar returned status 404
3.5.6			IOException: Tail request on https://maven-central.storage-download.googleapis.com/maven2/com/zegreatrob/jsmints/minreact-js/3.5.6/minreact-js-3.5.6.jar returned status 404
3.5.60			IOException: Tail request on https://maven-central.storage-download.googleapis.com/maven2/com/zegreatrob/jsmints/minreact-js/3.5.60/minreact-js-3.5.60.jar returned status 404
3.5.61			IOException: Tail request on https://maven-central.storage-download.googleapis.com/maven2/com/zegreatrob/jsmints/minreact-js/3.5.61/minreact-js-3.5.61.jar returned status 404
3.5.62			IOException: Tail request on https://maven-central.storage-download.googleapis.com/maven2/com/zegreatrob/jsmints/minreact-js/3.5.62/minreact-js-3.5.62.jar returned status 404
3.5.63			IOException: Tail request on https://maven-central.storage-download.googleapis.com/maven2/com/zegreatrob/jsmints/minreact-js/3.5.63/minreact-js-3.5.63.jar returned status 404
3.5.64			IOException: Tail request on https://maven-central.storage-download.googleapis.com/maven2/com/zegreatrob/jsmints/minreact-js/3.5.64/minreact-js-3.5.64.jar returned status 404
3.5.65			IOException: Tail request on https://maven-central.storage-download.googleapis.com/maven2/com/zegreatrob/jsmints/minreact-js/3.5.65/minreact-js-3.5.65.jar returned status 404
3.5.66			IOException: Tail request on https://maven-central.storage-download.googleapis.com/maven2/com/zegreatrob/jsmints/minreact-js/3.5.66/minreact-js-3.5.66.jar returned status 404
3.5.67			IOException: Tail request on https://maven-central.storage-download.googleapis.com/maven2/com/zegreatrob/jsmints/minreact-js/3.5.67/minreact-js-3.5.67.jar returned status 404
3.5.68			IOException: Tail request on https://maven-central.storage-download.googleapis.com/maven2/com/zegreatrob/jsmints/minreact-js/3.5.68/minreact-js-3.5.68.jar returned status 404
3.5.69			IOException: Tail request on https://maven-central.storage-download.googleapis.com/maven2/com/zegreatrob/jsmints/minreact-js/3.5.69/minreact-js-3.5.69.jar returned status 404
3.5.7			IOException: Tail request on https://maven-central.storage-download.googleapis.com/maven2/com/zegreatrob/jsmints/minreact-js/3.5.7/minreact-js-3.5.7.jar returned status 404
3.5.70			IOException: Tail request on https://maven-central.storage-download.googleapis.com/maven2/com/zegreatrob/jsmints/minreact-js/3.5.70/minreact-js-3.5.70.jar returned status 404
3.5.71			IOException: Tail request on https://maven-central.storage-download.googleapis.com/maven2/com/zegreatrob/jsmints/minreact-js/3.5.71/minreact-js-3.5.71.jar returned status 404
3.5.72			IOException: Tail request on https://maven-central.storage-download.googleapis.com/maven2/com/zegreatrob/jsmints/minreact-js/3.5.72/minreact-js-3.5.72.jar returned status 404
3.5.73			IOException: Tail request on https://maven-central.storage-download.googleapis.com/maven2/com/zegreatrob/jsmints/minreact-js/3.5.73/minreact-js-3.5.73.jar returned status 404
3.5.74			IOException: Tail request on https://maven-central.storage-download.googleapis.com/maven2/com/zegreatrob/jsmints/minreact-js/3.5.74/minreact-js-3.5.74.jar returned status 404
3.5.75			IOException: Tail request on https://maven-central.storage-download.googleapis.com/maven2/com/zegreatrob/jsmints/minreact-js/3.5.75/minreact-js-3.5.75.jar returned status 404
3.5.76			IOException: Tail request on https://maven-central.storage-download.googleapis.com/maven2/com/zegreatrob/jsmints/minreact-js/3.5.76/minreact-js-3.5.76.jar returned status 404
3.5.77			IOException: Tail request on https://maven-central.storage-download.googleapis.com/maven2/com/zegreatrob/jsmints/minreact-js/3.5.77/minreact-js-3.5.77.jar returned status 404
3.5.78			IOException: Tail request on https://maven-central.storage-download.googleapis.com/maven2/com/zegreatrob/jsmints/minreact-js/3.5.78/minreact-js-3.5.78.jar returned status 404
3.5.79			IOException: Tail request on https://maven-central.storage-download.googleapis.com/maven2/com/zegreatrob/jsmints/minreact-js/3.5.79/minreact-js-3.5.79.jar returned status 404
3.5.8			IOException: Tail request on https://maven-central.storage-download.googleapis.com/maven2/com/zegreatrob/jsmints/minreact-js/3.5.8/minreact-js-3.5.8.jar returned status 404
3.5.80			IOException: Tail request on https://maven-central.storage-download.googleapis.com/maven2/com/zegreatrob/jsmints/minreact-js/3.5.80/minreact-js-3.5.80.jar returned status 404
3.5.81			IOException: Tail request on https://maven-central.storage-download.googleapis.com/maven2/com/zegreatrob/jsmints/minreact-js/3.5.81/minreact-js-3.5.81.jar returned status 404
3.5.82			IOException: Tail request on https://maven-central.storage-download.googleapis.com/maven2/com/zegreatrob/jsmints/minreact-js/3.5.82/minreact-js-3.5.82.jar returned status 404
3.5.9			IOException: Tail request on https://maven-central.storage-download.googleapis.com/maven2/com/zegreatrob/jsmints/minreact-js/3.5.9/minreact-js-3.5.9.jar returned status 404
4.0.0			IOException: Tail request on https://maven-central.storage-download.googleapis.com/maven2/com/zegreatrob/jsmints/minreact-js/4.0.0/minreact-js-4.0.0.jar returned status 404
4.0.1			IOException: Tail request on https://maven-central.storage-download.googleapis.com/maven2/com/zegreatrob/jsmints/minreact-js/4.0.1/minreact-js-4.0.1.jar returned status 404
4.0.2			IOException: Tail request on https://maven-central.storage-download.googleapis.com/maven2/com/zegreatrob/jsmints/minreact-js/4.0.2/minreact-js-4.0.2.jar returned status 404
4.0.3			IOException: Tail request on https://maven-central.storage-download.googleapis.com/maven2/com/zegreatrob/jsmints/minreact-js/4.0.3/minreact-js-4.0.3.jar returned status 404
4.0.4			IOException: Tail request on https://maven-central.storage-download.googleapis.com/maven2/com/zegreatrob/jsmints/minreact-js/4.0.4/minreact-js-4.0.4.jar returned status 404
4.1.0			IOException: Tail request on https://maven-central.storage-download.googleapis.com/maven2/com/zegreatrob/jsmints/minreact-js/4.1.0/minreact-js-4.1.0.jar returned status 404
4.1.1			IOException: Tail request on https://maven-central.storage-download.googleapis.com/maven2/com/zegreatrob/jsmints/minreact-js/4.1.1/minreact-js-4.1.1.jar returned status 404
4.1.2			IOException: Tail request on https://maven-central.storage-download.googleapis.com/maven2/com/zegreatrob/jsmints/minreact-js/4.1.2/minreact-js-4.1.2.jar returned status 404
4.1.3			IOException: Tail request on https://maven-central.storage-download.googleapis.com/maven2/com/zegreatrob/jsmints/minreact-js/4.1.3/minreact-js-4.1.3.jar returned status 404
4.1.4			IOException: Tail request on https://maven-central.storage-download.googleapis.com/maven2/com/zegreatrob/jsmints/minreact-js/4.1.4/minreact-js-4.1.4.jar returned status 404
4.1.5			IOException: Tail request on https://maven-central.storage-download.googleapis.com/maven2/com/zegreatrob/jsmints/minreact-js/4.1.5/minreact-js-4.1.5.jar returned status 404
4.1.6			IOException: Tail request on https://maven-central.storage-download.googleapis.com/maven2/com/zegreatrob/jsmints/minreact-js/4.1.6/minreact-js-4.1.6.jar returned status 404
4.1.7			IOException: Tail request on https://maven-central.storage-download.googleapis.com/maven2/com/zegreatrob/jsmints/minreact-js/4.1.7/minreact-js-4.1.7.jar returned status 404
4.2.0			IOException: Tail request on https://maven-central.storage-download.googleapis.com/maven2/com/zegreatrob/jsmints/minreact-js/4.2.0/minreact-js-4.2.0.jar returned status 404
4.2.1			IOException: Tail request on https://maven-central.storage-download.googleapis.com/maven2/com/zegreatrob/jsmints/minreact-js/4.2.1/minreact-js-4.2.1.jar returned status 404
4.3.0			IOException: Tail request on https://maven-central.storage-download.googleapis.com/maven2/com/zegreatrob/jsmints/minreact-js/4.3.0/minreact-js-4.3.0.jar returned status 404
4.3.1			IOException: Tail request on https://maven-central.storage-download.googleapis.com/maven2/com/zegreatrob/jsmints/minreact-js/4.3.1/minreact-js-4.3.1.jar returned status 404
4.3.10			IOException: Tail request on https://maven-central.storage-download.googleapis.com/maven2/com/zegreatrob/jsmints/minreact-js/4.3.10/minreact-js-4.3.10.jar returned status 404
4.3.11			IOException: Tail request on https://maven-central.storage-download.googleapis.com/maven2/com/zegreatrob/jsmints/minreact-js/4.3.11/minreact-js-4.3.11.jar returned status 404
4.3.12			IOException: Tail request on https://maven-central.storage-download.googleapis.com/maven2/com/zegreatrob/jsmints/minreact-js/4.3.12/minreact-js-4.3.12.jar returned status 404
4.3.13			IOException: Tail request on https://maven-central.storage-download.googleapis.com/maven2/com/zegreatrob/jsmints/minreact-js/4.3.13/minreact-js-4.3.13.jar returned status 404
4.3.14			IOException: Tail request on https://maven-central.storage-download.googleapis.com/maven2/com/zegreatrob/jsmints/minreact-js/4.3.14/minreact-js-4.3.14.jar returned status 404
4.3.15			IOException: Tail request on https://maven-central.storage-download.googleapis.com/maven2/com/zegreatrob/jsmints/minreact-js/4.3.15/minreact-js-4.3.15.jar returned status 404
4.3.16			IOException: Tail request on https://maven-central.storage-download.googleapis.com/maven2/com/zegreatrob/jsmints/minreact-js/4.3.16/minreact-js-4.3.16.jar returned status 404
4.3.17			IOException: Tail request on https://maven-central.storage-download.googleapis.com/maven2/com/zegreatrob/jsmints/minreact-js/4.3.17/minreact-js-4.3.17.jar returned status 404
4.3.18			IOException: Tail request on https://maven-central.storage-download.googleapis.com/maven2/com/zegreatrob/jsmints/minreact-js/4.3.18/minreact-js-4.3.18.jar returned status 404
4.3.19			IOException: Tail request on https://maven-central.storage-download.googleapis.com/maven2/com/zegreatrob/jsmints/minreact-js/4.3.19/minreact-js-4.3.19.jar returned status 404
4.3.2			IOException: Tail request on https://maven-central.storage-download.googleapis.com/maven2/com/zegreatrob/jsmints/minreact-js/4.3.2/minreact-js-4.3.2.jar returned status 404
4.3.20			IOException: Tail request on https://maven-central.storage-download.googleapis.com/maven2/com/zegreatrob/jsmints/minreact-js/4.3.20/minreact-js-4.3.20.jar returned status 404
4.3.21			IOException: Tail request on https://maven-central.storage-download.googleapis.com/maven2/com/zegreatrob/jsmints/minreact-js/4.3.21/minreact-js-4.3.21.jar returned status 404
4.3.22			IOException: Tail request on https://maven-central.storage-download.googleapis.com/maven2/com/zegreatrob/jsmints/minreact-js/4.3.22/minreact-js-4.3.22.jar returned status 404
4.3.23			IOException: Tail request on https://maven-central.storage-download.googleapis.com/maven2/com/zegreatrob/jsmints/minreact-js/4.3.23/minreact-js-4.3.23.jar returned status 404
4.3.24			IOException: Tail request on https://maven-central.storage-download.googleapis.com/maven2/com/zegreatrob/jsmints/minreact-js/4.3.24/minreact-js-4.3.24.jar returned status 404
4.3.25			IOException: Tail request on https://maven-central.storage-download.googleapis.com/maven2/com/zegreatrob/jsmints/minreact-js/4.3.25/minreact-js-4.3.25.jar returned status 404
4.3.26			IOException: Tail request on https://maven-central.storage-download.googleapis.com/maven2/com/zegreatrob/jsmints/minreact-js/4.3.26/minreact-js-4.3.26.jar returned status 404
4.3.27			IOException: Tail request on https://maven-central.storage-download.googleapis.com/maven2/com/zegreatrob/jsmints/minreact-js/4.3.27/minreact-js-4.3.27.jar returned status 404
4.3.28			IOException: Tail request on https://maven-central.storage-download.googleapis.com/maven2/com/zegreatrob/jsmints/minreact-js/4.3.28/minreact-js-4.3.28.jar returned status 404
4.3.29			IOException: Tail request on https://maven-central.storage-download.googleapis.com/maven2/com/zegreatrob/jsmints/minreact-js/4.3.29/minreact-js-4.3.29.jar returned status 404
4.3.3			IOException: Tail request on https://maven-central.storage-download.googleapis.com/maven2/com/zegreatrob/jsmints/minreact-js/4.3.3/minreact-js-4.3.3.jar returned status 404
4.3.30			IOException: Tail request on https://maven-central.storage-download.googleapis.com/maven2/com/zegreatrob/jsmints/minreact-js/4.3.30/minreact-js-4.3.30.jar returned status 404
4.3.31			IOException: Tail request on https://maven-central.storage-download.googleapis.com/maven2/com/zegreatrob/jsmints/minreact-js/4.3.31/minreact-js-4.3.31.jar returned status 404
4.3.32			IOException: Tail request on https://maven-central.storage-download.googleapis.com/maven2/com/zegreatrob/jsmints/minreact-js/4.3.32/minreact-js-4.3.32.jar returned status 404
4.3.33			IOException: Tail request on https://maven-central.storage-download.googleapis.com/maven2/com/zegreatrob/jsmints/minreact-js/4.3.33/minreact-js-4.3.33.jar returned status 404
4.3.34			IOException: Tail request on https://maven-central.storage-download.googleapis.com/maven2/com/zegreatrob/jsmints/minreact-js/4.3.34/minreact-js-4.3.34.jar returned status 404
4.3.35			IOException: Tail request on https://maven-central.storage-download.googleapis.com/maven2/com/zegreatrob/jsmints/minreact-js/4.3.35/minreact-js-4.3.35.jar returned status 404
4.3.36			IOException: Tail request on https://maven-central.storage-download.googleapis.com/maven2/com/zegreatrob/jsmints/minreact-js/4.3.36/minreact-js-4.3.36.jar returned status 404
4.3.37			IOException: Tail request on https://maven-central.storage-download.googleapis.com/maven2/com/zegreatrob/jsmints/minreact-js/4.3.37/minreact-js-4.3.37.jar returned status 404
4.3.38			IOException: Tail request on https://maven-central.storage-download.googleapis.com/maven2/com/zegreatrob/jsmints/minreact-js/4.3.38/minreact-js-4.3.38.jar returned status 404
4.3.39			IOException: Tail request on https://maven-central.storage-download.googleapis.com/maven2/com/zegreatrob/jsmints/minreact-js/4.3.39/minreact-js-4.3.39.jar returned status 404
4.3.4			IOException: Tail request on https://maven-central.storage-download.googleapis.com/maven2/com/zegreatrob/jsmints/minreact-js/4.3.4/minreact-js-4.3.4.jar returned status 404
4.3.40			IOException: Tail request on https://maven-central.storage-download.googleapis.com/maven2/com/zegreatrob/jsmints/minreact-js/4.3.40/minreact-js-4.3.40.jar returned status 404
4.3.41			IOException: Tail request on https://maven-central.storage-download.googleapis.com/maven2/com/zegreatrob/jsmints/minreact-js/4.3.41/minreact-js-4.3.41.jar returned status 404
4.3.42			IOException: Tail request on https://maven-central.storage-download.googleapis.com/maven2/com/zegreatrob/jsmints/minreact-js/4.3.42/minreact-js-4.3.42.jar returned status 404
4.3.43			IOException: Tail request on https://maven-central.storage-download.googleapis.com/maven2/com/zegreatrob/jsmints/minreact-js/4.3.43/minreact-js-4.3.43.jar returned status 404
4.3.44			IOException: Tail request on https://maven-central.storage-download.googleapis.com/maven2/com/zegreatrob/jsmints/minreact-js/4.3.44/minreact-js-4.3.44.jar returned status 404
4.3.45			IOException: Tail request on https://maven-central.storage-download.googleapis.com/maven2/com/zegreatrob/jsmints/minreact-js/4.3.45/minreact-js-4.3.45.jar returned status 404
4.3.46			IOException: Tail request on https://maven-central.storage-download.googleapis.com/maven2/com/zegreatrob/jsmints/minreact-js/4.3.46/minreact-js-4.3.46.jar returned status 404
4.3.47			IOException: Tail request on https://maven-central.storage-download.googleapis.com/maven2/com/zegreatrob/jsmints/minreact-js/4.3.47/minreact-js-4.3.47.jar returned status 404
4.3.48			IOException: Tail request on https://maven-central.storage-download.googleapis.com/maven2/com/zegreatrob/jsmints/minreact-js/4.3.48/minreact-js-4.3.48.jar returned status 404
4.3.49			IOException: Tail request on https://maven-central.storage-download.googleapis.com/maven2/com/zegreatrob/jsmints/minreact-js/4.3.49/minreact-js-4.3.49.jar returned status 404
4.3.5			IOException: Tail request on https://maven-central.storage-download.googleapis.com/maven2/com/zegreatrob/jsmints/minreact-js/4.3.5/minreact-js-4.3.5.jar returned status 404
4.3.50			IOException: Tail request on https://maven-central.storage-download.googleapis.com/maven2/com/zegreatrob/jsmints/minreact-js/4.3.50/minreact-js-4.3.50.jar returned status 404
4.3.51			IOException: Tail request on https://maven-central.storage-download.googleapis.com/maven2/com/zegreatrob/jsmints/minreact-js/4.3.51/minreact-js-4.3.51.jar returned status 404
4.3.52			IOException: Tail request on https://maven-central.storage-download.googleapis.com/maven2/com/zegreatrob/jsmints/minreact-js/4.3.52/minreact-js-4.3.52.jar returned status 404
4.3.53			IOException: Tail request on https://maven-central.storage-download.googleapis.com/maven2/com/zegreatrob/jsmints/minreact-js/4.3.53/minreact-js-4.3.53.jar returned status 404
4.3.6			IOException: Tail request on https://maven-central.storage-download.googleapis.com/maven2/com/zegreatrob/jsmints/minreact-js/4.3.6/minreact-js-4.3.6.jar returned status 404
4.3.7			IOException: Tail request on https://maven-central.storage-download.googleapis.com/maven2/com/zegreatrob/jsmints/minreact-js/4.3.7/minreact-js-4.3.7.jar returned status 404
4.3.8			IOException: Tail request on https://maven-central.storage-download.googleapis.com/maven2/com/zegreatrob/jsmints/minreact-js/4.3.8/minreact-js-4.3.8.jar returned status 404
4.3.9			IOException: Tail request on https://maven-central.storage-download.googleapis.com/maven2/com/zegreatrob/jsmints/minreact-js/4.3.9/minreact-js-4.3.9.jar returned status 404
4.4.0			IOException: Tail request on https://maven-central.storage-download.googleapis.com/maven2/com/zegreatrob/jsmints/minreact-js/4.4.0/minreact-js-4.4.0.jar returned status 404
4.4.1			IOException: Tail request on https://maven-central.storage-download.googleapis.com/maven2/com/zegreatrob/jsmints/minreact-js/4.4.1/minreact-js-4.4.1.jar returned status 404
4.4.2			IOException: Tail request on https://maven-central.storage-download.googleapis.com/maven2/com/zegreatrob/jsmints/minreact-js/4.4.2/minreact-js-4.4.2.jar returned status 404
4.4.3			IOException: Tail request on https://maven-central.storage-download.googleapis.com/maven2/com/zegreatrob/jsmints/minreact-js/4.4.3/minreact-js-4.4.3.jar returned status 404
4.4.4			IOException: Tail request on https://maven-central.storage-download.googleapis.com/maven2/com/zegreatrob/jsmints/minreact-js/4.4.4/minreact-js-4.4.4.jar returned status 404
4.4.5			IOException: Tail request on https://maven-central.storage-download.googleapis.com/maven2/com/zegreatrob/jsmints/minreact-js/4.4.5/minreact-js-4.4.5.jar returned status 404
4.4.6			IOException: Tail request on https://maven-central.storage-download.googleapis.com/maven2/com/zegreatrob/jsmints/minreact-js/4.4.6/minreact-js-4.4.6.jar returned status 404
4.4.7			IOException: Tail request on https://maven-central.storage-download.googleapis.com/maven2/com/zegreatrob/jsmints/minreact-js/4.4.7/minreact-js-4.4.7.jar returned status 404
4.4.8			IOException: Tail request on https://maven-central.storage-download.googleapis.com/maven2/com/zegreatrob/jsmints/minreact-js/4.4.8/minreact-js-4.4.8.jar returned status 404
4.5.0			IOException: Tail request on https://maven-central.storage-download.googleapis.com/maven2/com/zegreatrob/jsmints/minreact-js/4.5.0/minreact-js-4.5.0.jar returned status 404
4.5.1			IOException: Tail request on https://maven-central.storage-download.googleapis.com/maven2/com/zegreatrob/jsmints/minreact-js/4.5.1/minreact-js-4.5.1.jar returned status 404
4.5.2			IOException: Tail request on https://maven-central.storage-download.googleapis.com/maven2/com/zegreatrob/jsmints/minreact-js/4.5.2/minreact-js-4.5.2.jar returned status 404
4.5.3			IOException: Tail request on https://maven-central.storage-download.googleapis.com/maven2/com/zegreatrob/jsmints/minreact-js/4.5.3/minreact-js-4.5.3.jar returned status 404
4.5.4			IOException: Tail request on https://maven-central.storage-download.googleapis.com/maven2/com/zegreatrob/jsmints/minreact-js/4.5.4/minreact-js-4.5.4.jar returned status 404
4.5.5			IOException: Tail request on https://maven-central.storage-download.googleapis.com/maven2/com/zegreatrob/jsmints/minreact-js/4.5.5/minreact-js-4.5.5.jar returned status 404
4.5.6			IOException: Tail request on https://maven-central.storage-download.googleapis.com/maven2/com/zegreatrob/jsmints/minreact-js/4.5.6/minreact-js-4.5.6.jar returned status 404
4.5.7			IOException: Tail request on https://maven-central.storage-download.googleapis.com/maven2/com/zegreatrob/jsmints/minreact-js/4.5.7/minreact-js-4.5.7.jar returned status 404
4.5.8			IOException: Tail request on https://maven-central.storage-download.googleapis.com/maven2/com/zegreatrob/jsmints/minreact-js/4.5.8/minreact-js-4.5.8.jar returned status 404
4.5.9			IOException: Tail request on https://maven-central.storage-download.googleapis.com/maven2/com/zegreatrob/jsmints/minreact-js/4.5.9/minreact-js-4.5.9.jar returned status 404
4.6.0			IOException: Tail request on https://maven-central.storage-download.googleapis.com/maven2/com/zegreatrob/jsmints/minreact-js/4.6.0/minreact-js-4.6.0.jar returned status 404
4.6.1			IOException: Tail request on https://maven-central.storage-download.googleapis.com/maven2/com/zegreatrob/jsmints/minreact-js/4.6.1/minreact-js-4.6.1.jar returned status 404
4.6.10			IOException: Tail request on https://maven-central.storage-download.googleapis.com/maven2/com/zegreatrob/jsmints/minreact-js/4.6.10/minreact-js-4.6.10.jar returned status 404
4.6.11			IOException: Tail request on https://maven-central.storage-download.googleapis.com/maven2/com/zegreatrob/jsmints/minreact-js/4.6.11/minreact-js-4.6.11.jar returned status 404
4.6.12			IOException: Tail request on https://maven-central.storage-download.googleapis.com/maven2/com/zegreatrob/jsmints/minreact-js/4.6.12/minreact-js-4.6.12.jar returned status 404
4.6.13			IOException: Tail request on https://maven-central.storage-download.googleapis.com/maven2/com/zegreatrob/jsmints/minreact-js/4.6.13/minreact-js-4.6.13.jar returned status 404
4.6.14			IOException: Tail request on https://maven-central.storage-download.googleapis.com/maven2/com/zegreatrob/jsmints/minreact-js/4.6.14/minreact-js-4.6.14.jar returned status 404
4.6.15			IOException: Tail request on https://maven-central.storage-download.googleapis.com/maven2/com/zegreatrob/jsmints/minreact-js/4.6.15/minreact-js-4.6.15.jar returned status 404
4.6.16			IOException: Tail request on https://maven-central.storage-download.googleapis.com/maven2/com/zegreatrob/jsmints/minreact-js/4.6.16/minreact-js-4.6.16.jar returned status 404
4.6.17			IOException: Tail request on https://maven-central.storage-download.googleapis.com/maven2/com/zegreatrob/jsmints/minreact-js/4.6.17/minreact-js-4.6.17.jar returned status 404
4.6.18			IOException: Tail request on https://maven-central.storage-download.googleapis.com/maven2/com/zegreatrob/jsmints/minreact-js/4.6.18/minreact-js-4.6.18.jar returned status 404
4.6.19			IOException: Tail request on https://maven-central.storage-download.googleapis.com/maven2/com/zegreatrob/jsmints/minreact-js/4.6.19/minreact-js-4.6.19.jar returned status 404
4.6.2			IOException: Tail request on https://maven-central.storage-download.googleapis.com/maven2/com/zegreatrob/jsmints/minreact-js/4.6.2/minreact-js-4.6.2.jar returned status 404
4.6.20			IOException: Tail request on https://maven-central.storage-download.googleapis.com/maven2/com/zegreatrob/jsmints/minreact-js/4.6.20/minreact-js-4.6.20.jar returned status 404
4.6.21			IOException: Tail request on https://maven-central.storage-download.googleapis.com/maven2/com/zegreatrob/jsmints/minreact-js/4.6.21/minreact-js-4.6.21.jar returned status 404
4.6.22			IOException: Tail request on https://maven-central.storage-download.googleapis.com/maven2/com/zegreatrob/jsmints/minreact-js/4.6.22/minreact-js-4.6.22.jar returned status 404
4.6.23			IOException: Tail request on https://maven-central.storage-download.googleapis.com/maven2/com/zegreatrob/jsmints/minreact-js/4.6.23/minreact-js-4.6.23.jar returned status 404
4.6.24			IOException: Tail request on https://maven-central.storage-download.googleapis.com/maven2/com/zegreatrob/jsmints/minreact-js/4.6.24/minreact-js-4.6.24.jar returned status 404
4.6.25			IOException: Tail request on https://maven-central.storage-download.googleapis.com/maven2/com/zegreatrob/jsmints/minreact-js/4.6.25/minreact-js-4.6.25.jar returned status 404
4.6.26			IOException: Tail request on https://maven-central.storage-download.googleapis.com/maven2/com/zegreatrob/jsmints/minreact-js/4.6.26/minreact-js-4.6.26.jar returned status 404
4.6.27			IOException: Tail request on https://maven-central.storage-download.googleapis.com/maven2/com/zegreatrob/jsmints/minreact-js/4.6.27/minreact-js-4.6.27.jar returned status 404
4.6.28			IOException: Tail request on https://maven-central.storage-download.googleapis.com/maven2/com/zegreatrob/jsmints/minreact-js/4.6.28/minreact-js-4.6.28.jar returned status 404
4.6.29			IOException: Tail request on https://maven-central.storage-download.googleapis.com/maven2/com/zegreatrob/jsmints/minreact-js/4.6.29/minreact-js-4.6.29.jar returned status 404
4.6.3			IOException: Tail request on https://maven-central.storage-download.googleapis.com/maven2/com/zegreatrob/jsmints/minreact-js/4.6.3/minreact-js-4.6.3.jar returned status 404
4.6.30			IOException: Tail request on https://maven-central.storage-download.googleapis.com/maven2/com/zegreatrob/jsmints/minreact-js/4.6.30/minreact-js-4.6.30.jar returned status 404
4.6.31			IOException: Tail request on https://maven-central.storage-download.googleapis.com/maven2/com/zegreatrob/jsmints/minreact-js/4.6.31/minreact-js-4.6.31.jar returned status 404
4.6.32			IOException: Tail request on https://maven-central.storage-download.googleapis.com/maven2/com/zegreatrob/jsmints/minreact-js/4.6.32/minreact-js-4.6.32.jar returned status 404
4.6.33			IOException: Tail request on https://maven-central.storage-download.googleapis.com/maven2/com/zegreatrob/jsmints/minreact-js/4.6.33/minreact-js-4.6.33.jar returned status 404
4.6.34			IOException: Tail request on https://maven-central.storage-download.googleapis.com/maven2/com/zegreatrob/jsmints/minreact-js/4.6.34/minreact-js-4.6.34.jar returned status 404
4.6.35			IOException: Tail request on https://maven-central.storage-download.googleapis.com/maven2/com/zegreatrob/jsmints/minreact-js/4.6.35/minreact-js-4.6.35.jar returned status 404
4.6.36			IOException: Tail request on https://maven-central.storage-download.googleapis.com/maven2/com/zegreatrob/jsmints/minreact-js/4.6.36/minreact-js-4.6.36.jar returned status 404
4.6.37			IOException: Tail request on https://maven-central.storage-download.googleapis.com/maven2/com/zegreatrob/jsmints/minreact-js/4.6.37/minreact-js-4.6.37.jar returned status 404
4.6.38			IOException: Tail request on https://maven-central.storage-download.googleapis.com/maven2/com/zegreatrob/jsmints/minreact-js/4.6.38/minreact-js-4.6.38.jar returned status 404
4.6.39			IOException: Tail request on https://maven-central.storage-download.googleapis.com/maven2/com/zegreatrob/jsmints/minreact-js/4.6.39/minreact-js-4.6.39.jar returned status 404
4.6.4			IOException: Tail request on https://maven-central.storage-download.googleapis.com/maven2/com/zegreatrob/jsmints/minreact-js/4.6.4/minreact-js-4.6.4.jar returned status 404
4.6.40			IOException: Tail request on https://maven-central.storage-download.googleapis.com/maven2/com/zegreatrob/jsmints/minreact-js/4.6.40/minreact-js-4.6.40.jar returned status 404
4.6.41			IOException: Tail request on https://maven-central.storage-download.googleapis.com/maven2/com/zegreatrob/jsmints/minreact-js/4.6.41/minreact-js-4.6.41.jar returned status 404
4.6.42			IOException: Tail request on https://maven-central.storage-download.googleapis.com/maven2/com/zegreatrob/jsmints/minreact-js/4.6.42/minreact-js-4.6.42.jar returned status 404
4.6.43			IOException: Tail request on https://maven-central.storage-download.googleapis.com/maven2/com/zegreatrob/jsmints/minreact-js/4.6.43/minreact-js-4.6.43.jar returned status 404
4.6.44			IOException: Tail request on https://maven-central.storage-download.googleapis.com/maven2/com/zegreatrob/jsmints/minreact-js/4.6.44/minreact-js-4.6.44.jar returned status 404
4.6.45			IOException: Tail request on https://maven-central.storage-download.googleapis.com/maven2/com/zegreatrob/jsmints/minreact-js/4.6.45/minreact-js-4.6.45.jar returned status 404
4.6.46			IOException: Tail request on https://maven-central.storage-download.googleapis.com/maven2/com/zegreatrob/jsmints/minreact-js/4.6.46/minreact-js-4.6.46.jar returned status 404
4.6.47			IOException: Tail request on https://maven-central.storage-download.googleapis.com/maven2/com/zegreatrob/jsmints/minreact-js/4.6.47/minreact-js-4.6.47.jar returned status 404
4.6.48			IOException: Tail request on https://maven-central.storage-download.googleapis.com/maven2/com/zegreatrob/jsmints/minreact-js/4.6.48/minreact-js-4.6.48.jar returned status 404
4.6.49			IOException: Tail request on https://maven-central.storage-download.googleapis.com/maven2/com/zegreatrob/jsmints/minreact-js/4.6.49/minreact-js-4.6.49.jar returned status 404
4.6.5			IOException: Tail request on https://maven-central.storage-download.googleapis.com/maven2/com/zegreatrob/jsmints/minreact-js/4.6.5/minreact-js-4.6.5.jar returned status 404
4.6.50			IOException: Tail request on https://maven-central.storage-download.googleapis.com/maven2/com/zegreatrob/jsmints/minreact-js/4.6.50/minreact-js-4.6.50.jar returned status 404
4.6.51			IOException: Tail request on https://maven-central.storage-download.googleapis.com/maven2/com/zegreatrob/jsmints/minreact-js/4.6.51/minreact-js-4.6.51.jar returned status 404
4.6.52			IOException: Tail request on https://maven-central.storage-download.googleapis.com/maven2/com/zegreatrob/jsmints/minreact-js/4.6.52/minreact-js-4.6.52.jar returned status 404
4.6.53			IOException: Tail request on https://maven-central.storage-download.googleapis.com/maven2/com/zegreatrob/jsmints/minreact-js/4.6.53/minreact-js-4.6.53.jar returned status 404
4.6.54			IOException: Tail request on https://maven-central.storage-download.googleapis.com/maven2/com/zegreatrob/jsmints/minreact-js/4.6.54/minreact-js-4.6.54.jar returned status 404
4.6.55			IOException: Tail request on https://maven-central.storage-download.googleapis.com/maven2/com/zegreatrob/jsmints/minreact-js/4.6.55/minreact-js-4.6.55.jar returned status 404
4.6.57			IOException: Tail request on https://maven-central.storage-download.googleapis.com/maven2/com/zegreatrob/jsmints/minreact-js/4.6.57/minreact-js-4.6.57.jar returned status 404
4.6.58			IOException: Tail request on https://maven-central.storage-download.googleapis.com/maven2/com/zegreatrob/jsmints/minreact-js/4.6.58/minreact-js-4.6.58.jar returned status 404
4.6.59			IOException: Tail request on https://maven-central.storage-download.googleapis.com/maven2/com/zegreatrob/jsmints/minreact-js/4.6.59/minreact-js-4.6.59.jar returned status 404
4.6.6			IOException: Tail request on https://maven-central.storage-download.googleapis.com/maven2/com/zegreatrob/jsmints/minreact-js/4.6.6/minreact-js-4.6.6.jar returned status 404
4.6.60			IOException: Tail request on https://maven-central.storage-download.googleapis.com/maven2/com/zegreatrob/jsmints/minreact-js/4.6.60/minreact-js-4.6.60.jar returned status 404
4.6.7			IOException: Tail request on https://maven-central.storage-download.googleapis.com/maven2/com/zegreatrob/jsmints/minreact-js/4.6.7/minreact-js-4.6.7.jar returned status 404
4.6.8			IOException: Tail request on https://maven-central.storage-download.googleapis.com/maven2/com/zegreatrob/jsmints/minreact-js/4.6.8/minreact-js-4.6.8.jar returned status 404
4.6.9			IOException: Tail request on https://maven-central.storage-download.googleapis.com/maven2/com/zegreatrob/jsmints/minreact-js/4.6.9/minreact-js-4.6.9.jar returned status 404
5.0.0			IOException: Tail request on https://maven-central.storage-download.googleapis.com/maven2/com/zegreatrob/jsmints/minreact-js/5.0.0/minreact-js-5.0.0.jar returned status 404
5.0.1			IOException: Tail request on https://maven-central.storage-download.googleapis.com/maven2/com/zegreatrob/jsmints/minreact-js/5.0.1/minreact-js-5.0.1.jar returned status 404
5.0.10			IOException: Tail request on https://maven-central.storage-download.googleapis.com/maven2/com/zegreatrob/jsmints/minreact-js/5.0.10/minreact-js-5.0.10.jar returned status 404
5.0.11			IOException: Tail request on https://maven-central.storage-download.googleapis.com/maven2/com/zegreatrob/jsmints/minreact-js/5.0.11/minreact-js-5.0.11.jar returned status 404
5.0.12			IOException: Tail request on https://maven-central.storage-download.googleapis.com/maven2/com/zegreatrob/jsmints/minreact-js/5.0.12/minreact-js-5.0.12.jar returned status 404
5.0.13			IOException: Tail request on https://maven-central.storage-download.googleapis.com/maven2/com/zegreatrob/jsmints/minreact-js/5.0.13/minreact-js-5.0.13.jar returned status 404
5.0.14			IOException: Tail request on https://maven-central.storage-download.googleapis.com/maven2/com/zegreatrob/jsmints/minreact-js/5.0.14/minreact-js-5.0.14.jar returned status 404
5.0.15			IOException: Tail request on https://maven-central.storage-download.googleapis.com/maven2/com/zegreatrob/jsmints/minreact-js/5.0.15/minreact-js-5.0.15.jar returned status 404
5.0.16			IOException: Tail request on https://maven-central.storage-download.googleapis.com/maven2/com/zegreatrob/jsmints/minreact-js/5.0.16/minreact-js-5.0.16.jar returned status 404
5.0.17			IOException: Tail request on https://maven-central.storage-download.googleapis.com/maven2/com/zegreatrob/jsmints/minreact-js/5.0.17/minreact-js-5.0.17.jar returned status 404
5.0.18			IOException: Tail request on https://maven-central.storage-download.googleapis.com/maven2/com/zegreatrob/jsmints/minreact-js/5.0.18/minreact-js-5.0.18.jar returned status 404
5.0.19			IOException: Tail request on https://maven-central.storage-download.googleapis.com/maven2/com/zegreatrob/jsmints/minreact-js/5.0.19/minreact-js-5.0.19.jar returned status 404
5.0.2			IOException: Tail request on https://maven-central.storage-download.googleapis.com/maven2/com/zegreatrob/jsmints/minreact-js/5.0.2/minreact-js-5.0.2.jar returned status 404
5.0.20			IOException: Tail request on https://maven-central.storage-download.googleapis.com/maven2/com/zegreatrob/jsmints/minreact-js/5.0.20/minreact-js-5.0.20.jar returned status 404
5.0.21			IOException: Tail request on https://maven-central.storage-download.googleapis.com/maven2/com/zegreatrob/jsmints/minreact-js/5.0.21/minreact-js-5.0.21.jar returned status 404
5.0.22			IOException: Tail request on https://maven-central.storage-download.googleapis.com/maven2/com/zegreatrob/jsmints/minreact-js/5.0.22/minreact-js-5.0.22.jar returned status 404
5.0.23			IOException: Tail request on https://maven-central.storage-download.googleapis.com/maven2/com/zegreatrob/jsmints/minreact-js/5.0.23/minreact-js-5.0.23.jar returned status 404
5.0.24			IOException: Tail request on https://maven-central.storage-download.googleapis.com/maven2/com/zegreatrob/jsmints/minreact-js/5.0.24/minreact-js-5.0.24.jar returned status 404
5.0.3			IOException: Tail request on https://maven-central.storage-download.googleapis.com/maven2/com/zegreatrob/jsmints/minreact-js/5.0.3/minreact-js-5.0.3.jar returned status 404
5.0.4			IOException: Tail request on https://maven-central.storage-download.googleapis.com/maven2/com/zegreatrob/jsmints/minreact-js/5.0.4/minreact-js-5.0.4.jar returned status 404
5.0.5			IOException: Tail request on https://maven-central.storage-download.googleapis.com/maven2/com/zegreatrob/jsmints/minreact-js/5.0.5/minreact-js-5.0.5.jar returned status 404
5.0.6			IOException: Tail request on https://maven-central.storage-download.googleapis.com/maven2/com/zegreatrob/jsmints/minreact-js/5.0.6/minreact-js-5.0.6.jar returned status 404
5.0.7			IOException: Tail request on https://maven-central.storage-download.googleapis.com/maven2/com/zegreatrob/jsmints/minreact-js/5.0.7/minreact-js-5.0.7.jar returned status 404
5.0.8			IOException: Tail request on https://maven-central.storage-download.googleapis.com/maven2/com/zegreatrob/jsmints/minreact-js/5.0.8/minreact-js-5.0.8.jar returned status 404
5.0.9			IOException: Tail request on https://maven-central.storage-download.googleapis.com/maven2/com/zegreatrob/jsmints/minreact-js/5.0.9/minreact-js-5.0.9.jar returned status 404
5.1.0			IOException: Tail request on https://maven-central.storage-download.googleapis.com/maven2/com/zegreatrob/jsmints/minreact-js/5.1.0/minreact-js-5.1.0.jar returned status 404
5.1.1			IOException: Tail request on https://maven-central.storage-download.googleapis.com/maven2/com/zegreatrob/jsmints/minreact-js/5.1.1/minreact-js-5.1.1.jar returned status 404
5.1.10			IOException: Tail request on https://maven-central.storage-download.googleapis.com/maven2/com/zegreatrob/jsmints/minreact-js/5.1.10/minreact-js-5.1.10.jar returned status 404
5.1.11			IOException: Tail request on https://maven-central.storage-download.googleapis.com/maven2/com/zegreatrob/jsmints/minreact-js/5.1.11/minreact-js-5.1.11.jar returned status 404
5.1.12			IOException: Tail request on https://maven-central.storage-download.googleapis.com/maven2/com/zegreatrob/jsmints/minreact-js/5.1.12/minreact-js-5.1.12.jar returned status 404
5.1.13			IOException: Tail request on https://maven-central.storage-download.googleapis.com/maven2/com/zegreatrob/jsmints/minreact-js/5.1.13/minreact-js-5.1.13.jar returned status 404
5.1.14			IOException: Tail request on https://maven-central.storage-download.googleapis.com/maven2/com/zegreatrob/jsmints/minreact-js/5.1.14/minreact-js-5.1.14.jar returned status 404
5.1.15			IOException: Tail request on https://maven-central.storage-download.googleapis.com/maven2/com/zegreatrob/jsmints/minreact-js/5.1.15/minreact-js-5.1.15.jar returned status 404
5.1.16			IOException: Tail request on https://maven-central.storage-download.googleapis.com/maven2/com/zegreatrob/jsmints/minreact-js/5.1.16/minreact-js-5.1.16.jar returned status 404
5.1.17			IOException: Tail request on https://maven-central.storage-download.googleapis.com/maven2/com/zegreatrob/jsmints/minreact-js/5.1.17/minreact-js-5.1.17.jar returned status 404
5.1.18			IOException: Tail request on https://maven-central.storage-download.googleapis.com/maven2/com/zegreatrob/jsmints/minreact-js/5.1.18/minreact-js-5.1.18.jar returned status 404
5.1.19			IOException: Tail request on https://maven-central.storage-download.googleapis.com/maven2/com/zegreatrob/jsmints/minreact-js/5.1.19/minreact-js-5.1.19.jar returned status 404
5.1.2			IOException: Tail request on https://maven-central.storage-download.googleapis.com/maven2/com/zegreatrob/jsmints/minreact-js/5.1.2/minreact-js-5.1.2.jar returned status 404
5.1.20			IOException: Tail request on https://maven-central.storage-download.googleapis.com/maven2/com/zegreatrob/jsmints/minreact-js/5.1.20/minreact-js-5.1.20.jar returned status 404
5.1.22			IOException: Tail request on https://maven-central.storage-download.googleapis.com/maven2/com/zegreatrob/jsmints/minreact-js/5.1.22/minreact-js-5.1.22.jar returned status 404
5.1.23			IOException: Tail request on https://maven-central.storage-download.googleapis.com/maven2/com/zegreatrob/jsmints/minreact-js/5.1.23/minreact-js-5.1.23.jar returned status 404
5.1.24			IOException: Tail request on https://maven-central.storage-download.googleapis.com/maven2/com/zegreatrob/jsmints/minreact-js/5.1.24/minreact-js-5.1.24.jar returned status 404
5.1.25			IOException: Tail request on https://maven-central.storage-download.googleapis.com/maven2/com/zegreatrob/jsmints/minreact-js/5.1.25/minreact-js-5.1.25.jar returned status 404
5.1.26			IOException: Tail request on https://maven-central.storage-download.googleapis.com/maven2/com/zegreatrob/jsmints/minreact-js/5.1.26/minreact-js-5.1.26.jar returned status 404
5.1.27			IOException: Tail request on https://maven-central.storage-download.googleapis.com/maven2/com/zegreatrob/jsmints/minreact-js/5.1.27/minreact-js-5.1.27.jar returned status 404
5.1.28			IOException: Tail request on https://maven-central.storage-download.googleapis.com/maven2/com/zegreatrob/jsmints/minreact-js/5.1.28/minreact-js-5.1.28.jar returned status 404
5.1.3			IOException: Tail request on https://maven-central.storage-download.googleapis.com/maven2/com/zegreatrob/jsmints/minreact-js/5.1.3/minreact-js-5.1.3.jar returned status 404
5.1.4			IOException: Tail request on https://maven-central.storage-download.googleapis.com/maven2/com/zegreatrob/jsmints/minreact-js/5.1.4/minreact-js-5.1.4.jar returned status 404
5.1.5			IOException: Tail request on https://maven-central.storage-download.googleapis.com/maven2/com/zegreatrob/jsmints/minreact-js/5.1.5/minreact-js-5.1.5.jar returned status 404
5.1.6			IOException: Tail request on https://maven-central.storage-download.googleapis.com/maven2/com/zegreatrob/jsmints/minreact-js/5.1.6/minreact-js-5.1.6.jar returned status 404
5.1.7			IOException: Tail request on https://maven-central.storage-download.googleapis.com/maven2/com/zegreatrob/jsmints/minreact-js/5.1.7/minreact-js-5.1.7.jar returned status 404
5.1.8			IOException: Tail request on https://maven-central.storage-download.googleapis.com/maven2/com/zegreatrob/jsmints/minreact-js/5.1.8/minreact-js-5.1.8.jar returned status 404
5.1.9			IOException: Tail request on https://maven-central.storage-download.googleapis.com/maven2/com/zegreatrob/jsmints/minreact-js/5.1.9/minreact-js-5.1.9.jar returned status 404
5.2.0			IOException: Tail request on https://maven-central.storage-download.googleapis.com/maven2/com/zegreatrob/jsmints/minreact-js/5.2.0/minreact-js-5.2.0.jar returned status 404
5.2.1			IOException: Tail request on https://maven-central.storage-download.googleapis.com/maven2/com/zegreatrob/jsmints/minreact-js/5.2.1/minreact-js-5.2.1.jar returned status 404
5.2.2			IOException: Tail request on https://maven-central.storage-download.googleapis.com/maven2/com/zegreatrob/jsmints/minreact-js/5.2.2/minreact-js-5.2.2.jar returned status 404
5.2.3			IOException: Tail request on https://maven-central.storage-download.googleapis.com/maven2/com/zegreatrob/jsmints/minreact-js/5.2.3/minreact-js-5.2.3.jar returned status 404
5.2.4			IOException: Tail request on https://maven-central.storage-download.googleapis.com/maven2/com/zegreatrob/jsmints/minreact-js/5.2.4/minreact-js-5.2.4.jar returned status 404
5.2.5			IOException: Tail request on https://maven-central.storage-download.googleapis.com/maven2/com/zegreatrob/jsmints/minreact-js/5.2.5/minreact-js-5.2.5.jar returned status 404
5.2.6			IOException: Tail request on https://maven-central.storage-download.googleapis.com/maven2/com/zegreatrob/jsmints/minreact-js/5.2.6/minreact-js-5.2.6.jar returned status 404
5.2.7			IOException: Tail request on https://maven-central.storage-download.googleapis.com/maven2/com/zegreatrob/jsmints/minreact-js/5.2.7/minreact-js-5.2.7.jar returned status 404
5.2.8			IOException: Tail request on https://maven-central.storage-download.googleapis.com/maven2/com/zegreatrob/jsmints/minreact-js/5.2.8/minreact-js-5.2.8.jar returned status 404
5.2.9			IOException: Tail request on https://maven-central.storage-download.googleapis.com/maven2/com/zegreatrob/jsmints/minreact-js/5.2.9/minreact-js-5.2.9.jar returned status 404
5.3.0			IOException: Tail request on https://maven-central.storage-download.googleapis.com/maven2/com/zegreatrob/jsmints/minreact-js/5.3.0/minreact-js-5.3.0.jar returned status 404
5.4.0			IOException: Tail request on https://maven-central.storage-download.googleapis.com/maven2/com/zegreatrob/jsmints/minreact-js/5.4.0/minreact-js-5.4.0.jar returned status 404
5.4.1			IOException: Tail request on https://maven-central.storage-download.googleapis.com/maven2/com/zegreatrob/jsmints/minreact-js/5.4.1/minreact-js-5.4.1.jar returned status 404
5.4.10			IOException: Tail request on https://maven-central.storage-download.googleapis.com/maven2/com/zegreatrob/jsmints/minreact-js/5.4.10/minreact-js-5.4.10.jar returned status 404
5.4.100			IOException: Tail request on https://maven-central.storage-download.googleapis.com/maven2/com/zegreatrob/jsmints/minreact-js/5.4.100/minreact-js-5.4.100.jar returned status 404
5.4.101			IOException: Tail request on https://maven-central.storage-download.googleapis.com/maven2/com/zegreatrob/jsmints/minreact-js/5.4.101/minreact-js-5.4.101.jar returned status 404
5.4.102			IOException: Tail request on https://maven-central.storage-download.googleapis.com/maven2/com/zegreatrob/jsmints/minreact-js/5.4.102/minreact-js-5.4.102.jar returned status 404
5.4.103			IOException: Tail request on https://maven-central.storage-download.googleapis.com/maven2/com/zegreatrob/jsmints/minreact-js/5.4.103/minreact-js-5.4.103.jar returned status 404
5.4.11			IOException: Tail request on https://maven-central.storage-download.googleapis.com/maven2/com/zegreatrob/jsmints/minreact-js/5.4.11/minreact-js-5.4.11.jar returned status 404
5.4.12			IOException: Tail request on https://maven-central.storage-download.googleapis.com/maven2/com/zegreatrob/jsmints/minreact-js/5.4.12/minreact-js-5.4.12.jar returned status 404
5.4.13			IOException: Tail request on https://maven-central.storage-download.googleapis.com/maven2/com/zegreatrob/jsmints/minreact-js/5.4.13/minreact-js-5.4.13.jar returned status 404
5.4.14			IOException: Tail request on https://maven-central.storage-download.googleapis.com/maven2/com/zegreatrob/jsmints/minreact-js/5.4.14/minreact-js-5.4.14.jar returned status 404
5.4.15			IOException: Tail request on https://maven-central.storage-download.googleapis.com/maven2/com/zegreatrob/jsmints/minreact-js/5.4.15/minreact-js-5.4.15.jar returned status 404
5.4.16			IOException: Tail request on https://maven-central.storage-download.googleapis.com/maven2/com/zegreatrob/jsmints/minreact-js/5.4.16/minreact-js-5.4.16.jar returned status 404
5.4.17			IOException: Tail request on https://maven-central.storage-download.googleapis.com/maven2/com/zegreatrob/jsmints/minreact-js/5.4.17/minreact-js-5.4.17.jar returned status 404
5.4.18			IOException: Tail request on https://maven-central.storage-download.googleapis.com/maven2/com/zegreatrob/jsmints/minreact-js/5.4.18/minreact-js-5.4.18.jar returned status 404
5.4.19			IOException: Tail request on https://maven-central.storage-download.googleapis.com/maven2/com/zegreatrob/jsmints/minreact-js/5.4.19/minreact-js-5.4.19.jar returned status 404
5.4.2			IOException: Tail request on https://maven-central.storage-download.googleapis.com/maven2/com/zegreatrob/jsmints/minreact-js/5.4.2/minreact-js-5.4.2.jar returned status 404
5.4.20			IOException: Tail request on https://maven-central.storage-download.googleapis.com/maven2/com/zegreatrob/jsmints/minreact-js/5.4.20/minreact-js-5.4.20.jar returned status 404
5.4.21			IOException: Tail request on https://maven-central.storage-download.googleapis.com/maven2/com/zegreatrob/jsmints/minreact-js/5.4.21/minreact-js-5.4.21.jar returned status 404
5.4.22			IOException: Tail request on https://maven-central.storage-download.googleapis.com/maven2/com/zegreatrob/jsmints/minreact-js/5.4.22/minreact-js-5.4.22.jar returned status 404
5.4.23			IOException: Tail request on https://maven-central.storage-download.googleapis.com/maven2/com/zegreatrob/jsmints/minreact-js/5.4.23/minreact-js-5.4.23.jar returned status 404
5.4.24			IOException: Tail request on https://maven-central.storage-download.googleapis.com/maven2/com/zegreatrob/jsmints/minreact-js/5.4.24/minreact-js-5.4.24.jar returned status 404
5.4.25			IOException: Tail request on https://maven-central.storage-download.googleapis.com/maven2/com/zegreatrob/jsmints/minreact-js/5.4.25/minreact-js-5.4.25.jar returned status 404
5.4.26			IOException: Tail request on https://maven-central.storage-download.googleapis.com/maven2/com/zegreatrob/jsmints/minreact-js/5.4.26/minreact-js-5.4.26.jar returned status 404
5.4.27			IOException: Tail request on https://maven-central.storage-download.googleapis.com/maven2/com/zegreatrob/jsmints/minreact-js/5.4.27/minreact-js-5.4.27.jar returned status 404
5.4.28			IOException: Tail request on https://maven-central.storage-download.googleapis.com/maven2/com/zegreatrob/jsmints/minreact-js/5.4.28/minreact-js-5.4.28.jar returned status 404
5.4.29			IOException: Tail request on https://maven-central.storage-download.googleapis.com/maven2/com/zegreatrob/jsmints/minreact-js/5.4.29/minreact-js-5.4.29.jar returned status 404
5.4.3			IOException: Tail request on https://maven-central.storage-download.googleapis.com/maven2/com/zegreatrob/jsmints/minreact-js/5.4.3/minreact-js-5.4.3.jar returned status 404
5.4.30			IOException: Tail request on https://maven-central.storage-download.googleapis.com/maven2/com/zegreatrob/jsmints/minreact-js/5.4.30/minreact-js-5.4.30.jar returned status 404
5.4.31			IOException: Tail request on https://maven-central.storage-download.googleapis.com/maven2/com/zegreatrob/jsmints/minreact-js/5.4.31/minreact-js-5.4.31.jar returned status 404
5.4.32			IOException: Tail request on https://maven-central.storage-download.googleapis.com/maven2/com/zegreatrob/jsmints/minreact-js/5.4.32/minreact-js-5.4.32.jar returned status 404
5.4.33			IOException: Tail request on https://maven-central.storage-download.googleapis.com/maven2/com/zegreatrob/jsmints/minreact-js/5.4.33/minreact-js-5.4.33.jar returned status 404
5.4.34			IOException: Tail request on https://maven-central.storage-download.googleapis.com/maven2/com/zegreatrob/jsmints/minreact-js/5.4.34/minreact-js-5.4.34.jar returned status 404
5.4.35			IOException: Tail request on https://maven-central.storage-download.googleapis.com/maven2/com/zegreatrob/jsmints/minreact-js/5.4.35/minreact-js-5.4.35.jar returned status 404
5.4.36			IOException: Tail request on https://maven-central.storage-download.googleapis.com/maven2/com/zegreatrob/jsmints/minreact-js/5.4.36/minreact-js-5.4.36.jar returned status 404
5.4.37			IOException: Tail request on https://maven-central.storage-download.googleapis.com/maven2/com/zegreatrob/jsmints/minreact-js/5.4.37/minreact-js-5.4.37.jar returned status 404
5.4.38			IOException: Tail request on https://maven-central.storage-download.googleapis.com/maven2/com/zegreatrob/jsmints/minreact-js/5.4.38/minreact-js-5.4.38.jar returned status 404
5.4.39			IOException: Tail request on https://maven-central.storage-download.googleapis.com/maven2/com/zegreatrob/jsmints/minreact-js/5.4.39/minreact-js-5.4.39.jar returned status 404
5.4.4			IOException: Tail request on https://maven-central.storage-download.googleapis.com/maven2/com/zegreatrob/jsmints/minreact-js/5.4.4/minreact-js-5.4.4.jar returned status 404
5.4.40			IOException: Tail request on https://maven-central.storage-download.googleapis.com/maven2/com/zegreatrob/jsmints/minreact-js/5.4.40/minreact-js-5.4.40.jar returned status 404
5.4.41			IOException: Tail request on https://maven-central.storage-download.googleapis.com/maven2/com/zegreatrob/jsmints/minreact-js/5.4.41/minreact-js-5.4.41.jar returned status 404
5.4.42			IOException: Tail request on https://maven-central.storage-download.googleapis.com/maven2/com/zegreatrob/jsmints/minreact-js/5.4.42/minreact-js-5.4.42.jar returned status 404
5.4.43			IOException: Tail request on https://maven-central.storage-download.googleapis.com/maven2/com/zegreatrob/jsmints/minreact-js/5.4.43/minreact-js-5.4.43.jar returned status 404
5.4.44			IOException: Tail request on https://maven-central.storage-download.googleapis.com/maven2/com/zegreatrob/jsmints/minreact-js/5.4.44/minreact-js-5.4.44.jar returned status 404
5.4.45			IOException: Tail request on https://maven-central.storage-download.googleapis.com/maven2/com/zegreatrob/jsmints/minreact-js/5.4.45/minreact-js-5.4.45.jar returned status 404
5.4.46			IOException: Tail request on https://maven-central.storage-download.googleapis.com/maven2/com/zegreatrob/jsmints/minreact-js/5.4.46/minreact-js-5.4.46.jar returned status 404
5.4.47			IOException: Tail request on https://maven-central.storage-download.googleapis.com/maven2/com/zegreatrob/jsmints/minreact-js/5.4.47/minreact-js-5.4.47.jar returned status 404
5.4.48			IOException: Tail request on https://maven-central.storage-download.googleapis.com/maven2/com/zegreatrob/jsmints/minreact-js/5.4.48/minreact-js-5.4.48.jar returned status 404
5.4.49			IOException: Tail request on https://maven-central.storage-download.googleapis.com/maven2/com/zegreatrob/jsmints/minreact-js/5.4.49/minreact-js-5.4.49.jar returned status 404
5.4.5			IOException: Tail request on https://maven-central.storage-download.googleapis.com/maven2/com/zegreatrob/jsmints/minreact-js/5.4.5/minreact-js-5.4.5.jar returned status 404
5.4.50			IOException: Tail request on https://maven-central.storage-download.googleapis.com/maven2/com/zegreatrob/jsmints/minreact-js/5.4.50/minreact-js-5.4.50.jar returned status 404
5.4.51			IOException: Tail request on https://maven-central.storage-download.googleapis.com/maven2/com/zegreatrob/jsmints/minreact-js/5.4.51/minreact-js-5.4.51.jar returned status 404
5.4.52			IOException: Tail request on https://maven-central.storage-download.googleapis.com/maven2/com/zegreatrob/jsmints/minreact-js/5.4.52/minreact-js-5.4.52.jar returned status 404
5.4.53			IOException: Tail request on https://maven-central.storage-download.googleapis.com/maven2/com/zegreatrob/jsmints/minreact-js/5.4.53/minreact-js-5.4.53.jar returned status 404
5.4.54			IOException: Tail request on https://maven-central.storage-download.googleapis.com/maven2/com/zegreatrob/jsmints/minreact-js/5.4.54/minreact-js-5.4.54.jar returned status 404
5.4.55			IOException: Tail request on https://maven-central.storage-download.googleapis.com/maven2/com/zegreatrob/jsmints/minreact-js/5.4.55/minreact-js-5.4.55.jar returned status 404
5.4.56			IOException: Tail request on https://maven-central.storage-download.googleapis.com/maven2/com/zegreatrob/jsmints/minreact-js/5.4.56/minreact-js-5.4.56.jar returned status 404
5.4.57			IOException: Tail request on https://maven-central.storage-download.googleapis.com/maven2/com/zegreatrob/jsmints/minreact-js/5.4.57/minreact-js-5.4.57.jar returned status 404
5.4.58			IOException: Tail request on https://maven-central.storage-download.googleapis.com/maven2/com/zegreatrob/jsmints/minreact-js/5.4.58/minreact-js-5.4.58.jar returned status 404
5.4.59			IOException: Tail request on https://maven-central.storage-download.googleapis.com/maven2/com/zegreatrob/jsmints/minreact-js/5.4.59/minreact-js-5.4.59.jar returned status 404
5.4.6			IOException: Tail request on https://maven-central.storage-download.googleapis.com/maven2/com/zegreatrob/jsmints/minreact-js/5.4.6/minreact-js-5.4.6.jar returned status 404
5.4.60			IOException: Tail request on https://maven-central.storage-download.googleapis.com/maven2/com/zegreatrob/jsmints/minreact-js/5.4.60/minreact-js-5.4.60.jar returned status 404
5.4.61			IOException: Tail request on https://maven-central.storage-download.googleapis.com/maven2/com/zegreatrob/jsmints/minreact-js/5.4.61/minreact-js-5.4.61.jar returned status 404
5.4.62			IOException: Tail request on https://maven-central.storage-download.googleapis.com/maven2/com/zegreatrob/jsmints/minreact-js/5.4.62/minreact-js-5.4.62.jar returned status 404
5.4.63			IOException: Tail request on https://maven-central.storage-download.googleapis.com/maven2/com/zegreatrob/jsmints/minreact-js/5.4.63/minreact-js-5.4.63.jar returned status 404
5.4.64			IOException: Tail request on https://maven-central.storage-download.googleapis.com/maven2/com/zegreatrob/jsmints/minreact-js/5.4.64/minreact-js-5.4.64.jar returned status 404
5.4.65			IOException: Tail request on https://maven-central.storage-download.googleapis.com/maven2/com/zegreatrob/jsmints/minreact-js/5.4.65/minreact-js-5.4.65.jar returned status 404
5.4.66			IOException: Tail request on https://maven-central.storage-download.googleapis.com/maven2/com/zegreatrob/jsmints/minreact-js/5.4.66/minreact-js-5.4.66.jar returned status 404
5.4.67			IOException: Tail request on https://maven-central.storage-download.googleapis.com/maven2/com/zegreatrob/jsmints/minreact-js/5.4.67/minreact-js-5.4.67.jar returned status 404
5.4.68			IOException: Tail request on https://maven-central.storage-download.googleapis.com/maven2/com/zegreatrob/jsmints/minreact-js/5.4.68/minreact-js-5.4.68.jar returned status 404
5.4.69			IOException: Tail request on https://maven-central.storage-download.googleapis.com/maven2/com/zegreatrob/jsmints/minreact-js/5.4.69/minreact-js-5.4.69.jar returned status 404
5.4.7			IOException: Tail request on https://maven-central.storage-download.googleapis.com/maven2/com/zegreatrob/jsmints/minreact-js/5.4.7/minreact-js-5.4.7.jar returned status 404
5.4.72			IOException: Tail request on https://maven-central.storage-download.googleapis.com/maven2/com/zegreatrob/jsmints/minreact-js/5.4.72/minreact-js-5.4.72.jar returned status 404
5.4.73			IOException: Tail request on https://maven-central.storage-download.googleapis.com/maven2/com/zegreatrob/jsmints/minreact-js/5.4.73/minreact-js-5.4.73.jar returned status 404
5.4.74			IOException: Tail request on https://maven-central.storage-download.googleapis.com/maven2/com/zegreatrob/jsmints/minreact-js/5.4.74/minreact-js-5.4.74.jar returned status 404
5.4.75			IOException: Tail request on https://maven-central.storage-download.googleapis.com/maven2/com/zegreatrob/jsmints/minreact-js/5.4.75/minreact-js-5.4.75.jar returned status 404
5.4.76			IOException: Tail request on https://maven-central.storage-download.googleapis.com/maven2/com/zegreatrob/jsmints/minreact-js/5.4.76/minreact-js-5.4.76.jar returned status 404
5.4.77			IOException: Tail request on https://maven-central.storage-download.googleapis.com/maven2/com/zegreatrob/jsmints/minreact-js/5.4.77/minreact-js-5.4.77.jar returned status 404
5.4.78			IOException: Tail request on https://maven-central.storage-download.googleapis.com/maven2/com/zegreatrob/jsmints/minreact-js/5.4.78/minreact-js-5.4.78.jar returned status 404
5.4.79			IOException: Tail request on https://maven-central.storage-download.googleapis.com/maven2/com/zegreatrob/jsmints/minreact-js/5.4.79/minreact-js-5.4.79.jar returned status 404
5.4.8			IOException: Tail request on https://maven-central.storage-download.googleapis.com/maven2/com/zegreatrob/jsmints/minreact-js/5.4.8/minreact-js-5.4.8.jar returned status 404
5.4.80			IOException: Tail request on https://maven-central.storage-download.googleapis.com/maven2/com/zegreatrob/jsmints/minreact-js/5.4.80/minreact-js-5.4.80.jar returned status 404
5.4.81			IOException: Tail request on https://maven-central.storage-download.googleapis.com/maven2/com/zegreatrob/jsmints/minreact-js/5.4.81/minreact-js-5.4.81.jar returned status 404
5.4.82			IOException: Tail request on https://maven-central.storage-download.googleapis.com/maven2/com/zegreatrob/jsmints/minreact-js/5.4.82/minreact-js-5.4.82.jar returned status 404
5.4.83			IOException: Tail request on https://maven-central.storage-download.googleapis.com/maven2/com/zegreatrob/jsmints/minreact-js/5.4.83/minreact-js-5.4.83.jar returned status 404
5.4.84			IOException: Tail request on https://maven-central.storage-download.googleapis.com/maven2/com/zegreatrob/jsmints/minreact-js/5.4.84/minreact-js-5.4.84.jar returned status 404
5.4.85			IOException: Tail request on https://maven-central.storage-download.googleapis.com/maven2/com/zegreatrob/jsmints/minreact-js/5.4.85/minreact-js-5.4.85.jar returned status 404
5.4.86			IOException: Tail request on https://maven-central.storage-download.googleapis.com/maven2/com/zegreatrob/jsmints/minreact-js/5.4.86/minreact-js-5.4.86.jar returned status 404
5.4.87			IOException: Tail request on https://maven-central.storage-download.googleapis.com/maven2/com/zegreatrob/jsmints/minreact-js/5.4.87/minreact-js-5.4.87.jar returned status 404
5.4.88			IOException: Tail request on https://maven-central.storage-download.googleapis.com/maven2/com/zegreatrob/jsmints/minreact-js/5.4.88/minreact-js-5.4.88.jar returned status 404
5.4.89			IOException: Tail request on https://maven-central.storage-download.googleapis.com/maven2/com/zegreatrob/jsmints/minreact-js/5.4.89/minreact-js-5.4.89.jar returned status 404
5.4.9			IOException: Tail request on https://maven-central.storage-download.googleapis.com/maven2/com/zegreatrob/jsmints/minreact-js/5.4.9/minreact-js-5.4.9.jar returned status 404
5.4.90			IOException: Tail request on https://maven-central.storage-download.googleapis.com/maven2/com/zegreatrob/jsmints/minreact-js/5.4.90/minreact-js-5.4.90.jar returned status 404
5.4.91			IOException: Tail request on https://maven-central.storage-download.googleapis.com/maven2/com/zegreatrob/jsmints/minreact-js/5.4.91/minreact-js-5.4.91.jar returned status 404
5.4.92			IOException: Tail request on https://maven-central.storage-download.googleapis.com/maven2/com/zegreatrob/jsmints/minreact-js/5.4.92/minreact-js-5.4.92.jar returned status 404
5.4.93			IOException: Tail request on https://maven-central.storage-download.googleapis.com/maven2/com/zegreatrob/jsmints/minreact-js/5.4.93/minreact-js-5.4.93.jar returned status 404
5.4.94			IOException: Tail request on https://maven-central.storage-download.googleapis.com/maven2/com/zegreatrob/jsmints/minreact-js/5.4.94/minreact-js-5.4.94.jar returned status 404
5.4.95			IOException: Tail request on https://maven-central.storage-download.googleapis.com/maven2/com/zegreatrob/jsmints/minreact-js/5.4.95/minreact-js-5.4.95.jar returned status 404
5.4.96			IOException: Tail request on https://maven-central.storage-download.googleapis.com/maven2/com/zegreatrob/jsmints/minreact-js/5.4.96/minreact-js-5.4.96.jar returned status 404
5.4.97			IOException: Tail request on https://maven-central.storage-download.googleapis.com/maven2/com/zegreatrob/jsmints/minreact-js/5.4.97/minreact-js-5.4.97.jar returned status 404
5.4.98			IOException: Tail request on https://maven-central.storage-download.googleapis.com/maven2/com/zegreatrob/jsmints/minreact-js/5.4.98/minreact-js-5.4.98.jar returned status 404
5.4.99			IOException: Tail request on https://maven-central.storage-download.googleapis.com/maven2/com/zegreatrob/jsmints/minreact-js/5.4.99/minreact-js-5.4.99.jar returned status 404
6.0.0			IOException: Tail request on https://maven-central.storage-download.googleapis.com/maven2/com/zegreatrob/jsmints/minreact-js/6.0.0/minreact-js-6.0.0.jar returned status 404
6.0.1			IOException: Tail request on https://maven-central.storage-download.googleapis.com/maven2/com/zegreatrob/jsmints/minreact-js/6.0.1/minreact-js-6.0.1.jar returned status 404
6.0.10			IOException: Tail request on https://maven-central.storage-download.googleapis.com/maven2/com/zegreatrob/jsmints/minreact-js/6.0.10/minreact-js-6.0.10.jar returned status 404
6.0.11			IOException: Tail request on https://maven-central.storage-download.googleapis.com/maven2/com/zegreatrob/jsmints/minreact-js/6.0.11/minreact-js-6.0.11.jar returned status 404
6.0.12			IOException: Tail request on https://maven-central.storage-download.googleapis.com/maven2/com/zegreatrob/jsmints/minreact-js/6.0.12/minreact-js-6.0.12.jar returned status 404
6.0.13			IOException: Tail request on https://maven-central.storage-download.googleapis.com/maven2/com/zegreatrob/jsmints/minreact-js/6.0.13/minreact-js-6.0.13.jar returned status 404
6.0.14			IOException: Tail request on https://maven-central.storage-download.googleapis.com/maven2/com/zegreatrob/jsmints/minreact-js/6.0.14/minreact-js-6.0.14.jar returned status 404
6.0.15			IOException: Tail request on https://maven-central.storage-download.googleapis.com/maven2/com/zegreatrob/jsmints/minreact-js/6.0.15/minreact-js-6.0.15.jar returned status 404
6.0.16			IOException: Tail request on https://maven-central.storage-download.googleapis.com/maven2/com/zegreatrob/jsmints/minreact-js/6.0.16/minreact-js-6.0.16.jar returned status 404
6.0.17			IOException: Tail request on https://maven-central.storage-download.googleapis.com/maven2/com/zegreatrob/jsmints/minreact-js/6.0.17/minreact-js-6.0.17.jar returned status 404
6.0.18			IOException: Tail request on https://maven-central.storage-download.googleapis.com/maven2/com/zegreatrob/jsmints/minreact-js/6.0.18/minreact-js-6.0.18.jar returned status 404
6.0.19			IOException: Tail request on https://maven-central.storage-download.googleapis.com/maven2/com/zegreatrob/jsmints/minreact-js/6.0.19/minreact-js-6.0.19.jar returned status 404
6.0.2			IOException: Tail request on https://maven-central.storage-download.googleapis.com/maven2/com/zegreatrob/jsmints/minreact-js/6.0.2/minreact-js-6.0.2.jar returned status 404
6.0.20			IOException: Tail request on https://maven-central.storage-download.googleapis.com/maven2/com/zegreatrob/jsmints/minreact-js/6.0.20/minreact-js-6.0.20.jar returned status 404
6.0.21			IOException: Tail request on https://maven-central.storage-download.googleapis.com/maven2/com/zegreatrob/jsmints/minreact-js/6.0.21/minreact-js-6.0.21.jar returned status 404
6.0.22			IOException: Tail request on https://maven-central.storage-download.googleapis.com/maven2/com/zegreatrob/jsmints/minreact-js/6.0.22/minreact-js-6.0.22.jar returned status 404
6.0.23			IOException: Tail request on https://maven-central.storage-download.googleapis.com/maven2/com/zegreatrob/jsmints/minreact-js/6.0.23/minreact-js-6.0.23.jar returned status 404
6.0.24			IOException: Tail request on https://maven-central.storage-download.googleapis.com/maven2/com/zegreatrob/jsmints/minreact-js/6.0.24/minreact-js-6.0.24.jar returned status 404
6.0.25			IOException: Tail request on https://maven-central.storage-download.googleapis.com/maven2/com/zegreatrob/jsmints/minreact-js/6.0.25/minreact-js-6.0.25.jar returned status 404
6.0.26			IOException: Tail request on https://maven-central.storage-download.googleapis.com/maven2/com/zegreatrob/jsmints/minreact-js/6.0.26/minreact-js-6.0.26.jar returned status 404
6.0.27			IOException: Tail request on https://maven-central.storage-download.googleapis.com/maven2/com/zegreatrob/jsmints/minreact-js/6.0.27/minreact-js-6.0.27.jar returned status 404
6.0.28			IOException: Tail request on https://maven-central.storage-download.googleapis.com/maven2/com/zegreatrob/jsmints/minreact-js/6.0.28/minreact-js-6.0.28.jar returned status 404
6.0.29			IOException: Tail request on https://maven-central.storage-download.googleapis.com/maven2/com/zegreatrob/jsmints/minreact-js/6.0.29/minreact-js-6.0.29.jar returned status 404
6.0.3			IOException: Tail request on https://maven-central.storage-download.googleapis.com/maven2/com/zegreatrob/jsmints/minreact-js/6.0.3/minreact-js-6.0.3.jar returned status 404
6.0.30			IOException: Tail request on https://maven-central.storage-download.googleapis.com/maven2/com/zegreatrob/jsmints/minreact-js/6.0.30/minreact-js-6.0.30.jar returned status 404
6.0.31			IOException: Tail request on https://maven-central.storage-download.googleapis.com/maven2/com/zegreatrob/jsmints/minreact-js/6.0.31/minreact-js-6.0.31.jar returned status 404
6.0.32			IOException: Tail request on https://maven-central.storage-download.googleapis.com/maven2/com/zegreatrob/jsmints/minreact-js/6.0.32/minreact-js-6.0.32.jar returned status 404
6.0.33			IOException: Tail request on https://maven-central.storage-download.googleapis.com/maven2/com/zegreatrob/jsmints/minreact-js/6.0.33/minreact-js-6.0.33.jar returned status 404
6.0.4			IOException: Tail request on https://maven-central.storage-download.googleapis.com/maven2/com/zegreatrob/jsmints/minreact-js/6.0.4/minreact-js-6.0.4.jar returned status 404
6.0.5			IOException: Tail request on https://maven-central.storage-download.googleapis.com/maven2/com/zegreatrob/jsmints/minreact-js/6.0.5/minreact-js-6.0.5.jar returned status 404
6.0.6			IOException: Tail request on https://maven-central.storage-download.googleapis.com/maven2/com/zegreatrob/jsmints/minreact-js/6.0.6/minreact-js-6.0.6.jar returned status 404
6.0.7			IOException: Tail request on https://maven-central.storage-download.googleapis.com/maven2/com/zegreatrob/jsmints/minreact-js/6.0.7/minreact-js-6.0.7.jar returned status 404
6.0.8			IOException: Tail request on https://maven-central.storage-download.googleapis.com/maven2/com/zegreatrob/jsmints/minreact-js/6.0.8/minreact-js-6.0.8.jar returned status 404
6.0.9			IOException: Tail request on https://maven-central.storage-download.googleapis.com/maven2/com/zegreatrob/jsmints/minreact-js/6.0.9/minreact-js-6.0.9.jar returned status 404
6.1.0			IOException: Tail request on https://maven-central.storage-download.googleapis.com/maven2/com/zegreatrob/jsmints/minreact-js/6.1.0/minreact-js-6.1.0.jar returned status 404
6.1.1			IOException: Tail request on https://maven-central.storage-download.googleapis.com/maven2/com/zegreatrob/jsmints/minreact-js/6.1.1/minreact-js-6.1.1.jar returned status 404
6.1.10			IOException: Tail request on https://maven-central.storage-download.googleapis.com/maven2/com/zegreatrob/jsmints/minreact-js/6.1.10/minreact-js-6.1.10.jar returned status 404
6.1.100			IOException: Tail request on https://maven-central.storage-download.googleapis.com/maven2/com/zegreatrob/jsmints/minreact-js/6.1.100/minreact-js-6.1.100.jar returned status 404
6.1.101			IOException: Tail request on https://maven-central.storage-download.googleapis.com/maven2/com/zegreatrob/jsmints/minreact-js/6.1.101/minreact-js-6.1.101.jar returned status 404
6.1.102			IOException: Tail request on https://maven-central.storage-download.googleapis.com/maven2/com/zegreatrob/jsmints/minreact-js/6.1.102/minreact-js-6.1.102.jar returned status 404
6.1.103			IOException: Tail request on https://maven-central.storage-download.googleapis.com/maven2/com/zegreatrob/jsmints/minreact-js/6.1.103/minreact-js-6.1.103.jar returned status 404
6.1.104			IOException: Tail request on https://maven-central.storage-download.googleapis.com/maven2/com/zegreatrob/jsmints/minreact-js/6.1.104/minreact-js-6.1.104.jar returned status 404
6.1.105			IOException: Tail request on https://maven-central.storage-download.googleapis.com/maven2/com/zegreatrob/jsmints/minreact-js/6.1.105/minreact-js-6.1.105.jar returned status 404
6.1.106			IOException: Tail request on https://maven-central.storage-download.googleapis.com/maven2/com/zegreatrob/jsmints/minreact-js/6.1.106/minreact-js-6.1.106.jar returned status 404
6.1.107			IOException: Tail request on https://maven-central.storage-download.googleapis.com/maven2/com/zegreatrob/jsmints/minreact-js/6.1.107/minreact-js-6.1.107.jar returned status 404
6.1.108			IOException: Tail request on https://maven-central.storage-download.googleapis.com/maven2/com/zegreatrob/jsmints/minreact-js/6.1.108/minreact-js-6.1.108.jar returned status 404
6.1.109			IOException: Tail request on https://maven-central.storage-download.googleapis.com/maven2/com/zegreatrob/jsmints/minreact-js/6.1.109/minreact-js-6.1.109.jar returned status 404
6.1.11			IOException: Tail request on https://maven-central.storage-download.googleapis.com/maven2/com/zegreatrob/jsmints/minreact-js/6.1.11/minreact-js-6.1.11.jar returned status 404
6.1.110			IOException: Tail request on https://maven-central.storage-download.googleapis.com/maven2/com/zegreatrob/jsmints/minreact-js/6.1.110/minreact-js-6.1.110.jar returned status 404
6.1.111			IOException: Tail request on https://maven-central.storage-download.googleapis.com/maven2/com/zegreatrob/jsmints/minreact-js/6.1.111/minreact-js-6.1.111.jar returned status 404
6.1.112			IOException: Tail request on https://maven-central.storage-download.googleapis.com/maven2/com/zegreatrob/jsmints/minreact-js/6.1.112/minreact-js-6.1.112.jar returned status 404
6.1.113			IOException: Tail request on https://maven-central.storage-download.googleapis.com/maven2/com/zegreatrob/jsmints/minreact-js/6.1.113/minreact-js-6.1.113.jar returned status 404
6.1.114			IOException: Tail request on https://maven-central.storage-download.googleapis.com/maven2/com/zegreatrob/jsmints/minreact-js/6.1.114/minreact-js-6.1.114.jar returned status 404
6.1.115			IOException: Tail request on https://maven-central.storage-download.googleapis.com/maven2/com/zegreatrob/jsmints/minreact-js/6.1.115/minreact-js-6.1.115.jar returned status 404
6.1.116			IOException: Tail request on https://maven-central.storage-download.googleapis.com/maven2/com/zegreatrob/jsmints/minreact-js/6.1.116/minreact-js-6.1.116.jar returned status 404
6.1.117			IOException: Tail request on https://maven-central.storage-download.googleapis.com/maven2/com/zegreatrob/jsmints/minreact-js/6.1.117/minreact-js-6.1.117.jar returned status 404
6.1.118			IOException: Tail request on https://maven-central.storage-download.googleapis.com/maven2/com/zegreatrob/jsmints/minreact-js/6.1.118/minreact-js-6.1.118.jar returned status 404
6.1.119			IOException: Tail request on https://maven-central.storage-download.googleapis.com/maven2/com/zegreatrob/jsmints/minreact-js/6.1.119/minreact-js-6.1.119.jar returned status 404
6.1.12			IOException: Tail request on https://maven-central.storage-download.googleapis.com/maven2/com/zegreatrob/jsmints/minreact-js/6.1.12/minreact-js-6.1.12.jar returned status 404
6.1.120			IOException: Tail request on https://maven-central.storage-download.googleapis.com/maven2/com/zegreatrob/jsmints/minreact-js/6.1.120/minreact-js-6.1.120.jar returned status 404
6.1.121			IOException: Tail request on https://maven-central.storage-download.googleapis.com/maven2/com/zegreatrob/jsmints/minreact-js/6.1.121/minreact-js-6.1.121.jar returned status 404
6.1.122			IOException: Tail request on https://maven-central.storage-download.googleapis.com/maven2/com/zegreatrob/jsmints/minreact-js/6.1.122/minreact-js-6.1.122.jar returned status 404
6.1.123			IOException: Tail request on https://maven-central.storage-download.googleapis.com/maven2/com/zegreatrob/jsmints/minreact-js/6.1.123/minreact-js-6.1.123.jar returned status 404
6.1.124			IOException: Tail request on https://maven-central.storage-download.googleapis.com/maven2/com/zegreatrob/jsmints/minreact-js/6.1.124/minreact-js-6.1.124.jar returned status 404
6.1.126			IOException: Tail request on https://maven-central.storage-download.googleapis.com/maven2/com/zegreatrob/jsmints/minreact-js/6.1.126/minreact-js-6.1.126.jar returned status 404
6.1.127			IOException: Tail request on https://maven-central.storage-download.googleapis.com/maven2/com/zegreatrob/jsmints/minreact-js/6.1.127/minreact-js-6.1.127.jar returned status 404
6.1.128			IOException: Tail request on https://maven-central.storage-download.googleapis.com/maven2/com/zegreatrob/jsmints/minreact-js/6.1.128/minreact-js-6.1.128.jar returned status 404
6.1.129			IOException: Tail request on https://maven-central.storage-download.googleapis.com/maven2/com/zegreatrob/jsmints/minreact-js/6.1.129/minreact-js-6.1.129.jar returned status 404
6.1.13			IOException: Tail request on https://maven-central.storage-download.googleapis.com/maven2/com/zegreatrob/jsmints/minreact-js/6.1.13/minreact-js-6.1.13.jar returned status 404
6.1.130			IOException: Tail request on https://maven-central.storage-download.googleapis.com/maven2/com/zegreatrob/jsmints/minreact-js/6.1.130/minreact-js-6.1.130.jar returned status 404
6.1.131			IOException: Tail request on https://maven-central.storage-download.googleapis.com/maven2/com/zegreatrob/jsmints/minreact-js/6.1.131/minreact-js-6.1.131.jar returned status 404
6.1.132			IOException: Tail request on https://maven-central.storage-download.googleapis.com/maven2/com/zegreatrob/jsmints/minreact-js/6.1.132/minreact-js-6.1.132.jar returned status 404
6.1.133			IOException: Tail request on https://maven-central.storage-download.googleapis.com/maven2/com/zegreatrob/jsmints/minreact-js/6.1.133/minreact-js-6.1.133.jar returned status 404
6.1.134			IOException: Tail request on https://maven-central.storage-download.googleapis.com/maven2/com/zegreatrob/jsmints/minreact-js/6.1.134/minreact-js-6.1.134.jar returned status 404
6.1.135			IOException: Tail request on https://maven-central.storage-download.googleapis.com/maven2/com/zegreatrob/jsmints/minreact-js/6.1.135/minreact-js-6.1.135.jar returned status 404
6.1.136			IOException: Tail request on https://maven-central.storage-download.googleapis.com/maven2/com/zegreatrob/jsmints/minreact-js/6.1.136/minreact-js-6.1.136.jar returned status 404
6.1.137			IOException: Tail request on https://maven-central.storage-download.googleapis.com/maven2/com/zegreatrob/jsmints/minreact-js/6.1.137/minreact-js-6.1.137.jar returned status 404
6.1.138			IOException: Tail request on https://maven-central.storage-download.googleapis.com/maven2/com/zegreatrob/jsmints/minreact-js/6.1.138/minreact-js-6.1.138.jar returned status 404
6.1.14			IOException: Tail request on https://maven-central.storage-download.googleapis.com/maven2/com/zegreatrob/jsmints/minreact-js/6.1.14/minreact-js-6.1.14.jar returned status 404
6.1.15			IOException: Tail request on https://maven-central.storage-download.googleapis.com/maven2/com/zegreatrob/jsmints/minreact-js/6.1.15/minreact-js-6.1.15.jar returned status 404
6.1.16			IOException: Tail request on https://maven-central.storage-download.googleapis.com/maven2/com/zegreatrob/jsmints/minreact-js/6.1.16/minreact-js-6.1.16.jar returned status 404
6.1.17			IOException: Tail request on https://maven-central.storage-download.googleapis.com/maven2/com/zegreatrob/jsmints/minreact-js/6.1.17/minreact-js-6.1.17.jar returned status 404
6.1.18			IOException: Tail request on https://maven-central.storage-download.googleapis.com/maven2/com/zegreatrob/jsmints/minreact-js/6.1.18/minreact-js-6.1.18.jar returned status 404
6.1.19			IOException: Tail request on https://maven-central.storage-download.googleapis.com/maven2/com/zegreatrob/jsmints/minreact-js/6.1.19/minreact-js-6.1.19.jar returned status 404
6.1.2			IOException: Tail request on https://maven-central.storage-download.googleapis.com/maven2/com/zegreatrob/jsmints/minreact-js/6.1.2/minreact-js-6.1.2.jar returned status 404
6.1.20			IOException: Tail request on https://maven-central.storage-download.googleapis.com/maven2/com/zegreatrob/jsmints/minreact-js/6.1.20/minreact-js-6.1.20.jar returned status 404
6.1.21			IOException: Tail request on https://maven-central.storage-download.googleapis.com/maven2/com/zegreatrob/jsmints/minreact-js/6.1.21/minreact-js-6.1.21.jar returned status 404
6.1.22			IOException: Tail request on https://maven-central.storage-download.googleapis.com/maven2/com/zegreatrob/jsmints/minreact-js/6.1.22/minreact-js-6.1.22.jar returned status 404
6.1.23			IOException: Tail request on https://maven-central.storage-download.googleapis.com/maven2/com/zegreatrob/jsmints/minreact-js/6.1.23/minreact-js-6.1.23.jar returned status 404
6.1.24			IOException: Tail request on https://maven-central.storage-download.googleapis.com/maven2/com/zegreatrob/jsmints/minreact-js/6.1.24/minreact-js-6.1.24.jar returned status 404
6.1.25			IOException: Tail request on https://maven-central.storage-download.googleapis.com/maven2/com/zegreatrob/jsmints/minreact-js/6.1.25/minreact-js-6.1.25.jar returned status 404
6.1.26			IOException: Tail request on https://maven-central.storage-download.googleapis.com/maven2/com/zegreatrob/jsmints/minreact-js/6.1.26/minreact-js-6.1.26.jar returned status 404
6.1.27			IOException: Tail request on https://maven-central.storage-download.googleapis.com/maven2/com/zegreatrob/jsmints/minreact-js/6.1.27/minreact-js-6.1.27.jar returned status 404
6.1.28			IOException: Tail request on https://maven-central.storage-download.googleapis.com/maven2/com/zegreatrob/jsmints/minreact-js/6.1.28/minreact-js-6.1.28.jar returned status 404
6.1.29			IOException: Tail request on https://maven-central.storage-download.googleapis.com/maven2/com/zegreatrob/jsmints/minreact-js/6.1.29/minreact-js-6.1.29.jar returned status 404
6.1.3			IOException: Tail request on https://maven-central.storage-download.googleapis.com/maven2/com/zegreatrob/jsmints/minreact-js/6.1.3/minreact-js-6.1.3.jar returned status 404
6.1.30			IOException: Tail request on https://maven-central.storage-download.googleapis.com/maven2/com/zegreatrob/jsmints/minreact-js/6.1.30/minreact-js-6.1.30.jar returned status 404
6.1.31			IOException: Tail request on https://maven-central.storage-download.googleapis.com/maven2/com/zegreatrob/jsmints/minreact-js/6.1.31/minreact-js-6.1.31.jar returned status 404
6.1.32			IOException: Tail request on https://maven-central.storage-download.googleapis.com/maven2/com/zegreatrob/jsmints/minreact-js/6.1.32/minreact-js-6.1.32.jar returned status 404
6.1.33			IOException: Tail request on https://maven-central.storage-download.googleapis.com/maven2/com/zegreatrob/jsmints/minreact-js/6.1.33/minreact-js-6.1.33.jar returned status 404
6.1.34			IOException: Tail request on https://maven-central.storage-download.googleapis.com/maven2/com/zegreatrob/jsmints/minreact-js/6.1.34/minreact-js-6.1.34.jar returned status 404
6.1.35			IOException: Tail request on https://maven-central.storage-download.googleapis.com/maven2/com/zegreatrob/jsmints/minreact-js/6.1.35/minreact-js-6.1.35.jar returned status 404
6.1.36			IOException: Tail request on https://maven-central.storage-download.googleapis.com/maven2/com/zegreatrob/jsmints/minreact-js/6.1.36/minreact-js-6.1.36.jar returned status 404
6.1.37			IOException: Tail request on https://maven-central.storage-download.googleapis.com/maven2/com/zegreatrob/jsmints/minreact-js/6.1.37/minreact-js-6.1.37.jar returned status 404
6.1.38			IOException: Tail request on https://maven-central.storage-download.googleapis.com/maven2/com/zegreatrob/jsmints/minreact-js/6.1.38/minreact-js-6.1.38.jar returned status 404
6.1.39			IOException: Tail request on https://maven-central.storage-download.googleapis.com/maven2/com/zegreatrob/jsmints/minreact-js/6.1.39/minreact-js-6.1.39.jar returned status 404
6.1.4			IOException: Tail request on https://maven-central.storage-download.googleapis.com/maven2/com/zegreatrob/jsmints/minreact-js/6.1.4/minreact-js-6.1.4.jar returned status 404
6.1.40			IOException: Tail request on https://maven-central.storage-download.googleapis.com/maven2/com/zegreatrob/jsmints/minreact-js/6.1.40/minreact-js-6.1.40.jar returned status 404
6.1.41			IOException: Tail request on https://maven-central.storage-download.googleapis.com/maven2/com/zegreatrob/jsmints/minreact-js/6.1.41/minreact-js-6.1.41.jar returned status 404
6.1.42			IOException: Tail request on https://maven-central.storage-download.googleapis.com/maven2/com/zegreatrob/jsmints/minreact-js/6.1.42/minreact-js-6.1.42.jar returned status 404
6.1.43			IOException: Tail request on https://maven-central.storage-download.googleapis.com/maven2/com/zegreatrob/jsmints/minreact-js/6.1.43/minreact-js-6.1.43.jar returned status 404
6.1.44			IOException: Tail request on https://maven-central.storage-download.googleapis.com/maven2/com/zegreatrob/jsmints/minreact-js/6.1.44/minreact-js-6.1.44.jar returned status 404
6.1.45			IOException: Tail request on https://maven-central.storage-download.googleapis.com/maven2/com/zegreatrob/jsmints/minreact-js/6.1.45/minreact-js-6.1.45.jar returned status 404
6.1.46			IOException: Tail request on https://maven-central.storage-download.googleapis.com/maven2/com/zegreatrob/jsmints/minreact-js/6.1.46/minreact-js-6.1.46.jar returned status 404
6.1.47			IOException: Tail request on https://maven-central.storage-download.googleapis.com/maven2/com/zegreatrob/jsmints/minreact-js/6.1.47/minreact-js-6.1.47.jar returned status 404
6.1.48			IOException: Tail request on https://maven-central.storage-download.googleapis.com/maven2/com/zegreatrob/jsmints/minreact-js/6.1.48/minreact-js-6.1.48.jar returned status 404
6.1.49			IOException: Tail request on https://maven-central.storage-download.googleapis.com/maven2/com/zegreatrob/jsmints/minreact-js/6.1.49/minreact-js-6.1.49.jar returned status 404
6.1.5			IOException: Tail request on https://maven-central.storage-download.googleapis.com/maven2/com/zegreatrob/jsmints/minreact-js/6.1.5/minreact-js-6.1.5.jar returned status 404
6.1.50			IOException: Tail request on https://maven-central.storage-download.googleapis.com/maven2/com/zegreatrob/jsmints/minreact-js/6.1.50/minreact-js-6.1.50.jar returned status 404
6.1.51			IOException: Tail request on https://maven-central.storage-download.googleapis.com/maven2/com/zegreatrob/jsmints/minreact-js/6.1.51/minreact-js-6.1.51.jar returned status 404
6.1.52			IOException: Tail request on https://maven-central.storage-download.googleapis.com/maven2/com/zegreatrob/jsmints/minreact-js/6.1.52/minreact-js-6.1.52.jar returned status 404
6.1.53			IOException: Tail request on https://maven-central.storage-download.googleapis.com/maven2/com/zegreatrob/jsmints/minreact-js/6.1.53/minreact-js-6.1.53.jar returned status 404
6.1.54			IOException: Tail request on https://maven-central.storage-download.googleapis.com/maven2/com/zegreatrob/jsmints/minreact-js/6.1.54/minreact-js-6.1.54.jar returned status 404
6.1.55			IOException: Tail request on https://maven-central.storage-download.googleapis.com/maven2/com/zegreatrob/jsmints/minreact-js/6.1.55/minreact-js-6.1.55.jar returned status 404
6.1.56			IOException: Tail request on https://maven-central.storage-download.googleapis.com/maven2/com/zegreatrob/jsmints/minreact-js/6.1.56/minreact-js-6.1.56.jar returned status 404
6.1.57			IOException: Tail request on https://maven-central.storage-download.googleapis.com/maven2/com/zegreatrob/jsmints/minreact-js/6.1.57/minreact-js-6.1.57.jar returned status 404
6.1.58			IOException: Tail request on https://maven-central.storage-download.googleapis.com/maven2/com/zegreatrob/jsmints/minreact-js/6.1.58/minreact-js-6.1.58.jar returned status 404
6.1.59			IOException: Tail request on https://maven-central.storage-download.googleapis.com/maven2/com/zegreatrob/jsmints/minreact-js/6.1.59/minreact-js-6.1.59.jar returned status 404
6.1.6			IOException: Tail request on https://maven-central.storage-download.googleapis.com/maven2/com/zegreatrob/jsmints/minreact-js/6.1.6/minreact-js-6.1.6.jar returned status 404
6.1.60			IOException: Tail request on https://maven-central.storage-download.googleapis.com/maven2/com/zegreatrob/jsmints/minreact-js/6.1.60/minreact-js-6.1.60.jar returned status 404
6.1.61			IOException: Tail request on https://maven-central.storage-download.googleapis.com/maven2/com/zegreatrob/jsmints/minreact-js/6.1.61/minreact-js-6.1.61.jar returned status 404
6.1.62			IOException: Tail request on https://maven-central.storage-download.googleapis.com/maven2/com/zegreatrob/jsmints/minreact-js/6.1.62/minreact-js-6.1.62.jar returned status 404
6.1.63			IOException: Tail request on https://maven-central.storage-download.googleapis.com/maven2/com/zegreatrob/jsmints/minreact-js/6.1.63/minreact-js-6.1.63.jar returned status 404
6.1.64			IOException: Tail request on https://maven-central.storage-download.googleapis.com/maven2/com/zegreatrob/jsmints/minreact-js/6.1.64/minreact-js-6.1.64.jar returned status 404
6.1.65			IOException: Tail request on https://maven-central.storage-download.googleapis.com/maven2/com/zegreatrob/jsmints/minreact-js/6.1.65/minreact-js-6.1.65.jar returned status 404
6.1.66			IOException: Tail request on https://maven-central.storage-download.googleapis.com/maven2/com/zegreatrob/jsmints/minreact-js/6.1.66/minreact-js-6.1.66.jar returned status 404
6.1.68			IOException: Tail request on https://maven-central.storage-download.googleapis.com/maven2/com/zegreatrob/jsmints/minreact-js/6.1.68/minreact-js-6.1.68.jar returned status 404
6.1.69			IOException: Tail request on https://maven-central.storage-download.googleapis.com/maven2/com/zegreatrob/jsmints/minreact-js/6.1.69/minreact-js-6.1.69.jar returned status 404
6.1.7			IOException: Tail request on https://maven-central.storage-download.googleapis.com/maven2/com/zegreatrob/jsmints/minreact-js/6.1.7/minreact-js-6.1.7.jar returned status 404
6.1.70			IOException: Tail request on https://maven-central.storage-download.googleapis.com/maven2/com/zegreatrob/jsmints/minreact-js/6.1.70/minreact-js-6.1.70.jar returned status 404
6.1.71			IOException: Tail request on https://maven-central.storage-download.googleapis.com/maven2/com/zegreatrob/jsmints/minreact-js/6.1.71/minreact-js-6.1.71.jar returned status 404
6.1.72			IOException: Tail request on https://maven-central.storage-download.googleapis.com/maven2/com/zegreatrob/jsmints/minreact-js/6.1.72/minreact-js-6.1.72.jar returned status 404
6.1.73			IOException: Tail request on https://maven-central.storage-download.googleapis.com/maven2/com/zegreatrob/jsmints/minreact-js/6.1.73/minreact-js-6.1.73.jar returned status 404
6.1.74			IOException: Tail request on https://maven-central.storage-download.googleapis.com/maven2/com/zegreatrob/jsmints/minreact-js/6.1.74/minreact-js-6.1.74.jar returned status 404
6.1.75			IOException: Tail request on https://maven-central.storage-download.googleapis.com/maven2/com/zegreatrob/jsmints/minreact-js/6.1.75/minreact-js-6.1.75.jar returned status 404
6.1.77			IOException: Tail request on https://maven-central.storage-download.googleapis.com/maven2/com/zegreatrob/jsmints/minreact-js/6.1.77/minreact-js-6.1.77.jar returned status 404
6.1.78			IOException: Tail request on https://maven-central.storage-download.googleapis.com/maven2/com/zegreatrob/jsmints/minreact-js/6.1.78/minreact-js-6.1.78.jar returned status 404
6.1.79			IOException: Tail request on https://maven-central.storage-download.googleapis.com/maven2/com/zegreatrob/jsmints/minreact-js/6.1.79/minreact-js-6.1.79.jar returned status 404
6.1.8			IOException: Tail request on https://maven-central.storage-download.googleapis.com/maven2/com/zegreatrob/jsmints/minreact-js/6.1.8/minreact-js-6.1.8.jar returned status 404
6.1.80			IOException: Tail request on https://maven-central.storage-download.googleapis.com/maven2/com/zegreatrob/jsmints/minreact-js/6.1.80/minreact-js-6.1.80.jar returned status 404
6.1.81			IOException: Tail request on https://maven-central.storage-download.googleapis.com/maven2/com/zegreatrob/jsmints/minreact-js/6.1.81/minreact-js-6.1.81.jar returned status 404
6.1.82			IOException: Tail request on https://maven-central.storage-download.googleapis.com/maven2/com/zegreatrob/jsmints/minreact-js/6.1.82/minreact-js-6.1.82.jar returned status 404
6.1.83			IOException: Tail request on https://maven-central.storage-download.googleapis.com/maven2/com/zegreatrob/jsmints/minreact-js/6.1.83/minreact-js-6.1.83.jar returned status 404
6.1.84			IOException: Tail request on https://maven-central.storage-download.googleapis.com/maven2/com/zegreatrob/jsmints/minreact-js/6.1.84/minreact-js-6.1.84.jar returned status 404
6.1.85			IOException: Tail request on https://maven-central.storage-download.googleapis.com/maven2/com/zegreatrob/jsmints/minreact-js/6.1.85/minreact-js-6.1.85.jar returned status 404
6.1.86			IOException: Tail request on https://maven-central.storage-download.googleapis.com/maven2/com/zegreatrob/jsmints/minreact-js/6.1.86/minreact-js-6.1.86.jar returned status 404
6.1.87			IOException: Tail request on https://maven-central.storage-download.googleapis.com/maven2/com/zegreatrob/jsmints/minreact-js/6.1.87/minreact-js-6.1.87.jar returned status 404
6.1.88			IOException: Tail request on https://maven-central.storage-download.googleapis.com/maven2/com/zegreatrob/jsmints/minreact-js/6.1.88/minreact-js-6.1.88.jar returned status 404
6.1.89			IOException: Tail request on https://maven-central.storage-download.googleapis.com/maven2/com/zegreatrob/jsmints/minreact-js/6.1.89/minreact-js-6.1.89.jar returned status 404
6.1.9			IOException: Tail request on https://maven-central.storage-download.googleapis.com/maven2/com/zegreatrob/jsmints/minreact-js/6.1.9/minreact-js-6.1.9.jar returned status 404
6.1.90			IOException: Tail request on https://maven-central.storage-download.googleapis.com/maven2/com/zegreatrob/jsmints/minreact-js/6.1.90/minreact-js-6.1.90.jar returned status 404
6.1.91			IOException: Tail request on https://maven-central.storage-download.googleapis.com/maven2/com/zegreatrob/jsmints/minreact-js/6.1.91/minreact-js-6.1.91.jar returned status 404
6.1.92			IOException: Tail request on https://maven-central.storage-download.googleapis.com/maven2/com/zegreatrob/jsmints/minreact-js/6.1.92/minreact-js-6.1.92.jar returned status 404
6.1.93			IOException: Tail request on https://maven-central.storage-download.googleapis.com/maven2/com/zegreatrob/jsmints/minreact-js/6.1.93/minreact-js-6.1.93.jar returned status 404
6.1.94			IOException: Tail request on https://maven-central.storage-download.googleapis.com/maven2/com/zegreatrob/jsmints/minreact-js/6.1.94/minreact-js-6.1.94.jar returned status 404
6.1.95			IOException: Tail request on https://maven-central.storage-download.googleapis.com/maven2/com/zegreatrob/jsmints/minreact-js/6.1.95/minreact-js-6.1.95.jar returned status 404
6.1.96			IOException: Tail request on https://maven-central.storage-download.googleapis.com/maven2/com/zegreatrob/jsmints/minreact-js/6.1.96/minreact-js-6.1.96.jar returned status 404
6.1.97			IOException: Tail request on https://maven-central.storage-download.googleapis.com/maven2/com/zegreatrob/jsmints/minreact-js/6.1.97/minreact-js-6.1.97.jar returned status 404
6.1.98			IOException: Tail request on https://maven-central.storage-download.googleapis.com/maven2/com/zegreatrob/jsmints/minreact-js/6.1.98/minreact-js-6.1.98.jar returned status 404
6.1.99			IOException: Tail request on https://maven-central.storage-download.googleapis.com/maven2/com/zegreatrob/jsmints/minreact-js/6.1.99/minreact-js-6.1.99.jar returned status 404
6.10.0			IOException: Tail request on https://maven-central.storage-download.googleapis.com/maven2/com/zegreatrob/jsmints/minreact-js/6.10.0/minreact-js-6.10.0.jar returned status 404
6.10.1			IOException: Tail request on https://maven-central.storage-download.googleapis.com/maven2/com/zegreatrob/jsmints/minreact-js/6.10.1/minreact-js-6.10.1.jar returned status 404
6.10.10			IOException: Tail request on https://maven-central.storage-download.googleapis.com/maven2/com/zegreatrob/jsmints/minreact-js/6.10.10/minreact-js-6.10.10.jar returned status 404
6.10.11			IOException: Tail request on https://maven-central.storage-download.googleapis.com/maven2/com/zegreatrob/jsmints/minreact-js/6.10.11/minreact-js-6.10.11.jar returned status 404
6.10.12			IOException: Tail request on https://maven-central.storage-download.googleapis.com/maven2/com/zegreatrob/jsmints/minreact-js/6.10.12/minreact-js-6.10.12.jar returned status 404
6.10.13			IOException: Tail request on https://maven-central.storage-download.googleapis.com/maven2/com/zegreatrob/jsmints/minreact-js/6.10.13/minreact-js-6.10.13.jar returned status 404
6.10.14			IOException: Tail request on https://maven-central.storage-download.googleapis.com/maven2/com/zegreatrob/jsmints/minreact-js/6.10.14/minreact-js-6.10.14.jar returned status 404
6.10.15			IOException: Tail request on https://maven-central.storage-download.googleapis.com/maven2/com/zegreatrob/jsmints/minreact-js/6.10.15/minreact-js-6.10.15.jar returned status 404
6.10.16			IOException: Tail request on https://maven-central.storage-download.googleapis.com/maven2/com/zegreatrob/jsmints/minreact-js/6.10.16/minreact-js-6.10.16.jar returned status 404
6.10.17			IOException: Tail request on https://maven-central.storage-download.googleapis.com/maven2/com/zegreatrob/jsmints/minreact-js/6.10.17/minreact-js-6.10.17.jar returned status 404
6.10.18			IOException: Tail request on https://maven-central.storage-download.googleapis.com/maven2/com/zegreatrob/jsmints/minreact-js/6.10.18/minreact-js-6.10.18.jar returned status 404
6.10.19			IOException: Tail request on https://maven-central.storage-download.googleapis.com/maven2/com/zegreatrob/jsmints/minreact-js/6.10.19/minreact-js-6.10.19.jar returned status 404
6.10.2			IOException: Tail request on https://maven-central.storage-download.googleapis.com/maven2/com/zegreatrob/jsmints/minreact-js/6.10.2/minreact-js-6.10.2.jar returned status 404
6.10.20			IOException: Tail request on https://maven-central.storage-download.googleapis.com/maven2/com/zegreatrob/jsmints/minreact-js/6.10.20/minreact-js-6.10.20.jar returned status 404
6.10.21			IOException: Tail request on https://maven-central.storage-download.googleapis.com/maven2/com/zegreatrob/jsmints/minreact-js/6.10.21/minreact-js-6.10.21.jar returned status 404
6.10.22			IOException: Tail request on https://maven-central.storage-download.googleapis.com/maven2/com/zegreatrob/jsmints/minreact-js/6.10.22/minreact-js-6.10.22.jar returned status 404
6.10.23			IOException: Tail request on https://maven-central.storage-download.googleapis.com/maven2/com/zegreatrob/jsmints/minreact-js/6.10.23/minreact-js-6.10.23.jar returned status 404
6.10.24			IOException: Tail request on https://maven-central.storage-download.googleapis.com/maven2/com/zegreatrob/jsmints/minreact-js/6.10.24/minreact-js-6.10.24.jar returned status 404
6.10.25			IOException: Tail request on https://maven-central.storage-download.googleapis.com/maven2/com/zegreatrob/jsmints/minreact-js/6.10.25/minreact-js-6.10.25.jar returned status 404
6.10.26			IOException: Tail request on https://maven-central.storage-download.googleapis.com/maven2/com/zegreatrob/jsmints/minreact-js/6.10.26/minreact-js-6.10.26.jar returned status 404
6.10.27			IOException: Tail request on https://maven-central.storage-download.googleapis.com/maven2/com/zegreatrob/jsmints/minreact-js/6.10.27/minreact-js-6.10.27.jar returned status 404
6.10.28			IOException: Tail request on https://maven-central.storage-download.googleapis.com/maven2/com/zegreatrob/jsmints/minreact-js/6.10.28/minreact-js-6.10.28.jar returned status 404
6.10.29			IOException: Tail request on https://maven-central.storage-download.googleapis.com/maven2/com/zegreatrob/jsmints/minreact-js/6.10.29/minreact-js-6.10.29.jar returned status 404
6.10.3			IOException: Tail request on https://maven-central.storage-download.googleapis.com/maven2/com/zegreatrob/jsmints/minreact-js/6.10.3/minreact-js-6.10.3.jar returned status 404
6.10.30			IOException: Tail request on https://maven-central.storage-download.googleapis.com/maven2/com/zegreatrob/jsmints/minreact-js/6.10.30/minreact-js-6.10.30.jar returned status 404
6.10.31			IOException: Tail request on https://maven-central.storage-download.googleapis.com/maven2/com/zegreatrob/jsmints/minreact-js/6.10.31/minreact-js-6.10.31.jar returned status 404
6.10.32			IOException: Tail request on https://maven-central.storage-download.googleapis.com/maven2/com/zegreatrob/jsmints/minreact-js/6.10.32/minreact-js-6.10.32.jar returned status 404
6.10.33			IOException: Tail request on https://maven-central.storage-download.googleapis.com/maven2/com/zegreatrob/jsmints/minreact-js/6.10.33/minreact-js-6.10.33.jar returned status 404
6.10.34			IOException: Tail request on https://maven-central.storage-download.googleapis.com/maven2/com/zegreatrob/jsmints/minreact-js/6.10.34/minreact-js-6.10.34.jar returned status 404
6.10.35			IOException: Tail request on https://maven-central.storage-download.googleapis.com/maven2/com/zegreatrob/jsmints/minreact-js/6.10.35/minreact-js-6.10.35.jar returned status 404
6.10.36			IOException: Tail request on https://maven-central.storage-download.googleapis.com/maven2/com/zegreatrob/jsmints/minreact-js/6.10.36/minreact-js-6.10.36.jar returned status 404
6.10.37			IOException: Tail request on https://maven-central.storage-download.googleapis.com/maven2/com/zegreatrob/jsmints/minreact-js/6.10.37/minreact-js-6.10.37.jar returned status 404
6.10.38			IOException: Tail request on https://maven-central.storage-download.googleapis.com/maven2/com/zegreatrob/jsmints/minreact-js/6.10.38/minreact-js-6.10.38.jar returned status 404
6.10.39			IOException: Tail request on https://maven-central.storage-download.googleapis.com/maven2/com/zegreatrob/jsmints/minreact-js/6.10.39/minreact-js-6.10.39.jar returned status 404
6.10.4			IOException: Tail request on https://maven-central.storage-download.googleapis.com/maven2/com/zegreatrob/jsmints/minreact-js/6.10.4/minreact-js-6.10.4.jar returned status 404
6.10.40			IOException: Tail request on https://maven-central.storage-download.googleapis.com/maven2/com/zegreatrob/jsmints/minreact-js/6.10.40/minreact-js-6.10.40.jar returned status 404
6.10.41			IOException: Tail request on https://maven-central.storage-download.googleapis.com/maven2/com/zegreatrob/jsmints/minreact-js/6.10.41/minreact-js-6.10.41.jar returned status 404
6.10.42			IOException: Tail request on https://maven-central.storage-download.googleapis.com/maven2/com/zegreatrob/jsmints/minreact-js/6.10.42/minreact-js-6.10.42.jar returned status 404
6.10.43			IOException: Tail request on https://maven-central.storage-download.googleapis.com/maven2/com/zegreatrob/jsmints/minreact-js/6.10.43/minreact-js-6.10.43.jar returned status 404
6.10.44			IOException: Tail request on https://maven-central.storage-download.googleapis.com/maven2/com/zegreatrob/jsmints/minreact-js/6.10.44/minreact-js-6.10.44.jar returned status 404
6.10.45			IOException: Tail request on https://maven-central.storage-download.googleapis.com/maven2/com/zegreatrob/jsmints/minreact-js/6.10.45/minreact-js-6.10.45.jar returned status 404
6.10.46			IOException: Tail request on https://maven-central.storage-download.googleapis.com/maven2/com/zegreatrob/jsmints/minreact-js/6.10.46/minreact-js-6.10.46.jar returned status 404
6.10.47			IOException: Tail request on https://maven-central.storage-download.googleapis.com/maven2/com/zegreatrob/jsmints/minreact-js/6.10.47/minreact-js-6.10.47.jar returned status 404
6.10.48			IOException: Tail request on https://maven-central.storage-download.googleapis.com/maven2/com/zegreatrob/jsmints/minreact-js/6.10.48/minreact-js-6.10.48.jar returned status 404
6.10.49			IOException: Tail request on https://maven-central.storage-download.googleapis.com/maven2/com/zegreatrob/jsmints/minreact-js/6.10.49/minreact-js-6.10.49.jar returned status 404
6.10.5			IOException: Tail request on https://maven-central.storage-download.googleapis.com/maven2/com/zegreatrob/jsmints/minreact-js/6.10.5/minreact-js-6.10.5.jar returned status 404
6.10.50			IOException: Tail request on https://maven-central.storage-download.googleapis.com/maven2/com/zegreatrob/jsmints/minreact-js/6.10.50/minreact-js-6.10.50.jar returned status 404
6.10.51			IOException: Tail request on https://maven-central.storage-download.googleapis.com/maven2/com/zegreatrob/jsmints/minreact-js/6.10.51/minreact-js-6.10.51.jar returned status 404
6.10.52			IOException: Tail request on https://maven-central.storage-download.googleapis.com/maven2/com/zegreatrob/jsmints/minreact-js/6.10.52/minreact-js-6.10.52.jar returned status 404
6.10.53			IOException: Tail request on https://maven-central.storage-download.googleapis.com/maven2/com/zegreatrob/jsmints/minreact-js/6.10.53/minreact-js-6.10.53.jar returned status 404
6.10.54			IOException: Tail request on https://maven-central.storage-download.googleapis.com/maven2/com/zegreatrob/jsmints/minreact-js/6.10.54/minreact-js-6.10.54.jar returned status 404
6.10.55			IOException: Tail request on https://maven-central.storage-download.googleapis.com/maven2/com/zegreatrob/jsmints/minreact-js/6.10.55/minreact-js-6.10.55.jar returned status 404
6.10.56			IOException: Tail request on https://maven-central.storage-download.googleapis.com/maven2/com/zegreatrob/jsmints/minreact-js/6.10.56/minreact-js-6.10.56.jar returned status 404
6.10.57			IOException: Tail request on https://maven-central.storage-download.googleapis.com/maven2/com/zegreatrob/jsmints/minreact-js/6.10.57/minreact-js-6.10.57.jar returned status 404
6.10.58			IOException: Tail request on https://maven-central.storage-download.googleapis.com/maven2/com/zegreatrob/jsmints/minreact-js/6.10.58/minreact-js-6.10.58.jar returned status 404
6.10.59			IOException: Tail request on https://maven-central.storage-download.googleapis.com/maven2/com/zegreatrob/jsmints/minreact-js/6.10.59/minreact-js-6.10.59.jar returned status 404
6.10.6			IOException: Tail request on https://maven-central.storage-download.googleapis.com/maven2/com/zegreatrob/jsmints/minreact-js/6.10.6/minreact-js-6.10.6.jar returned status 404
6.10.60			IOException: Tail request on https://maven-central.storage-download.googleapis.com/maven2/com/zegreatrob/jsmints/minreact-js/6.10.60/minreact-js-6.10.60.jar returned status 404
6.10.61			IOException: Tail request on https://maven-central.storage-download.googleapis.com/maven2/com/zegreatrob/jsmints/minreact-js/6.10.61/minreact-js-6.10.61.jar returned status 404
6.10.62			IOException: Tail request on https://maven-central.storage-download.googleapis.com/maven2/com/zegreatrob/jsmints/minreact-js/6.10.62/minreact-js-6.10.62.jar returned status 404
6.10.63			IOException: Tail request on https://maven-central.storage-download.googleapis.com/maven2/com/zegreatrob/jsmints/minreact-js/6.10.63/minreact-js-6.10.63.jar returned status 404
6.10.64			IOException: Tail request on https://maven-central.storage-download.googleapis.com/maven2/com/zegreatrob/jsmints/minreact-js/6.10.64/minreact-js-6.10.64.jar returned status 404
6.10.65			IOException: Tail request on https://maven-central.storage-download.googleapis.com/maven2/com/zegreatrob/jsmints/minreact-js/6.10.65/minreact-js-6.10.65.jar returned status 404
6.10.66			IOException: Tail request on https://maven-central.storage-download.googleapis.com/maven2/com/zegreatrob/jsmints/minreact-js/6.10.66/minreact-js-6.10.66.jar returned status 404
6.10.67			IOException: Tail request on https://maven-central.storage-download.googleapis.com/maven2/com/zegreatrob/jsmints/minreact-js/6.10.67/minreact-js-6.10.67.jar returned status 404
6.10.68			IOException: Tail request on https://maven-central.storage-download.googleapis.com/maven2/com/zegreatrob/jsmints/minreact-js/6.10.68/minreact-js-6.10.68.jar returned status 404
6.10.69			IOException: Tail request on https://maven-central.storage-download.googleapis.com/maven2/com/zegreatrob/jsmints/minreact-js/6.10.69/minreact-js-6.10.69.jar returned status 404
6.10.7			IOException: Tail request on https://maven-central.storage-download.googleapis.com/maven2/com/zegreatrob/jsmints/minreact-js/6.10.7/minreact-js-6.10.7.jar returned status 404
6.10.70			IOException: Tail request on https://maven-central.storage-download.googleapis.com/maven2/com/zegreatrob/jsmints/minreact-js/6.10.70/minreact-js-6.10.70.jar returned status 404
6.10.71			IOException: Tail request on https://maven-central.storage-download.googleapis.com/maven2/com/zegreatrob/jsmints/minreact-js/6.10.71/minreact-js-6.10.71.jar returned status 404
6.10.72			IOException: Tail request on https://maven-central.storage-download.googleapis.com/maven2/com/zegreatrob/jsmints/minreact-js/6.10.72/minreact-js-6.10.72.jar returned status 404
6.10.73			IOException: Tail request on https://maven-central.storage-download.googleapis.com/maven2/com/zegreatrob/jsmints/minreact-js/6.10.73/minreact-js-6.10.73.jar returned status 404
6.10.74			IOException: Tail request on https://maven-central.storage-download.googleapis.com/maven2/com/zegreatrob/jsmints/minreact-js/6.10.74/minreact-js-6.10.74.jar returned status 404
6.10.75			IOException: Tail request on https://maven-central.storage-download.googleapis.com/maven2/com/zegreatrob/jsmints/minreact-js/6.10.75/minreact-js-6.10.75.jar returned status 404
6.10.76			IOException: Tail request on https://maven-central.storage-download.googleapis.com/maven2/com/zegreatrob/jsmints/minreact-js/6.10.76/minreact-js-6.10.76.jar returned status 404
6.10.77			IOException: Tail request on https://maven-central.storage-download.googleapis.com/maven2/com/zegreatrob/jsmints/minreact-js/6.10.77/minreact-js-6.10.77.jar returned status 404
6.10.8			IOException: Tail request on https://maven-central.storage-download.googleapis.com/maven2/com/zegreatrob/jsmints/minreact-js/6.10.8/minreact-js-6.10.8.jar returned status 404
6.10.9			IOException: Tail request on https://maven-central.storage-download.googleapis.com/maven2/com/zegreatrob/jsmints/minreact-js/6.10.9/minreact-js-6.10.9.jar returned status 404
6.11.0			IOException: Tail request on https://maven-central.storage-download.googleapis.com/maven2/com/zegreatrob/jsmints/minreact-js/6.11.0/minreact-js-6.11.0.jar returned status 404
6.11.1			IOException: Tail request on https://maven-central.storage-download.googleapis.com/maven2/com/zegreatrob/jsmints/minreact-js/6.11.1/minreact-js-6.11.1.jar returned status 404
6.11.10			IOException: Tail request on https://maven-central.storage-download.googleapis.com/maven2/com/zegreatrob/jsmints/minreact-js/6.11.10/minreact-js-6.11.10.jar returned status 404
6.11.11			IOException: Tail request on https://maven-central.storage-download.googleapis.com/maven2/com/zegreatrob/jsmints/minreact-js/6.11.11/minreact-js-6.11.11.jar returned status 404
6.11.12			IOException: Tail request on https://maven-central.storage-download.googleapis.com/maven2/com/zegreatrob/jsmints/minreact-js/6.11.12/minreact-js-6.11.12.jar returned status 404
6.11.13			IOException: Tail request on https://maven-central.storage-download.googleapis.com/maven2/com/zegreatrob/jsmints/minreact-js/6.11.13/minreact-js-6.11.13.jar returned status 404
6.11.14			IOException: Tail request on https://maven-central.storage-download.googleapis.com/maven2/com/zegreatrob/jsmints/minreact-js/6.11.14/minreact-js-6.11.14.jar returned status 404
6.11.15			IOException: Tail request on https://maven-central.storage-download.googleapis.com/maven2/com/zegreatrob/jsmints/minreact-js/6.11.15/minreact-js-6.11.15.jar returned status 404
6.11.16			IOException: Tail request on https://maven-central.storage-download.googleapis.com/maven2/com/zegreatrob/jsmints/minreact-js/6.11.16/minreact-js-6.11.16.jar returned status 404
6.11.17			IOException: Tail request on https://maven-central.storage-download.googleapis.com/maven2/com/zegreatrob/jsmints/minreact-js/6.11.17/minreact-js-6.11.17.jar returned status 404
6.11.18			IOException: Tail request on https://maven-central.storage-download.googleapis.com/maven2/com/zegreatrob/jsmints/minreact-js/6.11.18/minreact-js-6.11.18.jar returned status 404
6.11.19			IOException: Tail request on https://maven-central.storage-download.googleapis.com/maven2/com/zegreatrob/jsmints/minreact-js/6.11.19/minreact-js-6.11.19.jar returned status 404
6.11.2			IOException: Tail request on https://maven-central.storage-download.googleapis.com/maven2/com/zegreatrob/jsmints/minreact-js/6.11.2/minreact-js-6.11.2.jar returned status 404
6.11.20			IOException: Tail request on https://maven-central.storage-download.googleapis.com/maven2/com/zegreatrob/jsmints/minreact-js/6.11.20/minreact-js-6.11.20.jar returned status 404
6.11.21			IOException: Tail request on https://maven-central.storage-download.googleapis.com/maven2/com/zegreatrob/jsmints/minreact-js/6.11.21/minreact-js-6.11.21.jar returned status 404
6.11.22			IOException: Tail request on https://maven-central.storage-download.googleapis.com/maven2/com/zegreatrob/jsmints/minreact-js/6.11.22/minreact-js-6.11.22.jar returned status 404
6.11.23			IOException: Tail request on https://maven-central.storage-download.googleapis.com/maven2/com/zegreatrob/jsmints/minreact-js/6.11.23/minreact-js-6.11.23.jar returned status 404
6.11.24			IOException: Tail request on https://maven-central.storage-download.googleapis.com/maven2/com/zegreatrob/jsmints/minreact-js/6.11.24/minreact-js-6.11.24.jar returned status 404
6.11.25			IOException: Tail request on https://maven-central.storage-download.googleapis.com/maven2/com/zegreatrob/jsmints/minreact-js/6.11.25/minreact-js-6.11.25.jar returned status 404
6.11.26			IOException: Tail request on https://maven-central.storage-download.googleapis.com/maven2/com/zegreatrob/jsmints/minreact-js/6.11.26/minreact-js-6.11.26.jar returned status 404
6.11.27			IOException: Tail request on https://maven-central.storage-download.googleapis.com/maven2/com/zegreatrob/jsmints/minreact-js/6.11.27/minreact-js-6.11.27.jar returned status 404
6.11.28			IOException: Tail request on https://maven-central.storage-download.googleapis.com/maven2/com/zegreatrob/jsmints/minreact-js/6.11.28/minreact-js-6.11.28.jar returned status 404
6.11.29			IOException: Tail request on https://maven-central.storage-download.googleapis.com/maven2/com/zegreatrob/jsmints/minreact-js/6.11.29/minreact-js-6.11.29.jar returned status 404
6.11.3			IOException: Tail request on https://maven-central.storage-download.googleapis.com/maven2/com/zegreatrob/jsmints/minreact-js/6.11.3/minreact-js-6.11.3.jar returned status 404
6.11.30			IOException: Tail request on https://maven-central.storage-download.googleapis.com/maven2/com/zegreatrob/jsmints/minreact-js/6.11.30/minreact-js-6.11.30.jar returned status 404
6.11.31			IOException: Tail request on https://maven-central.storage-download.googleapis.com/maven2/com/zegreatrob/jsmints/minreact-js/6.11.31/minreact-js-6.11.31.jar returned status 404
6.11.32			IOException: Tail request on https://maven-central.storage-download.googleapis.com/maven2/com/zegreatrob/jsmints/minreact-js/6.11.32/minreact-js-6.11.32.jar returned status 404
6.11.33			IOException: Tail request on https://maven-central.storage-download.googleapis.com/maven2/com/zegreatrob/jsmints/minreact-js/6.11.33/minreact-js-6.11.33.jar returned status 404
6.11.34			IOException: Tail request on https://maven-central.storage-download.googleapis.com/maven2/com/zegreatrob/jsmints/minreact-js/6.11.34/minreact-js-6.11.34.jar returned status 404
6.11.35			IOException: Tail request on https://maven-central.storage-download.googleapis.com/maven2/com/zegreatrob/jsmints/minreact-js/6.11.35/minreact-js-6.11.35.jar returned status 404
6.11.36			IOException: Tail request on https://maven-central.storage-download.googleapis.com/maven2/com/zegreatrob/jsmints/minreact-js/6.11.36/minreact-js-6.11.36.jar returned status 404
6.11.37			IOException: Tail request on https://maven-central.storage-download.googleapis.com/maven2/com/zegreatrob/jsmints/minreact-js/6.11.37/minreact-js-6.11.37.jar returned status 404
6.11.38			IOException: Tail request on https://maven-central.storage-download.googleapis.com/maven2/com/zegreatrob/jsmints/minreact-js/6.11.38/minreact-js-6.11.38.jar returned status 404
6.11.39			IOException: Tail request on https://maven-central.storage-download.googleapis.com/maven2/com/zegreatrob/jsmints/minreact-js/6.11.39/minreact-js-6.11.39.jar returned status 404
6.11.4			IOException: Tail request on https://maven-central.storage-download.googleapis.com/maven2/com/zegreatrob/jsmints/minreact-js/6.11.4/minreact-js-6.11.4.jar returned status 404
6.11.40			IOException: Tail request on https://maven-central.storage-download.googleapis.com/maven2/com/zegreatrob/jsmints/minreact-js/6.11.40/minreact-js-6.11.40.jar returned status 404
6.11.41			IOException: Tail request on https://maven-central.storage-download.googleapis.com/maven2/com/zegreatrob/jsmints/minreact-js/6.11.41/minreact-js-6.11.41.jar returned status 404
6.11.42			IOException: Tail request on https://maven-central.storage-download.googleapis.com/maven2/com/zegreatrob/jsmints/minreact-js/6.11.42/minreact-js-6.11.42.jar returned status 404
6.11.43			IOException: Tail request on https://maven-central.storage-download.googleapis.com/maven2/com/zegreatrob/jsmints/minreact-js/6.11.43/minreact-js-6.11.43.jar returned status 404
6.11.44			IOException: Tail request on https://maven-central.storage-download.googleapis.com/maven2/com/zegreatrob/jsmints/minreact-js/6.11.44/minreact-js-6.11.44.jar returned status 404
6.11.45			IOException: Tail request on https://maven-central.storage-download.googleapis.com/maven2/com/zegreatrob/jsmints/minreact-js/6.11.45/minreact-js-6.11.45.jar returned status 404
6.11.46			IOException: Tail request on https://maven-central.storage-download.googleapis.com/maven2/com/zegreatrob/jsmints/minreact-js/6.11.46/minreact-js-6.11.46.jar returned status 404
6.11.47			IOException: Tail request on https://maven-central.storage-download.googleapis.com/maven2/com/zegreatrob/jsmints/minreact-js/6.11.47/minreact-js-6.11.47.jar returned status 404
6.11.48			IOException: Tail request on https://maven-central.storage-download.googleapis.com/maven2/com/zegreatrob/jsmints/minreact-js/6.11.48/minreact-js-6.11.48.jar returned status 404
6.11.49			IOException: Tail request on https://maven-central.storage-download.googleapis.com/maven2/com/zegreatrob/jsmints/minreact-js/6.11.49/minreact-js-6.11.49.jar returned status 404
6.11.5			IOException: Tail request on https://maven-central.storage-download.googleapis.com/maven2/com/zegreatrob/jsmints/minreact-js/6.11.5/minreact-js-6.11.5.jar returned status 404
6.11.51			IOException: Tail request on https://maven-central.storage-download.googleapis.com/maven2/com/zegreatrob/jsmints/minreact-js/6.11.51/minreact-js-6.11.51.jar returned status 404
6.11.52			IOException: Tail request on https://maven-central.storage-download.googleapis.com/maven2/com/zegreatrob/jsmints/minreact-js/6.11.52/minreact-js-6.11.52.jar returned status 404
6.11.53			IOException: Tail request on https://maven-central.storage-download.googleapis.com/maven2/com/zegreatrob/jsmints/minreact-js/6.11.53/minreact-js-6.11.53.jar returned status 404
6.11.54			IOException: Tail request on https://maven-central.storage-download.googleapis.com/maven2/com/zegreatrob/jsmints/minreact-js/6.11.54/minreact-js-6.11.54.jar returned status 404
6.11.55			IOException: Tail request on https://maven-central.storage-download.googleapis.com/maven2/com/zegreatrob/jsmints/minreact-js/6.11.55/minreact-js-6.11.55.jar returned status 404
6.11.56			IOException: Tail request on https://maven-central.storage-download.googleapis.com/maven2/com/zegreatrob/jsmints/minreact-js/6.11.56/minreact-js-6.11.56.jar returned status 404
6.11.57			IOException: Tail request on https://maven-central.storage-download.googleapis.com/maven2/com/zegreatrob/jsmints/minreact-js/6.11.57/minreact-js-6.11.57.jar returned status 404
6.11.58			IOException: Tail request on https://maven-central.storage-download.googleapis.com/maven2/com/zegreatrob/jsmints/minreact-js/6.11.58/minreact-js-6.11.58.jar returned status 404
6.11.59			IOException: Tail request on https://maven-central.storage-download.googleapis.com/maven2/com/zegreatrob/jsmints/minreact-js/6.11.59/minreact-js-6.11.59.jar returned status 404
6.11.6			IOException: Tail request on https://maven-central.storage-download.googleapis.com/maven2/com/zegreatrob/jsmints/minreact-js/6.11.6/minreact-js-6.11.6.jar returned status 404
6.11.60			IOException: Tail request on https://maven-central.storage-download.googleapis.com/maven2/com/zegreatrob/jsmints/minreact-js/6.11.60/minreact-js-6.11.60.jar returned status 404
6.11.61		2026-05-19T17:51:16Z	IOException: Tail request on https://maven-central.storage-download.googleapis.com/maven2/com/zegreatrob/jsmints/minreact-js/6.11.61/minreact-js-6.11.61.jar returned status 404
6.11.62		2026-05-22T21:15:36Z	IOException: Tail request on https://maven-central.storage-download.googleapis.com/maven2/com/zegreatrob/jsmints/minreact-js/6.11.62/minreact-js-6.11.62.jar returned status 404
6.11.63		2026-05-25T17:17:19Z	IOException: Tail request on https://maven-central.storage-download.googleapis.com/maven2/com/zegreatrob/jsmints/minreact-js/6.11.63/minreact-js-6.11.63.jar returned status 404
6.11.64		2026-05-26T18:09:09Z	IOException: Tail request on https://maven-central.storage-download.googleapis.com/maven2/com/zegreatrob/jsmints/minreact-js/6.11.64/minreact-js-6.11.64.jar returned status 404
6.11.65		2026-05-27T18:10:38Z	IOException: Tail request on https://maven-central.storage-download.googleapis.com/maven2/com/zegreatrob/jsmints/minreact-js/6.11.65/minreact-js-6.11.65.jar returned status 404
6.11.66		2026-05-29T18:27:04Z	IOException: Tail request on https://maven-central.storage-download.googleapis.com/maven2/com/zegreatrob/jsmints/minreact-js/6.11.66/minreact-js-6.11.66.jar returned status 404
6.11.67		2026-05-31T16:19:24Z	IOException: Tail request on https://maven-central.storage-download.googleapis.com/maven2/com/zegreatrob/jsmints/minreact-js/6.11.67/minreact-js-6.11.67.jar returned status 404
6.11.68		2026-06-03T19:00:14Z	IOException: Tail request on https://maven-central.storage-download.googleapis.com/maven2/com/zegreatrob/jsmints/minreact-js/6.11.68/minreact-js-6.11.68.jar returned status 404
6.11.69		2026-06-04T17:57:38Z	IOException: Tail request on https://maven-central.storage-download.googleapis.com/maven2/com/zegreatrob/jsmints/minreact-js/6.11.69/minreact-js-6.11.69.jar returned status 404
6.11.7			IOException: Tail request on https://maven-central.storage-download.googleapis.com/maven2/com/zegreatrob/jsmints/minreact-js/6.11.7/minreact-js-6.11.7.jar returned status 404
6.11.70		2026-06-05T17:26:51Z	IOException: Tail request on https://maven-central.storage-download.googleapis.com/maven2/com/zegreatrob/jsmints/minreact-js/6.11.70/minreact-js-6.11.70.jar returned status 404
6.11.71		2026-06-06T17:55:32Z	IOException: Tail request on https://maven-central.storage-download.googleapis.com/maven2/com/zegreatrob/jsmints/minreact-js/6.11.71/minreact-js-6.11.71.jar returned status 404
6.11.72		2026-06-07T16:27:19Z	IOException: Tail request on https://maven-central.storage-download.googleapis.com/maven2/com/zegreatrob/jsmints/minreact-js/6.11.72/minreact-js-6.11.72.jar returned status 404
6.11.73		2026-06-08T18:03:56Z	IOException: Tail request on https://maven-central.storage-download.googleapis.com/maven2/com/zegreatrob/jsmints/minreact-js/6.11.73/minreact-js-6.11.73.jar returned status 404
6.11.74		2026-06-11T18:26:05Z	IOException: Tail request on https://maven-central.storage-download.googleapis.com/maven2/com/zegreatrob/jsmints/minreact-js/6.11.74/minreact-js-6.11.74.jar returned status 404
6.11.75		2026-06-14T16:32:48Z	IOException: Tail request on https://maven-central.storage-download.googleapis.com/maven2/com/zegreatrob/jsmints/minreact-js/6.11.75/minreact-js-6.11.75.jar returned status 404
6.11.76		2026-06-16T19:09:08Z	IOException: Tail request on https://maven-central.storage-download.googleapis.com/maven2/com/zegreatrob/jsmints/minreact-js/6.11.76/minreact-js-6.11.76.jar returned status 404
6.11.77		2026-06-19T17:31:17Z	IOException: Tail request on https://maven-central.storage-download.googleapis.com/maven2/com/zegreatrob/jsmints/minreact-js/6.11.77/minreact-js-6.11.77.jar returned status 404
6.11.78		2026-06-21T16:42:06Z	IOException: Tail request on https://maven-central.storage-download.googleapis.com/maven2/com/zegreatrob/jsmints/minreact-js/6.11.78/minreact-js-6.11.78.jar returned status 404
6.11.79		2026-06-22T18:59:11Z	IOException: Tail request on https://maven-central.storage-download.googleapis.com/maven2/com/zegreatrob/jsmints/minreact-js/6.11.79/minreact-js-6.11.79.jar returned status 404
6.11.8			IOException: Tail request on https://maven-central.storage-download.googleapis.com/maven2/com/zegreatrob/jsmints/minreact-js/6.11.8/minreact-js-6.11.8.jar returned status 404
6.11.80		2026-06-22T22:43:19Z	IOException: Tail request on https://maven-central.storage-download.googleapis.com/maven2/com/zegreatrob/jsmints/minreact-js/6.11.80/minreact-js-6.11.80.jar returned status 404
6.11.81		2026-06-23T17:29:32Z	IOException: Tail request on https://maven-central.storage-download.googleapis.com/maven2/com/zegreatrob/jsmints/minreact-js/6.11.81/minreact-js-6.11.81.jar returned status 404
6.11.82		2026-06-26T16:23:24Z	IOException: Tail request on https://maven-central.storage-download.googleapis.com/maven2/com/zegreatrob/jsmints/minreact-js/6.11.82/minreact-js-6.11.82.jar returned status 404
6.11.83		2026-06-27T16:17:41Z	IOException: Tail request on https://maven-central.storage-download.googleapis.com/maven2/com/zegreatrob/jsmints/minreact-js/6.11.83/minreact-js-6.11.83.jar returned status 404
6.11.84		2026-06-28T16:21:42Z	IOException: Tail request on https://maven-central.storage-download.googleapis.com/maven2/com/zegreatrob/jsmints/minreact-js/6.11.84/minreact-js-6.11.84.jar returned status 404
6.11.85		2026-06-29T17:48:10Z	IOException: Tail request on https://maven-central.storage-download.googleapis.com/maven2/com/zegreatrob/jsmints/minreact-js/6.11.85/minreact-js-6.11.85.jar returned status 404
6.11.86		2026-07-01T17:25:16Z	IOException: Tail request on https://maven-central.storage-download.googleapis.com/maven2/com/zegreatrob/jsmints/minreact-js/6.11.86/minreact-js-6.11.86.jar returned status 404
6.11.87		2026-07-02T17:03:03Z	IOException: Tail request on https://maven-central.storage-download.googleapis.com/maven2/com/zegreatrob/jsmints/minreact-js/6.11.87/minreact-js-6.11.87.jar returned status 404
6.11.9			IOException: Tail request on https://maven-central.storage-download.googleapis.com/maven2/com/zegreatrob/jsmints/minreact-js/6.11.9/minreact-js-6.11.9.jar returned status 404
6.2.0			IOException: Tail request on https://maven-central.storage-download.googleapis.com/maven2/com/zegreatrob/jsmints/minreact-js/6.2.0/minreact-js-6.2.0.jar returned status 404
6.2.1			IOException: Tail request on https://maven-central.storage-download.googleapis.com/maven2/com/zegreatrob/jsmints/minreact-js/6.2.1/minreact-js-6.2.1.jar returned status 404
6.2.10			IOException: Tail request on https://maven-central.storage-download.googleapis.com/maven2/com/zegreatrob/jsmints/minreact-js/6.2.10/minreact-js-6.2.10.jar returned status 404
6.2.11			IOException: Tail request on https://maven-central.storage-download.googleapis.com/maven2/com/zegreatrob/jsmints/minreact-js/6.2.11/minreact-js-6.2.11.jar returned status 404
6.2.12			IOException: Tail request on https://maven-central.storage-download.googleapis.com/maven2/com/zegreatrob/jsmints/minreact-js/6.2.12/minreact-js-6.2.12.jar returned status 404
6.2.2			IOException: Tail request on https://maven-central.storage-download.googleapis.com/maven2/com/zegreatrob/jsmints/minreact-js/6.2.2/minreact-js-6.2.2.jar returned status 404
6.2.3			IOException: Tail request on https://maven-central.storage-download.googleapis.com/maven2/com/zegreatrob/jsmints/minreact-js/6.2.3/minreact-js-6.2.3.jar returned status 404
6.2.4			IOException: Tail request on https://maven-central.storage-download.googleapis.com/maven2/com/zegreatrob/jsmints/minreact-js/6.2.4/minreact-js-6.2.4.jar returned status 404
6.2.5			IOException: Tail request on https://maven-central.storage-download.googleapis.com/maven2/com/zegreatrob/jsmints/minreact-js/6.2.5/minreact-js-6.2.5.jar returned status 404
6.2.6			IOException: Tail request on https://maven-central.storage-download.googleapis.com/maven2/com/zegreatrob/jsmints/minreact-js/6.2.6/minreact-js-6.2.6.jar returned status 404
6.2.7			IOException: Tail request on https://maven-central.storage-download.googleapis.com/maven2/com/zegreatrob/jsmints/minreact-js/6.2.7/minreact-js-6.2.7.jar returned status 404
6.2.8			IOException: Tail request on https://maven-central.storage-download.googleapis.com/maven2/com/zegreatrob/jsmints/minreact-js/6.2.8/minreact-js-6.2.8.jar returned status 404
6.2.9			IOException: Tail request on https://maven-central.storage-download.googleapis.com/maven2/com/zegreatrob/jsmints/minreact-js/6.2.9/minreact-js-6.2.9.jar returned status 404
6.3.0			IOException: Tail request on https://maven-central.storage-download.googleapis.com/maven2/com/zegreatrob/jsmints/minreact-js/6.3.0/minreact-js-6.3.0.jar returned status 404
6.3.1			IOException: Tail request on https://maven-central.storage-download.googleapis.com/maven2/com/zegreatrob/jsmints/minreact-js/6.3.1/minreact-js-6.3.1.jar returned status 404
6.3.10			IOException: Tail request on https://maven-central.storage-download.googleapis.com/maven2/com/zegreatrob/jsmints/minreact-js/6.3.10/minreact-js-6.3.10.jar returned status 404
6.3.11			IOException: Tail request on https://maven-central.storage-download.googleapis.com/maven2/com/zegreatrob/jsmints/minreact-js/6.3.11/minreact-js-6.3.11.jar returned status 404
6.3.12			IOException: Tail request on https://maven-central.storage-download.googleapis.com/maven2/com/zegreatrob/jsmints/minreact-js/6.3.12/minreact-js-6.3.12.jar returned status 404
6.3.13			IOException: Tail request on https://maven-central.storage-download.googleapis.com/maven2/com/zegreatrob/jsmints/minreact-js/6.3.13/minreact-js-6.3.13.jar returned status 404
6.3.14			IOException: Tail request on https://maven-central.storage-download.googleapis.com/maven2/com/zegreatrob/jsmints/minreact-js/6.3.14/minreact-js-6.3.14.jar returned status 404
6.3.15			IOException: Tail request on https://maven-central.storage-download.googleapis.com/maven2/com/zegreatrob/jsmints/minreact-js/6.3.15/minreact-js-6.3.15.jar returned status 404
6.3.16			IOException: Tail request on https://maven-central.storage-download.googleapis.com/maven2/com/zegreatrob/jsmints/minreact-js/6.3.16/minreact-js-6.3.16.jar returned status 404
6.3.17			IOException: Tail request on https://maven-central.storage-download.googleapis.com/maven2/com/zegreatrob/jsmints/minreact-js/6.3.17/minreact-js-6.3.17.jar returned status 404
6.3.18			IOException: Tail request on https://maven-central.storage-download.googleapis.com/maven2/com/zegreatrob/jsmints/minreact-js/6.3.18/minreact-js-6.3.18.jar returned status 404
6.3.19			IOException: Tail request on https://maven-central.storage-download.googleapis.com/maven2/com/zegreatrob/jsmints/minreact-js/6.3.19/minreact-js-6.3.19.jar returned status 404
6.3.2			IOException: Tail request on https://maven-central.storage-download.googleapis.com/maven2/com/zegreatrob/jsmints/minreact-js/6.3.2/minreact-js-6.3.2.jar returned status 404
6.3.20			IOException: Tail request on https://maven-central.storage-download.googleapis.com/maven2/com/zegreatrob/jsmints/minreact-js/6.3.20/minreact-js-6.3.20.jar returned status 404
6.3.21			IOException: Tail request on https://maven-central.storage-download.googleapis.com/maven2/com/zegreatrob/jsmints/minreact-js/6.3.21/minreact-js-6.3.21.jar returned status 404
6.3.22			IOException: Tail request on https://maven-central.storage-download.googleapis.com/maven2/com/zegreatrob/jsmints/minreact-js/6.3.22/minreact-js-6.3.22.jar returned status 404
6.3.23			IOException: Tail request on https://maven-central.storage-download.googleapis.com/maven2/com/zegreatrob/jsmints/minreact-js/6.3.23/minreact-js-6.3.23.jar returned status 404
6.3.3			IOException: Tail request on https://maven-central.storage-download.googleapis.com/maven2/com/zegreatrob/jsmints/minreact-js/6.3.3/minreact-js-6.3.3.jar returned status 404
6.3.4			IOException: Tail request on https://maven-central.storage-download.googleapis.com/maven2/com/zegreatrob/jsmints/minreact-js/6.3.4/minreact-js-6.3.4.jar returned status 404
6.3.5			IOException: Tail request on https://maven-central.storage-download.googleapis.com/maven2/com/zegreatrob/jsmints/minreact-js/6.3.5/minreact-js-6.3.5.jar returned status 404
6.3.6			IOException: Tail request on https://maven-central.storage-download.googleapis.com/maven2/com/zegreatrob/jsmints/minreact-js/6.3.6/minreact-js-6.3.6.jar returned status 404
6.3.7			IOException: Tail request on https://maven-central.storage-download.googleapis.com/maven2/com/zegreatrob/jsmints/minreact-js/6.3.7/minreact-js-6.3.7.jar returned status 404
6.3.8			IOException: Tail request on https://maven-central.storage-download.googleapis.com/maven2/com/zegreatrob/jsmints/minreact-js/6.3.8/minreact-js-6.3.8.jar returned status 404
6.3.9			IOException: Tail request on https://maven-central.storage-download.googleapis.com/maven2/com/zegreatrob/jsmints/minreact-js/6.3.9/minreact-js-6.3.9.jar returned status 404
6.4.0			IOException: Tail request on https://maven-central.storage-download.googleapis.com/maven2/com/zegreatrob/jsmints/minreact-js/6.4.0/minreact-js-6.4.0.jar returned status 404
6.4.1			IOException: Tail request on https://maven-central.storage-download.googleapis.com/maven2/com/zegreatrob/jsmints/minreact-js/6.4.1/minreact-js-6.4.1.jar returned status 404
6.4.10			IOException: Tail request on https://maven-central.storage-download.googleapis.com/maven2/com/zegreatrob/jsmints/minreact-js/6.4.10/minreact-js-6.4.10.jar returned status 404
6.4.11			IOException: Tail request on https://maven-central.storage-download.googleapis.com/maven2/com/zegreatrob/jsmints/minreact-js/6.4.11/minreact-js-6.4.11.jar returned status 404
6.4.12			IOException: Tail request on https://maven-central.storage-download.googleapis.com/maven2/com/zegreatrob/jsmints/minreact-js/6.4.12/minreact-js-6.4.12.jar returned status 404
6.4.13			IOException: Tail request on https://maven-central.storage-download.googleapis.com/maven2/com/zegreatrob/jsmints/minreact-js/6.4.13/minreact-js-6.4.13.jar returned status 404
6.4.14			IOException: Tail request on https://maven-central.storage-download.googleapis.com/maven2/com/zegreatrob/jsmints/minreact-js/6.4.14/minreact-js-6.4.14.jar returned status 404
6.4.15			IOException: Tail request on https://maven-central.storage-download.googleapis.com/maven2/com/zegreatrob/jsmints/minreact-js/6.4.15/minreact-js-6.4.15.jar returned status 404
6.4.16			IOException: Tail request on https://maven-central.storage-download.googleapis.com/maven2/com/zegreatrob/jsmints/minreact-js/6.4.16/minreact-js-6.4.16.jar returned status 404
6.4.17			IOException: Tail request on https://maven-central.storage-download.googleapis.com/maven2/com/zegreatrob/jsmints/minreact-js/6.4.17/minreact-js-6.4.17.jar returned status 404
6.4.18			IOException: Tail request on https://maven-central.storage-download.googleapis.com/maven2/com/zegreatrob/jsmints/minreact-js/6.4.18/minreact-js-6.4.18.jar returned status 404
6.4.19			IOException: Tail request on https://maven-central.storage-download.googleapis.com/maven2/com/zegreatrob/jsmints/minreact-js/6.4.19/minreact-js-6.4.19.jar returned status 404
6.4.2			IOException: Tail request on https://maven-central.storage-download.googleapis.com/maven2/com/zegreatrob/jsmints/minreact-js/6.4.2/minreact-js-6.4.2.jar returned status 404
6.4.20			IOException: Tail request on https://maven-central.storage-download.googleapis.com/maven2/com/zegreatrob/jsmints/minreact-js/6.4.20/minreact-js-6.4.20.jar returned status 404
6.4.21			IOException: Tail request on https://maven-central.storage-download.googleapis.com/maven2/com/zegreatrob/jsmints/minreact-js/6.4.21/minreact-js-6.4.21.jar returned status 404
6.4.22			IOException: Tail request on https://maven-central.storage-download.googleapis.com/maven2/com/zegreatrob/jsmints/minreact-js/6.4.22/minreact-js-6.4.22.jar returned status 404
6.4.23			IOException: Tail request on https://maven-central.storage-download.googleapis.com/maven2/com/zegreatrob/jsmints/minreact-js/6.4.23/minreact-js-6.4.23.jar returned status 404
6.4.24			IOException: Tail request on https://maven-central.storage-download.googleapis.com/maven2/com/zegreatrob/jsmints/minreact-js/6.4.24/minreact-js-6.4.24.jar returned status 404
6.4.25			IOException: Tail request on https://maven-central.storage-download.googleapis.com/maven2/com/zegreatrob/jsmints/minreact-js/6.4.25/minreact-js-6.4.25.jar returned status 404
6.4.26			IOException: Tail request on https://maven-central.storage-download.googleapis.com/maven2/com/zegreatrob/jsmints/minreact-js/6.4.26/minreact-js-6.4.26.jar returned status 404
6.4.27			IOException: Tail request on https://maven-central.storage-download.googleapis.com/maven2/com/zegreatrob/jsmints/minreact-js/6.4.27/minreact-js-6.4.27.jar returned status 404
6.4.28			IOException: Tail request on https://maven-central.storage-download.googleapis.com/maven2/com/zegreatrob/jsmints/minreact-js/6.4.28/minreact-js-6.4.28.jar returned status 404
6.4.29			IOException: Tail request on https://maven-central.storage-download.googleapis.com/maven2/com/zegreatrob/jsmints/minreact-js/6.4.29/minreact-js-6.4.29.jar returned status 404
6.4.3			IOException: Tail request on https://maven-central.storage-download.googleapis.com/maven2/com/zegreatrob/jsmints/minreact-js/6.4.3/minreact-js-6.4.3.jar returned status 404
6.4.31			IOException: Tail request on https://maven-central.storage-download.googleapis.com/maven2/com/zegreatrob/jsmints/minreact-js/6.4.31/minreact-js-6.4.31.jar returned status 404
6.4.32			IOException: Tail request on https://maven-central.storage-download.googleapis.com/maven2/com/zegreatrob/jsmints/minreact-js/6.4.32/minreact-js-6.4.32.jar returned status 404
6.4.33			IOException: Tail request on https://maven-central.storage-download.googleapis.com/maven2/com/zegreatrob/jsmints/minreact-js/6.4.33/minreact-js-6.4.33.jar returned status 404
6.4.34			IOException: Tail request on https://maven-central.storage-download.googleapis.com/maven2/com/zegreatrob/jsmints/minreact-js/6.4.34/minreact-js-6.4.34.jar returned status 404
6.4.35			IOException: Tail request on https://maven-central.storage-download.googleapis.com/maven2/com/zegreatrob/jsmints/minreact-js/6.4.35/minreact-js-6.4.35.jar returned status 404
6.4.36			IOException: Tail request on https://maven-central.storage-download.googleapis.com/maven2/com/zegreatrob/jsmints/minreact-js/6.4.36/minreact-js-6.4.36.jar returned status 404
6.4.37			IOException: Tail request on https://maven-central.storage-download.googleapis.com/maven2/com/zegreatrob/jsmints/minreact-js/6.4.37/minreact-js-6.4.37.jar returned status 404
6.4.38			IOException: Tail request on https://maven-central.storage-download.googleapis.com/maven2/com/zegreatrob/jsmints/minreact-js/6.4.38/minreact-js-6.4.38.jar returned status 404
6.4.39			IOException: Tail request on https://maven-central.storage-download.googleapis.com/maven2/com/zegreatrob/jsmints/minreact-js/6.4.39/minreact-js-6.4.39.jar returned status 404
6.4.4			IOException: Tail request on https://maven-central.storage-download.googleapis.com/maven2/com/zegreatrob/jsmints/minreact-js/6.4.4/minreact-js-6.4.4.jar returned status 404
6.4.5			IOException: Tail request on https://maven-central.storage-download.googleapis.com/maven2/com/zegreatrob/jsmints/minreact-js/6.4.5/minreact-js-6.4.5.jar returned status 404
6.4.6			IOException: Tail request on https://maven-central.storage-download.googleapis.com/maven2/com/zegreatrob/jsmints/minreact-js/6.4.6/minreact-js-6.4.6.jar returned status 404
6.4.7			IOException: Tail request on https://maven-central.storage-download.googleapis.com/maven2/com/zegreatrob/jsmints/minreact-js/6.4.7/minreact-js-6.4.7.jar returned status 404
6.4.8			IOException: Tail request on https://maven-central.storage-download.googleapis.com/maven2/com/zegreatrob/jsmints/minreact-js/6.4.8/minreact-js-6.4.8.jar returned status 404
6.4.9			IOException: Tail request on https://maven-central.storage-download.googleapis.com/maven2/com/zegreatrob/jsmints/minreact-js/6.4.9/minreact-js-6.4.9.jar returned status 404
6.5.0			IOException: Tail request on https://maven-central.storage-download.googleapis.com/maven2/com/zegreatrob/jsmints/minreact-js/6.5.0/minreact-js-6.5.0.jar returned status 404
6.5.1			IOException: Tail request on https://maven-central.storage-download.googleapis.com/maven2/com/zegreatrob/jsmints/minreact-js/6.5.1/minreact-js-6.5.1.jar returned status 404
6.5.10			IOException: Tail request on https://maven-central.storage-download.googleapis.com/maven2/com/zegreatrob/jsmints/minreact-js/6.5.10/minreact-js-6.5.10.jar returned status 404
6.5.11			IOException: Tail request on https://maven-central.storage-download.googleapis.com/maven2/com/zegreatrob/jsmints/minreact-js/6.5.11/minreact-js-6.5.11.jar returned status 404
6.5.12			IOException: Tail request on https://maven-central.storage-download.googleapis.com/maven2/com/zegreatrob/jsmints/minreact-js/6.5.12/minreact-js-6.5.12.jar returned status 404
6.5.13			IOException: Tail request on https://maven-central.storage-download.googleapis.com/maven2/com/zegreatrob/jsmints/minreact-js/6.5.13/minreact-js-6.5.13.jar returned status 404
6.5.14			IOException: Tail request on https://maven-central.storage-download.googleapis.com/maven2/com/zegreatrob/jsmints/minreact-js/6.5.14/minreact-js-6.5.14.jar returned status 404
6.5.15			IOException: Tail request on https://maven-central.storage-download.googleapis.com/maven2/com/zegreatrob/jsmints/minreact-js/6.5.15/minreact-js-6.5.15.jar returned status 404
6.5.16			IOException: Tail request on https://maven-central.storage-download.googleapis.com/maven2/com/zegreatrob/jsmints/minreact-js/6.5.16/minreact-js-6.5.16.jar returned status 404
6.5.17			IOException: Tail request on https://maven-central.storage-download.googleapis.com/maven2/com/zegreatrob/jsmints/minreact-js/6.5.17/minreact-js-6.5.17.jar returned status 404
6.5.18			IOException: Tail request on https://maven-central.storage-download.googleapis.com/maven2/com/zegreatrob/jsmints/minreact-js/6.5.18/minreact-js-6.5.18.jar returned status 404
6.5.19			IOException: Tail request on https://maven-central.storage-download.googleapis.com/maven2/com/zegreatrob/jsmints/minreact-js/6.5.19/minreact-js-6.5.19.jar returned status 404
6.5.2			IOException: Tail request on https://maven-central.storage-download.googleapis.com/maven2/com/zegreatrob/jsmints/minreact-js/6.5.2/minreact-js-6.5.2.jar returned status 404
6.5.20			IOException: Tail request on https://maven-central.storage-download.googleapis.com/maven2/com/zegreatrob/jsmints/minreact-js/6.5.20/minreact-js-6.5.20.jar returned status 404
6.5.21			IOException: Tail request on https://maven-central.storage-download.googleapis.com/maven2/com/zegreatrob/jsmints/minreact-js/6.5.21/minreact-js-6.5.21.jar returned status 404
6.5.22			IOException: Tail request on https://maven-central.storage-download.googleapis.com/maven2/com/zegreatrob/jsmints/minreact-js/6.5.22/minreact-js-6.5.22.jar returned status 404
6.5.23			IOException: Tail request on https://maven-central.storage-download.googleapis.com/maven2/com/zegreatrob/jsmints/minreact-js/6.5.23/minreact-js-6.5.23.jar returned status 404
6.5.3			IOException: Tail request on https://maven-central.storage-download.googleapis.com/maven2/com/zegreatrob/jsmints/minreact-js/6.5.3/minreact-js-6.5.3.jar returned status 404
6.5.4			IOException: Tail request on https://maven-central.storage-download.googleapis.com/maven2/com/zegreatrob/jsmints/minreact-js/6.5.4/minreact-js-6.5.4.jar returned status 404
6.5.5			IOException: Tail request on https://maven-central.storage-download.googleapis.com/maven2/com/zegreatrob/jsmints/minreact-js/6.5.5/minreact-js-6.5.5.jar returned status 404
6.5.6			IOException: Tail request on https://maven-central.storage-download.googleapis.com/maven2/com/zegreatrob/jsmints/minreact-js/6.5.6/minreact-js-6.5.6.jar returned status 404
6.5.7			IOException: Tail request on https://maven-central.storage-download.googleapis.com/maven2/com/zegreatrob/jsmints/minreact-js/6.5.7/minreact-js-6.5.7.jar returned status 404
6.5.8			IOException: Tail request on https://maven-central.storage-download.googleapis.com/maven2/com/zegreatrob/jsmints/minreact-js/6.5.8/minreact-js-6.5.8.jar returned status 404
6.5.9			IOException: Tail request on https://maven-central.storage-download.googleapis.com/maven2/com/zegreatrob/jsmints/minreact-js/6.5.9/minreact-js-6.5.9.jar returned status 404
6.6.0			IOException: Tail request on https://maven-central.storage-download.googleapis.com/maven2/com/zegreatrob/jsmints/minreact-js/6.6.0/minreact-js-6.6.0.jar returned status 404
6.6.1			IOException: Tail request on https://maven-central.storage-download.googleapis.com/maven2/com/zegreatrob/jsmints/minreact-js/6.6.1/minreact-js-6.6.1.jar returned status 404
6.6.10			IOException: Tail request on https://maven-central.storage-download.googleapis.com/maven2/com/zegreatrob/jsmints/minreact-js/6.6.10/minreact-js-6.6.10.jar returned status 404
6.6.11			IOException: Tail request on https://maven-central.storage-download.googleapis.com/maven2/com/zegreatrob/jsmints/minreact-js/6.6.11/minreact-js-6.6.11.jar returned status 404
6.6.12			IOException: Tail request on https://maven-central.storage-download.googleapis.com/maven2/com/zegreatrob/jsmints/minreact-js/6.6.12/minreact-js-6.6.12.jar returned status 404
6.6.13			IOException: Tail request on https://maven-central.storage-download.googleapis.com/maven2/com/zegreatrob/jsmints/minreact-js/6.6.13/minreact-js-6.6.13.jar returned status 404
6.6.14			IOException: Tail request on https://maven-central.storage-download.googleapis.com/maven2/com/zegreatrob/jsmints/minreact-js/6.6.14/minreact-js-6.6.14.jar returned status 404
6.6.15			IOException: Tail request on https://maven-central.storage-download.googleapis.com/maven2/com/zegreatrob/jsmints/minreact-js/6.6.15/minreact-js-6.6.15.jar returned status 404
6.6.16			IOException: Tail request on https://maven-central.storage-download.googleapis.com/maven2/com/zegreatrob/jsmints/minreact-js/6.6.16/minreact-js-6.6.16.jar returned status 404
6.6.17			IOException: Tail request on https://maven-central.storage-download.googleapis.com/maven2/com/zegreatrob/jsmints/minreact-js/6.6.17/minreact-js-6.6.17.jar returned status 404
6.6.18			IOException: Tail request on https://maven-central.storage-download.googleapis.com/maven2/com/zegreatrob/jsmints/minreact-js/6.6.18/minreact-js-6.6.18.jar returned status 404
6.6.19			IOException: Tail request on https://maven-central.storage-download.googleapis.com/maven2/com/zegreatrob/jsmints/minreact-js/6.6.19/minreact-js-6.6.19.jar returned status 404
6.6.2			IOException: Tail request on https://maven-central.storage-download.googleapis.com/maven2/com/zegreatrob/jsmints/minreact-js/6.6.2/minreact-js-6.6.2.jar returned status 404
6.6.20			IOException: Tail request on https://maven-central.storage-download.googleapis.com/maven2/com/zegreatrob/jsmints/minreact-js/6.6.20/minreact-js-6.6.20.jar returned status 404
6.6.21			IOException: Tail request on https://maven-central.storage-download.googleapis.com/maven2/com/zegreatrob/jsmints/minreact-js/6.6.21/minreact-js-6.6.21.jar returned status 404
6.6.22			IOException: Tail request on https://maven-central.storage-download.googleapis.com/maven2/com/zegreatrob/jsmints/minreact-js/6.6.22/minreact-js-6.6.22.jar returned status 404
6.6.23			IOException: Tail request on https://maven-central.storage-download.googleapis.com/maven2/com/zegreatrob/jsmints/minreact-js/6.6.23/minreact-js-6.6.23.jar returned status 404
6.6.24			IOException: Tail request on https://maven-central.storage-download.googleapis.com/maven2/com/zegreatrob/jsmints/minreact-js/6.6.24/minreact-js-6.6.24.jar returned status 404
6.6.25			IOException: Tail request on https://maven-central.storage-download.googleapis.com/maven2/com/zegreatrob/jsmints/minreact-js/6.6.25/minreact-js-6.6.25.jar returned status 404
6.6.26			IOException: Tail request on https://maven-central.storage-download.googleapis.com/maven2/com/zegreatrob/jsmints/minreact-js/6.6.26/minreact-js-6.6.26.jar returned status 404
6.6.3			IOException: Tail request on https://maven-central.storage-download.googleapis.com/maven2/com/zegreatrob/jsmints/minreact-js/6.6.3/minreact-js-6.6.3.jar returned status 404
6.6.4			IOException: Tail request on https://maven-central.storage-download.googleapis.com/maven2/com/zegreatrob/jsmints/minreact-js/6.6.4/minreact-js-6.6.4.jar returned status 404
6.6.5			IOException: Tail request on https://maven-central.storage-download.googleapis.com/maven2/com/zegreatrob/jsmints/minreact-js/6.6.5/minreact-js-6.6.5.jar returned status 404
6.6.6			IOException: Tail request on https://maven-central.storage-download.googleapis.com/maven2/com/zegreatrob/jsmints/minreact-js/6.6.6/minreact-js-6.6.6.jar returned status 404
6.6.7			IOException: Tail request on https://maven-central.storage-download.googleapis.com/maven2/com/zegreatrob/jsmints/minreact-js/6.6.7/minreact-js-6.6.7.jar returned status 404
6.6.8			IOException: Tail request on https://maven-central.storage-download.googleapis.com/maven2/com/zegreatrob/jsmints/minreact-js/6.6.8/minreact-js-6.6.8.jar returned status 404
6.6.9			IOException: Tail request on https://maven-central.storage-download.googleapis.com/maven2/com/zegreatrob/jsmints/minreact-js/6.6.9/minreact-js-6.6.9.jar returned status 404
6.7.0			IOException: Tail request on https://maven-central.storage-download.googleapis.com/maven2/com/zegreatrob/jsmints/minreact-js/6.7.0/minreact-js-6.7.0.jar returned status 404
6.7.1			IOException: Tail request on https://maven-central.storage-download.googleapis.com/maven2/com/zegreatrob/jsmints/minreact-js/6.7.1/minreact-js-6.7.1.jar returned status 404
6.7.10			IOException: Tail request on https://maven-central.storage-download.googleapis.com/maven2/com/zegreatrob/jsmints/minreact-js/6.7.10/minreact-js-6.7.10.jar returned status 404
6.7.11			IOException: Tail request on https://maven-central.storage-download.googleapis.com/maven2/com/zegreatrob/jsmints/minreact-js/6.7.11/minreact-js-6.7.11.jar returned status 404
6.7.12			IOException: Tail request on https://maven-central.storage-download.googleapis.com/maven2/com/zegreatrob/jsmints/minreact-js/6.7.12/minreact-js-6.7.12.jar returned status 404
6.7.13			IOException: Tail request on https://maven-central.storage-download.googleapis.com/maven2/com/zegreatrob/jsmints/minreact-js/6.7.13/minreact-js-6.7.13.jar returned status 404
6.7.14			IOException: Tail request on https://maven-central.storage-download.googleapis.com/maven2/com/zegreatrob/jsmints/minreact-js/6.7.14/minreact-js-6.7.14.jar returned status 404
6.7.15			IOException: Tail request on https://maven-central.storage-download.googleapis.com/maven2/com/zegreatrob/jsmints/minreact-js/6.7.15/minreact-js-6.7.15.jar returned status 404
6.7.16			IOException: Tail request on https://maven-central.storage-download.googleapis.com/maven2/com/zegreatrob/jsmints/minreact-js/6.7.16/minreact-js-6.7.16.jar returned status 404
6.7.17			IOException: Tail request on https://maven-central.storage-download.googleapis.com/maven2/com/zegreatrob/jsmints/minreact-js/6.7.17/minreact-js-6.7.17.jar returned status 404
6.7.18			IOException: Tail request on https://maven-central.storage-download.googleapis.com/maven2/com/zegreatrob/jsmints/minreact-js/6.7.18/minreact-js-6.7.18.jar returned status 404
6.7.19			IOException: Tail request on https://maven-central.storage-download.googleapis.com/maven2/com/zegreatrob/jsmints/minreact-js/6.7.19/minreact-js-6.7.19.jar returned status 404
6.7.2			IOException: Tail request on https://maven-central.storage-download.googleapis.com/maven2/com/zegreatrob/jsmints/minreact-js/6.7.2/minreact-js-6.7.2.jar returned status 404
6.7.20			IOException: Tail request on https://maven-central.storage-download.googleapis.com/maven2/com/zegreatrob/jsmints/minreact-js/6.7.20/minreact-js-6.7.20.jar returned status 404
6.7.21			IOException: Tail request on https://maven-central.storage-download.googleapis.com/maven2/com/zegreatrob/jsmints/minreact-js/6.7.21/minreact-js-6.7.21.jar returned status 404
6.7.22			IOException: Tail request on https://maven-central.storage-download.googleapis.com/maven2/com/zegreatrob/jsmints/minreact-js/6.7.22/minreact-js-6.7.22.jar returned status 404
6.7.23			IOException: Tail request on https://maven-central.storage-download.googleapis.com/maven2/com/zegreatrob/jsmints/minreact-js/6.7.23/minreact-js-6.7.23.jar returned status 404
6.7.24			IOException: Tail request on https://maven-central.storage-download.googleapis.com/maven2/com/zegreatrob/jsmints/minreact-js/6.7.24/minreact-js-6.7.24.jar returned status 404
6.7.25			IOException: Tail request on https://maven-central.storage-download.googleapis.com/maven2/com/zegreatrob/jsmints/minreact-js/6.7.25/minreact-js-6.7.25.jar returned status 404
6.7.26			IOException: Tail request on https://maven-central.storage-download.googleapis.com/maven2/com/zegreatrob/jsmints/minreact-js/6.7.26/minreact-js-6.7.26.jar returned status 404
6.7.27			IOException: Tail request on https://maven-central.storage-download.googleapis.com/maven2/com/zegreatrob/jsmints/minreact-js/6.7.27/minreact-js-6.7.27.jar returned status 404
6.7.28			IOException: Tail request on https://maven-central.storage-download.googleapis.com/maven2/com/zegreatrob/jsmints/minreact-js/6.7.28/minreact-js-6.7.28.jar returned status 404
6.7.29			IOException: Tail request on https://maven-central.storage-download.googleapis.com/maven2/com/zegreatrob/jsmints/minreact-js/6.7.29/minreact-js-6.7.29.jar returned status 404
6.7.3			IOException: Tail request on https://maven-central.storage-download.googleapis.com/maven2/com/zegreatrob/jsmints/minreact-js/6.7.3/minreact-js-6.7.3.jar returned status 404
6.7.30			IOException: Tail request on https://maven-central.storage-download.googleapis.com/maven2/com/zegreatrob/jsmints/minreact-js/6.7.30/minreact-js-6.7.30.jar returned status 404
6.7.31			IOException: Tail request on https://maven-central.storage-download.googleapis.com/maven2/com/zegreatrob/jsmints/minreact-js/6.7.31/minreact-js-6.7.31.jar returned status 404
6.7.32			IOException: Tail request on https://maven-central.storage-download.googleapis.com/maven2/com/zegreatrob/jsmints/minreact-js/6.7.32/minreact-js-6.7.32.jar returned status 404
6.7.33			IOException: Tail request on https://maven-central.storage-download.googleapis.com/maven2/com/zegreatrob/jsmints/minreact-js/6.7.33/minreact-js-6.7.33.jar returned status 404
6.7.34			IOException: Tail request on https://maven-central.storage-download.googleapis.com/maven2/com/zegreatrob/jsmints/minreact-js/6.7.34/minreact-js-6.7.34.jar returned status 404
6.7.35			IOException: Tail request on https://maven-central.storage-download.googleapis.com/maven2/com/zegreatrob/jsmints/minreact-js/6.7.35/minreact-js-6.7.35.jar returned status 404
6.7.36			IOException: Tail request on https://maven-central.storage-download.googleapis.com/maven2/com/zegreatrob/jsmints/minreact-js/6.7.36/minreact-js-6.7.36.jar returned status 404
6.7.37			IOException: Tail request on https://maven-central.storage-download.googleapis.com/maven2/com/zegreatrob/jsmints/minreact-js/6.7.37/minreact-js-6.7.37.jar returned status 404
6.7.4			IOException: Tail request on https://maven-central.storage-download.googleapis.com/maven2/com/zegreatrob/jsmints/minreact-js/6.7.4/minreact-js-6.7.4.jar returned status 404
6.7.40			IOException: Tail request on https://maven-central.storage-download.googleapis.com/maven2/com/zegreatrob/jsmints/minreact-js/6.7.40/minreact-js-6.7.40.jar returned status 404
6.7.41			IOException: Tail request on https://maven-central.storage-download.googleapis.com/maven2/com/zegreatrob/jsmints/minreact-js/6.7.41/minreact-js-6.7.41.jar returned status 404
6.7.42			IOException: Tail request on https://maven-central.storage-download.googleapis.com/maven2/com/zegreatrob/jsmints/minreact-js/6.7.42/minreact-js-6.7.42.jar returned status 404
6.7.43			IOException: Tail request on https://maven-central.storage-download.googleapis.com/maven2/com/zegreatrob/jsmints/minreact-js/6.7.43/minreact-js-6.7.43.jar returned status 404
6.7.44			IOException: Tail request on https://maven-central.storage-download.googleapis.com/maven2/com/zegreatrob/jsmints/minreact-js/6.7.44/minreact-js-6.7.44.jar returned status 404
6.7.45			IOException: Tail request on https://maven-central.storage-download.googleapis.com/maven2/com/zegreatrob/jsmints/minreact-js/6.7.45/minreact-js-6.7.45.jar returned status 404
6.7.46			IOException: Tail request on https://maven-central.storage-download.googleapis.com/maven2/com/zegreatrob/jsmints/minreact-js/6.7.46/minreact-js-6.7.46.jar returned status 404
6.7.47			IOException: Tail request on https://maven-central.storage-download.googleapis.com/maven2/com/zegreatrob/jsmints/minreact-js/6.7.47/minreact-js-6.7.47.jar returned status 404
6.7.48			IOException: Tail request on https://maven-central.storage-download.googleapis.com/maven2/com/zegreatrob/jsmints/minreact-js/6.7.48/minreact-js-6.7.48.jar returned status 404
6.7.49			IOException: Tail request on https://maven-central.storage-download.googleapis.com/maven2/com/zegreatrob/jsmints/minreact-js/6.7.49/minreact-js-6.7.49.jar returned status 404
6.7.5			IOException: Tail request on https://maven-central.storage-download.googleapis.com/maven2/com/zegreatrob/jsmints/minreact-js/6.7.5/minreact-js-6.7.5.jar returned status 404
6.7.50			IOException: Tail request on https://maven-central.storage-download.googleapis.com/maven2/com/zegreatrob/jsmints/minreact-js/6.7.50/minreact-js-6.7.50.jar returned status 404
6.7.51			IOException: Tail request on https://maven-central.storage-download.googleapis.com/maven2/com/zegreatrob/jsmints/minreact-js/6.7.51/minreact-js-6.7.51.jar returned status 404
6.7.52			IOException: Tail request on https://maven-central.storage-download.googleapis.com/maven2/com/zegreatrob/jsmints/minreact-js/6.7.52/minreact-js-6.7.52.jar returned status 404
6.7.53			IOException: Tail request on https://maven-central.storage-download.googleapis.com/maven2/com/zegreatrob/jsmints/minreact-js/6.7.53/minreact-js-6.7.53.jar returned status 404
6.7.54			IOException: Tail request on https://maven-central.storage-download.googleapis.com/maven2/com/zegreatrob/jsmints/minreact-js/6.7.54/minreact-js-6.7.54.jar returned status 404
6.7.55			IOException: Tail request on https://maven-central.storage-download.googleapis.com/maven2/com/zegreatrob/jsmints/minreact-js/6.7.55/minreact-js-6.7.55.jar returned status 404
6.7.56			IOException: Tail request on https://maven-central.storage-download.googleapis.com/maven2/com/zegreatrob/jsmints/minreact-js/6.7.56/minreact-js-6.7.56.jar returned status 404
6.7.57			IOException: Tail request on https://maven-central.storage-download.googleapis.com/maven2/com/zegreatrob/jsmints/minreact-js/6.7.57/minreact-js-6.7.57.jar returned status 404
6.7.58			IOException: Tail request on https://maven-central.storage-download.googleapis.com/maven2/com/zegreatrob/jsmints/minreact-js/6.7.58/minreact-js-6.7.58.jar returned status 404
6.7.59			IOException: Tail request on https://maven-central.storage-download.googleapis.com/maven2/com/zegreatrob/jsmints/minreact-js/6.7.59/minreact-js-6.7.59.jar returned status 404
6.7.6			IOException: Tail request on https://maven-central.storage-download.googleapis.com/maven2/com/zegreatrob/jsmints/minreact-js/6.7.6/minreact-js-6.7.6.jar returned status 404
6.7.60			IOException: Tail request on https://maven-central.storage-download.googleapis.com/maven2/com/zegreatrob/jsmints/minreact-js/6.7.60/minreact-js-6.7.60.jar returned status 404
6.7.61			IOException: Tail request on https://maven-central.storage-download.googleapis.com/maven2/com/zegreatrob/jsmints/minreact-js/6.7.61/minreact-js-6.7.61.jar returned status 404
6.7.62			IOException: Tail request on https://maven-central.storage-download.googleapis.com/maven2/com/zegreatrob/jsmints/minreact-js/6.7.62/minreact-js-6.7.62.jar returned status 404
6.7.63			IOException: Tail request on https://maven-central.storage-download.googleapis.com/maven2/com/zegreatrob/jsmints/minreact-js/6.7.63/minreact-js-6.7.63.jar returned status 404
6.7.64			IOException: Tail request on https://maven-central.storage-download.googleapis.com/maven2/com/zegreatrob/jsmints/minreact-js/6.7.64/minreact-js-6.7.64.jar returned status 404
6.7.65			IOException: Tail request on https://maven-central.storage-download.googleapis.com/maven2/com/zegreatrob/jsmints/minreact-js/6.7.65/minreact-js-6.7.65.jar returned status 404
6.7.66			IOException: Tail request on https://maven-central.storage-download.googleapis.com/maven2/com/zegreatrob/jsmints/minreact-js/6.7.66/minreact-js-6.7.66.jar returned status 404
6.7.67			IOException: Tail request on https://maven-central.storage-download.googleapis.com/maven2/com/zegreatrob/jsmints/minreact-js/6.7.67/minreact-js-6.7.67.jar returned status 404
6.7.68			IOException: Tail request on https://maven-central.storage-download.googleapis.com/maven2/com/zegreatrob/jsmints/minreact-js/6.7.68/minreact-js-6.7.68.jar returned status 404
6.7.7			IOException: Tail request on https://maven-central.storage-download.googleapis.com/maven2/com/zegreatrob/jsmints/minreact-js/6.7.7/minreact-js-6.7.7.jar returned status 404
6.7.70			IOException: Tail request on https://maven-central.storage-download.googleapis.com/maven2/com/zegreatrob/jsmints/minreact-js/6.7.70/minreact-js-6.7.70.jar returned status 404
6.7.8			IOException: Tail request on https://maven-central.storage-download.googleapis.com/maven2/com/zegreatrob/jsmints/minreact-js/6.7.8/minreact-js-6.7.8.jar returned status 404
6.7.9			IOException: Tail request on https://maven-central.storage-download.googleapis.com/maven2/com/zegreatrob/jsmints/minreact-js/6.7.9/minreact-js-6.7.9.jar returned status 404
6.8.0			IOException: Tail request on https://maven-central.storage-download.googleapis.com/maven2/com/zegreatrob/jsmints/minreact-js/6.8.0/minreact-js-6.8.0.jar returned status 404
6.8.1			IOException: Tail request on https://maven-central.storage-download.googleapis.com/maven2/com/zegreatrob/jsmints/minreact-js/6.8.1/minreact-js-6.8.1.jar returned status 404
6.8.10			IOException: Tail request on https://maven-central.storage-download.googleapis.com/maven2/com/zegreatrob/jsmints/minreact-js/6.8.10/minreact-js-6.8.10.jar returned status 404
6.8.11			IOException: Tail request on https://maven-central.storage-download.googleapis.com/maven2/com/zegreatrob/jsmints/minreact-js/6.8.11/minreact-js-6.8.11.jar returned status 404
6.8.2			IOException: Tail request on https://maven-central.storage-download.googleapis.com/maven2/com/zegreatrob/jsmints/minreact-js/6.8.2/minreact-js-6.8.2.jar returned status 404
6.8.3			IOException: Tail request on https://maven-central.storage-download.googleapis.com/maven2/com/zegreatrob/jsmints/minreact-js/6.8.3/minreact-js-6.8.3.jar returned status 404
6.8.4			IOException: Tail request on https://maven-central.storage-download.googleapis.com/maven2/com/zegreatrob/jsmints/minreact-js/6.8.4/minreact-js-6.8.4.jar returned status 404
6.8.5			IOException: Tail request on https://maven-central.storage-download.googleapis.com/maven2/com/zegreatrob/jsmints/minreact-js/6.8.5/minreact-js-6.8.5.jar returned status 404
6.8.6			IOException: Tail request on https://maven-central.storage-download.googleapis.com/maven2/com/zegreatrob/jsmints/minreact-js/6.8.6/minreact-js-6.8.6.jar returned status 404
6.8.7			IOException: Tail request on https://maven-central.storage-download.googleapis.com/maven2/com/zegreatrob/jsmints/minreact-js/6.8.7/minreact-js-6.8.7.jar returned status 404
6.8.8			IOException: Tail request on https://maven-central.storage-download.googleapis.com/maven2/com/zegreatrob/jsmints/minreact-js/6.8.8/minreact-js-6.8.8.jar returned status 404
6.8.9			IOException: Tail request on https://maven-central.storage-download.googleapis.com/maven2/com/zegreatrob/jsmints/minreact-js/6.8.9/minreact-js-6.8.9.jar returned status 404
6.9.0			IOException: Tail request on https://maven-central.storage-download.googleapis.com/maven2/com/zegreatrob/jsmints/minreact-js/6.9.0/minreact-js-6.9.0.jar returned status 404
