4.2.0			IOException: Tail request on https://maven-central.storage-download.googleapis.com/maven2/com/zegreatrob/jsmints/wdiorunner-js/4.2.0/wdiorunner-js-4.2.0.jar returned status 404
4.2.0	executable	2023-07-08T23:14:58Z	
4.2.1			IOException: Tail request on https://maven-central.storage-download.googleapis.com/maven2/com/zegreatrob/jsmints/wdiorunner-js/4.2.1/wdiorunner-js-4.2.1.jar returned status 404
4.2.1	executable	2023-07-08T23:38:26Z	
4.3.0			IOException: Tail request on https://maven-central.storage-download.googleapis.com/maven2/com/zegreatrob/jsmints/wdiorunner-js/4.3.0/wdiorunner-js-4.3.0.jar returned status 404
4.3.0	executable	2023-07-10T04:10:27Z	
4.3.1			IOException: Tail request on https://maven-central.storage-download.googleapis.com/maven2/com/zegreatrob/jsmints/wdiorunner-js/4.3.1/wdiorunner-js-4.3.1.jar returned status 404
4.3.1	executable	2023-07-10T14:26:25Z	
4.3.10			IOException: Tail request on https://maven-central.storage-download.googleapis.com/maven2/com/zegreatrob/jsmints/wdiorunner-js/4.3.10/wdiorunner-js-4.3.10.jar returned status 404
4.3.10	executable	2023-07-12T03:52:25Z	
4.3.11			IOException: Tail request on https://maven-central.storage-download.googleapis.com/maven2/com/zegreatrob/jsmints/wdiorunner-js/4.3.11/wdiorunner-js-4.3.11.jar returned status 404
4.3.11	executable	2023-07-12T15:34:57Z	
4.3.12			IOException: Tail request on https://maven-central.storage-download.googleapis.com/maven2/com/zegreatrob/jsmints/wdiorunner-js/4.3.12/wdiorunner-js-4.3.12.jar returned status 404
4.3.12	executable	2023-07-12T18:39:16Z	
4.3.13			IOException: Tail request on https://maven-central.storage-download.googleapis.com/maven2/com/zegreatrob/jsmints/wdiorunner-js/4.3.13/wdiorunner-js-4.3.13.jar returned status 404
4.3.13	executable	2023-07-13T15:33:57Z	
4.3.14			IOException: Tail request on https://maven-central.storage-download.googleapis.com/maven2/com/zegreatrob/jsmints/wdiorunner-js/4.3.14/wdiorunner-js-4.3.14.jar returned status 404
4.3.14	executable	2023-07-14T15:37:04Z	
4.3.15			IOException: Tail request on https://maven-central.storage-download.googleapis.com/maven2/com/zegreatrob/jsmints/wdiorunner-js/4.3.15/wdiorunner-js-4.3.15.jar returned status 404
4.3.15	executable	2023-07-15T15:34:07Z	
4.3.16			IOException: Tail request on https://maven-central.storage-download.googleapis.com/maven2/com/zegreatrob/jsmints/wdiorunner-js/4.3.16/wdiorunner-js-4.3.16.jar returned status 404
4.3.16	executable	2023-07-16T05:23:05Z	
4.3.17			IOException: Tail request on https://maven-central.storage-download.googleapis.com/maven2/com/zegreatrob/jsmints/wdiorunner-js/4.3.17/wdiorunner-js-4.3.17.jar returned status 404
4.3.17	executable	2023-07-16T19:00:58Z	
4.3.18			IOException: Tail request on https://maven-central.storage-download.googleapis.com/maven2/com/zegreatrob/jsmints/wdiorunner-js/4.3.18/wdiorunner-js-4.3.18.jar returned status 404
4.3.18	executable	2023-07-17T15:35:09Z	
4.3.19			IOException: Tail request on https://maven-central.storage-download.googleapis.com/maven2/com/zegreatrob/jsmints/wdiorunner-js/4.3.19/wdiorunner-js-4.3.19.jar returned status 404
4.3.19	executable	2023-07-18T15:37:45Z	
4.3.2			IOException: Tail request on https://maven-central.storage-download.googleapis.com/maven2/com/zegreatrob/jsmints/wdiorunner-js/4.3.2/wdiorunner-js-4.3.2.jar returned status 404
4.3.2	executable	2023-07-10T15:39:16Z	
4.3.20			IOException: Tail request on https://maven-central.storage-download.googleapis.com/maven2/com/zegreatrob/jsmints/wdiorunner-js/4.3.20/wdiorunner-js-4.3.20.jar returned status 404
4.3.20	executable	2023-07-19T15:36:19Z	
4.3.21			IOException: Tail request on https://maven-central.storage-download.googleapis.com/maven2/com/zegreatrob/jsmints/wdiorunner-js/4.3.21/wdiorunner-js-4.3.21.jar returned status 404
4.3.21	executable	2023-07-20T15:31:14Z	
4.3.22			IOException: Tail request on https://maven-central.storage-download.googleapis.com/maven2/com/zegreatrob/jsmints/wdiorunner-js/4.3.22/wdiorunner-js-4.3.22.jar returned status 404
4.3.22	executable	2023-07-21T03:45:01Z	
4.3.23			IOException: Tail request on https://maven-central.storage-download.googleapis.com/maven2/com/zegreatrob/jsmints/wdiorunner-js/4.3.23/wdiorunner-js-4.3.23.jar returned status 404
4.3.23	executable	2023-07-21T03:56:39Z	
4.3.24			IOException: Tail request on https://maven-central.storage-download.googleapis.com/maven2/com/zegreatrob/jsmints/wdiorunner-js/4.3.24/wdiorunner-js-4.3.24.jar returned status 404
4.3.24	executable	2023-07-21T04:11:21Z	
4.3.25			IOException: Tail request on https://maven-central.storage-download.googleapis.com/maven2/com/zegreatrob/jsmints/wdiorunner-js/4.3.25/wdiorunner-js-4.3.25.jar returned status 404
4.3.25	executable	2023-07-21T14:06:22Z	
4.3.26			IOException: Tail request on https://maven-central.storage-download.googleapis.com/maven2/com/zegreatrob/jsmints/wdiorunner-js/4.3.26/wdiorunner-js-4.3.26.jar returned status 404
4.3.26	executable	2023-07-24T15:30:59Z	
4.3.27			IOException: Tail request on https://maven-central.storage-download.googleapis.com/maven2/com/zegreatrob/jsmints/wdiorunner-js/4.3.27/wdiorunner-js-4.3.27.jar returned status 404
4.3.27	executable	2023-07-24T20:51:19Z	
4.3.28			IOException: Tail request on https://maven-central.storage-download.googleapis.com/maven2/com/zegreatrob/jsmints/wdiorunner-js/4.3.28/wdiorunner-js-4.3.28.jar returned status 404
4.3.28	executable	2023-07-25T15:42:27Z	
4.3.29			IOException: Tail request on https://maven-central.storage-download.googleapis.com/maven2/com/zegreatrob/jsmints/wdiorunner-js/4.3.29/wdiorunner-js-4.3.29.jar returned status 404
4.3.29	executable	2023-07-25T21:30:07Z	
4.3.3			IOException: Tail request on https://maven-central.storage-download.googleapis.com/maven2/com/zegreatrob/jsmints/wdiorunner-js/4.3.3/wdiorunner-js-4.3.3.jar returned status 404
4.3.3	executable	2023-07-11T00:59:10Z	
4.3.30			IOException: Tail request on https://maven-central.storage-download.googleapis.com/maven2/com/zegreatrob/jsmints/wdiorunner-js/4.3.30/wdiorunner-js-4.3.30.jar returned status 404
4.3.30	executable	2023-07-26T14:13:16Z	
4.3.31			IOException: Tail request on https://maven-central.storage-download.googleapis.com/maven2/com/zegreatrob/jsmints/wdiorunner-js/4.3.31/wdiorunner-js-4.3.31.jar returned status 404
4.3.31	executable	2023-07-27T15:32:58Z	
4.3.32			IOException: Tail request on https://maven-central.storage-download.googleapis.com/maven2/com/zegreatrob/jsmints/wdiorunner-js/4.3.32/wdiorunner-js-4.3.32.jar returned status 404
4.3.32	executable	2023-07-28T15:38:42Z	
4.3.33			IOException: Tail request on https://maven-central.storage-download.googleapis.com/maven2/com/zegreatrob/jsmints/wdiorunner-js/4.3.33/wdiorunner-js-4.3.33.jar returned status 404
4.3.33	executable	2023-07-28T18:11:18Z	
4.3.34			IOException: Tail request on https://maven-central.storage-download.googleapis.com/maven2/com/zegreatrob/jsmints/wdiorunner-js/4.3.34/wdiorunner-js-4.3.34.jar returned status 404
4.3.34	executable	2023-07-28T19:15:20Z	
4.3.35			IOException: Tail request on https://maven-central.storage-download.googleapis.com/maven2/com/zegreatrob/jsmints/wdiorunner-js/4.3.35/wdiorunner-js-4.3.35.jar returned status 404
4.3.35	executable	2023-07-29T15:29:45Z	
4.3.36			IOException: Tail request on https://maven-central.storage-download.googleapis.com/maven2/com/zegreatrob/jsmints/wdiorunner-js/4.3.36/wdiorunner-js-4.3.36.jar returned status 404
4.3.36	executable	2023-07-31T15:34:46Z	
4.3.37			IOException: Tail request on https://maven-central.storage-download.googleapis.com/maven2/com/zegreatrob/jsmints/wdiorunner-js/4.3.37/wdiorunner-js-4.3.37.jar returned status 404
4.3.37	executable	2023-08-01T15:35:38Z	
4.3.38			IOException: Tail request on https://maven-central.storage-download.googleapis.com/maven2/com/zegreatrob/jsmints/wdiorunner-js/4.3.38/wdiorunner-js-4.3.38.jar returned status 404
4.3.38	executable	2023-08-02T15:33:14Z	
4.3.39			IOException: Tail request on https://maven-central.storage-download.googleapis.com/maven2/com/zegreatrob/jsmints/wdiorunner-js/4.3.39/wdiorunner-js-4.3.39.jar returned status 404
4.3.39	executable	2023-08-03T15:33:06Z	
4.3.4			IOException: Tail request on https://maven-central.storage-download.googleapis.com/maven2/com/zegreatrob/jsmints/wdiorunner-js/4.3.4/wdiorunner-js-4.3.4.jar returned status 404
4.3.4	executable	2023-07-11T15:40:36Z	
4.3.40			IOException: Tail request on https://maven-central.storage-download.googleapis.com/maven2/com/zegreatrob/jsmints/wdiorunner-js/4.3.40/wdiorunner-js-4.3.40.jar returned status 404
4.3.40	executable	2023-08-04T15:32:46Z	
4.3.41			IOException: Tail request on https://maven-central.storage-download.googleapis.com/maven2/com/zegreatrob/jsmints/wdiorunner-js/4.3.41/wdiorunner-js-4.3.41.jar returned status 404
4.3.41	executable	2023-08-05T15:31:13Z	
4.3.42			IOException: Tail request on https://maven-central.storage-download.googleapis.com/maven2/com/zegreatrob/jsmints/wdiorunner-js/4.3.42/wdiorunner-js-4.3.42.jar returned status 404
4.3.42	executable	2023-08-07T15:25:16Z	
4.3.43			IOException: Tail request on https://maven-central.storage-download.googleapis.com/maven2/com/zegreatrob/jsmints/wdiorunner-js/4.3.43/wdiorunner-js-4.3.43.jar returned status 404
4.3.43	executable	2023-08-07T15:39:38Z	
4.3.44			IOException: Tail request on https://maven-central.storage-download.googleapis.com/maven2/com/zegreatrob/jsmints/wdiorunner-js/4.3.44/wdiorunner-js-4.3.44.jar returned status 404
4.3.44	executable	2023-08-07T15:56:03Z	
4.3.45			IOException: Tail request on https://maven-central.storage-download.googleapis.com/maven2/com/zegreatrob/jsmints/wdiorunner-js/4.3.45/wdiorunner-js-4.3.45.jar returned status 404
4.3.45	executable	2023-08-07T18:34:02Z	
4.3.46		2023-08-07T19:50:13Z	
4.3.47			IOException: Tail request on https://maven-central.storage-download.googleapis.com/maven2/com/zegreatrob/jsmints/wdiorunner-js/4.3.47/wdiorunner-js-4.3.47.jar returned status 404
4.3.47	executable	2023-08-07T20:47:01Z	
4.3.48			IOException: Tail request on https://maven-central.storage-download.googleapis.com/maven2/com/zegreatrob/jsmints/wdiorunner-js/4.3.48/wdiorunner-js-4.3.48.jar returned status 404
4.3.48	executable	2023-08-08T04:57:08Z	
4.3.49			IOException: Tail request on https://maven-central.storage-download.googleapis.com/maven2/com/zegreatrob/jsmints/wdiorunner-js/4.3.49/wdiorunner-js-4.3.49.jar returned status 404
4.3.49	executable	2023-08-08T15:31:32Z	
4.3.5			IOException: Tail request on https://maven-central.storage-download.googleapis.com/maven2/com/zegreatrob/jsmints/wdiorunner-js/4.3.5/wdiorunner-js-4.3.5.jar returned status 404
4.3.5	executable	2023-07-12T01:51:47Z	
4.3.50			IOException: Tail request on https://maven-central.storage-download.googleapis.com/maven2/com/zegreatrob/jsmints/wdiorunner-js/4.3.50/wdiorunner-js-4.3.50.jar returned status 404
4.3.50	executable	2023-08-09T15:37:46Z	
4.3.51			IOException: Tail request on https://maven-central.storage-download.googleapis.com/maven2/com/zegreatrob/jsmints/wdiorunner-js/4.3.51/wdiorunner-js-4.3.51.jar returned status 404
4.3.51	executable	2023-08-10T14:18:59Z	
4.3.52			IOException: Tail request on https://maven-central.storage-download.googleapis.com/maven2/com/zegreatrob/jsmints/wdiorunner-js/4.3.52/wdiorunner-js-4.3.52.jar returned status 404
4.3.52	executable	2023-08-11T17:05:13Z	
4.3.53			IOException: Tail request on https://maven-central.storage-download.googleapis.com/maven2/com/zegreatrob/jsmints/wdiorunner-js/4.3.53/wdiorunner-js-4.3.53.jar returned status 404
4.3.53	executable	2023-08-11T18:26:29Z	
4.3.6			IOException: Tail request on https://maven-central.storage-download.googleapis.com/maven2/com/zegreatrob/jsmints/wdiorunner-js/4.3.6/wdiorunner-js-4.3.6.jar returned status 404
4.3.6	executable	2023-07-12T02:20:53Z	
4.3.7			IOException: Tail request on https://maven-central.storage-download.googleapis.com/maven2/com/zegreatrob/jsmints/wdiorunner-js/4.3.7/wdiorunner-js-4.3.7.jar returned status 404
4.3.7	executable	2023-07-12T02:31:59Z	
4.3.8			IOException: Tail request on https://maven-central.storage-download.googleapis.com/maven2/com/zegreatrob/jsmints/wdiorunner-js/4.3.8/wdiorunner-js-4.3.8.jar returned status 404
4.3.8	executable	2023-07-12T02:56:26Z	
4.3.9			IOException: Tail request on https://maven-central.storage-download.googleapis.com/maven2/com/zegreatrob/jsmints/wdiorunner-js/4.3.9/wdiorunner-js-4.3.9.jar returned status 404
4.3.9	executable	2023-07-12T03:31:01Z	
4.4.0			IOException: Tail request on https://maven-central.storage-download.googleapis.com/maven2/com/zegreatrob/jsmints/wdiorunner-js/4.4.0/wdiorunner-js-4.4.0.jar returned status 404
4.4.0	executable	2023-08-11T19:36:48Z	
4.4.1			IOException: Tail request on https://maven-central.storage-download.googleapis.com/maven2/com/zegreatrob/jsmints/wdiorunner-js/4.4.1/wdiorunner-js-4.4.1.jar returned status 404
4.4.1	executable	2023-08-12T15:30:31Z	
4.4.2			IOException: Tail request on https://maven-central.storage-download.googleapis.com/maven2/com/zegreatrob/jsmints/wdiorunner-js/4.4.2/wdiorunner-js-4.4.2.jar returned status 404
4.4.2	executable	2023-08-13T17:17:46Z	
4.4.3			IOException: Tail request on https://maven-central.storage-download.googleapis.com/maven2/com/zegreatrob/jsmints/wdiorunner-js/4.4.3/wdiorunner-js-4.4.3.jar returned status 404
4.4.3	executable	2023-08-14T15:31:45Z	
4.4.4			IOException: Tail request on https://maven-central.storage-download.googleapis.com/maven2/com/zegreatrob/jsmints/wdiorunner-js/4.4.4/wdiorunner-js-4.4.4.jar returned status 404
4.4.4	executable	2023-08-15T01:11:38Z	
4.4.5			IOException: Tail request on https://maven-central.storage-download.googleapis.com/maven2/com/zegreatrob/jsmints/wdiorunner-js/4.4.5/wdiorunner-js-4.4.5.jar returned status 404
4.4.5	executable	2023-08-15T13:36:56Z	
4.4.6			IOException: Tail request on https://maven-central.storage-download.googleapis.com/maven2/com/zegreatrob/jsmints/wdiorunner-js/4.4.6/wdiorunner-js-4.4.6.jar returned status 404
4.4.6	executable	2023-08-15T15:32:37Z	
4.4.7			IOException: Tail request on https://maven-central.storage-download.googleapis.com/maven2/com/zegreatrob/jsmints/wdiorunner-js/4.4.7/wdiorunner-js-4.4.7.jar returned status 404
4.4.7	executable	2023-08-16T15:41:32Z	
4.4.8			IOException: Tail request on https://maven-central.storage-download.googleapis.com/maven2/com/zegreatrob/jsmints/wdiorunner-js/4.4.8/wdiorunner-js-4.4.8.jar returned status 404
4.4.8	executable	2023-08-17T22:33:16Z	
4.5.0			IOException: Tail request on https://maven-central.storage-download.googleapis.com/maven2/com/zegreatrob/jsmints/wdiorunner-js/4.5.0/wdiorunner-js-4.5.0.jar returned status 404
4.5.0	executable	2023-08-18T13:49:33Z	
4.5.1			IOException: Tail request on https://maven-central.storage-download.googleapis.com/maven2/com/zegreatrob/jsmints/wdiorunner-js/4.5.1/wdiorunner-js-4.5.1.jar returned status 404
4.5.1	executable	2023-08-18T14:21:55Z	
4.5.2			IOException: Tail request on https://maven-central.storage-download.googleapis.com/maven2/com/zegreatrob/jsmints/wdiorunner-js/4.5.2/wdiorunner-js-4.5.2.jar returned status 404
4.5.2	executable	2023-08-18T15:37:15Z	
4.5.3			IOException: Tail request on https://maven-central.storage-download.googleapis.com/maven2/com/zegreatrob/jsmints/wdiorunner-js/4.5.3/wdiorunner-js-4.5.3.jar returned status 404
4.5.3	executable	2023-08-18T18:00:33Z	
4.5.4			IOException: Tail request on https://maven-central.storage-download.googleapis.com/maven2/com/zegreatrob/jsmints/wdiorunner-js/4.5.4/wdiorunner-js-4.5.4.jar returned status 404
4.5.4	executable	2023-08-19T15:35:10Z	
4.5.5			IOException: Tail request on https://maven-central.storage-download.googleapis.com/maven2/com/zegreatrob/jsmints/wdiorunner-js/4.5.5/wdiorunner-js-4.5.5.jar returned status 404
4.5.5	executable	2023-08-20T15:28:26Z	
4.5.6			IOException: Tail request on https://maven-central.storage-download.googleapis.com/maven2/com/zegreatrob/jsmints/wdiorunner-js/4.5.6/wdiorunner-js-4.5.6.jar returned status 404
4.5.6	executable	2023-08-20T18:48:29Z	
4.5.7			IOException: Tail request on https://maven-central.storage-download.googleapis.com/maven2/com/zegreatrob/jsmints/wdiorunner-js/4.5.7/wdiorunner-js-4.5.7.jar returned status 404
4.5.7	executable	2023-08-21T15:33:31Z	
4.5.8			IOException: Tail request on https://maven-central.storage-download.googleapis.com/maven2/com/zegreatrob/jsmints/wdiorunner-js/4.5.8/wdiorunner-js-4.5.8.jar returned status 404
4.5.8	executable	2023-08-22T15:31:55Z	
4.5.9			IOException: Tail request on https://maven-central.storage-download.googleapis.com/maven2/com/zegreatrob/jsmints/wdiorunner-js/4.5.9/wdiorunner-js-4.5.9.jar returned status 404
4.5.9	executable	2023-08-23T15:30:30Z	
4.6.0			IOException: Tail request on https://maven-central.storage-download.googleapis.com/maven2/com/zegreatrob/jsmints/wdiorunner-js/4.6.0/wdiorunner-js-4.6.0.jar returned status 404
4.6.0	executable	2023-08-24T13:43:30Z	
4.6.1			IOException: Tail request on https://maven-central.storage-download.googleapis.com/maven2/com/zegreatrob/jsmints/wdiorunner-js/4.6.1/wdiorunner-js-4.6.1.jar returned status 404
4.6.1	executable	2023-08-24T15:31:19Z	
4.6.10			IOException: Tail request on https://maven-central.storage-download.googleapis.com/maven2/com/zegreatrob/jsmints/wdiorunner-js/4.6.10/wdiorunner-js-4.6.10.jar returned status 404
4.6.10	executable	2023-08-27T15:28:53Z	
4.6.11			IOException: Tail request on https://maven-central.storage-download.googleapis.com/maven2/com/zegreatrob/jsmints/wdiorunner-js/4.6.11/wdiorunner-js-4.6.11.jar returned status 404
4.6.11	executable	2023-08-28T15:40:40Z	
4.6.12			IOException: Tail request on https://maven-central.storage-download.googleapis.com/maven2/com/zegreatrob/jsmints/wdiorunner-js/4.6.12/wdiorunner-js-4.6.12.jar returned status 404
4.6.12	executable	2023-08-29T15:43:31Z	
4.6.13			IOException: Tail request on https://maven-central.storage-download.googleapis.com/maven2/com/zegreatrob/jsmints/wdiorunner-js/4.6.13/wdiorunner-js-4.6.13.jar returned status 404
4.6.13	executable	2023-08-30T15:32:17Z	
4.6.14			IOException: Tail request on https://maven-central.storage-download.googleapis.com/maven2/com/zegreatrob/jsmints/wdiorunner-js/4.6.14/wdiorunner-js-4.6.14.jar returned status 404
4.6.14	executable	2023-08-31T15:43:21Z	
4.6.15			IOException: Tail request on https://maven-central.storage-download.googleapis.com/maven2/com/zegreatrob/jsmints/wdiorunner-js/4.6.15/wdiorunner-js-4.6.15.jar returned status 404
4.6.15	executable	2023-09-02T15:29:35Z	
4.6.16			IOException: Tail request on https://maven-central.storage-download.googleapis.com/maven2/com/zegreatrob/jsmints/wdiorunner-js/4.6.16/wdiorunner-js-4.6.16.jar returned status 404
4.6.16	executable	2023-09-03T15:32:04Z	
4.6.17			IOException: Tail request on https://maven-central.storage-download.googleapis.com/maven2/com/zegreatrob/jsmints/wdiorunner-js/4.6.17/wdiorunner-js-4.6.17.jar returned status 404
4.6.17	executable	2023-09-04T15:44:28Z	
4.6.18			IOException: Tail request on https://maven-central.storage-download.googleapis.com/maven2/com/zegreatrob/jsmints/wdiorunner-js/4.6.18/wdiorunner-js-4.6.18.jar returned status 404
4.6.18	executable	2023-09-05T15:34:22Z	
4.6.19			IOException: Tail request on https://maven-central.storage-download.googleapis.com/maven2/com/zegreatrob/jsmints/wdiorunner-js/4.6.19/wdiorunner-js-4.6.19.jar returned status 404
4.6.19	executable	2023-09-06T15:31:42Z	
4.6.2			IOException: Tail request on https://maven-central.storage-download.googleapis.com/maven2/com/zegreatrob/jsmints/wdiorunner-js/4.6.2/wdiorunner-js-4.6.2.jar returned status 404
4.6.2	executable	2023-08-25T15:45:26Z	
4.6.20			IOException: Tail request on https://maven-central.storage-download.googleapis.com/maven2/com/zegreatrob/jsmints/wdiorunner-js/4.6.20/wdiorunner-js-4.6.20.jar returned status 404
4.6.20	executable	2023-09-07T15:44:31Z	
4.6.21			IOException: Tail request on https://maven-central.storage-download.googleapis.com/maven2/com/zegreatrob/jsmints/wdiorunner-js/4.6.21/wdiorunner-js-4.6.21.jar returned status 404
4.6.21	executable	2023-09-08T15:41:59Z	
4.6.22			IOException: Tail request on https://maven-central.storage-download.googleapis.com/maven2/com/zegreatrob/jsmints/wdiorunner-js/4.6.22/wdiorunner-js-4.6.22.jar returned status 404
4.6.22	executable	2023-09-09T15:54:02Z	
4.6.23			IOException: Tail request on https://maven-central.storage-download.googleapis.com/maven2/com/zegreatrob/jsmints/wdiorunner-js/4.6.23/wdiorunner-js-4.6.23.jar returned status 404
4.6.23	executable	2023-09-10T15:27:43Z	
4.6.24			IOException: Tail request on https://maven-central.storage-download.googleapis.com/maven2/com/zegreatrob/jsmints/wdiorunner-js/4.6.24/wdiorunner-js-4.6.24.jar returned status 404
4.6.24	executable	2023-09-11T15:36:24Z	
4.6.25			IOException: Tail request on https://maven-central.storage-download.googleapis.com/maven2/com/zegreatrob/jsmints/wdiorunner-js/4.6.25/wdiorunner-js-4.6.25.jar returned status 404
4.6.25	executable	2023-09-12T15:34:28Z	
4.6.26			IOException: Tail request on https://maven-central.storage-download.googleapis.com/maven2/com/zegreatrob/jsmints/wdiorunner-js/4.6.26/wdiorunner-js-4.6.26.jar returned status 404
4.6.26	executable	2023-09-13T14:05:37Z	
4.6.27			IOException: Tail request on https://maven-central.storage-download.googleapis.com/maven2/com/zegreatrob/jsmints/wdiorunner-js/4.6.27/wdiorunner-js-4.6.27.jar returned status 404
4.6.27	executable	2023-09-13T15:35:44Z	
4.6.28			IOException: Tail request on https://maven-central.storage-download.googleapis.com/maven2/com/zegreatrob/jsmints/wdiorunner-js/4.6.28/wdiorunner-js-4.6.28.jar returned status 404
4.6.28	executable	2023-09-14T15:39:06Z	
4.6.29			IOException: Tail request on https://maven-central.storage-download.googleapis.com/maven2/com/zegreatrob/jsmints/wdiorunner-js/4.6.29/wdiorunner-js-4.6.29.jar returned status 404
4.6.29	executable	2023-09-14T18:20:16Z	
4.6.3			IOException: Tail request on https://maven-central.storage-download.googleapis.com/maven2/com/zegreatrob/jsmints/wdiorunner-js/4.6.3/wdiorunner-js-4.6.3.jar returned status 404
4.6.3	executable	2023-08-25T20:13:01Z	
4.6.30			IOException: Tail request on https://maven-central.storage-download.googleapis.com/maven2/com/zegreatrob/jsmints/wdiorunner-js/4.6.30/wdiorunner-js-4.6.30.jar returned status 404
4.6.30	executable	2023-09-15T15:39:23Z	
4.6.31			IOException: Tail request on https://maven-central.storage-download.googleapis.com/maven2/com/zegreatrob/jsmints/wdiorunner-js/4.6.31/wdiorunner-js-4.6.31.jar returned status 404
4.6.31	executable	2023-09-15T17:19:22Z	
4.6.32			IOException: Tail request on https://maven-central.storage-download.googleapis.com/maven2/com/zegreatrob/jsmints/wdiorunner-js/4.6.32/wdiorunner-js-4.6.32.jar returned status 404
4.6.32	executable	2023-09-16T15:45:50Z	
4.6.33			IOException: Tail request on https://maven-central.storage-download.googleapis.com/maven2/com/zegreatrob/jsmints/wdiorunner-js/4.6.33/wdiorunner-js-4.6.33.jar returned status 404
4.6.33	executable	2023-09-17T15:35:44Z	
4.6.34			IOException: Tail request on https://maven-central.storage-download.googleapis.com/maven2/com/zegreatrob/jsmints/wdiorunner-js/4.6.34/wdiorunner-js-4.6.34.jar returned status 404
4.6.34	executable	2023-09-18T15:43:20Z	
4.6.35			IOException: Tail request on https://maven-central.storage-download.googleapis.com/maven2/com/zegreatrob/jsmints/wdiorunner-js/4.6.35/wdiorunner-js-4.6.35.jar returned status 404
4.6.35	executable	2023-09-19T15:33:06Z	
4.6.36			IOException: Tail request on https://maven-central.storage-download.googleapis.com/maven2/com/zegreatrob/jsmints/wdiorunner-js/4.6.36/wdiorunner-js-4.6.36.jar returned status 404
4.6.36	executable	2023-09-21T15:36:05Z	
4.6.37			IOException: Tail request on https://maven-central.storage-download.googleapis.com/maven2/com/zegreatrob/jsmints/wdiorunner-js/4.6.37/wdiorunner-js-4.6.37.jar returned status 404
4.6.37	executable	2023-09-22T15:35:39Z	
4.6.38			IOException: Tail request on https://maven-central.storage-download.googleapis.com/maven2/com/zegreatrob/jsmints/wdiorunner-js/4.6.38/wdiorunner-js-4.6.38.jar returned status 404
4.6.38	executable	2023-09-26T16:18:50Z	
4.6.39			IOException: Tail request on https://maven-central.storage-download.googleapis.com/maven2/com/zegreatrob/jsmints/wdiorunner-js/4.6.39/wdiorunner-js-4.6.39.jar returned status 404
4.6.39	executable	2023-09-29T15:31:49Z	
4.6.4			IOException: Tail request on https://maven-central.storage-download.googleapis.com/maven2/com/zegreatrob/jsmints/wdiorunner-js/4.6.4/wdiorunner-js-4.6.4.jar returned status 404
4.6.4	executable	2023-08-26T01:45:43Z	
4.6.40			IOException: Tail request on https://maven-central.storage-download.googleapis.com/maven2/com/zegreatrob/jsmints/wdiorunner-js/4.6.40/wdiorunner-js-4.6.40.jar returned status 404
4.6.40	executable	2023-09-30T15:29:43Z	
4.6.41			IOException: Tail request on https://maven-central.storage-download.googleapis.com/maven2/com/zegreatrob/jsmints/wdiorunner-js/4.6.41/wdiorunner-js-4.6.41.jar returned status 404
4.6.41	executable	2023-10-02T15:38:35Z	
4.6.42			IOException: Tail request on https://maven-central.storage-download.googleapis.com/maven2/com/zegreatrob/jsmints/wdiorunner-js/4.6.42/wdiorunner-js-4.6.42.jar returned status 404
4.6.42	executable	2023-10-04T22:44:45Z	
4.6.43			IOException: Tail request on https://maven-central.storage-download.googleapis.com/maven2/com/zegreatrob/jsmints/wdiorunner-js/4.6.43/wdiorunner-js-4.6.43.jar returned status 404
4.6.43	executable	2023-10-05T14:36:36Z	
4.6.44			IOException: Tail request on https://maven-central.storage-download.googleapis.com/maven2/com/zegreatrob/jsmints/wdiorunner-js/4.6.44/wdiorunner-js-4.6.44.jar returned status 404
4.6.44	executable	2023-10-15T17:37:20Z	
4.6.45			IOException: Tail request on https://maven-central.storage-download.googleapis.com/maven2/com/zegreatrob/jsmints/wdiorunner-js/4.6.45/wdiorunner-js-4.6.45.jar returned status 404
4.6.45	executable	2023-10-16T15:27:40Z	
4.6.46			IOException: Tail request on https://maven-central.storage-download.googleapis.com/maven2/com/zegreatrob/jsmints/wdiorunner-js/4.6.46/wdiorunner-js-4.6.46.jar returned status 404
4.6.46	executable	2023-10-17T15:29:42Z	
4.6.47			IOException: Tail request on https://maven-central.storage-download.googleapis.com/maven2/com/zegreatrob/jsmints/wdiorunner-js/4.6.47/wdiorunner-js-4.6.47.jar returned status 404
4.6.47	executable	2023-10-18T15:30:45Z	
4.6.48			IOException: Tail request on https://maven-central.storage-download.googleapis.com/maven2/com/zegreatrob/jsmints/wdiorunner-js/4.6.48/wdiorunner-js-4.6.48.jar returned status 404
4.6.48	executable	2023-10-19T15:35:46Z	
4.6.49			IOException: Tail request on https://maven-central.storage-download.googleapis.com/maven2/com/zegreatrob/jsmints/wdiorunner-js/4.6.49/wdiorunner-js-4.6.49.jar returned status 404
4.6.49	executable	2023-10-20T15:33:36Z	
4.6.5			IOException: Tail request on https://maven-central.storage-download.googleapis.com/maven2/com/zegreatrob/jsmints/wdiorunner-js/4.6.5/wdiorunner-js-4.6.5.jar returned status 404
4.6.5	executable	2023-08-26T02:09:27Z	
4.6.50			IOException: Tail request on https://maven-central.storage-download.googleapis.com/maven2/com/zegreatrob/jsmints/wdiorunner-js/4.6.50/wdiorunner-js-4.6.50.jar returned status 404
4.6.50	executable	2023-10-23T15:31:07Z	
4.6.51			IOException: Tail request on https://maven-central.storage-download.googleapis.com/maven2/com/zegreatrob/jsmints/wdiorunner-js/4.6.51/wdiorunner-js-4.6.51.jar returned status 404
4.6.51	executable	2023-10-24T15:36:09Z	
4.6.52			IOException: Tail request on https://maven-central.storage-download.googleapis.com/maven2/com/zegreatrob/jsmints/wdiorunner-js/4.6.52/wdiorunner-js-4.6.52.jar returned status 404
4.6.52	executable	2023-10-25T15:34:57Z	
4.6.53			IOException: Tail request on https://maven-central.storage-download.googleapis.com/maven2/com/zegreatrob/jsmints/wdiorunner-js/4.6.53/wdiorunner-js-4.6.53.jar returned status 404
4.6.53	executable	2023-10-26T15:26:30Z	
4.6.54			IOException: Tail request on https://maven-central.storage-download.googleapis.com/maven2/com/zegreatrob/jsmints/wdiorunner-js/4.6.54/wdiorunner-js-4.6.54.jar returned status 404
4.6.54	executable	2023-10-27T15:30:03Z	
4.6.55			IOException: Tail request on https://maven-central.storage-download.googleapis.com/maven2/com/zegreatrob/jsmints/wdiorunner-js/4.6.55/wdiorunner-js-4.6.55.jar returned status 404
4.6.55	executable	2023-10-31T15:36:57Z	
4.6.57			IOException: Tail request on https://maven-central.storage-download.googleapis.com/maven2/com/zegreatrob/jsmints/wdiorunner-js/4.6.57/wdiorunner-js-4.6.57.jar returned status 404
4.6.57	executable	2023-11-02T15:40:20Z	
4.6.58			IOException: Tail request on https://maven-central.storage-download.googleapis.com/maven2/com/zegreatrob/jsmints/wdiorunner-js/4.6.58/wdiorunner-js-4.6.58.jar returned status 404
4.6.58	executable	2023-11-04T18:47:01Z	
4.6.59			IOException: Tail request on https://maven-central.storage-download.googleapis.com/maven2/com/zegreatrob/jsmints/wdiorunner-js/4.6.59/wdiorunner-js-4.6.59.jar returned status 404
4.6.59	executable	2023-11-04T19:28:15Z	
4.6.6			IOException: Tail request on https://maven-central.storage-download.googleapis.com/maven2/com/zegreatrob/jsmints/wdiorunner-js/4.6.6/wdiorunner-js-4.6.6.jar returned status 404
4.6.6	executable	2023-08-26T02:27:28Z	
4.6.60			IOException: Tail request on https://maven-central.storage-download.googleapis.com/maven2/com/zegreatrob/jsmints/wdiorunner-js/4.6.60/wdiorunner-js-4.6.60.jar returned status 404
4.6.60	executable	2023-11-04T19:43:07Z	
4.6.7			IOException: Tail request on https://maven-central.storage-download.googleapis.com/maven2/com/zegreatrob/jsmints/wdiorunner-js/4.6.7/wdiorunner-js-4.6.7.jar returned status 404
4.6.7	executable	2023-08-26T15:36:58Z	
4.6.8			IOException: Tail request on https://maven-central.storage-download.googleapis.com/maven2/com/zegreatrob/jsmints/wdiorunner-js/4.6.8/wdiorunner-js-4.6.8.jar returned status 404
4.6.8	executable	2023-08-26T16:20:34Z	
4.6.9			IOException: Tail request on https://maven-central.storage-download.googleapis.com/maven2/com/zegreatrob/jsmints/wdiorunner-js/4.6.9/wdiorunner-js-4.6.9.jar returned status 404
4.6.9	executable	2023-08-26T16:33:44Z	
5.0.0			IOException: Tail request on https://maven-central.storage-download.googleapis.com/maven2/com/zegreatrob/jsmints/wdiorunner-js/5.0.0/wdiorunner-js-5.0.0.jar returned status 404
5.0.0	executable	2023-11-05T20:08:38Z	
5.0.1			IOException: Tail request on https://maven-central.storage-download.googleapis.com/maven2/com/zegreatrob/jsmints/wdiorunner-js/5.0.1/wdiorunner-js-5.0.1.jar returned status 404
5.0.1	executable	2023-11-05T20:25:28Z	
5.0.10			IOException: Tail request on https://maven-central.storage-download.googleapis.com/maven2/com/zegreatrob/jsmints/wdiorunner-js/5.0.10/wdiorunner-js-5.0.10.jar returned status 404
5.0.10	executable	2023-11-14T15:26:22Z	
5.0.11			IOException: Tail request on https://maven-central.storage-download.googleapis.com/maven2/com/zegreatrob/jsmints/wdiorunner-js/5.0.11/wdiorunner-js-5.0.11.jar returned status 404
5.0.11	executable	2023-11-15T15:32:51Z	
5.0.12			IOException: Tail request on https://maven-central.storage-download.googleapis.com/maven2/com/zegreatrob/jsmints/wdiorunner-js/5.0.12/wdiorunner-js-5.0.12.jar returned status 404
5.0.12	executable	2023-11-16T15:27:42Z	
5.0.13			IOException: Tail request on https://maven-central.storage-download.googleapis.com/maven2/com/zegreatrob/jsmints/wdiorunner-js/5.0.13/wdiorunner-js-5.0.13.jar returned status 404
5.0.13	executable	2023-11-17T15:25:49Z	
5.0.14			IOException: Tail request on https://maven-central.storage-download.googleapis.com/maven2/com/zegreatrob/jsmints/wdiorunner-js/5.0.14/wdiorunner-js-5.0.14.jar returned status 404
5.0.14	executable	2023-11-18T15:23:09Z	
5.0.15			IOException: Tail request on https://maven-central.storage-download.googleapis.com/maven2/com/zegreatrob/jsmints/wdiorunner-js/5.0.15/wdiorunner-js-5.0.15.jar returned status 404
5.0.15	executable	2023-11-19T15:25:53Z	
5.0.16			IOException: Tail request on https://maven-central.storage-download.googleapis.com/maven2/com/zegreatrob/jsmints/wdiorunner-js/5.0.16/wdiorunner-js-5.0.16.jar returned status 404
5.0.16	executable	2023-11-20T15:26:30Z	
5.0.17			IOException: Tail request on https://maven-central.storage-download.googleapis.com/maven2/com/zegreatrob/jsmints/wdiorunner-js/5.0.17/wdiorunner-js-5.0.17.jar returned status 404
5.0.17	executable	2023-11-21T15:24:47Z	
5.0.18			IOException: Tail request on https://maven-central.storage-download.googleapis.com/maven2/com/zegreatrob/jsmints/wdiorunner-js/5.0.18/wdiorunner-js-5.0.18.jar returned status 404
5.0.18	executable	2023-11-22T15:26:00Z	
5.0.19			IOException: Tail request on https://maven-central.storage-download.googleapis.com/maven2/com/zegreatrob/jsmints/wdiorunner-js/5.0.19/wdiorunner-js-5.0.19.jar returned status 404
5.0.19	executable	2023-11-23T15:33:22Z	
5.0.2			IOException: Tail request on https://maven-central.storage-download.googleapis.com/maven2/com/zegreatrob/jsmints/wdiorunner-js/5.0.2/wdiorunner-js-5.0.2.jar returned status 404
5.0.2	executable	2023-11-05T20:40:00Z	
5.0.20			IOException: Tail request on https://maven-central.storage-download.googleapis.com/maven2/com/zegreatrob/jsmints/wdiorunner-js/5.0.20/wdiorunner-js-5.0.20.jar returned status 404
5.0.20	executable	2023-11-24T15:29:16Z	
5.0.21			IOException: Tail request on https://maven-central.storage-download.googleapis.com/maven2/com/zegreatrob/jsmints/wdiorunner-js/5.0.21/wdiorunner-js-5.0.21.jar returned status 404
5.0.21	executable	2023-11-25T15:29:13Z	
5.0.22			IOException: Tail request on https://maven-central.storage-download.googleapis.com/maven2/com/zegreatrob/jsmints/wdiorunner-js/5.0.22/wdiorunner-js-5.0.22.jar returned status 404
5.0.22	executable	2023-11-26T15:21:06Z	
5.0.23			IOException: Tail request on https://maven-central.storage-download.googleapis.com/maven2/com/zegreatrob/jsmints/wdiorunner-js/5.0.23/wdiorunner-js-5.0.23.jar returned status 404
5.0.23	executable	2023-11-28T14:32:41Z	
5.0.24			IOException: Tail request on https://maven-central.storage-download.googleapis.com/maven2/com/zegreatrob/jsmints/wdiorunner-js/5.0.24/wdiorunner-js-5.0.24.jar returned status 404
5.0.24	executable	2023-11-28T15:28:47Z	
5.0.3			IOException: Tail request on https://maven-central.storage-download.googleapis.com/maven2/com/zegreatrob/jsmints/wdiorunner-js/5.0.3/wdiorunner-js-5.0.3.jar returned status 404
5.0.3	executable	2023-11-06T15:31:47Z	
5.0.4			IOException: Tail request on https://maven-central.storage-download.googleapis.com/maven2/com/zegreatrob/jsmints/wdiorunner-js/5.0.4/wdiorunner-js-5.0.4.jar returned status 404
5.0.4	executable	2023-11-07T15:41:55Z	
5.0.5			IOException: Tail request on https://maven-central.storage-download.googleapis.com/maven2/com/zegreatrob/jsmints/wdiorunner-js/5.0.5/wdiorunner-js-5.0.5.jar returned status 404
5.0.5	executable	2023-11-08T15:37:00Z	
5.0.6			IOException: Tail request on https://maven-central.storage-download.googleapis.com/maven2/com/zegreatrob/jsmints/wdiorunner-js/5.0.6/wdiorunner-js-5.0.6.jar returned status 404
5.0.6	executable	2023-11-09T15:25:29Z	
5.0.7			IOException: Tail request on https://maven-central.storage-download.googleapis.com/maven2/com/zegreatrob/jsmints/wdiorunner-js/5.0.7/wdiorunner-js-5.0.7.jar returned status 404
5.0.7	executable	2023-11-11T04:39:47Z	
5.0.8			IOException: Tail request on https://maven-central.storage-download.googleapis.com/maven2/com/zegreatrob/jsmints/wdiorunner-js/5.0.8/wdiorunner-js-5.0.8.jar returned status 404
5.0.8	executable	2023-11-12T15:28:52Z	
5.0.9			IOException: Tail request on https://maven-central.storage-download.googleapis.com/maven2/com/zegreatrob/jsmints/wdiorunner-js/5.0.9/wdiorunner-js-5.0.9.jar returned status 404
5.0.9	executable	2023-11-13T15:33:54Z	
5.1.0			IOException: Tail request on https://maven-central.storage-download.googleapis.com/maven2/com/zegreatrob/jsmints/wdiorunner-js/5.1.0/wdiorunner-js-5.1.0.jar returned status 404
5.1.0	executable	2023-11-28T20:18:01Z	
5.1.1			IOException: Tail request on https://maven-central.storage-download.googleapis.com/maven2/com/zegreatrob/jsmints/wdiorunner-js/5.1.1/wdiorunner-js-5.1.1.jar returned status 404
5.1.1	executable	2023-11-29T15:27:04Z	
5.1.10			IOException: Tail request on https://maven-central.storage-download.googleapis.com/maven2/com/zegreatrob/jsmints/wdiorunner-js/5.1.10/wdiorunner-js-5.1.10.jar returned status 404
5.1.10	executable	2023-12-06T15:34:05Z	
5.1.11			IOException: Tail request on https://maven-central.storage-download.googleapis.com/maven2/com/zegreatrob/jsmints/wdiorunner-js/5.1.11/wdiorunner-js-5.1.11.jar returned status 404
5.1.11	executable	2023-12-07T15:27:53Z	
5.1.12			IOException: Tail request on https://maven-central.storage-download.googleapis.com/maven2/com/zegreatrob/jsmints/wdiorunner-js/5.1.12/wdiorunner-js-5.1.12.jar returned status 404
5.1.12	executable	2023-12-08T15:26:11Z	
5.1.13			IOException: Tail request on https://maven-central.storage-download.googleapis.com/maven2/com/zegreatrob/jsmints/wdiorunner-js/5.1.13/wdiorunner-js-5.1.13.jar returned status 404
5.1.13	executable	2023-12-09T15:24:21Z	
5.1.14			IOException: Tail request on https://maven-central.storage-download.googleapis.com/maven2/com/zegreatrob/jsmints/wdiorunner-js/5.1.14/wdiorunner-js-5.1.14.jar returned status 404
5.1.14	executable	2023-12-10T15:22:37Z	
5.1.15			IOException: Tail request on https://maven-central.storage-download.googleapis.com/maven2/com/zegreatrob/jsmints/wdiorunner-js/5.1.15/wdiorunner-js-5.1.15.jar returned status 404
5.1.15	executable	2023-12-11T15:24:38Z	
5.1.16			IOException: Tail request on https://maven-central.storage-download.googleapis.com/maven2/com/zegreatrob/jsmints/wdiorunner-js/5.1.16/wdiorunner-js-5.1.16.jar returned status 404
5.1.16	executable	2023-12-12T15:23:29Z	
5.1.17			IOException: Tail request on https://maven-central.storage-download.googleapis.com/maven2/com/zegreatrob/jsmints/wdiorunner-js/5.1.17/wdiorunner-js-5.1.17.jar returned status 404
5.1.17	executable	2023-12-13T15:24:27Z	
5.1.18			IOException: Tail request on https://maven-central.storage-download.googleapis.com/maven2/com/zegreatrob/jsmints/wdiorunner-js/5.1.18/wdiorunner-js-5.1.18.jar returned status 404
5.1.18	executable	2023-12-14T15:25:24Z	
5.1.19			IOException: Tail request on https://maven-central.storage-download.googleapis.com/maven2/com/zegreatrob/jsmints/wdiorunner-js/5.1.19/wdiorunner-js-5.1.19.jar returned status 404
5.1.19	executable	2023-12-15T15:33:48Z	
5.1.2			IOException: Tail request on https://maven-central.storage-download.googleapis.com/maven2/com/zegreatrob/jsmints/wdiorunner-js/5.1.2/wdiorunner-js-5.1.2.jar returned status 404
5.1.2	executable	2023-11-30T14:19:15Z	
5.1.20			IOException: Tail request on https://maven-central.storage-download.googleapis.com/maven2/com/zegreatrob/jsmints/wdiorunner-js/5.1.20/wdiorunner-js-5.1.20.jar returned status 404
5.1.20	executable	2023-12-16T15:23:07Z	
5.1.22			IOException: Tail request on https://maven-central.storage-download.googleapis.com/maven2/com/zegreatrob/jsmints/wdiorunner-js/5.1.22/wdiorunner-js-5.1.22.jar returned status 404
5.1.22	executable	2023-12-19T15:24:52Z	
5.1.23			IOException: Tail request on https://maven-central.storage-download.googleapis.com/maven2/com/zegreatrob/jsmints/wdiorunner-js/5.1.23/wdiorunner-js-5.1.23.jar returned status 404
5.1.23	executable	2023-12-20T15:33:03Z	
5.1.24			IOException: Tail request on https://maven-central.storage-download.googleapis.com/maven2/com/zegreatrob/jsmints/wdiorunner-js/5.1.24/wdiorunner-js-5.1.24.jar returned status 404
5.1.24	executable	2023-12-21T15:32:04Z	
5.1.25			IOException: Tail request on https://maven-central.storage-download.googleapis.com/maven2/com/zegreatrob/jsmints/wdiorunner-js/5.1.25/wdiorunner-js-5.1.25.jar returned status 404
5.1.25	executable	2023-12-22T15:25:37Z	
5.1.26			IOException: Tail request on https://maven-central.storage-download.googleapis.com/maven2/com/zegreatrob/jsmints/wdiorunner-js/5.1.26/wdiorunner-js-5.1.26.jar returned status 404
5.1.26	executable	2023-12-23T15:24:00Z	
5.1.27			IOException: Tail request on https://maven-central.storage-download.googleapis.com/maven2/com/zegreatrob/jsmints/wdiorunner-js/5.1.27/wdiorunner-js-5.1.27.jar returned status 404
5.1.27	executable	2023-12-24T15:31:08Z	
5.1.28			IOException: Tail request on https://maven-central.storage-download.googleapis.com/maven2/com/zegreatrob/jsmints/wdiorunner-js/5.1.28/wdiorunner-js-5.1.28.jar returned status 404
5.1.28	executable	2023-12-25T15:28:21Z	
5.1.3			IOException: Tail request on https://maven-central.storage-download.googleapis.com/maven2/com/zegreatrob/jsmints/wdiorunner-js/5.1.3/wdiorunner-js-5.1.3.jar returned status 404
5.1.3	executable	2023-11-30T15:24:54Z	
5.1.4			IOException: Tail request on https://maven-central.storage-download.googleapis.com/maven2/com/zegreatrob/jsmints/wdiorunner-js/5.1.4/wdiorunner-js-5.1.4.jar returned status 404
5.1.4	executable	2023-12-01T15:25:48Z	
5.1.5			IOException: Tail request on https://maven-central.storage-download.googleapis.com/maven2/com/zegreatrob/jsmints/wdiorunner-js/5.1.5/wdiorunner-js-5.1.5.jar returned status 404
5.1.5	executable	2023-12-02T15:23:56Z	
5.1.6			IOException: Tail request on https://maven-central.storage-download.googleapis.com/maven2/com/zegreatrob/jsmints/wdiorunner-js/5.1.6/wdiorunner-js-5.1.6.jar returned status 404
5.1.6	executable	2023-12-02T22:23:09Z	
5.1.7			IOException: Tail request on https://maven-central.storage-download.googleapis.com/maven2/com/zegreatrob/jsmints/wdiorunner-js/5.1.7/wdiorunner-js-5.1.7.jar returned status 404
5.1.7	executable	2023-12-02T22:34:50Z	
5.1.8			IOException: Tail request on https://maven-central.storage-download.googleapis.com/maven2/com/zegreatrob/jsmints/wdiorunner-js/5.1.8/wdiorunner-js-5.1.8.jar returned status 404
5.1.8	executable	2023-12-04T15:32:59Z	
5.1.9			IOException: Tail request on https://maven-central.storage-download.googleapis.com/maven2/com/zegreatrob/jsmints/wdiorunner-js/5.1.9/wdiorunner-js-5.1.9.jar returned status 404
5.1.9	executable	2023-12-05T15:33:21Z	
5.2.0			IOException: Tail request on https://maven-central.storage-download.googleapis.com/maven2/com/zegreatrob/jsmints/wdiorunner-js/5.2.0/wdiorunner-js-5.2.0.jar returned status 404
5.2.0	executable	2023-12-26T13:19:33Z	
5.2.1			IOException: Tail request on https://maven-central.storage-download.googleapis.com/maven2/com/zegreatrob/jsmints/wdiorunner-js/5.2.1/wdiorunner-js-5.2.1.jar returned status 404
5.2.1	executable	2023-12-26T15:27:57Z	
5.2.2			IOException: Tail request on https://maven-central.storage-download.googleapis.com/maven2/com/zegreatrob/jsmints/wdiorunner-js/5.2.2/wdiorunner-js-5.2.2.jar returned status 404
5.2.2	executable	2023-12-27T15:31:02Z	
5.2.3			IOException: Tail request on https://maven-central.storage-download.googleapis.com/maven2/com/zegreatrob/jsmints/wdiorunner-js/5.2.3/wdiorunner-js-5.2.3.jar returned status 404
5.2.3	executable	2023-12-28T15:25:33Z	
5.2.4			IOException: Tail request on https://maven-central.storage-download.googleapis.com/maven2/com/zegreatrob/jsmints/wdiorunner-js/5.2.4/wdiorunner-js-5.2.4.jar returned status 404
5.2.4	executable	2023-12-29T15:24:53Z	
5.2.5			IOException: Tail request on https://maven-central.storage-download.googleapis.com/maven2/com/zegreatrob/jsmints/wdiorunner-js/5.2.5/wdiorunner-js-5.2.5.jar returned status 404
5.2.5	executable	2023-12-30T15:32:19Z	
5.2.6			IOException: Tail request on https://maven-central.storage-download.googleapis.com/maven2/com/zegreatrob/jsmints/wdiorunner-js/5.2.6/wdiorunner-js-5.2.6.jar returned status 404
5.2.6	executable	2023-12-31T15:22:00Z	
5.2.7			IOException: Tail request on https://maven-central.storage-download.googleapis.com/maven2/com/zegreatrob/jsmints/wdiorunner-js/5.2.7/wdiorunner-js-5.2.7.jar returned status 404
5.2.7	executable	2024-01-02T15:23:45Z	
5.2.8			IOException: Tail request on https://maven-central.storage-download.googleapis.com/maven2/com/zegreatrob/jsmints/wdiorunner-js/5.2.8/wdiorunner-js-5.2.8.jar returned status 404
5.2.8	executable	2024-01-05T00:22:26Z	
5.2.9			IOException: Tail request on https://maven-central.storage-download.googleapis.com/maven2/com/zegreatrob/jsmints/wdiorunner-js/5.2.9/wdiorunner-js-5.2.9.jar returned status 404
5.2.9	executable	2024-01-05T15:24:15Z	
5.3.0			IOException: Tail request on https://maven-central.storage-download.googleapis.com/maven2/com/zegreatrob/jsmints/wdiorunner-js/5.3.0/wdiorunner-js-5.3.0.jar returned status 404
5.3.0	executable	2024-01-06T16:06:51Z	
5.4.0			IOException: Tail request on https://maven-central.storage-download.googleapis.com/maven2/com/zegreatrob/jsmints/wdiorunner-js/5.4.0/wdiorunner-js-5.4.0.jar returned status 404
5.4.0	executable	2024-01-10T02:11:45Z	
5.4.1			IOException: Tail request on https://maven-central.storage-download.googleapis.com/maven2/com/zegreatrob/jsmints/wdiorunner-js/5.4.1/wdiorunner-js-5.4.1.jar returned status 404
5.4.1	executable	2024-01-13T22:46:56Z	
5.4.10			IOException: Tail request on https://maven-central.storage-download.googleapis.com/maven2/com/zegreatrob/jsmints/wdiorunner-js/5.4.10/wdiorunner-js-5.4.10.jar returned status 404
5.4.10	executable	2024-01-23T15:28:33Z	
5.4.100			IOException: Tail request on https://maven-central.storage-download.googleapis.com/maven2/com/zegreatrob/jsmints/wdiorunner-js/5.4.100/wdiorunner-js-5.4.100.jar returned status 404
5.4.100	executable	2024-05-15T15:21:34Z	
5.4.101			IOException: Tail request on https://maven-central.storage-download.googleapis.com/maven2/com/zegreatrob/jsmints/wdiorunner-js/5.4.101/wdiorunner-js-5.4.101.jar returned status 404
5.4.101	executable	2024-05-16T15:23:14Z	
5.4.102			IOException: Tail request on https://maven-central.storage-download.googleapis.com/maven2/com/zegreatrob/jsmints/wdiorunner-js/5.4.102/wdiorunner-js-5.4.102.jar returned status 404
5.4.102	executable	2024-05-17T15:22:29Z	
5.4.103			IOException: Tail request on https://maven-central.storage-download.googleapis.com/maven2/com/zegreatrob/jsmints/wdiorunner-js/5.4.103/wdiorunner-js-5.4.103.jar returned status 404
5.4.103	executable	2024-05-19T15:20:27Z	
5.4.11			IOException: Tail request on https://maven-central.storage-download.googleapis.com/maven2/com/zegreatrob/jsmints/wdiorunner-js/5.4.11/wdiorunner-js-5.4.11.jar returned status 404
5.4.11	executable	2024-01-24T15:26:40Z	
5.4.12			IOException: Tail request on https://maven-central.storage-download.googleapis.com/maven2/com/zegreatrob/jsmints/wdiorunner-js/5.4.12/wdiorunner-js-5.4.12.jar returned status 404
5.4.12	executable	2024-01-25T15:35:18Z	
5.4.13			IOException: Tail request on https://maven-central.storage-download.googleapis.com/maven2/com/zegreatrob/jsmints/wdiorunner-js/5.4.13/wdiorunner-js-5.4.13.jar returned status 404
5.4.13	executable	2024-01-26T15:25:28Z	
5.4.14			IOException: Tail request on https://maven-central.storage-download.googleapis.com/maven2/com/zegreatrob/jsmints/wdiorunner-js/5.4.14/wdiorunner-js-5.4.14.jar returned status 404
5.4.14	executable	2024-01-27T15:24:13Z	
5.4.15			IOException: Tail request on https://maven-central.storage-download.googleapis.com/maven2/com/zegreatrob/jsmints/wdiorunner-js/5.4.15/wdiorunner-js-5.4.15.jar returned status 404
5.4.15	executable	2024-01-28T15:23:30Z	
5.4.16			IOException: Tail request on https://maven-central.storage-download.googleapis.com/maven2/com/zegreatrob/jsmints/wdiorunner-js/5.4.16/wdiorunner-js-5.4.16.jar returned status 404
5.4.16	executable	2024-01-31T15:31:17Z	
5.4.17			IOException: Tail request on https://maven-central.storage-download.googleapis.com/maven2/com/zegreatrob/jsmints/wdiorunner-js/5.4.17/wdiorunner-js-5.4.17.jar returned status 404
5.4.17	executable	2024-02-01T15:25:22Z	
5.4.18			IOException: Tail request on https://maven-central.storage-download.googleapis.com/maven2/com/zegreatrob/jsmints/wdiorunner-js/5.4.18/wdiorunner-js-5.4.18.jar returned status 404
5.4.18	executable	2024-02-02T15:23:35Z	
5.4.19			IOException: Tail request on https://maven-central.storage-download.googleapis.com/maven2/com/zegreatrob/jsmints/wdiorunner-js/5.4.19/wdiorunner-js-5.4.19.jar returned status 404
5.4.19	executable	2024-02-03T14:20:03Z	
5.4.2			IOException: Tail request on https://maven-central.storage-download.googleapis.com/maven2/com/zegreatrob/jsmints/wdiorunner-js/5.4.2/wdiorunner-js-5.4.2.jar returned status 404
5.4.2	executable	2024-01-14T15:33:25Z	
5.4.20			IOException: Tail request on https://maven-central.storage-download.googleapis.com/maven2/com/zegreatrob/jsmints/wdiorunner-js/5.4.20/wdiorunner-js-5.4.20.jar returned status 404
5.4.20	executable	2024-02-03T15:27:41Z	
5.4.21			IOException: Tail request on https://maven-central.storage-download.googleapis.com/maven2/com/zegreatrob/jsmints/wdiorunner-js/5.4.21/wdiorunner-js-5.4.21.jar returned status 404
5.4.21	executable	2024-02-04T15:24:06Z	
5.4.22			IOException: Tail request on https://maven-central.storage-download.googleapis.com/maven2/com/zegreatrob/jsmints/wdiorunner-js/5.4.22/wdiorunner-js-5.4.22.jar returned status 404
5.4.22	executable	2024-02-05T15:26:09Z	
5.4.23			IOException: Tail request on https://maven-central.storage-download.googleapis.com/maven2/com/zegreatrob/jsmints/wdiorunner-js/5.4.23/wdiorunner-js-5.4.23.jar returned status 404
5.4.23	executable	2024-02-06T15:28:06Z	
5.4.24			IOException: Tail request on https://maven-central.storage-download.googleapis.com/maven2/com/zegreatrob/jsmints/wdiorunner-js/5.4.24/wdiorunner-js-5.4.24.jar returned status 404
5.4.24	executable	2024-02-07T15:25:47Z	
5.4.25			IOException: Tail request on https://maven-central.storage-download.googleapis.com/maven2/com/zegreatrob/jsmints/wdiorunner-js/5.4.25/wdiorunner-js-5.4.25.jar returned status 404
5.4.25	executable	2024-02-08T15:24:30Z	
5.4.26			IOException: Tail request on https://maven-central.storage-download.googleapis.com/maven2/com/zegreatrob/jsmints/wdiorunner-js/5.4.26/wdiorunner-js-5.4.26.jar returned status 404
5.4.26	executable	2024-02-09T15:24:38Z	
5.4.27			IOException: Tail request on https://maven-central.storage-download.googleapis.com/maven2/com/zegreatrob/jsmints/wdiorunner-js/5.4.27/wdiorunner-js-5.4.27.jar returned status 404
5.4.27	executable	2024-02-10T15:25:06Z	
5.4.28			IOException: Tail request on https://maven-central.storage-download.googleapis.com/maven2/com/zegreatrob/jsmints/wdiorunner-js/5.4.28/wdiorunner-js-5.4.28.jar returned status 404
5.4.28	executable	2024-02-11T15:24:58Z	
5.4.29			IOException: Tail request on https://maven-central.storage-download.googleapis.com/maven2/com/zegreatrob/jsmints/wdiorunner-js/5.4.29/wdiorunner-js-5.4.29.jar returned status 404
5.4.29	executable	2024-02-13T15:26:34Z	
5.4.3			IOException: Tail request on https://maven-central.storage-download.googleapis.com/maven2/com/zegreatrob/jsmints/wdiorunner-js/5.4.3/wdiorunner-js-5.4.3.jar returned status 404
5.4.3	executable	2024-01-15T15:26:35Z	
5.4.30			IOException: Tail request on https://maven-central.storage-download.googleapis.com/maven2/com/zegreatrob/jsmints/wdiorunner-js/5.4.30/wdiorunner-js-5.4.30.jar returned status 404
5.4.30	executable	2024-02-14T15:29:11Z	
5.4.31			IOException: Tail request on https://maven-central.storage-download.googleapis.com/maven2/com/zegreatrob/jsmints/wdiorunner-js/5.4.31/wdiorunner-js-5.4.31.jar returned status 404
5.4.31	executable	2024-02-15T15:23:48Z	
5.4.32			IOException: Tail request on https://maven-central.storage-download.googleapis.com/maven2/com/zegreatrob/jsmints/wdiorunner-js/5.4.32/wdiorunner-js-5.4.32.jar returned status 404
5.4.32	executable	2024-02-16T15:26:26Z	
5.4.33			IOException: Tail request on https://maven-central.storage-download.googleapis.com/maven2/com/zegreatrob/jsmints/wdiorunner-js/5.4.33/wdiorunner-js-5.4.33.jar returned status 404
5.4.33	executable	2024-02-20T00:06:10Z	
5.4.34			IOException: Tail request on https://maven-central.storage-download.googleapis.com/maven2/com/zegreatrob/jsmints/wdiorunner-js/5.4.34/wdiorunner-js-5.4.34.jar returned status 404
5.4.34	executable	2024-02-20T15:32:05Z	
5.4.35			IOException: Tail request on https://maven-central.storage-download.googleapis.com/maven2/com/zegreatrob/jsmints/wdiorunner-js/5.4.35/wdiorunner-js-5.4.35.jar returned status 404
5.4.35	executable	2024-02-21T15:26:24Z	
5.4.36			IOException: Tail request on https://maven-central.storage-download.googleapis.com/maven2/com/zegreatrob/jsmints/wdiorunner-js/5.4.36/wdiorunner-js-5.4.36.jar returned status 404
5.4.36	executable	2024-02-22T15:25:57Z	
5.4.37			IOException: Tail request on https://maven-central.storage-download.googleapis.com/maven2/com/zegreatrob/jsmints/wdiorunner-js/5.4.37/wdiorunner-js-5.4.37.jar returned status 404
5.4.37	executable	2024-02-23T15:32:10Z	
5.4.38			IOException: Tail request on https://maven-central.storage-download.googleapis.com/maven2/com/zegreatrob/jsmints/wdiorunner-js/5.4.38/wdiorunner-js-5.4.38.jar returned status 404
5.4.38	executable	2024-02-24T15:25:36Z	
5.4.39			IOException: Tail request on https://maven-central.storage-download.googleapis.com/maven2/com/zegreatrob/jsmints/wdiorunner-js/5.4.39/wdiorunner-js-5.4.39.jar returned status 404
5.4.39	executable	2024-02-25T15:22:13Z	
5.4.4			IOException: Tail request on https://maven-central.storage-download.googleapis.com/maven2/com/zegreatrob/jsmints/wdiorunner-js/5.4.4/wdiorunner-js-5.4.4.jar returned status 404
5.4.4	executable	2024-01-16T15:26:52Z	
5.4.40			IOException: Tail request on https://maven-central.storage-download.googleapis.com/maven2/com/zegreatrob/jsmints/wdiorunner-js/5.4.40/wdiorunner-js-5.4.40.jar returned status 404
5.4.40	executable	2024-02-26T15:23:39Z	
5.4.41			IOException: Tail request on https://maven-central.storage-download.googleapis.com/maven2/com/zegreatrob/jsmints/wdiorunner-js/5.4.41/wdiorunner-js-5.4.41.jar returned status 404
5.4.41	executable	2024-02-28T15:24:03Z	
5.4.42			IOException: Tail request on https://maven-central.storage-download.googleapis.com/maven2/com/zegreatrob/jsmints/wdiorunner-js/5.4.42/wdiorunner-js-5.4.42.jar returned status 404
5.4.42	executable	2024-02-29T15:43:12Z	
5.4.43			IOException: Tail request on https://maven-central.storage-download.googleapis.com/maven2/com/zegreatrob/jsmints/wdiorunner-js/5.4.43/wdiorunner-js-5.4.43.jar returned status 404
5.4.43	executable	2024-03-01T16:04:27Z	
5.4.44			IOException: Tail request on https://maven-central.storage-download.googleapis.com/maven2/com/zegreatrob/jsmints/wdiorunner-js/5.4.44/wdiorunner-js-5.4.44.jar returned status 404
5.4.44	executable	2024-03-02T15:31:02Z	
5.4.45			IOException: Tail request on https://maven-central.storage-download.googleapis.com/maven2/com/zegreatrob/jsmints/wdiorunner-js/5.4.45/wdiorunner-js-5.4.45.jar returned status 404
5.4.45	executable	2024-03-03T15:22:40Z	
5.4.46			IOException: Tail request on https://maven-central.storage-download.googleapis.com/maven2/com/zegreatrob/jsmints/wdiorunner-js/5.4.46/wdiorunner-js-5.4.46.jar returned status 404
5.4.46	executable	2024-03-04T15:27:03Z	
5.4.47			IOException: Tail request on https://maven-central.storage-download.googleapis.com/maven2/com/zegreatrob/jsmints/wdiorunner-js/5.4.47/wdiorunner-js-5.4.47.jar returned status 404
5.4.47	executable	2024-03-06T15:26:02Z	
5.4.48			IOException: Tail request on https://maven-central.storage-download.googleapis.com/maven2/com/zegreatrob/jsmints/wdiorunner-js/5.4.48/wdiorunner-js-5.4.48.jar returned status 404
5.4.48	executable	2024-03-07T15:33:39Z	
5.4.49			IOException: Tail request on https://maven-central.storage-download.googleapis.com/maven2/com/zegreatrob/jsmints/wdiorunner-js/5.4.49/wdiorunner-js-5.4.49.jar returned status 404
5.4.49	executable	2024-03-08T15:28:29Z	
5.4.5			IOException: Tail request on https://maven-central.storage-download.googleapis.com/maven2/com/zegreatrob/jsmints/wdiorunner-js/5.4.5/wdiorunner-js-5.4.5.jar returned status 404
5.4.5	executable	2024-01-17T15:31:20Z	
5.4.50			IOException: Tail request on https://maven-central.storage-download.googleapis.com/maven2/com/zegreatrob/jsmints/wdiorunner-js/5.4.50/wdiorunner-js-5.4.50.jar returned status 404
5.4.50	executable	2024-03-09T15:23:00Z	
5.4.51			IOException: Tail request on https://maven-central.storage-download.googleapis.com/maven2/com/zegreatrob/jsmints/wdiorunner-js/5.4.51/wdiorunner-js-5.4.51.jar returned status 404
5.4.51	executable	2024-03-10T15:26:08Z	
5.4.52			IOException: Tail request on https://maven-central.storage-download.googleapis.com/maven2/com/zegreatrob/jsmints/wdiorunner-js/5.4.52/wdiorunner-js-5.4.52.jar returned status 404
5.4.52	executable	2024-03-10T21:57:17Z	
5.4.53			IOException: Tail request on https://maven-central.storage-download.googleapis.com/maven2/com/zegreatrob/jsmints/wdiorunner-js/5.4.53/wdiorunner-js-5.4.53.jar returned status 404
5.4.53	executable	2024-03-11T15:25:42Z	
5.4.54			IOException: Tail request on https://maven-central.storage-download.googleapis.com/maven2/com/zegreatrob/jsmints/wdiorunner-js/5.4.54/wdiorunner-js-5.4.54.jar returned status 404
5.4.54	executable	2024-03-12T15:41:46Z	
5.4.55			IOException: Tail request on https://maven-central.storage-download.googleapis.com/maven2/com/zegreatrob/jsmints/wdiorunner-js/5.4.55/wdiorunner-js-5.4.55.jar returned status 404
5.4.55	executable	2024-03-13T15:32:43Z	
5.4.56			IOException: Tail request on https://maven-central.storage-download.googleapis.com/maven2/com/zegreatrob/jsmints/wdiorunner-js/5.4.56/wdiorunner-js-5.4.56.jar returned status 404
5.4.56	executable	2024-03-15T15:24:02Z	
5.4.57			IOException: Tail request on https://maven-central.storage-download.googleapis.com/maven2/com/zegreatrob/jsmints/wdiorunner-js/5.4.57/wdiorunner-js-5.4.57.jar returned status 404
5.4.57	executable	2024-03-16T15:21:31Z	
5.4.58			IOException: Tail request on https://maven-central.storage-download.googleapis.com/maven2/com/zegreatrob/jsmints/wdiorunner-js/5.4.58/wdiorunner-js-5.4.58.jar returned status 404
5.4.58	executable	2024-03-17T15:23:04Z	
5.4.59			IOException: Tail request on https://maven-central.storage-download.googleapis.com/maven2/com/zegreatrob/jsmints/wdiorunner-js/5.4.59/wdiorunner-js-5.4.59.jar returned status 404
5.4.59	executable	2024-03-18T15:33:36Z	
5.4.6			IOException: Tail request on https://maven-central.storage-download.googleapis.com/maven2/com/zegreatrob/jsmints/wdiorunner-js/5.4.6/wdiorunner-js-5.4.6.jar returned status 404
5.4.6	executable	2024-01-18T15:25:36Z	
5.4.60			IOException: Tail request on https://maven-central.storage-download.googleapis.com/maven2/com/zegreatrob/jsmints/wdiorunner-js/5.4.60/wdiorunner-js-5.4.60.jar returned status 404
5.4.60	executable	2024-03-19T15:26:49Z	
5.4.61			IOException: Tail request on https://maven-central.storage-download.googleapis.com/maven2/com/zegreatrob/jsmints/wdiorunner-js/5.4.61/wdiorunner-js-5.4.61.jar returned status 404
5.4.61	executable	2024-03-20T15:29:37Z	
5.4.62			IOException: Tail request on https://maven-central.storage-download.googleapis.com/maven2/com/zegreatrob/jsmints/wdiorunner-js/5.4.62/wdiorunner-js-5.4.62.jar returned status 404
5.4.62	executable	2024-03-21T15:37:05Z	
5.4.63			IOException: Tail request on https://maven-central.storage-download.googleapis.com/maven2/com/zegreatrob/jsmints/wdiorunner-js/5.4.63/wdiorunner-js-5.4.63.jar returned status 404
5.4.63	executable	2024-03-23T14:18:29Z	
5.4.64			IOException: Tail request on https://maven-central.storage-download.googleapis.com/maven2/com/zegreatrob/jsmints/wdiorunner-js/5.4.64/wdiorunner-js-5.4.64.jar returned status 404
5.4.64	executable	2024-03-23T15:26:42Z	
5.4.65			IOException: Tail request on https://maven-central.storage-download.googleapis.com/maven2/com/zegreatrob/jsmints/wdiorunner-js/5.4.65/wdiorunner-js-5.4.65.jar returned status 404
5.4.65	executable	2024-03-24T15:25:11Z	
5.4.66			IOException: Tail request on https://maven-central.storage-download.googleapis.com/maven2/com/zegreatrob/jsmints/wdiorunner-js/5.4.66/wdiorunner-js-5.4.66.jar returned status 404
5.4.66	executable	2024-03-26T00:50:14Z	
5.4.67			IOException: Tail request on https://maven-central.storage-download.googleapis.com/maven2/com/zegreatrob/jsmints/wdiorunner-js/5.4.67/wdiorunner-js-5.4.67.jar returned status 404
5.4.67	executable	2024-03-26T15:30:03Z	
5.4.68			IOException: Tail request on https://maven-central.storage-download.googleapis.com/maven2/com/zegreatrob/jsmints/wdiorunner-js/5.4.68/wdiorunner-js-5.4.68.jar returned status 404
5.4.68	executable	2024-03-28T15:31:58Z	
5.4.69			IOException: Tail request on https://maven-central.storage-download.googleapis.com/maven2/com/zegreatrob/jsmints/wdiorunner-js/5.4.69/wdiorunner-js-5.4.69.jar returned status 404
5.4.69	executable	2024-04-02T15:26:59Z	
5.4.7			IOException: Tail request on https://maven-central.storage-download.googleapis.com/maven2/com/zegreatrob/jsmints/wdiorunner-js/5.4.7/wdiorunner-js-5.4.7.jar returned status 404
5.4.7	executable	2024-01-20T15:25:41Z	
5.4.72			IOException: Tail request on https://maven-central.storage-download.googleapis.com/maven2/com/zegreatrob/jsmints/wdiorunner-js/5.4.72/wdiorunner-js-5.4.72.jar returned status 404
5.4.72	executable	2024-04-07T15:23:44Z	
5.4.73			IOException: Tail request on https://maven-central.storage-download.googleapis.com/maven2/com/zegreatrob/jsmints/wdiorunner-js/5.4.73/wdiorunner-js-5.4.73.jar returned status 404
5.4.73	executable	2024-04-08T15:22:20Z	
5.4.74			IOException: Tail request on https://maven-central.storage-download.googleapis.com/maven2/com/zegreatrob/jsmints/wdiorunner-js/5.4.74/wdiorunner-js-5.4.74.jar returned status 404
5.4.74	executable	2024-04-10T15:21:18Z	
5.4.75			IOException: Tail request on https://maven-central.storage-download.googleapis.com/maven2/com/zegreatrob/jsmints/wdiorunner-js/5.4.75/wdiorunner-js-5.4.75.jar returned status 404
5.4.75	executable	2024-04-11T15:21:21Z	
5.4.76			IOException: Tail request on https://maven-central.storage-download.googleapis.com/maven2/com/zegreatrob/jsmints/wdiorunner-js/5.4.76/wdiorunner-js-5.4.76.jar returned status 404
5.4.76	executable	2024-04-12T15:20:22Z	
5.4.77			IOException: Tail request on https://maven-central.storage-download.googleapis.com/maven2/com/zegreatrob/jsmints/wdiorunner-js/5.4.77/wdiorunner-js-5.4.77.jar returned status 404
5.4.77	executable	2024-04-13T15:22:06Z	
5.4.78			IOException: Tail request on https://maven-central.storage-download.googleapis.com/maven2/com/zegreatrob/jsmints/wdiorunner-js/5.4.78/wdiorunner-js-5.4.78.jar returned status 404
5.4.78	executable	2024-04-14T22:19:30Z	
5.4.79			IOException: Tail request on https://maven-central.storage-download.googleapis.com/maven2/com/zegreatrob/jsmints/wdiorunner-js/5.4.79/wdiorunner-js-5.4.79.jar returned status 404
5.4.79	executable	2024-04-15T15:21:49Z	
5.4.8			IOException: Tail request on https://maven-central.storage-download.googleapis.com/maven2/com/zegreatrob/jsmints/wdiorunner-js/5.4.8/wdiorunner-js-5.4.8.jar returned status 404
5.4.8	executable	2024-01-21T15:26:29Z	
5.4.80			IOException: Tail request on https://maven-central.storage-download.googleapis.com/maven2/com/zegreatrob/jsmints/wdiorunner-js/5.4.80/wdiorunner-js-5.4.80.jar returned status 404
5.4.80	executable	2024-04-16T15:23:50Z	
5.4.81			IOException: Tail request on https://maven-central.storage-download.googleapis.com/maven2/com/zegreatrob/jsmints/wdiorunner-js/5.4.81/wdiorunner-js-5.4.81.jar returned status 404
5.4.81	executable	2024-04-17T15:23:47Z	
5.4.82			IOException: Tail request on https://maven-central.storage-download.googleapis.com/maven2/com/zegreatrob/jsmints/wdiorunner-js/5.4.82/wdiorunner-js-5.4.82.jar returned status 404
5.4.82	executable	2024-04-19T15:22:19Z	
5.4.83			IOException: Tail request on https://maven-central.storage-download.googleapis.com/maven2/com/zegreatrob/jsmints/wdiorunner-js/5.4.83/wdiorunner-js-5.4.83.jar returned status 404
5.4.83	executable	2024-04-20T15:19:35Z	
5.4.84			IOException: Tail request on https://maven-central.storage-download.googleapis.com/maven2/com/zegreatrob/jsmints/wdiorunner-js/5.4.84/wdiorunner-js-5.4.84.jar returned status 404
5.4.84	executable	2024-04-23T15:21:38Z	
5.4.85			IOException: Tail request on https://maven-central.storage-download.googleapis.com/maven2/com/zegreatrob/jsmints/wdiorunner-js/5.4.85/wdiorunner-js-5.4.85.jar returned status 404
5.4.85	executable	2024-04-24T15:22:55Z	
5.4.86			IOException: Tail request on https://maven-central.storage-download.googleapis.com/maven2/com/zegreatrob/jsmints/wdiorunner-js/5.4.86/wdiorunner-js-5.4.86.jar returned status 404
5.4.86	executable	2024-04-25T15:20:34Z	
5.4.87			IOException: Tail request on https://maven-central.storage-download.googleapis.com/maven2/com/zegreatrob/jsmints/wdiorunner-js/5.4.87/wdiorunner-js-5.4.87.jar returned status 404
5.4.87	executable	2024-04-26T15:22:16Z	
5.4.88			IOException: Tail request on https://maven-central.storage-download.googleapis.com/maven2/com/zegreatrob/jsmints/wdiorunner-js/5.4.88/wdiorunner-js-5.4.88.jar returned status 404
5.4.88	executable	2024-04-27T15:19:06Z	
5.4.89			IOException: Tail request on https://maven-central.storage-download.googleapis.com/maven2/com/zegreatrob/jsmints/wdiorunner-js/5.4.89/wdiorunner-js-5.4.89.jar returned status 404
5.4.89	executable	2024-04-29T15:21:17Z	
5.4.9			IOException: Tail request on https://maven-central.storage-download.googleapis.com/maven2/com/zegreatrob/jsmints/wdiorunner-js/5.4.9/wdiorunner-js-5.4.9.jar returned status 404
5.4.9	executable	2024-01-22T15:32:49Z	
5.4.90			IOException: Tail request on https://maven-central.storage-download.googleapis.com/maven2/com/zegreatrob/jsmints/wdiorunner-js/5.4.90/wdiorunner-js-5.4.90.jar returned status 404
5.4.90	executable	2024-05-02T15:21:56Z	
5.4.91			IOException: Tail request on https://maven-central.storage-download.googleapis.com/maven2/com/zegreatrob/jsmints/wdiorunner-js/5.4.91/wdiorunner-js-5.4.91.jar returned status 404
5.4.91	executable	2024-05-05T15:23:06Z	
5.4.92			IOException: Tail request on https://maven-central.storage-download.googleapis.com/maven2/com/zegreatrob/jsmints/wdiorunner-js/5.4.92/wdiorunner-js-5.4.92.jar returned status 404
5.4.92	executable	2024-05-06T15:21:15Z	
5.4.93			IOException: Tail request on https://maven-central.storage-download.googleapis.com/maven2/com/zegreatrob/jsmints/wdiorunner-js/5.4.93/wdiorunner-js-5.4.93.jar returned status 404
5.4.93	executable	2024-05-08T15:27:22Z	
5.4.94			IOException: Tail request on https://maven-central.storage-download.googleapis.com/maven2/com/zegreatrob/jsmints/wdiorunner-js/5.4.94/wdiorunner-js-5.4.94.jar returned status 404
5.4.94	executable	2024-05-09T15:25:56Z	
5.4.95			IOException: Tail request on https://maven-central.storage-download.googleapis.com/maven2/com/zegreatrob/jsmints/wdiorunner-js/5.4.95/wdiorunner-js-5.4.95.jar returned status 404
5.4.95	executable	2024-05-10T15:22:53Z	
5.4.96			IOException: Tail request on https://maven-central.storage-download.googleapis.com/maven2/com/zegreatrob/jsmints/wdiorunner-js/5.4.96/wdiorunner-js-5.4.96.jar returned status 404
5.4.96	executable	2024-05-11T15:22:13Z	
5.4.97			IOException: Tail request on https://maven-central.storage-download.googleapis.com/maven2/com/zegreatrob/jsmints/wdiorunner-js/5.4.97/wdiorunner-js-5.4.97.jar returned status 404
5.4.97	executable	2024-05-12T15:23:34Z	
5.4.98			IOException: Tail request on https://maven-central.storage-download.googleapis.com/maven2/com/zegreatrob/jsmints/wdiorunner-js/5.4.98/wdiorunner-js-5.4.98.jar returned status 404
5.4.98	executable	2024-05-13T15:22:17Z	
5.4.99			IOException: Tail request on https://maven-central.storage-download.googleapis.com/maven2/com/zegreatrob/jsmints/wdiorunner-js/5.4.99/wdiorunner-js-5.4.99.jar returned status 404
5.4.99	executable	2024-05-14T15:22:23Z	
6.0.0			IOException: Tail request on https://maven-central.storage-download.googleapis.com/maven2/com/zegreatrob/jsmints/wdiorunner-js/6.0.0/wdiorunner-js-6.0.0.jar returned status 404
6.0.0	executable	2024-05-22T23:00:35Z	
6.0.1			IOException: Tail request on https://maven-central.storage-download.googleapis.com/maven2/com/zegreatrob/jsmints/wdiorunner-js/6.0.1/wdiorunner-js-6.0.1.jar returned status 404
6.0.1	executable	2024-05-22T23:18:36Z	
6.0.10			IOException: Tail request on https://maven-central.storage-download.googleapis.com/maven2/com/zegreatrob/jsmints/wdiorunner-js/6.0.10/wdiorunner-js-6.0.10.jar returned status 404
6.0.10	executable	2024-06-03T15:25:48Z	
6.0.11			IOException: Tail request on https://maven-central.storage-download.googleapis.com/maven2/com/zegreatrob/jsmints/wdiorunner-js/6.0.11/wdiorunner-js-6.0.11.jar returned status 404
6.0.11	executable	2024-06-04T15:24:10Z	
6.0.12			IOException: Tail request on https://maven-central.storage-download.googleapis.com/maven2/com/zegreatrob/jsmints/wdiorunner-js/6.0.12/wdiorunner-js-6.0.12.jar returned status 404
6.0.12	executable	2024-06-06T15:26:22Z	
6.0.13			IOException: Tail request on https://maven-central.storage-download.googleapis.com/maven2/com/zegreatrob/jsmints/wdiorunner-js/6.0.13/wdiorunner-js-6.0.13.jar returned status 404
6.0.13	executable	2024-06-07T15:23:24Z	
6.0.14			IOException: Tail request on https://maven-central.storage-download.googleapis.com/maven2/com/zegreatrob/jsmints/wdiorunner-js/6.0.14/wdiorunner-js-6.0.14.jar returned status 404
6.0.14	executable	2024-06-09T15:21:26Z	
6.0.15			IOException: Tail request on https://maven-central.storage-download.googleapis.com/maven2/com/zegreatrob/jsmints/wdiorunner-js/6.0.15/wdiorunner-js-6.0.15.jar returned status 404
6.0.15	executable	2024-06-10T15:24:16Z	
6.0.16			IOException: Tail request on https://maven-central.storage-download.googleapis.com/maven2/com/zegreatrob/jsmints/wdiorunner-js/6.0.16/wdiorunner-js-6.0.16.jar returned status 404
6.0.16	executable	2024-06-15T14:18:18Z	
6.0.17			IOException: Tail request on https://maven-central.storage-download.googleapis.com/maven2/com/zegreatrob/jsmints/wdiorunner-js/6.0.17/wdiorunner-js-6.0.17.jar returned status 404
6.0.17	executable	2024-06-15T15:23:33Z	
6.0.18			IOException: Tail request on https://maven-central.storage-download.googleapis.com/maven2/com/zegreatrob/jsmints/wdiorunner-js/6.0.18/wdiorunner-js-6.0.18.jar returned status 404
6.0.18	executable	2024-06-17T15:27:13Z	
6.0.19			IOException: Tail request on https://maven-central.storage-download.googleapis.com/maven2/com/zegreatrob/jsmints/wdiorunner-js/6.0.19/wdiorunner-js-6.0.19.jar returned status 404
6.0.19	executable	2024-06-19T15:25:13Z	
6.0.2			IOException: Tail request on https://maven-central.storage-download.googleapis.com/maven2/com/zegreatrob/jsmints/wdiorunner-js/6.0.2/wdiorunner-js-6.0.2.jar returned status 404
6.0.2	executable	2024-05-23T15:22:34Z	
6.0.20			IOException: Tail request on https://maven-central.storage-download.googleapis.com/maven2/com/zegreatrob/jsmints/wdiorunner-js/6.0.20/wdiorunner-js-6.0.20.jar returned status 404
6.0.20	executable	2024-06-21T15:26:14Z	
6.0.21			IOException: Tail request on https://maven-central.storage-download.googleapis.com/maven2/com/zegreatrob/jsmints/wdiorunner-js/6.0.21/wdiorunner-js-6.0.21.jar returned status 404
6.0.21	executable	2024-06-23T20:30:43Z	
6.0.22			IOException: Tail request on https://maven-central.storage-download.googleapis.com/maven2/com/zegreatrob/jsmints/wdiorunner-js/6.0.22/wdiorunner-js-6.0.22.jar returned status 404
6.0.22	executable	2024-06-24T15:24:22Z	
6.0.23			IOException: Tail request on https://maven-central.storage-download.googleapis.com/maven2/com/zegreatrob/jsmints/wdiorunner-js/6.0.23/wdiorunner-js-6.0.23.jar returned status 404
6.0.23	executable	2024-06-25T15:29:24Z	
6.0.24			IOException: Tail request on https://maven-central.storage-download.googleapis.com/maven2/com/zegreatrob/jsmints/wdiorunner-js/6.0.24/wdiorunner-js-6.0.24.jar returned status 404
6.0.24	executable	2024-06-26T15:27:24Z	
6.0.25			IOException: Tail request on https://maven-central.storage-download.googleapis.com/maven2/com/zegreatrob/jsmints/wdiorunner-js/6.0.25/wdiorunner-js-6.0.25.jar returned status 404
6.0.25	executable	2024-06-30T15:22:44Z	
6.0.26			IOException: Tail request on https://maven-central.storage-download.googleapis.com/maven2/com/zegreatrob/jsmints/wdiorunner-js/6.0.26/wdiorunner-js-6.0.26.jar returned status 404
6.0.26	executable	2024-07-01T15:22:39Z	
6.0.27			IOException: Tail request on https://maven-central.storage-download.googleapis.com/maven2/com/zegreatrob/jsmints/wdiorunner-js/6.0.27/wdiorunner-js-6.0.27.jar returned status 404
6.0.27	executable	2024-07-02T15:23:33Z	
6.0.28			IOException: Tail request on https://maven-central.storage-download.googleapis.com/maven2/com/zegreatrob/jsmints/wdiorunner-js/6.0.28/wdiorunner-js-6.0.28.jar returned status 404
6.0.28	executable	2024-07-04T15:21:10Z	
6.0.29			IOException: Tail request on https://maven-central.storage-download.googleapis.com/maven2/com/zegreatrob/jsmints/wdiorunner-js/6.0.29/wdiorunner-js-6.0.29.jar returned status 404
6.0.29	executable	2024-07-05T15:21:32Z	
6.0.3			IOException: Tail request on https://maven-central.storage-download.googleapis.com/maven2/com/zegreatrob/jsmints/wdiorunner-js/6.0.3/wdiorunner-js-6.0.3.jar returned status 404
6.0.3	executable	2024-05-24T15:23:23Z	
6.0.30			IOException: Tail request on https://maven-central.storage-download.googleapis.com/maven2/com/zegreatrob/jsmints/wdiorunner-js/6.0.30/wdiorunner-js-6.0.30.jar returned status 404
6.0.30	executable	2024-07-06T15:24:05Z	
6.0.31			IOException: Tail request on https://maven-central.storage-download.googleapis.com/maven2/com/zegreatrob/jsmints/wdiorunner-js/6.0.31/wdiorunner-js-6.0.31.jar returned status 404
6.0.31	executable	2024-07-07T15:21:27Z	
6.0.32			IOException: Tail request on https://maven-central.storage-download.googleapis.com/maven2/com/zegreatrob/jsmints/wdiorunner-js/6.0.32/wdiorunner-js-6.0.32.jar returned status 404
6.0.32	executable	2024-07-08T15:24:40Z	
6.0.33			IOException: Tail request on https://maven-central.storage-download.googleapis.com/maven2/com/zegreatrob/jsmints/wdiorunner-js/6.0.33/wdiorunner-js-6.0.33.jar returned status 404
6.0.33	executable	2024-07-09T15:23:19Z	
6.0.4			IOException: Tail request on https://maven-central.storage-download.googleapis.com/maven2/com/zegreatrob/jsmints/wdiorunner-js/6.0.4/wdiorunner-js-6.0.4.jar returned status 404
6.0.4	executable	2024-05-25T15:21:16Z	
6.0.5			IOException: Tail request on https://maven-central.storage-download.googleapis.com/maven2/com/zegreatrob/jsmints/wdiorunner-js/6.0.5/wdiorunner-js-6.0.5.jar returned status 404
6.0.5	executable	2024-05-26T15:22:51Z	
6.0.6			IOException: Tail request on https://maven-central.storage-download.googleapis.com/maven2/com/zegreatrob/jsmints/wdiorunner-js/6.0.6/wdiorunner-js-6.0.6.jar returned status 404
6.0.6	executable	2024-05-27T15:23:16Z	
6.0.7			IOException: Tail request on https://maven-central.storage-download.googleapis.com/maven2/com/zegreatrob/jsmints/wdiorunner-js/6.0.7/wdiorunner-js-6.0.7.jar returned status 404
6.0.7	executable	2024-05-28T15:21:07Z	
6.0.8			IOException: Tail request on https://maven-central.storage-download.googleapis.com/maven2/com/zegreatrob/jsmints/wdiorunner-js/6.0.8/wdiorunner-js-6.0.8.jar returned status 404
6.0.8	executable	2024-06-02T18:58:15Z	
6.0.9			IOException: Tail request on https://maven-central.storage-download.googleapis.com/maven2/com/zegreatrob/jsmints/wdiorunner-js/6.0.9/wdiorunner-js-6.0.9.jar returned status 404
6.0.9	executable	2024-06-03T14:12:36Z	
6.1.0			IOException: Tail request on https://maven-central.storage-download.googleapis.com/maven2/com/zegreatrob/jsmints/wdiorunner-js/6.1.0/wdiorunner-js-6.1.0.jar returned status 404
6.1.0	executable	2024-07-11T19:50:30Z	
6.1.1			IOException: Tail request on https://maven-central.storage-download.googleapis.com/maven2/com/zegreatrob/jsmints/wdiorunner-js/6.1.1/wdiorunner-js-6.1.1.jar returned status 404
6.1.1	executable	2024-07-12T14:18:10Z	
6.1.10			IOException: Tail request on https://maven-central.storage-download.googleapis.com/maven2/com/zegreatrob/jsmints/wdiorunner-js/6.1.10/wdiorunner-js-6.1.10.jar returned status 404
6.1.10	executable	2024-07-21T15:27:27Z	
6.1.100			IOException: Tail request on https://maven-central.storage-download.googleapis.com/maven2/com/zegreatrob/jsmints/wdiorunner-js/6.1.100/wdiorunner-js-6.1.100.jar returned status 404
6.1.100	executable	2024-12-14T03:08:23Z	
6.1.101			IOException: Tail request on https://maven-central.storage-download.googleapis.com/maven2/com/zegreatrob/jsmints/wdiorunner-js/6.1.101/wdiorunner-js-6.1.101.jar returned status 404
6.1.101	executable	2024-12-16T15:26:37Z	
6.1.102			IOException: Tail request on https://maven-central.storage-download.googleapis.com/maven2/com/zegreatrob/jsmints/wdiorunner-js/6.1.102/wdiorunner-js-6.1.102.jar returned status 404
6.1.102	executable	2024-12-17T15:28:02Z	
6.1.103			IOException: Tail request on https://maven-central.storage-download.googleapis.com/maven2/com/zegreatrob/jsmints/wdiorunner-js/6.1.103/wdiorunner-js-6.1.103.jar returned status 404
6.1.103	executable	2024-12-20T15:22:58Z	
6.1.104			IOException: Tail request on https://maven-central.storage-download.googleapis.com/maven2/com/zegreatrob/jsmints/wdiorunner-js/6.1.104/wdiorunner-js-6.1.104.jar returned status 404
6.1.104	executable	2024-12-21T15:25:09Z	
6.1.105			IOException: Tail request on https://maven-central.storage-download.googleapis.com/maven2/com/zegreatrob/jsmints/wdiorunner-js/6.1.105/wdiorunner-js-6.1.105.jar returned status 404
6.1.105	executable	2024-12-22T04:07:22Z	
6.1.106			IOException: Tail request on https://maven-central.storage-download.googleapis.com/maven2/com/zegreatrob/jsmints/wdiorunner-js/6.1.106/wdiorunner-js-6.1.106.jar returned status 404
6.1.106	executable	2024-12-22T14:10:39Z	
6.1.107			IOException: Tail request on https://maven-central.storage-download.googleapis.com/maven2/com/zegreatrob/jsmints/wdiorunner-js/6.1.107/wdiorunner-js-6.1.107.jar returned status 404
6.1.107	executable	2024-12-22T15:23:13Z	
6.1.108			IOException: Tail request on https://maven-central.storage-download.googleapis.com/maven2/com/zegreatrob/jsmints/wdiorunner-js/6.1.108/wdiorunner-js-6.1.108.jar returned status 404
6.1.108	executable	2024-12-23T15:25:34Z	
6.1.109			IOException: Tail request on https://maven-central.storage-download.googleapis.com/maven2/com/zegreatrob/jsmints/wdiorunner-js/6.1.109/wdiorunner-js-6.1.109.jar returned status 404
6.1.109	executable	2024-12-24T15:25:40Z	
6.1.11			IOException: Tail request on https://maven-central.storage-download.googleapis.com/maven2/com/zegreatrob/jsmints/wdiorunner-js/6.1.11/wdiorunner-js-6.1.11.jar returned status 404
6.1.11	executable	2024-07-22T15:23:41Z	
6.1.110			IOException: Tail request on https://maven-central.storage-download.googleapis.com/maven2/com/zegreatrob/jsmints/wdiorunner-js/6.1.110/wdiorunner-js-6.1.110.jar returned status 404
6.1.110	executable	2024-12-27T15:25:17Z	
6.1.111			IOException: Tail request on https://maven-central.storage-download.googleapis.com/maven2/com/zegreatrob/jsmints/wdiorunner-js/6.1.111/wdiorunner-js-6.1.111.jar returned status 404
6.1.111	executable	2024-12-30T15:21:42Z	
6.1.112			IOException: Tail request on https://maven-central.storage-download.googleapis.com/maven2/com/zegreatrob/jsmints/wdiorunner-js/6.1.112/wdiorunner-js-6.1.112.jar returned status 404
6.1.112	executable	2025-01-03T03:25:16Z	
6.1.113			IOException: Tail request on https://maven-central.storage-download.googleapis.com/maven2/com/zegreatrob/jsmints/wdiorunner-js/6.1.113/wdiorunner-js-6.1.113.jar returned status 404
6.1.113	executable	2025-01-03T23:27:18Z	
6.1.114			IOException: Tail request on https://maven-central.storage-download.googleapis.com/maven2/com/zegreatrob/jsmints/wdiorunner-js/6.1.114/wdiorunner-js-6.1.114.jar returned status 404
6.1.114	executable	2025-01-13T00:56:34Z	
6.1.115			IOException: Tail request on https://maven-central.storage-download.googleapis.com/maven2/com/zegreatrob/jsmints/wdiorunner-js/6.1.115/wdiorunner-js-6.1.115.jar returned status 404
6.1.115	executable	2025-01-14T21:34:02Z	
6.1.116			IOException: Tail request on https://maven-central.storage-download.googleapis.com/maven2/com/zegreatrob/jsmints/wdiorunner-js/6.1.116/wdiorunner-js-6.1.116.jar returned status 404
6.1.116	executable	2025-01-16T15:26:22Z	
6.1.117			IOException: Tail request on https://maven-central.storage-download.googleapis.com/maven2/com/zegreatrob/jsmints/wdiorunner-js/6.1.117/wdiorunner-js-6.1.117.jar returned status 404
6.1.117	executable	2025-01-17T15:23:36Z	
6.1.118			IOException: Tail request on https://maven-central.storage-download.googleapis.com/maven2/com/zegreatrob/jsmints/wdiorunner-js/6.1.118/wdiorunner-js-6.1.118.jar returned status 404
6.1.118	executable	2025-01-19T15:28:36Z	
6.1.119			IOException: Tail request on https://maven-central.storage-download.googleapis.com/maven2/com/zegreatrob/jsmints/wdiorunner-js/6.1.119/wdiorunner-js-6.1.119.jar returned status 404
6.1.119	executable	2025-01-21T01:44:45Z	
6.1.12			IOException: Tail request on https://maven-central.storage-download.googleapis.com/maven2/com/zegreatrob/jsmints/wdiorunner-js/6.1.12/wdiorunner-js-6.1.12.jar returned status 404
6.1.12	executable	2024-07-24T15:23:26Z	
6.1.120			IOException: Tail request on https://maven-central.storage-download.googleapis.com/maven2/com/zegreatrob/jsmints/wdiorunner-js/6.1.120/wdiorunner-js-6.1.120.jar returned status 404
6.1.120	executable	2025-01-22T02:20:08Z	
6.1.121			IOException: Tail request on https://maven-central.storage-download.googleapis.com/maven2/com/zegreatrob/jsmints/wdiorunner-js/6.1.121/wdiorunner-js-6.1.121.jar returned status 404
6.1.121	executable	2025-01-22T15:23:30Z	
6.1.122			IOException: Tail request on https://maven-central.storage-download.googleapis.com/maven2/com/zegreatrob/jsmints/wdiorunner-js/6.1.122/wdiorunner-js-6.1.122.jar returned status 404
6.1.122	executable	2025-01-23T15:27:24Z	
6.1.123			IOException: Tail request on https://maven-central.storage-download.googleapis.com/maven2/com/zegreatrob/jsmints/wdiorunner-js/6.1.123/wdiorunner-js-6.1.123.jar returned status 404
6.1.123	executable	2025-01-24T14:18:48Z	
6.1.124			IOException: Tail request on https://maven-central.storage-download.googleapis.com/maven2/com/zegreatrob/jsmints/wdiorunner-js/6.1.124/wdiorunner-js-6.1.124.jar returned status 404
6.1.124	executable	2025-01-24T15:29:17Z	
6.1.126			IOException: Tail request on https://maven-central.storage-download.googleapis.com/maven2/com/zegreatrob/jsmints/wdiorunner-js/6.1.126/wdiorunner-js-6.1.126.jar returned status 404
6.1.126	executable	2025-01-26T15:23:12Z	
6.1.127			IOException: Tail request on https://maven-central.storage-download.googleapis.com/maven2/com/zegreatrob/jsmints/wdiorunner-js/6.1.127/wdiorunner-js-6.1.127.jar returned status 404
6.1.127	executable	2025-01-28T15:27:33Z	
6.1.128			IOException: Tail request on https://maven-central.storage-download.googleapis.com/maven2/com/zegreatrob/jsmints/wdiorunner-js/6.1.128/wdiorunner-js-6.1.128.jar returned status 404
6.1.128	executable	2025-01-29T15:27:11Z	
6.1.129			IOException: Tail request on https://maven-central.storage-download.googleapis.com/maven2/com/zegreatrob/jsmints/wdiorunner-js/6.1.129/wdiorunner-js-6.1.129.jar returned status 404
6.1.129	executable	2025-01-30T15:27:26Z	
6.1.13			IOException: Tail request on https://maven-central.storage-download.googleapis.com/maven2/com/zegreatrob/jsmints/wdiorunner-js/6.1.13/wdiorunner-js-6.1.13.jar returned status 404
6.1.13	executable	2024-07-27T15:21:54Z	
6.1.130			IOException: Tail request on https://maven-central.storage-download.googleapis.com/maven2/com/zegreatrob/jsmints/wdiorunner-js/6.1.130/wdiorunner-js-6.1.130.jar returned status 404
6.1.130	executable	2025-01-31T15:26:27Z	
6.1.131			IOException: Tail request on https://maven-central.storage-download.googleapis.com/maven2/com/zegreatrob/jsmints/wdiorunner-js/6.1.131/wdiorunner-js-6.1.131.jar returned status 404
6.1.131	executable	2025-02-01T15:24:35Z	
6.1.132			IOException: Tail request on https://maven-central.storage-download.googleapis.com/maven2/com/zegreatrob/jsmints/wdiorunner-js/6.1.132/wdiorunner-js-6.1.132.jar returned status 404
6.1.132	executable	2025-02-02T15:24:51Z	
6.1.133			IOException: Tail request on https://maven-central.storage-download.googleapis.com/maven2/com/zegreatrob/jsmints/wdiorunner-js/6.1.133/wdiorunner-js-6.1.133.jar returned status 404
6.1.133	executable	2025-02-04T15:27:01Z	
6.1.134			IOException: Tail request on https://maven-central.storage-download.googleapis.com/maven2/com/zegreatrob/jsmints/wdiorunner-js/6.1.134/wdiorunner-js-6.1.134.jar returned status 404
6.1.134	executable	2025-02-06T14:18:38Z	
6.1.135			IOException: Tail request on https://maven-central.storage-download.googleapis.com/maven2/com/zegreatrob/jsmints/wdiorunner-js/6.1.135/wdiorunner-js-6.1.135.jar returned status 404
6.1.135	executable	2025-02-07T15:24:08Z	
6.1.136			IOException: Tail request on https://maven-central.storage-download.googleapis.com/maven2/com/zegreatrob/jsmints/wdiorunner-js/6.1.136/wdiorunner-js-6.1.136.jar returned status 404
6.1.136	executable	2025-02-08T23:57:59Z	
6.1.137			IOException: Tail request on https://maven-central.storage-download.googleapis.com/maven2/com/zegreatrob/jsmints/wdiorunner-js/6.1.137/wdiorunner-js-6.1.137.jar returned status 404
6.1.137	executable	2025-02-09T20:18:00Z	
6.1.138			IOException: Tail request on https://maven-central.storage-download.googleapis.com/maven2/com/zegreatrob/jsmints/wdiorunner-js/6.1.138/wdiorunner-js-6.1.138.jar returned status 404
6.1.138	executable	2025-02-09T22:03:40Z	
6.1.14			IOException: Tail request on https://maven-central.storage-download.googleapis.com/maven2/com/zegreatrob/jsmints/wdiorunner-js/6.1.14/wdiorunner-js-6.1.14.jar returned status 404
6.1.14	executable	2024-07-28T15:23:09Z	
6.1.15			IOException: Tail request on https://maven-central.storage-download.googleapis.com/maven2/com/zegreatrob/jsmints/wdiorunner-js/6.1.15/wdiorunner-js-6.1.15.jar returned status 404
6.1.15	executable	2024-07-30T15:29:30Z	
6.1.16			IOException: Tail request on https://maven-central.storage-download.googleapis.com/maven2/com/zegreatrob/jsmints/wdiorunner-js/6.1.16/wdiorunner-js-6.1.16.jar returned status 404
6.1.16	executable	2024-08-01T15:32:44Z	
6.1.17			IOException: Tail request on https://maven-central.storage-download.googleapis.com/maven2/com/zegreatrob/jsmints/wdiorunner-js/6.1.17/wdiorunner-js-6.1.17.jar returned status 404
6.1.17	executable	2024-08-01T15:55:47Z	
6.1.18			IOException: Tail request on https://maven-central.storage-download.googleapis.com/maven2/com/zegreatrob/jsmints/wdiorunner-js/6.1.18/wdiorunner-js-6.1.18.jar returned status 404
6.1.18	executable	2024-08-01T16:04:33Z	
6.1.19			IOException: Tail request on https://maven-central.storage-download.googleapis.com/maven2/com/zegreatrob/jsmints/wdiorunner-js/6.1.19/wdiorunner-js-6.1.19.jar returned status 404
6.1.19	executable	2024-08-02T15:29:19Z	
6.1.2			IOException: Tail request on https://maven-central.storage-download.googleapis.com/maven2/com/zegreatrob/jsmints/wdiorunner-js/6.1.2/wdiorunner-js-6.1.2.jar returned status 404
6.1.2	executable	2024-07-12T15:23:50Z	
6.1.20			IOException: Tail request on https://maven-central.storage-download.googleapis.com/maven2/com/zegreatrob/jsmints/wdiorunner-js/6.1.20/wdiorunner-js-6.1.20.jar returned status 404
6.1.20	executable	2024-08-03T15:23:37Z	
6.1.21			IOException: Tail request on https://maven-central.storage-download.googleapis.com/maven2/com/zegreatrob/jsmints/wdiorunner-js/6.1.21/wdiorunner-js-6.1.21.jar returned status 404
6.1.21	executable	2024-08-04T15:24:26Z	
6.1.22			IOException: Tail request on https://maven-central.storage-download.googleapis.com/maven2/com/zegreatrob/jsmints/wdiorunner-js/6.1.22/wdiorunner-js-6.1.22.jar returned status 404
6.1.22	executable	2024-08-06T03:40:13Z	
6.1.23			IOException: Tail request on https://maven-central.storage-download.googleapis.com/maven2/com/zegreatrob/jsmints/wdiorunner-js/6.1.23/wdiorunner-js-6.1.23.jar returned status 404
6.1.23	executable	2024-08-06T23:02:31Z	
6.1.24			IOException: Tail request on https://maven-central.storage-download.googleapis.com/maven2/com/zegreatrob/jsmints/wdiorunner-js/6.1.24/wdiorunner-js-6.1.24.jar returned status 404
6.1.24	executable	2024-08-08T17:42:48Z	
6.1.25			IOException: Tail request on https://maven-central.storage-download.googleapis.com/maven2/com/zegreatrob/jsmints/wdiorunner-js/6.1.25/wdiorunner-js-6.1.25.jar returned status 404
6.1.25	executable	2024-08-09T15:25:35Z	
6.1.26			IOException: Tail request on https://maven-central.storage-download.googleapis.com/maven2/com/zegreatrob/jsmints/wdiorunner-js/6.1.26/wdiorunner-js-6.1.26.jar returned status 404
6.1.26	executable	2024-08-10T15:23:50Z	
6.1.27			IOException: Tail request on https://maven-central.storage-download.googleapis.com/maven2/com/zegreatrob/jsmints/wdiorunner-js/6.1.27/wdiorunner-js-6.1.27.jar returned status 404
6.1.27	executable	2024-08-11T15:24:36Z	
6.1.28			IOException: Tail request on https://maven-central.storage-download.googleapis.com/maven2/com/zegreatrob/jsmints/wdiorunner-js/6.1.28/wdiorunner-js-6.1.28.jar returned status 404
6.1.28	executable	2024-08-12T15:25:40Z	
6.1.29			IOException: Tail request on https://maven-central.storage-download.googleapis.com/maven2/com/zegreatrob/jsmints/wdiorunner-js/6.1.29/wdiorunner-js-6.1.29.jar returned status 404
6.1.29	executable	2024-08-13T13:53:29Z	
6.1.3			IOException: Tail request on https://maven-central.storage-download.googleapis.com/maven2/com/zegreatrob/jsmints/wdiorunner-js/6.1.3/wdiorunner-js-6.1.3.jar returned status 404
6.1.3	executable	2024-07-13T15:23:29Z	
6.1.30			IOException: Tail request on https://maven-central.storage-download.googleapis.com/maven2/com/zegreatrob/jsmints/wdiorunner-js/6.1.30/wdiorunner-js-6.1.30.jar returned status 404
6.1.30	executable	2024-08-14T14:16:58Z	
6.1.31			IOException: Tail request on https://maven-central.storage-download.googleapis.com/maven2/com/zegreatrob/jsmints/wdiorunner-js/6.1.31/wdiorunner-js-6.1.31.jar returned status 404
6.1.31	executable	2024-08-14T15:24:49Z	
6.1.32			IOException: Tail request on https://maven-central.storage-download.googleapis.com/maven2/com/zegreatrob/jsmints/wdiorunner-js/6.1.32/wdiorunner-js-6.1.32.jar returned status 404
6.1.32	executable	2024-08-17T17:41:16Z	
6.1.33			IOException: Tail request on https://maven-central.storage-download.googleapis.com/maven2/com/zegreatrob/jsmints/wdiorunner-js/6.1.33/wdiorunner-js-6.1.33.jar returned status 404
6.1.33	executable	2024-08-19T18:08:02Z	
6.1.34			IOException: Tail request on https://maven-central.storage-download.googleapis.com/maven2/com/zegreatrob/jsmints/wdiorunner-js/6.1.34/wdiorunner-js-6.1.34.jar returned status 404
6.1.34	executable	2024-08-20T15:23:09Z	
6.1.35			IOException: Tail request on https://maven-central.storage-download.googleapis.com/maven2/com/zegreatrob/jsmints/wdiorunner-js/6.1.35/wdiorunner-js-6.1.35.jar returned status 404
6.1.35	executable	2024-08-21T15:24:12Z	
6.1.36			IOException: Tail request on https://maven-central.storage-download.googleapis.com/maven2/com/zegreatrob/jsmints/wdiorunner-js/6.1.36/wdiorunner-js-6.1.36.jar returned status 404
6.1.36	executable	2024-08-22T15:28:51Z	
6.1.37			IOException: Tail request on https://maven-central.storage-download.googleapis.com/maven2/com/zegreatrob/jsmints/wdiorunner-js/6.1.37/wdiorunner-js-6.1.37.jar returned status 404
6.1.37	executable	2024-08-22T19:04:46Z	
6.1.38			IOException: Tail request on https://maven-central.storage-download.googleapis.com/maven2/com/zegreatrob/jsmints/wdiorunner-js/6.1.38/wdiorunner-js-6.1.38.jar returned status 404
6.1.38	executable	2024-08-22T19:41:54Z	
6.1.39			IOException: Tail request on https://maven-central.storage-download.googleapis.com/maven2/com/zegreatrob/jsmints/wdiorunner-js/6.1.39/wdiorunner-js-6.1.39.jar returned status 404
6.1.39	executable	2024-08-23T15:27:06Z	
6.1.4			IOException: Tail request on https://maven-central.storage-download.googleapis.com/maven2/com/zegreatrob/jsmints/wdiorunner-js/6.1.4/wdiorunner-js-6.1.4.jar returned status 404
6.1.4	executable	2024-07-14T15:30:53Z	
6.1.40			IOException: Tail request on https://maven-central.storage-download.googleapis.com/maven2/com/zegreatrob/jsmints/wdiorunner-js/6.1.40/wdiorunner-js-6.1.40.jar returned status 404
6.1.40	executable	2024-08-24T15:23:59Z	
6.1.41			IOException: Tail request on https://maven-central.storage-download.googleapis.com/maven2/com/zegreatrob/jsmints/wdiorunner-js/6.1.41/wdiorunner-js-6.1.41.jar returned status 404
6.1.41	executable	2024-08-25T15:23:58Z	
6.1.42			IOException: Tail request on https://maven-central.storage-download.googleapis.com/maven2/com/zegreatrob/jsmints/wdiorunner-js/6.1.42/wdiorunner-js-6.1.42.jar returned status 404
6.1.42	executable	2024-08-26T15:24:47Z	
6.1.43			IOException: Tail request on https://maven-central.storage-download.googleapis.com/maven2/com/zegreatrob/jsmints/wdiorunner-js/6.1.43/wdiorunner-js-6.1.43.jar returned status 404
6.1.43	executable	2024-08-27T15:24:47Z	
6.1.44			IOException: Tail request on https://maven-central.storage-download.googleapis.com/maven2/com/zegreatrob/jsmints/wdiorunner-js/6.1.44/wdiorunner-js-6.1.44.jar returned status 404
6.1.44	executable	2024-08-28T15:25:42Z	
6.1.45			IOException: Tail request on https://maven-central.storage-download.googleapis.com/maven2/com/zegreatrob/jsmints/wdiorunner-js/6.1.45/wdiorunner-js-6.1.45.jar returned status 404
6.1.45	executable	2024-08-29T15:27:16Z	
6.1.46			IOException: Tail request on https://maven-central.storage-download.googleapis.com/maven2/com/zegreatrob/jsmints/wdiorunner-js/6.1.46/wdiorunner-js-6.1.46.jar returned status 404
6.1.46	executable	2024-08-30T15:25:59Z	
6.1.47			IOException: Tail request on https://maven-central.storage-download.googleapis.com/maven2/com/zegreatrob/jsmints/wdiorunner-js/6.1.47/wdiorunner-js-6.1.47.jar returned status 404
6.1.47	executable	2024-08-31T15:23:42Z	
6.1.48			IOException: Tail request on https://maven-central.storage-download.googleapis.com/maven2/com/zegreatrob/jsmints/wdiorunner-js/6.1.48/wdiorunner-js-6.1.48.jar returned status 404
6.1.48	executable	2024-09-02T15:25:12Z	
6.1.49			IOException: Tail request on https://maven-central.storage-download.googleapis.com/maven2/com/zegreatrob/jsmints/wdiorunner-js/6.1.49/wdiorunner-js-6.1.49.jar returned status 404
6.1.49	executable	2024-09-04T15:24:23Z	
6.1.5			IOException: Tail request on https://maven-central.storage-download.googleapis.com/maven2/com/zegreatrob/jsmints/wdiorunner-js/6.1.5/wdiorunner-js-6.1.5.jar returned status 404
6.1.5	executable	2024-07-15T15:26:39Z	
6.1.50			IOException: Tail request on https://maven-central.storage-download.googleapis.com/maven2/com/zegreatrob/jsmints/wdiorunner-js/6.1.50/wdiorunner-js-6.1.50.jar returned status 404
6.1.50	executable	2024-09-05T15:23:39Z	
6.1.51			IOException: Tail request on https://maven-central.storage-download.googleapis.com/maven2/com/zegreatrob/jsmints/wdiorunner-js/6.1.51/wdiorunner-js-6.1.51.jar returned status 404
6.1.51	executable	2024-09-06T15:25:40Z	
6.1.52			IOException: Tail request on https://maven-central.storage-download.googleapis.com/maven2/com/zegreatrob/jsmints/wdiorunner-js/6.1.52/wdiorunner-js-6.1.52.jar returned status 404
6.1.52	executable	2024-09-07T15:23:40Z	
6.1.53			IOException: Tail request on https://maven-central.storage-download.googleapis.com/maven2/com/zegreatrob/jsmints/wdiorunner-js/6.1.53/wdiorunner-js-6.1.53.jar returned status 404
6.1.53	executable	2024-09-08T15:22:58Z	
6.1.54			IOException: Tail request on https://maven-central.storage-download.googleapis.com/maven2/com/zegreatrob/jsmints/wdiorunner-js/6.1.54/wdiorunner-js-6.1.54.jar returned status 404
6.1.54	executable	2024-09-09T14:17:27Z	
6.1.55			IOException: Tail request on https://maven-central.storage-download.googleapis.com/maven2/com/zegreatrob/jsmints/wdiorunner-js/6.1.55/wdiorunner-js-6.1.55.jar returned status 404
6.1.55	executable	2024-09-12T15:29:38Z	
6.1.56			IOException: Tail request on https://maven-central.storage-download.googleapis.com/maven2/com/zegreatrob/jsmints/wdiorunner-js/6.1.56/wdiorunner-js-6.1.56.jar returned status 404
6.1.56	executable	2024-09-19T15:27:59Z	
6.1.57			IOException: Tail request on https://maven-central.storage-download.googleapis.com/maven2/com/zegreatrob/jsmints/wdiorunner-js/6.1.57/wdiorunner-js-6.1.57.jar returned status 404
6.1.57	executable	2024-10-08T01:11:17Z	
6.1.58			IOException: Tail request on https://maven-central.storage-download.googleapis.com/maven2/com/zegreatrob/jsmints/wdiorunner-js/6.1.58/wdiorunner-js-6.1.58.jar returned status 404
6.1.58	executable	2024-10-08T14:15:46Z	
6.1.59			IOException: Tail request on https://maven-central.storage-download.googleapis.com/maven2/com/zegreatrob/jsmints/wdiorunner-js/6.1.59/wdiorunner-js-6.1.59.jar returned status 404
6.1.59	executable	2024-10-08T15:25:39Z	
6.1.6			IOException: Tail request on https://maven-central.storage-download.googleapis.com/maven2/com/zegreatrob/jsmints/wdiorunner-js/6.1.6/wdiorunner-js-6.1.6.jar returned status 404
6.1.6	executable	2024-07-16T15:25:24Z	
6.1.60			IOException: Tail request on https://maven-central.storage-download.googleapis.com/maven2/com/zegreatrob/jsmints/wdiorunner-js/6.1.60/wdiorunner-js-6.1.60.jar returned status 404
6.1.60	executable	2024-10-09T15:24:46Z	
6.1.61			IOException: Tail request on https://maven-central.storage-download.googleapis.com/maven2/com/zegreatrob/jsmints/wdiorunner-js/6.1.61/wdiorunner-js-6.1.61.jar returned status 404
6.1.61	executable	2024-10-10T15:26:41Z	
6.1.62			IOException: Tail request on https://maven-central.storage-download.googleapis.com/maven2/com/zegreatrob/jsmints/wdiorunner-js/6.1.62/wdiorunner-js-6.1.62.jar returned status 404
6.1.62	executable	2024-10-11T15:26:23Z	
6.1.63			IOException: Tail request on https://maven-central.storage-download.googleapis.com/maven2/com/zegreatrob/jsmints/wdiorunner-js/6.1.63/wdiorunner-js-6.1.63.jar returned status 404
6.1.63	executable	2024-10-12T15:24:19Z	
6.1.64			IOException: Tail request on https://maven-central.storage-download.googleapis.com/maven2/com/zegreatrob/jsmints/wdiorunner-js/6.1.64/wdiorunner-js-6.1.64.jar returned status 404
6.1.64	executable	2024-10-13T15:25:24Z	
6.1.65			IOException: Tail request on https://maven-central.storage-download.googleapis.com/maven2/com/zegreatrob/jsmints/wdiorunner-js/6.1.65/wdiorunner-js-6.1.65.jar returned status 404
6.1.65	executable	2024-10-17T15:25:09Z	
6.1.66			IOException: Tail request on https://maven-central.storage-download.googleapis.com/maven2/com/zegreatrob/jsmints/wdiorunner-js/6.1.66/wdiorunner-js-6.1.66.jar returned status 404
6.1.66	executable	2024-10-21T15:25:08Z	
6.1.68			IOException: Tail request on https://maven-central.storage-download.googleapis.com/maven2/com/zegreatrob/jsmints/wdiorunner-js/6.1.68/wdiorunner-js-6.1.68.jar returned status 404
6.1.68	executable	2024-10-23T15:24:53Z	
6.1.69			IOException: Tail request on https://maven-central.storage-download.googleapis.com/maven2/com/zegreatrob/jsmints/wdiorunner-js/6.1.69/wdiorunner-js-6.1.69.jar returned status 404
6.1.69	executable	2024-10-24T15:27:38Z	
6.1.7			IOException: Tail request on https://maven-central.storage-download.googleapis.com/maven2/com/zegreatrob/jsmints/wdiorunner-js/6.1.7/wdiorunner-js-6.1.7.jar returned status 404
6.1.7	executable	2024-07-18T15:24:35Z	
6.1.70			IOException: Tail request on https://maven-central.storage-download.googleapis.com/maven2/com/zegreatrob/jsmints/wdiorunner-js/6.1.70/wdiorunner-js-6.1.70.jar returned status 404
6.1.70	executable	2024-10-25T15:26:39Z	
6.1.71			IOException: Tail request on https://maven-central.storage-download.googleapis.com/maven2/com/zegreatrob/jsmints/wdiorunner-js/6.1.71/wdiorunner-js-6.1.71.jar returned status 404
6.1.71	executable	2024-10-26T15:24:22Z	
6.1.72			IOException: Tail request on https://maven-central.storage-download.googleapis.com/maven2/com/zegreatrob/jsmints/wdiorunner-js/6.1.72/wdiorunner-js-6.1.72.jar returned status 404
6.1.72	executable	2024-10-27T15:25:09Z	
6.1.73			IOException: Tail request on https://maven-central.storage-download.googleapis.com/maven2/com/zegreatrob/jsmints/wdiorunner-js/6.1.73/wdiorunner-js-6.1.73.jar returned status 404
6.1.73	executable	2024-10-28T15:25:26Z	
6.1.74			IOException: Tail request on https://maven-central.storage-download.googleapis.com/maven2/com/zegreatrob/jsmints/wdiorunner-js/6.1.74/wdiorunner-js-6.1.74.jar returned status 404
6.1.74	executable	2024-10-29T15:27:17Z	
6.1.75			IOException: Tail request on https://maven-central.storage-download.googleapis.com/maven2/com/zegreatrob/jsmints/wdiorunner-js/6.1.75/wdiorunner-js-6.1.75.jar returned status 404
6.1.75	executable	2024-10-30T15:25:07Z	
6.1.77			IOException: Tail request on https://maven-central.storage-download.googleapis.com/maven2/com/zegreatrob/jsmints/wdiorunner-js/6.1.77/wdiorunner-js-6.1.77.jar returned status 404
6.1.77	executable	2024-11-01T15:25:24Z	
6.1.78			IOException: Tail request on https://maven-central.storage-download.googleapis.com/maven2/com/zegreatrob/jsmints/wdiorunner-js/6.1.78/wdiorunner-js-6.1.78.jar returned status 404
6.1.78	executable	2024-11-04T13:44:14Z	
6.1.79			IOException: Tail request on https://maven-central.storage-download.googleapis.com/maven2/com/zegreatrob/jsmints/wdiorunner-js/6.1.79/wdiorunner-js-6.1.79.jar returned status 404
6.1.79	executable	2024-11-05T20:26:15Z	
6.1.8			IOException: Tail request on https://maven-central.storage-download.googleapis.com/maven2/com/zegreatrob/jsmints/wdiorunner-js/6.1.8/wdiorunner-js-6.1.8.jar returned status 404
6.1.8	executable	2024-07-19T15:23:36Z	
6.1.80			IOException: Tail request on https://maven-central.storage-download.googleapis.com/maven2/com/zegreatrob/jsmints/wdiorunner-js/6.1.80/wdiorunner-js-6.1.80.jar returned status 404
6.1.80	executable	2024-11-07T15:24:27Z	
6.1.81			IOException: Tail request on https://maven-central.storage-download.googleapis.com/maven2/com/zegreatrob/jsmints/wdiorunner-js/6.1.81/wdiorunner-js-6.1.81.jar returned status 404
6.1.81	executable	2024-11-08T15:24:45Z	
6.1.82			IOException: Tail request on https://maven-central.storage-download.googleapis.com/maven2/com/zegreatrob/jsmints/wdiorunner-js/6.1.82/wdiorunner-js-6.1.82.jar returned status 404
6.1.82	executable	2024-11-09T15:24:24Z	
6.1.83			IOException: Tail request on https://maven-central.storage-download.googleapis.com/maven2/com/zegreatrob/jsmints/wdiorunner-js/6.1.83/wdiorunner-js-6.1.83.jar returned status 404
6.1.83	executable	2024-11-10T15:22:41Z	
6.1.84			IOException: Tail request on https://maven-central.storage-download.googleapis.com/maven2/com/zegreatrob/jsmints/wdiorunner-js/6.1.84/wdiorunner-js-6.1.84.jar returned status 404
6.1.84	executable	2024-11-11T15:24:30Z	
6.1.85			IOException: Tail request on https://maven-central.storage-download.googleapis.com/maven2/com/zegreatrob/jsmints/wdiorunner-js/6.1.85/wdiorunner-js-6.1.85.jar returned status 404
6.1.85	executable	2024-11-12T14:19:23Z	
6.1.86			IOException: Tail request on https://maven-central.storage-download.googleapis.com/maven2/com/zegreatrob/jsmints/wdiorunner-js/6.1.86/wdiorunner-js-6.1.86.jar returned status 404
6.1.86	executable	2024-11-12T15:26:03Z	
6.1.87			IOException: Tail request on https://maven-central.storage-download.googleapis.com/maven2/com/zegreatrob/jsmints/wdiorunner-js/6.1.87/wdiorunner-js-6.1.87.jar returned status 404
6.1.87	executable	2024-11-13T15:25:10Z	
6.1.88			IOException: Tail request on https://maven-central.storage-download.googleapis.com/maven2/com/zegreatrob/jsmints/wdiorunner-js/6.1.88/wdiorunner-js-6.1.88.jar returned status 404
6.1.88	executable	2024-11-15T15:24:44Z	
6.1.89			IOException: Tail request on https://maven-central.storage-download.googleapis.com/maven2/com/zegreatrob/jsmints/wdiorunner-js/6.1.89/wdiorunner-js-6.1.89.jar returned status 404
6.1.89	executable	2024-11-16T15:24:36Z	
6.1.9			IOException: Tail request on https://maven-central.storage-download.googleapis.com/maven2/com/zegreatrob/jsmints/wdiorunner-js/6.1.9/wdiorunner-js-6.1.9.jar returned status 404
6.1.9	executable	2024-07-20T15:23:16Z	
6.1.90			IOException: Tail request on https://maven-central.storage-download.googleapis.com/maven2/com/zegreatrob/jsmints/wdiorunner-js/6.1.90/wdiorunner-js-6.1.90.jar returned status 404
6.1.90	executable	2024-11-17T15:25:28Z	
6.1.91			IOException: Tail request on https://maven-central.storage-download.googleapis.com/maven2/com/zegreatrob/jsmints/wdiorunner-js/6.1.91/wdiorunner-js-6.1.91.jar returned status 404
6.1.91	executable	2024-11-21T14:17:04Z	
6.1.92			IOException: Tail request on https://maven-central.storage-download.googleapis.com/maven2/com/zegreatrob/jsmints/wdiorunner-js/6.1.92/wdiorunner-js-6.1.92.jar returned status 404
6.1.92	executable	2024-11-26T04:00:00Z	
6.1.93			IOException: Tail request on https://maven-central.storage-download.googleapis.com/maven2/com/zegreatrob/jsmints/wdiorunner-js/6.1.93/wdiorunner-js-6.1.93.jar returned status 404
6.1.93	executable	2024-11-26T15:26:41Z	
6.1.94			IOException: Tail request on https://maven-central.storage-download.googleapis.com/maven2/com/zegreatrob/jsmints/wdiorunner-js/6.1.94/wdiorunner-js-6.1.94.jar returned status 404
6.1.94	executable	2024-12-07T18:20:33Z	
6.1.95			IOException: Tail request on https://maven-central.storage-download.googleapis.com/maven2/com/zegreatrob/jsmints/wdiorunner-js/6.1.95/wdiorunner-js-6.1.95.jar returned status 404
6.1.95	executable	2024-12-07T19:27:43Z	
6.1.96			IOException: Tail request on https://maven-central.storage-download.googleapis.com/maven2/com/zegreatrob/jsmints/wdiorunner-js/6.1.96/wdiorunner-js-6.1.96.jar returned status 404
6.1.96	executable	2024-12-09T15:26:23Z	
6.1.97			IOException: Tail request on https://maven-central.storage-download.googleapis.com/maven2/com/zegreatrob/jsmints/wdiorunner-js/6.1.97/wdiorunner-js-6.1.97.jar returned status 404
6.1.97	executable	2024-12-10T15:26:48Z	
6.1.98			IOException: Tail request on https://maven-central.storage-download.googleapis.com/maven2/com/zegreatrob/jsmints/wdiorunner-js/6.1.98/wdiorunner-js-6.1.98.jar returned status 404
6.1.98	executable	2024-12-12T15:26:30Z	
6.1.99			IOException: Tail request on https://maven-central.storage-download.googleapis.com/maven2/com/zegreatrob/jsmints/wdiorunner-js/6.1.99/wdiorunner-js-6.1.99.jar returned status 404
6.1.99	executable	2024-12-13T15:22:48Z	
6.10.0			IOException: Tail request on https://maven-central.storage-download.googleapis.com/maven2/com/zegreatrob/jsmints/wdiorunner-js/6.10.0/wdiorunner-js-6.10.0.jar returned status 404
6.10.0	executable	2025-11-08T19:40:29Z	
6.10.1			IOException: Tail request on https://maven-central.storage-download.googleapis.com/maven2/com/zegreatrob/jsmints/wdiorunner-js/6.10.1/wdiorunner-js-6.10.1.jar returned status 404
6.10.1	executable	2025-11-08T19:50:57Z	
6.10.10			IOException: Tail request on https://maven-central.storage-download.googleapis.com/maven2/com/zegreatrob/jsmints/wdiorunner-js/6.10.10/wdiorunner-js-6.10.10.jar returned status 404
6.10.10	executable	2025-11-19T15:31:34Z	
6.10.11			IOException: Tail request on https://maven-central.storage-download.googleapis.com/maven2/com/zegreatrob/jsmints/wdiorunner-js/6.10.11/wdiorunner-js-6.10.11.jar returned status 404
6.10.11	executable	2025-11-21T15:31:46Z	
6.10.12			IOException: Tail request on https://maven-central.storage-download.googleapis.com/maven2/com/zegreatrob/jsmints/wdiorunner-js/6.10.12/wdiorunner-js-6.10.12.jar returned status 404
6.10.12	executable	2025-11-22T15:27:24Z	
6.10.13			IOException: Tail request on https://maven-central.storage-download.googleapis.com/maven2/com/zegreatrob/jsmints/wdiorunner-js/6.10.13/wdiorunner-js-6.10.13.jar returned status 404
6.10.13	executable	2025-11-24T15:32:56Z	
6.10.14			IOException: Tail request on https://maven-central.storage-download.googleapis.com/maven2/com/zegreatrob/jsmints/wdiorunner-js/6.10.14/wdiorunner-js-6.10.14.jar returned status 404
6.10.14	executable	2025-12-01T00:34:27Z	
6.10.15			IOException: Tail request on https://maven-central.storage-download.googleapis.com/maven2/com/zegreatrob/jsmints/wdiorunner-js/6.10.15/wdiorunner-js-6.10.15.jar returned status 404
6.10.15	executable	2025-12-01T15:30:19Z	
6.10.16			IOException: Tail request on https://maven-central.storage-download.googleapis.com/maven2/com/zegreatrob/jsmints/wdiorunner-js/6.10.16/wdiorunner-js-6.10.16.jar returned status 404
6.10.16	executable	2025-12-02T15:31:34Z	
6.10.17			IOException: Tail request on https://maven-central.storage-download.googleapis.com/maven2/com/zegreatrob/jsmints/wdiorunner-js/6.10.17/wdiorunner-js-6.10.17.jar returned status 404
6.10.17	executable	2025-12-03T15:32:15Z	
6.10.18			IOException: Tail request on https://maven-central.storage-download.googleapis.com/maven2/com/zegreatrob/jsmints/wdiorunner-js/6.10.18/wdiorunner-js-6.10.18.jar returned status 404
6.10.18	executable	2025-12-05T15:30:22Z	
6.10.19			IOException: Tail request on https://maven-central.storage-download.googleapis.com/maven2/com/zegreatrob/jsmints/wdiorunner-js/6.10.19/wdiorunner-js-6.10.19.jar returned status 404
6.10.19	executable	2025-12-08T15:30:50Z	
6.10.2			IOException: Tail request on https://maven-central.storage-download.googleapis.com/maven2/com/zegreatrob/jsmints/wdiorunner-js/6.10.2/wdiorunner-js-6.10.2.jar returned status 404
6.10.2	executable	2025-11-09T02:13:26Z	
6.10.20			IOException: Tail request on https://maven-central.storage-download.googleapis.com/maven2/com/zegreatrob/jsmints/wdiorunner-js/6.10.20/wdiorunner-js-6.10.20.jar returned status 404
6.10.20	executable	2025-12-09T15:31:57Z	
6.10.21			IOException: Tail request on https://maven-central.storage-download.googleapis.com/maven2/com/zegreatrob/jsmints/wdiorunner-js/6.10.21/wdiorunner-js-6.10.21.jar returned status 404
6.10.21	executable	2025-12-10T15:33:14Z	
6.10.22			IOException: Tail request on https://maven-central.storage-download.googleapis.com/maven2/com/zegreatrob/jsmints/wdiorunner-js/6.10.22/wdiorunner-js-6.10.22.jar returned status 404
6.10.22	executable	2025-12-11T15:33:09Z	
6.10.23			IOException: Tail request on https://maven-central.storage-download.googleapis.com/maven2/com/zegreatrob/jsmints/wdiorunner-js/6.10.23/wdiorunner-js-6.10.23.jar returned status 404
6.10.23	executable	2025-12-13T15:28:01Z	
6.10.24			IOException: Tail request on https://maven-central.storage-download.googleapis.com/maven2/com/zegreatrob/jsmints/wdiorunner-js/6.10.24/wdiorunner-js-6.10.24.jar returned status 404
6.10.24	executable	2025-12-15T15:33:26Z	
6.10.25			IOException: Tail request on https://maven-central.storage-download.googleapis.com/maven2/com/zegreatrob/jsmints/wdiorunner-js/6.10.25/wdiorunner-js-6.10.25.jar returned status 404
6.10.25	executable	2025-12-16T15:35:52Z	
6.10.26			IOException: Tail request on https://maven-central.storage-download.googleapis.com/maven2/com/zegreatrob/jsmints/wdiorunner-js/6.10.26/wdiorunner-js-6.10.26.jar returned status 404
6.10.26	executable	2025-12-17T15:32:58Z	
6.10.27			IOException: Tail request on https://maven-central.storage-download.googleapis.com/maven2/com/zegreatrob/jsmints/wdiorunner-js/6.10.27/wdiorunner-js-6.10.27.jar returned status 404
6.10.27	executable	2025-12-18T15:31:44Z	
6.10.28			IOException: Tail request on https://maven-central.storage-download.googleapis.com/maven2/com/zegreatrob/jsmints/wdiorunner-js/6.10.28/wdiorunner-js-6.10.28.jar returned status 404
6.10.28	executable	2025-12-21T15:28:36Z	
6.10.29			IOException: Tail request on https://maven-central.storage-download.googleapis.com/maven2/com/zegreatrob/jsmints/wdiorunner-js/6.10.29/wdiorunner-js-6.10.29.jar returned status 404
6.10.29	executable	2025-12-22T15:30:49Z	
6.10.3			IOException: Tail request on https://maven-central.storage-download.googleapis.com/maven2/com/zegreatrob/jsmints/wdiorunner-js/6.10.3/wdiorunner-js-6.10.3.jar returned status 404
6.10.3	executable	2025-11-10T15:32:00Z	
6.10.30			IOException: Tail request on https://maven-central.storage-download.googleapis.com/maven2/com/zegreatrob/jsmints/wdiorunner-js/6.10.30/wdiorunner-js-6.10.30.jar returned status 404
6.10.30	executable	2025-12-24T15:30:29Z	
6.10.31			IOException: Tail request on https://maven-central.storage-download.googleapis.com/maven2/com/zegreatrob/jsmints/wdiorunner-js/6.10.31/wdiorunner-js-6.10.31.jar returned status 404
6.10.31	executable	2025-12-25T15:28:45Z	
6.10.32			IOException: Tail request on https://maven-central.storage-download.googleapis.com/maven2/com/zegreatrob/jsmints/wdiorunner-js/6.10.32/wdiorunner-js-6.10.32.jar returned status 404
6.10.32	executable	2025-12-26T15:28:24Z	
6.10.33			IOException: Tail request on https://maven-central.storage-download.googleapis.com/maven2/com/zegreatrob/jsmints/wdiorunner-js/6.10.33/wdiorunner-js-6.10.33.jar returned status 404
6.10.33	executable	2025-12-27T15:29:33Z	
6.10.34			IOException: Tail request on https://maven-central.storage-download.googleapis.com/maven2/com/zegreatrob/jsmints/wdiorunner-js/6.10.34/wdiorunner-js-6.10.34.jar returned status 404
6.10.34	executable	2025-12-28T15:27:31Z	
6.10.35			IOException: Tail request on https://maven-central.storage-download.googleapis.com/maven2/com/zegreatrob/jsmints/wdiorunner-js/6.10.35/wdiorunner-js-6.10.35.jar returned status 404
6.10.35	executable	2026-01-01T15:30:08Z	
6.10.36			IOException: Tail request on https://maven-central.storage-download.googleapis.com/maven2/com/zegreatrob/jsmints/wdiorunner-js/6.10.36/wdiorunner-js-6.10.36.jar returned status 404
6.10.36	executable	2026-01-03T15:29:13Z	
6.10.37			IOException: Tail request on https://maven-central.storage-download.googleapis.com/maven2/com/zegreatrob/jsmints/wdiorunner-js/6.10.37/wdiorunner-js-6.10.37.jar returned status 404
6.10.37	executable	2026-01-04T15:27:58Z	
6.10.38			IOException: Tail request on https://maven-central.storage-download.googleapis.com/maven2/com/zegreatrob/jsmints/wdiorunner-js/6.10.38/wdiorunner-js-6.10.38.jar returned status 404
6.10.38	executable	2026-01-05T15:32:51Z	
6.10.39			IOException: Tail request on https://maven-central.storage-download.googleapis.com/maven2/com/zegreatrob/jsmints/wdiorunner-js/6.10.39/wdiorunner-js-6.10.39.jar returned status 404
6.10.39	executable	2026-01-07T15:32:46Z	
6.10.4			IOException: Tail request on https://maven-central.storage-download.googleapis.com/maven2/com/zegreatrob/jsmints/wdiorunner-js/6.10.4/wdiorunner-js-6.10.4.jar returned status 404
6.10.4	executable	2025-11-12T15:34:18Z	
6.10.40			IOException: Tail request on https://maven-central.storage-download.googleapis.com/maven2/com/zegreatrob/jsmints/wdiorunner-js/6.10.40/wdiorunner-js-6.10.40.jar returned status 404
6.10.40	executable	2026-01-09T15:32:36Z	
6.10.41			IOException: Tail request on https://maven-central.storage-download.googleapis.com/maven2/com/zegreatrob/jsmints/wdiorunner-js/6.10.41/wdiorunner-js-6.10.41.jar returned status 404
6.10.41	executable	2026-01-12T15:34:36Z	
6.10.42			IOException: Tail request on https://maven-central.storage-download.googleapis.com/maven2/com/zegreatrob/jsmints/wdiorunner-js/6.10.42/wdiorunner-js-6.10.42.jar returned status 404
6.10.42	executable	2026-01-13T15:33:22Z	
6.10.43			IOException: Tail request on https://maven-central.storage-download.googleapis.com/maven2/com/zegreatrob/jsmints/wdiorunner-js/6.10.43/wdiorunner-js-6.10.43.jar returned status 404
6.10.43	executable	2026-01-14T02:27:19Z	
6.10.44			IOException: Tail request on https://maven-central.storage-download.googleapis.com/maven2/com/zegreatrob/jsmints/wdiorunner-js/6.10.44/wdiorunner-js-6.10.44.jar returned status 404
6.10.44	executable	2026-01-14T15:33:50Z	
6.10.45			IOException: Tail request on https://maven-central.storage-download.googleapis.com/maven2/com/zegreatrob/jsmints/wdiorunner-js/6.10.45/wdiorunner-js-6.10.45.jar returned status 404
6.10.45	executable	2026-01-16T14:30:12Z	
6.10.46			IOException: Tail request on https://maven-central.storage-download.googleapis.com/maven2/com/zegreatrob/jsmints/wdiorunner-js/6.10.46/wdiorunner-js-6.10.46.jar returned status 404
6.10.46	executable	2026-01-16T15:33:37Z	
6.10.47			IOException: Tail request on https://maven-central.storage-download.googleapis.com/maven2/com/zegreatrob/jsmints/wdiorunner-js/6.10.47/wdiorunner-js-6.10.47.jar returned status 404
6.10.47	executable	2026-01-17T15:28:41Z	
6.10.48			IOException: Tail request on https://maven-central.storage-download.googleapis.com/maven2/com/zegreatrob/jsmints/wdiorunner-js/6.10.48/wdiorunner-js-6.10.48.jar returned status 404
6.10.48	executable	2026-01-18T15:29:36Z	
6.10.49			IOException: Tail request on https://maven-central.storage-download.googleapis.com/maven2/com/zegreatrob/jsmints/wdiorunner-js/6.10.49/wdiorunner-js-6.10.49.jar returned status 404
6.10.49	executable	2026-01-19T15:36:27Z	
6.10.5			IOException: Tail request on https://maven-central.storage-download.googleapis.com/maven2/com/zegreatrob/jsmints/wdiorunner-js/6.10.5/wdiorunner-js-6.10.5.jar returned status 404
6.10.5	executable	2025-11-13T15:33:48Z	
6.10.50			IOException: Tail request on https://maven-central.storage-download.googleapis.com/maven2/com/zegreatrob/jsmints/wdiorunner-js/6.10.50/wdiorunner-js-6.10.50.jar returned status 404
6.10.50	executable	2026-01-20T15:39:34Z	
6.10.51			IOException: Tail request on https://maven-central.storage-download.googleapis.com/maven2/com/zegreatrob/jsmints/wdiorunner-js/6.10.51/wdiorunner-js-6.10.51.jar returned status 404
6.10.51	executable	2026-01-21T15:39:05Z	
6.10.52			IOException: Tail request on https://maven-central.storage-download.googleapis.com/maven2/com/zegreatrob/jsmints/wdiorunner-js/6.10.52/wdiorunner-js-6.10.52.jar returned status 404
6.10.52	executable	2026-01-22T15:39:31Z	
6.10.53			IOException: Tail request on https://maven-central.storage-download.googleapis.com/maven2/com/zegreatrob/jsmints/wdiorunner-js/6.10.53/wdiorunner-js-6.10.53.jar returned status 404
6.10.53	executable	2026-01-24T15:31:25Z	
6.10.54			IOException: Tail request on https://maven-central.storage-download.googleapis.com/maven2/com/zegreatrob/jsmints/wdiorunner-js/6.10.54/wdiorunner-js-6.10.54.jar returned status 404
6.10.54	executable	2026-01-26T15:36:52Z	
6.10.55			IOException: Tail request on https://maven-central.storage-download.googleapis.com/maven2/com/zegreatrob/jsmints/wdiorunner-js/6.10.55/wdiorunner-js-6.10.55.jar returned status 404
6.10.55	executable	2026-01-27T15:40:32Z	
6.10.56			IOException: Tail request on https://maven-central.storage-download.googleapis.com/maven2/com/zegreatrob/jsmints/wdiorunner-js/6.10.56/wdiorunner-js-6.10.56.jar returned status 404
6.10.56	executable	2026-01-28T15:47:14Z	
6.10.57			IOException: Tail request on https://maven-central.storage-download.googleapis.com/maven2/com/zegreatrob/jsmints/wdiorunner-js/6.10.57/wdiorunner-js-6.10.57.jar returned status 404
6.10.57	executable	2026-01-30T12:53:34Z	
6.10.58			IOException: Tail request on https://maven-central.storage-download.googleapis.com/maven2/com/zegreatrob/jsmints/wdiorunner-js/6.10.58/wdiorunner-js-6.10.58.jar returned status 404
6.10.58	executable	2026-01-30T14:41:58Z	
6.10.59			IOException: Tail request on https://maven-central.storage-download.googleapis.com/maven2/com/zegreatrob/jsmints/wdiorunner-js/6.10.59/wdiorunner-js-6.10.59.jar returned status 404
6.10.59	executable	2026-01-30T15:41:51Z	
6.10.6			IOException: Tail request on https://maven-central.storage-download.googleapis.com/maven2/com/zegreatrob/jsmints/wdiorunner-js/6.10.6/wdiorunner-js-6.10.6.jar returned status 404
6.10.6	executable	2025-11-16T15:28:13Z	
6.10.60			IOException: Tail request on https://maven-central.storage-download.googleapis.com/maven2/com/zegreatrob/jsmints/wdiorunner-js/6.10.60/wdiorunner-js-6.10.60.jar returned status 404
6.10.60	executable	2026-01-31T15:31:52Z	
6.10.61			IOException: Tail request on https://maven-central.storage-download.googleapis.com/maven2/com/zegreatrob/jsmints/wdiorunner-js/6.10.61/wdiorunner-js-6.10.61.jar returned status 404
6.10.61	executable	2026-02-01T14:46:22Z	
6.10.62			IOException: Tail request on https://maven-central.storage-download.googleapis.com/maven2/com/zegreatrob/jsmints/wdiorunner-js/6.10.62/wdiorunner-js-6.10.62.jar returned status 404
6.10.62	executable	2026-02-01T15:05:31Z	
6.10.63			IOException: Tail request on https://maven-central.storage-download.googleapis.com/maven2/com/zegreatrob/jsmints/wdiorunner-js/6.10.63/wdiorunner-js-6.10.63.jar returned status 404
6.10.63	executable	2026-02-02T15:51:00Z	
6.10.64			IOException: Tail request on https://maven-central.storage-download.googleapis.com/maven2/com/zegreatrob/jsmints/wdiorunner-js/6.10.64/wdiorunner-js-6.10.64.jar returned status 404
6.10.64	executable	2026-02-03T17:18:15Z	
6.10.65			IOException: Tail request on https://maven-central.storage-download.googleapis.com/maven2/com/zegreatrob/jsmints/wdiorunner-js/6.10.65/wdiorunner-js-6.10.65.jar returned status 404
6.10.65	executable	2026-02-04T15:50:36Z	
6.10.66			IOException: Tail request on https://maven-central.storage-download.googleapis.com/maven2/com/zegreatrob/jsmints/wdiorunner-js/6.10.66/wdiorunner-js-6.10.66.jar returned status 404
6.10.66	executable	2026-02-05T15:54:07Z	
6.10.67			IOException: Tail request on https://maven-central.storage-download.googleapis.com/maven2/com/zegreatrob/jsmints/wdiorunner-js/6.10.67/wdiorunner-js-6.10.67.jar returned status 404
6.10.67	executable	2026-02-06T15:51:11Z	
6.10.68			IOException: Tail request on https://maven-central.storage-download.googleapis.com/maven2/com/zegreatrob/jsmints/wdiorunner-js/6.10.68/wdiorunner-js-6.10.68.jar returned status 404
6.10.68	executable	2026-02-07T15:33:57Z	
6.10.69			IOException: Tail request on https://maven-central.storage-download.googleapis.com/maven2/com/zegreatrob/jsmints/wdiorunner-js/6.10.69/wdiorunner-js-6.10.69.jar returned status 404
6.10.69	executable	2026-02-08T15:34:36Z	
6.10.7			IOException: Tail request on https://maven-central.storage-download.googleapis.com/maven2/com/zegreatrob/jsmints/wdiorunner-js/6.10.7/wdiorunner-js-6.10.7.jar returned status 404
6.10.7	executable	2025-11-17T15:37:04Z	
6.10.70			IOException: Tail request on https://maven-central.storage-download.googleapis.com/maven2/com/zegreatrob/jsmints/wdiorunner-js/6.10.70/wdiorunner-js-6.10.70.jar returned status 404
6.10.70	executable	2026-02-11T13:38:21Z	
6.10.71			IOException: Tail request on https://maven-central.storage-download.googleapis.com/maven2/com/zegreatrob/jsmints/wdiorunner-js/6.10.71/wdiorunner-js-6.10.71.jar returned status 404
6.10.71	executable	2026-02-11T16:11:52Z	
6.10.72			IOException: Tail request on https://maven-central.storage-download.googleapis.com/maven2/com/zegreatrob/jsmints/wdiorunner-js/6.10.72/wdiorunner-js-6.10.72.jar returned status 404
6.10.72	executable	2026-02-12T16:00:35Z	
6.10.73			IOException: Tail request on https://maven-central.storage-download.googleapis.com/maven2/com/zegreatrob/jsmints/wdiorunner-js/6.10.73/wdiorunner-js-6.10.73.jar returned status 404
6.10.73	executable	2026-02-18T00:15:00Z	
6.10.74			IOException: Tail request on https://maven-central.storage-download.googleapis.com/maven2/com/zegreatrob/jsmints/wdiorunner-js/6.10.74/wdiorunner-js-6.10.74.jar returned status 404
6.10.74	executable	2026-02-18T00:23:40Z	
6.10.75			IOException: Tail request on https://maven-central.storage-download.googleapis.com/maven2/com/zegreatrob/jsmints/wdiorunner-js/6.10.75/wdiorunner-js-6.10.75.jar returned status 404
6.10.75	executable	2026-02-18T00:45:46Z	
6.10.76			IOException: Tail request on https://maven-central.storage-download.googleapis.com/maven2/com/zegreatrob/jsmints/wdiorunner-js/6.10.76/wdiorunner-js-6.10.76.jar returned status 404
6.10.76	executable	2026-02-18T01:00:13Z	
6.10.77			IOException: Tail request on https://maven-central.storage-download.googleapis.com/maven2/com/zegreatrob/jsmints/wdiorunner-js/6.10.77/wdiorunner-js-6.10.77.jar returned status 404
6.10.77	executable	2026-02-18T01:07:40Z	
6.10.8			IOException: Tail request on https://maven-central.storage-download.googleapis.com/maven2/com/zegreatrob/jsmints/wdiorunner-js/6.10.8/wdiorunner-js-6.10.8.jar returned status 404
6.10.8	executable	2025-11-18T14:19:42Z	
6.10.9			IOException: Tail request on https://maven-central.storage-download.googleapis.com/maven2/com/zegreatrob/jsmints/wdiorunner-js/6.10.9/wdiorunner-js-6.10.9.jar returned status 404
6.10.9	executable	2025-11-18T15:32:29Z	
6.11.0			IOException: Tail request on https://maven-central.storage-download.googleapis.com/maven2/com/zegreatrob/jsmints/wdiorunner-js/6.11.0/wdiorunner-js-6.11.0.jar returned status 404
6.11.0	executable	2026-02-18T16:02:06Z	
6.11.1			IOException: Tail request on https://maven-central.storage-download.googleapis.com/maven2/com/zegreatrob/jsmints/wdiorunner-js/6.11.1/wdiorunner-js-6.11.1.jar returned status 404
6.11.1	executable	2026-02-19T15:59:51Z	
6.11.10			IOException: Tail request on https://maven-central.storage-download.googleapis.com/maven2/com/zegreatrob/jsmints/wdiorunner-js/6.11.10/wdiorunner-js-6.11.10.jar returned status 404
6.11.10	executable	2026-03-02T15:50:53Z	
6.11.11			IOException: Tail request on https://maven-central.storage-download.googleapis.com/maven2/com/zegreatrob/jsmints/wdiorunner-js/6.11.11/wdiorunner-js-6.11.11.jar returned status 404
6.11.11	executable	2026-03-03T15:56:31Z	
6.11.12			IOException: Tail request on https://maven-central.storage-download.googleapis.com/maven2/com/zegreatrob/jsmints/wdiorunner-js/6.11.12/wdiorunner-js-6.11.12.jar returned status 404
6.11.12	executable	2026-03-04T15:57:13Z	
6.11.13			IOException: Tail request on https://maven-central.storage-download.googleapis.com/maven2/com/zegreatrob/jsmints/wdiorunner-js/6.11.13/wdiorunner-js-6.11.13.jar returned status 404
6.11.13	executable	2026-03-05T16:01:09Z	
6.11.14			IOException: Tail request on https://maven-central.storage-download.googleapis.com/maven2/com/zegreatrob/jsmints/wdiorunner-js/6.11.14/wdiorunner-js-6.11.14.jar returned status 404
6.11.14	executable	2026-03-07T01:07:07Z	
6.11.15			IOException: Tail request on https://maven-central.storage-download.googleapis.com/maven2/com/zegreatrob/jsmints/wdiorunner-js/6.11.15/wdiorunner-js-6.11.15.jar returned status 404
6.11.15	executable	2026-03-07T15:33:59Z	
6.11.16			IOException: Tail request on https://maven-central.storage-download.googleapis.com/maven2/com/zegreatrob/jsmints/wdiorunner-js/6.11.16/wdiorunner-js-6.11.16.jar returned status 404
6.11.16	executable	2026-03-08T15:31:56Z	
6.11.17			IOException: Tail request on https://maven-central.storage-download.googleapis.com/maven2/com/zegreatrob/jsmints/wdiorunner-js/6.11.17/wdiorunner-js-6.11.17.jar returned status 404
6.11.17	executable	2026-03-09T16:08:48Z	
6.11.18			IOException: Tail request on https://maven-central.storage-download.googleapis.com/maven2/com/zegreatrob/jsmints/wdiorunner-js/6.11.18/wdiorunner-js-6.11.18.jar returned status 404
6.11.18	executable	2026-03-10T16:10:55Z	
6.11.19			IOException: Tail request on https://maven-central.storage-download.googleapis.com/maven2/com/zegreatrob/jsmints/wdiorunner-js/6.11.19/wdiorunner-js-6.11.19.jar returned status 404
6.11.19	executable	2026-03-13T02:22:12Z	
6.11.2			IOException: Tail request on https://maven-central.storage-download.googleapis.com/maven2/com/zegreatrob/jsmints/wdiorunner-js/6.11.2/wdiorunner-js-6.11.2.jar returned status 404
6.11.2	executable	2026-02-20T15:48:11Z	
6.11.20			IOException: Tail request on https://maven-central.storage-download.googleapis.com/maven2/com/zegreatrob/jsmints/wdiorunner-js/6.11.20/wdiorunner-js-6.11.20.jar returned status 404
6.11.20	executable	2026-03-13T02:57:54Z	
6.11.21			IOException: Tail request on https://maven-central.storage-download.googleapis.com/maven2/com/zegreatrob/jsmints/wdiorunner-js/6.11.21/wdiorunner-js-6.11.21.jar returned status 404
6.11.21	executable	2026-03-17T00:56:07Z	
6.11.22			IOException: Tail request on https://maven-central.storage-download.googleapis.com/maven2/com/zegreatrob/jsmints/wdiorunner-js/6.11.22/wdiorunner-js-6.11.22.jar returned status 404
6.11.22	executable	2026-03-18T16:19:33Z	
6.11.23			IOException: Tail request on https://maven-central.storage-download.googleapis.com/maven2/com/zegreatrob/jsmints/wdiorunner-js/6.11.23/wdiorunner-js-6.11.23.jar returned status 404
6.11.23	executable	2026-03-19T14:58:23Z	
6.11.24			IOException: Tail request on https://maven-central.storage-download.googleapis.com/maven2/com/zegreatrob/jsmints/wdiorunner-js/6.11.24/wdiorunner-js-6.11.24.jar returned status 404
6.11.24	executable	2026-03-20T15:53:57Z	
6.11.25			IOException: Tail request on https://maven-central.storage-download.googleapis.com/maven2/com/zegreatrob/jsmints/wdiorunner-js/6.11.25/wdiorunner-js-6.11.25.jar returned status 404
6.11.25	executable	2026-03-21T15:37:47Z	
6.11.26			IOException: Tail request on https://maven-central.storage-download.googleapis.com/maven2/com/zegreatrob/jsmints/wdiorunner-js/6.11.26/wdiorunner-js-6.11.26.jar returned status 404
6.11.26	executable	2026-03-23T16:11:08Z	
6.11.27			IOException: Tail request on https://maven-central.storage-download.googleapis.com/maven2/com/zegreatrob/jsmints/wdiorunner-js/6.11.27/wdiorunner-js-6.11.27.jar returned status 404
6.11.27	executable	2026-03-24T16:17:08Z	
6.11.28			IOException: Tail request on https://maven-central.storage-download.googleapis.com/maven2/com/zegreatrob/jsmints/wdiorunner-js/6.11.28/wdiorunner-js-6.11.28.jar returned status 404
6.11.28	executable	2026-03-26T16:22:14Z	
6.11.29			IOException: Tail request on https://maven-central.storage-download.googleapis.com/maven2/com/zegreatrob/jsmints/wdiorunner-js/6.11.29/wdiorunner-js-6.11.29.jar returned status 404
6.11.29	executable	2026-03-28T15:41:57Z	
6.11.3			IOException: Tail request on https://maven-central.storage-download.googleapis.com/maven2/com/zegreatrob/jsmints/wdiorunner-js/6.11.3/wdiorunner-js-6.11.3.jar returned status 404
6.11.3	executable	2026-02-21T15:36:01Z	
6.11.30			IOException: Tail request on https://maven-central.storage-download.googleapis.com/maven2/com/zegreatrob/jsmints/wdiorunner-js/6.11.30/wdiorunner-js-6.11.30.jar returned status 404
6.11.30	executable	2026-03-30T16:19:09Z	
6.11.31			IOException: Tail request on https://maven-central.storage-download.googleapis.com/maven2/com/zegreatrob/jsmints/wdiorunner-js/6.11.31/wdiorunner-js-6.11.31.jar returned status 404
6.11.31	executable	2026-04-01T16:20:55Z	
6.11.32			IOException: Tail request on https://maven-central.storage-download.googleapis.com/maven2/com/zegreatrob/jsmints/wdiorunner-js/6.11.32/wdiorunner-js-6.11.32.jar returned status 404
6.11.32	executable	2026-04-02T16:11:23Z	
6.11.33			IOException: Tail request on https://maven-central.storage-download.googleapis.com/maven2/com/zegreatrob/jsmints/wdiorunner-js/6.11.33/wdiorunner-js-6.11.33.jar returned status 404
6.11.33	executable	2026-04-03T15:51:18Z	
6.11.34			IOException: Tail request on https://maven-central.storage-download.googleapis.com/maven2/com/zegreatrob/jsmints/wdiorunner-js/6.11.34/wdiorunner-js-6.11.34.jar returned status 404
6.11.34	executable	2026-04-07T16:23:39Z	
6.11.35			IOException: Tail request on https://maven-central.storage-download.googleapis.com/maven2/com/zegreatrob/jsmints/wdiorunner-js/6.11.35/wdiorunner-js-6.11.35.jar returned status 404
6.11.35	executable	2026-04-09T16:30:57Z	
6.11.36			IOException: Tail request on https://maven-central.storage-download.googleapis.com/maven2/com/zegreatrob/jsmints/wdiorunner-js/6.11.36/wdiorunner-js-6.11.36.jar returned status 404
6.11.36	executable	2026-04-10T16:00:23Z	
6.11.37			IOException: Tail request on https://maven-central.storage-download.googleapis.com/maven2/com/zegreatrob/jsmints/wdiorunner-js/6.11.37/wdiorunner-js-6.11.37.jar returned status 404
6.11.37	executable	2026-04-14T16:21:26Z	
6.11.38			IOException: Tail request on https://maven-central.storage-download.googleapis.com/maven2/com/zegreatrob/jsmints/wdiorunner-js/6.11.38/wdiorunner-js-6.11.38.jar returned status 404
6.11.38	executable	2026-04-15T16:16:57Z	
6.11.39			IOException: Tail request on https://maven-central.storage-download.googleapis.com/maven2/com/zegreatrob/jsmints/wdiorunner-js/6.11.39/wdiorunner-js-6.11.39.jar returned status 404
6.11.39	executable	2026-04-16T16:35:22Z	
6.11.4			IOException: Tail request on https://maven-central.storage-download.googleapis.com/maven2/com/zegreatrob/jsmints/wdiorunner-js/6.11.4/wdiorunner-js-6.11.4.jar returned status 404
6.11.4	executable	2026-02-22T15:36:14Z	
6.11.40			IOException: Tail request on https://maven-central.storage-download.googleapis.com/maven2/com/zegreatrob/jsmints/wdiorunner-js/6.11.40/wdiorunner-js-6.11.40.jar returned status 404
6.11.40	executable	2026-04-17T16:11:15Z	
6.11.41			IOException: Tail request on https://maven-central.storage-download.googleapis.com/maven2/com/zegreatrob/jsmints/wdiorunner-js/6.11.41/wdiorunner-js-6.11.41.jar returned status 404
6.11.41	executable	2026-04-19T15:47:23Z	
6.11.42			IOException: Tail request on https://maven-central.storage-download.googleapis.com/maven2/com/zegreatrob/jsmints/wdiorunner-js/6.11.42/wdiorunner-js-6.11.42.jar returned status 404
6.11.42	executable	2026-04-21T16:24:18Z	
6.11.43			IOException: Tail request on https://maven-central.storage-download.googleapis.com/maven2/com/zegreatrob/jsmints/wdiorunner-js/6.11.43/wdiorunner-js-6.11.43.jar returned status 404
6.11.43	executable	2026-04-23T16:44:58Z	
6.11.44			IOException: Tail request on https://maven-central.storage-download.googleapis.com/maven2/com/zegreatrob/jsmints/wdiorunner-js/6.11.44/wdiorunner-js-6.11.44.jar returned status 404
6.11.44	executable	2026-04-24T16:18:53Z	
6.11.45			IOException: Tail request on https://maven-central.storage-download.googleapis.com/maven2/com/zegreatrob/jsmints/wdiorunner-js/6.11.45/wdiorunner-js-6.11.45.jar returned status 404
6.11.45	executable	2026-04-26T15:52:32Z	
6.11.46			IOException: Tail request on https://maven-central.storage-download.googleapis.com/maven2/com/zegreatrob/jsmints/wdiorunner-js/6.11.46/wdiorunner-js-6.11.46.jar returned status 404
6.11.46	executable	2026-04-27T16:37:45Z	
6.11.47			IOException: Tail request on https://maven-central.storage-download.googleapis.com/maven2/com/zegreatrob/jsmints/wdiorunner-js/6.11.47/wdiorunner-js-6.11.47.jar returned status 404
6.11.47	executable	2026-04-28T16:29:55Z	
6.11.48			IOException: Tail request on https://maven-central.storage-download.googleapis.com/maven2/com/zegreatrob/jsmints/wdiorunner-js/6.11.48/wdiorunner-js-6.11.48.jar returned status 404
6.11.48	executable	2026-04-28T17:05:37Z	
6.11.49			IOException: Tail request on https://maven-central.storage-download.googleapis.com/maven2/com/zegreatrob/jsmints/wdiorunner-js/6.11.49/wdiorunner-js-6.11.49.jar returned status 404
6.11.49	executable	2026-04-29T16:43:30Z	
6.11.5			IOException: Tail request on https://maven-central.storage-download.googleapis.com/maven2/com/zegreatrob/jsmints/wdiorunner-js/6.11.5/wdiorunner-js-6.11.5.jar returned status 404
6.11.5	executable	2026-02-24T16:09:26Z	
6.11.51			IOException: Tail request on https://maven-central.storage-download.googleapis.com/maven2/com/zegreatrob/jsmints/wdiorunner-js/6.11.51/wdiorunner-js-6.11.51.jar returned status 404
6.11.51	executable	2026-05-02T15:55:42Z	
6.11.52			IOException: Tail request on https://maven-central.storage-download.googleapis.com/maven2/com/zegreatrob/jsmints/wdiorunner-js/6.11.52/wdiorunner-js-6.11.52.jar returned status 404
6.11.52	executable	2026-05-04T16:43:30Z	
6.11.53			IOException: Tail request on https://maven-central.storage-download.googleapis.com/maven2/com/zegreatrob/jsmints/wdiorunner-js/6.11.53/wdiorunner-js-6.11.53.jar returned status 404
6.11.53	executable	2026-05-08T16:27:24Z	
6.11.54			IOException: Tail request on https://maven-central.storage-download.googleapis.com/maven2/com/zegreatrob/jsmints/wdiorunner-js/6.11.54/wdiorunner-js-6.11.54.jar returned status 404
6.11.54	executable	2026-05-09T16:01:10Z	
6.11.55			IOException: Tail request on https://maven-central.storage-download.googleapis.com/maven2/com/zegreatrob/jsmints/wdiorunner-js/6.11.55/wdiorunner-js-6.11.55.jar returned status 404
6.11.55	executable	2026-05-11T17:36:31Z	
6.11.56			IOException: Tail request on https://maven-central.storage-download.googleapis.com/maven2/com/zegreatrob/jsmints/wdiorunner-js/6.11.56/wdiorunner-js-6.11.56.jar returned status 404
6.11.56	executable	2026-05-12T16:27:27Z	
6.11.57			IOException: Tail request on https://maven-central.storage-download.googleapis.com/maven2/com/zegreatrob/jsmints/wdiorunner-js/6.11.57/wdiorunner-js-6.11.57.jar returned status 404
6.11.57	executable	2026-05-12T17:18:55Z	
6.11.58			IOException: Tail request on https://maven-central.storage-download.googleapis.com/maven2/com/zegreatrob/jsmints/wdiorunner-js/6.11.58/wdiorunner-js-6.11.58.jar returned status 404
6.11.58	executable	2026-05-13T17:29:21Z	
6.11.59			IOException: Tail request on https://maven-central.storage-download.googleapis.com/maven2/com/zegreatrob/jsmints/wdiorunner-js/6.11.59/wdiorunner-js-6.11.59.jar returned status 404
6.11.59	executable	2026-05-15T17:04:04Z	
6.11.6			IOException: Tail request on https://maven-central.storage-download.googleapis.com/maven2/com/zegreatrob/jsmints/wdiorunner-js/6.11.6/wdiorunner-js-6.11.6.jar returned status 404
6.11.6	executable	2026-02-25T16:13:30Z	
6.11.60			IOException: Tail request on https://maven-central.storage-download.googleapis.com/maven2/com/zegreatrob/jsmints/wdiorunner-js/6.11.60/wdiorunner-js-6.11.60.jar returned status 404
6.11.60	executable	2026-05-18T17:45:40Z	
6.11.61		2026-05-19T17:51:17Z	IOException: Tail request on https://maven-central.storage-download.googleapis.com/maven2/com/zegreatrob/jsmints/wdiorunner-js/6.11.61/wdiorunner-js-6.11.61.jar returned status 404
6.11.61	executable	2026-05-19T17:51:16Z	
6.11.62		2026-05-22T21:15:37Z	IOException: Tail request on https://maven-central.storage-download.googleapis.com/maven2/com/zegreatrob/jsmints/wdiorunner-js/6.11.62/wdiorunner-js-6.11.62.jar returned status 404
6.11.62	executable	2026-05-22T21:15:38Z	
6.11.63		2026-05-25T17:17:19Z	IOException: Tail request on https://maven-central.storage-download.googleapis.com/maven2/com/zegreatrob/jsmints/wdiorunner-js/6.11.63/wdiorunner-js-6.11.63.jar returned status 404
6.11.63	executable	2026-05-25T17:17:19Z	
6.11.64		2026-05-26T18:09:08Z	IOException: Tail request on https://maven-central.storage-download.googleapis.com/maven2/com/zegreatrob/jsmints/wdiorunner-js/6.11.64/wdiorunner-js-6.11.64.jar returned status 404
6.11.64	executable	2026-05-26T18:09:08Z	
6.11.65		2026-05-27T18:10:37Z	IOException: Tail request on https://maven-central.storage-download.googleapis.com/maven2/com/zegreatrob/jsmints/wdiorunner-js/6.11.65/wdiorunner-js-6.11.65.jar returned status 404
6.11.65	executable	2026-05-27T18:10:38Z	
6.11.66		2026-05-29T18:27:04Z	IOException: Tail request on https://maven-central.storage-download.googleapis.com/maven2/com/zegreatrob/jsmints/wdiorunner-js/6.11.66/wdiorunner-js-6.11.66.jar returned status 404
6.11.66	executable	2026-05-29T18:27:03Z	
6.11.67		2026-05-31T16:19:23Z	IOException: Tail request on https://maven-central.storage-download.googleapis.com/maven2/com/zegreatrob/jsmints/wdiorunner-js/6.11.67/wdiorunner-js-6.11.67.jar returned status 404
6.11.67	executable	2026-05-31T16:19:23Z	
6.11.68		2026-06-03T19:00:15Z	IOException: Tail request on https://maven-central.storage-download.googleapis.com/maven2/com/zegreatrob/jsmints/wdiorunner-js/6.11.68/wdiorunner-js-6.11.68.jar returned status 404
6.11.68	executable	2026-06-03T19:00:14Z	
6.11.69		2026-06-04T17:57:38Z	IOException: Tail request on https://maven-central.storage-download.googleapis.com/maven2/com/zegreatrob/jsmints/wdiorunner-js/6.11.69/wdiorunner-js-6.11.69.jar returned status 404
6.11.69	executable	2026-06-04T17:57:38Z	
6.11.7			IOException: Tail request on https://maven-central.storage-download.googleapis.com/maven2/com/zegreatrob/jsmints/wdiorunner-js/6.11.7/wdiorunner-js-6.11.7.jar returned status 404
6.11.7	executable	2026-02-26T16:03:39Z	
6.11.70		2026-06-05T17:26:51Z	IOException: Tail request on https://maven-central.storage-download.googleapis.com/maven2/com/zegreatrob/jsmints/wdiorunner-js/6.11.70/wdiorunner-js-6.11.70.jar returned status 404
6.11.70	executable	2026-06-05T17:26:51Z	
6.11.71		2026-06-06T17:55:32Z	IOException: Tail request on https://maven-central.storage-download.googleapis.com/maven2/com/zegreatrob/jsmints/wdiorunner-js/6.11.71/wdiorunner-js-6.11.71.jar returned status 404
6.11.71	executable	2026-06-06T17:55:33Z	
6.11.72		2026-06-07T16:27:19Z	IOException: Tail request on https://maven-central.storage-download.googleapis.com/maven2/com/zegreatrob/jsmints/wdiorunner-js/6.11.72/wdiorunner-js-6.11.72.jar returned status 404
6.11.72	executable	2026-06-07T16:27:20Z	
6.11.73		2026-06-08T18:03:56Z	IOException: Tail request on https://maven-central.storage-download.googleapis.com/maven2/com/zegreatrob/jsmints/wdiorunner-js/6.11.73/wdiorunner-js-6.11.73.jar returned status 404
6.11.73	executable	2026-06-08T18:03:56Z	
6.11.74		2026-06-11T18:26:06Z	IOException: Tail request on https://maven-central.storage-download.googleapis.com/maven2/com/zegreatrob/jsmints/wdiorunner-js/6.11.74/wdiorunner-js-6.11.74.jar returned status 404
6.11.74	executable	2026-06-11T18:26:05Z	
6.11.75		2026-06-14T16:32:47Z	IOException: Tail request on https://maven-central.storage-download.googleapis.com/maven2/com/zegreatrob/jsmints/wdiorunner-js/6.11.75/wdiorunner-js-6.11.75.jar returned status 404
6.11.75	executable	2026-06-14T16:32:48Z	
6.11.76		2026-06-16T19:09:07Z	IOException: Tail request on https://maven-central.storage-download.googleapis.com/maven2/com/zegreatrob/jsmints/wdiorunner-js/6.11.76/wdiorunner-js-6.11.76.jar returned status 404
6.11.76	executable	2026-06-16T19:09:08Z	
6.11.77		2026-06-19T17:31:17Z	IOException: Tail request on https://maven-central.storage-download.googleapis.com/maven2/com/zegreatrob/jsmints/wdiorunner-js/6.11.77/wdiorunner-js-6.11.77.jar returned status 404
6.11.77	executable	2026-06-19T17:31:17Z	
6.11.78		2026-06-21T16:42:06Z	IOException: Tail request on https://maven-central.storage-download.googleapis.com/maven2/com/zegreatrob/jsmints/wdiorunner-js/6.11.78/wdiorunner-js-6.11.78.jar returned status 404
6.11.78	executable	2026-06-21T16:42:06Z	
6.11.79		2026-06-22T18:59:11Z	IOException: Tail request on https://maven-central.storage-download.googleapis.com/maven2/com/zegreatrob/jsmints/wdiorunner-js/6.11.79/wdiorunner-js-6.11.79.jar returned status 404
6.11.79	executable	2026-06-22T18:59:12Z	
6.11.8			IOException: Tail request on https://maven-central.storage-download.googleapis.com/maven2/com/zegreatrob/jsmints/wdiorunner-js/6.11.8/wdiorunner-js-6.11.8.jar returned status 404
6.11.8	executable	2026-02-27T15:47:40Z	
6.11.80		2026-06-22T22:43:18Z	IOException: Tail request on https://maven-central.storage-download.googleapis.com/maven2/com/zegreatrob/jsmints/wdiorunner-js/6.11.80/wdiorunner-js-6.11.80.jar returned status 404
6.11.80	executable	2026-06-22T22:43:18Z	
6.11.81		2026-06-23T17:29:33Z	IOException: Tail request on https://maven-central.storage-download.googleapis.com/maven2/com/zegreatrob/jsmints/wdiorunner-js/6.11.81/wdiorunner-js-6.11.81.jar returned status 404
6.11.81	executable	2026-06-23T17:29:32Z	
6.11.9			IOException: Tail request on https://maven-central.storage-download.googleapis.com/maven2/com/zegreatrob/jsmints/wdiorunner-js/6.11.9/wdiorunner-js-6.11.9.jar returned status 404
6.11.9	executable	2026-03-01T15:32:20Z	
6.2.0			IOException: Tail request on https://maven-central.storage-download.googleapis.com/maven2/com/zegreatrob/jsmints/wdiorunner-js/6.2.0/wdiorunner-js-6.2.0.jar returned status 404
6.2.0	executable	2025-02-09T22:10:56Z	
6.2.1			IOException: Tail request on https://maven-central.storage-download.googleapis.com/maven2/com/zegreatrob/jsmints/wdiorunner-js/6.2.1/wdiorunner-js-6.2.1.jar returned status 404
6.2.1	executable	2025-02-10T15:26:57Z	
6.2.10			IOException: Tail request on https://maven-central.storage-download.googleapis.com/maven2/com/zegreatrob/jsmints/wdiorunner-js/6.2.10/wdiorunner-js-6.2.10.jar returned status 404
6.2.10	executable	2025-02-21T15:25:00Z	
6.2.11			IOException: Tail request on https://maven-central.storage-download.googleapis.com/maven2/com/zegreatrob/jsmints/wdiorunner-js/6.2.11/wdiorunner-js-6.2.11.jar returned status 404
6.2.11	executable	2025-02-22T15:23:18Z	
6.2.12			IOException: Tail request on https://maven-central.storage-download.googleapis.com/maven2/com/zegreatrob/jsmints/wdiorunner-js/6.2.12/wdiorunner-js-6.2.12.jar returned status 404
6.2.12	executable	2025-02-23T15:23:48Z	
6.2.2			IOException: Tail request on https://maven-central.storage-download.googleapis.com/maven2/com/zegreatrob/jsmints/wdiorunner-js/6.2.2/wdiorunner-js-6.2.2.jar returned status 404
6.2.2	executable	2025-02-11T15:25:52Z	
6.2.3			IOException: Tail request on https://maven-central.storage-download.googleapis.com/maven2/com/zegreatrob/jsmints/wdiorunner-js/6.2.3/wdiorunner-js-6.2.3.jar returned status 404
6.2.3	executable	2025-02-12T15:27:01Z	
6.2.4			IOException: Tail request on https://maven-central.storage-download.googleapis.com/maven2/com/zegreatrob/jsmints/wdiorunner-js/6.2.4/wdiorunner-js-6.2.4.jar returned status 404
6.2.4	executable	2025-02-14T15:24:47Z	
6.2.5			IOException: Tail request on https://maven-central.storage-download.googleapis.com/maven2/com/zegreatrob/jsmints/wdiorunner-js/6.2.5/wdiorunner-js-6.2.5.jar returned status 404
6.2.5	executable	2025-02-15T15:23:41Z	
6.2.6			IOException: Tail request on https://maven-central.storage-download.googleapis.com/maven2/com/zegreatrob/jsmints/wdiorunner-js/6.2.6/wdiorunner-js-6.2.6.jar returned status 404
6.2.6	executable	2025-02-17T15:23:03Z	
6.2.7			IOException: Tail request on https://maven-central.storage-download.googleapis.com/maven2/com/zegreatrob/jsmints/wdiorunner-js/6.2.7/wdiorunner-js-6.2.7.jar returned status 404
6.2.7	executable	2025-02-18T15:25:50Z	
6.2.8			IOException: Tail request on https://maven-central.storage-download.googleapis.com/maven2/com/zegreatrob/jsmints/wdiorunner-js/6.2.8/wdiorunner-js-6.2.8.jar returned status 404
6.2.8	executable	2025-02-19T15:24:20Z	
6.2.9			IOException: Tail request on https://maven-central.storage-download.googleapis.com/maven2/com/zegreatrob/jsmints/wdiorunner-js/6.2.9/wdiorunner-js-6.2.9.jar returned status 404
6.2.9	executable	2025-02-20T15:25:14Z	
6.3.0			IOException: Tail request on https://maven-central.storage-download.googleapis.com/maven2/com/zegreatrob/jsmints/wdiorunner-js/6.3.0/wdiorunner-js-6.3.0.jar returned status 404
6.3.0	executable	2025-02-24T05:49:58Z	
6.3.1			IOException: Tail request on https://maven-central.storage-download.googleapis.com/maven2/com/zegreatrob/jsmints/wdiorunner-js/6.3.1/wdiorunner-js-6.3.1.jar returned status 404
6.3.1	executable	2025-02-24T13:25:18Z	
6.3.10			IOException: Tail request on https://maven-central.storage-download.googleapis.com/maven2/com/zegreatrob/jsmints/wdiorunner-js/6.3.10/wdiorunner-js-6.3.10.jar returned status 404
6.3.10	executable	2025-03-02T15:21:16Z	
6.3.11			IOException: Tail request on https://maven-central.storage-download.googleapis.com/maven2/com/zegreatrob/jsmints/wdiorunner-js/6.3.11/wdiorunner-js-6.3.11.jar returned status 404
6.3.11	executable	2025-03-03T15:25:12Z	
6.3.12			IOException: Tail request on https://maven-central.storage-download.googleapis.com/maven2/com/zegreatrob/jsmints/wdiorunner-js/6.3.12/wdiorunner-js-6.3.12.jar returned status 404
6.3.12	executable	2025-03-04T15:25:12Z	
6.3.13			IOException: Tail request on https://maven-central.storage-download.googleapis.com/maven2/com/zegreatrob/jsmints/wdiorunner-js/6.3.13/wdiorunner-js-6.3.13.jar returned status 404
6.3.13	executable	2025-03-05T15:25:03Z	
6.3.14			IOException: Tail request on https://maven-central.storage-download.googleapis.com/maven2/com/zegreatrob/jsmints/wdiorunner-js/6.3.14/wdiorunner-js-6.3.14.jar returned status 404
6.3.14	executable	2025-03-06T15:24:00Z	
6.3.15			IOException: Tail request on https://maven-central.storage-download.googleapis.com/maven2/com/zegreatrob/jsmints/wdiorunner-js/6.3.15/wdiorunner-js-6.3.15.jar returned status 404
6.3.15	executable	2025-03-07T15:25:12Z	
6.3.16			IOException: Tail request on https://maven-central.storage-download.googleapis.com/maven2/com/zegreatrob/jsmints/wdiorunner-js/6.3.16/wdiorunner-js-6.3.16.jar returned status 404
6.3.16	executable	2025-03-08T15:19:43Z	
6.3.17			IOException: Tail request on https://maven-central.storage-download.googleapis.com/maven2/com/zegreatrob/jsmints/wdiorunner-js/6.3.17/wdiorunner-js-6.3.17.jar returned status 404
6.3.17	executable	2025-03-10T15:24:51Z	
6.3.18			IOException: Tail request on https://maven-central.storage-download.googleapis.com/maven2/com/zegreatrob/jsmints/wdiorunner-js/6.3.18/wdiorunner-js-6.3.18.jar returned status 404
6.3.18	executable	2025-03-12T15:25:20Z	
6.3.19			IOException: Tail request on https://maven-central.storage-download.googleapis.com/maven2/com/zegreatrob/jsmints/wdiorunner-js/6.3.19/wdiorunner-js-6.3.19.jar returned status 404
6.3.19	executable	2025-03-13T15:25:07Z	
6.3.2			IOException: Tail request on https://maven-central.storage-download.googleapis.com/maven2/com/zegreatrob/jsmints/wdiorunner-js/6.3.2/wdiorunner-js-6.3.2.jar returned status 404
6.3.2	executable	2025-02-24T22:15:47Z	
6.3.20			IOException: Tail request on https://maven-central.storage-download.googleapis.com/maven2/com/zegreatrob/jsmints/wdiorunner-js/6.3.20/wdiorunner-js-6.3.20.jar returned status 404
6.3.20	executable	2025-03-14T15:24:24Z	
6.3.21			IOException: Tail request on https://maven-central.storage-download.googleapis.com/maven2/com/zegreatrob/jsmints/wdiorunner-js/6.3.21/wdiorunner-js-6.3.21.jar returned status 404
6.3.21	executable	2025-03-15T15:23:11Z	
6.3.22			IOException: Tail request on https://maven-central.storage-download.googleapis.com/maven2/com/zegreatrob/jsmints/wdiorunner-js/6.3.22/wdiorunner-js-6.3.22.jar returned status 404
6.3.22	executable	2025-03-16T15:24:15Z	
6.3.23			IOException: Tail request on https://maven-central.storage-download.googleapis.com/maven2/com/zegreatrob/jsmints/wdiorunner-js/6.3.23/wdiorunner-js-6.3.23.jar returned status 404
6.3.23	executable	2025-03-17T15:23:31Z	
6.3.3			IOException: Tail request on https://maven-central.storage-download.googleapis.com/maven2/com/zegreatrob/jsmints/wdiorunner-js/6.3.3/wdiorunner-js-6.3.3.jar returned status 404
6.3.3	executable	2025-02-24T22:33:33Z	
6.3.4			IOException: Tail request on https://maven-central.storage-download.googleapis.com/maven2/com/zegreatrob/jsmints/wdiorunner-js/6.3.4/wdiorunner-js-6.3.4.jar returned status 404
6.3.4	executable	2025-02-25T00:19:16Z	
6.3.5			IOException: Tail request on https://maven-central.storage-download.googleapis.com/maven2/com/zegreatrob/jsmints/wdiorunner-js/6.3.5/wdiorunner-js-6.3.5.jar returned status 404
6.3.5	executable	2025-02-26T01:15:58Z	
6.3.6			IOException: Tail request on https://maven-central.storage-download.googleapis.com/maven2/com/zegreatrob/jsmints/wdiorunner-js/6.3.6/wdiorunner-js-6.3.6.jar returned status 404
6.3.6	executable	2025-02-26T01:44:37Z	
6.3.7			IOException: Tail request on https://maven-central.storage-download.googleapis.com/maven2/com/zegreatrob/jsmints/wdiorunner-js/6.3.7/wdiorunner-js-6.3.7.jar returned status 404
6.3.7	executable	2025-02-26T15:26:13Z	
6.3.8			IOException: Tail request on https://maven-central.storage-download.googleapis.com/maven2/com/zegreatrob/jsmints/wdiorunner-js/6.3.8/wdiorunner-js-6.3.8.jar returned status 404
6.3.8	executable	2025-02-28T15:25:27Z	
6.3.9			IOException: Tail request on https://maven-central.storage-download.googleapis.com/maven2/com/zegreatrob/jsmints/wdiorunner-js/6.3.9/wdiorunner-js-6.3.9.jar returned status 404
6.3.9	executable	2025-03-01T15:24:44Z	
6.4.0			IOException: Tail request on https://maven-central.storage-download.googleapis.com/maven2/com/zegreatrob/jsmints/wdiorunner-js/6.4.0/wdiorunner-js-6.4.0.jar returned status 404
6.4.0	executable	2025-03-28T13:18:30Z	
6.4.1			IOException: Tail request on https://maven-central.storage-download.googleapis.com/maven2/com/zegreatrob/jsmints/wdiorunner-js/6.4.1/wdiorunner-js-6.4.1.jar returned status 404
6.4.1	executable	2025-03-28T15:28:52Z	
6.4.10			IOException: Tail request on https://maven-central.storage-download.googleapis.com/maven2/com/zegreatrob/jsmints/wdiorunner-js/6.4.10/wdiorunner-js-6.4.10.jar returned status 404
6.4.10	executable	2025-04-10T03:12:26Z	
6.4.11			IOException: Tail request on https://maven-central.storage-download.googleapis.com/maven2/com/zegreatrob/jsmints/wdiorunner-js/6.4.11/wdiorunner-js-6.4.11.jar returned status 404
6.4.11	executable	2025-04-10T15:27:24Z	
6.4.12			IOException: Tail request on https://maven-central.storage-download.googleapis.com/maven2/com/zegreatrob/jsmints/wdiorunner-js/6.4.12/wdiorunner-js-6.4.12.jar returned status 404
6.4.12	executable	2025-04-11T15:23:51Z	
6.4.13			IOException: Tail request on https://maven-central.storage-download.googleapis.com/maven2/com/zegreatrob/jsmints/wdiorunner-js/6.4.13/wdiorunner-js-6.4.13.jar returned status 404
6.4.13	executable	2025-04-12T15:20:17Z	
6.4.14			IOException: Tail request on https://maven-central.storage-download.googleapis.com/maven2/com/zegreatrob/jsmints/wdiorunner-js/6.4.14/wdiorunner-js-6.4.14.jar returned status 404
6.4.14	executable	2025-04-13T15:25:00Z	
6.4.15			IOException: Tail request on https://maven-central.storage-download.googleapis.com/maven2/com/zegreatrob/jsmints/wdiorunner-js/6.4.15/wdiorunner-js-6.4.15.jar returned status 404
6.4.15	executable	2025-04-15T15:23:05Z	
6.4.16			IOException: Tail request on https://maven-central.storage-download.googleapis.com/maven2/com/zegreatrob/jsmints/wdiorunner-js/6.4.16/wdiorunner-js-6.4.16.jar returned status 404
6.4.16	executable	2025-04-16T15:31:44Z	
6.4.17			IOException: Tail request on https://maven-central.storage-download.googleapis.com/maven2/com/zegreatrob/jsmints/wdiorunner-js/6.4.17/wdiorunner-js-6.4.17.jar returned status 404
6.4.17	executable	2025-04-17T15:30:31Z	
6.4.18			IOException: Tail request on https://maven-central.storage-download.googleapis.com/maven2/com/zegreatrob/jsmints/wdiorunner-js/6.4.18/wdiorunner-js-6.4.18.jar returned status 404
6.4.18	executable	2025-04-19T15:31:20Z	
6.4.19			IOException: Tail request on https://maven-central.storage-download.googleapis.com/maven2/com/zegreatrob/jsmints/wdiorunner-js/6.4.19/wdiorunner-js-6.4.19.jar returned status 404
6.4.19	executable	2025-04-25T14:17:58Z	
6.4.2			IOException: Tail request on https://maven-central.storage-download.googleapis.com/maven2/com/zegreatrob/jsmints/wdiorunner-js/6.4.2/wdiorunner-js-6.4.2.jar returned status 404
6.4.2	executable	2025-03-29T15:23:04Z	
6.4.20			IOException: Tail request on https://maven-central.storage-download.googleapis.com/maven2/com/zegreatrob/jsmints/wdiorunner-js/6.4.20/wdiorunner-js-6.4.20.jar returned status 404
6.4.20	executable	2025-04-29T13:15:44Z	
6.4.21			IOException: Tail request on https://maven-central.storage-download.googleapis.com/maven2/com/zegreatrob/jsmints/wdiorunner-js/6.4.21/wdiorunner-js-6.4.21.jar returned status 404
6.4.21	executable	2025-04-29T23:03:14Z	
6.4.22			IOException: Tail request on https://maven-central.storage-download.googleapis.com/maven2/com/zegreatrob/jsmints/wdiorunner-js/6.4.22/wdiorunner-js-6.4.22.jar returned status 404
6.4.22	executable	2025-04-30T15:31:15Z	
6.4.23			IOException: Tail request on https://maven-central.storage-download.googleapis.com/maven2/com/zegreatrob/jsmints/wdiorunner-js/6.4.23/wdiorunner-js-6.4.23.jar returned status 404
6.4.23	executable	2025-05-01T15:30:20Z	
6.4.24			IOException: Tail request on https://maven-central.storage-download.googleapis.com/maven2/com/zegreatrob/jsmints/wdiorunner-js/6.4.24/wdiorunner-js-6.4.24.jar returned status 404
6.4.24	executable	2025-05-02T15:29:48Z	
6.4.25			IOException: Tail request on https://maven-central.storage-download.googleapis.com/maven2/com/zegreatrob/jsmints/wdiorunner-js/6.4.25/wdiorunner-js-6.4.25.jar returned status 404
6.4.25	executable	2025-05-03T15:28:22Z	
6.4.26			IOException: Tail request on https://maven-central.storage-download.googleapis.com/maven2/com/zegreatrob/jsmints/wdiorunner-js/6.4.26/wdiorunner-js-6.4.26.jar returned status 404
6.4.26	executable	2025-05-07T15:31:32Z	
6.4.27			IOException: Tail request on https://maven-central.storage-download.googleapis.com/maven2/com/zegreatrob/jsmints/wdiorunner-js/6.4.27/wdiorunner-js-6.4.27.jar returned status 404
6.4.27	executable	2025-05-09T13:15:48Z	
6.4.28			IOException: Tail request on https://maven-central.storage-download.googleapis.com/maven2/com/zegreatrob/jsmints/wdiorunner-js/6.4.28/wdiorunner-js-6.4.28.jar returned status 404
6.4.28	executable	2025-05-10T15:29:32Z	
6.4.29			IOException: Tail request on https://maven-central.storage-download.googleapis.com/maven2/com/zegreatrob/jsmints/wdiorunner-js/6.4.29/wdiorunner-js-6.4.29.jar returned status 404
6.4.29	executable	2025-05-11T15:28:07Z	
6.4.3			IOException: Tail request on https://maven-central.storage-download.googleapis.com/maven2/com/zegreatrob/jsmints/wdiorunner-js/6.4.3/wdiorunner-js-6.4.3.jar returned status 404
6.4.3	executable	2025-03-30T15:25:06Z	
6.4.31			IOException: Tail request on https://maven-central.storage-download.googleapis.com/maven2/com/zegreatrob/jsmints/wdiorunner-js/6.4.31/wdiorunner-js-6.4.31.jar returned status 404
6.4.31	executable	2025-05-14T15:31:48Z	
6.4.32			IOException: Tail request on https://maven-central.storage-download.googleapis.com/maven2/com/zegreatrob/jsmints/wdiorunner-js/6.4.32/wdiorunner-js-6.4.32.jar returned status 404
6.4.32	executable	2025-05-15T15:31:22Z	
6.4.33			IOException: Tail request on https://maven-central.storage-download.googleapis.com/maven2/com/zegreatrob/jsmints/wdiorunner-js/6.4.33/wdiorunner-js-6.4.33.jar returned status 404
6.4.33	executable	2025-05-16T15:30:01Z	
6.4.34			IOException: Tail request on https://maven-central.storage-download.googleapis.com/maven2/com/zegreatrob/jsmints/wdiorunner-js/6.4.34/wdiorunner-js-6.4.34.jar returned status 404
6.4.34	executable	2025-05-17T15:27:51Z	
6.4.35			IOException: Tail request on https://maven-central.storage-download.googleapis.com/maven2/com/zegreatrob/jsmints/wdiorunner-js/6.4.35/wdiorunner-js-6.4.35.jar returned status 404
6.4.35	executable	2025-05-22T15:31:33Z	
6.4.36			IOException: Tail request on https://maven-central.storage-download.googleapis.com/maven2/com/zegreatrob/jsmints/wdiorunner-js/6.4.36/wdiorunner-js-6.4.36.jar returned status 404
6.4.36	executable	2025-05-23T14:18:00Z	
6.4.37			IOException: Tail request on https://maven-central.storage-download.googleapis.com/maven2/com/zegreatrob/jsmints/wdiorunner-js/6.4.37/wdiorunner-js-6.4.37.jar returned status 404
6.4.37	executable	2025-05-23T15:29:33Z	
6.4.38			IOException: Tail request on https://maven-central.storage-download.googleapis.com/maven2/com/zegreatrob/jsmints/wdiorunner-js/6.4.38/wdiorunner-js-6.4.38.jar returned status 404
6.4.38	executable	2025-05-28T22:31:00Z	
6.4.39			IOException: Tail request on https://maven-central.storage-download.googleapis.com/maven2/com/zegreatrob/jsmints/wdiorunner-js/6.4.39/wdiorunner-js-6.4.39.jar returned status 404
6.4.39	executable	2025-05-28T23:31:19Z	
6.4.4			IOException: Tail request on https://maven-central.storage-download.googleapis.com/maven2/com/zegreatrob/jsmints/wdiorunner-js/6.4.4/wdiorunner-js-6.4.4.jar returned status 404
6.4.4	executable	2025-03-31T15:26:01Z	
6.4.5			IOException: Tail request on https://maven-central.storage-download.googleapis.com/maven2/com/zegreatrob/jsmints/wdiorunner-js/6.4.5/wdiorunner-js-6.4.5.jar returned status 404
6.4.5	executable	2025-04-01T15:27:49Z	
6.4.6			IOException: Tail request on https://maven-central.storage-download.googleapis.com/maven2/com/zegreatrob/jsmints/wdiorunner-js/6.4.6/wdiorunner-js-6.4.6.jar returned status 404
6.4.6	executable	2025-04-02T15:25:57Z	
6.4.7			IOException: Tail request on https://maven-central.storage-download.googleapis.com/maven2/com/zegreatrob/jsmints/wdiorunner-js/6.4.7/wdiorunner-js-6.4.7.jar returned status 404
6.4.7	executable	2025-04-03T15:23:37Z	
6.4.8			IOException: Tail request on https://maven-central.storage-download.googleapis.com/maven2/com/zegreatrob/jsmints/wdiorunner-js/6.4.8/wdiorunner-js-6.4.8.jar returned status 404
6.4.8	executable	2025-04-04T15:23:32Z	
6.4.9			IOException: Tail request on https://maven-central.storage-download.googleapis.com/maven2/com/zegreatrob/jsmints/wdiorunner-js/6.4.9/wdiorunner-js-6.4.9.jar returned status 404
6.4.9	executable	2025-04-08T15:29:17Z	
6.5.0			IOException: Tail request on https://maven-central.storage-download.googleapis.com/maven2/com/zegreatrob/jsmints/wdiorunner-js/6.5.0/wdiorunner-js-6.5.0.jar returned status 404
6.5.0	executable	2025-05-28T23:37:29Z	
6.5.1			IOException: Tail request on https://maven-central.storage-download.googleapis.com/maven2/com/zegreatrob/jsmints/wdiorunner-js/6.5.1/wdiorunner-js-6.5.1.jar returned status 404
6.5.1	executable	2025-05-28T23:43:32Z	
6.5.10			IOException: Tail request on https://maven-central.storage-download.googleapis.com/maven2/com/zegreatrob/jsmints/wdiorunner-js/6.5.10/wdiorunner-js-6.5.10.jar returned status 404
6.5.10	executable	2025-06-05T14:14:01Z	
6.5.11			IOException: Tail request on https://maven-central.storage-download.googleapis.com/maven2/com/zegreatrob/jsmints/wdiorunner-js/6.5.11/wdiorunner-js-6.5.11.jar returned status 404
6.5.11	executable	2025-06-05T15:24:55Z	
6.5.12			IOException: Tail request on https://maven-central.storage-download.googleapis.com/maven2/com/zegreatrob/jsmints/wdiorunner-js/6.5.12/wdiorunner-js-6.5.12.jar returned status 404
6.5.12	executable	2025-06-06T15:23:46Z	
6.5.13			IOException: Tail request on https://maven-central.storage-download.googleapis.com/maven2/com/zegreatrob/jsmints/wdiorunner-js/6.5.13/wdiorunner-js-6.5.13.jar returned status 404
6.5.13	executable	2025-06-07T15:23:49Z	
6.5.14			IOException: Tail request on https://maven-central.storage-download.googleapis.com/maven2/com/zegreatrob/jsmints/wdiorunner-js/6.5.14/wdiorunner-js-6.5.14.jar returned status 404
6.5.14	executable	2025-06-08T15:23:51Z	
6.5.15			IOException: Tail request on https://maven-central.storage-download.googleapis.com/maven2/com/zegreatrob/jsmints/wdiorunner-js/6.5.15/wdiorunner-js-6.5.15.jar returned status 404
6.5.15	executable	2025-06-09T15:23:45Z	
6.5.16			IOException: Tail request on https://maven-central.storage-download.googleapis.com/maven2/com/zegreatrob/jsmints/wdiorunner-js/6.5.16/wdiorunner-js-6.5.16.jar returned status 404
6.5.16	executable	2025-06-10T15:25:47Z	
6.5.17			IOException: Tail request on https://maven-central.storage-download.googleapis.com/maven2/com/zegreatrob/jsmints/wdiorunner-js/6.5.17/wdiorunner-js-6.5.17.jar returned status 404
6.5.17	executable	2025-06-11T15:23:08Z	
6.5.18			IOException: Tail request on https://maven-central.storage-download.googleapis.com/maven2/com/zegreatrob/jsmints/wdiorunner-js/6.5.18/wdiorunner-js-6.5.18.jar returned status 404
6.5.18	executable	2025-06-14T15:23:13Z	
6.5.19			IOException: Tail request on https://maven-central.storage-download.googleapis.com/maven2/com/zegreatrob/jsmints/wdiorunner-js/6.5.19/wdiorunner-js-6.5.19.jar returned status 404
6.5.19	executable	2025-06-14T18:33:11Z	
6.5.2			IOException: Tail request on https://maven-central.storage-download.googleapis.com/maven2/com/zegreatrob/jsmints/wdiorunner-js/6.5.2/wdiorunner-js-6.5.2.jar returned status 404
6.5.2	executable	2025-05-29T02:27:49Z	
6.5.20			IOException: Tail request on https://maven-central.storage-download.googleapis.com/maven2/com/zegreatrob/jsmints/wdiorunner-js/6.5.20/wdiorunner-js-6.5.20.jar returned status 404
6.5.20	executable	2025-06-16T15:23:12Z	
6.5.21			IOException: Tail request on https://maven-central.storage-download.googleapis.com/maven2/com/zegreatrob/jsmints/wdiorunner-js/6.5.21/wdiorunner-js-6.5.21.jar returned status 404
6.5.21	executable	2025-06-17T15:23:34Z	
6.5.22			IOException: Tail request on https://maven-central.storage-download.googleapis.com/maven2/com/zegreatrob/jsmints/wdiorunner-js/6.5.22/wdiorunner-js-6.5.22.jar returned status 404
6.5.22	executable	2025-06-21T15:20:56Z	
6.5.23			IOException: Tail request on https://maven-central.storage-download.googleapis.com/maven2/com/zegreatrob/jsmints/wdiorunner-js/6.5.23/wdiorunner-js-6.5.23.jar returned status 404
6.5.23	executable	2025-06-22T15:21:43Z	
6.5.3			IOException: Tail request on https://maven-central.storage-download.googleapis.com/maven2/com/zegreatrob/jsmints/wdiorunner-js/6.5.3/wdiorunner-js-6.5.3.jar returned status 404
6.5.3	executable	2025-05-29T15:24:01Z	
6.5.4			IOException: Tail request on https://maven-central.storage-download.googleapis.com/maven2/com/zegreatrob/jsmints/wdiorunner-js/6.5.4/wdiorunner-js-6.5.4.jar returned status 404
6.5.4	executable	2025-05-30T15:24:36Z	
6.5.5			IOException: Tail request on https://maven-central.storage-download.googleapis.com/maven2/com/zegreatrob/jsmints/wdiorunner-js/6.5.5/wdiorunner-js-6.5.5.jar returned status 404
6.5.5	executable	2025-05-31T15:22:17Z	
6.5.6			IOException: Tail request on https://maven-central.storage-download.googleapis.com/maven2/com/zegreatrob/jsmints/wdiorunner-js/6.5.6/wdiorunner-js-6.5.6.jar returned status 404
6.5.6	executable	2025-06-01T15:21:00Z	
6.5.7			IOException: Tail request on https://maven-central.storage-download.googleapis.com/maven2/com/zegreatrob/jsmints/wdiorunner-js/6.5.7/wdiorunner-js-6.5.7.jar returned status 404
6.5.7	executable	2025-06-02T15:23:42Z	
6.5.8			IOException: Tail request on https://maven-central.storage-download.googleapis.com/maven2/com/zegreatrob/jsmints/wdiorunner-js/6.5.8/wdiorunner-js-6.5.8.jar returned status 404
6.5.8	executable	2025-06-03T15:23:48Z	
6.5.9			IOException: Tail request on https://maven-central.storage-download.googleapis.com/maven2/com/zegreatrob/jsmints/wdiorunner-js/6.5.9/wdiorunner-js-6.5.9.jar returned status 404
6.5.9	executable	2025-06-04T15:47:08Z	
6.6.0			IOException: Tail request on https://maven-central.storage-download.googleapis.com/maven2/com/zegreatrob/jsmints/wdiorunner-js/6.6.0/wdiorunner-js-6.6.0.jar returned status 404
6.6.0	executable	2025-06-26T18:03:31Z	
6.6.1			IOException: Tail request on https://maven-central.storage-download.googleapis.com/maven2/com/zegreatrob/jsmints/wdiorunner-js/6.6.1/wdiorunner-js-6.6.1.jar returned status 404
6.6.1	executable	2025-06-27T15:02:52Z	
6.6.10			IOException: Tail request on https://maven-central.storage-download.googleapis.com/maven2/com/zegreatrob/jsmints/wdiorunner-js/6.6.10/wdiorunner-js-6.6.10.jar returned status 404
6.6.10	executable	2025-07-05T15:28:19Z	
6.6.11			IOException: Tail request on https://maven-central.storage-download.googleapis.com/maven2/com/zegreatrob/jsmints/wdiorunner-js/6.6.11/wdiorunner-js-6.6.11.jar returned status 404
6.6.11	executable	2025-07-08T15:45:07Z	
6.6.12			IOException: Tail request on https://maven-central.storage-download.googleapis.com/maven2/com/zegreatrob/jsmints/wdiorunner-js/6.6.12/wdiorunner-js-6.6.12.jar returned status 404
6.6.12	executable	2025-07-10T15:37:40Z	
6.6.13			IOException: Tail request on https://maven-central.storage-download.googleapis.com/maven2/com/zegreatrob/jsmints/wdiorunner-js/6.6.13/wdiorunner-js-6.6.13.jar returned status 404
6.6.13	executable	2025-07-11T15:32:40Z	
6.6.14			IOException: Tail request on https://maven-central.storage-download.googleapis.com/maven2/com/zegreatrob/jsmints/wdiorunner-js/6.6.14/wdiorunner-js-6.6.14.jar returned status 404
6.6.14	executable	2025-07-12T15:27:44Z	
6.6.15			IOException: Tail request on https://maven-central.storage-download.googleapis.com/maven2/com/zegreatrob/jsmints/wdiorunner-js/6.6.15/wdiorunner-js-6.6.15.jar returned status 404
6.6.15	executable	2025-07-13T15:27:23Z	
6.6.16			IOException: Tail request on https://maven-central.storage-download.googleapis.com/maven2/com/zegreatrob/jsmints/wdiorunner-js/6.6.16/wdiorunner-js-6.6.16.jar returned status 404
6.6.16	executable	2025-07-14T15:35:47Z	
6.6.17			IOException: Tail request on https://maven-central.storage-download.googleapis.com/maven2/com/zegreatrob/jsmints/wdiorunner-js/6.6.17/wdiorunner-js-6.6.17.jar returned status 404
6.6.17	executable	2025-07-16T15:27:46Z	
6.6.18			IOException: Tail request on https://maven-central.storage-download.googleapis.com/maven2/com/zegreatrob/jsmints/wdiorunner-js/6.6.18/wdiorunner-js-6.6.18.jar returned status 404
6.6.18	executable	2025-07-18T15:26:52Z	
6.6.19			IOException: Tail request on https://maven-central.storage-download.googleapis.com/maven2/com/zegreatrob/jsmints/wdiorunner-js/6.6.19/wdiorunner-js-6.6.19.jar returned status 404
6.6.19	executable	2025-07-19T15:28:03Z	
6.6.2			IOException: Tail request on https://maven-central.storage-download.googleapis.com/maven2/com/zegreatrob/jsmints/wdiorunner-js/6.6.2/wdiorunner-js-6.6.2.jar returned status 404
6.6.2	executable	2025-06-27T15:09:42Z	
6.6.20			IOException: Tail request on https://maven-central.storage-download.googleapis.com/maven2/com/zegreatrob/jsmints/wdiorunner-js/6.6.20/wdiorunner-js-6.6.20.jar returned status 404
6.6.20	executable	2025-07-20T15:26:10Z	
6.6.21			IOException: Tail request on https://maven-central.storage-download.googleapis.com/maven2/com/zegreatrob/jsmints/wdiorunner-js/6.6.21/wdiorunner-js-6.6.21.jar returned status 404
6.6.21	executable	2025-07-22T15:30:09Z	
6.6.22			IOException: Tail request on https://maven-central.storage-download.googleapis.com/maven2/com/zegreatrob/jsmints/wdiorunner-js/6.6.22/wdiorunner-js-6.6.22.jar returned status 404
6.6.22	executable	2025-07-23T15:31:36Z	
6.6.23			IOException: Tail request on https://maven-central.storage-download.googleapis.com/maven2/com/zegreatrob/jsmints/wdiorunner-js/6.6.23/wdiorunner-js-6.6.23.jar returned status 404
6.6.23	executable	2025-07-24T15:27:31Z	
6.6.24			IOException: Tail request on https://maven-central.storage-download.googleapis.com/maven2/com/zegreatrob/jsmints/wdiorunner-js/6.6.24/wdiorunner-js-6.6.24.jar returned status 404
6.6.24	executable	2025-07-25T15:28:07Z	
6.6.25			IOException: Tail request on https://maven-central.storage-download.googleapis.com/maven2/com/zegreatrob/jsmints/wdiorunner-js/6.6.25/wdiorunner-js-6.6.25.jar returned status 404
6.6.25	executable	2025-08-01T15:28:29Z	
6.6.26			IOException: Tail request on https://maven-central.storage-download.googleapis.com/maven2/com/zegreatrob/jsmints/wdiorunner-js/6.6.26/wdiorunner-js-6.6.26.jar returned status 404
6.6.26	executable	2025-08-02T15:27:04Z	
6.6.3			IOException: Tail request on https://maven-central.storage-download.googleapis.com/maven2/com/zegreatrob/jsmints/wdiorunner-js/6.6.3/wdiorunner-js-6.6.3.jar returned status 404
6.6.3	executable	2025-06-27T16:56:04Z	
6.6.4			IOException: Tail request on https://maven-central.storage-download.googleapis.com/maven2/com/zegreatrob/jsmints/wdiorunner-js/6.6.4/wdiorunner-js-6.6.4.jar returned status 404
6.6.4	executable	2025-06-28T15:23:01Z	
6.6.5			IOException: Tail request on https://maven-central.storage-download.googleapis.com/maven2/com/zegreatrob/jsmints/wdiorunner-js/6.6.5/wdiorunner-js-6.6.5.jar returned status 404
6.6.5	executable	2025-06-30T15:24:46Z	
6.6.6			IOException: Tail request on https://maven-central.storage-download.googleapis.com/maven2/com/zegreatrob/jsmints/wdiorunner-js/6.6.6/wdiorunner-js-6.6.6.jar returned status 404
6.6.6	executable	2025-07-02T21:22:36Z	
6.6.7			IOException: Tail request on https://maven-central.storage-download.googleapis.com/maven2/com/zegreatrob/jsmints/wdiorunner-js/6.6.7/wdiorunner-js-6.6.7.jar returned status 404
6.6.7	executable	2025-07-02T22:24:48Z	
6.6.8			IOException: Tail request on https://maven-central.storage-download.googleapis.com/maven2/com/zegreatrob/jsmints/wdiorunner-js/6.6.8/wdiorunner-js-6.6.8.jar returned status 404
6.6.8	executable	2025-07-02T22:37:34Z	
6.6.9			IOException: Tail request on https://maven-central.storage-download.googleapis.com/maven2/com/zegreatrob/jsmints/wdiorunner-js/6.6.9/wdiorunner-js-6.6.9.jar returned status 404
6.6.9	executable	2025-07-05T14:18:33Z	
6.7.0			IOException: Tail request on https://maven-central.storage-download.googleapis.com/maven2/com/zegreatrob/jsmints/wdiorunner-js/6.7.0/wdiorunner-js-6.7.0.jar returned status 404
6.7.0	executable	2025-08-02T18:11:20Z	
6.7.1			IOException: Tail request on https://maven-central.storage-download.googleapis.com/maven2/com/zegreatrob/jsmints/wdiorunner-js/6.7.1/wdiorunner-js-6.7.1.jar returned status 404
6.7.1	executable	2025-08-03T14:12:40Z	
6.7.10			IOException: Tail request on https://maven-central.storage-download.googleapis.com/maven2/com/zegreatrob/jsmints/wdiorunner-js/6.7.10/wdiorunner-js-6.7.10.jar returned status 404
6.7.10	executable	2025-08-12T15:27:28Z	
6.7.11			IOException: Tail request on https://maven-central.storage-download.googleapis.com/maven2/com/zegreatrob/jsmints/wdiorunner-js/6.7.11/wdiorunner-js-6.7.11.jar returned status 404
6.7.11	executable	2025-08-13T15:24:54Z	
6.7.12			IOException: Tail request on https://maven-central.storage-download.googleapis.com/maven2/com/zegreatrob/jsmints/wdiorunner-js/6.7.12/wdiorunner-js-6.7.12.jar returned status 404
6.7.12	executable	2025-08-14T15:31:50Z	
6.7.13			IOException: Tail request on https://maven-central.storage-download.googleapis.com/maven2/com/zegreatrob/jsmints/wdiorunner-js/6.7.13/wdiorunner-js-6.7.13.jar returned status 404
6.7.13	executable	2025-08-15T15:31:01Z	
6.7.14			IOException: Tail request on https://maven-central.storage-download.googleapis.com/maven2/com/zegreatrob/jsmints/wdiorunner-js/6.7.14/wdiorunner-js-6.7.14.jar returned status 404
6.7.14	executable	2025-08-17T15:27:29Z	
6.7.15			IOException: Tail request on https://maven-central.storage-download.googleapis.com/maven2/com/zegreatrob/jsmints/wdiorunner-js/6.7.15/wdiorunner-js-6.7.15.jar returned status 404
6.7.15	executable	2025-08-18T15:31:02Z	
6.7.16			IOException: Tail request on https://maven-central.storage-download.googleapis.com/maven2/com/zegreatrob/jsmints/wdiorunner-js/6.7.16/wdiorunner-js-6.7.16.jar returned status 404
6.7.16	executable	2025-08-19T15:30:37Z	
6.7.17			IOException: Tail request on https://maven-central.storage-download.googleapis.com/maven2/com/zegreatrob/jsmints/wdiorunner-js/6.7.17/wdiorunner-js-6.7.17.jar returned status 404
6.7.17	executable	2025-08-21T15:30:36Z	
6.7.18			IOException: Tail request on https://maven-central.storage-download.googleapis.com/maven2/com/zegreatrob/jsmints/wdiorunner-js/6.7.18/wdiorunner-js-6.7.18.jar returned status 404
6.7.18	executable	2025-08-22T15:30:58Z	
6.7.19			IOException: Tail request on https://maven-central.storage-download.googleapis.com/maven2/com/zegreatrob/jsmints/wdiorunner-js/6.7.19/wdiorunner-js-6.7.19.jar returned status 404
6.7.19	executable	2025-08-23T15:27:45Z	
6.7.2			IOException: Tail request on https://maven-central.storage-download.googleapis.com/maven2/com/zegreatrob/jsmints/wdiorunner-js/6.7.2/wdiorunner-js-6.7.2.jar returned status 404
6.7.2	executable	2025-08-03T15:28:24Z	
6.7.20			IOException: Tail request on https://maven-central.storage-download.googleapis.com/maven2/com/zegreatrob/jsmints/wdiorunner-js/6.7.20/wdiorunner-js-6.7.20.jar returned status 404
6.7.20	executable	2025-08-24T15:28:29Z	
6.7.21			IOException: Tail request on https://maven-central.storage-download.googleapis.com/maven2/com/zegreatrob/jsmints/wdiorunner-js/6.7.21/wdiorunner-js-6.7.21.jar returned status 404
6.7.21	executable	2025-08-25T15:31:17Z	
6.7.22			IOException: Tail request on https://maven-central.storage-download.googleapis.com/maven2/com/zegreatrob/jsmints/wdiorunner-js/6.7.22/wdiorunner-js-6.7.22.jar returned status 404
6.7.22	executable	2025-08-27T15:30:01Z	
6.7.23			IOException: Tail request on https://maven-central.storage-download.googleapis.com/maven2/com/zegreatrob/jsmints/wdiorunner-js/6.7.23/wdiorunner-js-6.7.23.jar returned status 404
6.7.23	executable	2025-08-29T15:29:53Z	
6.7.24			IOException: Tail request on https://maven-central.storage-download.googleapis.com/maven2/com/zegreatrob/jsmints/wdiorunner-js/6.7.24/wdiorunner-js-6.7.24.jar returned status 404
6.7.24	executable	2025-08-30T15:27:29Z	
6.7.25			IOException: Tail request on https://maven-central.storage-download.googleapis.com/maven2/com/zegreatrob/jsmints/wdiorunner-js/6.7.25/wdiorunner-js-6.7.25.jar returned status 404
6.7.25	executable	2025-09-01T15:29:21Z	
6.7.26			IOException: Tail request on https://maven-central.storage-download.googleapis.com/maven2/com/zegreatrob/jsmints/wdiorunner-js/6.7.26/wdiorunner-js-6.7.26.jar returned status 404
6.7.26	executable	2025-09-03T15:31:12Z	
6.7.27			IOException: Tail request on https://maven-central.storage-download.googleapis.com/maven2/com/zegreatrob/jsmints/wdiorunner-js/6.7.27/wdiorunner-js-6.7.27.jar returned status 404
6.7.27	executable	2025-09-04T15:29:14Z	
6.7.28			IOException: Tail request on https://maven-central.storage-download.googleapis.com/maven2/com/zegreatrob/jsmints/wdiorunner-js/6.7.28/wdiorunner-js-6.7.28.jar returned status 404
6.7.28	executable	2025-09-05T15:29:14Z	
6.7.29			IOException: Tail request on https://maven-central.storage-download.googleapis.com/maven2/com/zegreatrob/jsmints/wdiorunner-js/6.7.29/wdiorunner-js-6.7.29.jar returned status 404
6.7.29	executable	2025-09-06T02:16:21Z	
6.7.3			IOException: Tail request on https://maven-central.storage-download.googleapis.com/maven2/com/zegreatrob/jsmints/wdiorunner-js/6.7.3/wdiorunner-js-6.7.3.jar returned status 404
6.7.3	executable	2025-08-04T15:29:40Z	
6.7.30			IOException: Tail request on https://maven-central.storage-download.googleapis.com/maven2/com/zegreatrob/jsmints/wdiorunner-js/6.7.30/wdiorunner-js-6.7.30.jar returned status 404
6.7.30	executable	2025-09-07T15:26:08Z	
6.7.31			IOException: Tail request on https://maven-central.storage-download.googleapis.com/maven2/com/zegreatrob/jsmints/wdiorunner-js/6.7.31/wdiorunner-js-6.7.31.jar returned status 404
6.7.31	executable	2025-09-08T15:30:00Z	
6.7.32			IOException: Tail request on https://maven-central.storage-download.googleapis.com/maven2/com/zegreatrob/jsmints/wdiorunner-js/6.7.32/wdiorunner-js-6.7.32.jar returned status 404
6.7.32	executable	2025-09-09T15:32:42Z	
6.7.33			IOException: Tail request on https://maven-central.storage-download.googleapis.com/maven2/com/zegreatrob/jsmints/wdiorunner-js/6.7.33/wdiorunner-js-6.7.33.jar returned status 404
6.7.33	executable	2025-09-10T15:31:33Z	
6.7.34			IOException: Tail request on https://maven-central.storage-download.googleapis.com/maven2/com/zegreatrob/jsmints/wdiorunner-js/6.7.34/wdiorunner-js-6.7.34.jar returned status 404
6.7.34	executable	2025-09-11T15:32:33Z	
6.7.35			IOException: Tail request on https://maven-central.storage-download.googleapis.com/maven2/com/zegreatrob/jsmints/wdiorunner-js/6.7.35/wdiorunner-js-6.7.35.jar returned status 404
6.7.35	executable	2025-09-12T15:30:34Z	
6.7.36			IOException: Tail request on https://maven-central.storage-download.googleapis.com/maven2/com/zegreatrob/jsmints/wdiorunner-js/6.7.36/wdiorunner-js-6.7.36.jar returned status 404
6.7.36	executable	2025-09-13T15:25:53Z	
6.7.37			IOException: Tail request on https://maven-central.storage-download.googleapis.com/maven2/com/zegreatrob/jsmints/wdiorunner-js/6.7.37/wdiorunner-js-6.7.37.jar returned status 404
6.7.37	executable	2025-09-14T15:25:43Z	
6.7.4			IOException: Tail request on https://maven-central.storage-download.googleapis.com/maven2/com/zegreatrob/jsmints/wdiorunner-js/6.7.4/wdiorunner-js-6.7.4.jar returned status 404
6.7.4	executable	2025-08-05T15:31:52Z	
6.7.40			IOException: Tail request on https://maven-central.storage-download.googleapis.com/maven2/com/zegreatrob/jsmints/wdiorunner-js/6.7.40/wdiorunner-js-6.7.40.jar returned status 404
6.7.40	executable	2025-09-19T15:30:44Z	
6.7.41			IOException: Tail request on https://maven-central.storage-download.googleapis.com/maven2/com/zegreatrob/jsmints/wdiorunner-js/6.7.41/wdiorunner-js-6.7.41.jar returned status 404
6.7.41	executable	2025-09-20T15:26:36Z	
6.7.42			IOException: Tail request on https://maven-central.storage-download.googleapis.com/maven2/com/zegreatrob/jsmints/wdiorunner-js/6.7.42/wdiorunner-js-6.7.42.jar returned status 404
6.7.42	executable	2025-09-21T15:28:50Z	
6.7.43			IOException: Tail request on https://maven-central.storage-download.googleapis.com/maven2/com/zegreatrob/jsmints/wdiorunner-js/6.7.43/wdiorunner-js-6.7.43.jar returned status 404
6.7.43	executable	2025-09-22T15:30:47Z	
6.7.44			IOException: Tail request on https://maven-central.storage-download.googleapis.com/maven2/com/zegreatrob/jsmints/wdiorunner-js/6.7.44/wdiorunner-js-6.7.44.jar returned status 404
6.7.44	executable	2025-09-23T15:29:21Z	
6.7.45			IOException: Tail request on https://maven-central.storage-download.googleapis.com/maven2/com/zegreatrob/jsmints/wdiorunner-js/6.7.45/wdiorunner-js-6.7.45.jar returned status 404
6.7.45	executable	2025-09-24T15:32:24Z	
6.7.46			IOException: Tail request on https://maven-central.storage-download.googleapis.com/maven2/com/zegreatrob/jsmints/wdiorunner-js/6.7.46/wdiorunner-js-6.7.46.jar returned status 404
6.7.46	executable	2025-09-25T15:30:37Z	
6.7.47			IOException: Tail request on https://maven-central.storage-download.googleapis.com/maven2/com/zegreatrob/jsmints/wdiorunner-js/6.7.47/wdiorunner-js-6.7.47.jar returned status 404
6.7.47	executable	2025-09-26T15:29:00Z	
6.7.48			IOException: Tail request on https://maven-central.storage-download.googleapis.com/maven2/com/zegreatrob/jsmints/wdiorunner-js/6.7.48/wdiorunner-js-6.7.48.jar returned status 404
6.7.48	executable	2025-09-27T15:29:01Z	
6.7.49			IOException: Tail request on https://maven-central.storage-download.googleapis.com/maven2/com/zegreatrob/jsmints/wdiorunner-js/6.7.49/wdiorunner-js-6.7.49.jar returned status 404
6.7.49	executable	2025-09-28T15:26:33Z	
6.7.5			IOException: Tail request on https://maven-central.storage-download.googleapis.com/maven2/com/zegreatrob/jsmints/wdiorunner-js/6.7.5/wdiorunner-js-6.7.5.jar returned status 404
6.7.5	executable	2025-08-06T15:29:30Z	
6.7.50			IOException: Tail request on https://maven-central.storage-download.googleapis.com/maven2/com/zegreatrob/jsmints/wdiorunner-js/6.7.50/wdiorunner-js-6.7.50.jar returned status 404
6.7.50	executable	2025-09-29T15:31:12Z	
6.7.51			IOException: Tail request on https://maven-central.storage-download.googleapis.com/maven2/com/zegreatrob/jsmints/wdiorunner-js/6.7.51/wdiorunner-js-6.7.51.jar returned status 404
6.7.51	executable	2025-09-30T15:37:26Z	
6.7.52			IOException: Tail request on https://maven-central.storage-download.googleapis.com/maven2/com/zegreatrob/jsmints/wdiorunner-js/6.7.52/wdiorunner-js-6.7.52.jar returned status 404
6.7.52	executable	2025-10-01T15:35:06Z	
6.7.53			IOException: Tail request on https://maven-central.storage-download.googleapis.com/maven2/com/zegreatrob/jsmints/wdiorunner-js/6.7.53/wdiorunner-js-6.7.53.jar returned status 404
6.7.53	executable	2025-10-02T15:50:17Z	
6.7.54			IOException: Tail request on https://maven-central.storage-download.googleapis.com/maven2/com/zegreatrob/jsmints/wdiorunner-js/6.7.54/wdiorunner-js-6.7.54.jar returned status 404
6.7.54	executable	2025-10-03T15:31:56Z	
6.7.55			IOException: Tail request on https://maven-central.storage-download.googleapis.com/maven2/com/zegreatrob/jsmints/wdiorunner-js/6.7.55/wdiorunner-js-6.7.55.jar returned status 404
6.7.55	executable	2025-10-06T00:46:10Z	
6.7.56			IOException: Tail request on https://maven-central.storage-download.googleapis.com/maven2/com/zegreatrob/jsmints/wdiorunner-js/6.7.56/wdiorunner-js-6.7.56.jar returned status 404
6.7.56	executable	2025-10-07T01:46:39Z	
6.7.57			IOException: Tail request on https://maven-central.storage-download.googleapis.com/maven2/com/zegreatrob/jsmints/wdiorunner-js/6.7.57/wdiorunner-js-6.7.57.jar returned status 404
6.7.57	executable	2025-10-08T01:30:27Z	
6.7.58			IOException: Tail request on https://maven-central.storage-download.googleapis.com/maven2/com/zegreatrob/jsmints/wdiorunner-js/6.7.58/wdiorunner-js-6.7.58.jar returned status 404
6.7.58	executable	2025-10-09T17:00:04Z	
6.7.59			IOException: Tail request on https://maven-central.storage-download.googleapis.com/maven2/com/zegreatrob/jsmints/wdiorunner-js/6.7.59/wdiorunner-js-6.7.59.jar returned status 404
6.7.59	executable	2025-10-10T15:30:18Z	
6.7.6			IOException: Tail request on https://maven-central.storage-download.googleapis.com/maven2/com/zegreatrob/jsmints/wdiorunner-js/6.7.6/wdiorunner-js-6.7.6.jar returned status 404
6.7.6	executable	2025-08-07T15:29:35Z	
6.7.60			IOException: Tail request on https://maven-central.storage-download.googleapis.com/maven2/com/zegreatrob/jsmints/wdiorunner-js/6.7.60/wdiorunner-js-6.7.60.jar returned status 404
6.7.60	executable	2025-10-11T15:28:36Z	
6.7.61			IOException: Tail request on https://maven-central.storage-download.googleapis.com/maven2/com/zegreatrob/jsmints/wdiorunner-js/6.7.61/wdiorunner-js-6.7.61.jar returned status 404
6.7.61	executable	2025-10-12T15:28:24Z	
6.7.62			IOException: Tail request on https://maven-central.storage-download.googleapis.com/maven2/com/zegreatrob/jsmints/wdiorunner-js/6.7.62/wdiorunner-js-6.7.62.jar returned status 404
6.7.62	executable	2025-10-13T15:30:01Z	
6.7.63			IOException: Tail request on https://maven-central.storage-download.googleapis.com/maven2/com/zegreatrob/jsmints/wdiorunner-js/6.7.63/wdiorunner-js-6.7.63.jar returned status 404
6.7.63	executable	2025-10-14T15:32:49Z	
6.7.64			IOException: Tail request on https://maven-central.storage-download.googleapis.com/maven2/com/zegreatrob/jsmints/wdiorunner-js/6.7.64/wdiorunner-js-6.7.64.jar returned status 404
6.7.64	executable	2025-10-17T02:26:36Z	
6.7.65			IOException: Tail request on https://maven-central.storage-download.googleapis.com/maven2/com/zegreatrob/jsmints/wdiorunner-js/6.7.65/wdiorunner-js-6.7.65.jar returned status 404
6.7.65	executable	2025-10-18T15:28:54Z	
6.7.66			IOException: Tail request on https://maven-central.storage-download.googleapis.com/maven2/com/zegreatrob/jsmints/wdiorunner-js/6.7.66/wdiorunner-js-6.7.66.jar returned status 404
6.7.66	executable	2025-10-19T15:26:43Z	
6.7.67			IOException: Tail request on https://maven-central.storage-download.googleapis.com/maven2/com/zegreatrob/jsmints/wdiorunner-js/6.7.67/wdiorunner-js-6.7.67.jar returned status 404
6.7.67	executable	2025-10-21T15:34:39Z	
6.7.68			IOException: Tail request on https://maven-central.storage-download.googleapis.com/maven2/com/zegreatrob/jsmints/wdiorunner-js/6.7.68/wdiorunner-js-6.7.68.jar returned status 404
6.7.68	executable	2025-10-22T15:30:23Z	
6.7.7			IOException: Tail request on https://maven-central.storage-download.googleapis.com/maven2/com/zegreatrob/jsmints/wdiorunner-js/6.7.7/wdiorunner-js-6.7.7.jar returned status 404
6.7.7	executable	2025-08-09T15:26:38Z	
6.7.70			IOException: Tail request on https://maven-central.storage-download.googleapis.com/maven2/com/zegreatrob/jsmints/wdiorunner-js/6.7.70/wdiorunner-js-6.7.70.jar returned status 404
6.7.70	executable	2025-10-24T15:30:07Z	
6.7.8			IOException: Tail request on https://maven-central.storage-download.googleapis.com/maven2/com/zegreatrob/jsmints/wdiorunner-js/6.7.8/wdiorunner-js-6.7.8.jar returned status 404
6.7.8	executable	2025-08-10T15:25:43Z	
6.7.9			IOException: Tail request on https://maven-central.storage-download.googleapis.com/maven2/com/zegreatrob/jsmints/wdiorunner-js/6.7.9/wdiorunner-js-6.7.9.jar returned status 404
6.7.9	executable	2025-08-11T15:29:44Z	
6.8.0			IOException: Tail request on https://maven-central.storage-download.googleapis.com/maven2/com/zegreatrob/jsmints/wdiorunner-js/6.8.0/wdiorunner-js-6.8.0.jar returned status 404
6.8.0	executable	2025-10-27T00:26:24Z	
6.8.1			IOException: Tail request on https://maven-central.storage-download.googleapis.com/maven2/com/zegreatrob/jsmints/wdiorunner-js/6.8.1/wdiorunner-js-6.8.1.jar returned status 404
6.8.1	executable	2025-10-27T00:55:54Z	
6.8.10			IOException: Tail request on https://maven-central.storage-download.googleapis.com/maven2/com/zegreatrob/jsmints/wdiorunner-js/6.8.10/wdiorunner-js-6.8.10.jar returned status 404
6.8.10	executable	2025-11-04T15:34:20Z	
6.8.11			IOException: Tail request on https://maven-central.storage-download.googleapis.com/maven2/com/zegreatrob/jsmints/wdiorunner-js/6.8.11/wdiorunner-js-6.8.11.jar returned status 404
6.8.11	executable	2025-11-06T13:59:19Z	
6.8.2			IOException: Tail request on https://maven-central.storage-download.googleapis.com/maven2/com/zegreatrob/jsmints/wdiorunner-js/6.8.2/wdiorunner-js-6.8.2.jar returned status 404
6.8.2	executable	2025-10-28T15:32:22Z	
6.8.3			IOException: Tail request on https://maven-central.storage-download.googleapis.com/maven2/com/zegreatrob/jsmints/wdiorunner-js/6.8.3/wdiorunner-js-6.8.3.jar returned status 404
6.8.3	executable	2025-10-29T15:35:36Z	
6.8.4			IOException: Tail request on https://maven-central.storage-download.googleapis.com/maven2/com/zegreatrob/jsmints/wdiorunner-js/6.8.4/wdiorunner-js-6.8.4.jar returned status 404
6.8.4	executable	2025-10-30T14:19:25Z	
6.8.5			IOException: Tail request on https://maven-central.storage-download.googleapis.com/maven2/com/zegreatrob/jsmints/wdiorunner-js/6.8.5/wdiorunner-js-6.8.5.jar returned status 404
6.8.5	executable	2025-10-30T15:32:42Z	
6.8.6			IOException: Tail request on https://maven-central.storage-download.googleapis.com/maven2/com/zegreatrob/jsmints/wdiorunner-js/6.8.6/wdiorunner-js-6.8.6.jar returned status 404
6.8.6	executable	2025-10-31T15:31:37Z	
6.8.7			IOException: Tail request on https://maven-central.storage-download.googleapis.com/maven2/com/zegreatrob/jsmints/wdiorunner-js/6.8.7/wdiorunner-js-6.8.7.jar returned status 404
6.8.7	executable	2025-11-01T15:26:37Z	
6.8.8			IOException: Tail request on https://maven-central.storage-download.googleapis.com/maven2/com/zegreatrob/jsmints/wdiorunner-js/6.8.8/wdiorunner-js-6.8.8.jar returned status 404
6.8.8	executable	2025-11-02T15:29:49Z	
6.8.9			IOException: Tail request on https://maven-central.storage-download.googleapis.com/maven2/com/zegreatrob/jsmints/wdiorunner-js/6.8.9/wdiorunner-js-6.8.9.jar returned status 404
6.8.9	executable	2025-11-03T15:31:11Z	
6.9.0			IOException: Tail request on https://maven-central.storage-download.googleapis.com/maven2/com/zegreatrob/jsmints/wdiorunner-js/6.9.0/wdiorunner-js-6.9.0.jar returned status 404
6.9.0	executable	2025-11-08T15:35:50Z	
