1.0.0-pre.202-kotlin-1.5.0		2021-05-20T09:52:28Z	
1.0.0-pre.203-kotlin-1.5.0		2021-05-21T11:41:02Z	
1.0.0-pre.204-kotlin-1.4.32		2021-05-21T20:58:56Z	
1.0.0-pre.204-kotlin-1.5.0		2021-05-21T20:52:49Z	
1.0.0-pre.205-kotlin-1.4.32		2021-05-30T16:17:56Z	
1.0.0-pre.205-kotlin-1.5.10		2021-05-30T16:12:46Z	
1.0.0-pre.206-kotlin-1.4.32		2021-05-31T09:31:30Z	
1.0.0-pre.206-kotlin-1.5.10		2021-05-31T09:23:08Z	
1.0.0-pre.207-kotlin-1.5.10		2021-06-04T14:20:16Z	
1.0.0-pre.208-kotlin-1.5.10		2021-06-07T08:51:15Z	
1.0.0-pre.209-kotlin-1.5.10		2021-06-10T07:10:05Z	
1.0.0-pre.210-kotlin-1.5.10		2021-06-12T14:50:37Z	
1.0.0-pre.211-kotlin-1.5.10		2021-06-12T16:45:14Z	
1.0.0-pre.212-kotlin-1.5.10		2021-06-15T13:28:12Z	
1.0.0-pre.213-kotlin-1.5.10		2021-06-18T15:04:57Z	
1.0.0-pre.213-kotlin-1.5.20		2021-06-24T19:09:51Z	
1.0.0-pre.214-kotlin-1.5.20		2021-06-29T20:47:22Z	
1.0.0-pre.215-kotlin-1.5.20		2021-07-10T08:11:37Z	
1.0.0-pre.216-kotlin-1.5.20		2021-07-12T10:19:09Z	
1.0.0-pre.217-kotlin-1.5.21		2021-07-16T07:07:50Z	
1.0.0-pre.218-kotlin-1.5.21		2021-07-17T17:48:04Z	
1.0.0-pre.219-kotlin-1.5.21		2021-07-19T20:19:56Z	
1.0.0-pre.220-kotlin-1.5.21		2021-07-21T12:42:33Z	
1.0.0-pre.221-kotlin-1.5.21		2021-07-22T08:35:08Z	
1.0.0-pre.222-kotlin-1.5.21		2021-07-26T10:07:37Z	
1.0.0-pre.223-kotlin-1.5.21		2021-07-30T19:20:18Z	
1.0.0-pre.224-kotlin-1.5.21		2021-08-02T09:17:39Z	
1.0.0-pre.225-kotlin-1.5.21		2021-08-03T09:15:15Z	
1.0.0-pre.226-kotlin-1.5.21		2021-08-05T11:42:55Z	
1.0.0-pre.227-kotlin-1.5.21		2021-08-06T15:55:47Z	
1.0.0-pre.228-kotlin-1.5.21		2021-08-08T09:21:14Z	
1.0.0-pre.229-kotlin-1.5.21		2021-08-09T09:16:55Z	
1.0.0-pre.230-kotlin-1.5.21		2021-08-12T07:01:24Z	
1.0.0-pre.231-kotlin-1.5.21		2021-08-12T16:41:31Z	
1.0.0-pre.232-kotlin-1.5.21		2021-08-20T07:12:33Z	
1.0.0-pre.233-kotlin-1.5.21		2021-08-20T21:09:00Z	
1.0.0-pre.234-kotlin-1.5.21		2021-08-22T13:58:20Z	
1.0.0-pre.235-kotlin-1.5.21		2021-08-23T14:45:47Z	
1.0.0-pre.236-kotlin-1.5.30		2021-08-24T13:41:43Z	
1.0.0-pre.237-kotlin-1.5.30		2021-08-25T16:21:24Z	
1.0.0-pre.238-kotlin-1.5.30		2021-08-26T07:08:32Z	
1.0.0-pre.239-kotlin-1.5.30		2021-08-29T19:26:12Z	
1.0.0-pre.240-kotlin-1.5.30		2021-08-31T19:24:23Z	
1.0.0-pre.241-kotlin-1.5.30		2021-09-04T08:36:07Z	
1.0.0-pre.242-kotlin-1.5.30		2021-09-06T07:24:13Z	
1.0.0-pre.243-kotlin-1.5.30		2021-09-07T19:51:06Z	
1.0.0-pre.244-kotlin-1.5.30		2021-09-13T14:51:26Z	
1.0.0-pre.245-kotlin-1.5.30		2021-09-14T19:27:40Z	
1.0.0-pre.246-kotlin-1.5.30		2021-09-16T13:10:14Z	
1.0.0-pre.247-kotlin-1.5.31		2021-09-20T09:07:18Z	
1.0.0-pre.248-kotlin-1.5.31		2021-09-22T16:03:15Z	
1.0.0-pre.249-kotlin-1.5.31		2021-09-26T16:52:30Z	
1.0.0-pre.250-kotlin-1.5.31		2021-09-28T15:30:33Z	
1.0.0-pre.251-kotlin-1.5.31		2021-09-30T10:03:58Z	
1.0.0-pre.252-kotlin-1.5.31		2021-10-04T09:28:45Z	
1.0.0-pre.253-kotlin-1.5.31		2021-10-05T14:07:53Z	
1.0.0-pre.254-kotlin-1.5.31		2021-10-06T12:06:17Z	
1.0.0-pre.255-kotlin-1.5.31		2021-10-07T15:57:16Z	
1.0.0-pre.256-kotlin-1.5.31		2021-10-08T13:06:24Z	
1.0.0-pre.257-kotlin-1.5.31		2021-10-11T12:58:46Z	
1.0.0-pre.258-kotlin-1.5.31		2021-10-17T08:45:19Z	
1.0.0-pre.259-kotlin-1.5.31		2021-10-18T12:22:38Z	
1.0.0-pre.260-kotlin-1.5.31		2021-10-21T08:43:12Z	
1.0.0-pre.261-kotlin-1.5.31		2021-10-25T11:45:58Z	
1.0.0-pre.262-kotlin-1.5.31		2021-10-28T07:51:51Z	
1.0.0-pre.263-kotlin-1.5.31		2021-11-01T12:30:42Z	
1.0.0-pre.264-kotlin-1.5.31		2021-11-03T17:12:31Z	
1.0.0-pre.265-kotlin-1.5.31		2021-11-10T18:46:08Z	
1.0.0-pre.266-kotlin-1.6.0		2021-11-16T10:56:27Z	
1.0.0-pre.267-kotlin-1.6.0		2021-11-17T18:59:43Z	
1.0.0-pre.268-kotlin-1.6.0		2021-11-18T15:27:36Z	
1.0.0-pre.269-kotlin-1.6.0		2021-11-21T11:37:05Z	
1.0.0-pre.270-kotlin-1.6.0		2021-11-22T15:10:59Z	
1.0.0-pre.271-kotlin-1.6.0		2021-11-23T19:23:56Z	
1.0.0-pre.272-kotlin-1.6.0		2021-11-25T15:09:03Z	
1.0.0-pre.273-kotlin-1.6.0		2021-11-28T12:31:06Z	
1.0.0-pre.274-kotlin-1.6.0		2021-11-29T08:34:42Z	
1.0.0-pre.275-kotlin-1.6.0		2021-12-03T08:06:50Z	
1.0.0-pre.276-kotlin-1.6.0		2021-12-04T07:18:28Z	
1.0.0-pre.277-kotlin-1.6.0		2021-12-05T17:20:44Z	
1.0.0-pre.278-kotlin-1.6.0		2021-12-06T16:00:20Z	
1.0.0-pre.279-kotlin-1.6.0		2021-12-07T19:08:31Z	
1.0.0-pre.280-kotlin-1.6.0		2021-12-13T11:54:20Z	
1.0.0-pre.281-kotlin-1.6.10		2021-12-15T16:51:07Z	
1.0.0-pre.282-kotlin-1.6.10		2021-12-17T12:05:50Z	
1.0.0-pre.283-kotlin-1.6.10		2021-12-21T14:46:26Z	
1.0.0-pre.284-kotlin-1.6.10		2021-12-23T12:01:43Z	
1.0.0-pre.285-kotlin-1.6.10		2022-01-01T18:01:29Z	
1.0.0-pre.286-kotlin-1.6.10		2022-01-03T20:45:27Z	
1.0.0-pre.287-kotlin-1.6.10		2022-01-05T08:11:20Z	
1.0.0-pre.288-kotlin-1.6.10		2022-01-06T08:23:41Z	
1.0.0-pre.289-kotlin-1.6.10		2022-01-07T15:44:07Z	
1.0.0-pre.290-kotlin-1.6.10		2022-01-09T12:45:10Z	
1.0.0-pre.291-kotlin-1.6.10		2022-01-24T15:18:00Z	
1.0.0-pre.292-kotlin-1.6.10		2022-01-28T14:49:19Z	
1.0.0-pre.293-kotlin-1.6.10		2022-01-31T15:12:43Z	
1.0.0-pre.294-kotlin-1.6.10		2022-02-07T08:47:56Z	
1.0.0-pre.295-kotlin-1.6.10		2022-02-09T10:44:57Z	
1.0.0-pre.296-kotlin-1.6.10		2022-02-09T16:35:08Z	
1.0.0-pre.297-kotlin-1.6.10		2022-02-10T11:49:26Z	
1.0.0-pre.298-kotlin-1.6.10		2022-02-11T08:19:40Z	
1.0.0-pre.299-kotlin-1.6.10		2022-02-14T09:55:27Z	
1.0.0-pre.300-kotlin-1.6.10		2022-02-16T14:33:25Z	
1.0.0-pre.301-kotlin-1.6.10		2022-02-17T08:57:18Z	
1.0.0-pre.302-kotlin-1.6.10		2022-02-19T17:23:17Z	
1.0.0-pre.303-kotlin-1.6.10		2022-02-20T08:56:50Z	
1.0.0-pre.304-kotlin-1.6.10		2022-02-22T08:45:54Z	
1.0.0-pre.305-kotlin-1.6.10		2022-02-24T10:16:56Z	
1.0.0-pre.306-kotlin-1.6.10		2022-02-24T12:19:18Z	
1.0.0-pre.307-kotlin-1.6.10		2022-02-25T12:03:21Z	
1.0.0-pre.308-kotlin-1.6.10		2022-02-26T16:07:10Z	
1.0.0-pre.309-kotlin-1.6.10		2022-02-27T17:59:04Z	
1.0.0-pre.310-kotlin-1.6.10		2022-03-02T08:28:32Z	
1.0.0-pre.311-kotlin-1.6.10		2022-03-03T10:14:51Z	
1.0.0-pre.312-kotlin-1.6.10		2022-03-04T19:42:32Z	
1.0.0-pre.313-kotlin-1.6.10		2022-03-06T14:24:51Z	
1.0.0-pre.314-kotlin-1.6.10		2022-03-07T17:19:57Z	
1.0.0-pre.315-kotlin-1.6.10		2022-03-08T10:51:20Z	
1.0.0-pre.316-kotlin-1.6.10		2022-03-08T19:25:37Z	
1.0.0-pre.317-kotlin-1.6.10		2022-03-09T18:48:37Z	
1.0.0-pre.318-kotlin-1.6.10		2022-03-10T10:38:47Z	
1.0.0-pre.319-kotlin-1.6.10		2022-03-11T15:11:25Z	
1.0.0-pre.320-kotlin-1.6.10		2022-03-12T09:27:38Z	
1.0.0-pre.321-kotlin-1.6.10		2022-03-16T14:14:35Z	
1.0.0-pre.322-kotlin-1.6.10		2022-03-21T12:02:28Z	
1.0.0-pre.323-kotlin-1.6.10		2022-03-28T10:21:24Z	
1.0.0-pre.324-kotlin-1.6.10		2022-03-30T21:09:40Z	
1.0.0-pre.325-kotlin-1.6.10		2022-04-01T08:25:07Z	
1.0.0-pre.326-kotlin-1.6.20		2022-04-04T13:20:10Z	
1.0.0-pre.327-kotlin-1.6.20		2022-04-05T11:16:55Z	
1.0.0-pre.328-kotlin-1.6.20		2022-04-05T16:51:04Z	
1.0.0-pre.329-kotlin-1.6.20		2022-04-08T15:41:46Z	
1.0.0-pre.330-kotlin-1.6.20		2022-04-14T07:50:00Z	
1.0.0-pre.331-kotlin-1.6.20		2022-04-18T17:12:09Z	
1.0.0-pre.332-kotlin-1.6.21		2022-04-23T06:32:02Z	
1.0.0-pre.333		2022-04-27T19:13:51Z	
1.0.0-pre.334		2022-05-05T18:44:41Z	
1.0.0-pre.335		2022-05-09T19:13:45Z	
1.0.0-pre.336		2022-05-10T14:45:14Z	
1.0.0-pre.337		2022-05-14T17:53:19Z	
1.0.0-pre.338		2022-05-18T08:17:49Z	
1.0.0-pre.339		2022-05-23T14:48:25Z	
1.0.0-pre.339-compat		2022-05-24T08:53:01Z	
1.0.0-pre.340		2022-05-24T12:53:05Z	
1.0.0-pre.340-compat		2022-05-24T12:59:27Z	
1.0.0-pre.341		2022-06-01T09:41:56Z	
1.0.0-pre.341-compat		2022-06-01T09:49:02Z	
1.0.0-pre.342		2022-06-06T19:52:02Z	
1.0.0-pre.342-compat		2022-06-06T19:58:53Z	
1.0.0-pre.343		2022-06-08T09:24:39Z	
1.0.0-pre.344		2022-06-12T17:43:51Z	
1.0.0-pre.345		2022-06-13T09:06:27Z	
1.0.0-pre.346		2022-06-17T20:51:17Z	
1.0.0-pre.346-compat		2022-06-17T20:59:35Z	
1.0.0-pre.347		2022-06-22T07:32:45Z	
1.0.0-pre.348		2022-06-25T05:57:19Z	
1.0.0-pre.348-compat		2022-06-25T06:09:56Z	
1.0.0-pre.349		2022-06-30T13:46:19Z	
1.0.0-pre.350		2022-07-04T18:43:44Z	
1.0.0-pre.351		2022-07-05T10:13:17Z	
1.0.0-pre.352		2022-07-07T15:14:43Z	
1.0.0-pre.352-compat		2022-07-07T15:20:54Z	
1.0.0-pre.353		2022-07-08T12:33:20Z	
1.0.0-pre.354		2022-07-11T07:38:48Z	
1.0.0-pre.355		2022-07-12T08:58:50Z	
1.0.0-pre.356		2022-07-12T14:39:57Z	
1.0.0-pre.357		2022-07-14T09:47:31Z	
1.0.0-pre.358		2022-07-18T08:08:16Z	
1.0.0-pre.358-compat		2022-07-18T08:14:31Z	
1.0.0-pre.359		2022-07-21T08:57:06Z	
1.0.0-pre.360		2022-07-25T12:39:32Z	
1.0.0-pre.361		2022-07-30T21:04:19Z	
1.0.0-pre.362		2022-08-03T19:36:51Z	
1.0.0-pre.362-compat		2022-08-03T19:48:52Z	
1.0.0-pre.363		2022-08-03T20:42:03Z	
1.0.0-pre.363-compat		2022-08-03T20:51:24Z	
1.0.0-pre.364		2022-08-04T07:30:09Z	
1.0.0-pre.365		2022-08-05T08:29:08Z	
1.0.0-pre.366		2022-08-10T15:27:07Z	
1.0.0-pre.367		2022-08-12T09:09:02Z	
1.0.0-pre.368		2022-08-13T16:55:05Z	
1.0.0-pre.369		2022-08-14T20:03:08Z	
1.0.0-pre.370		2022-08-18T06:32:20Z	
1.0.0-pre.371		2022-08-19T13:04:34Z	
1.0.0-pre.372		2022-08-21T17:44:22Z	
1.0.0-pre.373		2022-08-22T07:23:38Z	
1.0.0-pre.373-compat		2022-08-22T07:36:09Z	
1.0.0-pre.374		2022-08-23T14:52:49Z	
1.0.0-pre.375		2022-08-24T06:08:09Z	
1.0.0-pre.376		2022-08-24T11:24:59Z	
1.0.0-pre.377		2022-08-26T13:59:09Z	
1.0.0-pre.378		2022-08-27T15:33:50Z	
1.0.0-pre.379		2022-08-28T11:19:23Z	
1.0.0-pre.380		2022-08-29T06:23:29Z	
1.0.0-pre.381		2022-08-30T06:56:18Z	
1.0.0-pre.382		2022-09-02T13:01:46Z	
1.0.0-pre.383		2022-09-09T13:17:23Z	
1.0.0-pre.384		2022-09-13T16:33:21Z	
1.0.0-pre.385		2022-09-14T10:54:28Z	
1.0.0-pre.385-compat		2022-09-14T11:03:40Z	
1.0.0-pre.386		2022-09-16T09:09:32Z	
1.0.0-pre.387		2022-09-17T13:05:20Z	
1.0.0-pre.388		2022-09-19T06:58:37Z	
1.0.0-pre.389		2022-09-21T06:32:10Z	
1.0.0-pre.390		2022-09-21T10:12:37Z	
1.0.0-pre.391		2022-09-25T19:26:55Z	
1.0.0-pre.392		2022-09-27T07:23:05Z	
1.0.0-pre.393		2022-09-29T08:27:09Z	
1.0.0-pre.394		2022-09-29T18:26:49Z	
1.0.0-pre.394-compat		2022-09-29T18:33:59Z	
1.0.0-pre.395		2022-09-30T08:09:20Z	
1.0.0-pre.396		2022-09-30T13:49:46Z	
1.0.0-pre.397		2022-10-01T07:08:31Z	
1.0.0-pre.397-compat		2022-10-01T07:29:41Z	
1.0.0-pre.398		2022-10-03T07:08:52Z	
1.0.0-pre.399		2022-10-04T07:16:04Z	
1.0.0-pre.399-compat		2022-10-04T07:22:30Z	
1.0.0-pre.400		2022-10-07T18:28:43Z	
1.0.0-pre.401		2022-10-08T07:01:07Z	
1.0.0-pre.402		2022-10-09T19:11:26Z	
1.0.0-pre.403		2022-10-10T08:01:07Z	
1.0.0-pre.404		2022-10-10T14:37:08Z	
1.0.0-pre.405		2022-10-11T12:43:40Z	
1.0.0-pre.406		2022-10-12T10:34:36Z	
1.0.0-pre.407		2022-10-14T12:05:38Z	
1.0.0-pre.408		2022-10-16T08:15:18Z	
1.0.0-pre.409		2022-10-17T07:15:47Z	
1.0.0-pre.410		2022-10-17T16:10:19Z	
1.0.0-pre.411		2022-10-19T11:36:12Z	
1.0.0-pre.412		2022-10-20T13:11:14Z	
1.0.0-pre.413		2022-10-23T07:49:27Z	
1.0.0-pre.414		2022-10-26T08:53:01Z	
1.0.0-pre.414-compat		2022-10-26T08:59:53Z	
1.0.0-pre.415		2022-10-27T15:30:30Z	
1.0.0-pre.416		2022-10-28T07:18:14Z	
1.0.0-pre.417		2022-10-28T17:42:43Z	
1.0.0-pre.418		2022-10-30T06:59:19Z	
1.0.0-pre.419		2022-10-31T08:37:45Z	
1.0.0-pre.420		2022-10-31T18:29:36Z	
1.0.0-pre.421		2022-11-01T09:09:53Z	
1.0.0-pre.422		2022-11-01T16:31:22Z	
1.0.0-pre.423		2022-11-02T07:48:53Z	
1.0.0-pre.424		2022-11-03T16:36:04Z	
1.0.0-pre.425		2022-11-04T15:43:21Z	
1.0.0-pre.425-compat		2022-11-04T15:51:22Z	
1.0.0-pre.426		2022-11-05T10:19:33Z	
1.0.0-pre.427		2022-11-06T13:17:29Z	
1.0.0-pre.428		2022-11-07T07:30:06Z	
1.0.0-pre.428-compat		2022-11-07T07:35:59Z	
1.0.0-pre.429		2022-11-07T19:45:05Z	
1.0.0-pre.430		2022-11-08T13:44:32Z	
1.0.0-pre.431		2022-11-09T13:59:24Z	
1.0.0-pre.432		2022-11-09T16:38:21Z	
1.0.0-pre.433		2022-11-10T18:50:58Z	
1.0.0-pre.434		2022-11-12T08:26:25Z	
1.0.0-pre.435		2022-11-13T07:43:23Z	
1.0.0-pre.436		2022-11-14T09:11:04Z	
1.0.0-pre.437		2022-11-14T18:30:00Z	
1.0.0-pre.438		2022-11-15T19:57:29Z	
1.0.0-pre.439		2022-11-16T13:55:17Z	
1.0.0-pre.440		2022-11-17T07:34:59Z	
1.0.0-pre.441		2022-11-18T13:18:38Z	
1.0.0-pre.442		2022-11-18T15:00:34Z	
1.0.0-pre.443		2022-11-19T13:39:56Z	
1.0.0-pre.444		2022-11-20T07:47:35Z	
1.0.0-pre.445		2022-11-21T11:39:10Z	
1.0.0-pre.446		2022-11-22T07:49:42Z	
1.0.0-pre.447		2022-11-22T10:12:56Z	
1.0.0-pre.448		2022-11-23T12:56:39Z	
1.0.0-pre.449		2022-11-23T19:40:06Z	
1.0.0-pre.450		2022-11-24T13:13:41Z	
1.0.0-pre.451		2022-11-27T07:56:23Z	
1.0.0-pre.452		2022-11-27T18:36:55Z	
1.0.0-pre.453		2022-11-28T08:32:51Z	
1.0.0-pre.454		2022-11-29T10:58:18Z	
1.0.0-pre.455		2022-12-03T18:43:38Z	
1.0.0-pre.456		2022-12-04T15:33:35Z	
1.0.0-pre.457		2022-12-07T07:24:01Z	
1.0.0-pre.458		2022-12-12T13:29:53Z	
1.0.0-pre.459		2022-12-14T21:05:49Z	
1.0.0-pre.460		2022-12-18T08:24:31Z	
1.0.0-pre.461		2022-12-19T07:35:47Z	
1.0.0-pre.461-compat		2022-12-20T07:35:53Z	
1.0.0-pre.462		2022-12-21T07:20:03Z	
1.0.0-pre.463		2022-12-25T18:20:43Z	
1.0.0-pre.464		2022-12-27T07:11:58Z	
1.0.0-pre.465		2022-12-27T14:34:10Z	
1.0.0-pre.466		2022-12-29T16:50:29Z	
1.0.0-pre.466-compat		2022-12-29T16:56:00Z	
1.0.0-pre.467		2022-12-31T08:09:30Z	
1.0.0-pre.467-compat		2022-12-31T08:16:11Z	
1.0.0-pre.468		2023-01-04T17:00:54Z	
1.0.0-pre.469		2023-01-05T21:29:47Z	
1.0.0-pre.470		2023-01-06T17:35:10Z	
1.0.0-pre.470-compat		2023-01-06T17:41:41Z	
1.0.0-pre.471		2023-01-07T08:29:14Z	
1.0.0-pre.472		2023-01-09T07:56:39Z	
1.0.0-pre.472-compat		2023-01-09T08:03:54Z	
1.0.0-pre.473		2023-01-10T07:05:37Z	
1.0.0-pre.474		2023-01-11T22:48:11Z	
1.0.0-pre.475		2023-01-13T07:39:42Z	
1.0.0-pre.476		2023-01-15T18:41:17Z	
1.0.0-pre.477		2023-01-16T07:19:57Z	
1.0.0-pre.477-compat		2023-01-16T07:26:35Z	
1.0.0-pre.478		2023-01-19T07:07:07Z	
1.0.0-pre.478-compat		2023-01-19T07:12:29Z	
1.0.0-pre.479		2023-01-20T07:44:40Z	
1.0.0-pre.480		2023-01-22T08:54:07Z	
1.0.0-pre.481		2023-01-23T12:12:20Z	
1.0.0-pre.481-compat		2023-01-23T12:25:34Z	
1.0.0-pre.482		2023-01-23T20:25:21Z	
1.0.0-pre.482-compat		2023-01-23T20:31:43Z	
1.0.0-pre.483		2023-01-23T22:03:12Z	
1.0.0-pre.484		2023-01-24T07:20:32Z	
1.0.0-pre.484-compat		2023-01-24T07:27:52Z	
1.0.0-pre.485		2023-01-25T07:41:28Z	
1.0.0-pre.486		2023-01-27T10:24:34Z	
1.0.0-pre.486-compat		2023-01-27T10:31:40Z	
1.0.0-pre.487		2023-01-27T12:34:58Z	
1.0.0-pre.487-compat		2023-01-27T12:44:04Z	
1.0.0-pre.488		2023-01-28T18:10:40Z	
1.0.0-pre.488-compat		2023-01-28T18:17:20Z	
1.0.0-pre.489		2023-01-29T17:54:48Z	
1.0.0-pre.490		2023-01-31T08:06:16Z	
1.0.0-pre.491		2023-02-02T20:35:43Z	
1.0.0-pre.492		2023-02-06T18:14:49Z	
1.0.0-pre.493		2023-02-08T07:14:28Z	
1.0.0-pre.493-compat			IOException: Tail request on https://maven-central.storage-download.googleapis.com/maven2/org/jetbrains/kotlin-wrappers/kotlin-css-js/1.0.0-pre.493-compat/kotlin-css-js-1.0.0-pre.493-compat.jar returned status 404
1.0.0-pre.494		2023-02-08T18:10:08Z	
1.0.0-pre.495		2023-02-11T07:23:47Z	
1.0.0-pre.496		2023-02-12T06:33:47Z	
1.0.0-pre.497		2023-02-15T06:25:12Z	
1.0.0-pre.498		2023-02-15T18:55:25Z	
1.0.0-pre.499		2023-02-17T17:56:30Z	
1.0.0-pre.500		2023-02-20T07:03:41Z	
1.0.0-pre.501		2023-02-20T20:58:15Z	
1.0.0-pre.502		2023-02-22T15:14:02Z	
1.0.0-pre.503		2023-02-24T07:07:13Z	
1.0.0-pre.504		2023-02-25T07:39:02Z	
1.0.0-pre.505		2023-02-28T15:42:10Z	
1.0.0-pre.506		2023-03-03T18:00:25Z	
1.0.0-pre.506-compat			IOException: Tail request on https://maven-central.storage-download.googleapis.com/maven2/org/jetbrains/kotlin-wrappers/kotlin-css-js/1.0.0-pre.506-compat/kotlin-css-js-1.0.0-pre.506-compat.jar returned status 404
1.0.0-pre.507		2023-03-04T07:35:52Z	
1.0.0-pre.507-compat			IOException: Tail request on https://maven-central.storage-download.googleapis.com/maven2/org/jetbrains/kotlin-wrappers/kotlin-css-js/1.0.0-pre.507-compat/kotlin-css-js-1.0.0-pre.507-compat.jar returned status 404
1.0.0-pre.508		2023-03-06T07:27:44Z	
1.0.0-pre.509		2023-03-07T07:33:14Z	
1.0.0-pre.510		2023-03-09T18:38:54Z	
1.0.0-pre.510-compat			IOException: Tail request on https://maven-central.storage-download.googleapis.com/maven2/org/jetbrains/kotlin-wrappers/kotlin-css-js/1.0.0-pre.510-compat/kotlin-css-js-1.0.0-pre.510-compat.jar returned status 404
1.0.0-pre.511		2023-03-12T18:13:35Z	
1.0.0-pre.512		2023-03-14T07:02:48Z	
1.0.0-pre.513		2023-03-15T17:36:48Z	
1.0.0-pre.514		2023-03-16T18:20:33Z	
1.0.0-pre.515		2023-03-17T07:26:21Z	
1.0.0-pre.516		2023-03-21T05:31:51Z	
1.0.0-pre.517		2023-03-22T06:59:53Z	
1.0.0-pre.518		2023-03-22T12:51:17Z	
1.0.0-pre.519		2023-03-22T16:31:43Z	
1.0.0-pre.520		2023-03-23T14:14:35Z	
1.0.0-pre.520-compat			IOException: Tail request on https://maven-central.storage-download.googleapis.com/maven2/org/jetbrains/kotlin-wrappers/kotlin-css-js/1.0.0-pre.520-compat/kotlin-css-js-1.0.0-pre.520-compat.jar returned status 404
1.0.0-pre.521		2023-03-24T14:27:49Z	
1.0.0-pre.522		2023-03-26T07:15:50Z	
1.0.0-pre.523		2023-03-26T15:03:37Z	
1.0.0-pre.524			IOException: Tail request on https://maven-central.storage-download.googleapis.com/maven2/org/jetbrains/kotlin-wrappers/kotlin-css-js/1.0.0-pre.524/kotlin-css-js-1.0.0-pre.524.jar returned status 404
1.0.0-pre.524-compat			IOException: Tail request on https://maven-central.storage-download.googleapis.com/maven2/org/jetbrains/kotlin-wrappers/kotlin-css-js/1.0.0-pre.524-compat/kotlin-css-js-1.0.0-pre.524-compat.jar returned status 404
1.0.0-pre.525			IOException: Tail request on https://maven-central.storage-download.googleapis.com/maven2/org/jetbrains/kotlin-wrappers/kotlin-css-js/1.0.0-pre.525/kotlin-css-js-1.0.0-pre.525.jar returned status 404
1.0.0-pre.526			IOException: Tail request on https://maven-central.storage-download.googleapis.com/maven2/org/jetbrains/kotlin-wrappers/kotlin-css-js/1.0.0-pre.526/kotlin-css-js-1.0.0-pre.526.jar returned status 404
1.0.0-pre.527			IOException: Tail request on https://maven-central.storage-download.googleapis.com/maven2/org/jetbrains/kotlin-wrappers/kotlin-css-js/1.0.0-pre.527/kotlin-css-js-1.0.0-pre.527.jar returned status 404
1.0.0-pre.528			IOException: Tail request on https://maven-central.storage-download.googleapis.com/maven2/org/jetbrains/kotlin-wrappers/kotlin-css-js/1.0.0-pre.528/kotlin-css-js-1.0.0-pre.528.jar returned status 404
1.0.0-pre.529			IOException: Tail request on https://maven-central.storage-download.googleapis.com/maven2/org/jetbrains/kotlin-wrappers/kotlin-css-js/1.0.0-pre.529/kotlin-css-js-1.0.0-pre.529.jar returned status 404
1.0.0-pre.530			IOException: Tail request on https://maven-central.storage-download.googleapis.com/maven2/org/jetbrains/kotlin-wrappers/kotlin-css-js/1.0.0-pre.530/kotlin-css-js-1.0.0-pre.530.jar returned status 404
1.0.0-pre.531			IOException: Tail request on https://maven-central.storage-download.googleapis.com/maven2/org/jetbrains/kotlin-wrappers/kotlin-css-js/1.0.0-pre.531/kotlin-css-js-1.0.0-pre.531.jar returned status 404
1.0.0-pre.532			IOException: Tail request on https://maven-central.storage-download.googleapis.com/maven2/org/jetbrains/kotlin-wrappers/kotlin-css-js/1.0.0-pre.532/kotlin-css-js-1.0.0-pre.532.jar returned status 404
1.0.0-pre.533			IOException: Tail request on https://maven-central.storage-download.googleapis.com/maven2/org/jetbrains/kotlin-wrappers/kotlin-css-js/1.0.0-pre.533/kotlin-css-js-1.0.0-pre.533.jar returned status 404
1.0.0-pre.534			IOException: Tail request on https://maven-central.storage-download.googleapis.com/maven2/org/jetbrains/kotlin-wrappers/kotlin-css-js/1.0.0-pre.534/kotlin-css-js-1.0.0-pre.534.jar returned status 404
1.0.0-pre.535			IOException: Tail request on https://maven-central.storage-download.googleapis.com/maven2/org/jetbrains/kotlin-wrappers/kotlin-css-js/1.0.0-pre.535/kotlin-css-js-1.0.0-pre.535.jar returned status 404
1.0.0-pre.536			IOException: Tail request on https://maven-central.storage-download.googleapis.com/maven2/org/jetbrains/kotlin-wrappers/kotlin-css-js/1.0.0-pre.536/kotlin-css-js-1.0.0-pre.536.jar returned status 404
1.0.0-pre.536-compat			IOException: Tail request on https://maven-central.storage-download.googleapis.com/maven2/org/jetbrains/kotlin-wrappers/kotlin-css-js/1.0.0-pre.536-compat/kotlin-css-js-1.0.0-pre.536-compat.jar returned status 404
1.0.0-pre.537			IOException: Tail request on https://maven-central.storage-download.googleapis.com/maven2/org/jetbrains/kotlin-wrappers/kotlin-css-js/1.0.0-pre.537/kotlin-css-js-1.0.0-pre.537.jar returned status 404
1.0.0-pre.538			IOException: Tail request on https://maven-central.storage-download.googleapis.com/maven2/org/jetbrains/kotlin-wrappers/kotlin-css-js/1.0.0-pre.538/kotlin-css-js-1.0.0-pre.538.jar returned status 404
1.0.0-pre.539			IOException: Tail request on https://maven-central.storage-download.googleapis.com/maven2/org/jetbrains/kotlin-wrappers/kotlin-css-js/1.0.0-pre.539/kotlin-css-js-1.0.0-pre.539.jar returned status 404
1.0.0-pre.540			IOException: Tail request on https://maven-central.storage-download.googleapis.com/maven2/org/jetbrains/kotlin-wrappers/kotlin-css-js/1.0.0-pre.540/kotlin-css-js-1.0.0-pre.540.jar returned status 404
1.0.0-pre.541			IOException: Tail request on https://maven-central.storage-download.googleapis.com/maven2/org/jetbrains/kotlin-wrappers/kotlin-css-js/1.0.0-pre.541/kotlin-css-js-1.0.0-pre.541.jar returned status 404
1.0.0-pre.542			IOException: Tail request on https://maven-central.storage-download.googleapis.com/maven2/org/jetbrains/kotlin-wrappers/kotlin-css-js/1.0.0-pre.542/kotlin-css-js-1.0.0-pre.542.jar returned status 404
1.0.0-pre.543			IOException: Tail request on https://maven-central.storage-download.googleapis.com/maven2/org/jetbrains/kotlin-wrappers/kotlin-css-js/1.0.0-pre.543/kotlin-css-js-1.0.0-pre.543.jar returned status 404
1.0.0-pre.544			IOException: Tail request on https://maven-central.storage-download.googleapis.com/maven2/org/jetbrains/kotlin-wrappers/kotlin-css-js/1.0.0-pre.544/kotlin-css-js-1.0.0-pre.544.jar returned status 404
1.0.0-pre.545			IOException: Tail request on https://maven-central.storage-download.googleapis.com/maven2/org/jetbrains/kotlin-wrappers/kotlin-css-js/1.0.0-pre.545/kotlin-css-js-1.0.0-pre.545.jar returned status 404
1.0.0-pre.545-compat			IOException: Tail request on https://maven-central.storage-download.googleapis.com/maven2/org/jetbrains/kotlin-wrappers/kotlin-css-js/1.0.0-pre.545-compat/kotlin-css-js-1.0.0-pre.545-compat.jar returned status 404
1.0.0-pre.546			IOException: Tail request on https://maven-central.storage-download.googleapis.com/maven2/org/jetbrains/kotlin-wrappers/kotlin-css-js/1.0.0-pre.546/kotlin-css-js-1.0.0-pre.546.jar returned status 404
1.0.0-pre.547			IOException: Tail request on https://maven-central.storage-download.googleapis.com/maven2/org/jetbrains/kotlin-wrappers/kotlin-css-js/1.0.0-pre.547/kotlin-css-js-1.0.0-pre.547.jar returned status 404
1.0.0-pre.548			IOException: Tail request on https://maven-central.storage-download.googleapis.com/maven2/org/jetbrains/kotlin-wrappers/kotlin-css-js/1.0.0-pre.548/kotlin-css-js-1.0.0-pre.548.jar returned status 404
1.0.0-pre.549			IOException: Tail request on https://maven-central.storage-download.googleapis.com/maven2/org/jetbrains/kotlin-wrappers/kotlin-css-js/1.0.0-pre.549/kotlin-css-js-1.0.0-pre.549.jar returned status 404
1.0.0-pre.550			IOException: Tail request on https://maven-central.storage-download.googleapis.com/maven2/org/jetbrains/kotlin-wrappers/kotlin-css-js/1.0.0-pre.550/kotlin-css-js-1.0.0-pre.550.jar returned status 404
1.0.0-pre.551			IOException: Tail request on https://maven-central.storage-download.googleapis.com/maven2/org/jetbrains/kotlin-wrappers/kotlin-css-js/1.0.0-pre.551/kotlin-css-js-1.0.0-pre.551.jar returned status 404
1.0.0-pre.552			IOException: Tail request on https://maven-central.storage-download.googleapis.com/maven2/org/jetbrains/kotlin-wrappers/kotlin-css-js/1.0.0-pre.552/kotlin-css-js-1.0.0-pre.552.jar returned status 404
1.0.0-pre.553			IOException: Tail request on https://maven-central.storage-download.googleapis.com/maven2/org/jetbrains/kotlin-wrappers/kotlin-css-js/1.0.0-pre.553/kotlin-css-js-1.0.0-pre.553.jar returned status 404
1.0.0-pre.554			IOException: Tail request on https://maven-central.storage-download.googleapis.com/maven2/org/jetbrains/kotlin-wrappers/kotlin-css-js/1.0.0-pre.554/kotlin-css-js-1.0.0-pre.554.jar returned status 404
1.0.0-pre.554-compat			IOException: Tail request on https://maven-central.storage-download.googleapis.com/maven2/org/jetbrains/kotlin-wrappers/kotlin-css-js/1.0.0-pre.554-compat/kotlin-css-js-1.0.0-pre.554-compat.jar returned status 404
1.0.0-pre.555			IOException: Tail request on https://maven-central.storage-download.googleapis.com/maven2/org/jetbrains/kotlin-wrappers/kotlin-css-js/1.0.0-pre.555/kotlin-css-js-1.0.0-pre.555.jar returned status 404
1.0.0-pre.556			IOException: Tail request on https://maven-central.storage-download.googleapis.com/maven2/org/jetbrains/kotlin-wrappers/kotlin-css-js/1.0.0-pre.556/kotlin-css-js-1.0.0-pre.556.jar returned status 404
1.0.0-pre.557			IOException: Tail request on https://maven-central.storage-download.googleapis.com/maven2/org/jetbrains/kotlin-wrappers/kotlin-css-js/1.0.0-pre.557/kotlin-css-js-1.0.0-pre.557.jar returned status 404
1.0.0-pre.558			IOException: Tail request on https://maven-central.storage-download.googleapis.com/maven2/org/jetbrains/kotlin-wrappers/kotlin-css-js/1.0.0-pre.558/kotlin-css-js-1.0.0-pre.558.jar returned status 404
1.0.0-pre.559			IOException: Tail request on https://maven-central.storage-download.googleapis.com/maven2/org/jetbrains/kotlin-wrappers/kotlin-css-js/1.0.0-pre.559/kotlin-css-js-1.0.0-pre.559.jar returned status 404
1.0.0-pre.560			IOException: Tail request on https://maven-central.storage-download.googleapis.com/maven2/org/jetbrains/kotlin-wrappers/kotlin-css-js/1.0.0-pre.560/kotlin-css-js-1.0.0-pre.560.jar returned status 404
1.0.0-pre.561			IOException: Tail request on https://maven-central.storage-download.googleapis.com/maven2/org/jetbrains/kotlin-wrappers/kotlin-css-js/1.0.0-pre.561/kotlin-css-js-1.0.0-pre.561.jar returned status 404
1.0.0-pre.562			IOException: Tail request on https://maven-central.storage-download.googleapis.com/maven2/org/jetbrains/kotlin-wrappers/kotlin-css-js/1.0.0-pre.562/kotlin-css-js-1.0.0-pre.562.jar returned status 404
1.0.0-pre.563			IOException: Tail request on https://maven-central.storage-download.googleapis.com/maven2/org/jetbrains/kotlin-wrappers/kotlin-css-js/1.0.0-pre.563/kotlin-css-js-1.0.0-pre.563.jar returned status 404
1.0.0-pre.564			IOException: Tail request on https://maven-central.storage-download.googleapis.com/maven2/org/jetbrains/kotlin-wrappers/kotlin-css-js/1.0.0-pre.564/kotlin-css-js-1.0.0-pre.564.jar returned status 404
1.0.0-pre.565			IOException: Tail request on https://maven-central.storage-download.googleapis.com/maven2/org/jetbrains/kotlin-wrappers/kotlin-css-js/1.0.0-pre.565/kotlin-css-js-1.0.0-pre.565.jar returned status 404
1.0.0-pre.565-compat			IOException: Tail request on https://maven-central.storage-download.googleapis.com/maven2/org/jetbrains/kotlin-wrappers/kotlin-css-js/1.0.0-pre.565-compat/kotlin-css-js-1.0.0-pre.565-compat.jar returned status 404
1.0.0-pre.566			IOException: Tail request on https://maven-central.storage-download.googleapis.com/maven2/org/jetbrains/kotlin-wrappers/kotlin-css-js/1.0.0-pre.566/kotlin-css-js-1.0.0-pre.566.jar returned status 404
1.0.0-pre.567			IOException: Tail request on https://maven-central.storage-download.googleapis.com/maven2/org/jetbrains/kotlin-wrappers/kotlin-css-js/1.0.0-pre.567/kotlin-css-js-1.0.0-pre.567.jar returned status 404
1.0.0-pre.568			IOException: Tail request on https://maven-central.storage-download.googleapis.com/maven2/org/jetbrains/kotlin-wrappers/kotlin-css-js/1.0.0-pre.568/kotlin-css-js-1.0.0-pre.568.jar returned status 404
1.0.0-pre.569			IOException: Tail request on https://maven-central.storage-download.googleapis.com/maven2/org/jetbrains/kotlin-wrappers/kotlin-css-js/1.0.0-pre.569/kotlin-css-js-1.0.0-pre.569.jar returned status 404
1.0.0-pre.570			IOException: Tail request on https://maven-central.storage-download.googleapis.com/maven2/org/jetbrains/kotlin-wrappers/kotlin-css-js/1.0.0-pre.570/kotlin-css-js-1.0.0-pre.570.jar returned status 404
1.0.0-pre.571			IOException: Tail request on https://maven-central.storage-download.googleapis.com/maven2/org/jetbrains/kotlin-wrappers/kotlin-css-js/1.0.0-pre.571/kotlin-css-js-1.0.0-pre.571.jar returned status 404
1.0.0-pre.572			IOException: Tail request on https://maven-central.storage-download.googleapis.com/maven2/org/jetbrains/kotlin-wrappers/kotlin-css-js/1.0.0-pre.572/kotlin-css-js-1.0.0-pre.572.jar returned status 404
1.0.0-pre.573			IOException: Tail request on https://maven-central.storage-download.googleapis.com/maven2/org/jetbrains/kotlin-wrappers/kotlin-css-js/1.0.0-pre.573/kotlin-css-js-1.0.0-pre.573.jar returned status 404
1.0.0-pre.574			IOException: Tail request on https://maven-central.storage-download.googleapis.com/maven2/org/jetbrains/kotlin-wrappers/kotlin-css-js/1.0.0-pre.574/kotlin-css-js-1.0.0-pre.574.jar returned status 404
1.0.0-pre.574-compat			IOException: Tail request on https://maven-central.storage-download.googleapis.com/maven2/org/jetbrains/kotlin-wrappers/kotlin-css-js/1.0.0-pre.574-compat/kotlin-css-js-1.0.0-pre.574-compat.jar returned status 404
1.0.0-pre.575			IOException: Tail request on https://maven-central.storage-download.googleapis.com/maven2/org/jetbrains/kotlin-wrappers/kotlin-css-js/1.0.0-pre.575/kotlin-css-js-1.0.0-pre.575.jar returned status 404
1.0.0-pre.575-compat			IOException: Tail request on https://maven-central.storage-download.googleapis.com/maven2/org/jetbrains/kotlin-wrappers/kotlin-css-js/1.0.0-pre.575-compat/kotlin-css-js-1.0.0-pre.575-compat.jar returned status 404
1.0.0-pre.576			IOException: Tail request on https://maven-central.storage-download.googleapis.com/maven2/org/jetbrains/kotlin-wrappers/kotlin-css-js/1.0.0-pre.576/kotlin-css-js-1.0.0-pre.576.jar returned status 404
1.0.0-pre.576-compat			IOException: Tail request on https://maven-central.storage-download.googleapis.com/maven2/org/jetbrains/kotlin-wrappers/kotlin-css-js/1.0.0-pre.576-compat/kotlin-css-js-1.0.0-pre.576-compat.jar returned status 404
1.0.0-pre.577			IOException: Tail request on https://maven-central.storage-download.googleapis.com/maven2/org/jetbrains/kotlin-wrappers/kotlin-css-js/1.0.0-pre.577/kotlin-css-js-1.0.0-pre.577.jar returned status 404
1.0.0-pre.578			IOException: Tail request on https://maven-central.storage-download.googleapis.com/maven2/org/jetbrains/kotlin-wrappers/kotlin-css-js/1.0.0-pre.578/kotlin-css-js-1.0.0-pre.578.jar returned status 404
1.0.0-pre.578-compat			IOException: Tail request on https://maven-central.storage-download.googleapis.com/maven2/org/jetbrains/kotlin-wrappers/kotlin-css-js/1.0.0-pre.578-compat/kotlin-css-js-1.0.0-pre.578-compat.jar returned status 404
1.0.0-pre.579			IOException: Tail request on https://maven-central.storage-download.googleapis.com/maven2/org/jetbrains/kotlin-wrappers/kotlin-css-js/1.0.0-pre.579/kotlin-css-js-1.0.0-pre.579.jar returned status 404
1.0.0-pre.580			IOException: Tail request on https://maven-central.storage-download.googleapis.com/maven2/org/jetbrains/kotlin-wrappers/kotlin-css-js/1.0.0-pre.580/kotlin-css-js-1.0.0-pre.580.jar returned status 404
1.0.0-pre.580-compat			IOException: Tail request on https://maven-central.storage-download.googleapis.com/maven2/org/jetbrains/kotlin-wrappers/kotlin-css-js/1.0.0-pre.580-compat/kotlin-css-js-1.0.0-pre.580-compat.jar returned status 404
1.0.0-pre.581			IOException: Tail request on https://maven-central.storage-download.googleapis.com/maven2/org/jetbrains/kotlin-wrappers/kotlin-css-js/1.0.0-pre.581/kotlin-css-js-1.0.0-pre.581.jar returned status 404
1.0.0-pre.581-compat			IOException: Tail request on https://maven-central.storage-download.googleapis.com/maven2/org/jetbrains/kotlin-wrappers/kotlin-css-js/1.0.0-pre.581-compat/kotlin-css-js-1.0.0-pre.581-compat.jar returned status 404
1.0.0-pre.582			IOException: Tail request on https://maven-central.storage-download.googleapis.com/maven2/org/jetbrains/kotlin-wrappers/kotlin-css-js/1.0.0-pre.582/kotlin-css-js-1.0.0-pre.582.jar returned status 404
1.0.0-pre.583			IOException: Tail request on https://maven-central.storage-download.googleapis.com/maven2/org/jetbrains/kotlin-wrappers/kotlin-css-js/1.0.0-pre.583/kotlin-css-js-1.0.0-pre.583.jar returned status 404
1.0.0-pre.584			IOException: Tail request on https://maven-central.storage-download.googleapis.com/maven2/org/jetbrains/kotlin-wrappers/kotlin-css-js/1.0.0-pre.584/kotlin-css-js-1.0.0-pre.584.jar returned status 404
1.0.0-pre.585			IOException: Tail request on https://maven-central.storage-download.googleapis.com/maven2/org/jetbrains/kotlin-wrappers/kotlin-css-js/1.0.0-pre.585/kotlin-css-js-1.0.0-pre.585.jar returned status 404
1.0.0-pre.585-compat			IOException: Tail request on https://maven-central.storage-download.googleapis.com/maven2/org/jetbrains/kotlin-wrappers/kotlin-css-js/1.0.0-pre.585-compat/kotlin-css-js-1.0.0-pre.585-compat.jar returned status 404
1.0.0-pre.586			IOException: Tail request on https://maven-central.storage-download.googleapis.com/maven2/org/jetbrains/kotlin-wrappers/kotlin-css-js/1.0.0-pre.586/kotlin-css-js-1.0.0-pre.586.jar returned status 404
1.0.0-pre.587			IOException: Tail request on https://maven-central.storage-download.googleapis.com/maven2/org/jetbrains/kotlin-wrappers/kotlin-css-js/1.0.0-pre.587/kotlin-css-js-1.0.0-pre.587.jar returned status 404
1.0.0-pre.587-compat			IOException: Tail request on https://maven-central.storage-download.googleapis.com/maven2/org/jetbrains/kotlin-wrappers/kotlin-css-js/1.0.0-pre.587-compat/kotlin-css-js-1.0.0-pre.587-compat.jar returned status 404
1.0.0-pre.588			IOException: Tail request on https://maven-central.storage-download.googleapis.com/maven2/org/jetbrains/kotlin-wrappers/kotlin-css-js/1.0.0-pre.588/kotlin-css-js-1.0.0-pre.588.jar returned status 404
1.0.0-pre.588-compat			IOException: Tail request on https://maven-central.storage-download.googleapis.com/maven2/org/jetbrains/kotlin-wrappers/kotlin-css-js/1.0.0-pre.588-compat/kotlin-css-js-1.0.0-pre.588-compat.jar returned status 404
1.0.0-pre.589			IOException: Tail request on https://maven-central.storage-download.googleapis.com/maven2/org/jetbrains/kotlin-wrappers/kotlin-css-js/1.0.0-pre.589/kotlin-css-js-1.0.0-pre.589.jar returned status 404
1.0.0-pre.590			IOException: Tail request on https://maven-central.storage-download.googleapis.com/maven2/org/jetbrains/kotlin-wrappers/kotlin-css-js/1.0.0-pre.590/kotlin-css-js-1.0.0-pre.590.jar returned status 404
1.0.0-pre.590-compat			IOException: Tail request on https://maven-central.storage-download.googleapis.com/maven2/org/jetbrains/kotlin-wrappers/kotlin-css-js/1.0.0-pre.590-compat/kotlin-css-js-1.0.0-pre.590-compat.jar returned status 404
1.0.0-pre.591			IOException: Tail request on https://maven-central.storage-download.googleapis.com/maven2/org/jetbrains/kotlin-wrappers/kotlin-css-js/1.0.0-pre.591/kotlin-css-js-1.0.0-pre.591.jar returned status 404
1.0.0-pre.591-compat			IOException: Tail request on https://maven-central.storage-download.googleapis.com/maven2/org/jetbrains/kotlin-wrappers/kotlin-css-js/1.0.0-pre.591-compat/kotlin-css-js-1.0.0-pre.591-compat.jar returned status 404
1.0.0-pre.592			IOException: Tail request on https://maven-central.storage-download.googleapis.com/maven2/org/jetbrains/kotlin-wrappers/kotlin-css-js/1.0.0-pre.592/kotlin-css-js-1.0.0-pre.592.jar returned status 404
1.0.0-pre.593			IOException: Tail request on https://maven-central.storage-download.googleapis.com/maven2/org/jetbrains/kotlin-wrappers/kotlin-css-js/1.0.0-pre.593/kotlin-css-js-1.0.0-pre.593.jar returned status 404
1.0.0-pre.593-compat			IOException: Tail request on https://maven-central.storage-download.googleapis.com/maven2/org/jetbrains/kotlin-wrappers/kotlin-css-js/1.0.0-pre.593-compat/kotlin-css-js-1.0.0-pre.593-compat.jar returned status 404
1.0.0-pre.594			IOException: Tail request on https://maven-central.storage-download.googleapis.com/maven2/org/jetbrains/kotlin-wrappers/kotlin-css-js/1.0.0-pre.594/kotlin-css-js-1.0.0-pre.594.jar returned status 404
1.0.0-pre.595			IOException: Tail request on https://maven-central.storage-download.googleapis.com/maven2/org/jetbrains/kotlin-wrappers/kotlin-css-js/1.0.0-pre.595/kotlin-css-js-1.0.0-pre.595.jar returned status 404
1.0.0-pre.595-compat			IOException: Tail request on https://maven-central.storage-download.googleapis.com/maven2/org/jetbrains/kotlin-wrappers/kotlin-css-js/1.0.0-pre.595-compat/kotlin-css-js-1.0.0-pre.595-compat.jar returned status 404
1.0.0-pre.596			IOException: Tail request on https://maven-central.storage-download.googleapis.com/maven2/org/jetbrains/kotlin-wrappers/kotlin-css-js/1.0.0-pre.596/kotlin-css-js-1.0.0-pre.596.jar returned status 404
1.0.0-pre.596-compat			IOException: Tail request on https://maven-central.storage-download.googleapis.com/maven2/org/jetbrains/kotlin-wrappers/kotlin-css-js/1.0.0-pre.596-compat/kotlin-css-js-1.0.0-pre.596-compat.jar returned status 404
1.0.0-pre.597			IOException: Tail request on https://maven-central.storage-download.googleapis.com/maven2/org/jetbrains/kotlin-wrappers/kotlin-css-js/1.0.0-pre.597/kotlin-css-js-1.0.0-pre.597.jar returned status 404
1.0.0-pre.598			IOException: Tail request on https://maven-central.storage-download.googleapis.com/maven2/org/jetbrains/kotlin-wrappers/kotlin-css-js/1.0.0-pre.598/kotlin-css-js-1.0.0-pre.598.jar returned status 404
1.0.0-pre.599			IOException: Tail request on https://maven-central.storage-download.googleapis.com/maven2/org/jetbrains/kotlin-wrappers/kotlin-css-js/1.0.0-pre.599/kotlin-css-js-1.0.0-pre.599.jar returned status 404
1.0.0-pre.600			IOException: Tail request on https://maven-central.storage-download.googleapis.com/maven2/org/jetbrains/kotlin-wrappers/kotlin-css-js/1.0.0-pre.600/kotlin-css-js-1.0.0-pre.600.jar returned status 404
1.0.0-pre.600-compat			IOException: Tail request on https://maven-central.storage-download.googleapis.com/maven2/org/jetbrains/kotlin-wrappers/kotlin-css-js/1.0.0-pre.600-compat/kotlin-css-js-1.0.0-pre.600-compat.jar returned status 404
1.0.0-pre.601			IOException: Tail request on https://maven-central.storage-download.googleapis.com/maven2/org/jetbrains/kotlin-wrappers/kotlin-css-js/1.0.0-pre.601/kotlin-css-js-1.0.0-pre.601.jar returned status 404
1.0.0-pre.602			IOException: Tail request on https://maven-central.storage-download.googleapis.com/maven2/org/jetbrains/kotlin-wrappers/kotlin-css-js/1.0.0-pre.602/kotlin-css-js-1.0.0-pre.602.jar returned status 404
1.0.0-pre.603			IOException: Tail request on https://maven-central.storage-download.googleapis.com/maven2/org/jetbrains/kotlin-wrappers/kotlin-css-js/1.0.0-pre.603/kotlin-css-js-1.0.0-pre.603.jar returned status 404
1.0.0-pre.604			IOException: Tail request on https://maven-central.storage-download.googleapis.com/maven2/org/jetbrains/kotlin-wrappers/kotlin-css-js/1.0.0-pre.604/kotlin-css-js-1.0.0-pre.604.jar returned status 404
1.0.0-pre.605			IOException: Tail request on https://maven-central.storage-download.googleapis.com/maven2/org/jetbrains/kotlin-wrappers/kotlin-css-js/1.0.0-pre.605/kotlin-css-js-1.0.0-pre.605.jar returned status 404
1.0.0-pre.606			IOException: Tail request on https://maven-central.storage-download.googleapis.com/maven2/org/jetbrains/kotlin-wrappers/kotlin-css-js/1.0.0-pre.606/kotlin-css-js-1.0.0-pre.606.jar returned status 404
1.0.0-pre.607			IOException: Tail request on https://maven-central.storage-download.googleapis.com/maven2/org/jetbrains/kotlin-wrappers/kotlin-css-js/1.0.0-pre.607/kotlin-css-js-1.0.0-pre.607.jar returned status 404
1.0.0-pre.608			IOException: Tail request on https://maven-central.storage-download.googleapis.com/maven2/org/jetbrains/kotlin-wrappers/kotlin-css-js/1.0.0-pre.608/kotlin-css-js-1.0.0-pre.608.jar returned status 404
1.0.0-pre.609			IOException: Tail request on https://maven-central.storage-download.googleapis.com/maven2/org/jetbrains/kotlin-wrappers/kotlin-css-js/1.0.0-pre.609/kotlin-css-js-1.0.0-pre.609.jar returned status 404
1.0.0-pre.610			IOException: Tail request on https://maven-central.storage-download.googleapis.com/maven2/org/jetbrains/kotlin-wrappers/kotlin-css-js/1.0.0-pre.610/kotlin-css-js-1.0.0-pre.610.jar returned status 404
1.0.0-pre.611			IOException: Tail request on https://maven-central.storage-download.googleapis.com/maven2/org/jetbrains/kotlin-wrappers/kotlin-css-js/1.0.0-pre.611/kotlin-css-js-1.0.0-pre.611.jar returned status 404
1.0.0-pre.612			IOException: Tail request on https://maven-central.storage-download.googleapis.com/maven2/org/jetbrains/kotlin-wrappers/kotlin-css-js/1.0.0-pre.612/kotlin-css-js-1.0.0-pre.612.jar returned status 404
1.0.0-pre.613			IOException: Tail request on https://maven-central.storage-download.googleapis.com/maven2/org/jetbrains/kotlin-wrappers/kotlin-css-js/1.0.0-pre.613/kotlin-css-js-1.0.0-pre.613.jar returned status 404
1.0.0-pre.614			IOException: Tail request on https://maven-central.storage-download.googleapis.com/maven2/org/jetbrains/kotlin-wrappers/kotlin-css-js/1.0.0-pre.614/kotlin-css-js-1.0.0-pre.614.jar returned status 404
1.0.0-pre.615			IOException: Tail request on https://maven-central.storage-download.googleapis.com/maven2/org/jetbrains/kotlin-wrappers/kotlin-css-js/1.0.0-pre.615/kotlin-css-js-1.0.0-pre.615.jar returned status 404
1.0.0-pre.616			IOException: Tail request on https://maven-central.storage-download.googleapis.com/maven2/org/jetbrains/kotlin-wrappers/kotlin-css-js/1.0.0-pre.616/kotlin-css-js-1.0.0-pre.616.jar returned status 404
1.0.0-pre.617			IOException: Tail request on https://maven-central.storage-download.googleapis.com/maven2/org/jetbrains/kotlin-wrappers/kotlin-css-js/1.0.0-pre.617/kotlin-css-js-1.0.0-pre.617.jar returned status 404
1.0.0-pre.618			IOException: Tail request on https://maven-central.storage-download.googleapis.com/maven2/org/jetbrains/kotlin-wrappers/kotlin-css-js/1.0.0-pre.618/kotlin-css-js-1.0.0-pre.618.jar returned status 404
1.0.0-pre.619			IOException: Tail request on https://maven-central.storage-download.googleapis.com/maven2/org/jetbrains/kotlin-wrappers/kotlin-css-js/1.0.0-pre.619/kotlin-css-js-1.0.0-pre.619.jar returned status 404
1.0.0-pre.620			IOException: Tail request on https://maven-central.storage-download.googleapis.com/maven2/org/jetbrains/kotlin-wrappers/kotlin-css-js/1.0.0-pre.620/kotlin-css-js-1.0.0-pre.620.jar returned status 404
1.0.0-pre.621			IOException: Tail request on https://maven-central.storage-download.googleapis.com/maven2/org/jetbrains/kotlin-wrappers/kotlin-css-js/1.0.0-pre.621/kotlin-css-js-1.0.0-pre.621.jar returned status 404
1.0.0-pre.622			IOException: Tail request on https://maven-central.storage-download.googleapis.com/maven2/org/jetbrains/kotlin-wrappers/kotlin-css-js/1.0.0-pre.622/kotlin-css-js-1.0.0-pre.622.jar returned status 404
1.0.0-pre.623			IOException: Tail request on https://maven-central.storage-download.googleapis.com/maven2/org/jetbrains/kotlin-wrappers/kotlin-css-js/1.0.0-pre.623/kotlin-css-js-1.0.0-pre.623.jar returned status 404
1.0.0-pre.624			IOException: Tail request on https://maven-central.storage-download.googleapis.com/maven2/org/jetbrains/kotlin-wrappers/kotlin-css-js/1.0.0-pre.624/kotlin-css-js-1.0.0-pre.624.jar returned status 404
1.0.0-pre.625			IOException: Tail request on https://maven-central.storage-download.googleapis.com/maven2/org/jetbrains/kotlin-wrappers/kotlin-css-js/1.0.0-pre.625/kotlin-css-js-1.0.0-pre.625.jar returned status 404
1.0.0-pre.626			IOException: Tail request on https://maven-central.storage-download.googleapis.com/maven2/org/jetbrains/kotlin-wrappers/kotlin-css-js/1.0.0-pre.626/kotlin-css-js-1.0.0-pre.626.jar returned status 404
1.0.0-pre.627			IOException: Tail request on https://maven-central.storage-download.googleapis.com/maven2/org/jetbrains/kotlin-wrappers/kotlin-css-js/1.0.0-pre.627/kotlin-css-js-1.0.0-pre.627.jar returned status 404
1.0.0-pre.628			IOException: Tail request on https://maven-central.storage-download.googleapis.com/maven2/org/jetbrains/kotlin-wrappers/kotlin-css-js/1.0.0-pre.628/kotlin-css-js-1.0.0-pre.628.jar returned status 404
1.0.0-pre.629			IOException: Tail request on https://maven-central.storage-download.googleapis.com/maven2/org/jetbrains/kotlin-wrappers/kotlin-css-js/1.0.0-pre.629/kotlin-css-js-1.0.0-pre.629.jar returned status 404
1.0.0-pre.630			IOException: Tail request on https://maven-central.storage-download.googleapis.com/maven2/org/jetbrains/kotlin-wrappers/kotlin-css-js/1.0.0-pre.630/kotlin-css-js-1.0.0-pre.630.jar returned status 404
1.0.0-pre.631			IOException: Tail request on https://maven-central.storage-download.googleapis.com/maven2/org/jetbrains/kotlin-wrappers/kotlin-css-js/1.0.0-pre.631/kotlin-css-js-1.0.0-pre.631.jar returned status 404
1.0.0-pre.632			IOException: Tail request on https://maven-central.storage-download.googleapis.com/maven2/org/jetbrains/kotlin-wrappers/kotlin-css-js/1.0.0-pre.632/kotlin-css-js-1.0.0-pre.632.jar returned status 404
1.0.0-pre.633			IOException: Tail request on https://maven-central.storage-download.googleapis.com/maven2/org/jetbrains/kotlin-wrappers/kotlin-css-js/1.0.0-pre.633/kotlin-css-js-1.0.0-pre.633.jar returned status 404
1.0.0-pre.634			IOException: Tail request on https://maven-central.storage-download.googleapis.com/maven2/org/jetbrains/kotlin-wrappers/kotlin-css-js/1.0.0-pre.634/kotlin-css-js-1.0.0-pre.634.jar returned status 404
1.0.0-pre.635			IOException: Tail request on https://maven-central.storage-download.googleapis.com/maven2/org/jetbrains/kotlin-wrappers/kotlin-css-js/1.0.0-pre.635/kotlin-css-js-1.0.0-pre.635.jar returned status 404
1.0.0-pre.636			IOException: Tail request on https://maven-central.storage-download.googleapis.com/maven2/org/jetbrains/kotlin-wrappers/kotlin-css-js/1.0.0-pre.636/kotlin-css-js-1.0.0-pre.636.jar returned status 404
1.0.0-pre.637			IOException: Tail request on https://maven-central.storage-download.googleapis.com/maven2/org/jetbrains/kotlin-wrappers/kotlin-css-js/1.0.0-pre.637/kotlin-css-js-1.0.0-pre.637.jar returned status 404
1.0.0-pre.638			IOException: Tail request on https://maven-central.storage-download.googleapis.com/maven2/org/jetbrains/kotlin-wrappers/kotlin-css-js/1.0.0-pre.638/kotlin-css-js-1.0.0-pre.638.jar returned status 404
1.0.0-pre.639			IOException: Tail request on https://maven-central.storage-download.googleapis.com/maven2/org/jetbrains/kotlin-wrappers/kotlin-css-js/1.0.0-pre.639/kotlin-css-js-1.0.0-pre.639.jar returned status 404
1.0.0-pre.640			IOException: Tail request on https://maven-central.storage-download.googleapis.com/maven2/org/jetbrains/kotlin-wrappers/kotlin-css-js/1.0.0-pre.640/kotlin-css-js-1.0.0-pre.640.jar returned status 404
1.0.0-pre.641			IOException: Tail request on https://maven-central.storage-download.googleapis.com/maven2/org/jetbrains/kotlin-wrappers/kotlin-css-js/1.0.0-pre.641/kotlin-css-js-1.0.0-pre.641.jar returned status 404
1.0.0-pre.642			IOException: Tail request on https://maven-central.storage-download.googleapis.com/maven2/org/jetbrains/kotlin-wrappers/kotlin-css-js/1.0.0-pre.642/kotlin-css-js-1.0.0-pre.642.jar returned status 404
1.0.0-pre.643			IOException: Tail request on https://maven-central.storage-download.googleapis.com/maven2/org/jetbrains/kotlin-wrappers/kotlin-css-js/1.0.0-pre.643/kotlin-css-js-1.0.0-pre.643.jar returned status 404
1.0.0-pre.644			IOException: Tail request on https://maven-central.storage-download.googleapis.com/maven2/org/jetbrains/kotlin-wrappers/kotlin-css-js/1.0.0-pre.644/kotlin-css-js-1.0.0-pre.644.jar returned status 404
1.0.0-pre.645			IOException: Tail request on https://maven-central.storage-download.googleapis.com/maven2/org/jetbrains/kotlin-wrappers/kotlin-css-js/1.0.0-pre.645/kotlin-css-js-1.0.0-pre.645.jar returned status 404
1.0.0-pre.646			IOException: Tail request on https://maven-central.storage-download.googleapis.com/maven2/org/jetbrains/kotlin-wrappers/kotlin-css-js/1.0.0-pre.646/kotlin-css-js-1.0.0-pre.646.jar returned status 404
1.0.0-pre.647			IOException: Tail request on https://maven-central.storage-download.googleapis.com/maven2/org/jetbrains/kotlin-wrappers/kotlin-css-js/1.0.0-pre.647/kotlin-css-js-1.0.0-pre.647.jar returned status 404
1.0.0-pre.648			IOException: Tail request on https://maven-central.storage-download.googleapis.com/maven2/org/jetbrains/kotlin-wrappers/kotlin-css-js/1.0.0-pre.648/kotlin-css-js-1.0.0-pre.648.jar returned status 404
1.0.0-pre.649			IOException: Tail request on https://maven-central.storage-download.googleapis.com/maven2/org/jetbrains/kotlin-wrappers/kotlin-css-js/1.0.0-pre.649/kotlin-css-js-1.0.0-pre.649.jar returned status 404
1.0.0-pre.650			IOException: Tail request on https://maven-central.storage-download.googleapis.com/maven2/org/jetbrains/kotlin-wrappers/kotlin-css-js/1.0.0-pre.650/kotlin-css-js-1.0.0-pre.650.jar returned status 404
1.0.0-pre.651			IOException: Tail request on https://maven-central.storage-download.googleapis.com/maven2/org/jetbrains/kotlin-wrappers/kotlin-css-js/1.0.0-pre.651/kotlin-css-js-1.0.0-pre.651.jar returned status 404
1.0.0-pre.652			IOException: Tail request on https://maven-central.storage-download.googleapis.com/maven2/org/jetbrains/kotlin-wrappers/kotlin-css-js/1.0.0-pre.652/kotlin-css-js-1.0.0-pre.652.jar returned status 404
1.0.0-pre.653			IOException: Tail request on https://maven-central.storage-download.googleapis.com/maven2/org/jetbrains/kotlin-wrappers/kotlin-css-js/1.0.0-pre.653/kotlin-css-js-1.0.0-pre.653.jar returned status 404
1.0.0-pre.654			IOException: Tail request on https://maven-central.storage-download.googleapis.com/maven2/org/jetbrains/kotlin-wrappers/kotlin-css-js/1.0.0-pre.654/kotlin-css-js-1.0.0-pre.654.jar returned status 404
1.0.0-pre.655			IOException: Tail request on https://maven-central.storage-download.googleapis.com/maven2/org/jetbrains/kotlin-wrappers/kotlin-css-js/1.0.0-pre.655/kotlin-css-js-1.0.0-pre.655.jar returned status 404
1.0.0-pre.656			IOException: Tail request on https://maven-central.storage-download.googleapis.com/maven2/org/jetbrains/kotlin-wrappers/kotlin-css-js/1.0.0-pre.656/kotlin-css-js-1.0.0-pre.656.jar returned status 404
1.0.0-pre.657			IOException: Tail request on https://maven-central.storage-download.googleapis.com/maven2/org/jetbrains/kotlin-wrappers/kotlin-css-js/1.0.0-pre.657/kotlin-css-js-1.0.0-pre.657.jar returned status 404
1.0.0-pre.658			IOException: Tail request on https://maven-central.storage-download.googleapis.com/maven2/org/jetbrains/kotlin-wrappers/kotlin-css-js/1.0.0-pre.658/kotlin-css-js-1.0.0-pre.658.jar returned status 404
1.0.0-pre.659			IOException: Tail request on https://maven-central.storage-download.googleapis.com/maven2/org/jetbrains/kotlin-wrappers/kotlin-css-js/1.0.0-pre.659/kotlin-css-js-1.0.0-pre.659.jar returned status 404
1.0.0-pre.660			IOException: Tail request on https://maven-central.storage-download.googleapis.com/maven2/org/jetbrains/kotlin-wrappers/kotlin-css-js/1.0.0-pre.660/kotlin-css-js-1.0.0-pre.660.jar returned status 404
1.0.0-pre.661			IOException: Tail request on https://maven-central.storage-download.googleapis.com/maven2/org/jetbrains/kotlin-wrappers/kotlin-css-js/1.0.0-pre.661/kotlin-css-js-1.0.0-pre.661.jar returned status 404
1.0.0-pre.662			IOException: Tail request on https://maven-central.storage-download.googleapis.com/maven2/org/jetbrains/kotlin-wrappers/kotlin-css-js/1.0.0-pre.662/kotlin-css-js-1.0.0-pre.662.jar returned status 404
1.0.0-pre.663			IOException: Tail request on https://maven-central.storage-download.googleapis.com/maven2/org/jetbrains/kotlin-wrappers/kotlin-css-js/1.0.0-pre.663/kotlin-css-js-1.0.0-pre.663.jar returned status 404
1.0.0-pre.664			IOException: Tail request on https://maven-central.storage-download.googleapis.com/maven2/org/jetbrains/kotlin-wrappers/kotlin-css-js/1.0.0-pre.664/kotlin-css-js-1.0.0-pre.664.jar returned status 404
1.0.0-pre.665			IOException: Tail request on https://maven-central.storage-download.googleapis.com/maven2/org/jetbrains/kotlin-wrappers/kotlin-css-js/1.0.0-pre.665/kotlin-css-js-1.0.0-pre.665.jar returned status 404
1.0.0-pre.666			IOException: Tail request on https://maven-central.storage-download.googleapis.com/maven2/org/jetbrains/kotlin-wrappers/kotlin-css-js/1.0.0-pre.666/kotlin-css-js-1.0.0-pre.666.jar returned status 404
1.0.0-pre.667			IOException: Tail request on https://maven-central.storage-download.googleapis.com/maven2/org/jetbrains/kotlin-wrappers/kotlin-css-js/1.0.0-pre.667/kotlin-css-js-1.0.0-pre.667.jar returned status 404
1.0.0-pre.668			IOException: Tail request on https://maven-central.storage-download.googleapis.com/maven2/org/jetbrains/kotlin-wrappers/kotlin-css-js/1.0.0-pre.668/kotlin-css-js-1.0.0-pre.668.jar returned status 404
1.0.0-pre.669			IOException: Tail request on https://maven-central.storage-download.googleapis.com/maven2/org/jetbrains/kotlin-wrappers/kotlin-css-js/1.0.0-pre.669/kotlin-css-js-1.0.0-pre.669.jar returned status 404
1.0.0-pre.670			IOException: Tail request on https://maven-central.storage-download.googleapis.com/maven2/org/jetbrains/kotlin-wrappers/kotlin-css-js/1.0.0-pre.670/kotlin-css-js-1.0.0-pre.670.jar returned status 404
1.0.0-pre.671			IOException: Tail request on https://maven-central.storage-download.googleapis.com/maven2/org/jetbrains/kotlin-wrappers/kotlin-css-js/1.0.0-pre.671/kotlin-css-js-1.0.0-pre.671.jar returned status 404
1.0.0-pre.672			IOException: Tail request on https://maven-central.storage-download.googleapis.com/maven2/org/jetbrains/kotlin-wrappers/kotlin-css-js/1.0.0-pre.672/kotlin-css-js-1.0.0-pre.672.jar returned status 404
1.0.0-pre.673			IOException: Tail request on https://maven-central.storage-download.googleapis.com/maven2/org/jetbrains/kotlin-wrappers/kotlin-css-js/1.0.0-pre.673/kotlin-css-js-1.0.0-pre.673.jar returned status 404
1.0.0-pre.674			IOException: Tail request on https://maven-central.storage-download.googleapis.com/maven2/org/jetbrains/kotlin-wrappers/kotlin-css-js/1.0.0-pre.674/kotlin-css-js-1.0.0-pre.674.jar returned status 404
1.0.0-pre.675			IOException: Tail request on https://maven-central.storage-download.googleapis.com/maven2/org/jetbrains/kotlin-wrappers/kotlin-css-js/1.0.0-pre.675/kotlin-css-js-1.0.0-pre.675.jar returned status 404
1.0.0-pre.676			IOException: Tail request on https://maven-central.storage-download.googleapis.com/maven2/org/jetbrains/kotlin-wrappers/kotlin-css-js/1.0.0-pre.676/kotlin-css-js-1.0.0-pre.676.jar returned status 404
1.0.0-pre.677			IOException: Tail request on https://maven-central.storage-download.googleapis.com/maven2/org/jetbrains/kotlin-wrappers/kotlin-css-js/1.0.0-pre.677/kotlin-css-js-1.0.0-pre.677.jar returned status 404
1.0.0-pre.678			IOException: Tail request on https://maven-central.storage-download.googleapis.com/maven2/org/jetbrains/kotlin-wrappers/kotlin-css-js/1.0.0-pre.678/kotlin-css-js-1.0.0-pre.678.jar returned status 404
1.0.0-pre.679			IOException: Tail request on https://maven-central.storage-download.googleapis.com/maven2/org/jetbrains/kotlin-wrappers/kotlin-css-js/1.0.0-pre.679/kotlin-css-js-1.0.0-pre.679.jar returned status 404
1.0.0-pre.680			IOException: Tail request on https://maven-central.storage-download.googleapis.com/maven2/org/jetbrains/kotlin-wrappers/kotlin-css-js/1.0.0-pre.680/kotlin-css-js-1.0.0-pre.680.jar returned status 404
1.0.0-pre.681			IOException: Tail request on https://maven-central.storage-download.googleapis.com/maven2/org/jetbrains/kotlin-wrappers/kotlin-css-js/1.0.0-pre.681/kotlin-css-js-1.0.0-pre.681.jar returned status 404
1.0.0-pre.682			IOException: Tail request on https://maven-central.storage-download.googleapis.com/maven2/org/jetbrains/kotlin-wrappers/kotlin-css-js/1.0.0-pre.682/kotlin-css-js-1.0.0-pre.682.jar returned status 404
1.0.0-pre.683			IOException: Tail request on https://maven-central.storage-download.googleapis.com/maven2/org/jetbrains/kotlin-wrappers/kotlin-css-js/1.0.0-pre.683/kotlin-css-js-1.0.0-pre.683.jar returned status 404
1.0.0-pre.684			IOException: Tail request on https://maven-central.storage-download.googleapis.com/maven2/org/jetbrains/kotlin-wrappers/kotlin-css-js/1.0.0-pre.684/kotlin-css-js-1.0.0-pre.684.jar returned status 404
1.0.0-pre.685			IOException: Tail request on https://maven-central.storage-download.googleapis.com/maven2/org/jetbrains/kotlin-wrappers/kotlin-css-js/1.0.0-pre.685/kotlin-css-js-1.0.0-pre.685.jar returned status 404
1.0.0-pre.686			IOException: Tail request on https://maven-central.storage-download.googleapis.com/maven2/org/jetbrains/kotlin-wrappers/kotlin-css-js/1.0.0-pre.686/kotlin-css-js-1.0.0-pre.686.jar returned status 404
1.0.0-pre.687			IOException: Tail request on https://maven-central.storage-download.googleapis.com/maven2/org/jetbrains/kotlin-wrappers/kotlin-css-js/1.0.0-pre.687/kotlin-css-js-1.0.0-pre.687.jar returned status 404
1.0.0-pre.688			IOException: Tail request on https://maven-central.storage-download.googleapis.com/maven2/org/jetbrains/kotlin-wrappers/kotlin-css-js/1.0.0-pre.688/kotlin-css-js-1.0.0-pre.688.jar returned status 404
1.0.0-pre.689			IOException: Tail request on https://maven-central.storage-download.googleapis.com/maven2/org/jetbrains/kotlin-wrappers/kotlin-css-js/1.0.0-pre.689/kotlin-css-js-1.0.0-pre.689.jar returned status 404
1.0.0-pre.690			IOException: Tail request on https://maven-central.storage-download.googleapis.com/maven2/org/jetbrains/kotlin-wrappers/kotlin-css-js/1.0.0-pre.690/kotlin-css-js-1.0.0-pre.690.jar returned status 404
1.0.0-pre.691			IOException: Tail request on https://maven-central.storage-download.googleapis.com/maven2/org/jetbrains/kotlin-wrappers/kotlin-css-js/1.0.0-pre.691/kotlin-css-js-1.0.0-pre.691.jar returned status 404
1.0.0-pre.692			IOException: Tail request on https://maven-central.storage-download.googleapis.com/maven2/org/jetbrains/kotlin-wrappers/kotlin-css-js/1.0.0-pre.692/kotlin-css-js-1.0.0-pre.692.jar returned status 404
1.0.0-pre.693			IOException: Tail request on https://maven-central.storage-download.googleapis.com/maven2/org/jetbrains/kotlin-wrappers/kotlin-css-js/1.0.0-pre.693/kotlin-css-js-1.0.0-pre.693.jar returned status 404
1.0.0-pre.694			IOException: Tail request on https://maven-central.storage-download.googleapis.com/maven2/org/jetbrains/kotlin-wrappers/kotlin-css-js/1.0.0-pre.694/kotlin-css-js-1.0.0-pre.694.jar returned status 404
1.0.0-pre.695			IOException: Tail request on https://maven-central.storage-download.googleapis.com/maven2/org/jetbrains/kotlin-wrappers/kotlin-css-js/1.0.0-pre.695/kotlin-css-js-1.0.0-pre.695.jar returned status 404
1.0.0-pre.696			IOException: Tail request on https://maven-central.storage-download.googleapis.com/maven2/org/jetbrains/kotlin-wrappers/kotlin-css-js/1.0.0-pre.696/kotlin-css-js-1.0.0-pre.696.jar returned status 404
1.0.0-pre.697			IOException: Tail request on https://maven-central.storage-download.googleapis.com/maven2/org/jetbrains/kotlin-wrappers/kotlin-css-js/1.0.0-pre.697/kotlin-css-js-1.0.0-pre.697.jar returned status 404
1.0.0-pre.698			IOException: Tail request on https://maven-central.storage-download.googleapis.com/maven2/org/jetbrains/kotlin-wrappers/kotlin-css-js/1.0.0-pre.698/kotlin-css-js-1.0.0-pre.698.jar returned status 404
1.0.0-pre.699			IOException: Tail request on https://maven-central.storage-download.googleapis.com/maven2/org/jetbrains/kotlin-wrappers/kotlin-css-js/1.0.0-pre.699/kotlin-css-js-1.0.0-pre.699.jar returned status 404
1.0.0-pre.700			IOException: Tail request on https://maven-central.storage-download.googleapis.com/maven2/org/jetbrains/kotlin-wrappers/kotlin-css-js/1.0.0-pre.700/kotlin-css-js-1.0.0-pre.700.jar returned status 404
1.0.0-pre.701			IOException: Tail request on https://maven-central.storage-download.googleapis.com/maven2/org/jetbrains/kotlin-wrappers/kotlin-css-js/1.0.0-pre.701/kotlin-css-js-1.0.0-pre.701.jar returned status 404
1.0.0-pre.702			IOException: Tail request on https://maven-central.storage-download.googleapis.com/maven2/org/jetbrains/kotlin-wrappers/kotlin-css-js/1.0.0-pre.702/kotlin-css-js-1.0.0-pre.702.jar returned status 404
1.0.0-pre.703			IOException: Tail request on https://maven-central.storage-download.googleapis.com/maven2/org/jetbrains/kotlin-wrappers/kotlin-css-js/1.0.0-pre.703/kotlin-css-js-1.0.0-pre.703.jar returned status 404
1.0.0-pre.704			IOException: Tail request on https://maven-central.storage-download.googleapis.com/maven2/org/jetbrains/kotlin-wrappers/kotlin-css-js/1.0.0-pre.704/kotlin-css-js-1.0.0-pre.704.jar returned status 404
1.0.0-pre.705			IOException: Tail request on https://maven-central.storage-download.googleapis.com/maven2/org/jetbrains/kotlin-wrappers/kotlin-css-js/1.0.0-pre.705/kotlin-css-js-1.0.0-pre.705.jar returned status 404
1.0.0-pre.706			IOException: Tail request on https://maven-central.storage-download.googleapis.com/maven2/org/jetbrains/kotlin-wrappers/kotlin-css-js/1.0.0-pre.706/kotlin-css-js-1.0.0-pre.706.jar returned status 404
1.0.0-pre.707			IOException: Tail request on https://maven-central.storage-download.googleapis.com/maven2/org/jetbrains/kotlin-wrappers/kotlin-css-js/1.0.0-pre.707/kotlin-css-js-1.0.0-pre.707.jar returned status 404
1.0.0-pre.708			IOException: Tail request on https://maven-central.storage-download.googleapis.com/maven2/org/jetbrains/kotlin-wrappers/kotlin-css-js/1.0.0-pre.708/kotlin-css-js-1.0.0-pre.708.jar returned status 404
1.0.0-pre.709			IOException: Tail request on https://maven-central.storage-download.googleapis.com/maven2/org/jetbrains/kotlin-wrappers/kotlin-css-js/1.0.0-pre.709/kotlin-css-js-1.0.0-pre.709.jar returned status 404
1.0.0-pre.710			IOException: Tail request on https://maven-central.storage-download.googleapis.com/maven2/org/jetbrains/kotlin-wrappers/kotlin-css-js/1.0.0-pre.710/kotlin-css-js-1.0.0-pre.710.jar returned status 404
1.0.0-pre.711			IOException: Tail request on https://maven-central.storage-download.googleapis.com/maven2/org/jetbrains/kotlin-wrappers/kotlin-css-js/1.0.0-pre.711/kotlin-css-js-1.0.0-pre.711.jar returned status 404
1.0.0-pre.712			IOException: Tail request on https://maven-central.storage-download.googleapis.com/maven2/org/jetbrains/kotlin-wrappers/kotlin-css-js/1.0.0-pre.712/kotlin-css-js-1.0.0-pre.712.jar returned status 404
1.0.0-pre.713			IOException: Tail request on https://maven-central.storage-download.googleapis.com/maven2/org/jetbrains/kotlin-wrappers/kotlin-css-js/1.0.0-pre.713/kotlin-css-js-1.0.0-pre.713.jar returned status 404
1.0.0-pre.714			IOException: Tail request on https://maven-central.storage-download.googleapis.com/maven2/org/jetbrains/kotlin-wrappers/kotlin-css-js/1.0.0-pre.714/kotlin-css-js-1.0.0-pre.714.jar returned status 404
1.0.0-pre.715			IOException: Tail request on https://maven-central.storage-download.googleapis.com/maven2/org/jetbrains/kotlin-wrappers/kotlin-css-js/1.0.0-pre.715/kotlin-css-js-1.0.0-pre.715.jar returned status 404
1.0.0-pre.716			IOException: Tail request on https://maven-central.storage-download.googleapis.com/maven2/org/jetbrains/kotlin-wrappers/kotlin-css-js/1.0.0-pre.716/kotlin-css-js-1.0.0-pre.716.jar returned status 404
1.0.0-pre.717			IOException: Tail request on https://maven-central.storage-download.googleapis.com/maven2/org/jetbrains/kotlin-wrappers/kotlin-css-js/1.0.0-pre.717/kotlin-css-js-1.0.0-pre.717.jar returned status 404
1.0.0-pre.718			IOException: Tail request on https://maven-central.storage-download.googleapis.com/maven2/org/jetbrains/kotlin-wrappers/kotlin-css-js/1.0.0-pre.718/kotlin-css-js-1.0.0-pre.718.jar returned status 404
1.0.0-pre.719			IOException: Tail request on https://maven-central.storage-download.googleapis.com/maven2/org/jetbrains/kotlin-wrappers/kotlin-css-js/1.0.0-pre.719/kotlin-css-js-1.0.0-pre.719.jar returned status 404
1.0.0-pre.720			IOException: Tail request on https://maven-central.storage-download.googleapis.com/maven2/org/jetbrains/kotlin-wrappers/kotlin-css-js/1.0.0-pre.720/kotlin-css-js-1.0.0-pre.720.jar returned status 404
1.0.0-pre.721			IOException: Tail request on https://maven-central.storage-download.googleapis.com/maven2/org/jetbrains/kotlin-wrappers/kotlin-css-js/1.0.0-pre.721/kotlin-css-js-1.0.0-pre.721.jar returned status 404
1.0.0-pre.722			IOException: Tail request on https://maven-central.storage-download.googleapis.com/maven2/org/jetbrains/kotlin-wrappers/kotlin-css-js/1.0.0-pre.722/kotlin-css-js-1.0.0-pre.722.jar returned status 404
1.0.0-pre.723			IOException: Tail request on https://maven-central.storage-download.googleapis.com/maven2/org/jetbrains/kotlin-wrappers/kotlin-css-js/1.0.0-pre.723/kotlin-css-js-1.0.0-pre.723.jar returned status 404
1.0.0-pre.724			IOException: Tail request on https://maven-central.storage-download.googleapis.com/maven2/org/jetbrains/kotlin-wrappers/kotlin-css-js/1.0.0-pre.724/kotlin-css-js-1.0.0-pre.724.jar returned status 404
1.0.0-pre.725			IOException: Tail request on https://maven-central.storage-download.googleapis.com/maven2/org/jetbrains/kotlin-wrappers/kotlin-css-js/1.0.0-pre.725/kotlin-css-js-1.0.0-pre.725.jar returned status 404
1.0.0-pre.726			IOException: Tail request on https://maven-central.storage-download.googleapis.com/maven2/org/jetbrains/kotlin-wrappers/kotlin-css-js/1.0.0-pre.726/kotlin-css-js-1.0.0-pre.726.jar returned status 404
1.0.0-pre.727			IOException: Tail request on https://maven-central.storage-download.googleapis.com/maven2/org/jetbrains/kotlin-wrappers/kotlin-css-js/1.0.0-pre.727/kotlin-css-js-1.0.0-pre.727.jar returned status 404
1.0.0-pre.728			IOException: Tail request on https://maven-central.storage-download.googleapis.com/maven2/org/jetbrains/kotlin-wrappers/kotlin-css-js/1.0.0-pre.728/kotlin-css-js-1.0.0-pre.728.jar returned status 404
1.0.0-pre.729			IOException: Tail request on https://maven-central.storage-download.googleapis.com/maven2/org/jetbrains/kotlin-wrappers/kotlin-css-js/1.0.0-pre.729/kotlin-css-js-1.0.0-pre.729.jar returned status 404
1.0.0-pre.730			IOException: Tail request on https://maven-central.storage-download.googleapis.com/maven2/org/jetbrains/kotlin-wrappers/kotlin-css-js/1.0.0-pre.730/kotlin-css-js-1.0.0-pre.730.jar returned status 404
1.0.0-pre.731			IOException: Tail request on https://maven-central.storage-download.googleapis.com/maven2/org/jetbrains/kotlin-wrappers/kotlin-css-js/1.0.0-pre.731/kotlin-css-js-1.0.0-pre.731.jar returned status 404
1.0.0-pre.732			IOException: Tail request on https://maven-central.storage-download.googleapis.com/maven2/org/jetbrains/kotlin-wrappers/kotlin-css-js/1.0.0-pre.732/kotlin-css-js-1.0.0-pre.732.jar returned status 404
1.0.0-pre.733			IOException: Tail request on https://maven-central.storage-download.googleapis.com/maven2/org/jetbrains/kotlin-wrappers/kotlin-css-js/1.0.0-pre.733/kotlin-css-js-1.0.0-pre.733.jar returned status 404
1.0.0-pre.734			IOException: Tail request on https://maven-central.storage-download.googleapis.com/maven2/org/jetbrains/kotlin-wrappers/kotlin-css-js/1.0.0-pre.734/kotlin-css-js-1.0.0-pre.734.jar returned status 404
1.0.0-pre.735			IOException: Tail request on https://maven-central.storage-download.googleapis.com/maven2/org/jetbrains/kotlin-wrappers/kotlin-css-js/1.0.0-pre.735/kotlin-css-js-1.0.0-pre.735.jar returned status 404
1.0.0-pre.736			IOException: Tail request on https://maven-central.storage-download.googleapis.com/maven2/org/jetbrains/kotlin-wrappers/kotlin-css-js/1.0.0-pre.736/kotlin-css-js-1.0.0-pre.736.jar returned status 404
1.0.0-pre.737			IOException: Tail request on https://maven-central.storage-download.googleapis.com/maven2/org/jetbrains/kotlin-wrappers/kotlin-css-js/1.0.0-pre.737/kotlin-css-js-1.0.0-pre.737.jar returned status 404
1.0.0-pre.738			IOException: Tail request on https://maven-central.storage-download.googleapis.com/maven2/org/jetbrains/kotlin-wrappers/kotlin-css-js/1.0.0-pre.738/kotlin-css-js-1.0.0-pre.738.jar returned status 404
1.0.0-pre.739			IOException: Tail request on https://maven-central.storage-download.googleapis.com/maven2/org/jetbrains/kotlin-wrappers/kotlin-css-js/1.0.0-pre.739/kotlin-css-js-1.0.0-pre.739.jar returned status 404
1.0.0-pre.740			IOException: Tail request on https://maven-central.storage-download.googleapis.com/maven2/org/jetbrains/kotlin-wrappers/kotlin-css-js/1.0.0-pre.740/kotlin-css-js-1.0.0-pre.740.jar returned status 404
1.0.0-pre.741			IOException: Tail request on https://maven-central.storage-download.googleapis.com/maven2/org/jetbrains/kotlin-wrappers/kotlin-css-js/1.0.0-pre.741/kotlin-css-js-1.0.0-pre.741.jar returned status 404
1.0.0-pre.742			IOException: Tail request on https://maven-central.storage-download.googleapis.com/maven2/org/jetbrains/kotlin-wrappers/kotlin-css-js/1.0.0-pre.742/kotlin-css-js-1.0.0-pre.742.jar returned status 404
1.0.0-pre.743			IOException: Tail request on https://maven-central.storage-download.googleapis.com/maven2/org/jetbrains/kotlin-wrappers/kotlin-css-js/1.0.0-pre.743/kotlin-css-js-1.0.0-pre.743.jar returned status 404
1.0.0-pre.744			IOException: Tail request on https://maven-central.storage-download.googleapis.com/maven2/org/jetbrains/kotlin-wrappers/kotlin-css-js/1.0.0-pre.744/kotlin-css-js-1.0.0-pre.744.jar returned status 404
1.0.0-pre.745			IOException: Tail request on https://maven-central.storage-download.googleapis.com/maven2/org/jetbrains/kotlin-wrappers/kotlin-css-js/1.0.0-pre.745/kotlin-css-js-1.0.0-pre.745.jar returned status 404
1.0.0-pre.746			IOException: Tail request on https://maven-central.storage-download.googleapis.com/maven2/org/jetbrains/kotlin-wrappers/kotlin-css-js/1.0.0-pre.746/kotlin-css-js-1.0.0-pre.746.jar returned status 404
1.0.0-pre.747			IOException: Tail request on https://maven-central.storage-download.googleapis.com/maven2/org/jetbrains/kotlin-wrappers/kotlin-css-js/1.0.0-pre.747/kotlin-css-js-1.0.0-pre.747.jar returned status 404
1.0.0-pre.748			IOException: Tail request on https://maven-central.storage-download.googleapis.com/maven2/org/jetbrains/kotlin-wrappers/kotlin-css-js/1.0.0-pre.748/kotlin-css-js-1.0.0-pre.748.jar returned status 404
1.0.0-pre.749			IOException: Tail request on https://maven-central.storage-download.googleapis.com/maven2/org/jetbrains/kotlin-wrappers/kotlin-css-js/1.0.0-pre.749/kotlin-css-js-1.0.0-pre.749.jar returned status 404
1.0.0-pre.750			IOException: Tail request on https://maven-central.storage-download.googleapis.com/maven2/org/jetbrains/kotlin-wrappers/kotlin-css-js/1.0.0-pre.750/kotlin-css-js-1.0.0-pre.750.jar returned status 404
1.0.0-pre.751			IOException: Tail request on https://maven-central.storage-download.googleapis.com/maven2/org/jetbrains/kotlin-wrappers/kotlin-css-js/1.0.0-pre.751/kotlin-css-js-1.0.0-pre.751.jar returned status 404
1.0.0-pre.752			IOException: Tail request on https://maven-central.storage-download.googleapis.com/maven2/org/jetbrains/kotlin-wrappers/kotlin-css-js/1.0.0-pre.752/kotlin-css-js-1.0.0-pre.752.jar returned status 404
1.0.0-pre.753			IOException: Tail request on https://maven-central.storage-download.googleapis.com/maven2/org/jetbrains/kotlin-wrappers/kotlin-css-js/1.0.0-pre.753/kotlin-css-js-1.0.0-pre.753.jar returned status 404
1.0.0-pre.754			IOException: Tail request on https://maven-central.storage-download.googleapis.com/maven2/org/jetbrains/kotlin-wrappers/kotlin-css-js/1.0.0-pre.754/kotlin-css-js-1.0.0-pre.754.jar returned status 404
1.0.0-pre.755			IOException: Tail request on https://maven-central.storage-download.googleapis.com/maven2/org/jetbrains/kotlin-wrappers/kotlin-css-js/1.0.0-pre.755/kotlin-css-js-1.0.0-pre.755.jar returned status 404
1.0.0-pre.756			IOException: Tail request on https://maven-central.storage-download.googleapis.com/maven2/org/jetbrains/kotlin-wrappers/kotlin-css-js/1.0.0-pre.756/kotlin-css-js-1.0.0-pre.756.jar returned status 404
1.0.0-pre.757			IOException: Tail request on https://maven-central.storage-download.googleapis.com/maven2/org/jetbrains/kotlin-wrappers/kotlin-css-js/1.0.0-pre.757/kotlin-css-js-1.0.0-pre.757.jar returned status 404
1.0.0-pre.758			IOException: Tail request on https://maven-central.storage-download.googleapis.com/maven2/org/jetbrains/kotlin-wrappers/kotlin-css-js/1.0.0-pre.758/kotlin-css-js-1.0.0-pre.758.jar returned status 404
1.0.0-pre.759			IOException: Tail request on https://maven-central.storage-download.googleapis.com/maven2/org/jetbrains/kotlin-wrappers/kotlin-css-js/1.0.0-pre.759/kotlin-css-js-1.0.0-pre.759.jar returned status 404
1.0.0-pre.760			IOException: Tail request on https://maven-central.storage-download.googleapis.com/maven2/org/jetbrains/kotlin-wrappers/kotlin-css-js/1.0.0-pre.760/kotlin-css-js-1.0.0-pre.760.jar returned status 404
1.0.0-pre.761			IOException: Tail request on https://maven-central.storage-download.googleapis.com/maven2/org/jetbrains/kotlin-wrappers/kotlin-css-js/1.0.0-pre.761/kotlin-css-js-1.0.0-pre.761.jar returned status 404
1.0.0-pre.762			IOException: Tail request on https://maven-central.storage-download.googleapis.com/maven2/org/jetbrains/kotlin-wrappers/kotlin-css-js/1.0.0-pre.762/kotlin-css-js-1.0.0-pre.762.jar returned status 404
1.0.0-pre.763			IOException: Tail request on https://maven-central.storage-download.googleapis.com/maven2/org/jetbrains/kotlin-wrappers/kotlin-css-js/1.0.0-pre.763/kotlin-css-js-1.0.0-pre.763.jar returned status 404
1.0.0-pre.764			IOException: Tail request on https://maven-central.storage-download.googleapis.com/maven2/org/jetbrains/kotlin-wrappers/kotlin-css-js/1.0.0-pre.764/kotlin-css-js-1.0.0-pre.764.jar returned status 404
1.0.0-pre.765			IOException: Tail request on https://maven-central.storage-download.googleapis.com/maven2/org/jetbrains/kotlin-wrappers/kotlin-css-js/1.0.0-pre.765/kotlin-css-js-1.0.0-pre.765.jar returned status 404
1.0.0-pre.766			IOException: Tail request on https://maven-central.storage-download.googleapis.com/maven2/org/jetbrains/kotlin-wrappers/kotlin-css-js/1.0.0-pre.766/kotlin-css-js-1.0.0-pre.766.jar returned status 404
1.0.0-pre.767			IOException: Tail request on https://maven-central.storage-download.googleapis.com/maven2/org/jetbrains/kotlin-wrappers/kotlin-css-js/1.0.0-pre.767/kotlin-css-js-1.0.0-pre.767.jar returned status 404
1.0.0-pre.768			IOException: Tail request on https://maven-central.storage-download.googleapis.com/maven2/org/jetbrains/kotlin-wrappers/kotlin-css-js/1.0.0-pre.768/kotlin-css-js-1.0.0-pre.768.jar returned status 404
1.0.0-pre.769			IOException: Tail request on https://maven-central.storage-download.googleapis.com/maven2/org/jetbrains/kotlin-wrappers/kotlin-css-js/1.0.0-pre.769/kotlin-css-js-1.0.0-pre.769.jar returned status 404
1.0.0-pre.770			IOException: Tail request on https://maven-central.storage-download.googleapis.com/maven2/org/jetbrains/kotlin-wrappers/kotlin-css-js/1.0.0-pre.770/kotlin-css-js-1.0.0-pre.770.jar returned status 404
1.0.0-pre.771			IOException: Tail request on https://maven-central.storage-download.googleapis.com/maven2/org/jetbrains/kotlin-wrappers/kotlin-css-js/1.0.0-pre.771/kotlin-css-js-1.0.0-pre.771.jar returned status 404
1.0.0-pre.772			IOException: Tail request on https://maven-central.storage-download.googleapis.com/maven2/org/jetbrains/kotlin-wrappers/kotlin-css-js/1.0.0-pre.772/kotlin-css-js-1.0.0-pre.772.jar returned status 404
1.0.0-pre.773			IOException: Tail request on https://maven-central.storage-download.googleapis.com/maven2/org/jetbrains/kotlin-wrappers/kotlin-css-js/1.0.0-pre.773/kotlin-css-js-1.0.0-pre.773.jar returned status 404
1.0.0-pre.774			IOException: Tail request on https://maven-central.storage-download.googleapis.com/maven2/org/jetbrains/kotlin-wrappers/kotlin-css-js/1.0.0-pre.774/kotlin-css-js-1.0.0-pre.774.jar returned status 404
1.0.0-pre.775			IOException: Tail request on https://maven-central.storage-download.googleapis.com/maven2/org/jetbrains/kotlin-wrappers/kotlin-css-js/1.0.0-pre.775/kotlin-css-js-1.0.0-pre.775.jar returned status 404
1.0.0-pre.776			IOException: Tail request on https://maven-central.storage-download.googleapis.com/maven2/org/jetbrains/kotlin-wrappers/kotlin-css-js/1.0.0-pre.776/kotlin-css-js-1.0.0-pre.776.jar returned status 404
1.0.0-pre.777			IOException: Tail request on https://maven-central.storage-download.googleapis.com/maven2/org/jetbrains/kotlin-wrappers/kotlin-css-js/1.0.0-pre.777/kotlin-css-js-1.0.0-pre.777.jar returned status 404
1.0.0-pre.778			IOException: Tail request on https://maven-central.storage-download.googleapis.com/maven2/org/jetbrains/kotlin-wrappers/kotlin-css-js/1.0.0-pre.778/kotlin-css-js-1.0.0-pre.778.jar returned status 404
1.0.0-pre.779			IOException: Tail request on https://maven-central.storage-download.googleapis.com/maven2/org/jetbrains/kotlin-wrappers/kotlin-css-js/1.0.0-pre.779/kotlin-css-js-1.0.0-pre.779.jar returned status 404
1.0.0-pre.780			IOException: Tail request on https://maven-central.storage-download.googleapis.com/maven2/org/jetbrains/kotlin-wrappers/kotlin-css-js/1.0.0-pre.780/kotlin-css-js-1.0.0-pre.780.jar returned status 404
1.0.0-pre.781			IOException: Tail request on https://maven-central.storage-download.googleapis.com/maven2/org/jetbrains/kotlin-wrappers/kotlin-css-js/1.0.0-pre.781/kotlin-css-js-1.0.0-pre.781.jar returned status 404
1.0.0-pre.782			IOException: Tail request on https://maven-central.storage-download.googleapis.com/maven2/org/jetbrains/kotlin-wrappers/kotlin-css-js/1.0.0-pre.782/kotlin-css-js-1.0.0-pre.782.jar returned status 404
1.0.0-pre.783			IOException: Tail request on https://maven-central.storage-download.googleapis.com/maven2/org/jetbrains/kotlin-wrappers/kotlin-css-js/1.0.0-pre.783/kotlin-css-js-1.0.0-pre.783.jar returned status 404
1.0.0-pre.784			IOException: Tail request on https://maven-central.storage-download.googleapis.com/maven2/org/jetbrains/kotlin-wrappers/kotlin-css-js/1.0.0-pre.784/kotlin-css-js-1.0.0-pre.784.jar returned status 404
1.0.0-pre.785			IOException: Tail request on https://maven-central.storage-download.googleapis.com/maven2/org/jetbrains/kotlin-wrappers/kotlin-css-js/1.0.0-pre.785/kotlin-css-js-1.0.0-pre.785.jar returned status 404
1.0.0-pre.786			IOException: Tail request on https://maven-central.storage-download.googleapis.com/maven2/org/jetbrains/kotlin-wrappers/kotlin-css-js/1.0.0-pre.786/kotlin-css-js-1.0.0-pre.786.jar returned status 404
1.0.0-pre.787			IOException: Tail request on https://maven-central.storage-download.googleapis.com/maven2/org/jetbrains/kotlin-wrappers/kotlin-css-js/1.0.0-pre.787/kotlin-css-js-1.0.0-pre.787.jar returned status 404
1.0.0-pre.788			IOException: Tail request on https://maven-central.storage-download.googleapis.com/maven2/org/jetbrains/kotlin-wrappers/kotlin-css-js/1.0.0-pre.788/kotlin-css-js-1.0.0-pre.788.jar returned status 404
1.0.0-pre.789			IOException: Tail request on https://maven-central.storage-download.googleapis.com/maven2/org/jetbrains/kotlin-wrappers/kotlin-css-js/1.0.0-pre.789/kotlin-css-js-1.0.0-pre.789.jar returned status 404
1.0.0-pre.790			IOException: Tail request on https://maven-central.storage-download.googleapis.com/maven2/org/jetbrains/kotlin-wrappers/kotlin-css-js/1.0.0-pre.790/kotlin-css-js-1.0.0-pre.790.jar returned status 404
1.0.0-pre.791			IOException: Tail request on https://maven-central.storage-download.googleapis.com/maven2/org/jetbrains/kotlin-wrappers/kotlin-css-js/1.0.0-pre.791/kotlin-css-js-1.0.0-pre.791.jar returned status 404
1.0.0-pre.792			IOException: Tail request on https://maven-central.storage-download.googleapis.com/maven2/org/jetbrains/kotlin-wrappers/kotlin-css-js/1.0.0-pre.792/kotlin-css-js-1.0.0-pre.792.jar returned status 404
1.0.0-pre.793			IOException: Tail request on https://maven-central.storage-download.googleapis.com/maven2/org/jetbrains/kotlin-wrappers/kotlin-css-js/1.0.0-pre.793/kotlin-css-js-1.0.0-pre.793.jar returned status 404
1.0.0-pre.794			IOException: Tail request on https://maven-central.storage-download.googleapis.com/maven2/org/jetbrains/kotlin-wrappers/kotlin-css-js/1.0.0-pre.794/kotlin-css-js-1.0.0-pre.794.jar returned status 404
1.0.0-pre.795			IOException: Tail request on https://maven-central.storage-download.googleapis.com/maven2/org/jetbrains/kotlin-wrappers/kotlin-css-js/1.0.0-pre.795/kotlin-css-js-1.0.0-pre.795.jar returned status 404
1.0.0-pre.796			IOException: Tail request on https://maven-central.storage-download.googleapis.com/maven2/org/jetbrains/kotlin-wrappers/kotlin-css-js/1.0.0-pre.796/kotlin-css-js-1.0.0-pre.796.jar returned status 404
1.0.0-pre.797			IOException: Tail request on https://maven-central.storage-download.googleapis.com/maven2/org/jetbrains/kotlin-wrappers/kotlin-css-js/1.0.0-pre.797/kotlin-css-js-1.0.0-pre.797.jar returned status 404
1.0.0-pre.798			IOException: Tail request on https://maven-central.storage-download.googleapis.com/maven2/org/jetbrains/kotlin-wrappers/kotlin-css-js/1.0.0-pre.798/kotlin-css-js-1.0.0-pre.798.jar returned status 404
1.0.0-pre.799			IOException: Tail request on https://maven-central.storage-download.googleapis.com/maven2/org/jetbrains/kotlin-wrappers/kotlin-css-js/1.0.0-pre.799/kotlin-css-js-1.0.0-pre.799.jar returned status 404
1.0.0-pre.800			IOException: Tail request on https://maven-central.storage-download.googleapis.com/maven2/org/jetbrains/kotlin-wrappers/kotlin-css-js/1.0.0-pre.800/kotlin-css-js-1.0.0-pre.800.jar returned status 404
1.0.0-pre.801			IOException: Tail request on https://maven-central.storage-download.googleapis.com/maven2/org/jetbrains/kotlin-wrappers/kotlin-css-js/1.0.0-pre.801/kotlin-css-js-1.0.0-pre.801.jar returned status 404
1.0.0-pre.802			IOException: Tail request on https://maven-central.storage-download.googleapis.com/maven2/org/jetbrains/kotlin-wrappers/kotlin-css-js/1.0.0-pre.802/kotlin-css-js-1.0.0-pre.802.jar returned status 404
1.0.0-pre.803			IOException: Tail request on https://maven-central.storage-download.googleapis.com/maven2/org/jetbrains/kotlin-wrappers/kotlin-css-js/1.0.0-pre.803/kotlin-css-js-1.0.0-pre.803.jar returned status 404
1.0.0-pre.804			IOException: Tail request on https://maven-central.storage-download.googleapis.com/maven2/org/jetbrains/kotlin-wrappers/kotlin-css-js/1.0.0-pre.804/kotlin-css-js-1.0.0-pre.804.jar returned status 404
1.0.0-pre.805			IOException: Tail request on https://maven-central.storage-download.googleapis.com/maven2/org/jetbrains/kotlin-wrappers/kotlin-css-js/1.0.0-pre.805/kotlin-css-js-1.0.0-pre.805.jar returned status 404
1.0.0-pre.806			IOException: Tail request on https://maven-central.storage-download.googleapis.com/maven2/org/jetbrains/kotlin-wrappers/kotlin-css-js/1.0.0-pre.806/kotlin-css-js-1.0.0-pre.806.jar returned status 404
1.0.0-pre.807			IOException: Tail request on https://maven-central.storage-download.googleapis.com/maven2/org/jetbrains/kotlin-wrappers/kotlin-css-js/1.0.0-pre.807/kotlin-css-js-1.0.0-pre.807.jar returned status 404
1.0.0-pre.808			IOException: Tail request on https://maven-central.storage-download.googleapis.com/maven2/org/jetbrains/kotlin-wrappers/kotlin-css-js/1.0.0-pre.808/kotlin-css-js-1.0.0-pre.808.jar returned status 404
1.0.0-pre.809			IOException: Tail request on https://maven-central.storage-download.googleapis.com/maven2/org/jetbrains/kotlin-wrappers/kotlin-css-js/1.0.0-pre.809/kotlin-css-js-1.0.0-pre.809.jar returned status 404
1.0.0-pre.810			IOException: Tail request on https://maven-central.storage-download.googleapis.com/maven2/org/jetbrains/kotlin-wrappers/kotlin-css-js/1.0.0-pre.810/kotlin-css-js-1.0.0-pre.810.jar returned status 404
1.0.0-pre.811			IOException: Tail request on https://maven-central.storage-download.googleapis.com/maven2/org/jetbrains/kotlin-wrappers/kotlin-css-js/1.0.0-pre.811/kotlin-css-js-1.0.0-pre.811.jar returned status 404
1.0.0-pre.812			IOException: Tail request on https://maven-central.storage-download.googleapis.com/maven2/org/jetbrains/kotlin-wrappers/kotlin-css-js/1.0.0-pre.812/kotlin-css-js-1.0.0-pre.812.jar returned status 404
1.0.0-pre.813			IOException: Tail request on https://maven-central.storage-download.googleapis.com/maven2/org/jetbrains/kotlin-wrappers/kotlin-css-js/1.0.0-pre.813/kotlin-css-js-1.0.0-pre.813.jar returned status 404
1.0.0-pre.814			IOException: Tail request on https://maven-central.storage-download.googleapis.com/maven2/org/jetbrains/kotlin-wrappers/kotlin-css-js/1.0.0-pre.814/kotlin-css-js-1.0.0-pre.814.jar returned status 404
1.0.0-pre.815			IOException: Tail request on https://maven-central.storage-download.googleapis.com/maven2/org/jetbrains/kotlin-wrappers/kotlin-css-js/1.0.0-pre.815/kotlin-css-js-1.0.0-pre.815.jar returned status 404
1.0.0-pre.816			IOException: Tail request on https://maven-central.storage-download.googleapis.com/maven2/org/jetbrains/kotlin-wrappers/kotlin-css-js/1.0.0-pre.816/kotlin-css-js-1.0.0-pre.816.jar returned status 404
1.0.0-pre.817			IOException: Tail request on https://maven-central.storage-download.googleapis.com/maven2/org/jetbrains/kotlin-wrappers/kotlin-css-js/1.0.0-pre.817/kotlin-css-js-1.0.0-pre.817.jar returned status 404
1.0.0-pre.818			IOException: Tail request on https://maven-central.storage-download.googleapis.com/maven2/org/jetbrains/kotlin-wrappers/kotlin-css-js/1.0.0-pre.818/kotlin-css-js-1.0.0-pre.818.jar returned status 404
1.0.0-pre.819			IOException: Tail request on https://maven-central.storage-download.googleapis.com/maven2/org/jetbrains/kotlin-wrappers/kotlin-css-js/1.0.0-pre.819/kotlin-css-js-1.0.0-pre.819.jar returned status 404
1.0.0-pre.820			IOException: Tail request on https://maven-central.storage-download.googleapis.com/maven2/org/jetbrains/kotlin-wrappers/kotlin-css-js/1.0.0-pre.820/kotlin-css-js-1.0.0-pre.820.jar returned status 404
1.0.0-pre.821			IOException: Tail request on https://maven-central.storage-download.googleapis.com/maven2/org/jetbrains/kotlin-wrappers/kotlin-css-js/1.0.0-pre.821/kotlin-css-js-1.0.0-pre.821.jar returned status 404
1.0.0-pre.822			IOException: Tail request on https://maven-central.storage-download.googleapis.com/maven2/org/jetbrains/kotlin-wrappers/kotlin-css-js/1.0.0-pre.822/kotlin-css-js-1.0.0-pre.822.jar returned status 404
1.0.0-pre.823			IOException: Tail request on https://maven-central.storage-download.googleapis.com/maven2/org/jetbrains/kotlin-wrappers/kotlin-css-js/1.0.0-pre.823/kotlin-css-js-1.0.0-pre.823.jar returned status 404
1.0.0-pre.824			IOException: Tail request on https://maven-central.storage-download.googleapis.com/maven2/org/jetbrains/kotlin-wrappers/kotlin-css-js/1.0.0-pre.824/kotlin-css-js-1.0.0-pre.824.jar returned status 404
1.0.0-pre.825			IOException: Tail request on https://maven-central.storage-download.googleapis.com/maven2/org/jetbrains/kotlin-wrappers/kotlin-css-js/1.0.0-pre.825/kotlin-css-js-1.0.0-pre.825.jar returned status 404
1.0.0-pre.826			IOException: Tail request on https://maven-central.storage-download.googleapis.com/maven2/org/jetbrains/kotlin-wrappers/kotlin-css-js/1.0.0-pre.826/kotlin-css-js-1.0.0-pre.826.jar returned status 404
1.0.0-pre.827			IOException: Tail request on https://maven-central.storage-download.googleapis.com/maven2/org/jetbrains/kotlin-wrappers/kotlin-css-js/1.0.0-pre.827/kotlin-css-js-1.0.0-pre.827.jar returned status 404
1.0.0-pre.828			IOException: Tail request on https://maven-central.storage-download.googleapis.com/maven2/org/jetbrains/kotlin-wrappers/kotlin-css-js/1.0.0-pre.828/kotlin-css-js-1.0.0-pre.828.jar returned status 404
1.0.0-pre.829			IOException: Tail request on https://maven-central.storage-download.googleapis.com/maven2/org/jetbrains/kotlin-wrappers/kotlin-css-js/1.0.0-pre.829/kotlin-css-js-1.0.0-pre.829.jar returned status 404
1.0.0-pre.830			IOException: Tail request on https://maven-central.storage-download.googleapis.com/maven2/org/jetbrains/kotlin-wrappers/kotlin-css-js/1.0.0-pre.830/kotlin-css-js-1.0.0-pre.830.jar returned status 404
1.0.0-pre.831			IOException: Tail request on https://maven-central.storage-download.googleapis.com/maven2/org/jetbrains/kotlin-wrappers/kotlin-css-js/1.0.0-pre.831/kotlin-css-js-1.0.0-pre.831.jar returned status 404
1.0.0-pre.832			IOException: Tail request on https://maven-central.storage-download.googleapis.com/maven2/org/jetbrains/kotlin-wrappers/kotlin-css-js/1.0.0-pre.832/kotlin-css-js-1.0.0-pre.832.jar returned status 404
1.0.0-pre.833			IOException: Tail request on https://maven-central.storage-download.googleapis.com/maven2/org/jetbrains/kotlin-wrappers/kotlin-css-js/1.0.0-pre.833/kotlin-css-js-1.0.0-pre.833.jar returned status 404
1.0.0-pre.834			IOException: Tail request on https://maven-central.storage-download.googleapis.com/maven2/org/jetbrains/kotlin-wrappers/kotlin-css-js/1.0.0-pre.834/kotlin-css-js-1.0.0-pre.834.jar returned status 404
1.0.0-pre.835			IOException: Tail request on https://maven-central.storage-download.googleapis.com/maven2/org/jetbrains/kotlin-wrappers/kotlin-css-js/1.0.0-pre.835/kotlin-css-js-1.0.0-pre.835.jar returned status 404
1.0.0-pre.836			IOException: Tail request on https://maven-central.storage-download.googleapis.com/maven2/org/jetbrains/kotlin-wrappers/kotlin-css-js/1.0.0-pre.836/kotlin-css-js-1.0.0-pre.836.jar returned status 404
1.0.0-pre.837			IOException: Tail request on https://maven-central.storage-download.googleapis.com/maven2/org/jetbrains/kotlin-wrappers/kotlin-css-js/1.0.0-pre.837/kotlin-css-js-1.0.0-pre.837.jar returned status 404
1.0.0-pre.838			IOException: Tail request on https://maven-central.storage-download.googleapis.com/maven2/org/jetbrains/kotlin-wrappers/kotlin-css-js/1.0.0-pre.838/kotlin-css-js-1.0.0-pre.838.jar returned status 404
1.0.0-pre.839			IOException: Tail request on https://maven-central.storage-download.googleapis.com/maven2/org/jetbrains/kotlin-wrappers/kotlin-css-js/1.0.0-pre.839/kotlin-css-js-1.0.0-pre.839.jar returned status 404
1.0.0-pre.840			IOException: Tail request on https://maven-central.storage-download.googleapis.com/maven2/org/jetbrains/kotlin-wrappers/kotlin-css-js/1.0.0-pre.840/kotlin-css-js-1.0.0-pre.840.jar returned status 404
1.0.0-pre.841			IOException: Tail request on https://maven-central.storage-download.googleapis.com/maven2/org/jetbrains/kotlin-wrappers/kotlin-css-js/1.0.0-pre.841/kotlin-css-js-1.0.0-pre.841.jar returned status 404
1.0.0-pre.842			IOException: Tail request on https://maven-central.storage-download.googleapis.com/maven2/org/jetbrains/kotlin-wrappers/kotlin-css-js/1.0.0-pre.842/kotlin-css-js-1.0.0-pre.842.jar returned status 404
1.0.0-pre.843			IOException: Tail request on https://maven-central.storage-download.googleapis.com/maven2/org/jetbrains/kotlin-wrappers/kotlin-css-js/1.0.0-pre.843/kotlin-css-js-1.0.0-pre.843.jar returned status 404
1.0.0-pre.844			IOException: Tail request on https://maven-central.storage-download.googleapis.com/maven2/org/jetbrains/kotlin-wrappers/kotlin-css-js/1.0.0-pre.844/kotlin-css-js-1.0.0-pre.844.jar returned status 404
1.0.0-pre.845			IOException: Tail request on https://maven-central.storage-download.googleapis.com/maven2/org/jetbrains/kotlin-wrappers/kotlin-css-js/1.0.0-pre.845/kotlin-css-js-1.0.0-pre.845.jar returned status 404
1.0.0-pre.846			IOException: Tail request on https://maven-central.storage-download.googleapis.com/maven2/org/jetbrains/kotlin-wrappers/kotlin-css-js/1.0.0-pre.846/kotlin-css-js-1.0.0-pre.846.jar returned status 404
1.0.0-pre.847			IOException: Tail request on https://maven-central.storage-download.googleapis.com/maven2/org/jetbrains/kotlin-wrappers/kotlin-css-js/1.0.0-pre.847/kotlin-css-js-1.0.0-pre.847.jar returned status 404
1.0.0-pre.848			IOException: Tail request on https://maven-central.storage-download.googleapis.com/maven2/org/jetbrains/kotlin-wrappers/kotlin-css-js/1.0.0-pre.848/kotlin-css-js-1.0.0-pre.848.jar returned status 404
1.0.0-pre.849			IOException: Tail request on https://maven-central.storage-download.googleapis.com/maven2/org/jetbrains/kotlin-wrappers/kotlin-css-js/1.0.0-pre.849/kotlin-css-js-1.0.0-pre.849.jar returned status 404
1.0.0-pre.850			IOException: Tail request on https://maven-central.storage-download.googleapis.com/maven2/org/jetbrains/kotlin-wrappers/kotlin-css-js/1.0.0-pre.850/kotlin-css-js-1.0.0-pre.850.jar returned status 404
1.0.0-pre.851			IOException: Tail request on https://maven-central.storage-download.googleapis.com/maven2/org/jetbrains/kotlin-wrappers/kotlin-css-js/1.0.0-pre.851/kotlin-css-js-1.0.0-pre.851.jar returned status 404
1.0.0-pre.852			IOException: Tail request on https://maven-central.storage-download.googleapis.com/maven2/org/jetbrains/kotlin-wrappers/kotlin-css-js/1.0.0-pre.852/kotlin-css-js-1.0.0-pre.852.jar returned status 404
1.0.0-pre.853			IOException: Tail request on https://maven-central.storage-download.googleapis.com/maven2/org/jetbrains/kotlin-wrappers/kotlin-css-js/1.0.0-pre.853/kotlin-css-js-1.0.0-pre.853.jar returned status 404
1.0.0-pre.854			IOException: Tail request on https://maven-central.storage-download.googleapis.com/maven2/org/jetbrains/kotlin-wrappers/kotlin-css-js/1.0.0-pre.854/kotlin-css-js-1.0.0-pre.854.jar returned status 404
1.0.0-pre.855			IOException: Tail request on https://maven-central.storage-download.googleapis.com/maven2/org/jetbrains/kotlin-wrappers/kotlin-css-js/1.0.0-pre.855/kotlin-css-js-1.0.0-pre.855.jar returned status 404
1.0.0-pre.856			IOException: Tail request on https://maven-central.storage-download.googleapis.com/maven2/org/jetbrains/kotlin-wrappers/kotlin-css-js/1.0.0-pre.856/kotlin-css-js-1.0.0-pre.856.jar returned status 404
1.0.0-pre.857			IOException: Tail request on https://maven-central.storage-download.googleapis.com/maven2/org/jetbrains/kotlin-wrappers/kotlin-css-js/1.0.0-pre.857/kotlin-css-js-1.0.0-pre.857.jar returned status 404
1.0.0-pre.858			IOException: Tail request on https://maven-central.storage-download.googleapis.com/maven2/org/jetbrains/kotlin-wrappers/kotlin-css-js/1.0.0-pre.858/kotlin-css-js-1.0.0-pre.858.jar returned status 404
1.0.0-pre.859			IOException: Tail request on https://maven-central.storage-download.googleapis.com/maven2/org/jetbrains/kotlin-wrappers/kotlin-css-js/1.0.0-pre.859/kotlin-css-js-1.0.0-pre.859.jar returned status 404
1.0.0-pre.860			IOException: Tail request on https://maven-central.storage-download.googleapis.com/maven2/org/jetbrains/kotlin-wrappers/kotlin-css-js/1.0.0-pre.860/kotlin-css-js-1.0.0-pre.860.jar returned status 404
2025.1.0			IOException: Tail request on https://maven-central.storage-download.googleapis.com/maven2/org/jetbrains/kotlin-wrappers/kotlin-css-js/2025.1.0/kotlin-css-js-2025.1.0.jar returned status 404
2025.1.1			IOException: Tail request on https://maven-central.storage-download.googleapis.com/maven2/org/jetbrains/kotlin-wrappers/kotlin-css-js/2025.1.1/kotlin-css-js-2025.1.1.jar returned status 404
2025.1.10			IOException: Tail request on https://maven-central.storage-download.googleapis.com/maven2/org/jetbrains/kotlin-wrappers/kotlin-css-js/2025.1.10/kotlin-css-js-2025.1.10.jar returned status 404
2025.1.11			IOException: Tail request on https://maven-central.storage-download.googleapis.com/maven2/org/jetbrains/kotlin-wrappers/kotlin-css-js/2025.1.11/kotlin-css-js-2025.1.11.jar returned status 404
2025.1.2			IOException: Tail request on https://maven-central.storage-download.googleapis.com/maven2/org/jetbrains/kotlin-wrappers/kotlin-css-js/2025.1.2/kotlin-css-js-2025.1.2.jar returned status 404
2025.1.3			IOException: Tail request on https://maven-central.storage-download.googleapis.com/maven2/org/jetbrains/kotlin-wrappers/kotlin-css-js/2025.1.3/kotlin-css-js-2025.1.3.jar returned status 404
2025.1.4			IOException: Tail request on https://maven-central.storage-download.googleapis.com/maven2/org/jetbrains/kotlin-wrappers/kotlin-css-js/2025.1.4/kotlin-css-js-2025.1.4.jar returned status 404
2025.1.5			IOException: Tail request on https://maven-central.storage-download.googleapis.com/maven2/org/jetbrains/kotlin-wrappers/kotlin-css-js/2025.1.5/kotlin-css-js-2025.1.5.jar returned status 404
2025.1.6			IOException: Tail request on https://maven-central.storage-download.googleapis.com/maven2/org/jetbrains/kotlin-wrappers/kotlin-css-js/2025.1.6/kotlin-css-js-2025.1.6.jar returned status 404
2025.1.7			IOException: Tail request on https://maven-central.storage-download.googleapis.com/maven2/org/jetbrains/kotlin-wrappers/kotlin-css-js/2025.1.7/kotlin-css-js-2025.1.7.jar returned status 404
2025.1.8			IOException: Tail request on https://maven-central.storage-download.googleapis.com/maven2/org/jetbrains/kotlin-wrappers/kotlin-css-js/2025.1.8/kotlin-css-js-2025.1.8.jar returned status 404
2025.1.9			IOException: Tail request on https://maven-central.storage-download.googleapis.com/maven2/org/jetbrains/kotlin-wrappers/kotlin-css-js/2025.1.9/kotlin-css-js-2025.1.9.jar returned status 404
2025.10.0			IOException: Tail request on https://maven-central.storage-download.googleapis.com/maven2/org/jetbrains/kotlin-wrappers/kotlin-css-js/2025.10.0/kotlin-css-js-2025.10.0.jar returned status 404
2025.10.1			IOException: Tail request on https://maven-central.storage-download.googleapis.com/maven2/org/jetbrains/kotlin-wrappers/kotlin-css-js/2025.10.1/kotlin-css-js-2025.10.1.jar returned status 404
2025.10.10			IOException: Tail request on https://maven-central.storage-download.googleapis.com/maven2/org/jetbrains/kotlin-wrappers/kotlin-css-js/2025.10.10/kotlin-css-js-2025.10.10.jar returned status 404
2025.10.11			IOException: Tail request on https://maven-central.storage-download.googleapis.com/maven2/org/jetbrains/kotlin-wrappers/kotlin-css-js/2025.10.11/kotlin-css-js-2025.10.11.jar returned status 404
2025.10.12			IOException: Tail request on https://maven-central.storage-download.googleapis.com/maven2/org/jetbrains/kotlin-wrappers/kotlin-css-js/2025.10.12/kotlin-css-js-2025.10.12.jar returned status 404
2025.10.13			IOException: Tail request on https://maven-central.storage-download.googleapis.com/maven2/org/jetbrains/kotlin-wrappers/kotlin-css-js/2025.10.13/kotlin-css-js-2025.10.13.jar returned status 404
2025.10.14			IOException: Tail request on https://maven-central.storage-download.googleapis.com/maven2/org/jetbrains/kotlin-wrappers/kotlin-css-js/2025.10.14/kotlin-css-js-2025.10.14.jar returned status 404
2025.10.2			IOException: Tail request on https://maven-central.storage-download.googleapis.com/maven2/org/jetbrains/kotlin-wrappers/kotlin-css-js/2025.10.2/kotlin-css-js-2025.10.2.jar returned status 404
2025.10.3			IOException: Tail request on https://maven-central.storage-download.googleapis.com/maven2/org/jetbrains/kotlin-wrappers/kotlin-css-js/2025.10.3/kotlin-css-js-2025.10.3.jar returned status 404
2025.10.4			IOException: Tail request on https://maven-central.storage-download.googleapis.com/maven2/org/jetbrains/kotlin-wrappers/kotlin-css-js/2025.10.4/kotlin-css-js-2025.10.4.jar returned status 404
2025.10.5			IOException: Tail request on https://maven-central.storage-download.googleapis.com/maven2/org/jetbrains/kotlin-wrappers/kotlin-css-js/2025.10.5/kotlin-css-js-2025.10.5.jar returned status 404
2025.10.6			IOException: Tail request on https://maven-central.storage-download.googleapis.com/maven2/org/jetbrains/kotlin-wrappers/kotlin-css-js/2025.10.6/kotlin-css-js-2025.10.6.jar returned status 404
2025.10.7			IOException: Tail request on https://maven-central.storage-download.googleapis.com/maven2/org/jetbrains/kotlin-wrappers/kotlin-css-js/2025.10.7/kotlin-css-js-2025.10.7.jar returned status 404
2025.10.8			IOException: Tail request on https://maven-central.storage-download.googleapis.com/maven2/org/jetbrains/kotlin-wrappers/kotlin-css-js/2025.10.8/kotlin-css-js-2025.10.8.jar returned status 404
2025.10.9			IOException: Tail request on https://maven-central.storage-download.googleapis.com/maven2/org/jetbrains/kotlin-wrappers/kotlin-css-js/2025.10.9/kotlin-css-js-2025.10.9.jar returned status 404
2025.11.0			IOException: Tail request on https://maven-central.storage-download.googleapis.com/maven2/org/jetbrains/kotlin-wrappers/kotlin-css-js/2025.11.0/kotlin-css-js-2025.11.0.jar returned status 404
2025.11.1			IOException: Tail request on https://maven-central.storage-download.googleapis.com/maven2/org/jetbrains/kotlin-wrappers/kotlin-css-js/2025.11.1/kotlin-css-js-2025.11.1.jar returned status 404
2025.11.10			IOException: Tail request on https://maven-central.storage-download.googleapis.com/maven2/org/jetbrains/kotlin-wrappers/kotlin-css-js/2025.11.10/kotlin-css-js-2025.11.10.jar returned status 404
2025.11.11			IOException: Tail request on https://maven-central.storage-download.googleapis.com/maven2/org/jetbrains/kotlin-wrappers/kotlin-css-js/2025.11.11/kotlin-css-js-2025.11.11.jar returned status 404
2025.11.12			IOException: Tail request on https://maven-central.storage-download.googleapis.com/maven2/org/jetbrains/kotlin-wrappers/kotlin-css-js/2025.11.12/kotlin-css-js-2025.11.12.jar returned status 404
2025.11.2			IOException: Tail request on https://maven-central.storage-download.googleapis.com/maven2/org/jetbrains/kotlin-wrappers/kotlin-css-js/2025.11.2/kotlin-css-js-2025.11.2.jar returned status 404
2025.11.3			IOException: Tail request on https://maven-central.storage-download.googleapis.com/maven2/org/jetbrains/kotlin-wrappers/kotlin-css-js/2025.11.3/kotlin-css-js-2025.11.3.jar returned status 404
2025.11.4			IOException: Tail request on https://maven-central.storage-download.googleapis.com/maven2/org/jetbrains/kotlin-wrappers/kotlin-css-js/2025.11.4/kotlin-css-js-2025.11.4.jar returned status 404
2025.11.5			IOException: Tail request on https://maven-central.storage-download.googleapis.com/maven2/org/jetbrains/kotlin-wrappers/kotlin-css-js/2025.11.5/kotlin-css-js-2025.11.5.jar returned status 404
2025.11.6			IOException: Tail request on https://maven-central.storage-download.googleapis.com/maven2/org/jetbrains/kotlin-wrappers/kotlin-css-js/2025.11.6/kotlin-css-js-2025.11.6.jar returned status 404
2025.11.7			IOException: Tail request on https://maven-central.storage-download.googleapis.com/maven2/org/jetbrains/kotlin-wrappers/kotlin-css-js/2025.11.7/kotlin-css-js-2025.11.7.jar returned status 404
2025.11.8			IOException: Tail request on https://maven-central.storage-download.googleapis.com/maven2/org/jetbrains/kotlin-wrappers/kotlin-css-js/2025.11.8/kotlin-css-js-2025.11.8.jar returned status 404
2025.11.9			IOException: Tail request on https://maven-central.storage-download.googleapis.com/maven2/org/jetbrains/kotlin-wrappers/kotlin-css-js/2025.11.9/kotlin-css-js-2025.11.9.jar returned status 404
2025.12.0			IOException: Tail request on https://maven-central.storage-download.googleapis.com/maven2/org/jetbrains/kotlin-wrappers/kotlin-css-js/2025.12.0/kotlin-css-js-2025.12.0.jar returned status 404
2025.12.1			IOException: Tail request on https://maven-central.storage-download.googleapis.com/maven2/org/jetbrains/kotlin-wrappers/kotlin-css-js/2025.12.1/kotlin-css-js-2025.12.1.jar returned status 404
2025.12.10			IOException: Tail request on https://maven-central.storage-download.googleapis.com/maven2/org/jetbrains/kotlin-wrappers/kotlin-css-js/2025.12.10/kotlin-css-js-2025.12.10.jar returned status 404
2025.12.11			IOException: Tail request on https://maven-central.storage-download.googleapis.com/maven2/org/jetbrains/kotlin-wrappers/kotlin-css-js/2025.12.11/kotlin-css-js-2025.12.11.jar returned status 404
2025.12.12			IOException: Tail request on https://maven-central.storage-download.googleapis.com/maven2/org/jetbrains/kotlin-wrappers/kotlin-css-js/2025.12.12/kotlin-css-js-2025.12.12.jar returned status 404
2025.12.2			IOException: Tail request on https://maven-central.storage-download.googleapis.com/maven2/org/jetbrains/kotlin-wrappers/kotlin-css-js/2025.12.2/kotlin-css-js-2025.12.2.jar returned status 404
2025.12.3			IOException: Tail request on https://maven-central.storage-download.googleapis.com/maven2/org/jetbrains/kotlin-wrappers/kotlin-css-js/2025.12.3/kotlin-css-js-2025.12.3.jar returned status 404
2025.12.4			IOException: Tail request on https://maven-central.storage-download.googleapis.com/maven2/org/jetbrains/kotlin-wrappers/kotlin-css-js/2025.12.4/kotlin-css-js-2025.12.4.jar returned status 404
2025.12.5			IOException: Tail request on https://maven-central.storage-download.googleapis.com/maven2/org/jetbrains/kotlin-wrappers/kotlin-css-js/2025.12.5/kotlin-css-js-2025.12.5.jar returned status 404
2025.12.6			IOException: Tail request on https://maven-central.storage-download.googleapis.com/maven2/org/jetbrains/kotlin-wrappers/kotlin-css-js/2025.12.6/kotlin-css-js-2025.12.6.jar returned status 404
2025.12.7			IOException: Tail request on https://maven-central.storage-download.googleapis.com/maven2/org/jetbrains/kotlin-wrappers/kotlin-css-js/2025.12.7/kotlin-css-js-2025.12.7.jar returned status 404
2025.12.8			IOException: Tail request on https://maven-central.storage-download.googleapis.com/maven2/org/jetbrains/kotlin-wrappers/kotlin-css-js/2025.12.8/kotlin-css-js-2025.12.8.jar returned status 404
2025.12.9			IOException: Tail request on https://maven-central.storage-download.googleapis.com/maven2/org/jetbrains/kotlin-wrappers/kotlin-css-js/2025.12.9/kotlin-css-js-2025.12.9.jar returned status 404
2025.2.0			IOException: Tail request on https://maven-central.storage-download.googleapis.com/maven2/org/jetbrains/kotlin-wrappers/kotlin-css-js/2025.2.0/kotlin-css-js-2025.2.0.jar returned status 404
2025.2.1			IOException: Tail request on https://maven-central.storage-download.googleapis.com/maven2/org/jetbrains/kotlin-wrappers/kotlin-css-js/2025.2.1/kotlin-css-js-2025.2.1.jar returned status 404
2025.2.10			IOException: Tail request on https://maven-central.storage-download.googleapis.com/maven2/org/jetbrains/kotlin-wrappers/kotlin-css-js/2025.2.10/kotlin-css-js-2025.2.10.jar returned status 404
2025.2.11			IOException: Tail request on https://maven-central.storage-download.googleapis.com/maven2/org/jetbrains/kotlin-wrappers/kotlin-css-js/2025.2.11/kotlin-css-js-2025.2.11.jar returned status 404
2025.2.12			IOException: Tail request on https://maven-central.storage-download.googleapis.com/maven2/org/jetbrains/kotlin-wrappers/kotlin-css-js/2025.2.12/kotlin-css-js-2025.2.12.jar returned status 404
2025.2.2			IOException: Tail request on https://maven-central.storage-download.googleapis.com/maven2/org/jetbrains/kotlin-wrappers/kotlin-css-js/2025.2.2/kotlin-css-js-2025.2.2.jar returned status 404
2025.2.3			IOException: Tail request on https://maven-central.storage-download.googleapis.com/maven2/org/jetbrains/kotlin-wrappers/kotlin-css-js/2025.2.3/kotlin-css-js-2025.2.3.jar returned status 404
2025.2.4			IOException: Tail request on https://maven-central.storage-download.googleapis.com/maven2/org/jetbrains/kotlin-wrappers/kotlin-css-js/2025.2.4/kotlin-css-js-2025.2.4.jar returned status 404
2025.2.5			IOException: Tail request on https://maven-central.storage-download.googleapis.com/maven2/org/jetbrains/kotlin-wrappers/kotlin-css-js/2025.2.5/kotlin-css-js-2025.2.5.jar returned status 404
2025.2.6			IOException: Tail request on https://maven-central.storage-download.googleapis.com/maven2/org/jetbrains/kotlin-wrappers/kotlin-css-js/2025.2.6/kotlin-css-js-2025.2.6.jar returned status 404
2025.2.7			IOException: Tail request on https://maven-central.storage-download.googleapis.com/maven2/org/jetbrains/kotlin-wrappers/kotlin-css-js/2025.2.7/kotlin-css-js-2025.2.7.jar returned status 404
2025.2.8			IOException: Tail request on https://maven-central.storage-download.googleapis.com/maven2/org/jetbrains/kotlin-wrappers/kotlin-css-js/2025.2.8/kotlin-css-js-2025.2.8.jar returned status 404
2025.2.9			IOException: Tail request on https://maven-central.storage-download.googleapis.com/maven2/org/jetbrains/kotlin-wrappers/kotlin-css-js/2025.2.9/kotlin-css-js-2025.2.9.jar returned status 404
2025.3.0			IOException: Tail request on https://maven-central.storage-download.googleapis.com/maven2/org/jetbrains/kotlin-wrappers/kotlin-css-js/2025.3.0/kotlin-css-js-2025.3.0.jar returned status 404
2025.3.1			IOException: Tail request on https://maven-central.storage-download.googleapis.com/maven2/org/jetbrains/kotlin-wrappers/kotlin-css-js/2025.3.1/kotlin-css-js-2025.3.1.jar returned status 404
2025.3.10			IOException: Tail request on https://maven-central.storage-download.googleapis.com/maven2/org/jetbrains/kotlin-wrappers/kotlin-css-js/2025.3.10/kotlin-css-js-2025.3.10.jar returned status 404
2025.3.11			IOException: Tail request on https://maven-central.storage-download.googleapis.com/maven2/org/jetbrains/kotlin-wrappers/kotlin-css-js/2025.3.11/kotlin-css-js-2025.3.11.jar returned status 404
2025.3.12			IOException: Tail request on https://maven-central.storage-download.googleapis.com/maven2/org/jetbrains/kotlin-wrappers/kotlin-css-js/2025.3.12/kotlin-css-js-2025.3.12.jar returned status 404
2025.3.13			IOException: Tail request on https://maven-central.storage-download.googleapis.com/maven2/org/jetbrains/kotlin-wrappers/kotlin-css-js/2025.3.13/kotlin-css-js-2025.3.13.jar returned status 404
2025.3.14			IOException: Tail request on https://maven-central.storage-download.googleapis.com/maven2/org/jetbrains/kotlin-wrappers/kotlin-css-js/2025.3.14/kotlin-css-js-2025.3.14.jar returned status 404
2025.3.15			IOException: Tail request on https://maven-central.storage-download.googleapis.com/maven2/org/jetbrains/kotlin-wrappers/kotlin-css-js/2025.3.15/kotlin-css-js-2025.3.15.jar returned status 404
2025.3.16			IOException: Tail request on https://maven-central.storage-download.googleapis.com/maven2/org/jetbrains/kotlin-wrappers/kotlin-css-js/2025.3.16/kotlin-css-js-2025.3.16.jar returned status 404
2025.3.17			IOException: Tail request on https://maven-central.storage-download.googleapis.com/maven2/org/jetbrains/kotlin-wrappers/kotlin-css-js/2025.3.17/kotlin-css-js-2025.3.17.jar returned status 404
2025.3.18			IOException: Tail request on https://maven-central.storage-download.googleapis.com/maven2/org/jetbrains/kotlin-wrappers/kotlin-css-js/2025.3.18/kotlin-css-js-2025.3.18.jar returned status 404
2025.3.19			IOException: Tail request on https://maven-central.storage-download.googleapis.com/maven2/org/jetbrains/kotlin-wrappers/kotlin-css-js/2025.3.19/kotlin-css-js-2025.3.19.jar returned status 404
2025.3.2			IOException: Tail request on https://maven-central.storage-download.googleapis.com/maven2/org/jetbrains/kotlin-wrappers/kotlin-css-js/2025.3.2/kotlin-css-js-2025.3.2.jar returned status 404
2025.3.20			IOException: Tail request on https://maven-central.storage-download.googleapis.com/maven2/org/jetbrains/kotlin-wrappers/kotlin-css-js/2025.3.20/kotlin-css-js-2025.3.20.jar returned status 404
2025.3.21			IOException: Tail request on https://maven-central.storage-download.googleapis.com/maven2/org/jetbrains/kotlin-wrappers/kotlin-css-js/2025.3.21/kotlin-css-js-2025.3.21.jar returned status 404
2025.3.22			IOException: Tail request on https://maven-central.storage-download.googleapis.com/maven2/org/jetbrains/kotlin-wrappers/kotlin-css-js/2025.3.22/kotlin-css-js-2025.3.22.jar returned status 404
2025.3.23			IOException: Tail request on https://maven-central.storage-download.googleapis.com/maven2/org/jetbrains/kotlin-wrappers/kotlin-css-js/2025.3.23/kotlin-css-js-2025.3.23.jar returned status 404
2025.3.24			IOException: Tail request on https://maven-central.storage-download.googleapis.com/maven2/org/jetbrains/kotlin-wrappers/kotlin-css-js/2025.3.24/kotlin-css-js-2025.3.24.jar returned status 404
2025.3.25			IOException: Tail request on https://maven-central.storage-download.googleapis.com/maven2/org/jetbrains/kotlin-wrappers/kotlin-css-js/2025.3.25/kotlin-css-js-2025.3.25.jar returned status 404
2025.3.26			IOException: Tail request on https://maven-central.storage-download.googleapis.com/maven2/org/jetbrains/kotlin-wrappers/kotlin-css-js/2025.3.26/kotlin-css-js-2025.3.26.jar returned status 404
2025.3.3			IOException: Tail request on https://maven-central.storage-download.googleapis.com/maven2/org/jetbrains/kotlin-wrappers/kotlin-css-js/2025.3.3/kotlin-css-js-2025.3.3.jar returned status 404
2025.3.4			IOException: Tail request on https://maven-central.storage-download.googleapis.com/maven2/org/jetbrains/kotlin-wrappers/kotlin-css-js/2025.3.4/kotlin-css-js-2025.3.4.jar returned status 404
2025.3.5			IOException: Tail request on https://maven-central.storage-download.googleapis.com/maven2/org/jetbrains/kotlin-wrappers/kotlin-css-js/2025.3.5/kotlin-css-js-2025.3.5.jar returned status 404
2025.3.6			IOException: Tail request on https://maven-central.storage-download.googleapis.com/maven2/org/jetbrains/kotlin-wrappers/kotlin-css-js/2025.3.6/kotlin-css-js-2025.3.6.jar returned status 404
2025.3.7			IOException: Tail request on https://maven-central.storage-download.googleapis.com/maven2/org/jetbrains/kotlin-wrappers/kotlin-css-js/2025.3.7/kotlin-css-js-2025.3.7.jar returned status 404
2025.3.8			IOException: Tail request on https://maven-central.storage-download.googleapis.com/maven2/org/jetbrains/kotlin-wrappers/kotlin-css-js/2025.3.8/kotlin-css-js-2025.3.8.jar returned status 404
2025.3.9			IOException: Tail request on https://maven-central.storage-download.googleapis.com/maven2/org/jetbrains/kotlin-wrappers/kotlin-css-js/2025.3.9/kotlin-css-js-2025.3.9.jar returned status 404
2025.4.0			IOException: Tail request on https://maven-central.storage-download.googleapis.com/maven2/org/jetbrains/kotlin-wrappers/kotlin-css-js/2025.4.0/kotlin-css-js-2025.4.0.jar returned status 404
2025.4.1			IOException: Tail request on https://maven-central.storage-download.googleapis.com/maven2/org/jetbrains/kotlin-wrappers/kotlin-css-js/2025.4.1/kotlin-css-js-2025.4.1.jar returned status 404
2025.4.10			IOException: Tail request on https://maven-central.storage-download.googleapis.com/maven2/org/jetbrains/kotlin-wrappers/kotlin-css-js/2025.4.10/kotlin-css-js-2025.4.10.jar returned status 404
2025.4.11			IOException: Tail request on https://maven-central.storage-download.googleapis.com/maven2/org/jetbrains/kotlin-wrappers/kotlin-css-js/2025.4.11/kotlin-css-js-2025.4.11.jar returned status 404
2025.4.12			IOException: Tail request on https://maven-central.storage-download.googleapis.com/maven2/org/jetbrains/kotlin-wrappers/kotlin-css-js/2025.4.12/kotlin-css-js-2025.4.12.jar returned status 404
2025.4.13			IOException: Tail request on https://maven-central.storage-download.googleapis.com/maven2/org/jetbrains/kotlin-wrappers/kotlin-css-js/2025.4.13/kotlin-css-js-2025.4.13.jar returned status 404
2025.4.14			IOException: Tail request on https://maven-central.storage-download.googleapis.com/maven2/org/jetbrains/kotlin-wrappers/kotlin-css-js/2025.4.14/kotlin-css-js-2025.4.14.jar returned status 404
2025.4.15			IOException: Tail request on https://maven-central.storage-download.googleapis.com/maven2/org/jetbrains/kotlin-wrappers/kotlin-css-js/2025.4.15/kotlin-css-js-2025.4.15.jar returned status 404
2025.4.16			IOException: Tail request on https://maven-central.storage-download.googleapis.com/maven2/org/jetbrains/kotlin-wrappers/kotlin-css-js/2025.4.16/kotlin-css-js-2025.4.16.jar returned status 404
2025.4.17			IOException: Tail request on https://maven-central.storage-download.googleapis.com/maven2/org/jetbrains/kotlin-wrappers/kotlin-css-js/2025.4.17/kotlin-css-js-2025.4.17.jar returned status 404
2025.4.18			IOException: Tail request on https://maven-central.storage-download.googleapis.com/maven2/org/jetbrains/kotlin-wrappers/kotlin-css-js/2025.4.18/kotlin-css-js-2025.4.18.jar returned status 404
2025.4.2			IOException: Tail request on https://maven-central.storage-download.googleapis.com/maven2/org/jetbrains/kotlin-wrappers/kotlin-css-js/2025.4.2/kotlin-css-js-2025.4.2.jar returned status 404
2025.4.3			IOException: Tail request on https://maven-central.storage-download.googleapis.com/maven2/org/jetbrains/kotlin-wrappers/kotlin-css-js/2025.4.3/kotlin-css-js-2025.4.3.jar returned status 404
2025.4.4			IOException: Tail request on https://maven-central.storage-download.googleapis.com/maven2/org/jetbrains/kotlin-wrappers/kotlin-css-js/2025.4.4/kotlin-css-js-2025.4.4.jar returned status 404
2025.4.5			IOException: Tail request on https://maven-central.storage-download.googleapis.com/maven2/org/jetbrains/kotlin-wrappers/kotlin-css-js/2025.4.5/kotlin-css-js-2025.4.5.jar returned status 404
2025.4.6			IOException: Tail request on https://maven-central.storage-download.googleapis.com/maven2/org/jetbrains/kotlin-wrappers/kotlin-css-js/2025.4.6/kotlin-css-js-2025.4.6.jar returned status 404
2025.4.7			IOException: Tail request on https://maven-central.storage-download.googleapis.com/maven2/org/jetbrains/kotlin-wrappers/kotlin-css-js/2025.4.7/kotlin-css-js-2025.4.7.jar returned status 404
2025.4.8			IOException: Tail request on https://maven-central.storage-download.googleapis.com/maven2/org/jetbrains/kotlin-wrappers/kotlin-css-js/2025.4.8/kotlin-css-js-2025.4.8.jar returned status 404
2025.4.9			IOException: Tail request on https://maven-central.storage-download.googleapis.com/maven2/org/jetbrains/kotlin-wrappers/kotlin-css-js/2025.4.9/kotlin-css-js-2025.4.9.jar returned status 404
2025.5.0			IOException: Tail request on https://maven-central.storage-download.googleapis.com/maven2/org/jetbrains/kotlin-wrappers/kotlin-css-js/2025.5.0/kotlin-css-js-2025.5.0.jar returned status 404
2025.5.1			IOException: Tail request on https://maven-central.storage-download.googleapis.com/maven2/org/jetbrains/kotlin-wrappers/kotlin-css-js/2025.5.1/kotlin-css-js-2025.5.1.jar returned status 404
2025.5.10			IOException: Tail request on https://maven-central.storage-download.googleapis.com/maven2/org/jetbrains/kotlin-wrappers/kotlin-css-js/2025.5.10/kotlin-css-js-2025.5.10.jar returned status 404
2025.5.11			IOException: Tail request on https://maven-central.storage-download.googleapis.com/maven2/org/jetbrains/kotlin-wrappers/kotlin-css-js/2025.5.11/kotlin-css-js-2025.5.11.jar returned status 404
2025.5.2			IOException: Tail request on https://maven-central.storage-download.googleapis.com/maven2/org/jetbrains/kotlin-wrappers/kotlin-css-js/2025.5.2/kotlin-css-js-2025.5.2.jar returned status 404
2025.5.3			IOException: Tail request on https://maven-central.storage-download.googleapis.com/maven2/org/jetbrains/kotlin-wrappers/kotlin-css-js/2025.5.3/kotlin-css-js-2025.5.3.jar returned status 404
2025.5.4			IOException: Tail request on https://maven-central.storage-download.googleapis.com/maven2/org/jetbrains/kotlin-wrappers/kotlin-css-js/2025.5.4/kotlin-css-js-2025.5.4.jar returned status 404
2025.5.5			IOException: Tail request on https://maven-central.storage-download.googleapis.com/maven2/org/jetbrains/kotlin-wrappers/kotlin-css-js/2025.5.5/kotlin-css-js-2025.5.5.jar returned status 404
2025.5.6			IOException: Tail request on https://maven-central.storage-download.googleapis.com/maven2/org/jetbrains/kotlin-wrappers/kotlin-css-js/2025.5.6/kotlin-css-js-2025.5.6.jar returned status 404
2025.5.7			IOException: Tail request on https://maven-central.storage-download.googleapis.com/maven2/org/jetbrains/kotlin-wrappers/kotlin-css-js/2025.5.7/kotlin-css-js-2025.5.7.jar returned status 404
2025.5.8			IOException: Tail request on https://maven-central.storage-download.googleapis.com/maven2/org/jetbrains/kotlin-wrappers/kotlin-css-js/2025.5.8/kotlin-css-js-2025.5.8.jar returned status 404
2025.5.9			IOException: Tail request on https://maven-central.storage-download.googleapis.com/maven2/org/jetbrains/kotlin-wrappers/kotlin-css-js/2025.5.9/kotlin-css-js-2025.5.9.jar returned status 404
2025.6.0			IOException: Tail request on https://maven-central.storage-download.googleapis.com/maven2/org/jetbrains/kotlin-wrappers/kotlin-css-js/2025.6.0/kotlin-css-js-2025.6.0.jar returned status 404
2025.6.1			IOException: Tail request on https://maven-central.storage-download.googleapis.com/maven2/org/jetbrains/kotlin-wrappers/kotlin-css-js/2025.6.1/kotlin-css-js-2025.6.1.jar returned status 404
2025.6.10			IOException: Tail request on https://maven-central.storage-download.googleapis.com/maven2/org/jetbrains/kotlin-wrappers/kotlin-css-js/2025.6.10/kotlin-css-js-2025.6.10.jar returned status 404
2025.6.11			IOException: Tail request on https://maven-central.storage-download.googleapis.com/maven2/org/jetbrains/kotlin-wrappers/kotlin-css-js/2025.6.11/kotlin-css-js-2025.6.11.jar returned status 404
2025.6.13			IOException: Tail request on https://maven-central.storage-download.googleapis.com/maven2/org/jetbrains/kotlin-wrappers/kotlin-css-js/2025.6.13/kotlin-css-js-2025.6.13.jar returned status 404
2025.6.14			IOException: Tail request on https://maven-central.storage-download.googleapis.com/maven2/org/jetbrains/kotlin-wrappers/kotlin-css-js/2025.6.14/kotlin-css-js-2025.6.14.jar returned status 404
2025.6.15			IOException: Tail request on https://maven-central.storage-download.googleapis.com/maven2/org/jetbrains/kotlin-wrappers/kotlin-css-js/2025.6.15/kotlin-css-js-2025.6.15.jar returned status 404
2025.6.2			IOException: Tail request on https://maven-central.storage-download.googleapis.com/maven2/org/jetbrains/kotlin-wrappers/kotlin-css-js/2025.6.2/kotlin-css-js-2025.6.2.jar returned status 404
2025.6.3			IOException: Tail request on https://maven-central.storage-download.googleapis.com/maven2/org/jetbrains/kotlin-wrappers/kotlin-css-js/2025.6.3/kotlin-css-js-2025.6.3.jar returned status 404
2025.6.4			IOException: Tail request on https://maven-central.storage-download.googleapis.com/maven2/org/jetbrains/kotlin-wrappers/kotlin-css-js/2025.6.4/kotlin-css-js-2025.6.4.jar returned status 404
2025.6.5			IOException: Tail request on https://maven-central.storage-download.googleapis.com/maven2/org/jetbrains/kotlin-wrappers/kotlin-css-js/2025.6.5/kotlin-css-js-2025.6.5.jar returned status 404
2025.6.6			IOException: Tail request on https://maven-central.storage-download.googleapis.com/maven2/org/jetbrains/kotlin-wrappers/kotlin-css-js/2025.6.6/kotlin-css-js-2025.6.6.jar returned status 404
2025.6.7			IOException: Tail request on https://maven-central.storage-download.googleapis.com/maven2/org/jetbrains/kotlin-wrappers/kotlin-css-js/2025.6.7/kotlin-css-js-2025.6.7.jar returned status 404
2025.6.8			IOException: Tail request on https://maven-central.storage-download.googleapis.com/maven2/org/jetbrains/kotlin-wrappers/kotlin-css-js/2025.6.8/kotlin-css-js-2025.6.8.jar returned status 404
2025.6.9			IOException: Tail request on https://maven-central.storage-download.googleapis.com/maven2/org/jetbrains/kotlin-wrappers/kotlin-css-js/2025.6.9/kotlin-css-js-2025.6.9.jar returned status 404
2025.7.0			IOException: Tail request on https://maven-central.storage-download.googleapis.com/maven2/org/jetbrains/kotlin-wrappers/kotlin-css-js/2025.7.0/kotlin-css-js-2025.7.0.jar returned status 404
2025.7.1			IOException: Tail request on https://maven-central.storage-download.googleapis.com/maven2/org/jetbrains/kotlin-wrappers/kotlin-css-js/2025.7.1/kotlin-css-js-2025.7.1.jar returned status 404
2025.7.10			IOException: Tail request on https://maven-central.storage-download.googleapis.com/maven2/org/jetbrains/kotlin-wrappers/kotlin-css-js/2025.7.10/kotlin-css-js-2025.7.10.jar returned status 404
2025.7.11			IOException: Tail request on https://maven-central.storage-download.googleapis.com/maven2/org/jetbrains/kotlin-wrappers/kotlin-css-js/2025.7.11/kotlin-css-js-2025.7.11.jar returned status 404
2025.7.12			IOException: Tail request on https://maven-central.storage-download.googleapis.com/maven2/org/jetbrains/kotlin-wrappers/kotlin-css-js/2025.7.12/kotlin-css-js-2025.7.12.jar returned status 404
2025.7.13			IOException: Tail request on https://maven-central.storage-download.googleapis.com/maven2/org/jetbrains/kotlin-wrappers/kotlin-css-js/2025.7.13/kotlin-css-js-2025.7.13.jar returned status 404
2025.7.14			IOException: Tail request on https://maven-central.storage-download.googleapis.com/maven2/org/jetbrains/kotlin-wrappers/kotlin-css-js/2025.7.14/kotlin-css-js-2025.7.14.jar returned status 404
2025.7.15			IOException: Tail request on https://maven-central.storage-download.googleapis.com/maven2/org/jetbrains/kotlin-wrappers/kotlin-css-js/2025.7.15/kotlin-css-js-2025.7.15.jar returned status 404
2025.7.2			IOException: Tail request on https://maven-central.storage-download.googleapis.com/maven2/org/jetbrains/kotlin-wrappers/kotlin-css-js/2025.7.2/kotlin-css-js-2025.7.2.jar returned status 404
2025.7.3			IOException: Tail request on https://maven-central.storage-download.googleapis.com/maven2/org/jetbrains/kotlin-wrappers/kotlin-css-js/2025.7.3/kotlin-css-js-2025.7.3.jar returned status 404
2025.7.4			IOException: Tail request on https://maven-central.storage-download.googleapis.com/maven2/org/jetbrains/kotlin-wrappers/kotlin-css-js/2025.7.4/kotlin-css-js-2025.7.4.jar returned status 404
2025.7.5			IOException: Tail request on https://maven-central.storage-download.googleapis.com/maven2/org/jetbrains/kotlin-wrappers/kotlin-css-js/2025.7.5/kotlin-css-js-2025.7.5.jar returned status 404
2025.7.6			IOException: Tail request on https://maven-central.storage-download.googleapis.com/maven2/org/jetbrains/kotlin-wrappers/kotlin-css-js/2025.7.6/kotlin-css-js-2025.7.6.jar returned status 404
2025.7.7			IOException: Tail request on https://maven-central.storage-download.googleapis.com/maven2/org/jetbrains/kotlin-wrappers/kotlin-css-js/2025.7.7/kotlin-css-js-2025.7.7.jar returned status 404
2025.7.8			IOException: Tail request on https://maven-central.storage-download.googleapis.com/maven2/org/jetbrains/kotlin-wrappers/kotlin-css-js/2025.7.8/kotlin-css-js-2025.7.8.jar returned status 404
2025.7.9			IOException: Tail request on https://maven-central.storage-download.googleapis.com/maven2/org/jetbrains/kotlin-wrappers/kotlin-css-js/2025.7.9/kotlin-css-js-2025.7.9.jar returned status 404
2025.8.0			IOException: Tail request on https://maven-central.storage-download.googleapis.com/maven2/org/jetbrains/kotlin-wrappers/kotlin-css-js/2025.8.0/kotlin-css-js-2025.8.0.jar returned status 404
2025.8.1			IOException: Tail request on https://maven-central.storage-download.googleapis.com/maven2/org/jetbrains/kotlin-wrappers/kotlin-css-js/2025.8.1/kotlin-css-js-2025.8.1.jar returned status 404
2025.8.10			IOException: Tail request on https://maven-central.storage-download.googleapis.com/maven2/org/jetbrains/kotlin-wrappers/kotlin-css-js/2025.8.10/kotlin-css-js-2025.8.10.jar returned status 404
2025.8.11			IOException: Tail request on https://maven-central.storage-download.googleapis.com/maven2/org/jetbrains/kotlin-wrappers/kotlin-css-js/2025.8.11/kotlin-css-js-2025.8.11.jar returned status 404
2025.8.12			IOException: Tail request on https://maven-central.storage-download.googleapis.com/maven2/org/jetbrains/kotlin-wrappers/kotlin-css-js/2025.8.12/kotlin-css-js-2025.8.12.jar returned status 404
2025.8.13			IOException: Tail request on https://maven-central.storage-download.googleapis.com/maven2/org/jetbrains/kotlin-wrappers/kotlin-css-js/2025.8.13/kotlin-css-js-2025.8.13.jar returned status 404
2025.8.14			IOException: Tail request on https://maven-central.storage-download.googleapis.com/maven2/org/jetbrains/kotlin-wrappers/kotlin-css-js/2025.8.14/kotlin-css-js-2025.8.14.jar returned status 404
2025.8.15			IOException: Tail request on https://maven-central.storage-download.googleapis.com/maven2/org/jetbrains/kotlin-wrappers/kotlin-css-js/2025.8.15/kotlin-css-js-2025.8.15.jar returned status 404
2025.8.16			IOException: Tail request on https://maven-central.storage-download.googleapis.com/maven2/org/jetbrains/kotlin-wrappers/kotlin-css-js/2025.8.16/kotlin-css-js-2025.8.16.jar returned status 404
2025.8.17			IOException: Tail request on https://maven-central.storage-download.googleapis.com/maven2/org/jetbrains/kotlin-wrappers/kotlin-css-js/2025.8.17/kotlin-css-js-2025.8.17.jar returned status 404
2025.8.18			IOException: Tail request on https://maven-central.storage-download.googleapis.com/maven2/org/jetbrains/kotlin-wrappers/kotlin-css-js/2025.8.18/kotlin-css-js-2025.8.18.jar returned status 404
2025.8.19			IOException: Tail request on https://maven-central.storage-download.googleapis.com/maven2/org/jetbrains/kotlin-wrappers/kotlin-css-js/2025.8.19/kotlin-css-js-2025.8.19.jar returned status 404
2025.8.2			IOException: Tail request on https://maven-central.storage-download.googleapis.com/maven2/org/jetbrains/kotlin-wrappers/kotlin-css-js/2025.8.2/kotlin-css-js-2025.8.2.jar returned status 404
2025.8.20			IOException: Tail request on https://maven-central.storage-download.googleapis.com/maven2/org/jetbrains/kotlin-wrappers/kotlin-css-js/2025.8.20/kotlin-css-js-2025.8.20.jar returned status 404
2025.8.21			IOException: Tail request on https://maven-central.storage-download.googleapis.com/maven2/org/jetbrains/kotlin-wrappers/kotlin-css-js/2025.8.21/kotlin-css-js-2025.8.21.jar returned status 404
2025.8.22			IOException: Tail request on https://maven-central.storage-download.googleapis.com/maven2/org/jetbrains/kotlin-wrappers/kotlin-css-js/2025.8.22/kotlin-css-js-2025.8.22.jar returned status 404
2025.8.3			IOException: Tail request on https://maven-central.storage-download.googleapis.com/maven2/org/jetbrains/kotlin-wrappers/kotlin-css-js/2025.8.3/kotlin-css-js-2025.8.3.jar returned status 404
2025.8.4			IOException: Tail request on https://maven-central.storage-download.googleapis.com/maven2/org/jetbrains/kotlin-wrappers/kotlin-css-js/2025.8.4/kotlin-css-js-2025.8.4.jar returned status 404
2025.8.5			IOException: Tail request on https://maven-central.storage-download.googleapis.com/maven2/org/jetbrains/kotlin-wrappers/kotlin-css-js/2025.8.5/kotlin-css-js-2025.8.5.jar returned status 404
2025.8.6			IOException: Tail request on https://maven-central.storage-download.googleapis.com/maven2/org/jetbrains/kotlin-wrappers/kotlin-css-js/2025.8.6/kotlin-css-js-2025.8.6.jar returned status 404
2025.8.7			IOException: Tail request on https://maven-central.storage-download.googleapis.com/maven2/org/jetbrains/kotlin-wrappers/kotlin-css-js/2025.8.7/kotlin-css-js-2025.8.7.jar returned status 404
2025.8.8			IOException: Tail request on https://maven-central.storage-download.googleapis.com/maven2/org/jetbrains/kotlin-wrappers/kotlin-css-js/2025.8.8/kotlin-css-js-2025.8.8.jar returned status 404
2025.8.9			IOException: Tail request on https://maven-central.storage-download.googleapis.com/maven2/org/jetbrains/kotlin-wrappers/kotlin-css-js/2025.8.9/kotlin-css-js-2025.8.9.jar returned status 404
2025.9.0			IOException: Tail request on https://maven-central.storage-download.googleapis.com/maven2/org/jetbrains/kotlin-wrappers/kotlin-css-js/2025.9.0/kotlin-css-js-2025.9.0.jar returned status 404
2025.9.10			IOException: Tail request on https://maven-central.storage-download.googleapis.com/maven2/org/jetbrains/kotlin-wrappers/kotlin-css-js/2025.9.10/kotlin-css-js-2025.9.10.jar returned status 404
2025.9.11			IOException: Tail request on https://maven-central.storage-download.googleapis.com/maven2/org/jetbrains/kotlin-wrappers/kotlin-css-js/2025.9.11/kotlin-css-js-2025.9.11.jar returned status 404
2025.9.2			IOException: Tail request on https://maven-central.storage-download.googleapis.com/maven2/org/jetbrains/kotlin-wrappers/kotlin-css-js/2025.9.2/kotlin-css-js-2025.9.2.jar returned status 404
2025.9.3			IOException: Tail request on https://maven-central.storage-download.googleapis.com/maven2/org/jetbrains/kotlin-wrappers/kotlin-css-js/2025.9.3/kotlin-css-js-2025.9.3.jar returned status 404
2025.9.4			IOException: Tail request on https://maven-central.storage-download.googleapis.com/maven2/org/jetbrains/kotlin-wrappers/kotlin-css-js/2025.9.4/kotlin-css-js-2025.9.4.jar returned status 404
2025.9.5			IOException: Tail request on https://maven-central.storage-download.googleapis.com/maven2/org/jetbrains/kotlin-wrappers/kotlin-css-js/2025.9.5/kotlin-css-js-2025.9.5.jar returned status 404
2025.9.6			IOException: Tail request on https://maven-central.storage-download.googleapis.com/maven2/org/jetbrains/kotlin-wrappers/kotlin-css-js/2025.9.6/kotlin-css-js-2025.9.6.jar returned status 404
2025.9.7			IOException: Tail request on https://maven-central.storage-download.googleapis.com/maven2/org/jetbrains/kotlin-wrappers/kotlin-css-js/2025.9.7/kotlin-css-js-2025.9.7.jar returned status 404
2025.9.8			IOException: Tail request on https://maven-central.storage-download.googleapis.com/maven2/org/jetbrains/kotlin-wrappers/kotlin-css-js/2025.9.8/kotlin-css-js-2025.9.8.jar returned status 404
2025.9.9			IOException: Tail request on https://maven-central.storage-download.googleapis.com/maven2/org/jetbrains/kotlin-wrappers/kotlin-css-js/2025.9.9/kotlin-css-js-2025.9.9.jar returned status 404
2026.1.0			IOException: Tail request on https://maven-central.storage-download.googleapis.com/maven2/org/jetbrains/kotlin-wrappers/kotlin-css-js/2026.1.0/kotlin-css-js-2026.1.0.jar returned status 404
2026.1.1			IOException: Tail request on https://maven-central.storage-download.googleapis.com/maven2/org/jetbrains/kotlin-wrappers/kotlin-css-js/2026.1.1/kotlin-css-js-2026.1.1.jar returned status 404
2026.1.10			IOException: Tail request on https://maven-central.storage-download.googleapis.com/maven2/org/jetbrains/kotlin-wrappers/kotlin-css-js/2026.1.10/kotlin-css-js-2026.1.10.jar returned status 404
2026.1.11			IOException: Tail request on https://maven-central.storage-download.googleapis.com/maven2/org/jetbrains/kotlin-wrappers/kotlin-css-js/2026.1.11/kotlin-css-js-2026.1.11.jar returned status 404
2026.1.12			IOException: Tail request on https://maven-central.storage-download.googleapis.com/maven2/org/jetbrains/kotlin-wrappers/kotlin-css-js/2026.1.12/kotlin-css-js-2026.1.12.jar returned status 404
2026.1.13			IOException: Tail request on https://maven-central.storage-download.googleapis.com/maven2/org/jetbrains/kotlin-wrappers/kotlin-css-js/2026.1.13/kotlin-css-js-2026.1.13.jar returned status 404
2026.1.14			IOException: Tail request on https://maven-central.storage-download.googleapis.com/maven2/org/jetbrains/kotlin-wrappers/kotlin-css-js/2026.1.14/kotlin-css-js-2026.1.14.jar returned status 404
2026.1.15			IOException: Tail request on https://maven-central.storage-download.googleapis.com/maven2/org/jetbrains/kotlin-wrappers/kotlin-css-js/2026.1.15/kotlin-css-js-2026.1.15.jar returned status 404
2026.1.16			IOException: Tail request on https://maven-central.storage-download.googleapis.com/maven2/org/jetbrains/kotlin-wrappers/kotlin-css-js/2026.1.16/kotlin-css-js-2026.1.16.jar returned status 404
2026.1.17			IOException: Tail request on https://maven-central.storage-download.googleapis.com/maven2/org/jetbrains/kotlin-wrappers/kotlin-css-js/2026.1.17/kotlin-css-js-2026.1.17.jar returned status 404
2026.1.2			IOException: Tail request on https://maven-central.storage-download.googleapis.com/maven2/org/jetbrains/kotlin-wrappers/kotlin-css-js/2026.1.2/kotlin-css-js-2026.1.2.jar returned status 404
2026.1.3			IOException: Tail request on https://maven-central.storage-download.googleapis.com/maven2/org/jetbrains/kotlin-wrappers/kotlin-css-js/2026.1.3/kotlin-css-js-2026.1.3.jar returned status 404
2026.1.4			IOException: Tail request on https://maven-central.storage-download.googleapis.com/maven2/org/jetbrains/kotlin-wrappers/kotlin-css-js/2026.1.4/kotlin-css-js-2026.1.4.jar returned status 404
2026.1.5			IOException: Tail request on https://maven-central.storage-download.googleapis.com/maven2/org/jetbrains/kotlin-wrappers/kotlin-css-js/2026.1.5/kotlin-css-js-2026.1.5.jar returned status 404
2026.1.6			IOException: Tail request on https://maven-central.storage-download.googleapis.com/maven2/org/jetbrains/kotlin-wrappers/kotlin-css-js/2026.1.6/kotlin-css-js-2026.1.6.jar returned status 404
2026.1.7			IOException: Tail request on https://maven-central.storage-download.googleapis.com/maven2/org/jetbrains/kotlin-wrappers/kotlin-css-js/2026.1.7/kotlin-css-js-2026.1.7.jar returned status 404
2026.1.8			IOException: Tail request on https://maven-central.storage-download.googleapis.com/maven2/org/jetbrains/kotlin-wrappers/kotlin-css-js/2026.1.8/kotlin-css-js-2026.1.8.jar returned status 404
2026.1.9			IOException: Tail request on https://maven-central.storage-download.googleapis.com/maven2/org/jetbrains/kotlin-wrappers/kotlin-css-js/2026.1.9/kotlin-css-js-2026.1.9.jar returned status 404
2026.2.0			IOException: Tail request on https://maven-central.storage-download.googleapis.com/maven2/org/jetbrains/kotlin-wrappers/kotlin-css-js/2026.2.0/kotlin-css-js-2026.2.0.jar returned status 404
2026.2.1			IOException: Tail request on https://maven-central.storage-download.googleapis.com/maven2/org/jetbrains/kotlin-wrappers/kotlin-css-js/2026.2.1/kotlin-css-js-2026.2.1.jar returned status 404
2026.2.10			IOException: Tail request on https://maven-central.storage-download.googleapis.com/maven2/org/jetbrains/kotlin-wrappers/kotlin-css-js/2026.2.10/kotlin-css-js-2026.2.10.jar returned status 404
2026.2.11			IOException: Tail request on https://maven-central.storage-download.googleapis.com/maven2/org/jetbrains/kotlin-wrappers/kotlin-css-js/2026.2.11/kotlin-css-js-2026.2.11.jar returned status 404
2026.2.12			IOException: Tail request on https://maven-central.storage-download.googleapis.com/maven2/org/jetbrains/kotlin-wrappers/kotlin-css-js/2026.2.12/kotlin-css-js-2026.2.12.jar returned status 404
2026.2.13			IOException: Tail request on https://maven-central.storage-download.googleapis.com/maven2/org/jetbrains/kotlin-wrappers/kotlin-css-js/2026.2.13/kotlin-css-js-2026.2.13.jar returned status 404
2026.2.14			IOException: Tail request on https://maven-central.storage-download.googleapis.com/maven2/org/jetbrains/kotlin-wrappers/kotlin-css-js/2026.2.14/kotlin-css-js-2026.2.14.jar returned status 404
2026.2.15			IOException: Tail request on https://maven-central.storage-download.googleapis.com/maven2/org/jetbrains/kotlin-wrappers/kotlin-css-js/2026.2.15/kotlin-css-js-2026.2.15.jar returned status 404
2026.2.16			IOException: Tail request on https://maven-central.storage-download.googleapis.com/maven2/org/jetbrains/kotlin-wrappers/kotlin-css-js/2026.2.16/kotlin-css-js-2026.2.16.jar returned status 404
2026.2.17			IOException: Tail request on https://maven-central.storage-download.googleapis.com/maven2/org/jetbrains/kotlin-wrappers/kotlin-css-js/2026.2.17/kotlin-css-js-2026.2.17.jar returned status 404
2026.2.18			IOException: Tail request on https://maven-central.storage-download.googleapis.com/maven2/org/jetbrains/kotlin-wrappers/kotlin-css-js/2026.2.18/kotlin-css-js-2026.2.18.jar returned status 404
2026.2.2			IOException: Tail request on https://maven-central.storage-download.googleapis.com/maven2/org/jetbrains/kotlin-wrappers/kotlin-css-js/2026.2.2/kotlin-css-js-2026.2.2.jar returned status 404
2026.2.20			IOException: Tail request on https://maven-central.storage-download.googleapis.com/maven2/org/jetbrains/kotlin-wrappers/kotlin-css-js/2026.2.20/kotlin-css-js-2026.2.20.jar returned status 404
2026.2.21			IOException: Tail request on https://maven-central.storage-download.googleapis.com/maven2/org/jetbrains/kotlin-wrappers/kotlin-css-js/2026.2.21/kotlin-css-js-2026.2.21.jar returned status 404
2026.2.22			IOException: Tail request on https://maven-central.storage-download.googleapis.com/maven2/org/jetbrains/kotlin-wrappers/kotlin-css-js/2026.2.22/kotlin-css-js-2026.2.22.jar returned status 404
2026.2.23			IOException: Tail request on https://maven-central.storage-download.googleapis.com/maven2/org/jetbrains/kotlin-wrappers/kotlin-css-js/2026.2.23/kotlin-css-js-2026.2.23.jar returned status 404
2026.2.24			IOException: Tail request on https://maven-central.storage-download.googleapis.com/maven2/org/jetbrains/kotlin-wrappers/kotlin-css-js/2026.2.24/kotlin-css-js-2026.2.24.jar returned status 404
2026.2.3			IOException: Tail request on https://maven-central.storage-download.googleapis.com/maven2/org/jetbrains/kotlin-wrappers/kotlin-css-js/2026.2.3/kotlin-css-js-2026.2.3.jar returned status 404
2026.2.4			IOException: Tail request on https://maven-central.storage-download.googleapis.com/maven2/org/jetbrains/kotlin-wrappers/kotlin-css-js/2026.2.4/kotlin-css-js-2026.2.4.jar returned status 404
2026.2.5			IOException: Tail request on https://maven-central.storage-download.googleapis.com/maven2/org/jetbrains/kotlin-wrappers/kotlin-css-js/2026.2.5/kotlin-css-js-2026.2.5.jar returned status 404
2026.2.6			IOException: Tail request on https://maven-central.storage-download.googleapis.com/maven2/org/jetbrains/kotlin-wrappers/kotlin-css-js/2026.2.6/kotlin-css-js-2026.2.6.jar returned status 404
2026.2.7			IOException: Tail request on https://maven-central.storage-download.googleapis.com/maven2/org/jetbrains/kotlin-wrappers/kotlin-css-js/2026.2.7/kotlin-css-js-2026.2.7.jar returned status 404
2026.2.8			IOException: Tail request on https://maven-central.storage-download.googleapis.com/maven2/org/jetbrains/kotlin-wrappers/kotlin-css-js/2026.2.8/kotlin-css-js-2026.2.8.jar returned status 404
2026.2.9			IOException: Tail request on https://maven-central.storage-download.googleapis.com/maven2/org/jetbrains/kotlin-wrappers/kotlin-css-js/2026.2.9/kotlin-css-js-2026.2.9.jar returned status 404
2026.3.1			IOException: Tail request on https://maven-central.storage-download.googleapis.com/maven2/org/jetbrains/kotlin-wrappers/kotlin-css-js/2026.3.1/kotlin-css-js-2026.3.1.jar returned status 404
2026.3.10			IOException: Tail request on https://maven-central.storage-download.googleapis.com/maven2/org/jetbrains/kotlin-wrappers/kotlin-css-js/2026.3.10/kotlin-css-js-2026.3.10.jar returned status 404
2026.3.11			IOException: Tail request on https://maven-central.storage-download.googleapis.com/maven2/org/jetbrains/kotlin-wrappers/kotlin-css-js/2026.3.11/kotlin-css-js-2026.3.11.jar returned status 404
2026.3.12			IOException: Tail request on https://maven-central.storage-download.googleapis.com/maven2/org/jetbrains/kotlin-wrappers/kotlin-css-js/2026.3.12/kotlin-css-js-2026.3.12.jar returned status 404
2026.3.13			IOException: Tail request on https://maven-central.storage-download.googleapis.com/maven2/org/jetbrains/kotlin-wrappers/kotlin-css-js/2026.3.13/kotlin-css-js-2026.3.13.jar returned status 404
2026.3.14			IOException: Tail request on https://maven-central.storage-download.googleapis.com/maven2/org/jetbrains/kotlin-wrappers/kotlin-css-js/2026.3.14/kotlin-css-js-2026.3.14.jar returned status 404
2026.3.15			IOException: Tail request on https://maven-central.storage-download.googleapis.com/maven2/org/jetbrains/kotlin-wrappers/kotlin-css-js/2026.3.15/kotlin-css-js-2026.3.15.jar returned status 404
2026.3.16			IOException: Tail request on https://maven-central.storage-download.googleapis.com/maven2/org/jetbrains/kotlin-wrappers/kotlin-css-js/2026.3.16/kotlin-css-js-2026.3.16.jar returned status 404
2026.3.17			IOException: Tail request on https://maven-central.storage-download.googleapis.com/maven2/org/jetbrains/kotlin-wrappers/kotlin-css-js/2026.3.17/kotlin-css-js-2026.3.17.jar returned status 404
2026.3.2			IOException: Tail request on https://maven-central.storage-download.googleapis.com/maven2/org/jetbrains/kotlin-wrappers/kotlin-css-js/2026.3.2/kotlin-css-js-2026.3.2.jar returned status 404
2026.3.3			IOException: Tail request on https://maven-central.storage-download.googleapis.com/maven2/org/jetbrains/kotlin-wrappers/kotlin-css-js/2026.3.3/kotlin-css-js-2026.3.3.jar returned status 404
2026.3.4			IOException: Tail request on https://maven-central.storage-download.googleapis.com/maven2/org/jetbrains/kotlin-wrappers/kotlin-css-js/2026.3.4/kotlin-css-js-2026.3.4.jar returned status 404
2026.3.5			IOException: Tail request on https://maven-central.storage-download.googleapis.com/maven2/org/jetbrains/kotlin-wrappers/kotlin-css-js/2026.3.5/kotlin-css-js-2026.3.5.jar returned status 404
2026.3.6			IOException: Tail request on https://maven-central.storage-download.googleapis.com/maven2/org/jetbrains/kotlin-wrappers/kotlin-css-js/2026.3.6/kotlin-css-js-2026.3.6.jar returned status 404
2026.3.7			IOException: Tail request on https://maven-central.storage-download.googleapis.com/maven2/org/jetbrains/kotlin-wrappers/kotlin-css-js/2026.3.7/kotlin-css-js-2026.3.7.jar returned status 404
2026.3.8			IOException: Tail request on https://maven-central.storage-download.googleapis.com/maven2/org/jetbrains/kotlin-wrappers/kotlin-css-js/2026.3.8/kotlin-css-js-2026.3.8.jar returned status 404
2026.3.9			IOException: Tail request on https://maven-central.storage-download.googleapis.com/maven2/org/jetbrains/kotlin-wrappers/kotlin-css-js/2026.3.9/kotlin-css-js-2026.3.9.jar returned status 404
2026.4.0			IOException: Tail request on https://maven-central.storage-download.googleapis.com/maven2/org/jetbrains/kotlin-wrappers/kotlin-css-js/2026.4.0/kotlin-css-js-2026.4.0.jar returned status 404
2026.4.1			IOException: Tail request on https://maven-central.storage-download.googleapis.com/maven2/org/jetbrains/kotlin-wrappers/kotlin-css-js/2026.4.1/kotlin-css-js-2026.4.1.jar returned status 404
2026.4.10			IOException: Tail request on https://maven-central.storage-download.googleapis.com/maven2/org/jetbrains/kotlin-wrappers/kotlin-css-js/2026.4.10/kotlin-css-js-2026.4.10.jar returned status 404
2026.4.11			IOException: Tail request on https://maven-central.storage-download.googleapis.com/maven2/org/jetbrains/kotlin-wrappers/kotlin-css-js/2026.4.11/kotlin-css-js-2026.4.11.jar returned status 404
2026.4.12			IOException: Tail request on https://maven-central.storage-download.googleapis.com/maven2/org/jetbrains/kotlin-wrappers/kotlin-css-js/2026.4.12/kotlin-css-js-2026.4.12.jar returned status 404
2026.4.13			IOException: Tail request on https://maven-central.storage-download.googleapis.com/maven2/org/jetbrains/kotlin-wrappers/kotlin-css-js/2026.4.13/kotlin-css-js-2026.4.13.jar returned status 404
2026.4.14			IOException: Tail request on https://maven-central.storage-download.googleapis.com/maven2/org/jetbrains/kotlin-wrappers/kotlin-css-js/2026.4.14/kotlin-css-js-2026.4.14.jar returned status 404
2026.4.15			IOException: Tail request on https://maven-central.storage-download.googleapis.com/maven2/org/jetbrains/kotlin-wrappers/kotlin-css-js/2026.4.15/kotlin-css-js-2026.4.15.jar returned status 404
2026.4.2			IOException: Tail request on https://maven-central.storage-download.googleapis.com/maven2/org/jetbrains/kotlin-wrappers/kotlin-css-js/2026.4.2/kotlin-css-js-2026.4.2.jar returned status 404
2026.4.3			IOException: Tail request on https://maven-central.storage-download.googleapis.com/maven2/org/jetbrains/kotlin-wrappers/kotlin-css-js/2026.4.3/kotlin-css-js-2026.4.3.jar returned status 404
2026.4.4			IOException: Tail request on https://maven-central.storage-download.googleapis.com/maven2/org/jetbrains/kotlin-wrappers/kotlin-css-js/2026.4.4/kotlin-css-js-2026.4.4.jar returned status 404
2026.4.5			IOException: Tail request on https://maven-central.storage-download.googleapis.com/maven2/org/jetbrains/kotlin-wrappers/kotlin-css-js/2026.4.5/kotlin-css-js-2026.4.5.jar returned status 404
2026.4.6			IOException: Tail request on https://maven-central.storage-download.googleapis.com/maven2/org/jetbrains/kotlin-wrappers/kotlin-css-js/2026.4.6/kotlin-css-js-2026.4.6.jar returned status 404
2026.4.7			IOException: Tail request on https://maven-central.storage-download.googleapis.com/maven2/org/jetbrains/kotlin-wrappers/kotlin-css-js/2026.4.7/kotlin-css-js-2026.4.7.jar returned status 404
2026.4.8			IOException: Tail request on https://maven-central.storage-download.googleapis.com/maven2/org/jetbrains/kotlin-wrappers/kotlin-css-js/2026.4.8/kotlin-css-js-2026.4.8.jar returned status 404
2026.4.9			IOException: Tail request on https://maven-central.storage-download.googleapis.com/maven2/org/jetbrains/kotlin-wrappers/kotlin-css-js/2026.4.9/kotlin-css-js-2026.4.9.jar returned status 404
2026.5.0			IOException: Tail request on https://maven-central.storage-download.googleapis.com/maven2/org/jetbrains/kotlin-wrappers/kotlin-css-js/2026.5.0/kotlin-css-js-2026.5.0.jar returned status 404
2026.5.1			IOException: Tail request on https://maven-central.storage-download.googleapis.com/maven2/org/jetbrains/kotlin-wrappers/kotlin-css-js/2026.5.1/kotlin-css-js-2026.5.1.jar returned status 404
2026.5.2			IOException: Tail request on https://maven-central.storage-download.googleapis.com/maven2/org/jetbrains/kotlin-wrappers/kotlin-css-js/2026.5.2/kotlin-css-js-2026.5.2.jar returned status 404
2026.5.3			IOException: Tail request on https://maven-central.storage-download.googleapis.com/maven2/org/jetbrains/kotlin-wrappers/kotlin-css-js/2026.5.3/kotlin-css-js-2026.5.3.jar returned status 404
2026.5.4			IOException: Tail request on https://maven-central.storage-download.googleapis.com/maven2/org/jetbrains/kotlin-wrappers/kotlin-css-js/2026.5.4/kotlin-css-js-2026.5.4.jar returned status 404
2026.5.5		2026-05-17T16:26:50Z	IOException: Tail request on https://maven-central.storage-download.googleapis.com/maven2/org/jetbrains/kotlin-wrappers/kotlin-css-js/2026.5.5/kotlin-css-js-2026.5.5.jar returned status 404
2026.5.6		2026-05-19T15:50:07Z	IOException: Tail request on https://maven-central.storage-download.googleapis.com/maven2/org/jetbrains/kotlin-wrappers/kotlin-css-js/2026.5.6/kotlin-css-js-2026.5.6.jar returned status 404
2026.5.7		2026-05-31T19:54:06Z	IOException: Tail request on https://maven-central.storage-download.googleapis.com/maven2/org/jetbrains/kotlin-wrappers/kotlin-css-js/2026.5.7/kotlin-css-js-2026.5.7.jar returned status 404
2026.6.0		2026-06-01T06:09:09Z	IOException: Tail request on https://maven-central.storage-download.googleapis.com/maven2/org/jetbrains/kotlin-wrappers/kotlin-css-js/2026.6.0/kotlin-css-js-2026.6.0.jar returned status 404
2026.6.1		2026-06-03T19:30:39Z	IOException: Tail request on https://maven-central.storage-download.googleapis.com/maven2/org/jetbrains/kotlin-wrappers/kotlin-css-js/2026.6.1/kotlin-css-js-2026.6.1.jar returned status 404
2026.6.10		2026-06-29T13:10:40Z	IOException: Tail request on https://maven-central.storage-download.googleapis.com/maven2/org/jetbrains/kotlin-wrappers/kotlin-css-js/2026.6.10/kotlin-css-js-2026.6.10.jar returned status 404
2026.6.11		2026-06-30T20:43:56Z	IOException: Tail request on https://maven-central.storage-download.googleapis.com/maven2/org/jetbrains/kotlin-wrappers/kotlin-css-js/2026.6.11/kotlin-css-js-2026.6.11.jar returned status 404
2026.6.2		2026-06-05T05:42:06Z	IOException: Tail request on https://maven-central.storage-download.googleapis.com/maven2/org/jetbrains/kotlin-wrappers/kotlin-css-js/2026.6.2/kotlin-css-js-2026.6.2.jar returned status 404
2026.6.3		2026-06-06T16:56:55Z	IOException: Tail request on https://maven-central.storage-download.googleapis.com/maven2/org/jetbrains/kotlin-wrappers/kotlin-css-js/2026.6.3/kotlin-css-js-2026.6.3.jar returned status 404
2026.6.4		2026-06-14T08:00:10Z	IOException: Tail request on https://maven-central.storage-download.googleapis.com/maven2/org/jetbrains/kotlin-wrappers/kotlin-css-js/2026.6.4/kotlin-css-js-2026.6.4.jar returned status 404
2026.6.5		2026-06-16T06:56:38Z	IOException: Tail request on https://maven-central.storage-download.googleapis.com/maven2/org/jetbrains/kotlin-wrappers/kotlin-css-js/2026.6.5/kotlin-css-js-2026.6.5.jar returned status 404
2026.6.6		2026-06-22T07:17:00Z	IOException: Tail request on https://maven-central.storage-download.googleapis.com/maven2/org/jetbrains/kotlin-wrappers/kotlin-css-js/2026.6.6/kotlin-css-js-2026.6.6.jar returned status 404
2026.6.7		2026-06-23T07:28:20Z	IOException: Tail request on https://maven-central.storage-download.googleapis.com/maven2/org/jetbrains/kotlin-wrappers/kotlin-css-js/2026.6.7/kotlin-css-js-2026.6.7.jar returned status 404
2026.6.8		2026-06-28T06:47:16Z	IOException: Tail request on https://maven-central.storage-download.googleapis.com/maven2/org/jetbrains/kotlin-wrappers/kotlin-css-js/2026.6.8/kotlin-css-js-2026.6.8.jar returned status 404
2026.6.9		2026-06-28T15:18:03Z	IOException: Tail request on https://maven-central.storage-download.googleapis.com/maven2/org/jetbrains/kotlin-wrappers/kotlin-css-js/2026.6.9/kotlin-css-js-2026.6.9.jar returned status 404
2026.7.0		2026-07-01T19:51:34Z	IOException: Tail request on https://maven-central.storage-download.googleapis.com/maven2/org/jetbrains/kotlin-wrappers/kotlin-css-js/2026.7.0/kotlin-css-js-2026.7.0.jar returned status 404
2026.7.1			IOException: Tail request on https://maven-central.storage-download.googleapis.com/maven2/org/jetbrains/kotlin-wrappers/kotlin-css-js/2026.7.1/kotlin-css-js-2026.7.1.jar returned status 404
2026.7.2			IOException: Tail request on https://maven-central.storage-download.googleapis.com/maven2/org/jetbrains/kotlin-wrappers/kotlin-css-js/2026.7.2/kotlin-css-js-2026.7.2.jar returned status 404
2026.7.3			IOException: Tail request on https://maven-central.storage-download.googleapis.com/maven2/org/jetbrains/kotlin-wrappers/kotlin-css-js/2026.7.3/kotlin-css-js-2026.7.3.jar returned status 404
2026.7.4			IOException: Tail request on https://maven-central.storage-download.googleapis.com/maven2/org/jetbrains/kotlin-wrappers/kotlin-css-js/2026.7.4/kotlin-css-js-2026.7.4.jar returned status 404
2026.7.5			IOException: Tail request on https://maven-central.storage-download.googleapis.com/maven2/org/jetbrains/kotlin-wrappers/kotlin-css-js/2026.7.5/kotlin-css-js-2026.7.5.jar returned status 404
2026.7.6			IOException: Tail request on https://maven-central.storage-download.googleapis.com/maven2/org/jetbrains/kotlin-wrappers/kotlin-css-js/2026.7.6/kotlin-css-js-2026.7.6.jar returned status 404
2026.7.7			IOException: Tail request on https://maven-central.storage-download.googleapis.com/maven2/org/jetbrains/kotlin-wrappers/kotlin-css-js/2026.7.7/kotlin-css-js-2026.7.7.jar returned status 404
