0.4.2.20240325164945			IOException: Tail request on https://maven-central.storage-download.googleapis.com/maven2/com/netease/cloudmusic/iotsdk/core_logsalvage/0.4.2.20240325164945/core_logsalvage-0.4.2.20240325164945.jar returned status 404
0.4.2.20240325193342			IOException: Tail request on https://maven-central.storage-download.googleapis.com/maven2/com/netease/cloudmusic/iotsdk/core_logsalvage/0.4.2.20240325193342/core_logsalvage-0.4.2.20240325193342.jar returned status 404
0.4.2.20240325200040			IOException: Tail request on https://maven-central.storage-download.googleapis.com/maven2/com/netease/cloudmusic/iotsdk/core_logsalvage/0.4.2.20240325200040/core_logsalvage-0.4.2.20240325200040.jar returned status 404
0.4.2.20240327165334			IOException: Tail request on https://maven-central.storage-download.googleapis.com/maven2/com/netease/cloudmusic/iotsdk/core_logsalvage/0.4.2.20240327165334/core_logsalvage-0.4.2.20240327165334.jar returned status 404
0.4.2.20240328105031			IOException: Tail request on https://maven-central.storage-download.googleapis.com/maven2/com/netease/cloudmusic/iotsdk/core_logsalvage/0.4.2.20240328105031/core_logsalvage-0.4.2.20240328105031.jar returned status 404
0.4.2.20240328112902			IOException: Tail request on https://maven-central.storage-download.googleapis.com/maven2/com/netease/cloudmusic/iotsdk/core_logsalvage/0.4.2.20240328112902/core_logsalvage-0.4.2.20240328112902.jar returned status 404
0.4.2.20240329145444			IOException: Tail request on https://maven-central.storage-download.googleapis.com/maven2/com/netease/cloudmusic/iotsdk/core_logsalvage/0.4.2.20240329145444/core_logsalvage-0.4.2.20240329145444.jar returned status 404
0.4.2.20240401151231			IOException: Tail request on https://maven-central.storage-download.googleapis.com/maven2/com/netease/cloudmusic/iotsdk/core_logsalvage/0.4.2.20240401151231/core_logsalvage-0.4.2.20240401151231.jar returned status 404
0.4.2.20240401173313			IOException: Tail request on https://maven-central.storage-download.googleapis.com/maven2/com/netease/cloudmusic/iotsdk/core_logsalvage/0.4.2.20240401173313/core_logsalvage-0.4.2.20240401173313.jar returned status 404
0.4.2.20240407151134			IOException: Tail request on https://maven-central.storage-download.googleapis.com/maven2/com/netease/cloudmusic/iotsdk/core_logsalvage/0.4.2.20240407151134/core_logsalvage-0.4.2.20240407151134.jar returned status 404
0.4.2.20240416213118			IOException: Tail request on https://maven-central.storage-download.googleapis.com/maven2/com/netease/cloudmusic/iotsdk/core_logsalvage/0.4.2.20240416213118/core_logsalvage-0.4.2.20240416213118.jar returned status 404
0.4.2.20240417220625			IOException: Tail request on https://maven-central.storage-download.googleapis.com/maven2/com/netease/cloudmusic/iotsdk/core_logsalvage/0.4.2.20240417220625/core_logsalvage-0.4.2.20240417220625.jar returned status 404
0.4.2.20240418111133			IOException: Tail request on https://maven-central.storage-download.googleapis.com/maven2/com/netease/cloudmusic/iotsdk/core_logsalvage/0.4.2.20240418111133/core_logsalvage-0.4.2.20240418111133.jar returned status 404
0.4.2.20240419144310			IOException: Tail request on https://maven-central.storage-download.googleapis.com/maven2/com/netease/cloudmusic/iotsdk/core_logsalvage/0.4.2.20240419144310/core_logsalvage-0.4.2.20240419144310.jar returned status 404
0.4.2.20240423145650			IOException: Tail request on https://maven-central.storage-download.googleapis.com/maven2/com/netease/cloudmusic/iotsdk/core_logsalvage/0.4.2.20240423145650/core_logsalvage-0.4.2.20240423145650.jar returned status 404
0.4.2.20240423155148			IOException: Tail request on https://maven-central.storage-download.googleapis.com/maven2/com/netease/cloudmusic/iotsdk/core_logsalvage/0.4.2.20240423155148/core_logsalvage-0.4.2.20240423155148.jar returned status 404
0.4.2.20240423165934			IOException: Tail request on https://maven-central.storage-download.googleapis.com/maven2/com/netease/cloudmusic/iotsdk/core_logsalvage/0.4.2.20240423165934/core_logsalvage-0.4.2.20240423165934.jar returned status 404
0.4.2.20240423182239			IOException: Tail request on https://maven-central.storage-download.googleapis.com/maven2/com/netease/cloudmusic/iotsdk/core_logsalvage/0.4.2.20240423182239/core_logsalvage-0.4.2.20240423182239.jar returned status 404
0.4.2.20240424152030			IOException: Tail request on https://maven-central.storage-download.googleapis.com/maven2/com/netease/cloudmusic/iotsdk/core_logsalvage/0.4.2.20240424152030/core_logsalvage-0.4.2.20240424152030.jar returned status 404
0.4.2.20240424162751			IOException: Tail request on https://maven-central.storage-download.googleapis.com/maven2/com/netease/cloudmusic/iotsdk/core_logsalvage/0.4.2.20240424162751/core_logsalvage-0.4.2.20240424162751.jar returned status 404
0.4.2.20240425112357			IOException: Tail request on https://maven-central.storage-download.googleapis.com/maven2/com/netease/cloudmusic/iotsdk/core_logsalvage/0.4.2.20240425112357/core_logsalvage-0.4.2.20240425112357.jar returned status 404
0.4.2.20240425122449			IOException: Tail request on https://maven-central.storage-download.googleapis.com/maven2/com/netease/cloudmusic/iotsdk/core_logsalvage/0.4.2.20240425122449/core_logsalvage-0.4.2.20240425122449.jar returned status 404
0.4.2.20240425152256			IOException: Tail request on https://maven-central.storage-download.googleapis.com/maven2/com/netease/cloudmusic/iotsdk/core_logsalvage/0.4.2.20240425152256/core_logsalvage-0.4.2.20240425152256.jar returned status 404
0.4.2.20240425212852			IOException: Tail request on https://maven-central.storage-download.googleapis.com/maven2/com/netease/cloudmusic/iotsdk/core_logsalvage/0.4.2.20240425212852/core_logsalvage-0.4.2.20240425212852.jar returned status 404
0.4.2.20240426141138			IOException: Tail request on https://maven-central.storage-download.googleapis.com/maven2/com/netease/cloudmusic/iotsdk/core_logsalvage/0.4.2.20240426141138/core_logsalvage-0.4.2.20240426141138.jar returned status 404
0.4.2.20240429175642			IOException: Tail request on https://maven-central.storage-download.googleapis.com/maven2/com/netease/cloudmusic/iotsdk/core_logsalvage/0.4.2.20240429175642/core_logsalvage-0.4.2.20240429175642.jar returned status 404
0.4.2.20240429183653			IOException: Tail request on https://maven-central.storage-download.googleapis.com/maven2/com/netease/cloudmusic/iotsdk/core_logsalvage/0.4.2.20240429183653/core_logsalvage-0.4.2.20240429183653.jar returned status 404
0.4.2.20240507200902			IOException: Tail request on https://maven-central.storage-download.googleapis.com/maven2/com/netease/cloudmusic/iotsdk/core_logsalvage/0.4.2.20240507200902/core_logsalvage-0.4.2.20240507200902.jar returned status 404
0.4.2.20240508144656			IOException: Tail request on https://maven-central.storage-download.googleapis.com/maven2/com/netease/cloudmusic/iotsdk/core_logsalvage/0.4.2.20240508144656/core_logsalvage-0.4.2.20240508144656.jar returned status 404
0.4.2.20240510160829			IOException: Tail request on https://maven-central.storage-download.googleapis.com/maven2/com/netease/cloudmusic/iotsdk/core_logsalvage/0.4.2.20240510160829/core_logsalvage-0.4.2.20240510160829.jar returned status 404
0.4.2.20240510163416			IOException: Tail request on https://maven-central.storage-download.googleapis.com/maven2/com/netease/cloudmusic/iotsdk/core_logsalvage/0.4.2.20240510163416/core_logsalvage-0.4.2.20240510163416.jar returned status 404
0.4.2.20240513193448			IOException: Tail request on https://maven-central.storage-download.googleapis.com/maven2/com/netease/cloudmusic/iotsdk/core_logsalvage/0.4.2.20240513193448/core_logsalvage-0.4.2.20240513193448.jar returned status 404
0.4.2.20240516161246			IOException: Tail request on https://maven-central.storage-download.googleapis.com/maven2/com/netease/cloudmusic/iotsdk/core_logsalvage/0.4.2.20240516161246/core_logsalvage-0.4.2.20240516161246.jar returned status 404
0.4.2.20240516164215			IOException: Tail request on https://maven-central.storage-download.googleapis.com/maven2/com/netease/cloudmusic/iotsdk/core_logsalvage/0.4.2.20240516164215/core_logsalvage-0.4.2.20240516164215.jar returned status 404
0.4.2.20240516171927			IOException: Tail request on https://maven-central.storage-download.googleapis.com/maven2/com/netease/cloudmusic/iotsdk/core_logsalvage/0.4.2.20240516171927/core_logsalvage-0.4.2.20240516171927.jar returned status 404
0.4.2.20240516201641			IOException: Tail request on https://maven-central.storage-download.googleapis.com/maven2/com/netease/cloudmusic/iotsdk/core_logsalvage/0.4.2.20240516201641/core_logsalvage-0.4.2.20240516201641.jar returned status 404
0.4.2.20240520163813			IOException: Tail request on https://maven-central.storage-download.googleapis.com/maven2/com/netease/cloudmusic/iotsdk/core_logsalvage/0.4.2.20240520163813/core_logsalvage-0.4.2.20240520163813.jar returned status 404
0.4.2.20240520170724			IOException: Tail request on https://maven-central.storage-download.googleapis.com/maven2/com/netease/cloudmusic/iotsdk/core_logsalvage/0.4.2.20240520170724/core_logsalvage-0.4.2.20240520170724.jar returned status 404
0.4.2.20240520200023			IOException: Tail request on https://maven-central.storage-download.googleapis.com/maven2/com/netease/cloudmusic/iotsdk/core_logsalvage/0.4.2.20240520200023/core_logsalvage-0.4.2.20240520200023.jar returned status 404
0.4.2.20240521103544			IOException: Tail request on https://maven-central.storage-download.googleapis.com/maven2/com/netease/cloudmusic/iotsdk/core_logsalvage/0.4.2.20240521103544/core_logsalvage-0.4.2.20240521103544.jar returned status 404
0.4.2.20240523205502			IOException: Tail request on https://maven-central.storage-download.googleapis.com/maven2/com/netease/cloudmusic/iotsdk/core_logsalvage/0.4.2.20240523205502/core_logsalvage-0.4.2.20240523205502.jar returned status 404
0.4.2.20240524105711			IOException: Tail request on https://maven-central.storage-download.googleapis.com/maven2/com/netease/cloudmusic/iotsdk/core_logsalvage/0.4.2.20240524105711/core_logsalvage-0.4.2.20240524105711.jar returned status 404
0.4.2.20240528212023			IOException: Tail request on https://maven-central.storage-download.googleapis.com/maven2/com/netease/cloudmusic/iotsdk/core_logsalvage/0.4.2.20240528212023/core_logsalvage-0.4.2.20240528212023.jar returned status 404
0.4.2.20240529152003			IOException: Tail request on https://maven-central.storage-download.googleapis.com/maven2/com/netease/cloudmusic/iotsdk/core_logsalvage/0.4.2.20240529152003/core_logsalvage-0.4.2.20240529152003.jar returned status 404
0.4.2.20240529163020			IOException: Tail request on https://maven-central.storage-download.googleapis.com/maven2/com/netease/cloudmusic/iotsdk/core_logsalvage/0.4.2.20240529163020/core_logsalvage-0.4.2.20240529163020.jar returned status 404
0.4.2.20240530163132			IOException: Tail request on https://maven-central.storage-download.googleapis.com/maven2/com/netease/cloudmusic/iotsdk/core_logsalvage/0.4.2.20240530163132/core_logsalvage-0.4.2.20240530163132.jar returned status 404
0.4.2.20240530180429			IOException: Tail request on https://maven-central.storage-download.googleapis.com/maven2/com/netease/cloudmusic/iotsdk/core_logsalvage/0.4.2.20240530180429/core_logsalvage-0.4.2.20240530180429.jar returned status 404
0.4.2.20240530211714			IOException: Tail request on https://maven-central.storage-download.googleapis.com/maven2/com/netease/cloudmusic/iotsdk/core_logsalvage/0.4.2.20240530211714/core_logsalvage-0.4.2.20240530211714.jar returned status 404
0.4.2.20240530214509			IOException: Tail request on https://maven-central.storage-download.googleapis.com/maven2/com/netease/cloudmusic/iotsdk/core_logsalvage/0.4.2.20240530214509/core_logsalvage-0.4.2.20240530214509.jar returned status 404
0.4.3-M9.20250328113612			IOException: Tail request on https://maven-central.storage-download.googleapis.com/maven2/com/netease/cloudmusic/iotsdk/core_logsalvage/0.4.3-M9.20250328113612/core_logsalvage-0.4.3-M9.20250328113612.jar returned status 404
0.4.3-S9.20250328121430			IOException: Tail request on https://maven-central.storage-download.googleapis.com/maven2/com/netease/cloudmusic/iotsdk/core_logsalvage/0.4.3-S9.20250328121430/core_logsalvage-0.4.3-S9.20250328121430.jar returned status 404
0.4.3.20241113182338			IOException: Tail request on https://maven-central.storage-download.googleapis.com/maven2/com/netease/cloudmusic/iotsdk/core_logsalvage/0.4.3.20241113182338/core_logsalvage-0.4.3.20241113182338.jar returned status 404
0.4.3.20241113191448			IOException: Tail request on https://maven-central.storage-download.googleapis.com/maven2/com/netease/cloudmusic/iotsdk/core_logsalvage/0.4.3.20241113191448/core_logsalvage-0.4.3.20241113191448.jar returned status 404
0.4.3.20241113202822			IOException: Tail request on https://maven-central.storage-download.googleapis.com/maven2/com/netease/cloudmusic/iotsdk/core_logsalvage/0.4.3.20241113202822/core_logsalvage-0.4.3.20241113202822.jar returned status 404
0.4.3.20241114102238			IOException: Tail request on https://maven-central.storage-download.googleapis.com/maven2/com/netease/cloudmusic/iotsdk/core_logsalvage/0.4.3.20241114102238/core_logsalvage-0.4.3.20241114102238.jar returned status 404
0.4.3.20241115164041			IOException: Tail request on https://maven-central.storage-download.googleapis.com/maven2/com/netease/cloudmusic/iotsdk/core_logsalvage/0.4.3.20241115164041/core_logsalvage-0.4.3.20241115164041.jar returned status 404
0.4.3.20241118110301			IOException: Tail request on https://maven-central.storage-download.googleapis.com/maven2/com/netease/cloudmusic/iotsdk/core_logsalvage/0.4.3.20241118110301/core_logsalvage-0.4.3.20241118110301.jar returned status 404
0.4.3.20241119102050			IOException: Tail request on https://maven-central.storage-download.googleapis.com/maven2/com/netease/cloudmusic/iotsdk/core_logsalvage/0.4.3.20241119102050/core_logsalvage-0.4.3.20241119102050.jar returned status 404
0.4.3.20241121170513			IOException: Tail request on https://maven-central.storage-download.googleapis.com/maven2/com/netease/cloudmusic/iotsdk/core_logsalvage/0.4.3.20241121170513/core_logsalvage-0.4.3.20241121170513.jar returned status 404
0.4.3.20241122152819			IOException: Tail request on https://maven-central.storage-download.googleapis.com/maven2/com/netease/cloudmusic/iotsdk/core_logsalvage/0.4.3.20241122152819/core_logsalvage-0.4.3.20241122152819.jar returned status 404
0.4.3.20241122162524			IOException: Tail request on https://maven-central.storage-download.googleapis.com/maven2/com/netease/cloudmusic/iotsdk/core_logsalvage/0.4.3.20241122162524/core_logsalvage-0.4.3.20241122162524.jar returned status 404
0.4.3.20241122173245			IOException: Tail request on https://maven-central.storage-download.googleapis.com/maven2/com/netease/cloudmusic/iotsdk/core_logsalvage/0.4.3.20241122173245/core_logsalvage-0.4.3.20241122173245.jar returned status 404
0.4.3.20241125110714			IOException: Tail request on https://maven-central.storage-download.googleapis.com/maven2/com/netease/cloudmusic/iotsdk/core_logsalvage/0.4.3.20241125110714/core_logsalvage-0.4.3.20241125110714.jar returned status 404
0.4.3.20241125143908			IOException: Tail request on https://maven-central.storage-download.googleapis.com/maven2/com/netease/cloudmusic/iotsdk/core_logsalvage/0.4.3.20241125143908/core_logsalvage-0.4.3.20241125143908.jar returned status 404
0.4.3.20241125172023			IOException: Tail request on https://maven-central.storage-download.googleapis.com/maven2/com/netease/cloudmusic/iotsdk/core_logsalvage/0.4.3.20241125172023/core_logsalvage-0.4.3.20241125172023.jar returned status 404
0.4.3.20241126133201			IOException: Tail request on https://maven-central.storage-download.googleapis.com/maven2/com/netease/cloudmusic/iotsdk/core_logsalvage/0.4.3.20241126133201/core_logsalvage-0.4.3.20241126133201.jar returned status 404
0.4.3.20241126174710			IOException: Tail request on https://maven-central.storage-download.googleapis.com/maven2/com/netease/cloudmusic/iotsdk/core_logsalvage/0.4.3.20241126174710/core_logsalvage-0.4.3.20241126174710.jar returned status 404
0.4.3.20241126201054			IOException: Tail request on https://maven-central.storage-download.googleapis.com/maven2/com/netease/cloudmusic/iotsdk/core_logsalvage/0.4.3.20241126201054/core_logsalvage-0.4.3.20241126201054.jar returned status 404
0.4.3.20241127150429			IOException: Tail request on https://maven-central.storage-download.googleapis.com/maven2/com/netease/cloudmusic/iotsdk/core_logsalvage/0.4.3.20241127150429/core_logsalvage-0.4.3.20241127150429.jar returned status 404
0.4.3.20241129185139			IOException: Tail request on https://maven-central.storage-download.googleapis.com/maven2/com/netease/cloudmusic/iotsdk/core_logsalvage/0.4.3.20241129185139/core_logsalvage-0.4.3.20241129185139.jar returned status 404
0.4.3.20241130231727			IOException: Tail request on https://maven-central.storage-download.googleapis.com/maven2/com/netease/cloudmusic/iotsdk/core_logsalvage/0.4.3.20241130231727/core_logsalvage-0.4.3.20241130231727.jar returned status 404
0.4.3.20241202161650			IOException: Tail request on https://maven-central.storage-download.googleapis.com/maven2/com/netease/cloudmusic/iotsdk/core_logsalvage/0.4.3.20241202161650/core_logsalvage-0.4.3.20241202161650.jar returned status 404
0.4.3.20241202172526			IOException: Tail request on https://maven-central.storage-download.googleapis.com/maven2/com/netease/cloudmusic/iotsdk/core_logsalvage/0.4.3.20241202172526/core_logsalvage-0.4.3.20241202172526.jar returned status 404
0.4.3.20241202204457			IOException: Tail request on https://maven-central.storage-download.googleapis.com/maven2/com/netease/cloudmusic/iotsdk/core_logsalvage/0.4.3.20241202204457/core_logsalvage-0.4.3.20241202204457.jar returned status 404
0.4.3.20241204201937			IOException: Tail request on https://maven-central.storage-download.googleapis.com/maven2/com/netease/cloudmusic/iotsdk/core_logsalvage/0.4.3.20241204201937/core_logsalvage-0.4.3.20241204201937.jar returned status 404
0.4.3.20241205144425			IOException: Tail request on https://maven-central.storage-download.googleapis.com/maven2/com/netease/cloudmusic/iotsdk/core_logsalvage/0.4.3.20241205144425/core_logsalvage-0.4.3.20241205144425.jar returned status 404
0.4.3.20241205194134			IOException: Tail request on https://maven-central.storage-download.googleapis.com/maven2/com/netease/cloudmusic/iotsdk/core_logsalvage/0.4.3.20241205194134/core_logsalvage-0.4.3.20241205194134.jar returned status 404
0.4.3.20241205203213			IOException: Tail request on https://maven-central.storage-download.googleapis.com/maven2/com/netease/cloudmusic/iotsdk/core_logsalvage/0.4.3.20241205203213/core_logsalvage-0.4.3.20241205203213.jar returned status 404
0.4.3.20241206102842			IOException: Tail request on https://maven-central.storage-download.googleapis.com/maven2/com/netease/cloudmusic/iotsdk/core_logsalvage/0.4.3.20241206102842/core_logsalvage-0.4.3.20241206102842.jar returned status 404
0.4.3.20241206104917			IOException: Tail request on https://maven-central.storage-download.googleapis.com/maven2/com/netease/cloudmusic/iotsdk/core_logsalvage/0.4.3.20241206104917/core_logsalvage-0.4.3.20241206104917.jar returned status 404
0.4.3.20241206121804			IOException: Tail request on https://maven-central.storage-download.googleapis.com/maven2/com/netease/cloudmusic/iotsdk/core_logsalvage/0.4.3.20241206121804/core_logsalvage-0.4.3.20241206121804.jar returned status 404
0.4.3.20241206170835			IOException: Tail request on https://maven-central.storage-download.googleapis.com/maven2/com/netease/cloudmusic/iotsdk/core_logsalvage/0.4.3.20241206170835/core_logsalvage-0.4.3.20241206170835.jar returned status 404
0.4.3.20241209164239			IOException: Tail request on https://maven-central.storage-download.googleapis.com/maven2/com/netease/cloudmusic/iotsdk/core_logsalvage/0.4.3.20241209164239/core_logsalvage-0.4.3.20241209164239.jar returned status 404
0.4.3.20241209172655			IOException: Tail request on https://maven-central.storage-download.googleapis.com/maven2/com/netease/cloudmusic/iotsdk/core_logsalvage/0.4.3.20241209172655/core_logsalvage-0.4.3.20241209172655.jar returned status 404
0.4.3.20241210113201			IOException: Tail request on https://maven-central.storage-download.googleapis.com/maven2/com/netease/cloudmusic/iotsdk/core_logsalvage/0.4.3.20241210113201/core_logsalvage-0.4.3.20241210113201.jar returned status 404
0.4.3.20241210150226			IOException: Tail request on https://maven-central.storage-download.googleapis.com/maven2/com/netease/cloudmusic/iotsdk/core_logsalvage/0.4.3.20241210150226/core_logsalvage-0.4.3.20241210150226.jar returned status 404
0.4.3.20241210154800			IOException: Tail request on https://maven-central.storage-download.googleapis.com/maven2/com/netease/cloudmusic/iotsdk/core_logsalvage/0.4.3.20241210154800/core_logsalvage-0.4.3.20241210154800.jar returned status 404
0.4.3.20241210222135			IOException: Tail request on https://maven-central.storage-download.googleapis.com/maven2/com/netease/cloudmusic/iotsdk/core_logsalvage/0.4.3.20241210222135/core_logsalvage-0.4.3.20241210222135.jar returned status 404
0.4.3.20241211132915			IOException: Tail request on https://maven-central.storage-download.googleapis.com/maven2/com/netease/cloudmusic/iotsdk/core_logsalvage/0.4.3.20241211132915/core_logsalvage-0.4.3.20241211132915.jar returned status 404
0.4.3.20241213150900			IOException: Tail request on https://maven-central.storage-download.googleapis.com/maven2/com/netease/cloudmusic/iotsdk/core_logsalvage/0.4.3.20241213150900/core_logsalvage-0.4.3.20241213150900.jar returned status 404
0.4.3.20241213164556			IOException: Tail request on https://maven-central.storage-download.googleapis.com/maven2/com/netease/cloudmusic/iotsdk/core_logsalvage/0.4.3.20241213164556/core_logsalvage-0.4.3.20241213164556.jar returned status 404
0.4.3.20241216181948			IOException: Tail request on https://maven-central.storage-download.googleapis.com/maven2/com/netease/cloudmusic/iotsdk/core_logsalvage/0.4.3.20241216181948/core_logsalvage-0.4.3.20241216181948.jar returned status 404
0.4.3.20241218153920			IOException: Tail request on https://maven-central.storage-download.googleapis.com/maven2/com/netease/cloudmusic/iotsdk/core_logsalvage/0.4.3.20241218153920/core_logsalvage-0.4.3.20241218153920.jar returned status 404
0.4.3.20241218203354			IOException: Tail request on https://maven-central.storage-download.googleapis.com/maven2/com/netease/cloudmusic/iotsdk/core_logsalvage/0.4.3.20241218203354/core_logsalvage-0.4.3.20241218203354.jar returned status 404
0.4.3.20241219120814			IOException: Tail request on https://maven-central.storage-download.googleapis.com/maven2/com/netease/cloudmusic/iotsdk/core_logsalvage/0.4.3.20241219120814/core_logsalvage-0.4.3.20241219120814.jar returned status 404
0.4.3.20241219141127			IOException: Tail request on https://maven-central.storage-download.googleapis.com/maven2/com/netease/cloudmusic/iotsdk/core_logsalvage/0.4.3.20241219141127/core_logsalvage-0.4.3.20241219141127.jar returned status 404
0.4.3.20241219162358			IOException: Tail request on https://maven-central.storage-download.googleapis.com/maven2/com/netease/cloudmusic/iotsdk/core_logsalvage/0.4.3.20241219162358/core_logsalvage-0.4.3.20241219162358.jar returned status 404
0.4.3.20241219170528			IOException: Tail request on https://maven-central.storage-download.googleapis.com/maven2/com/netease/cloudmusic/iotsdk/core_logsalvage/0.4.3.20241219170528/core_logsalvage-0.4.3.20241219170528.jar returned status 404
0.4.3.20241219181237			IOException: Tail request on https://maven-central.storage-download.googleapis.com/maven2/com/netease/cloudmusic/iotsdk/core_logsalvage/0.4.3.20241219181237/core_logsalvage-0.4.3.20241219181237.jar returned status 404
0.4.3.20241219214446			IOException: Tail request on https://maven-central.storage-download.googleapis.com/maven2/com/netease/cloudmusic/iotsdk/core_logsalvage/0.4.3.20241219214446/core_logsalvage-0.4.3.20241219214446.jar returned status 404
0.4.3.20241220142408			IOException: Tail request on https://maven-central.storage-download.googleapis.com/maven2/com/netease/cloudmusic/iotsdk/core_logsalvage/0.4.3.20241220142408/core_logsalvage-0.4.3.20241220142408.jar returned status 404
0.4.3.20241220170839			IOException: Tail request on https://maven-central.storage-download.googleapis.com/maven2/com/netease/cloudmusic/iotsdk/core_logsalvage/0.4.3.20241220170839/core_logsalvage-0.4.3.20241220170839.jar returned status 404
0.4.3.20241220183341			IOException: Tail request on https://maven-central.storage-download.googleapis.com/maven2/com/netease/cloudmusic/iotsdk/core_logsalvage/0.4.3.20241220183341/core_logsalvage-0.4.3.20241220183341.jar returned status 404
0.4.3.20241220194822			IOException: Tail request on https://maven-central.storage-download.googleapis.com/maven2/com/netease/cloudmusic/iotsdk/core_logsalvage/0.4.3.20241220194822/core_logsalvage-0.4.3.20241220194822.jar returned status 404
0.4.3.20241224161649			IOException: Tail request on https://maven-central.storage-download.googleapis.com/maven2/com/netease/cloudmusic/iotsdk/core_logsalvage/0.4.3.20241224161649/core_logsalvage-0.4.3.20241224161649.jar returned status 404
0.4.3.20241225103757			IOException: Tail request on https://maven-central.storage-download.googleapis.com/maven2/com/netease/cloudmusic/iotsdk/core_logsalvage/0.4.3.20241225103757/core_logsalvage-0.4.3.20241225103757.jar returned status 404
0.4.3.20241226160026			IOException: Tail request on https://maven-central.storage-download.googleapis.com/maven2/com/netease/cloudmusic/iotsdk/core_logsalvage/0.4.3.20241226160026/core_logsalvage-0.4.3.20241226160026.jar returned status 404
0.4.3.20241227140932			IOException: Tail request on https://maven-central.storage-download.googleapis.com/maven2/com/netease/cloudmusic/iotsdk/core_logsalvage/0.4.3.20241227140932/core_logsalvage-0.4.3.20241227140932.jar returned status 404
0.4.3.20250102172036			IOException: Tail request on https://maven-central.storage-download.googleapis.com/maven2/com/netease/cloudmusic/iotsdk/core_logsalvage/0.4.3.20250102172036/core_logsalvage-0.4.3.20250102172036.jar returned status 404
0.4.3.20250103111727			IOException: Tail request on https://maven-central.storage-download.googleapis.com/maven2/com/netease/cloudmusic/iotsdk/core_logsalvage/0.4.3.20250103111727/core_logsalvage-0.4.3.20250103111727.jar returned status 404
0.4.3.20250106140736			IOException: Tail request on https://maven-central.storage-download.googleapis.com/maven2/com/netease/cloudmusic/iotsdk/core_logsalvage/0.4.3.20250106140736/core_logsalvage-0.4.3.20250106140736.jar returned status 404
0.4.3.20250107111447			IOException: Tail request on https://maven-central.storage-download.googleapis.com/maven2/com/netease/cloudmusic/iotsdk/core_logsalvage/0.4.3.20250107111447/core_logsalvage-0.4.3.20250107111447.jar returned status 404
0.4.3.20250107140103			IOException: Tail request on https://maven-central.storage-download.googleapis.com/maven2/com/netease/cloudmusic/iotsdk/core_logsalvage/0.4.3.20250107140103/core_logsalvage-0.4.3.20250107140103.jar returned status 404
0.4.3.20250109172158			IOException: Tail request on https://maven-central.storage-download.googleapis.com/maven2/com/netease/cloudmusic/iotsdk/core_logsalvage/0.4.3.20250109172158/core_logsalvage-0.4.3.20250109172158.jar returned status 404
0.4.3.20250109203455			IOException: Tail request on https://maven-central.storage-download.googleapis.com/maven2/com/netease/cloudmusic/iotsdk/core_logsalvage/0.4.3.20250109203455/core_logsalvage-0.4.3.20250109203455.jar returned status 404
0.4.3.20250110141023			IOException: Tail request on https://maven-central.storage-download.googleapis.com/maven2/com/netease/cloudmusic/iotsdk/core_logsalvage/0.4.3.20250110141023/core_logsalvage-0.4.3.20250110141023.jar returned status 404
0.4.3.20250111193843			IOException: Tail request on https://maven-central.storage-download.googleapis.com/maven2/com/netease/cloudmusic/iotsdk/core_logsalvage/0.4.3.20250111193843/core_logsalvage-0.4.3.20250111193843.jar returned status 404
0.4.3.20250114145120			IOException: Tail request on https://maven-central.storage-download.googleapis.com/maven2/com/netease/cloudmusic/iotsdk/core_logsalvage/0.4.3.20250114145120/core_logsalvage-0.4.3.20250114145120.jar returned status 404
0.4.3.20250114160556			IOException: Tail request on https://maven-central.storage-download.googleapis.com/maven2/com/netease/cloudmusic/iotsdk/core_logsalvage/0.4.3.20250114160556/core_logsalvage-0.4.3.20250114160556.jar returned status 404
0.4.3.20250114162649			IOException: Tail request on https://maven-central.storage-download.googleapis.com/maven2/com/netease/cloudmusic/iotsdk/core_logsalvage/0.4.3.20250114162649/core_logsalvage-0.4.3.20250114162649.jar returned status 404
0.4.3.20250115150036			IOException: Tail request on https://maven-central.storage-download.googleapis.com/maven2/com/netease/cloudmusic/iotsdk/core_logsalvage/0.4.3.20250115150036/core_logsalvage-0.4.3.20250115150036.jar returned status 404
0.4.3.20250122114844			IOException: Tail request on https://maven-central.storage-download.googleapis.com/maven2/com/netease/cloudmusic/iotsdk/core_logsalvage/0.4.3.20250122114844/core_logsalvage-0.4.3.20250122114844.jar returned status 404
0.4.3.20250207154419			IOException: Tail request on https://maven-central.storage-download.googleapis.com/maven2/com/netease/cloudmusic/iotsdk/core_logsalvage/0.4.3.20250207154419/core_logsalvage-0.4.3.20250207154419.jar returned status 404
0.4.3.20250210122659			IOException: Tail request on https://maven-central.storage-download.googleapis.com/maven2/com/netease/cloudmusic/iotsdk/core_logsalvage/0.4.3.20250210122659/core_logsalvage-0.4.3.20250210122659.jar returned status 404
0.4.3.20250210154914			IOException: Tail request on https://maven-central.storage-download.googleapis.com/maven2/com/netease/cloudmusic/iotsdk/core_logsalvage/0.4.3.20250210154914/core_logsalvage-0.4.3.20250210154914.jar returned status 404
0.4.3.20250210161720			IOException: Tail request on https://maven-central.storage-download.googleapis.com/maven2/com/netease/cloudmusic/iotsdk/core_logsalvage/0.4.3.20250210161720/core_logsalvage-0.4.3.20250210161720.jar returned status 404
0.4.3.20250211155335			IOException: Tail request on https://maven-central.storage-download.googleapis.com/maven2/com/netease/cloudmusic/iotsdk/core_logsalvage/0.4.3.20250211155335/core_logsalvage-0.4.3.20250211155335.jar returned status 404
0.4.3.20250211181233			IOException: Tail request on https://maven-central.storage-download.googleapis.com/maven2/com/netease/cloudmusic/iotsdk/core_logsalvage/0.4.3.20250211181233/core_logsalvage-0.4.3.20250211181233.jar returned status 404
0.4.3.20250212102125			IOException: Tail request on https://maven-central.storage-download.googleapis.com/maven2/com/netease/cloudmusic/iotsdk/core_logsalvage/0.4.3.20250212102125/core_logsalvage-0.4.3.20250212102125.jar returned status 404
0.4.3.20250212140334			IOException: Tail request on https://maven-central.storage-download.googleapis.com/maven2/com/netease/cloudmusic/iotsdk/core_logsalvage/0.4.3.20250212140334/core_logsalvage-0.4.3.20250212140334.jar returned status 404
0.4.3.20250212153509			IOException: Tail request on https://maven-central.storage-download.googleapis.com/maven2/com/netease/cloudmusic/iotsdk/core_logsalvage/0.4.3.20250212153509/core_logsalvage-0.4.3.20250212153509.jar returned status 404
0.4.3.20250212163129			IOException: Tail request on https://maven-central.storage-download.googleapis.com/maven2/com/netease/cloudmusic/iotsdk/core_logsalvage/0.4.3.20250212163129/core_logsalvage-0.4.3.20250212163129.jar returned status 404
0.4.3.20250212165519			IOException: Tail request on https://maven-central.storage-download.googleapis.com/maven2/com/netease/cloudmusic/iotsdk/core_logsalvage/0.4.3.20250212165519/core_logsalvage-0.4.3.20250212165519.jar returned status 404
0.4.3.20250213102245			IOException: Tail request on https://maven-central.storage-download.googleapis.com/maven2/com/netease/cloudmusic/iotsdk/core_logsalvage/0.4.3.20250213102245/core_logsalvage-0.4.3.20250213102245.jar returned status 404
0.4.3.20250213105446			IOException: Tail request on https://maven-central.storage-download.googleapis.com/maven2/com/netease/cloudmusic/iotsdk/core_logsalvage/0.4.3.20250213105446/core_logsalvage-0.4.3.20250213105446.jar returned status 404
0.4.3.20250213143959			IOException: Tail request on https://maven-central.storage-download.googleapis.com/maven2/com/netease/cloudmusic/iotsdk/core_logsalvage/0.4.3.20250213143959/core_logsalvage-0.4.3.20250213143959.jar returned status 404
0.4.3.20250213152057			IOException: Tail request on https://maven-central.storage-download.googleapis.com/maven2/com/netease/cloudmusic/iotsdk/core_logsalvage/0.4.3.20250213152057/core_logsalvage-0.4.3.20250213152057.jar returned status 404
0.4.3.20250213160921			IOException: Tail request on https://maven-central.storage-download.googleapis.com/maven2/com/netease/cloudmusic/iotsdk/core_logsalvage/0.4.3.20250213160921/core_logsalvage-0.4.3.20250213160921.jar returned status 404
0.4.3.20250213163714			IOException: Tail request on https://maven-central.storage-download.googleapis.com/maven2/com/netease/cloudmusic/iotsdk/core_logsalvage/0.4.3.20250213163714/core_logsalvage-0.4.3.20250213163714.jar returned status 404
0.4.3.20250213204449			IOException: Tail request on https://maven-central.storage-download.googleapis.com/maven2/com/netease/cloudmusic/iotsdk/core_logsalvage/0.4.3.20250213204449/core_logsalvage-0.4.3.20250213204449.jar returned status 404
0.4.3.20250214154728			IOException: Tail request on https://maven-central.storage-download.googleapis.com/maven2/com/netease/cloudmusic/iotsdk/core_logsalvage/0.4.3.20250214154728/core_logsalvage-0.4.3.20250214154728.jar returned status 404
0.4.3.20250214174338			IOException: Tail request on https://maven-central.storage-download.googleapis.com/maven2/com/netease/cloudmusic/iotsdk/core_logsalvage/0.4.3.20250214174338/core_logsalvage-0.4.3.20250214174338.jar returned status 404
0.4.3.20250217103209			IOException: Tail request on https://maven-central.storage-download.googleapis.com/maven2/com/netease/cloudmusic/iotsdk/core_logsalvage/0.4.3.20250217103209/core_logsalvage-0.4.3.20250217103209.jar returned status 404
0.4.3.20250217112511			IOException: Tail request on https://maven-central.storage-download.googleapis.com/maven2/com/netease/cloudmusic/iotsdk/core_logsalvage/0.4.3.20250217112511/core_logsalvage-0.4.3.20250217112511.jar returned status 404
0.4.3.20250217141917			IOException: Tail request on https://maven-central.storage-download.googleapis.com/maven2/com/netease/cloudmusic/iotsdk/core_logsalvage/0.4.3.20250217141917/core_logsalvage-0.4.3.20250217141917.jar returned status 404
0.4.3.20250217150822			IOException: Tail request on https://maven-central.storage-download.googleapis.com/maven2/com/netease/cloudmusic/iotsdk/core_logsalvage/0.4.3.20250217150822/core_logsalvage-0.4.3.20250217150822.jar returned status 404
0.4.3.20250217153053			IOException: Tail request on https://maven-central.storage-download.googleapis.com/maven2/com/netease/cloudmusic/iotsdk/core_logsalvage/0.4.3.20250217153053/core_logsalvage-0.4.3.20250217153053.jar returned status 404
0.4.3.20250218110404			IOException: Tail request on https://maven-central.storage-download.googleapis.com/maven2/com/netease/cloudmusic/iotsdk/core_logsalvage/0.4.3.20250218110404/core_logsalvage-0.4.3.20250218110404.jar returned status 404
0.4.3.20250218125752			IOException: Tail request on https://maven-central.storage-download.googleapis.com/maven2/com/netease/cloudmusic/iotsdk/core_logsalvage/0.4.3.20250218125752/core_logsalvage-0.4.3.20250218125752.jar returned status 404
0.4.3.20250219142010			IOException: Tail request on https://maven-central.storage-download.googleapis.com/maven2/com/netease/cloudmusic/iotsdk/core_logsalvage/0.4.3.20250219142010/core_logsalvage-0.4.3.20250219142010.jar returned status 404
0.4.3.20250219173119			IOException: Tail request on https://maven-central.storage-download.googleapis.com/maven2/com/netease/cloudmusic/iotsdk/core_logsalvage/0.4.3.20250219173119/core_logsalvage-0.4.3.20250219173119.jar returned status 404
0.4.3.20250219175206			IOException: Tail request on https://maven-central.storage-download.googleapis.com/maven2/com/netease/cloudmusic/iotsdk/core_logsalvage/0.4.3.20250219175206/core_logsalvage-0.4.3.20250219175206.jar returned status 404
0.4.3.20250219183301			IOException: Tail request on https://maven-central.storage-download.googleapis.com/maven2/com/netease/cloudmusic/iotsdk/core_logsalvage/0.4.3.20250219183301/core_logsalvage-0.4.3.20250219183301.jar returned status 404
0.4.3.20250219193116			IOException: Tail request on https://maven-central.storage-download.googleapis.com/maven2/com/netease/cloudmusic/iotsdk/core_logsalvage/0.4.3.20250219193116/core_logsalvage-0.4.3.20250219193116.jar returned status 404
0.4.3.20250219201645			IOException: Tail request on https://maven-central.storage-download.googleapis.com/maven2/com/netease/cloudmusic/iotsdk/core_logsalvage/0.4.3.20250219201645/core_logsalvage-0.4.3.20250219201645.jar returned status 404
0.4.3.20250219221240			IOException: Tail request on https://maven-central.storage-download.googleapis.com/maven2/com/netease/cloudmusic/iotsdk/core_logsalvage/0.4.3.20250219221240/core_logsalvage-0.4.3.20250219221240.jar returned status 404
0.4.3.20250219235229			IOException: Tail request on https://maven-central.storage-download.googleapis.com/maven2/com/netease/cloudmusic/iotsdk/core_logsalvage/0.4.3.20250219235229/core_logsalvage-0.4.3.20250219235229.jar returned status 404
0.4.3.20250220102220			IOException: Tail request on https://maven-central.storage-download.googleapis.com/maven2/com/netease/cloudmusic/iotsdk/core_logsalvage/0.4.3.20250220102220/core_logsalvage-0.4.3.20250220102220.jar returned status 404
0.4.3.20250220104341			IOException: Tail request on https://maven-central.storage-download.googleapis.com/maven2/com/netease/cloudmusic/iotsdk/core_logsalvage/0.4.3.20250220104341/core_logsalvage-0.4.3.20250220104341.jar returned status 404
0.4.3.20250220205503			IOException: Tail request on https://maven-central.storage-download.googleapis.com/maven2/com/netease/cloudmusic/iotsdk/core_logsalvage/0.4.3.20250220205503/core_logsalvage-0.4.3.20250220205503.jar returned status 404
0.4.3.20250221102906			IOException: Tail request on https://maven-central.storage-download.googleapis.com/maven2/com/netease/cloudmusic/iotsdk/core_logsalvage/0.4.3.20250221102906/core_logsalvage-0.4.3.20250221102906.jar returned status 404
0.4.3.20250221144711			IOException: Tail request on https://maven-central.storage-download.googleapis.com/maven2/com/netease/cloudmusic/iotsdk/core_logsalvage/0.4.3.20250221144711/core_logsalvage-0.4.3.20250221144711.jar returned status 404
0.4.3.20250224145906			IOException: Tail request on https://maven-central.storage-download.googleapis.com/maven2/com/netease/cloudmusic/iotsdk/core_logsalvage/0.4.3.20250224145906/core_logsalvage-0.4.3.20250224145906.jar returned status 404
0.4.3.20250224204510			IOException: Tail request on https://maven-central.storage-download.googleapis.com/maven2/com/netease/cloudmusic/iotsdk/core_logsalvage/0.4.3.20250224204510/core_logsalvage-0.4.3.20250224204510.jar returned status 404
0.4.3.20250225103744			IOException: Tail request on https://maven-central.storage-download.googleapis.com/maven2/com/netease/cloudmusic/iotsdk/core_logsalvage/0.4.3.20250225103744/core_logsalvage-0.4.3.20250225103744.jar returned status 404
0.4.3.20250225150227			IOException: Tail request on https://maven-central.storage-download.googleapis.com/maven2/com/netease/cloudmusic/iotsdk/core_logsalvage/0.4.3.20250225150227/core_logsalvage-0.4.3.20250225150227.jar returned status 404
0.4.3.20250225164407			IOException: Tail request on https://maven-central.storage-download.googleapis.com/maven2/com/netease/cloudmusic/iotsdk/core_logsalvage/0.4.3.20250225164407/core_logsalvage-0.4.3.20250225164407.jar returned status 404
0.4.3.20250225171738			IOException: Tail request on https://maven-central.storage-download.googleapis.com/maven2/com/netease/cloudmusic/iotsdk/core_logsalvage/0.4.3.20250225171738/core_logsalvage-0.4.3.20250225171738.jar returned status 404
0.4.3.20250225183555			IOException: Tail request on https://maven-central.storage-download.googleapis.com/maven2/com/netease/cloudmusic/iotsdk/core_logsalvage/0.4.3.20250225183555/core_logsalvage-0.4.3.20250225183555.jar returned status 404
0.4.3.20250225192205			IOException: Tail request on https://maven-central.storage-download.googleapis.com/maven2/com/netease/cloudmusic/iotsdk/core_logsalvage/0.4.3.20250225192205/core_logsalvage-0.4.3.20250225192205.jar returned status 404
0.4.3.20250226171500			IOException: Tail request on https://maven-central.storage-download.googleapis.com/maven2/com/netease/cloudmusic/iotsdk/core_logsalvage/0.4.3.20250226171500/core_logsalvage-0.4.3.20250226171500.jar returned status 404
0.4.3.20250226182834			IOException: Tail request on https://maven-central.storage-download.googleapis.com/maven2/com/netease/cloudmusic/iotsdk/core_logsalvage/0.4.3.20250226182834/core_logsalvage-0.4.3.20250226182834.jar returned status 404
0.4.3.20250227103235			IOException: Tail request on https://maven-central.storage-download.googleapis.com/maven2/com/netease/cloudmusic/iotsdk/core_logsalvage/0.4.3.20250227103235/core_logsalvage-0.4.3.20250227103235.jar returned status 404
0.4.3.20250227144001			IOException: Tail request on https://maven-central.storage-download.googleapis.com/maven2/com/netease/cloudmusic/iotsdk/core_logsalvage/0.4.3.20250227144001/core_logsalvage-0.4.3.20250227144001.jar returned status 404
0.4.3.20250303143951			IOException: Tail request on https://maven-central.storage-download.googleapis.com/maven2/com/netease/cloudmusic/iotsdk/core_logsalvage/0.4.3.20250303143951/core_logsalvage-0.4.3.20250303143951.jar returned status 404
0.4.3.20250303152530			IOException: Tail request on https://maven-central.storage-download.googleapis.com/maven2/com/netease/cloudmusic/iotsdk/core_logsalvage/0.4.3.20250303152530/core_logsalvage-0.4.3.20250303152530.jar returned status 404
0.4.3.20250303170035			IOException: Tail request on https://maven-central.storage-download.googleapis.com/maven2/com/netease/cloudmusic/iotsdk/core_logsalvage/0.4.3.20250303170035/core_logsalvage-0.4.3.20250303170035.jar returned status 404
0.4.3.20250304100752			IOException: Tail request on https://maven-central.storage-download.googleapis.com/maven2/com/netease/cloudmusic/iotsdk/core_logsalvage/0.4.3.20250304100752/core_logsalvage-0.4.3.20250304100752.jar returned status 404
0.4.3.20250305141559			IOException: Tail request on https://maven-central.storage-download.googleapis.com/maven2/com/netease/cloudmusic/iotsdk/core_logsalvage/0.4.3.20250305141559/core_logsalvage-0.4.3.20250305141559.jar returned status 404
0.4.3.20250307104820			IOException: Tail request on https://maven-central.storage-download.googleapis.com/maven2/com/netease/cloudmusic/iotsdk/core_logsalvage/0.4.3.20250307104820/core_logsalvage-0.4.3.20250307104820.jar returned status 404
0.4.3.20250311105317			IOException: Tail request on https://maven-central.storage-download.googleapis.com/maven2/com/netease/cloudmusic/iotsdk/core_logsalvage/0.4.3.20250311105317/core_logsalvage-0.4.3.20250311105317.jar returned status 404
0.4.3.20250313151006			IOException: Tail request on https://maven-central.storage-download.googleapis.com/maven2/com/netease/cloudmusic/iotsdk/core_logsalvage/0.4.3.20250313151006/core_logsalvage-0.4.3.20250313151006.jar returned status 404
0.4.3.20250318142024			IOException: Tail request on https://maven-central.storage-download.googleapis.com/maven2/com/netease/cloudmusic/iotsdk/core_logsalvage/0.4.3.20250318142024/core_logsalvage-0.4.3.20250318142024.jar returned status 404
0.4.3.20250318145207			IOException: Tail request on https://maven-central.storage-download.googleapis.com/maven2/com/netease/cloudmusic/iotsdk/core_logsalvage/0.4.3.20250318145207/core_logsalvage-0.4.3.20250318145207.jar returned status 404
0.4.3.20250318170729			IOException: Tail request on https://maven-central.storage-download.googleapis.com/maven2/com/netease/cloudmusic/iotsdk/core_logsalvage/0.4.3.20250318170729/core_logsalvage-0.4.3.20250318170729.jar returned status 404
0.4.3.20250318181537			IOException: Tail request on https://maven-central.storage-download.googleapis.com/maven2/com/netease/cloudmusic/iotsdk/core_logsalvage/0.4.3.20250318181537/core_logsalvage-0.4.3.20250318181537.jar returned status 404
0.4.3.20250319171543			IOException: Tail request on https://maven-central.storage-download.googleapis.com/maven2/com/netease/cloudmusic/iotsdk/core_logsalvage/0.4.3.20250319171543/core_logsalvage-0.4.3.20250319171543.jar returned status 404
0.4.3.20250320143730			IOException: Tail request on https://maven-central.storage-download.googleapis.com/maven2/com/netease/cloudmusic/iotsdk/core_logsalvage/0.4.3.20250320143730/core_logsalvage-0.4.3.20250320143730.jar returned status 404
0.4.3.20250321152829			IOException: Tail request on https://maven-central.storage-download.googleapis.com/maven2/com/netease/cloudmusic/iotsdk/core_logsalvage/0.4.3.20250321152829/core_logsalvage-0.4.3.20250321152829.jar returned status 404
0.4.3.20250324103648			IOException: Tail request on https://maven-central.storage-download.googleapis.com/maven2/com/netease/cloudmusic/iotsdk/core_logsalvage/0.4.3.20250324103648/core_logsalvage-0.4.3.20250324103648.jar returned status 404
0.4.3.20250325101202			IOException: Tail request on https://maven-central.storage-download.googleapis.com/maven2/com/netease/cloudmusic/iotsdk/core_logsalvage/0.4.3.20250325101202/core_logsalvage-0.4.3.20250325101202.jar returned status 404
0.4.3.20250326151017			IOException: Tail request on https://maven-central.storage-download.googleapis.com/maven2/com/netease/cloudmusic/iotsdk/core_logsalvage/0.4.3.20250326151017/core_logsalvage-0.4.3.20250326151017.jar returned status 404
0.4.3.20250326151621			IOException: Tail request on https://maven-central.storage-download.googleapis.com/maven2/com/netease/cloudmusic/iotsdk/core_logsalvage/0.4.3.20250326151621/core_logsalvage-0.4.3.20250326151621.jar returned status 404
0.4.3.20250326154204			IOException: Tail request on https://maven-central.storage-download.googleapis.com/maven2/com/netease/cloudmusic/iotsdk/core_logsalvage/0.4.3.20250326154204/core_logsalvage-0.4.3.20250326154204.jar returned status 404
0.4.3.20250326155427			IOException: Tail request on https://maven-central.storage-download.googleapis.com/maven2/com/netease/cloudmusic/iotsdk/core_logsalvage/0.4.3.20250326155427/core_logsalvage-0.4.3.20250326155427.jar returned status 404
0.4.3.20250326161728			IOException: Tail request on https://maven-central.storage-download.googleapis.com/maven2/com/netease/cloudmusic/iotsdk/core_logsalvage/0.4.3.20250326161728/core_logsalvage-0.4.3.20250326161728.jar returned status 404
0.4.3.20250328185824			IOException: Tail request on https://maven-central.storage-download.googleapis.com/maven2/com/netease/cloudmusic/iotsdk/core_logsalvage/0.4.3.20250328185824/core_logsalvage-0.4.3.20250328185824.jar returned status 404
0.4.3.20250328195009			IOException: Tail request on https://maven-central.storage-download.googleapis.com/maven2/com/netease/cloudmusic/iotsdk/core_logsalvage/0.4.3.20250328195009/core_logsalvage-0.4.3.20250328195009.jar returned status 404
0.4.3.20250331103105			IOException: Tail request on https://maven-central.storage-download.googleapis.com/maven2/com/netease/cloudmusic/iotsdk/core_logsalvage/0.4.3.20250331103105/core_logsalvage-0.4.3.20250331103105.jar returned status 404
0.4.3.20250331115805			IOException: Tail request on https://maven-central.storage-download.googleapis.com/maven2/com/netease/cloudmusic/iotsdk/core_logsalvage/0.4.3.20250331115805/core_logsalvage-0.4.3.20250331115805.jar returned status 404
0.4.3.20250331143329			IOException: Tail request on https://maven-central.storage-download.googleapis.com/maven2/com/netease/cloudmusic/iotsdk/core_logsalvage/0.4.3.20250331143329/core_logsalvage-0.4.3.20250331143329.jar returned status 404
0.4.3.20250402103903			IOException: Tail request on https://maven-central.storage-download.googleapis.com/maven2/com/netease/cloudmusic/iotsdk/core_logsalvage/0.4.3.20250402103903/core_logsalvage-0.4.3.20250402103903.jar returned status 404
0.4.3.20250402153904			IOException: Tail request on https://maven-central.storage-download.googleapis.com/maven2/com/netease/cloudmusic/iotsdk/core_logsalvage/0.4.3.20250402153904/core_logsalvage-0.4.3.20250402153904.jar returned status 404
0.4.3.20250407112426			IOException: Tail request on https://maven-central.storage-download.googleapis.com/maven2/com/netease/cloudmusic/iotsdk/core_logsalvage/0.4.3.20250407112426/core_logsalvage-0.4.3.20250407112426.jar returned status 404
0.4.3.20250408102256			IOException: Tail request on https://maven-central.storage-download.googleapis.com/maven2/com/netease/cloudmusic/iotsdk/core_logsalvage/0.4.3.20250408102256/core_logsalvage-0.4.3.20250408102256.jar returned status 404
0.4.3.20250408142142			IOException: Tail request on https://maven-central.storage-download.googleapis.com/maven2/com/netease/cloudmusic/iotsdk/core_logsalvage/0.4.3.20250408142142/core_logsalvage-0.4.3.20250408142142.jar returned status 404
0.4.3.20250408152030			IOException: Tail request on https://maven-central.storage-download.googleapis.com/maven2/com/netease/cloudmusic/iotsdk/core_logsalvage/0.4.3.20250408152030/core_logsalvage-0.4.3.20250408152030.jar returned status 404
0.4.3.20250410145558			IOException: Tail request on https://maven-central.storage-download.googleapis.com/maven2/com/netease/cloudmusic/iotsdk/core_logsalvage/0.4.3.20250410145558/core_logsalvage-0.4.3.20250410145558.jar returned status 404
0.4.3.20250414142553			IOException: Tail request on https://maven-central.storage-download.googleapis.com/maven2/com/netease/cloudmusic/iotsdk/core_logsalvage/0.4.3.20250414142553/core_logsalvage-0.4.3.20250414142553.jar returned status 404
0.4.3.20250415172216			IOException: Tail request on https://maven-central.storage-download.googleapis.com/maven2/com/netease/cloudmusic/iotsdk/core_logsalvage/0.4.3.20250415172216/core_logsalvage-0.4.3.20250415172216.jar returned status 404
0.4.3.20250416141758			IOException: Tail request on https://maven-central.storage-download.googleapis.com/maven2/com/netease/cloudmusic/iotsdk/core_logsalvage/0.4.3.20250416141758/core_logsalvage-0.4.3.20250416141758.jar returned status 404
0.4.3.20250416154238			IOException: Tail request on https://maven-central.storage-download.googleapis.com/maven2/com/netease/cloudmusic/iotsdk/core_logsalvage/0.4.3.20250416154238/core_logsalvage-0.4.3.20250416154238.jar returned status 404
0.4.3.20250416180145			IOException: Tail request on https://maven-central.storage-download.googleapis.com/maven2/com/netease/cloudmusic/iotsdk/core_logsalvage/0.4.3.20250416180145/core_logsalvage-0.4.3.20250416180145.jar returned status 404
0.4.3.20250416194113			IOException: Tail request on https://maven-central.storage-download.googleapis.com/maven2/com/netease/cloudmusic/iotsdk/core_logsalvage/0.4.3.20250416194113/core_logsalvage-0.4.3.20250416194113.jar returned status 404
0.4.3.20250417162231			IOException: Tail request on https://maven-central.storage-download.googleapis.com/maven2/com/netease/cloudmusic/iotsdk/core_logsalvage/0.4.3.20250417162231/core_logsalvage-0.4.3.20250417162231.jar returned status 404
0.4.3.20250418144659			IOException: Tail request on https://maven-central.storage-download.googleapis.com/maven2/com/netease/cloudmusic/iotsdk/core_logsalvage/0.4.3.20250418144659/core_logsalvage-0.4.3.20250418144659.jar returned status 404
0.4.3.20250418151235			IOException: Tail request on https://maven-central.storage-download.googleapis.com/maven2/com/netease/cloudmusic/iotsdk/core_logsalvage/0.4.3.20250418151235/core_logsalvage-0.4.3.20250418151235.jar returned status 404
0.4.3.20250418155309			IOException: Tail request on https://maven-central.storage-download.googleapis.com/maven2/com/netease/cloudmusic/iotsdk/core_logsalvage/0.4.3.20250418155309/core_logsalvage-0.4.3.20250418155309.jar returned status 404
0.4.3.20250421152040			IOException: Tail request on https://maven-central.storage-download.googleapis.com/maven2/com/netease/cloudmusic/iotsdk/core_logsalvage/0.4.3.20250421152040/core_logsalvage-0.4.3.20250421152040.jar returned status 404
0.4.3.20250421161623			IOException: Tail request on https://maven-central.storage-download.googleapis.com/maven2/com/netease/cloudmusic/iotsdk/core_logsalvage/0.4.3.20250421161623/core_logsalvage-0.4.3.20250421161623.jar returned status 404
0.4.3.20250422170856			IOException: Tail request on https://maven-central.storage-download.googleapis.com/maven2/com/netease/cloudmusic/iotsdk/core_logsalvage/0.4.3.20250422170856/core_logsalvage-0.4.3.20250422170856.jar returned status 404
0.4.3.20250422181005			IOException: Tail request on https://maven-central.storage-download.googleapis.com/maven2/com/netease/cloudmusic/iotsdk/core_logsalvage/0.4.3.20250422181005/core_logsalvage-0.4.3.20250422181005.jar returned status 404
0.4.3.20250423160620			IOException: Tail request on https://maven-central.storage-download.googleapis.com/maven2/com/netease/cloudmusic/iotsdk/core_logsalvage/0.4.3.20250423160620/core_logsalvage-0.4.3.20250423160620.jar returned status 404
0.4.3.20250424125537			IOException: Tail request on https://maven-central.storage-download.googleapis.com/maven2/com/netease/cloudmusic/iotsdk/core_logsalvage/0.4.3.20250424125537/core_logsalvage-0.4.3.20250424125537.jar returned status 404
0.4.3.20250425105045			IOException: Tail request on https://maven-central.storage-download.googleapis.com/maven2/com/netease/cloudmusic/iotsdk/core_logsalvage/0.4.3.20250425105045/core_logsalvage-0.4.3.20250425105045.jar returned status 404
0.4.3.20250425132406			IOException: Tail request on https://maven-central.storage-download.googleapis.com/maven2/com/netease/cloudmusic/iotsdk/core_logsalvage/0.4.3.20250425132406/core_logsalvage-0.4.3.20250425132406.jar returned status 404
0.4.3.20250425145800			IOException: Tail request on https://maven-central.storage-download.googleapis.com/maven2/com/netease/cloudmusic/iotsdk/core_logsalvage/0.4.3.20250425145800/core_logsalvage-0.4.3.20250425145800.jar returned status 404
0.4.3.20250425151940			IOException: Tail request on https://maven-central.storage-download.googleapis.com/maven2/com/netease/cloudmusic/iotsdk/core_logsalvage/0.4.3.20250425151940/core_logsalvage-0.4.3.20250425151940.jar returned status 404
0.4.3.20250425165317			IOException: Tail request on https://maven-central.storage-download.googleapis.com/maven2/com/netease/cloudmusic/iotsdk/core_logsalvage/0.4.3.20250425165317/core_logsalvage-0.4.3.20250425165317.jar returned status 404
0.4.3.20250425174507			IOException: Tail request on https://maven-central.storage-download.googleapis.com/maven2/com/netease/cloudmusic/iotsdk/core_logsalvage/0.4.3.20250425174507/core_logsalvage-0.4.3.20250425174507.jar returned status 404
0.4.3.20250425182244			IOException: Tail request on https://maven-central.storage-download.googleapis.com/maven2/com/netease/cloudmusic/iotsdk/core_logsalvage/0.4.3.20250425182244/core_logsalvage-0.4.3.20250425182244.jar returned status 404
0.4.3.20250516111736			IOException: Tail request on https://maven-central.storage-download.googleapis.com/maven2/com/netease/cloudmusic/iotsdk/core_logsalvage/0.4.3.20250516111736/core_logsalvage-0.4.3.20250516111736.jar returned status 404
0.4.4.20250427172338			IOException: Tail request on https://maven-central.storage-download.googleapis.com/maven2/com/netease/cloudmusic/iotsdk/core_logsalvage/0.4.4.20250427172338/core_logsalvage-0.4.4.20250427172338.jar returned status 404
0.4.4.20250427181912			IOException: Tail request on https://maven-central.storage-download.googleapis.com/maven2/com/netease/cloudmusic/iotsdk/core_logsalvage/0.4.4.20250427181912/core_logsalvage-0.4.4.20250427181912.jar returned status 404
0.4.4.20250427195219			IOException: Tail request on https://maven-central.storage-download.googleapis.com/maven2/com/netease/cloudmusic/iotsdk/core_logsalvage/0.4.4.20250427195219/core_logsalvage-0.4.4.20250427195219.jar returned status 404
0.4.4.20250428101508			IOException: Tail request on https://maven-central.storage-download.googleapis.com/maven2/com/netease/cloudmusic/iotsdk/core_logsalvage/0.4.4.20250428101508/core_logsalvage-0.4.4.20250428101508.jar returned status 404
0.4.4.20250429110301			IOException: Tail request on https://maven-central.storage-download.googleapis.com/maven2/com/netease/cloudmusic/iotsdk/core_logsalvage/0.4.4.20250429110301/core_logsalvage-0.4.4.20250429110301.jar returned status 404
0.4.4.20250429175716			IOException: Tail request on https://maven-central.storage-download.googleapis.com/maven2/com/netease/cloudmusic/iotsdk/core_logsalvage/0.4.4.20250429175716/core_logsalvage-0.4.4.20250429175716.jar returned status 404
0.4.4.20250507141237			IOException: Tail request on https://maven-central.storage-download.googleapis.com/maven2/com/netease/cloudmusic/iotsdk/core_logsalvage/0.4.4.20250507141237/core_logsalvage-0.4.4.20250507141237.jar returned status 404
0.4.4.20250507150418			IOException: Tail request on https://maven-central.storage-download.googleapis.com/maven2/com/netease/cloudmusic/iotsdk/core_logsalvage/0.4.4.20250507150418/core_logsalvage-0.4.4.20250507150418.jar returned status 404
0.4.4.20250507172400			IOException: Tail request on https://maven-central.storage-download.googleapis.com/maven2/com/netease/cloudmusic/iotsdk/core_logsalvage/0.4.4.20250507172400/core_logsalvage-0.4.4.20250507172400.jar returned status 404
0.4.4.20250508120819			IOException: Tail request on https://maven-central.storage-download.googleapis.com/maven2/com/netease/cloudmusic/iotsdk/core_logsalvage/0.4.4.20250508120819/core_logsalvage-0.4.4.20250508120819.jar returned status 404
0.4.4.20250508132853			IOException: Tail request on https://maven-central.storage-download.googleapis.com/maven2/com/netease/cloudmusic/iotsdk/core_logsalvage/0.4.4.20250508132853/core_logsalvage-0.4.4.20250508132853.jar returned status 404
0.4.4.20250508141320			IOException: Tail request on https://maven-central.storage-download.googleapis.com/maven2/com/netease/cloudmusic/iotsdk/core_logsalvage/0.4.4.20250508141320/core_logsalvage-0.4.4.20250508141320.jar returned status 404
0.4.4.20250508145810			IOException: Tail request on https://maven-central.storage-download.googleapis.com/maven2/com/netease/cloudmusic/iotsdk/core_logsalvage/0.4.4.20250508145810/core_logsalvage-0.4.4.20250508145810.jar returned status 404
0.4.4.20250508171635			IOException: Tail request on https://maven-central.storage-download.googleapis.com/maven2/com/netease/cloudmusic/iotsdk/core_logsalvage/0.4.4.20250508171635/core_logsalvage-0.4.4.20250508171635.jar returned status 404
0.4.4.20250509125413			IOException: Tail request on https://maven-central.storage-download.googleapis.com/maven2/com/netease/cloudmusic/iotsdk/core_logsalvage/0.4.4.20250509125413/core_logsalvage-0.4.4.20250509125413.jar returned status 404
0.4.4.20250509200633			IOException: Tail request on https://maven-central.storage-download.googleapis.com/maven2/com/netease/cloudmusic/iotsdk/core_logsalvage/0.4.4.20250509200633/core_logsalvage-0.4.4.20250509200633.jar returned status 404
0.4.4.20250516150029			IOException: Tail request on https://maven-central.storage-download.googleapis.com/maven2/com/netease/cloudmusic/iotsdk/core_logsalvage/0.4.4.20250516150029/core_logsalvage-0.4.4.20250516150029.jar returned status 404
0.4.4.20250516181539			IOException: Tail request on https://maven-central.storage-download.googleapis.com/maven2/com/netease/cloudmusic/iotsdk/core_logsalvage/0.4.4.20250516181539/core_logsalvage-0.4.4.20250516181539.jar returned status 404
0.4.4.20250516182925			IOException: Tail request on https://maven-central.storage-download.googleapis.com/maven2/com/netease/cloudmusic/iotsdk/core_logsalvage/0.4.4.20250516182925/core_logsalvage-0.4.4.20250516182925.jar returned status 404
0.4.4.20250519185149			IOException: Tail request on https://maven-central.storage-download.googleapis.com/maven2/com/netease/cloudmusic/iotsdk/core_logsalvage/0.4.4.20250519185149/core_logsalvage-0.4.4.20250519185149.jar returned status 404
0.4.4.20250520114108			IOException: Tail request on https://maven-central.storage-download.googleapis.com/maven2/com/netease/cloudmusic/iotsdk/core_logsalvage/0.4.4.20250520114108/core_logsalvage-0.4.4.20250520114108.jar returned status 404
0.4.4.20250520181519			IOException: Tail request on https://maven-central.storage-download.googleapis.com/maven2/com/netease/cloudmusic/iotsdk/core_logsalvage/0.4.4.20250520181519/core_logsalvage-0.4.4.20250520181519.jar returned status 404
0.4.4.20250520200317			IOException: Tail request on https://maven-central.storage-download.googleapis.com/maven2/com/netease/cloudmusic/iotsdk/core_logsalvage/0.4.4.20250520200317/core_logsalvage-0.4.4.20250520200317.jar returned status 404
0.4.4.20250523101931			IOException: Tail request on https://maven-central.storage-download.googleapis.com/maven2/com/netease/cloudmusic/iotsdk/core_logsalvage/0.4.4.20250523101931/core_logsalvage-0.4.4.20250523101931.jar returned status 404
0.4.4.20250523142252			IOException: Tail request on https://maven-central.storage-download.googleapis.com/maven2/com/netease/cloudmusic/iotsdk/core_logsalvage/0.4.4.20250523142252/core_logsalvage-0.4.4.20250523142252.jar returned status 404
0.4.4.20250527162802			IOException: Tail request on https://maven-central.storage-download.googleapis.com/maven2/com/netease/cloudmusic/iotsdk/core_logsalvage/0.4.4.20250527162802/core_logsalvage-0.4.4.20250527162802.jar returned status 404
0.4.4.20250528115731			IOException: Tail request on https://maven-central.storage-download.googleapis.com/maven2/com/netease/cloudmusic/iotsdk/core_logsalvage/0.4.4.20250528115731/core_logsalvage-0.4.4.20250528115731.jar returned status 404
0.4.4.20250529102115			IOException: Tail request on https://maven-central.storage-download.googleapis.com/maven2/com/netease/cloudmusic/iotsdk/core_logsalvage/0.4.4.20250529102115/core_logsalvage-0.4.4.20250529102115.jar returned status 404
0.4.4.20250530104502			IOException: Tail request on https://maven-central.storage-download.googleapis.com/maven2/com/netease/cloudmusic/iotsdk/core_logsalvage/0.4.4.20250530104502/core_logsalvage-0.4.4.20250530104502.jar returned status 404
0.4.4.20250530162853			IOException: Tail request on https://maven-central.storage-download.googleapis.com/maven2/com/netease/cloudmusic/iotsdk/core_logsalvage/0.4.4.20250530162853/core_logsalvage-0.4.4.20250530162853.jar returned status 404
0.4.4.20250604151605			IOException: Tail request on https://maven-central.storage-download.googleapis.com/maven2/com/netease/cloudmusic/iotsdk/core_logsalvage/0.4.4.20250604151605/core_logsalvage-0.4.4.20250604151605.jar returned status 404
0.4.4.20250604170154			IOException: Tail request on https://maven-central.storage-download.googleapis.com/maven2/com/netease/cloudmusic/iotsdk/core_logsalvage/0.4.4.20250604170154/core_logsalvage-0.4.4.20250604170154.jar returned status 404
0.4.4.20250604185950			IOException: Tail request on https://maven-central.storage-download.googleapis.com/maven2/com/netease/cloudmusic/iotsdk/core_logsalvage/0.4.4.20250604185950/core_logsalvage-0.4.4.20250604185950.jar returned status 404
0.4.4.20250605191343			IOException: Tail request on https://maven-central.storage-download.googleapis.com/maven2/com/netease/cloudmusic/iotsdk/core_logsalvage/0.4.4.20250605191343/core_logsalvage-0.4.4.20250605191343.jar returned status 404
0.4.4.20250611110800			IOException: Tail request on https://maven-central.storage-download.googleapis.com/maven2/com/netease/cloudmusic/iotsdk/core_logsalvage/0.4.4.20250611110800/core_logsalvage-0.4.4.20250611110800.jar returned status 404
0.4.4.20250611132257			IOException: Tail request on https://maven-central.storage-download.googleapis.com/maven2/com/netease/cloudmusic/iotsdk/core_logsalvage/0.4.4.20250611132257/core_logsalvage-0.4.4.20250611132257.jar returned status 404
0.4.4.20250611155248			IOException: Tail request on https://maven-central.storage-download.googleapis.com/maven2/com/netease/cloudmusic/iotsdk/core_logsalvage/0.4.4.20250611155248/core_logsalvage-0.4.4.20250611155248.jar returned status 404
0.4.4.20250612144412			IOException: Tail request on https://maven-central.storage-download.googleapis.com/maven2/com/netease/cloudmusic/iotsdk/core_logsalvage/0.4.4.20250612144412/core_logsalvage-0.4.4.20250612144412.jar returned status 404
0.4.4.20250613140707			IOException: Tail request on https://maven-central.storage-download.googleapis.com/maven2/com/netease/cloudmusic/iotsdk/core_logsalvage/0.4.4.20250613140707/core_logsalvage-0.4.4.20250613140707.jar returned status 404
0.4.4.20250613161128			IOException: Tail request on https://maven-central.storage-download.googleapis.com/maven2/com/netease/cloudmusic/iotsdk/core_logsalvage/0.4.4.20250613161128/core_logsalvage-0.4.4.20250613161128.jar returned status 404
0.4.4.20250613161248			IOException: Tail request on https://maven-central.storage-download.googleapis.com/maven2/com/netease/cloudmusic/iotsdk/core_logsalvage/0.4.4.20250613161248/core_logsalvage-0.4.4.20250613161248.jar returned status 404
0.4.4.20250613165323			IOException: Tail request on https://maven-central.storage-download.googleapis.com/maven2/com/netease/cloudmusic/iotsdk/core_logsalvage/0.4.4.20250613165323/core_logsalvage-0.4.4.20250613165323.jar returned status 404
0.4.4.20250613190034			IOException: Tail request on https://maven-central.storage-download.googleapis.com/maven2/com/netease/cloudmusic/iotsdk/core_logsalvage/0.4.4.20250613190034/core_logsalvage-0.4.4.20250613190034.jar returned status 404
0.4.4.20250615201258			IOException: Tail request on https://maven-central.storage-download.googleapis.com/maven2/com/netease/cloudmusic/iotsdk/core_logsalvage/0.4.4.20250615201258/core_logsalvage-0.4.4.20250615201258.jar returned status 404
0.4.4.20250616111600			IOException: Tail request on https://maven-central.storage-download.googleapis.com/maven2/com/netease/cloudmusic/iotsdk/core_logsalvage/0.4.4.20250616111600/core_logsalvage-0.4.4.20250616111600.jar returned status 404
0.4.4.20250616191342			IOException: Tail request on https://maven-central.storage-download.googleapis.com/maven2/com/netease/cloudmusic/iotsdk/core_logsalvage/0.4.4.20250616191342/core_logsalvage-0.4.4.20250616191342.jar returned status 404
0.4.4.20250617202010			IOException: Tail request on https://maven-central.storage-download.googleapis.com/maven2/com/netease/cloudmusic/iotsdk/core_logsalvage/0.4.4.20250617202010/core_logsalvage-0.4.4.20250617202010.jar returned status 404
0.4.4.20250617210455			IOException: Tail request on https://maven-central.storage-download.googleapis.com/maven2/com/netease/cloudmusic/iotsdk/core_logsalvage/0.4.4.20250617210455/core_logsalvage-0.4.4.20250617210455.jar returned status 404
0.4.4.20250618172357			IOException: Tail request on https://maven-central.storage-download.googleapis.com/maven2/com/netease/cloudmusic/iotsdk/core_logsalvage/0.4.4.20250618172357/core_logsalvage-0.4.4.20250618172357.jar returned status 404
0.4.4.20250619170354			IOException: Tail request on https://maven-central.storage-download.googleapis.com/maven2/com/netease/cloudmusic/iotsdk/core_logsalvage/0.4.4.20250619170354/core_logsalvage-0.4.4.20250619170354.jar returned status 404
0.4.4.20250620121330			IOException: Tail request on https://maven-central.storage-download.googleapis.com/maven2/com/netease/cloudmusic/iotsdk/core_logsalvage/0.4.4.20250620121330/core_logsalvage-0.4.4.20250620121330.jar returned status 404
0.4.4.20250627102003			IOException: Tail request on https://maven-central.storage-download.googleapis.com/maven2/com/netease/cloudmusic/iotsdk/core_logsalvage/0.4.4.20250627102003/core_logsalvage-0.4.4.20250627102003.jar returned status 404
0.4.4.20250630134556			IOException: Tail request on https://maven-central.storage-download.googleapis.com/maven2/com/netease/cloudmusic/iotsdk/core_logsalvage/0.4.4.20250630134556/core_logsalvage-0.4.4.20250630134556.jar returned status 404
0.4.4.20250630135518			IOException: Tail request on https://maven-central.storage-download.googleapis.com/maven2/com/netease/cloudmusic/iotsdk/core_logsalvage/0.4.4.20250630135518/core_logsalvage-0.4.4.20250630135518.jar returned status 404
0.4.4.20250702123216			IOException: Tail request on https://maven-central.storage-download.googleapis.com/maven2/com/netease/cloudmusic/iotsdk/core_logsalvage/0.4.4.20250702123216/core_logsalvage-0.4.4.20250702123216.jar returned status 404
0.4.4.20250702135514			IOException: Tail request on https://maven-central.storage-download.googleapis.com/maven2/com/netease/cloudmusic/iotsdk/core_logsalvage/0.4.4.20250702135514/core_logsalvage-0.4.4.20250702135514.jar returned status 404
0.4.4.20250702144114			IOException: Tail request on https://maven-central.storage-download.googleapis.com/maven2/com/netease/cloudmusic/iotsdk/core_logsalvage/0.4.4.20250702144114/core_logsalvage-0.4.4.20250702144114.jar returned status 404
0.4.4.20250702153048			IOException: Tail request on https://maven-central.storage-download.googleapis.com/maven2/com/netease/cloudmusic/iotsdk/core_logsalvage/0.4.4.20250702153048/core_logsalvage-0.4.4.20250702153048.jar returned status 404
0.4.4.20250702184029			IOException: Tail request on https://maven-central.storage-download.googleapis.com/maven2/com/netease/cloudmusic/iotsdk/core_logsalvage/0.4.4.20250702184029/core_logsalvage-0.4.4.20250702184029.jar returned status 404
0.4.4.20250703215745			IOException: Tail request on https://maven-central.storage-download.googleapis.com/maven2/com/netease/cloudmusic/iotsdk/core_logsalvage/0.4.4.20250703215745/core_logsalvage-0.4.4.20250703215745.jar returned status 404
0.4.4.20250704184729			IOException: Tail request on https://maven-central.storage-download.googleapis.com/maven2/com/netease/cloudmusic/iotsdk/core_logsalvage/0.4.4.20250704184729/core_logsalvage-0.4.4.20250704184729.jar returned status 404
0.4.4.20250705182626			IOException: Tail request on https://maven-central.storage-download.googleapis.com/maven2/com/netease/cloudmusic/iotsdk/core_logsalvage/0.4.4.20250705182626/core_logsalvage-0.4.4.20250705182626.jar returned status 404
0.4.4.20250705185800			IOException: Tail request on https://maven-central.storage-download.googleapis.com/maven2/com/netease/cloudmusic/iotsdk/core_logsalvage/0.4.4.20250705185800/core_logsalvage-0.4.4.20250705185800.jar returned status 404
0.4.4.20250707164904			IOException: Tail request on https://maven-central.storage-download.googleapis.com/maven2/com/netease/cloudmusic/iotsdk/core_logsalvage/0.4.4.20250707164904/core_logsalvage-0.4.4.20250707164904.jar returned status 404
0.4.4.20250807142513			IOException: Tail request on https://maven-central.storage-download.googleapis.com/maven2/com/netease/cloudmusic/iotsdk/core_logsalvage/0.4.4.20250807142513/core_logsalvage-0.4.4.20250807142513.jar returned status 404
0.4.4.20250807143814			IOException: Tail request on https://maven-central.storage-download.googleapis.com/maven2/com/netease/cloudmusic/iotsdk/core_logsalvage/0.4.4.20250807143814/core_logsalvage-0.4.4.20250807143814.jar returned status 404
0.4.5.20250624121451			IOException: Tail request on https://maven-central.storage-download.googleapis.com/maven2/com/netease/cloudmusic/iotsdk/core_logsalvage/0.4.5.20250624121451/core_logsalvage-0.4.5.20250624121451.jar returned status 404
0.4.5.20250624142815			IOException: Tail request on https://maven-central.storage-download.googleapis.com/maven2/com/netease/cloudmusic/iotsdk/core_logsalvage/0.4.5.20250624142815/core_logsalvage-0.4.5.20250624142815.jar returned status 404
0.4.5.20250701190355			IOException: Tail request on https://maven-central.storage-download.googleapis.com/maven2/com/netease/cloudmusic/iotsdk/core_logsalvage/0.4.5.20250701190355/core_logsalvage-0.4.5.20250701190355.jar returned status 404
0.4.5.20250702113326			IOException: Tail request on https://maven-central.storage-download.googleapis.com/maven2/com/netease/cloudmusic/iotsdk/core_logsalvage/0.4.5.20250702113326/core_logsalvage-0.4.5.20250702113326.jar returned status 404
0.4.5.20250702195107			IOException: Tail request on https://maven-central.storage-download.googleapis.com/maven2/com/netease/cloudmusic/iotsdk/core_logsalvage/0.4.5.20250702195107/core_logsalvage-0.4.5.20250702195107.jar returned status 404
0.4.5.20250703121020			IOException: Tail request on https://maven-central.storage-download.googleapis.com/maven2/com/netease/cloudmusic/iotsdk/core_logsalvage/0.4.5.20250703121020/core_logsalvage-0.4.5.20250703121020.jar returned status 404
0.4.5.20250703141732			IOException: Tail request on https://maven-central.storage-download.googleapis.com/maven2/com/netease/cloudmusic/iotsdk/core_logsalvage/0.4.5.20250703141732/core_logsalvage-0.4.5.20250703141732.jar returned status 404
0.4.5.20250703160641			IOException: Tail request on https://maven-central.storage-download.googleapis.com/maven2/com/netease/cloudmusic/iotsdk/core_logsalvage/0.4.5.20250703160641/core_logsalvage-0.4.5.20250703160641.jar returned status 404
0.4.5.20250703163346			IOException: Tail request on https://maven-central.storage-download.googleapis.com/maven2/com/netease/cloudmusic/iotsdk/core_logsalvage/0.4.5.20250703163346/core_logsalvage-0.4.5.20250703163346.jar returned status 404
0.4.5.20250703183734			IOException: Tail request on https://maven-central.storage-download.googleapis.com/maven2/com/netease/cloudmusic/iotsdk/core_logsalvage/0.4.5.20250703183734/core_logsalvage-0.4.5.20250703183734.jar returned status 404
0.4.5.20250703190020			IOException: Tail request on https://maven-central.storage-download.googleapis.com/maven2/com/netease/cloudmusic/iotsdk/core_logsalvage/0.4.5.20250703190020/core_logsalvage-0.4.5.20250703190020.jar returned status 404
0.4.5.20250703205552			IOException: Tail request on https://maven-central.storage-download.googleapis.com/maven2/com/netease/cloudmusic/iotsdk/core_logsalvage/0.4.5.20250703205552/core_logsalvage-0.4.5.20250703205552.jar returned status 404
0.4.5.20250707112607			IOException: Tail request on https://maven-central.storage-download.googleapis.com/maven2/com/netease/cloudmusic/iotsdk/core_logsalvage/0.4.5.20250707112607/core_logsalvage-0.4.5.20250707112607.jar returned status 404
0.4.5.20250707120611			IOException: Tail request on https://maven-central.storage-download.googleapis.com/maven2/com/netease/cloudmusic/iotsdk/core_logsalvage/0.4.5.20250707120611/core_logsalvage-0.4.5.20250707120611.jar returned status 404
0.4.5.20250707153101			IOException: Tail request on https://maven-central.storage-download.googleapis.com/maven2/com/netease/cloudmusic/iotsdk/core_logsalvage/0.4.5.20250707153101/core_logsalvage-0.4.5.20250707153101.jar returned status 404
0.4.5.20250709174704			IOException: Tail request on https://maven-central.storage-download.googleapis.com/maven2/com/netease/cloudmusic/iotsdk/core_logsalvage/0.4.5.20250709174704/core_logsalvage-0.4.5.20250709174704.jar returned status 404
0.4.5.20250710153024			IOException: Tail request on https://maven-central.storage-download.googleapis.com/maven2/com/netease/cloudmusic/iotsdk/core_logsalvage/0.4.5.20250710153024/core_logsalvage-0.4.5.20250710153024.jar returned status 404
0.4.5.20250711114116			IOException: Tail request on https://maven-central.storage-download.googleapis.com/maven2/com/netease/cloudmusic/iotsdk/core_logsalvage/0.4.5.20250711114116/core_logsalvage-0.4.5.20250711114116.jar returned status 404
0.4.5.20250715134451			IOException: Tail request on https://maven-central.storage-download.googleapis.com/maven2/com/netease/cloudmusic/iotsdk/core_logsalvage/0.4.5.20250715134451/core_logsalvage-0.4.5.20250715134451.jar returned status 404
0.4.5.20250715163340			IOException: Tail request on https://maven-central.storage-download.googleapis.com/maven2/com/netease/cloudmusic/iotsdk/core_logsalvage/0.4.5.20250715163340/core_logsalvage-0.4.5.20250715163340.jar returned status 404
0.4.5.20250715173121			IOException: Tail request on https://maven-central.storage-download.googleapis.com/maven2/com/netease/cloudmusic/iotsdk/core_logsalvage/0.4.5.20250715173121/core_logsalvage-0.4.5.20250715173121.jar returned status 404
0.4.5.20250716112505			IOException: Tail request on https://maven-central.storage-download.googleapis.com/maven2/com/netease/cloudmusic/iotsdk/core_logsalvage/0.4.5.20250716112505/core_logsalvage-0.4.5.20250716112505.jar returned status 404
0.4.5.20250716172958			IOException: Tail request on https://maven-central.storage-download.googleapis.com/maven2/com/netease/cloudmusic/iotsdk/core_logsalvage/0.4.5.20250716172958/core_logsalvage-0.4.5.20250716172958.jar returned status 404
0.4.5.20250717114104			IOException: Tail request on https://maven-central.storage-download.googleapis.com/maven2/com/netease/cloudmusic/iotsdk/core_logsalvage/0.4.5.20250717114104/core_logsalvage-0.4.5.20250717114104.jar returned status 404
0.4.5.20250717160701			IOException: Tail request on https://maven-central.storage-download.googleapis.com/maven2/com/netease/cloudmusic/iotsdk/core_logsalvage/0.4.5.20250717160701/core_logsalvage-0.4.5.20250717160701.jar returned status 404
0.4.5.20250717165221			IOException: Tail request on https://maven-central.storage-download.googleapis.com/maven2/com/netease/cloudmusic/iotsdk/core_logsalvage/0.4.5.20250717165221/core_logsalvage-0.4.5.20250717165221.jar returned status 404
0.4.5.20250718140244			IOException: Tail request on https://maven-central.storage-download.googleapis.com/maven2/com/netease/cloudmusic/iotsdk/core_logsalvage/0.4.5.20250718140244/core_logsalvage-0.4.5.20250718140244.jar returned status 404
0.4.5.20250718175853			IOException: Tail request on https://maven-central.storage-download.googleapis.com/maven2/com/netease/cloudmusic/iotsdk/core_logsalvage/0.4.5.20250718175853/core_logsalvage-0.4.5.20250718175853.jar returned status 404
0.4.5.20250718201154			IOException: Tail request on https://maven-central.storage-download.googleapis.com/maven2/com/netease/cloudmusic/iotsdk/core_logsalvage/0.4.5.20250718201154/core_logsalvage-0.4.5.20250718201154.jar returned status 404
0.4.5.20250721150520			IOException: Tail request on https://maven-central.storage-download.googleapis.com/maven2/com/netease/cloudmusic/iotsdk/core_logsalvage/0.4.5.20250721150520/core_logsalvage-0.4.5.20250721150520.jar returned status 404
0.4.5.20250721150754			IOException: Tail request on https://maven-central.storage-download.googleapis.com/maven2/com/netease/cloudmusic/iotsdk/core_logsalvage/0.4.5.20250721150754/core_logsalvage-0.4.5.20250721150754.jar returned status 404
0.4.5.20250721175754			IOException: Tail request on https://maven-central.storage-download.googleapis.com/maven2/com/netease/cloudmusic/iotsdk/core_logsalvage/0.4.5.20250721175754/core_logsalvage-0.4.5.20250721175754.jar returned status 404
0.4.5.20250721180932			IOException: Tail request on https://maven-central.storage-download.googleapis.com/maven2/com/netease/cloudmusic/iotsdk/core_logsalvage/0.4.5.20250721180932/core_logsalvage-0.4.5.20250721180932.jar returned status 404
0.4.5.20250722095555			IOException: Tail request on https://maven-central.storage-download.googleapis.com/maven2/com/netease/cloudmusic/iotsdk/core_logsalvage/0.4.5.20250722095555/core_logsalvage-0.4.5.20250722095555.jar returned status 404
0.4.5.20250722100219			IOException: Tail request on https://maven-central.storage-download.googleapis.com/maven2/com/netease/cloudmusic/iotsdk/core_logsalvage/0.4.5.20250722100219/core_logsalvage-0.4.5.20250722100219.jar returned status 404
0.4.5.20250722101422			IOException: Tail request on https://maven-central.storage-download.googleapis.com/maven2/com/netease/cloudmusic/iotsdk/core_logsalvage/0.4.5.20250722101422/core_logsalvage-0.4.5.20250722101422.jar returned status 404
0.4.5.20250723165759			IOException: Tail request on https://maven-central.storage-download.googleapis.com/maven2/com/netease/cloudmusic/iotsdk/core_logsalvage/0.4.5.20250723165759/core_logsalvage-0.4.5.20250723165759.jar returned status 404
0.4.5.20250724102053			IOException: Tail request on https://maven-central.storage-download.googleapis.com/maven2/com/netease/cloudmusic/iotsdk/core_logsalvage/0.4.5.20250724102053/core_logsalvage-0.4.5.20250724102053.jar returned status 404
0.4.5.20250728100007			IOException: Tail request on https://maven-central.storage-download.googleapis.com/maven2/com/netease/cloudmusic/iotsdk/core_logsalvage/0.4.5.20250728100007/core_logsalvage-0.4.5.20250728100007.jar returned status 404
0.4.5.20250728104921			IOException: Tail request on https://maven-central.storage-download.googleapis.com/maven2/com/netease/cloudmusic/iotsdk/core_logsalvage/0.4.5.20250728104921/core_logsalvage-0.4.5.20250728104921.jar returned status 404
0.4.5.20250728165419			IOException: Tail request on https://maven-central.storage-download.googleapis.com/maven2/com/netease/cloudmusic/iotsdk/core_logsalvage/0.4.5.20250728165419/core_logsalvage-0.4.5.20250728165419.jar returned status 404
0.4.5.20250728175822			IOException: Tail request on https://maven-central.storage-download.googleapis.com/maven2/com/netease/cloudmusic/iotsdk/core_logsalvage/0.4.5.20250728175822/core_logsalvage-0.4.5.20250728175822.jar returned status 404
0.4.5.20250729105222			IOException: Tail request on https://maven-central.storage-download.googleapis.com/maven2/com/netease/cloudmusic/iotsdk/core_logsalvage/0.4.5.20250729105222/core_logsalvage-0.4.5.20250729105222.jar returned status 404
0.4.5.20250730094559			IOException: Tail request on https://maven-central.storage-download.googleapis.com/maven2/com/netease/cloudmusic/iotsdk/core_logsalvage/0.4.5.20250730094559/core_logsalvage-0.4.5.20250730094559.jar returned status 404
0.4.5.20250801112629			IOException: Tail request on https://maven-central.storage-download.googleapis.com/maven2/com/netease/cloudmusic/iotsdk/core_logsalvage/0.4.5.20250801112629/core_logsalvage-0.4.5.20250801112629.jar returned status 404
0.4.5.20250801152338			IOException: Tail request on https://maven-central.storage-download.googleapis.com/maven2/com/netease/cloudmusic/iotsdk/core_logsalvage/0.4.5.20250801152338/core_logsalvage-0.4.5.20250801152338.jar returned status 404
0.4.5.20250801153819			IOException: Tail request on https://maven-central.storage-download.googleapis.com/maven2/com/netease/cloudmusic/iotsdk/core_logsalvage/0.4.5.20250801153819/core_logsalvage-0.4.5.20250801153819.jar returned status 404
0.4.5.20250805151351			IOException: Tail request on https://maven-central.storage-download.googleapis.com/maven2/com/netease/cloudmusic/iotsdk/core_logsalvage/0.4.5.20250805151351/core_logsalvage-0.4.5.20250805151351.jar returned status 404
0.4.5.20250806101227			IOException: Tail request on https://maven-central.storage-download.googleapis.com/maven2/com/netease/cloudmusic/iotsdk/core_logsalvage/0.4.5.20250806101227/core_logsalvage-0.4.5.20250806101227.jar returned status 404
0.4.5.20250806114232			IOException: Tail request on https://maven-central.storage-download.googleapis.com/maven2/com/netease/cloudmusic/iotsdk/core_logsalvage/0.4.5.20250806114232/core_logsalvage-0.4.5.20250806114232.jar returned status 404
0.4.5.20250808171613			IOException: Tail request on https://maven-central.storage-download.googleapis.com/maven2/com/netease/cloudmusic/iotsdk/core_logsalvage/0.4.5.20250808171613/core_logsalvage-0.4.5.20250808171613.jar returned status 404
0.4.5.20250811143139			IOException: Tail request on https://maven-central.storage-download.googleapis.com/maven2/com/netease/cloudmusic/iotsdk/core_logsalvage/0.4.5.20250811143139/core_logsalvage-0.4.5.20250811143139.jar returned status 404
0.4.5.20250811162606			IOException: Tail request on https://maven-central.storage-download.googleapis.com/maven2/com/netease/cloudmusic/iotsdk/core_logsalvage/0.4.5.20250811162606/core_logsalvage-0.4.5.20250811162606.jar returned status 404
0.4.5.20250811171128			IOException: Tail request on https://maven-central.storage-download.googleapis.com/maven2/com/netease/cloudmusic/iotsdk/core_logsalvage/0.4.5.20250811171128/core_logsalvage-0.4.5.20250811171128.jar returned status 404
0.4.5.20250812115025			IOException: Tail request on https://maven-central.storage-download.googleapis.com/maven2/com/netease/cloudmusic/iotsdk/core_logsalvage/0.4.5.20250812115025/core_logsalvage-0.4.5.20250812115025.jar returned status 404
0.4.5.20250813113306			IOException: Tail request on https://maven-central.storage-download.googleapis.com/maven2/com/netease/cloudmusic/iotsdk/core_logsalvage/0.4.5.20250813113306/core_logsalvage-0.4.5.20250813113306.jar returned status 404
0.4.5.20250813142309			IOException: Tail request on https://maven-central.storage-download.googleapis.com/maven2/com/netease/cloudmusic/iotsdk/core_logsalvage/0.4.5.20250813142309/core_logsalvage-0.4.5.20250813142309.jar returned status 404
0.4.5.20250813154932			IOException: Tail request on https://maven-central.storage-download.googleapis.com/maven2/com/netease/cloudmusic/iotsdk/core_logsalvage/0.4.5.20250813154932/core_logsalvage-0.4.5.20250813154932.jar returned status 404
0.4.5.20250813171018			IOException: Tail request on https://maven-central.storage-download.googleapis.com/maven2/com/netease/cloudmusic/iotsdk/core_logsalvage/0.4.5.20250813171018/core_logsalvage-0.4.5.20250813171018.jar returned status 404
0.4.5.20250814105531			IOException: Tail request on https://maven-central.storage-download.googleapis.com/maven2/com/netease/cloudmusic/iotsdk/core_logsalvage/0.4.5.20250814105531/core_logsalvage-0.4.5.20250814105531.jar returned status 404
0.4.5.20250819165636			IOException: Tail request on https://maven-central.storage-download.googleapis.com/maven2/com/netease/cloudmusic/iotsdk/core_logsalvage/0.4.5.20250819165636/core_logsalvage-0.4.5.20250819165636.jar returned status 404
0.4.5.20250819175948			IOException: Tail request on https://maven-central.storage-download.googleapis.com/maven2/com/netease/cloudmusic/iotsdk/core_logsalvage/0.4.5.20250819175948/core_logsalvage-0.4.5.20250819175948.jar returned status 404
0.4.5.20250819182346			IOException: Tail request on https://maven-central.storage-download.googleapis.com/maven2/com/netease/cloudmusic/iotsdk/core_logsalvage/0.4.5.20250819182346/core_logsalvage-0.4.5.20250819182346.jar returned status 404
0.4.5.20250819183538			IOException: Tail request on https://maven-central.storage-download.googleapis.com/maven2/com/netease/cloudmusic/iotsdk/core_logsalvage/0.4.5.20250819183538/core_logsalvage-0.4.5.20250819183538.jar returned status 404
0.4.5.20250819185332			IOException: Tail request on https://maven-central.storage-download.googleapis.com/maven2/com/netease/cloudmusic/iotsdk/core_logsalvage/0.4.5.20250819185332/core_logsalvage-0.4.5.20250819185332.jar returned status 404
0.4.5.20250819205043			IOException: Tail request on https://maven-central.storage-download.googleapis.com/maven2/com/netease/cloudmusic/iotsdk/core_logsalvage/0.4.5.20250819205043/core_logsalvage-0.4.5.20250819205043.jar returned status 404
0.4.5.20250820100449			IOException: Tail request on https://maven-central.storage-download.googleapis.com/maven2/com/netease/cloudmusic/iotsdk/core_logsalvage/0.4.5.20250820100449/core_logsalvage-0.4.5.20250820100449.jar returned status 404
0.4.5.20250820130607			IOException: Tail request on https://maven-central.storage-download.googleapis.com/maven2/com/netease/cloudmusic/iotsdk/core_logsalvage/0.4.5.20250820130607/core_logsalvage-0.4.5.20250820130607.jar returned status 404
0.4.5.20250820135856			IOException: Tail request on https://maven-central.storage-download.googleapis.com/maven2/com/netease/cloudmusic/iotsdk/core_logsalvage/0.4.5.20250820135856/core_logsalvage-0.4.5.20250820135856.jar returned status 404
0.4.5.20250820140923			IOException: Tail request on https://maven-central.storage-download.googleapis.com/maven2/com/netease/cloudmusic/iotsdk/core_logsalvage/0.4.5.20250820140923/core_logsalvage-0.4.5.20250820140923.jar returned status 404
0.4.5.20250820142027			IOException: Tail request on https://maven-central.storage-download.googleapis.com/maven2/com/netease/cloudmusic/iotsdk/core_logsalvage/0.4.5.20250820142027/core_logsalvage-0.4.5.20250820142027.jar returned status 404
0.4.5.20250820144315			IOException: Tail request on https://maven-central.storage-download.googleapis.com/maven2/com/netease/cloudmusic/iotsdk/core_logsalvage/0.4.5.20250820144315/core_logsalvage-0.4.5.20250820144315.jar returned status 404
0.4.5.20250820160820			IOException: Tail request on https://maven-central.storage-download.googleapis.com/maven2/com/netease/cloudmusic/iotsdk/core_logsalvage/0.4.5.20250820160820/core_logsalvage-0.4.5.20250820160820.jar returned status 404
0.4.5.20250820174246			IOException: Tail request on https://maven-central.storage-download.googleapis.com/maven2/com/netease/cloudmusic/iotsdk/core_logsalvage/0.4.5.20250820174246/core_logsalvage-0.4.5.20250820174246.jar returned status 404
0.4.5.20250820180955			IOException: Tail request on https://maven-central.storage-download.googleapis.com/maven2/com/netease/cloudmusic/iotsdk/core_logsalvage/0.4.5.20250820180955/core_logsalvage-0.4.5.20250820180955.jar returned status 404
0.4.5.20250825153319			IOException: Tail request on https://maven-central.storage-download.googleapis.com/maven2/com/netease/cloudmusic/iotsdk/core_logsalvage/0.4.5.20250825153319/core_logsalvage-0.4.5.20250825153319.jar returned status 404
0.4.5.20250825160319			IOException: Tail request on https://maven-central.storage-download.googleapis.com/maven2/com/netease/cloudmusic/iotsdk/core_logsalvage/0.4.5.20250825160319/core_logsalvage-0.4.5.20250825160319.jar returned status 404
0.4.5.20250825165836			IOException: Tail request on https://maven-central.storage-download.googleapis.com/maven2/com/netease/cloudmusic/iotsdk/core_logsalvage/0.4.5.20250825165836/core_logsalvage-0.4.5.20250825165836.jar returned status 404
0.4.5.20250827103617			IOException: Tail request on https://maven-central.storage-download.googleapis.com/maven2/com/netease/cloudmusic/iotsdk/core_logsalvage/0.4.5.20250827103617/core_logsalvage-0.4.5.20250827103617.jar returned status 404
0.4.5.20250827105354			IOException: Tail request on https://maven-central.storage-download.googleapis.com/maven2/com/netease/cloudmusic/iotsdk/core_logsalvage/0.4.5.20250827105354/core_logsalvage-0.4.5.20250827105354.jar returned status 404
0.4.5.20250827151926			IOException: Tail request on https://maven-central.storage-download.googleapis.com/maven2/com/netease/cloudmusic/iotsdk/core_logsalvage/0.4.5.20250827151926/core_logsalvage-0.4.5.20250827151926.jar returned status 404
0.4.5.20250827163233			IOException: Tail request on https://maven-central.storage-download.googleapis.com/maven2/com/netease/cloudmusic/iotsdk/core_logsalvage/0.4.5.20250827163233/core_logsalvage-0.4.5.20250827163233.jar returned status 404
0.4.5.20250901151502			IOException: Tail request on https://maven-central.storage-download.googleapis.com/maven2/com/netease/cloudmusic/iotsdk/core_logsalvage/0.4.5.20250901151502/core_logsalvage-0.4.5.20250901151502.jar returned status 404
0.4.5.20250901164532			IOException: Tail request on https://maven-central.storage-download.googleapis.com/maven2/com/netease/cloudmusic/iotsdk/core_logsalvage/0.4.5.20250901164532/core_logsalvage-0.4.5.20250901164532.jar returned status 404
0.4.5.20250902153227			IOException: Tail request on https://maven-central.storage-download.googleapis.com/maven2/com/netease/cloudmusic/iotsdk/core_logsalvage/0.4.5.20250902153227/core_logsalvage-0.4.5.20250902153227.jar returned status 404
0.4.5.20250902183820			IOException: Tail request on https://maven-central.storage-download.googleapis.com/maven2/com/netease/cloudmusic/iotsdk/core_logsalvage/0.4.5.20250902183820/core_logsalvage-0.4.5.20250902183820.jar returned status 404
0.4.5.20250904111128			IOException: Tail request on https://maven-central.storage-download.googleapis.com/maven2/com/netease/cloudmusic/iotsdk/core_logsalvage/0.4.5.20250904111128/core_logsalvage-0.4.5.20250904111128.jar returned status 404
0.4.5.20250905131908			IOException: Tail request on https://maven-central.storage-download.googleapis.com/maven2/com/netease/cloudmusic/iotsdk/core_logsalvage/0.4.5.20250905131908/core_logsalvage-0.4.5.20250905131908.jar returned status 404
0.4.5.20250905141528			IOException: Tail request on https://maven-central.storage-download.googleapis.com/maven2/com/netease/cloudmusic/iotsdk/core_logsalvage/0.4.5.20250905141528/core_logsalvage-0.4.5.20250905141528.jar returned status 404
0.4.5.20250908123616			IOException: Tail request on https://maven-central.storage-download.googleapis.com/maven2/com/netease/cloudmusic/iotsdk/core_logsalvage/0.4.5.20250908123616/core_logsalvage-0.4.5.20250908123616.jar returned status 404
0.4.5.20250908142449			IOException: Tail request on https://maven-central.storage-download.googleapis.com/maven2/com/netease/cloudmusic/iotsdk/core_logsalvage/0.4.5.20250908142449/core_logsalvage-0.4.5.20250908142449.jar returned status 404
0.4.5.20250908152749			IOException: Tail request on https://maven-central.storage-download.googleapis.com/maven2/com/netease/cloudmusic/iotsdk/core_logsalvage/0.4.5.20250908152749/core_logsalvage-0.4.5.20250908152749.jar returned status 404
0.4.5.20250908171841			IOException: Tail request on https://maven-central.storage-download.googleapis.com/maven2/com/netease/cloudmusic/iotsdk/core_logsalvage/0.4.5.20250908171841/core_logsalvage-0.4.5.20250908171841.jar returned status 404
0.4.5.20250908174057			IOException: Tail request on https://maven-central.storage-download.googleapis.com/maven2/com/netease/cloudmusic/iotsdk/core_logsalvage/0.4.5.20250908174057/core_logsalvage-0.4.5.20250908174057.jar returned status 404
0.4.5.20250911105136			IOException: Tail request on https://maven-central.storage-download.googleapis.com/maven2/com/netease/cloudmusic/iotsdk/core_logsalvage/0.4.5.20250911105136/core_logsalvage-0.4.5.20250911105136.jar returned status 404
0.4.5.20250911150350			IOException: Tail request on https://maven-central.storage-download.googleapis.com/maven2/com/netease/cloudmusic/iotsdk/core_logsalvage/0.4.5.20250911150350/core_logsalvage-0.4.5.20250911150350.jar returned status 404
0.4.5.20250911162139			IOException: Tail request on https://maven-central.storage-download.googleapis.com/maven2/com/netease/cloudmusic/iotsdk/core_logsalvage/0.4.5.20250911162139/core_logsalvage-0.4.5.20250911162139.jar returned status 404
0.4.5.20250917112629			IOException: Tail request on https://maven-central.storage-download.googleapis.com/maven2/com/netease/cloudmusic/iotsdk/core_logsalvage/0.4.5.20250917112629/core_logsalvage-0.4.5.20250917112629.jar returned status 404
0.4.5.20250917160854			IOException: Tail request on https://maven-central.storage-download.googleapis.com/maven2/com/netease/cloudmusic/iotsdk/core_logsalvage/0.4.5.20250917160854/core_logsalvage-0.4.5.20250917160854.jar returned status 404
0.4.5.20250918110115			IOException: Tail request on https://maven-central.storage-download.googleapis.com/maven2/com/netease/cloudmusic/iotsdk/core_logsalvage/0.4.5.20250918110115/core_logsalvage-0.4.5.20250918110115.jar returned status 404
0.4.5.20250919100723			IOException: Tail request on https://maven-central.storage-download.googleapis.com/maven2/com/netease/cloudmusic/iotsdk/core_logsalvage/0.4.5.20250919100723/core_logsalvage-0.4.5.20250919100723.jar returned status 404
0.4.5.20250923141154			IOException: Tail request on https://maven-central.storage-download.googleapis.com/maven2/com/netease/cloudmusic/iotsdk/core_logsalvage/0.4.5.20250923141154/core_logsalvage-0.4.5.20250923141154.jar returned status 404
0.4.5.20250928135645			IOException: Tail request on https://maven-central.storage-download.googleapis.com/maven2/com/netease/cloudmusic/iotsdk/core_logsalvage/0.4.5.20250928135645/core_logsalvage-0.4.5.20250928135645.jar returned status 404
0.4.5.20251015110616			IOException: Tail request on https://maven-central.storage-download.googleapis.com/maven2/com/netease/cloudmusic/iotsdk/core_logsalvage/0.4.5.20251015110616/core_logsalvage-0.4.5.20251015110616.jar returned status 404
0.4.5.20251016101234			IOException: Tail request on https://maven-central.storage-download.googleapis.com/maven2/com/netease/cloudmusic/iotsdk/core_logsalvage/0.4.5.20251016101234/core_logsalvage-0.4.5.20251016101234.jar returned status 404
0.4.5.20251016112309			IOException: Tail request on https://maven-central.storage-download.googleapis.com/maven2/com/netease/cloudmusic/iotsdk/core_logsalvage/0.4.5.20251016112309/core_logsalvage-0.4.5.20251016112309.jar returned status 404
0.4.5.20251016112525			IOException: Tail request on https://maven-central.storage-download.googleapis.com/maven2/com/netease/cloudmusic/iotsdk/core_logsalvage/0.4.5.20251016112525/core_logsalvage-0.4.5.20251016112525.jar returned status 404
0.4.5.20251016165220			IOException: Tail request on https://maven-central.storage-download.googleapis.com/maven2/com/netease/cloudmusic/iotsdk/core_logsalvage/0.4.5.20251016165220/core_logsalvage-0.4.5.20251016165220.jar returned status 404
0.4.5.20251016170154			IOException: Tail request on https://maven-central.storage-download.googleapis.com/maven2/com/netease/cloudmusic/iotsdk/core_logsalvage/0.4.5.20251016170154/core_logsalvage-0.4.5.20251016170154.jar returned status 404
0.4.5.20251016191934			IOException: Tail request on https://maven-central.storage-download.googleapis.com/maven2/com/netease/cloudmusic/iotsdk/core_logsalvage/0.4.5.20251016191934/core_logsalvage-0.4.5.20251016191934.jar returned status 404
0.4.5.20251017190011			IOException: Tail request on https://maven-central.storage-download.googleapis.com/maven2/com/netease/cloudmusic/iotsdk/core_logsalvage/0.4.5.20251017190011/core_logsalvage-0.4.5.20251017190011.jar returned status 404
0.4.5.20251017204412			IOException: Tail request on https://maven-central.storage-download.googleapis.com/maven2/com/netease/cloudmusic/iotsdk/core_logsalvage/0.4.5.20251017204412/core_logsalvage-0.4.5.20251017204412.jar returned status 404
0.4.5.20251020121103			IOException: Tail request on https://maven-central.storage-download.googleapis.com/maven2/com/netease/cloudmusic/iotsdk/core_logsalvage/0.4.5.20251020121103/core_logsalvage-0.4.5.20251020121103.jar returned status 404
0.4.5.20251020133429			IOException: Tail request on https://maven-central.storage-download.googleapis.com/maven2/com/netease/cloudmusic/iotsdk/core_logsalvage/0.4.5.20251020133429/core_logsalvage-0.4.5.20251020133429.jar returned status 404
0.4.5.20251020144625			IOException: Tail request on https://maven-central.storage-download.googleapis.com/maven2/com/netease/cloudmusic/iotsdk/core_logsalvage/0.4.5.20251020144625/core_logsalvage-0.4.5.20251020144625.jar returned status 404
0.4.5.20251020154022			IOException: Tail request on https://maven-central.storage-download.googleapis.com/maven2/com/netease/cloudmusic/iotsdk/core_logsalvage/0.4.5.20251020154022/core_logsalvage-0.4.5.20251020154022.jar returned status 404
0.4.5.20251021093307			IOException: Tail request on https://maven-central.storage-download.googleapis.com/maven2/com/netease/cloudmusic/iotsdk/core_logsalvage/0.4.5.20251021093307/core_logsalvage-0.4.5.20251021093307.jar returned status 404
0.4.5.20251022145516			IOException: Tail request on https://maven-central.storage-download.googleapis.com/maven2/com/netease/cloudmusic/iotsdk/core_logsalvage/0.4.5.20251022145516/core_logsalvage-0.4.5.20251022145516.jar returned status 404
0.4.5.20251022150238			IOException: Tail request on https://maven-central.storage-download.googleapis.com/maven2/com/netease/cloudmusic/iotsdk/core_logsalvage/0.4.5.20251022150238/core_logsalvage-0.4.5.20251022150238.jar returned status 404
0.4.5.20251022175934			IOException: Tail request on https://maven-central.storage-download.googleapis.com/maven2/com/netease/cloudmusic/iotsdk/core_logsalvage/0.4.5.20251022175934/core_logsalvage-0.4.5.20251022175934.jar returned status 404
0.4.5.20251022194406			IOException: Tail request on https://maven-central.storage-download.googleapis.com/maven2/com/netease/cloudmusic/iotsdk/core_logsalvage/0.4.5.20251022194406/core_logsalvage-0.4.5.20251022194406.jar returned status 404
0.4.5.20251027105043			IOException: Tail request on https://maven-central.storage-download.googleapis.com/maven2/com/netease/cloudmusic/iotsdk/core_logsalvage/0.4.5.20251027105043/core_logsalvage-0.4.5.20251027105043.jar returned status 404
0.4.5.20251027110028			IOException: Tail request on https://maven-central.storage-download.googleapis.com/maven2/com/netease/cloudmusic/iotsdk/core_logsalvage/0.4.5.20251027110028/core_logsalvage-0.4.5.20251027110028.jar returned status 404
0.4.5.20251027120057			IOException: Tail request on https://maven-central.storage-download.googleapis.com/maven2/com/netease/cloudmusic/iotsdk/core_logsalvage/0.4.5.20251027120057/core_logsalvage-0.4.5.20251027120057.jar returned status 404
0.4.5.20251027132938			IOException: Tail request on https://maven-central.storage-download.googleapis.com/maven2/com/netease/cloudmusic/iotsdk/core_logsalvage/0.4.5.20251027132938/core_logsalvage-0.4.5.20251027132938.jar returned status 404
0.4.5.20251027144427			IOException: Tail request on https://maven-central.storage-download.googleapis.com/maven2/com/netease/cloudmusic/iotsdk/core_logsalvage/0.4.5.20251027144427/core_logsalvage-0.4.5.20251027144427.jar returned status 404
0.4.5.20251027200641			IOException: Tail request on https://maven-central.storage-download.googleapis.com/maven2/com/netease/cloudmusic/iotsdk/core_logsalvage/0.4.5.20251027200641/core_logsalvage-0.4.5.20251027200641.jar returned status 404
0.4.5.20251027221700			IOException: Tail request on https://maven-central.storage-download.googleapis.com/maven2/com/netease/cloudmusic/iotsdk/core_logsalvage/0.4.5.20251027221700/core_logsalvage-0.4.5.20251027221700.jar returned status 404
0.4.5.20251027225342			IOException: Tail request on https://maven-central.storage-download.googleapis.com/maven2/com/netease/cloudmusic/iotsdk/core_logsalvage/0.4.5.20251027225342/core_logsalvage-0.4.5.20251027225342.jar returned status 404
0.4.5.20251028111225			IOException: Tail request on https://maven-central.storage-download.googleapis.com/maven2/com/netease/cloudmusic/iotsdk/core_logsalvage/0.4.5.20251028111225/core_logsalvage-0.4.5.20251028111225.jar returned status 404
0.4.5.20251030181831			IOException: Tail request on https://maven-central.storage-download.googleapis.com/maven2/com/netease/cloudmusic/iotsdk/core_logsalvage/0.4.5.20251030181831/core_logsalvage-0.4.5.20251030181831.jar returned status 404
0.4.5.20251103111554			IOException: Tail request on https://maven-central.storage-download.googleapis.com/maven2/com/netease/cloudmusic/iotsdk/core_logsalvage/0.4.5.20251103111554/core_logsalvage-0.4.5.20251103111554.jar returned status 404
0.4.5.20251103142729			IOException: Tail request on https://maven-central.storage-download.googleapis.com/maven2/com/netease/cloudmusic/iotsdk/core_logsalvage/0.4.5.20251103142729/core_logsalvage-0.4.5.20251103142729.jar returned status 404
0.4.5.20251104110446			IOException: Tail request on https://maven-central.storage-download.googleapis.com/maven2/com/netease/cloudmusic/iotsdk/core_logsalvage/0.4.5.20251104110446/core_logsalvage-0.4.5.20251104110446.jar returned status 404
0.4.5.20251105181155			IOException: Tail request on https://maven-central.storage-download.googleapis.com/maven2/com/netease/cloudmusic/iotsdk/core_logsalvage/0.4.5.20251105181155/core_logsalvage-0.4.5.20251105181155.jar returned status 404
0.4.5.20251105195744			IOException: Tail request on https://maven-central.storage-download.googleapis.com/maven2/com/netease/cloudmusic/iotsdk/core_logsalvage/0.4.5.20251105195744/core_logsalvage-0.4.5.20251105195744.jar returned status 404
0.4.5.20251105205859			IOException: Tail request on https://maven-central.storage-download.googleapis.com/maven2/com/netease/cloudmusic/iotsdk/core_logsalvage/0.4.5.20251105205859/core_logsalvage-0.4.5.20251105205859.jar returned status 404
0.4.5.20251107113155			IOException: Tail request on https://maven-central.storage-download.googleapis.com/maven2/com/netease/cloudmusic/iotsdk/core_logsalvage/0.4.5.20251107113155/core_logsalvage-0.4.5.20251107113155.jar returned status 404
0.4.5.20251107142517			IOException: Tail request on https://maven-central.storage-download.googleapis.com/maven2/com/netease/cloudmusic/iotsdk/core_logsalvage/0.4.5.20251107142517/core_logsalvage-0.4.5.20251107142517.jar returned status 404
0.4.5.20251112182348			IOException: Tail request on https://maven-central.storage-download.googleapis.com/maven2/com/netease/cloudmusic/iotsdk/core_logsalvage/0.4.5.20251112182348/core_logsalvage-0.4.5.20251112182348.jar returned status 404
0.4.5.20251113141656			IOException: Tail request on https://maven-central.storage-download.googleapis.com/maven2/com/netease/cloudmusic/iotsdk/core_logsalvage/0.4.5.20251113141656/core_logsalvage-0.4.5.20251113141656.jar returned status 404
0.4.5.20251113164517			IOException: Tail request on https://maven-central.storage-download.googleapis.com/maven2/com/netease/cloudmusic/iotsdk/core_logsalvage/0.4.5.20251113164517/core_logsalvage-0.4.5.20251113164517.jar returned status 404
0.4.5.20251114150901			IOException: Tail request on https://maven-central.storage-download.googleapis.com/maven2/com/netease/cloudmusic/iotsdk/core_logsalvage/0.4.5.20251114150901/core_logsalvage-0.4.5.20251114150901.jar returned status 404
0.4.5.20251114152639			IOException: Tail request on https://maven-central.storage-download.googleapis.com/maven2/com/netease/cloudmusic/iotsdk/core_logsalvage/0.4.5.20251114152639/core_logsalvage-0.4.5.20251114152639.jar returned status 404
0.4.5.20251117170443			IOException: Tail request on https://maven-central.storage-download.googleapis.com/maven2/com/netease/cloudmusic/iotsdk/core_logsalvage/0.4.5.20251117170443/core_logsalvage-0.4.5.20251117170443.jar returned status 404
0.4.5.20251118140106			IOException: Tail request on https://maven-central.storage-download.googleapis.com/maven2/com/netease/cloudmusic/iotsdk/core_logsalvage/0.4.5.20251118140106/core_logsalvage-0.4.5.20251118140106.jar returned status 404
0.4.5.20251118182319			IOException: Tail request on https://maven-central.storage-download.googleapis.com/maven2/com/netease/cloudmusic/iotsdk/core_logsalvage/0.4.5.20251118182319/core_logsalvage-0.4.5.20251118182319.jar returned status 404
0.4.5.20251120122607			IOException: Tail request on https://maven-central.storage-download.googleapis.com/maven2/com/netease/cloudmusic/iotsdk/core_logsalvage/0.4.5.20251120122607/core_logsalvage-0.4.5.20251120122607.jar returned status 404
0.4.5.20251120143149			IOException: Tail request on https://maven-central.storage-download.googleapis.com/maven2/com/netease/cloudmusic/iotsdk/core_logsalvage/0.4.5.20251120143149/core_logsalvage-0.4.5.20251120143149.jar returned status 404
0.4.5.20251120151205			IOException: Tail request on https://maven-central.storage-download.googleapis.com/maven2/com/netease/cloudmusic/iotsdk/core_logsalvage/0.4.5.20251120151205/core_logsalvage-0.4.5.20251120151205.jar returned status 404
0.4.5.20251121185328			IOException: Tail request on https://maven-central.storage-download.googleapis.com/maven2/com/netease/cloudmusic/iotsdk/core_logsalvage/0.4.5.20251121185328/core_logsalvage-0.4.5.20251121185328.jar returned status 404
0.4.5.20251121190858			IOException: Tail request on https://maven-central.storage-download.googleapis.com/maven2/com/netease/cloudmusic/iotsdk/core_logsalvage/0.4.5.20251121190858/core_logsalvage-0.4.5.20251121190858.jar returned status 404
0.4.5.20251121191843			IOException: Tail request on https://maven-central.storage-download.googleapis.com/maven2/com/netease/cloudmusic/iotsdk/core_logsalvage/0.4.5.20251121191843/core_logsalvage-0.4.5.20251121191843.jar returned status 404
0.4.5.20251124102301			IOException: Tail request on https://maven-central.storage-download.googleapis.com/maven2/com/netease/cloudmusic/iotsdk/core_logsalvage/0.4.5.20251124102301/core_logsalvage-0.4.5.20251124102301.jar returned status 404
0.4.5.20251124111643			IOException: Tail request on https://maven-central.storage-download.googleapis.com/maven2/com/netease/cloudmusic/iotsdk/core_logsalvage/0.4.5.20251124111643/core_logsalvage-0.4.5.20251124111643.jar returned status 404
0.4.5.20251124175844			IOException: Tail request on https://maven-central.storage-download.googleapis.com/maven2/com/netease/cloudmusic/iotsdk/core_logsalvage/0.4.5.20251124175844/core_logsalvage-0.4.5.20251124175844.jar returned status 404
0.4.5.20251124184619			IOException: Tail request on https://maven-central.storage-download.googleapis.com/maven2/com/netease/cloudmusic/iotsdk/core_logsalvage/0.4.5.20251124184619/core_logsalvage-0.4.5.20251124184619.jar returned status 404
0.4.5.20251126144447			IOException: Tail request on https://maven-central.storage-download.googleapis.com/maven2/com/netease/cloudmusic/iotsdk/core_logsalvage/0.4.5.20251126144447/core_logsalvage-0.4.5.20251126144447.jar returned status 404
0.4.5.20251126150306			IOException: Tail request on https://maven-central.storage-download.googleapis.com/maven2/com/netease/cloudmusic/iotsdk/core_logsalvage/0.4.5.20251126150306/core_logsalvage-0.4.5.20251126150306.jar returned status 404
0.4.5.20251126164326			IOException: Tail request on https://maven-central.storage-download.googleapis.com/maven2/com/netease/cloudmusic/iotsdk/core_logsalvage/0.4.5.20251126164326/core_logsalvage-0.4.5.20251126164326.jar returned status 404
0.4.5.20251126170939			IOException: Tail request on https://maven-central.storage-download.googleapis.com/maven2/com/netease/cloudmusic/iotsdk/core_logsalvage/0.4.5.20251126170939/core_logsalvage-0.4.5.20251126170939.jar returned status 404
0.4.5.20251126173245			IOException: Tail request on https://maven-central.storage-download.googleapis.com/maven2/com/netease/cloudmusic/iotsdk/core_logsalvage/0.4.5.20251126173245/core_logsalvage-0.4.5.20251126173245.jar returned status 404
0.4.5.20251126180229			IOException: Tail request on https://maven-central.storage-download.googleapis.com/maven2/com/netease/cloudmusic/iotsdk/core_logsalvage/0.4.5.20251126180229/core_logsalvage-0.4.5.20251126180229.jar returned status 404
0.4.5.20251126181402			IOException: Tail request on https://maven-central.storage-download.googleapis.com/maven2/com/netease/cloudmusic/iotsdk/core_logsalvage/0.4.5.20251126181402/core_logsalvage-0.4.5.20251126181402.jar returned status 404
0.4.5.20251126194931			IOException: Tail request on https://maven-central.storage-download.googleapis.com/maven2/com/netease/cloudmusic/iotsdk/core_logsalvage/0.4.5.20251126194931/core_logsalvage-0.4.5.20251126194931.jar returned status 404
0.4.5.20251126200505			IOException: Tail request on https://maven-central.storage-download.googleapis.com/maven2/com/netease/cloudmusic/iotsdk/core_logsalvage/0.4.5.20251126200505/core_logsalvage-0.4.5.20251126200505.jar returned status 404
0.4.5.20251126202148			IOException: Tail request on https://maven-central.storage-download.googleapis.com/maven2/com/netease/cloudmusic/iotsdk/core_logsalvage/0.4.5.20251126202148/core_logsalvage-0.4.5.20251126202148.jar returned status 404
0.4.5.20251126203937			IOException: Tail request on https://maven-central.storage-download.googleapis.com/maven2/com/netease/cloudmusic/iotsdk/core_logsalvage/0.4.5.20251126203937/core_logsalvage-0.4.5.20251126203937.jar returned status 404
0.4.5.20251127101232			IOException: Tail request on https://maven-central.storage-download.googleapis.com/maven2/com/netease/cloudmusic/iotsdk/core_logsalvage/0.4.5.20251127101232/core_logsalvage-0.4.5.20251127101232.jar returned status 404
0.4.5.20251127105033			IOException: Tail request on https://maven-central.storage-download.googleapis.com/maven2/com/netease/cloudmusic/iotsdk/core_logsalvage/0.4.5.20251127105033/core_logsalvage-0.4.5.20251127105033.jar returned status 404
0.4.5.20251127142148			IOException: Tail request on https://maven-central.storage-download.googleapis.com/maven2/com/netease/cloudmusic/iotsdk/core_logsalvage/0.4.5.20251127142148/core_logsalvage-0.4.5.20251127142148.jar returned status 404
0.4.5.20251127151702			IOException: Tail request on https://maven-central.storage-download.googleapis.com/maven2/com/netease/cloudmusic/iotsdk/core_logsalvage/0.4.5.20251127151702/core_logsalvage-0.4.5.20251127151702.jar returned status 404
0.4.5.20251127194918			IOException: Tail request on https://maven-central.storage-download.googleapis.com/maven2/com/netease/cloudmusic/iotsdk/core_logsalvage/0.4.5.20251127194918/core_logsalvage-0.4.5.20251127194918.jar returned status 404
0.4.5.20251127203059			IOException: Tail request on https://maven-central.storage-download.googleapis.com/maven2/com/netease/cloudmusic/iotsdk/core_logsalvage/0.4.5.20251127203059/core_logsalvage-0.4.5.20251127203059.jar returned status 404
0.4.5.20251128101151			IOException: Tail request on https://maven-central.storage-download.googleapis.com/maven2/com/netease/cloudmusic/iotsdk/core_logsalvage/0.4.5.20251128101151/core_logsalvage-0.4.5.20251128101151.jar returned status 404
0.4.5.20251128104748			IOException: Tail request on https://maven-central.storage-download.googleapis.com/maven2/com/netease/cloudmusic/iotsdk/core_logsalvage/0.4.5.20251128104748/core_logsalvage-0.4.5.20251128104748.jar returned status 404
0.4.5.20251128140302			IOException: Tail request on https://maven-central.storage-download.googleapis.com/maven2/com/netease/cloudmusic/iotsdk/core_logsalvage/0.4.5.20251128140302/core_logsalvage-0.4.5.20251128140302.jar returned status 404
0.4.5.20251128153941			IOException: Tail request on https://maven-central.storage-download.googleapis.com/maven2/com/netease/cloudmusic/iotsdk/core_logsalvage/0.4.5.20251128153941/core_logsalvage-0.4.5.20251128153941.jar returned status 404
0.4.5.20251128171238			IOException: Tail request on https://maven-central.storage-download.googleapis.com/maven2/com/netease/cloudmusic/iotsdk/core_logsalvage/0.4.5.20251128171238/core_logsalvage-0.4.5.20251128171238.jar returned status 404
0.4.5.20251128172738			IOException: Tail request on https://maven-central.storage-download.googleapis.com/maven2/com/netease/cloudmusic/iotsdk/core_logsalvage/0.4.5.20251128172738/core_logsalvage-0.4.5.20251128172738.jar returned status 404
0.4.5.20251128175744			IOException: Tail request on https://maven-central.storage-download.googleapis.com/maven2/com/netease/cloudmusic/iotsdk/core_logsalvage/0.4.5.20251128175744/core_logsalvage-0.4.5.20251128175744.jar returned status 404
0.4.5.20251128182230			IOException: Tail request on https://maven-central.storage-download.googleapis.com/maven2/com/netease/cloudmusic/iotsdk/core_logsalvage/0.4.5.20251128182230/core_logsalvage-0.4.5.20251128182230.jar returned status 404
0.4.5.20251128183546			IOException: Tail request on https://maven-central.storage-download.googleapis.com/maven2/com/netease/cloudmusic/iotsdk/core_logsalvage/0.4.5.20251128183546/core_logsalvage-0.4.5.20251128183546.jar returned status 404
0.4.5.20251201115227			IOException: Tail request on https://maven-central.storage-download.googleapis.com/maven2/com/netease/cloudmusic/iotsdk/core_logsalvage/0.4.5.20251201115227/core_logsalvage-0.4.5.20251201115227.jar returned status 404
0.4.5.20251202163214			IOException: Tail request on https://maven-central.storage-download.googleapis.com/maven2/com/netease/cloudmusic/iotsdk/core_logsalvage/0.4.5.20251202163214/core_logsalvage-0.4.5.20251202163214.jar returned status 404
0.4.5.20251202171833			IOException: Tail request on https://maven-central.storage-download.googleapis.com/maven2/com/netease/cloudmusic/iotsdk/core_logsalvage/0.4.5.20251202171833/core_logsalvage-0.4.5.20251202171833.jar returned status 404
0.4.5.20251204120006			IOException: Tail request on https://maven-central.storage-download.googleapis.com/maven2/com/netease/cloudmusic/iotsdk/core_logsalvage/0.4.5.20251204120006/core_logsalvage-0.4.5.20251204120006.jar returned status 404
0.4.5.20251204183454			IOException: Tail request on https://maven-central.storage-download.googleapis.com/maven2/com/netease/cloudmusic/iotsdk/core_logsalvage/0.4.5.20251204183454/core_logsalvage-0.4.5.20251204183454.jar returned status 404
0.4.5.20251204210035			IOException: Tail request on https://maven-central.storage-download.googleapis.com/maven2/com/netease/cloudmusic/iotsdk/core_logsalvage/0.4.5.20251204210035/core_logsalvage-0.4.5.20251204210035.jar returned status 404
0.4.5.20251210105156			IOException: Tail request on https://maven-central.storage-download.googleapis.com/maven2/com/netease/cloudmusic/iotsdk/core_logsalvage/0.4.5.20251210105156/core_logsalvage-0.4.5.20251210105156.jar returned status 404
0.4.5.20251210124430			IOException: Tail request on https://maven-central.storage-download.googleapis.com/maven2/com/netease/cloudmusic/iotsdk/core_logsalvage/0.4.5.20251210124430/core_logsalvage-0.4.5.20251210124430.jar returned status 404
0.4.5.20251215180725			IOException: Tail request on https://maven-central.storage-download.googleapis.com/maven2/com/netease/cloudmusic/iotsdk/core_logsalvage/0.4.5.20251215180725/core_logsalvage-0.4.5.20251215180725.jar returned status 404
0.4.5.20251216114316			IOException: Tail request on https://maven-central.storage-download.googleapis.com/maven2/com/netease/cloudmusic/iotsdk/core_logsalvage/0.4.5.20251216114316/core_logsalvage-0.4.5.20251216114316.jar returned status 404
0.4.5.20251216171628			IOException: Tail request on https://maven-central.storage-download.googleapis.com/maven2/com/netease/cloudmusic/iotsdk/core_logsalvage/0.4.5.20251216171628/core_logsalvage-0.4.5.20251216171628.jar returned status 404
0.4.5.20251218143732			IOException: Tail request on https://maven-central.storage-download.googleapis.com/maven2/com/netease/cloudmusic/iotsdk/core_logsalvage/0.4.5.20251218143732/core_logsalvage-0.4.5.20251218143732.jar returned status 404
0.4.5.20251224141907			IOException: Tail request on https://maven-central.storage-download.googleapis.com/maven2/com/netease/cloudmusic/iotsdk/core_logsalvage/0.4.5.20251224141907/core_logsalvage-0.4.5.20251224141907.jar returned status 404
0.4.5.20251226144956			IOException: Tail request on https://maven-central.storage-download.googleapis.com/maven2/com/netease/cloudmusic/iotsdk/core_logsalvage/0.4.5.20251226144956/core_logsalvage-0.4.5.20251226144956.jar returned status 404
0.4.5.20260106114220			IOException: Tail request on https://maven-central.storage-download.googleapis.com/maven2/com/netease/cloudmusic/iotsdk/core_logsalvage/0.4.5.20260106114220/core_logsalvage-0.4.5.20260106114220.jar returned status 404
0.4.5.20260108192554			IOException: Tail request on https://maven-central.storage-download.googleapis.com/maven2/com/netease/cloudmusic/iotsdk/core_logsalvage/0.4.5.20260108192554/core_logsalvage-0.4.5.20260108192554.jar returned status 404
0.4.5.20260109182746			IOException: Tail request on https://maven-central.storage-download.googleapis.com/maven2/com/netease/cloudmusic/iotsdk/core_logsalvage/0.4.5.20260109182746/core_logsalvage-0.4.5.20260109182746.jar returned status 404
0.4.5.20260112142305			IOException: Tail request on https://maven-central.storage-download.googleapis.com/maven2/com/netease/cloudmusic/iotsdk/core_logsalvage/0.4.5.20260112142305/core_logsalvage-0.4.5.20260112142305.jar returned status 404
0.4.5.20260112194128			IOException: Tail request on https://maven-central.storage-download.googleapis.com/maven2/com/netease/cloudmusic/iotsdk/core_logsalvage/0.4.5.20260112194128/core_logsalvage-0.4.5.20260112194128.jar returned status 404
0.4.5.20260120184128			IOException: Tail request on https://maven-central.storage-download.googleapis.com/maven2/com/netease/cloudmusic/iotsdk/core_logsalvage/0.4.5.20260120184128/core_logsalvage-0.4.5.20260120184128.jar returned status 404
0.4.5.20260122190138			IOException: Tail request on https://maven-central.storage-download.googleapis.com/maven2/com/netease/cloudmusic/iotsdk/core_logsalvage/0.4.5.20260122190138/core_logsalvage-0.4.5.20260122190138.jar returned status 404
0.4.5.20260123152210			IOException: Tail request on https://maven-central.storage-download.googleapis.com/maven2/com/netease/cloudmusic/iotsdk/core_logsalvage/0.4.5.20260123152210/core_logsalvage-0.4.5.20260123152210.jar returned status 404
0.4.5.20260127201127			IOException: Tail request on https://maven-central.storage-download.googleapis.com/maven2/com/netease/cloudmusic/iotsdk/core_logsalvage/0.4.5.20260127201127/core_logsalvage-0.4.5.20260127201127.jar returned status 404
0.4.5.20260128170227			IOException: Tail request on https://maven-central.storage-download.googleapis.com/maven2/com/netease/cloudmusic/iotsdk/core_logsalvage/0.4.5.20260128170227/core_logsalvage-0.4.5.20260128170227.jar returned status 404
0.4.5.20260128175042			IOException: Tail request on https://maven-central.storage-download.googleapis.com/maven2/com/netease/cloudmusic/iotsdk/core_logsalvage/0.4.5.20260128175042/core_logsalvage-0.4.5.20260128175042.jar returned status 404
0.4.5.20260128202035			IOException: Tail request on https://maven-central.storage-download.googleapis.com/maven2/com/netease/cloudmusic/iotsdk/core_logsalvage/0.4.5.20260128202035/core_logsalvage-0.4.5.20260128202035.jar returned status 404
0.4.5.20260203151401			IOException: Tail request on https://maven-central.storage-download.googleapis.com/maven2/com/netease/cloudmusic/iotsdk/core_logsalvage/0.4.5.20260203151401/core_logsalvage-0.4.5.20260203151401.jar returned status 404
0.4.5.20260205103900			IOException: Tail request on https://maven-central.storage-download.googleapis.com/maven2/com/netease/cloudmusic/iotsdk/core_logsalvage/0.4.5.20260205103900/core_logsalvage-0.4.5.20260205103900.jar returned status 404
0.4.5.20260205170255			IOException: Tail request on https://maven-central.storage-download.googleapis.com/maven2/com/netease/cloudmusic/iotsdk/core_logsalvage/0.4.5.20260205170255/core_logsalvage-0.4.5.20260205170255.jar returned status 404
0.4.5.20260206144538			IOException: Tail request on https://maven-central.storage-download.googleapis.com/maven2/com/netease/cloudmusic/iotsdk/core_logsalvage/0.4.5.20260206144538/core_logsalvage-0.4.5.20260206144538.jar returned status 404
0.4.5.20260206145250			IOException: Tail request on https://maven-central.storage-download.googleapis.com/maven2/com/netease/cloudmusic/iotsdk/core_logsalvage/0.4.5.20260206145250/core_logsalvage-0.4.5.20260206145250.jar returned status 404
0.4.5.20260206154126			IOException: Tail request on https://maven-central.storage-download.googleapis.com/maven2/com/netease/cloudmusic/iotsdk/core_logsalvage/0.4.5.20260206154126/core_logsalvage-0.4.5.20260206154126.jar returned status 404
0.4.5.20260206170623			IOException: Tail request on https://maven-central.storage-download.googleapis.com/maven2/com/netease/cloudmusic/iotsdk/core_logsalvage/0.4.5.20260206170623/core_logsalvage-0.4.5.20260206170623.jar returned status 404
0.4.5.20260210102916			IOException: Tail request on https://maven-central.storage-download.googleapis.com/maven2/com/netease/cloudmusic/iotsdk/core_logsalvage/0.4.5.20260210102916/core_logsalvage-0.4.5.20260210102916.jar returned status 404
0.4.5.20260225132138			IOException: Tail request on https://maven-central.storage-download.googleapis.com/maven2/com/netease/cloudmusic/iotsdk/core_logsalvage/0.4.5.20260225132138/core_logsalvage-0.4.5.20260225132138.jar returned status 404
0.4.5.20260225145138			IOException: Tail request on https://maven-central.storage-download.googleapis.com/maven2/com/netease/cloudmusic/iotsdk/core_logsalvage/0.4.5.20260225145138/core_logsalvage-0.4.5.20260225145138.jar returned status 404
0.4.5.20260225155516			IOException: Tail request on https://maven-central.storage-download.googleapis.com/maven2/com/netease/cloudmusic/iotsdk/core_logsalvage/0.4.5.20260225155516/core_logsalvage-0.4.5.20260225155516.jar returned status 404
0.4.5.20260226103724			IOException: Tail request on https://maven-central.storage-download.googleapis.com/maven2/com/netease/cloudmusic/iotsdk/core_logsalvage/0.4.5.20260226103724/core_logsalvage-0.4.5.20260226103724.jar returned status 404
0.4.5.20260226164022			IOException: Tail request on https://maven-central.storage-download.googleapis.com/maven2/com/netease/cloudmusic/iotsdk/core_logsalvage/0.4.5.20260226164022/core_logsalvage-0.4.5.20260226164022.jar returned status 404
0.4.5.20260226200020			IOException: Tail request on https://maven-central.storage-download.googleapis.com/maven2/com/netease/cloudmusic/iotsdk/core_logsalvage/0.4.5.20260226200020/core_logsalvage-0.4.5.20260226200020.jar returned status 404
0.4.5.20260227100658			IOException: Tail request on https://maven-central.storage-download.googleapis.com/maven2/com/netease/cloudmusic/iotsdk/core_logsalvage/0.4.5.20260227100658/core_logsalvage-0.4.5.20260227100658.jar returned status 404
0.4.5.20260227104202			IOException: Tail request on https://maven-central.storage-download.googleapis.com/maven2/com/netease/cloudmusic/iotsdk/core_logsalvage/0.4.5.20260227104202/core_logsalvage-0.4.5.20260227104202.jar returned status 404
0.4.5.20260227184341			IOException: Tail request on https://maven-central.storage-download.googleapis.com/maven2/com/netease/cloudmusic/iotsdk/core_logsalvage/0.4.5.20260227184341/core_logsalvage-0.4.5.20260227184341.jar returned status 404
0.4.5.20260303104103			IOException: Tail request on https://maven-central.storage-download.googleapis.com/maven2/com/netease/cloudmusic/iotsdk/core_logsalvage/0.4.5.20260303104103/core_logsalvage-0.4.5.20260303104103.jar returned status 404
0.4.5.20260303111709			IOException: Tail request on https://maven-central.storage-download.googleapis.com/maven2/com/netease/cloudmusic/iotsdk/core_logsalvage/0.4.5.20260303111709/core_logsalvage-0.4.5.20260303111709.jar returned status 404
0.4.5.20260303162407			IOException: Tail request on https://maven-central.storage-download.googleapis.com/maven2/com/netease/cloudmusic/iotsdk/core_logsalvage/0.4.5.20260303162407/core_logsalvage-0.4.5.20260303162407.jar returned status 404
0.4.5.20260304100722			IOException: Tail request on https://maven-central.storage-download.googleapis.com/maven2/com/netease/cloudmusic/iotsdk/core_logsalvage/0.4.5.20260304100722/core_logsalvage-0.4.5.20260304100722.jar returned status 404
0.4.5.20260304110749			IOException: Tail request on https://maven-central.storage-download.googleapis.com/maven2/com/netease/cloudmusic/iotsdk/core_logsalvage/0.4.5.20260304110749/core_logsalvage-0.4.5.20260304110749.jar returned status 404
0.4.5.20260304111711			IOException: Tail request on https://maven-central.storage-download.googleapis.com/maven2/com/netease/cloudmusic/iotsdk/core_logsalvage/0.4.5.20260304111711/core_logsalvage-0.4.5.20260304111711.jar returned status 404
0.4.5.20260304142655			IOException: Tail request on https://maven-central.storage-download.googleapis.com/maven2/com/netease/cloudmusic/iotsdk/core_logsalvage/0.4.5.20260304142655/core_logsalvage-0.4.5.20260304142655.jar returned status 404
0.4.5.20260306112732			IOException: Tail request on https://maven-central.storage-download.googleapis.com/maven2/com/netease/cloudmusic/iotsdk/core_logsalvage/0.4.5.20260306112732/core_logsalvage-0.4.5.20260306112732.jar returned status 404
0.4.5.20260306171837			IOException: Tail request on https://maven-central.storage-download.googleapis.com/maven2/com/netease/cloudmusic/iotsdk/core_logsalvage/0.4.5.20260306171837/core_logsalvage-0.4.5.20260306171837.jar returned status 404
0.4.5.20260310141752			IOException: Tail request on https://maven-central.storage-download.googleapis.com/maven2/com/netease/cloudmusic/iotsdk/core_logsalvage/0.4.5.20260310141752/core_logsalvage-0.4.5.20260310141752.jar returned status 404
0.4.5.20260313153742			IOException: Tail request on https://maven-central.storage-download.googleapis.com/maven2/com/netease/cloudmusic/iotsdk/core_logsalvage/0.4.5.20260313153742/core_logsalvage-0.4.5.20260313153742.jar returned status 404
0.4.5.20260316154018			IOException: Tail request on https://maven-central.storage-download.googleapis.com/maven2/com/netease/cloudmusic/iotsdk/core_logsalvage/0.4.5.20260316154018/core_logsalvage-0.4.5.20260316154018.jar returned status 404
0.4.5.20260318101325			IOException: Tail request on https://maven-central.storage-download.googleapis.com/maven2/com/netease/cloudmusic/iotsdk/core_logsalvage/0.4.5.20260318101325/core_logsalvage-0.4.5.20260318101325.jar returned status 404
0.4.5.20260319144516			IOException: Tail request on https://maven-central.storage-download.googleapis.com/maven2/com/netease/cloudmusic/iotsdk/core_logsalvage/0.4.5.20260319144516/core_logsalvage-0.4.5.20260319144516.jar returned status 404
0.4.5.20260319195443			IOException: Tail request on https://maven-central.storage-download.googleapis.com/maven2/com/netease/cloudmusic/iotsdk/core_logsalvage/0.4.5.20260319195443/core_logsalvage-0.4.5.20260319195443.jar returned status 404
0.4.5.20260319201605			IOException: Tail request on https://maven-central.storage-download.googleapis.com/maven2/com/netease/cloudmusic/iotsdk/core_logsalvage/0.4.5.20260319201605/core_logsalvage-0.4.5.20260319201605.jar returned status 404
0.4.5.20260324114159			IOException: Tail request on https://maven-central.storage-download.googleapis.com/maven2/com/netease/cloudmusic/iotsdk/core_logsalvage/0.4.5.20260324114159/core_logsalvage-0.4.5.20260324114159.jar returned status 404
0.4.5.20260324150551			IOException: Tail request on https://maven-central.storage-download.googleapis.com/maven2/com/netease/cloudmusic/iotsdk/core_logsalvage/0.4.5.20260324150551/core_logsalvage-0.4.5.20260324150551.jar returned status 404
0.4.5.20260409110658			IOException: Tail request on https://maven-central.storage-download.googleapis.com/maven2/com/netease/cloudmusic/iotsdk/core_logsalvage/0.4.5.20260409110658/core_logsalvage-0.4.5.20260409110658.jar returned status 404
0.4.5.20260414093742			IOException: Tail request on https://maven-central.storage-download.googleapis.com/maven2/com/netease/cloudmusic/iotsdk/core_logsalvage/0.4.5.20260414093742/core_logsalvage-0.4.5.20260414093742.jar returned status 404
0.4.5.20260414160751			IOException: Tail request on https://maven-central.storage-download.googleapis.com/maven2/com/netease/cloudmusic/iotsdk/core_logsalvage/0.4.5.20260414160751/core_logsalvage-0.4.5.20260414160751.jar returned status 404
0.4.5.20260414193357			IOException: Tail request on https://maven-central.storage-download.googleapis.com/maven2/com/netease/cloudmusic/iotsdk/core_logsalvage/0.4.5.20260414193357/core_logsalvage-0.4.5.20260414193357.jar returned status 404
0.4.5.20260416203230			IOException: Tail request on https://maven-central.storage-download.googleapis.com/maven2/com/netease/cloudmusic/iotsdk/core_logsalvage/0.4.5.20260416203230/core_logsalvage-0.4.5.20260416203230.jar returned status 404
0.4.5.20260421153112			IOException: Tail request on https://maven-central.storage-download.googleapis.com/maven2/com/netease/cloudmusic/iotsdk/core_logsalvage/0.4.5.20260421153112/core_logsalvage-0.4.5.20260421153112.jar returned status 404
0.4.5.20260421163520			IOException: Tail request on https://maven-central.storage-download.googleapis.com/maven2/com/netease/cloudmusic/iotsdk/core_logsalvage/0.4.5.20260421163520/core_logsalvage-0.4.5.20260421163520.jar returned status 404
0.4.5.20260428102121			IOException: Tail request on https://maven-central.storage-download.googleapis.com/maven2/com/netease/cloudmusic/iotsdk/core_logsalvage/0.4.5.20260428102121/core_logsalvage-0.4.5.20260428102121.jar returned status 404
0.4.5.20260428182533			IOException: Tail request on https://maven-central.storage-download.googleapis.com/maven2/com/netease/cloudmusic/iotsdk/core_logsalvage/0.4.5.20260428182533/core_logsalvage-0.4.5.20260428182533.jar returned status 404
0.4.5.20260429145556			IOException: Tail request on https://maven-central.storage-download.googleapis.com/maven2/com/netease/cloudmusic/iotsdk/core_logsalvage/0.4.5.20260429145556/core_logsalvage-0.4.5.20260429145556.jar returned status 404
0.4.5.20260429210314			IOException: Tail request on https://maven-central.storage-download.googleapis.com/maven2/com/netease/cloudmusic/iotsdk/core_logsalvage/0.4.5.20260429210314/core_logsalvage-0.4.5.20260429210314.jar returned status 404
0.4.5.20260430143127			IOException: Tail request on https://maven-central.storage-download.googleapis.com/maven2/com/netease/cloudmusic/iotsdk/core_logsalvage/0.4.5.20260430143127/core_logsalvage-0.4.5.20260430143127.jar returned status 404
0.4.5.20260511164357			IOException: Tail request on https://maven-central.storage-download.googleapis.com/maven2/com/netease/cloudmusic/iotsdk/core_logsalvage/0.4.5.20260511164357/core_logsalvage-0.4.5.20260511164357.jar returned status 404
0.4.5.20260511195241			IOException: Tail request on https://maven-central.storage-download.googleapis.com/maven2/com/netease/cloudmusic/iotsdk/core_logsalvage/0.4.5.20260511195241/core_logsalvage-0.4.5.20260511195241.jar returned status 404
0.4.5.20260513112845			IOException: Tail request on https://maven-central.storage-download.googleapis.com/maven2/com/netease/cloudmusic/iotsdk/core_logsalvage/0.4.5.20260513112845/core_logsalvage-0.4.5.20260513112845.jar returned status 404
0.4.5.20260528141744		2026-05-28T06:19:26Z	IOException: Tail request on https://maven-central.storage-download.googleapis.com/maven2/com/netease/cloudmusic/iotsdk/core_logsalvage/0.4.5.20260528141744/core_logsalvage-0.4.5.20260528141744.jar returned status 404
0.4.5.20260528153700		2026-05-28T07:38:30Z	IOException: Tail request on https://maven-central.storage-download.googleapis.com/maven2/com/netease/cloudmusic/iotsdk/core_logsalvage/0.4.5.20260528153700/core_logsalvage-0.4.5.20260528153700.jar returned status 404
0.4.5.20260605143549		2026-06-05T06:37:26Z	IOException: Tail request on https://maven-central.storage-download.googleapis.com/maven2/com/netease/cloudmusic/iotsdk/core_logsalvage/0.4.5.20260605143549/core_logsalvage-0.4.5.20260605143549.jar returned status 404
0.4.5.20260610154511		2026-06-10T07:46:40Z	IOException: Tail request on https://maven-central.storage-download.googleapis.com/maven2/com/netease/cloudmusic/iotsdk/core_logsalvage/0.4.5.20260610154511/core_logsalvage-0.4.5.20260610154511.jar returned status 404
0.4.5.20260610172031		2026-06-10T09:22:02Z	IOException: Tail request on https://maven-central.storage-download.googleapis.com/maven2/com/netease/cloudmusic/iotsdk/core_logsalvage/0.4.5.20260610172031/core_logsalvage-0.4.5.20260610172031.jar returned status 404
0.4.5.20260610180704		2026-06-10T10:08:41Z	IOException: Tail request on https://maven-central.storage-download.googleapis.com/maven2/com/netease/cloudmusic/iotsdk/core_logsalvage/0.4.5.20260610180704/core_logsalvage-0.4.5.20260610180704.jar returned status 404
0.4.5.20260616154527		2026-06-16T07:46:52Z	IOException: Tail request on https://maven-central.storage-download.googleapis.com/maven2/com/netease/cloudmusic/iotsdk/core_logsalvage/0.4.5.20260616154527/core_logsalvage-0.4.5.20260616154527.jar returned status 404
0.4.5.20260616171547		2026-06-16T09:17:28Z	IOException: Tail request on https://maven-central.storage-download.googleapis.com/maven2/com/netease/cloudmusic/iotsdk/core_logsalvage/0.4.5.20260616171547/core_logsalvage-0.4.5.20260616171547.jar returned status 404
0.4.5.20260626150756		2026-06-26T07:09:24Z	IOException: Tail request on https://maven-central.storage-download.googleapis.com/maven2/com/netease/cloudmusic/iotsdk/core_logsalvage/0.4.5.20260626150756/core_logsalvage-0.4.5.20260626150756.jar returned status 404
0.4.5.20260630210238		2026-06-30T13:04:08Z	IOException: Tail request on https://maven-central.storage-download.googleapis.com/maven2/com/netease/cloudmusic/iotsdk/core_logsalvage/0.4.5.20260630210238/core_logsalvage-0.4.5.20260630210238.jar returned status 404
0.4.5.20260707210345		2026-07-07T13:05:17Z	IOException: Tail request on https://maven-central.storage-download.googleapis.com/maven2/com/netease/cloudmusic/iotsdk/core_logsalvage/0.4.5.20260707210345/core_logsalvage-0.4.5.20260707210345.jar returned status 404
0.4.5.20260708103540			IOException: Tail request on https://maven-central.storage-download.googleapis.com/maven2/com/netease/cloudmusic/iotsdk/core_logsalvage/0.4.5.20260708103540/core_logsalvage-0.4.5.20260708103540.jar returned status 404
0.4.5.20260708105349			IOException: Tail request on https://maven-central.storage-download.googleapis.com/maven2/com/netease/cloudmusic/iotsdk/core_logsalvage/0.4.5.20260708105349/core_logsalvage-0.4.5.20260708105349.jar returned status 404
0.4.5.20260717164347			IOException: Tail request on https://maven-central.storage-download.googleapis.com/maven2/com/netease/cloudmusic/iotsdk/core_logsalvage/0.4.5.20260717164347/core_logsalvage-0.4.5.20260717164347.jar returned status 404
0.4.5.20260721113706		2026-07-21T03:38:40Z	IOException: Tail request on https://maven-central.storage-download.googleapis.com/maven2/com/netease/cloudmusic/iotsdk/core_logsalvage/0.4.5.20260721113706/core_logsalvage-0.4.5.20260721113706.jar returned status 404
0.4.5.20260723120458			IOException: Tail request on https://maven-central.storage-download.googleapis.com/maven2/com/netease/cloudmusic/iotsdk/core_logsalvage/0.4.5.20260723120458/core_logsalvage-0.4.5.20260723120458.jar returned status 404
0.4.5.20260723171259			IOException: Tail request on https://maven-central.storage-download.googleapis.com/maven2/com/netease/cloudmusic/iotsdk/core_logsalvage/0.4.5.20260723171259/core_logsalvage-0.4.5.20260723171259.jar returned status 404
0.4.5.20260724114733			IOException: Tail request on https://maven-central.storage-download.googleapis.com/maven2/com/netease/cloudmusic/iotsdk/core_logsalvage/0.4.5.20260724114733/core_logsalvage-0.4.5.20260724114733.jar returned status 404
0.4.5.20260724144314			IOException: Tail request on https://maven-central.storage-download.googleapis.com/maven2/com/netease/cloudmusic/iotsdk/core_logsalvage/0.4.5.20260724144314/core_logsalvage-0.4.5.20260724144314.jar returned status 404
0.4.5.20260724145608			IOException: Tail request on https://maven-central.storage-download.googleapis.com/maven2/com/netease/cloudmusic/iotsdk/core_logsalvage/0.4.5.20260724145608/core_logsalvage-0.4.5.20260724145608.jar returned status 404
0.4.5.20260724162730			IOException: Tail request on https://maven-central.storage-download.googleapis.com/maven2/com/netease/cloudmusic/iotsdk/core_logsalvage/0.4.5.20260724162730/core_logsalvage-0.4.5.20260724162730.jar returned status 404
0.4.5.20260729105751			IOException: Tail request on https://maven-central.storage-download.googleapis.com/maven2/com/netease/cloudmusic/iotsdk/core_logsalvage/0.4.5.20260729105751/core_logsalvage-0.4.5.20260729105751.jar returned status 404
0.4.5.20260731162151			IOException: Tail request on https://maven-central.storage-download.googleapis.com/maven2/com/netease/cloudmusic/iotsdk/core_logsalvage/0.4.5.20260731162151/core_logsalvage-0.4.5.20260731162151.jar returned status 404
0.4.5.20260810162100		2026-08-10T08:22:29Z	IOException: Tail request on https://maven-central.storage-download.googleapis.com/maven2/com/netease/cloudmusic/iotsdk/core_logsalvage/0.4.5.20260810162100/core_logsalvage-0.4.5.20260810162100.jar returned status 404
0.4.5.20260811153736		2026-08-11T07:39:04Z	IOException: Tail request on https://maven-central.storage-download.googleapis.com/maven2/com/netease/cloudmusic/iotsdk/core_logsalvage/0.4.5.20260811153736/core_logsalvage-0.4.5.20260811153736.jar returned status 404
0.4.5.20260811164043		2026-08-11T08:42:15Z	IOException: Tail request on https://maven-central.storage-download.googleapis.com/maven2/com/netease/cloudmusic/iotsdk/core_logsalvage/0.4.5.20260811164043/core_logsalvage-0.4.5.20260811164043.jar returned status 404
0.4.6.20260611182659		2026-06-11T10:28:36Z	IOException: Tail request on https://maven-central.storage-download.googleapis.com/maven2/com/netease/cloudmusic/iotsdk/core_logsalvage/0.4.6.20260611182659/core_logsalvage-0.4.6.20260611182659.jar returned status 404
0.4.6.20260612153124		2026-06-12T07:33:00Z	IOException: Tail request on https://maven-central.storage-download.googleapis.com/maven2/com/netease/cloudmusic/iotsdk/core_logsalvage/0.4.6.20260612153124/core_logsalvage-0.4.6.20260612153124.jar returned status 404
null			IOException: Tail request on https://maven-central.storage-download.googleapis.com/maven2/com/netease/cloudmusic/iotsdk/core_logsalvage/null/core_logsalvage-null.jar returned status 404
