0.4.2.20231227141200			IOException: Tail request on https://maven-central.storage-download.googleapis.com/maven2/com/netease/cloudmusic/iotsdk/iot_base_audio_effect/0.4.2.20231227141200/iot_base_audio_effect-0.4.2.20231227141200.jar returned status 404
0.4.2.20231228101700			IOException: Tail request on https://maven-central.storage-download.googleapis.com/maven2/com/netease/cloudmusic/iotsdk/iot_base_audio_effect/0.4.2.20231228101700/iot_base_audio_effect-0.4.2.20231228101700.jar returned status 404
0.4.2.20240103165616			IOException: Tail request on https://maven-central.storage-download.googleapis.com/maven2/com/netease/cloudmusic/iotsdk/iot_base_audio_effect/0.4.2.20240103165616/iot_base_audio_effect-0.4.2.20240103165616.jar returned status 404
0.4.2.20240104160643			IOException: Tail request on https://maven-central.storage-download.googleapis.com/maven2/com/netease/cloudmusic/iotsdk/iot_base_audio_effect/0.4.2.20240104160643/iot_base_audio_effect-0.4.2.20240104160643.jar returned status 404
0.4.2.20240104182511			IOException: Tail request on https://maven-central.storage-download.googleapis.com/maven2/com/netease/cloudmusic/iotsdk/iot_base_audio_effect/0.4.2.20240104182511/iot_base_audio_effect-0.4.2.20240104182511.jar returned status 404
0.4.2.20240105104148			IOException: Tail request on https://maven-central.storage-download.googleapis.com/maven2/com/netease/cloudmusic/iotsdk/iot_base_audio_effect/0.4.2.20240105104148/iot_base_audio_effect-0.4.2.20240105104148.jar returned status 404
0.4.2.20240105114318			IOException: Tail request on https://maven-central.storage-download.googleapis.com/maven2/com/netease/cloudmusic/iotsdk/iot_base_audio_effect/0.4.2.20240105114318/iot_base_audio_effect-0.4.2.20240105114318.jar returned status 404
0.4.2.20240105122444			IOException: Tail request on https://maven-central.storage-download.googleapis.com/maven2/com/netease/cloudmusic/iotsdk/iot_base_audio_effect/0.4.2.20240105122444/iot_base_audio_effect-0.4.2.20240105122444.jar returned status 404
0.4.2.20240105172102			IOException: Tail request on https://maven-central.storage-download.googleapis.com/maven2/com/netease/cloudmusic/iotsdk/iot_base_audio_effect/0.4.2.20240105172102/iot_base_audio_effect-0.4.2.20240105172102.jar returned status 404
0.4.2.20240105195604			IOException: Tail request on https://maven-central.storage-download.googleapis.com/maven2/com/netease/cloudmusic/iotsdk/iot_base_audio_effect/0.4.2.20240105195604/iot_base_audio_effect-0.4.2.20240105195604.jar returned status 404
0.4.2.20240105202501			IOException: Tail request on https://maven-central.storage-download.googleapis.com/maven2/com/netease/cloudmusic/iotsdk/iot_base_audio_effect/0.4.2.20240105202501/iot_base_audio_effect-0.4.2.20240105202501.jar returned status 404
0.4.2.20240105212047			IOException: Tail request on https://maven-central.storage-download.googleapis.com/maven2/com/netease/cloudmusic/iotsdk/iot_base_audio_effect/0.4.2.20240105212047/iot_base_audio_effect-0.4.2.20240105212047.jar returned status 404
0.4.2.20240106151247			IOException: Tail request on https://maven-central.storage-download.googleapis.com/maven2/com/netease/cloudmusic/iotsdk/iot_base_audio_effect/0.4.2.20240106151247/iot_base_audio_effect-0.4.2.20240106151247.jar returned status 404
0.4.2.20240106170503			IOException: Tail request on https://maven-central.storage-download.googleapis.com/maven2/com/netease/cloudmusic/iotsdk/iot_base_audio_effect/0.4.2.20240106170503/iot_base_audio_effect-0.4.2.20240106170503.jar returned status 404
0.4.2.20240110205327			IOException: Tail request on https://maven-central.storage-download.googleapis.com/maven2/com/netease/cloudmusic/iotsdk/iot_base_audio_effect/0.4.2.20240110205327/iot_base_audio_effect-0.4.2.20240110205327.jar returned status 404
0.4.2.20240111151329			IOException: Tail request on https://maven-central.storage-download.googleapis.com/maven2/com/netease/cloudmusic/iotsdk/iot_base_audio_effect/0.4.2.20240111151329/iot_base_audio_effect-0.4.2.20240111151329.jar returned status 404
0.4.2.20240115151755			IOException: Tail request on https://maven-central.storage-download.googleapis.com/maven2/com/netease/cloudmusic/iotsdk/iot_base_audio_effect/0.4.2.20240115151755/iot_base_audio_effect-0.4.2.20240115151755.jar returned status 404
0.4.2.20240116183205			IOException: Tail request on https://maven-central.storage-download.googleapis.com/maven2/com/netease/cloudmusic/iotsdk/iot_base_audio_effect/0.4.2.20240116183205/iot_base_audio_effect-0.4.2.20240116183205.jar returned status 404
0.4.2.20240116193729			IOException: Tail request on https://maven-central.storage-download.googleapis.com/maven2/com/netease/cloudmusic/iotsdk/iot_base_audio_effect/0.4.2.20240116193729/iot_base_audio_effect-0.4.2.20240116193729.jar returned status 404
0.4.2.20240126152738			IOException: Tail request on https://maven-central.storage-download.googleapis.com/maven2/com/netease/cloudmusic/iotsdk/iot_base_audio_effect/0.4.2.20240126152738/iot_base_audio_effect-0.4.2.20240126152738.jar returned status 404
0.4.2.20240126171729			IOException: Tail request on https://maven-central.storage-download.googleapis.com/maven2/com/netease/cloudmusic/iotsdk/iot_base_audio_effect/0.4.2.20240126171729/iot_base_audio_effect-0.4.2.20240126171729.jar returned status 404
0.4.2.20240126174154			IOException: Tail request on https://maven-central.storage-download.googleapis.com/maven2/com/netease/cloudmusic/iotsdk/iot_base_audio_effect/0.4.2.20240126174154/iot_base_audio_effect-0.4.2.20240126174154.jar returned status 404
0.4.2.20240129155309			IOException: Tail request on https://maven-central.storage-download.googleapis.com/maven2/com/netease/cloudmusic/iotsdk/iot_base_audio_effect/0.4.2.20240129155309/iot_base_audio_effect-0.4.2.20240129155309.jar returned status 404
0.4.2.20240131221015			IOException: Tail request on https://maven-central.storage-download.googleapis.com/maven2/com/netease/cloudmusic/iotsdk/iot_base_audio_effect/0.4.2.20240131221015/iot_base_audio_effect-0.4.2.20240131221015.jar returned status 404
0.4.2.20240201153825			IOException: Tail request on https://maven-central.storage-download.googleapis.com/maven2/com/netease/cloudmusic/iotsdk/iot_base_audio_effect/0.4.2.20240201153825/iot_base_audio_effect-0.4.2.20240201153825.jar returned status 404
0.4.2.20240201214148			IOException: Tail request on https://maven-central.storage-download.googleapis.com/maven2/com/netease/cloudmusic/iotsdk/iot_base_audio_effect/0.4.2.20240201214148/iot_base_audio_effect-0.4.2.20240201214148.jar returned status 404
0.4.2.20240202173842			IOException: Tail request on https://maven-central.storage-download.googleapis.com/maven2/com/netease/cloudmusic/iotsdk/iot_base_audio_effect/0.4.2.20240202173842/iot_base_audio_effect-0.4.2.20240202173842.jar returned status 404
0.4.2.20240202200135			IOException: Tail request on https://maven-central.storage-download.googleapis.com/maven2/com/netease/cloudmusic/iotsdk/iot_base_audio_effect/0.4.2.20240202200135/iot_base_audio_effect-0.4.2.20240202200135.jar returned status 404
0.4.2.20240202213243			IOException: Tail request on https://maven-central.storage-download.googleapis.com/maven2/com/netease/cloudmusic/iotsdk/iot_base_audio_effect/0.4.2.20240202213243/iot_base_audio_effect-0.4.2.20240202213243.jar returned status 404
0.4.2.20240204103028			IOException: Tail request on https://maven-central.storage-download.googleapis.com/maven2/com/netease/cloudmusic/iotsdk/iot_base_audio_effect/0.4.2.20240204103028/iot_base_audio_effect-0.4.2.20240204103028.jar returned status 404
0.4.2.20240204204410			IOException: Tail request on https://maven-central.storage-download.googleapis.com/maven2/com/netease/cloudmusic/iotsdk/iot_base_audio_effect/0.4.2.20240204204410/iot_base_audio_effect-0.4.2.20240204204410.jar returned status 404
0.4.2.20240204211737			IOException: Tail request on https://maven-central.storage-download.googleapis.com/maven2/com/netease/cloudmusic/iotsdk/iot_base_audio_effect/0.4.2.20240204211737/iot_base_audio_effect-0.4.2.20240204211737.jar returned status 404
0.4.2.20240220200508			IOException: Tail request on https://maven-central.storage-download.googleapis.com/maven2/com/netease/cloudmusic/iotsdk/iot_base_audio_effect/0.4.2.20240220200508/iot_base_audio_effect-0.4.2.20240220200508.jar returned status 404
0.4.2.20240220210515			IOException: Tail request on https://maven-central.storage-download.googleapis.com/maven2/com/netease/cloudmusic/iotsdk/iot_base_audio_effect/0.4.2.20240220210515/iot_base_audio_effect-0.4.2.20240220210515.jar returned status 404
0.4.2.20240221121519			IOException: Tail request on https://maven-central.storage-download.googleapis.com/maven2/com/netease/cloudmusic/iotsdk/iot_base_audio_effect/0.4.2.20240221121519/iot_base_audio_effect-0.4.2.20240221121519.jar returned status 404
0.4.2.20240221123352			IOException: Tail request on https://maven-central.storage-download.googleapis.com/maven2/com/netease/cloudmusic/iotsdk/iot_base_audio_effect/0.4.2.20240221123352/iot_base_audio_effect-0.4.2.20240221123352.jar returned status 404
0.4.2.20240221143550			IOException: Tail request on https://maven-central.storage-download.googleapis.com/maven2/com/netease/cloudmusic/iotsdk/iot_base_audio_effect/0.4.2.20240221143550/iot_base_audio_effect-0.4.2.20240221143550.jar returned status 404
0.4.2.20240221152049			IOException: Tail request on https://maven-central.storage-download.googleapis.com/maven2/com/netease/cloudmusic/iotsdk/iot_base_audio_effect/0.4.2.20240221152049/iot_base_audio_effect-0.4.2.20240221152049.jar returned status 404
0.4.2.20240221181201			IOException: Tail request on https://maven-central.storage-download.googleapis.com/maven2/com/netease/cloudmusic/iotsdk/iot_base_audio_effect/0.4.2.20240221181201/iot_base_audio_effect-0.4.2.20240221181201.jar returned status 404
0.4.2.20240221190037			IOException: Tail request on https://maven-central.storage-download.googleapis.com/maven2/com/netease/cloudmusic/iotsdk/iot_base_audio_effect/0.4.2.20240221190037/iot_base_audio_effect-0.4.2.20240221190037.jar returned status 404
0.4.2.20240223172911			IOException: Tail request on https://maven-central.storage-download.googleapis.com/maven2/com/netease/cloudmusic/iotsdk/iot_base_audio_effect/0.4.2.20240223172911/iot_base_audio_effect-0.4.2.20240223172911.jar returned status 404
0.4.2.20240223204039			IOException: Tail request on https://maven-central.storage-download.googleapis.com/maven2/com/netease/cloudmusic/iotsdk/iot_base_audio_effect/0.4.2.20240223204039/iot_base_audio_effect-0.4.2.20240223204039.jar returned status 404
0.4.2.20240224122927			IOException: Tail request on https://maven-central.storage-download.googleapis.com/maven2/com/netease/cloudmusic/iotsdk/iot_base_audio_effect/0.4.2.20240224122927/iot_base_audio_effect-0.4.2.20240224122927.jar returned status 404
0.4.2.20240224151412			IOException: Tail request on https://maven-central.storage-download.googleapis.com/maven2/com/netease/cloudmusic/iotsdk/iot_base_audio_effect/0.4.2.20240224151412/iot_base_audio_effect-0.4.2.20240224151412.jar returned status 404
0.4.2.20240224153400			IOException: Tail request on https://maven-central.storage-download.googleapis.com/maven2/com/netease/cloudmusic/iotsdk/iot_base_audio_effect/0.4.2.20240224153400/iot_base_audio_effect-0.4.2.20240224153400.jar returned status 404
0.4.2.20240224161956			IOException: Tail request on https://maven-central.storage-download.googleapis.com/maven2/com/netease/cloudmusic/iotsdk/iot_base_audio_effect/0.4.2.20240224161956/iot_base_audio_effect-0.4.2.20240224161956.jar returned status 404
0.4.2.20240224201935			IOException: Tail request on https://maven-central.storage-download.googleapis.com/maven2/com/netease/cloudmusic/iotsdk/iot_base_audio_effect/0.4.2.20240224201935/iot_base_audio_effect-0.4.2.20240224201935.jar returned status 404
0.4.2.20240306165447			IOException: Tail request on https://maven-central.storage-download.googleapis.com/maven2/com/netease/cloudmusic/iotsdk/iot_base_audio_effect/0.4.2.20240306165447/iot_base_audio_effect-0.4.2.20240306165447.jar returned status 404
0.4.2.20240307113406			IOException: Tail request on https://maven-central.storage-download.googleapis.com/maven2/com/netease/cloudmusic/iotsdk/iot_base_audio_effect/0.4.2.20240307113406/iot_base_audio_effect-0.4.2.20240307113406.jar returned status 404
0.4.2.20240307140715			IOException: Tail request on https://maven-central.storage-download.googleapis.com/maven2/com/netease/cloudmusic/iotsdk/iot_base_audio_effect/0.4.2.20240307140715/iot_base_audio_effect-0.4.2.20240307140715.jar returned status 404
0.4.2.20240308142514			IOException: Tail request on https://maven-central.storage-download.googleapis.com/maven2/com/netease/cloudmusic/iotsdk/iot_base_audio_effect/0.4.2.20240308142514/iot_base_audio_effect-0.4.2.20240308142514.jar returned status 404
0.4.2.20240308195934			IOException: Tail request on https://maven-central.storage-download.googleapis.com/maven2/com/netease/cloudmusic/iotsdk/iot_base_audio_effect/0.4.2.20240308195934/iot_base_audio_effect-0.4.2.20240308195934.jar returned status 404
0.4.2.20240318205914			IOException: Tail request on https://maven-central.storage-download.googleapis.com/maven2/com/netease/cloudmusic/iotsdk/iot_base_audio_effect/0.4.2.20240318205914/iot_base_audio_effect-0.4.2.20240318205914.jar returned status 404
0.4.2.20240318213507			IOException: Tail request on https://maven-central.storage-download.googleapis.com/maven2/com/netease/cloudmusic/iotsdk/iot_base_audio_effect/0.4.2.20240318213507/iot_base_audio_effect-0.4.2.20240318213507.jar returned status 404
0.4.2.20240319122906			IOException: Tail request on https://maven-central.storage-download.googleapis.com/maven2/com/netease/cloudmusic/iotsdk/iot_base_audio_effect/0.4.2.20240319122906/iot_base_audio_effect-0.4.2.20240319122906.jar returned status 404
0.4.2.20240319152051			IOException: Tail request on https://maven-central.storage-download.googleapis.com/maven2/com/netease/cloudmusic/iotsdk/iot_base_audio_effect/0.4.2.20240319152051/iot_base_audio_effect-0.4.2.20240319152051.jar returned status 404
0.4.2.20240319193504			IOException: Tail request on https://maven-central.storage-download.googleapis.com/maven2/com/netease/cloudmusic/iotsdk/iot_base_audio_effect/0.4.2.20240319193504/iot_base_audio_effect-0.4.2.20240319193504.jar returned status 404
0.4.2.20240319213207			IOException: Tail request on https://maven-central.storage-download.googleapis.com/maven2/com/netease/cloudmusic/iotsdk/iot_base_audio_effect/0.4.2.20240319213207/iot_base_audio_effect-0.4.2.20240319213207.jar returned status 404
0.4.2.20240320153332			IOException: Tail request on https://maven-central.storage-download.googleapis.com/maven2/com/netease/cloudmusic/iotsdk/iot_base_audio_effect/0.4.2.20240320153332/iot_base_audio_effect-0.4.2.20240320153332.jar returned status 404
0.4.2.20240325160053			IOException: Tail request on https://maven-central.storage-download.googleapis.com/maven2/com/netease/cloudmusic/iotsdk/iot_base_audio_effect/0.4.2.20240325160053/iot_base_audio_effect-0.4.2.20240325160053.jar returned status 404
0.4.2.20240325164945			IOException: Tail request on https://maven-central.storage-download.googleapis.com/maven2/com/netease/cloudmusic/iotsdk/iot_base_audio_effect/0.4.2.20240325164945/iot_base_audio_effect-0.4.2.20240325164945.jar returned status 404
0.4.2.20240325193342			IOException: Tail request on https://maven-central.storage-download.googleapis.com/maven2/com/netease/cloudmusic/iotsdk/iot_base_audio_effect/0.4.2.20240325193342/iot_base_audio_effect-0.4.2.20240325193342.jar returned status 404
0.4.2.20240325200040			IOException: Tail request on https://maven-central.storage-download.googleapis.com/maven2/com/netease/cloudmusic/iotsdk/iot_base_audio_effect/0.4.2.20240325200040/iot_base_audio_effect-0.4.2.20240325200040.jar returned status 404
0.4.2.20240327165334			IOException: Tail request on https://maven-central.storage-download.googleapis.com/maven2/com/netease/cloudmusic/iotsdk/iot_base_audio_effect/0.4.2.20240327165334/iot_base_audio_effect-0.4.2.20240327165334.jar returned status 404
0.4.2.20240328105031			IOException: Tail request on https://maven-central.storage-download.googleapis.com/maven2/com/netease/cloudmusic/iotsdk/iot_base_audio_effect/0.4.2.20240328105031/iot_base_audio_effect-0.4.2.20240328105031.jar returned status 404
0.4.2.20240328112902			IOException: Tail request on https://maven-central.storage-download.googleapis.com/maven2/com/netease/cloudmusic/iotsdk/iot_base_audio_effect/0.4.2.20240328112902/iot_base_audio_effect-0.4.2.20240328112902.jar returned status 404
0.4.2.20240329145444			IOException: Tail request on https://maven-central.storage-download.googleapis.com/maven2/com/netease/cloudmusic/iotsdk/iot_base_audio_effect/0.4.2.20240329145444/iot_base_audio_effect-0.4.2.20240329145444.jar returned status 404
0.4.2.20240401151231			IOException: Tail request on https://maven-central.storage-download.googleapis.com/maven2/com/netease/cloudmusic/iotsdk/iot_base_audio_effect/0.4.2.20240401151231/iot_base_audio_effect-0.4.2.20240401151231.jar returned status 404
0.4.2.20240401173313			IOException: Tail request on https://maven-central.storage-download.googleapis.com/maven2/com/netease/cloudmusic/iotsdk/iot_base_audio_effect/0.4.2.20240401173313/iot_base_audio_effect-0.4.2.20240401173313.jar returned status 404
0.4.2.20240407151134			IOException: Tail request on https://maven-central.storage-download.googleapis.com/maven2/com/netease/cloudmusic/iotsdk/iot_base_audio_effect/0.4.2.20240407151134/iot_base_audio_effect-0.4.2.20240407151134.jar returned status 404
0.4.2.20240416213118			IOException: Tail request on https://maven-central.storage-download.googleapis.com/maven2/com/netease/cloudmusic/iotsdk/iot_base_audio_effect/0.4.2.20240416213118/iot_base_audio_effect-0.4.2.20240416213118.jar returned status 404
0.4.2.20240417220625			IOException: Tail request on https://maven-central.storage-download.googleapis.com/maven2/com/netease/cloudmusic/iotsdk/iot_base_audio_effect/0.4.2.20240417220625/iot_base_audio_effect-0.4.2.20240417220625.jar returned status 404
0.4.2.20240418111133			IOException: Tail request on https://maven-central.storage-download.googleapis.com/maven2/com/netease/cloudmusic/iotsdk/iot_base_audio_effect/0.4.2.20240418111133/iot_base_audio_effect-0.4.2.20240418111133.jar returned status 404
0.4.2.20240419144310			IOException: Tail request on https://maven-central.storage-download.googleapis.com/maven2/com/netease/cloudmusic/iotsdk/iot_base_audio_effect/0.4.2.20240419144310/iot_base_audio_effect-0.4.2.20240419144310.jar returned status 404
0.4.2.20240423145650			IOException: Tail request on https://maven-central.storage-download.googleapis.com/maven2/com/netease/cloudmusic/iotsdk/iot_base_audio_effect/0.4.2.20240423145650/iot_base_audio_effect-0.4.2.20240423145650.jar returned status 404
0.4.2.20240423165934			IOException: Tail request on https://maven-central.storage-download.googleapis.com/maven2/com/netease/cloudmusic/iotsdk/iot_base_audio_effect/0.4.2.20240423165934/iot_base_audio_effect-0.4.2.20240423165934.jar returned status 404
0.4.2.20240423182239			IOException: Tail request on https://maven-central.storage-download.googleapis.com/maven2/com/netease/cloudmusic/iotsdk/iot_base_audio_effect/0.4.2.20240423182239/iot_base_audio_effect-0.4.2.20240423182239.jar returned status 404
0.4.2.20240424102311			IOException: Tail request on https://maven-central.storage-download.googleapis.com/maven2/com/netease/cloudmusic/iotsdk/iot_base_audio_effect/0.4.2.20240424102311/iot_base_audio_effect-0.4.2.20240424102311.jar returned status 404
0.4.2.20240424152030			IOException: Tail request on https://maven-central.storage-download.googleapis.com/maven2/com/netease/cloudmusic/iotsdk/iot_base_audio_effect/0.4.2.20240424152030/iot_base_audio_effect-0.4.2.20240424152030.jar returned status 404
0.4.2.20240424162751			IOException: Tail request on https://maven-central.storage-download.googleapis.com/maven2/com/netease/cloudmusic/iotsdk/iot_base_audio_effect/0.4.2.20240424162751/iot_base_audio_effect-0.4.2.20240424162751.jar returned status 404
0.4.2.20240425112357			IOException: Tail request on https://maven-central.storage-download.googleapis.com/maven2/com/netease/cloudmusic/iotsdk/iot_base_audio_effect/0.4.2.20240425112357/iot_base_audio_effect-0.4.2.20240425112357.jar returned status 404
0.4.2.20240425122449			IOException: Tail request on https://maven-central.storage-download.googleapis.com/maven2/com/netease/cloudmusic/iotsdk/iot_base_audio_effect/0.4.2.20240425122449/iot_base_audio_effect-0.4.2.20240425122449.jar returned status 404
0.4.2.20240425152256			IOException: Tail request on https://maven-central.storage-download.googleapis.com/maven2/com/netease/cloudmusic/iotsdk/iot_base_audio_effect/0.4.2.20240425152256/iot_base_audio_effect-0.4.2.20240425152256.jar returned status 404
0.4.2.20240425212852			IOException: Tail request on https://maven-central.storage-download.googleapis.com/maven2/com/netease/cloudmusic/iotsdk/iot_base_audio_effect/0.4.2.20240425212852/iot_base_audio_effect-0.4.2.20240425212852.jar returned status 404
0.4.2.20240426141138			IOException: Tail request on https://maven-central.storage-download.googleapis.com/maven2/com/netease/cloudmusic/iotsdk/iot_base_audio_effect/0.4.2.20240426141138/iot_base_audio_effect-0.4.2.20240426141138.jar returned status 404
0.4.2.20240429183653			IOException: Tail request on https://maven-central.storage-download.googleapis.com/maven2/com/netease/cloudmusic/iotsdk/iot_base_audio_effect/0.4.2.20240429183653/iot_base_audio_effect-0.4.2.20240429183653.jar returned status 404
0.4.2.20240507200902			IOException: Tail request on https://maven-central.storage-download.googleapis.com/maven2/com/netease/cloudmusic/iotsdk/iot_base_audio_effect/0.4.2.20240507200902/iot_base_audio_effect-0.4.2.20240507200902.jar returned status 404
0.4.2.20240508114039			IOException: Tail request on https://maven-central.storage-download.googleapis.com/maven2/com/netease/cloudmusic/iotsdk/iot_base_audio_effect/0.4.2.20240508114039/iot_base_audio_effect-0.4.2.20240508114039.jar returned status 404
0.4.2.20240508144656			IOException: Tail request on https://maven-central.storage-download.googleapis.com/maven2/com/netease/cloudmusic/iotsdk/iot_base_audio_effect/0.4.2.20240508144656/iot_base_audio_effect-0.4.2.20240508144656.jar returned status 404
0.4.2.20240510160829			IOException: Tail request on https://maven-central.storage-download.googleapis.com/maven2/com/netease/cloudmusic/iotsdk/iot_base_audio_effect/0.4.2.20240510160829/iot_base_audio_effect-0.4.2.20240510160829.jar returned status 404
0.4.2.20240510163416			IOException: Tail request on https://maven-central.storage-download.googleapis.com/maven2/com/netease/cloudmusic/iotsdk/iot_base_audio_effect/0.4.2.20240510163416/iot_base_audio_effect-0.4.2.20240510163416.jar returned status 404
0.4.2.20240513193448			IOException: Tail request on https://maven-central.storage-download.googleapis.com/maven2/com/netease/cloudmusic/iotsdk/iot_base_audio_effect/0.4.2.20240513193448/iot_base_audio_effect-0.4.2.20240513193448.jar returned status 404
0.4.2.20240516161246			IOException: Tail request on https://maven-central.storage-download.googleapis.com/maven2/com/netease/cloudmusic/iotsdk/iot_base_audio_effect/0.4.2.20240516161246/iot_base_audio_effect-0.4.2.20240516161246.jar returned status 404
0.4.2.20240516164215			IOException: Tail request on https://maven-central.storage-download.googleapis.com/maven2/com/netease/cloudmusic/iotsdk/iot_base_audio_effect/0.4.2.20240516164215/iot_base_audio_effect-0.4.2.20240516164215.jar returned status 404
0.4.2.20240516171927			IOException: Tail request on https://maven-central.storage-download.googleapis.com/maven2/com/netease/cloudmusic/iotsdk/iot_base_audio_effect/0.4.2.20240516171927/iot_base_audio_effect-0.4.2.20240516171927.jar returned status 404
0.4.2.20240516201641			IOException: Tail request on https://maven-central.storage-download.googleapis.com/maven2/com/netease/cloudmusic/iotsdk/iot_base_audio_effect/0.4.2.20240516201641/iot_base_audio_effect-0.4.2.20240516201641.jar returned status 404
0.4.2.20240520170724			IOException: Tail request on https://maven-central.storage-download.googleapis.com/maven2/com/netease/cloudmusic/iotsdk/iot_base_audio_effect/0.4.2.20240520170724/iot_base_audio_effect-0.4.2.20240520170724.jar returned status 404
0.4.2.20240520200023			IOException: Tail request on https://maven-central.storage-download.googleapis.com/maven2/com/netease/cloudmusic/iotsdk/iot_base_audio_effect/0.4.2.20240520200023/iot_base_audio_effect-0.4.2.20240520200023.jar returned status 404
0.4.2.20240521103544			IOException: Tail request on https://maven-central.storage-download.googleapis.com/maven2/com/netease/cloudmusic/iotsdk/iot_base_audio_effect/0.4.2.20240521103544/iot_base_audio_effect-0.4.2.20240521103544.jar returned status 404
0.4.2.20240523205502			IOException: Tail request on https://maven-central.storage-download.googleapis.com/maven2/com/netease/cloudmusic/iotsdk/iot_base_audio_effect/0.4.2.20240523205502/iot_base_audio_effect-0.4.2.20240523205502.jar returned status 404
0.4.2.20240524105711			IOException: Tail request on https://maven-central.storage-download.googleapis.com/maven2/com/netease/cloudmusic/iotsdk/iot_base_audio_effect/0.4.2.20240524105711/iot_base_audio_effect-0.4.2.20240524105711.jar returned status 404
0.4.2.20240528212023			IOException: Tail request on https://maven-central.storage-download.googleapis.com/maven2/com/netease/cloudmusic/iotsdk/iot_base_audio_effect/0.4.2.20240528212023/iot_base_audio_effect-0.4.2.20240528212023.jar returned status 404
0.4.2.20240529152003			IOException: Tail request on https://maven-central.storage-download.googleapis.com/maven2/com/netease/cloudmusic/iotsdk/iot_base_audio_effect/0.4.2.20240529152003/iot_base_audio_effect-0.4.2.20240529152003.jar returned status 404
0.4.2.20240529163020			IOException: Tail request on https://maven-central.storage-download.googleapis.com/maven2/com/netease/cloudmusic/iotsdk/iot_base_audio_effect/0.4.2.20240529163020/iot_base_audio_effect-0.4.2.20240529163020.jar returned status 404
0.4.2.20240529174559			IOException: Tail request on https://maven-central.storage-download.googleapis.com/maven2/com/netease/cloudmusic/iotsdk/iot_base_audio_effect/0.4.2.20240529174559/iot_base_audio_effect-0.4.2.20240529174559.jar returned status 404
0.4.2.20240530163132			IOException: Tail request on https://maven-central.storage-download.googleapis.com/maven2/com/netease/cloudmusic/iotsdk/iot_base_audio_effect/0.4.2.20240530163132/iot_base_audio_effect-0.4.2.20240530163132.jar returned status 404
0.4.2.20240530180429			IOException: Tail request on https://maven-central.storage-download.googleapis.com/maven2/com/netease/cloudmusic/iotsdk/iot_base_audio_effect/0.4.2.20240530180429/iot_base_audio_effect-0.4.2.20240530180429.jar returned status 404
0.4.2.20240530191115			IOException: Tail request on https://maven-central.storage-download.googleapis.com/maven2/com/netease/cloudmusic/iotsdk/iot_base_audio_effect/0.4.2.20240530191115/iot_base_audio_effect-0.4.2.20240530191115.jar returned status 404
0.4.2.20240530200631			IOException: Tail request on https://maven-central.storage-download.googleapis.com/maven2/com/netease/cloudmusic/iotsdk/iot_base_audio_effect/0.4.2.20240530200631/iot_base_audio_effect-0.4.2.20240530200631.jar returned status 404
0.4.2.20240530211714			IOException: Tail request on https://maven-central.storage-download.googleapis.com/maven2/com/netease/cloudmusic/iotsdk/iot_base_audio_effect/0.4.2.20240530211714/iot_base_audio_effect-0.4.2.20240530211714.jar returned status 404
0.4.2.20240531110631			IOException: Tail request on https://maven-central.storage-download.googleapis.com/maven2/com/netease/cloudmusic/iotsdk/iot_base_audio_effect/0.4.2.20240531110631/iot_base_audio_effect-0.4.2.20240531110631.jar returned status 404
0.4.2.20240531115031			IOException: Tail request on https://maven-central.storage-download.googleapis.com/maven2/com/netease/cloudmusic/iotsdk/iot_base_audio_effect/0.4.2.20240531115031/iot_base_audio_effect-0.4.2.20240531115031.jar returned status 404
0.4.2.20240531141551			IOException: Tail request on https://maven-central.storage-download.googleapis.com/maven2/com/netease/cloudmusic/iotsdk/iot_base_audio_effect/0.4.2.20240531141551/iot_base_audio_effect-0.4.2.20240531141551.jar returned status 404
0.4.2.20240531184806			IOException: Tail request on https://maven-central.storage-download.googleapis.com/maven2/com/netease/cloudmusic/iotsdk/iot_base_audio_effect/0.4.2.20240531184806/iot_base_audio_effect-0.4.2.20240531184806.jar returned status 404
0.4.2.20240603164905			IOException: Tail request on https://maven-central.storage-download.googleapis.com/maven2/com/netease/cloudmusic/iotsdk/iot_base_audio_effect/0.4.2.20240603164905/iot_base_audio_effect-0.4.2.20240603164905.jar returned status 404
0.4.2.20240607144218			IOException: Tail request on https://maven-central.storage-download.googleapis.com/maven2/com/netease/cloudmusic/iotsdk/iot_base_audio_effect/0.4.2.20240607144218/iot_base_audio_effect-0.4.2.20240607144218.jar returned status 404
0.4.2.20240607155133			IOException: Tail request on https://maven-central.storage-download.googleapis.com/maven2/com/netease/cloudmusic/iotsdk/iot_base_audio_effect/0.4.2.20240607155133/iot_base_audio_effect-0.4.2.20240607155133.jar returned status 404
0.4.3-M9.20250328113612			IOException: Tail request on https://maven-central.storage-download.googleapis.com/maven2/com/netease/cloudmusic/iotsdk/iot_base_audio_effect/0.4.3-M9.20250328113612/iot_base_audio_effect-0.4.3-M9.20250328113612.jar returned status 404
0.4.3-S9.20250328121430			IOException: Tail request on https://maven-central.storage-download.googleapis.com/maven2/com/netease/cloudmusic/iotsdk/iot_base_audio_effect/0.4.3-S9.20250328121430/iot_base_audio_effect-0.4.3-S9.20250328121430.jar returned status 404
0.4.3.20240604193511			IOException: Tail request on https://maven-central.storage-download.googleapis.com/maven2/com/netease/cloudmusic/iotsdk/iot_base_audio_effect/0.4.3.20240604193511/iot_base_audio_effect-0.4.3.20240604193511.jar returned status 404
0.4.3.20240605132749			IOException: Tail request on https://maven-central.storage-download.googleapis.com/maven2/com/netease/cloudmusic/iotsdk/iot_base_audio_effect/0.4.3.20240605132749/iot_base_audio_effect-0.4.3.20240605132749.jar returned status 404
0.4.3.20240605203008			IOException: Tail request on https://maven-central.storage-download.googleapis.com/maven2/com/netease/cloudmusic/iotsdk/iot_base_audio_effect/0.4.3.20240605203008/iot_base_audio_effect-0.4.3.20240605203008.jar returned status 404
0.4.3.20240607181558			IOException: Tail request on https://maven-central.storage-download.googleapis.com/maven2/com/netease/cloudmusic/iotsdk/iot_base_audio_effect/0.4.3.20240607181558/iot_base_audio_effect-0.4.3.20240607181558.jar returned status 404
0.4.3.20240607184851			IOException: Tail request on https://maven-central.storage-download.googleapis.com/maven2/com/netease/cloudmusic/iotsdk/iot_base_audio_effect/0.4.3.20240607184851/iot_base_audio_effect-0.4.3.20240607184851.jar returned status 404
0.4.3.20240612102007			IOException: Tail request on https://maven-central.storage-download.googleapis.com/maven2/com/netease/cloudmusic/iotsdk/iot_base_audio_effect/0.4.3.20240612102007/iot_base_audio_effect-0.4.3.20240612102007.jar returned status 404
0.4.3.20240612161703			IOException: Tail request on https://maven-central.storage-download.googleapis.com/maven2/com/netease/cloudmusic/iotsdk/iot_base_audio_effect/0.4.3.20240612161703/iot_base_audio_effect-0.4.3.20240612161703.jar returned status 404
0.4.3.20240612200622			IOException: Tail request on https://maven-central.storage-download.googleapis.com/maven2/com/netease/cloudmusic/iotsdk/iot_base_audio_effect/0.4.3.20240612200622/iot_base_audio_effect-0.4.3.20240612200622.jar returned status 404
0.4.3.20240612214737			IOException: Tail request on https://maven-central.storage-download.googleapis.com/maven2/com/netease/cloudmusic/iotsdk/iot_base_audio_effect/0.4.3.20240612214737/iot_base_audio_effect-0.4.3.20240612214737.jar returned status 404
0.4.3.20240613110116			IOException: Tail request on https://maven-central.storage-download.googleapis.com/maven2/com/netease/cloudmusic/iotsdk/iot_base_audio_effect/0.4.3.20240613110116/iot_base_audio_effect-0.4.3.20240613110116.jar returned status 404
0.4.3.20240613122222			IOException: Tail request on https://maven-central.storage-download.googleapis.com/maven2/com/netease/cloudmusic/iotsdk/iot_base_audio_effect/0.4.3.20240613122222/iot_base_audio_effect-0.4.3.20240613122222.jar returned status 404
0.4.3.20240613195203			IOException: Tail request on https://maven-central.storage-download.googleapis.com/maven2/com/netease/cloudmusic/iotsdk/iot_base_audio_effect/0.4.3.20240613195203/iot_base_audio_effect-0.4.3.20240613195203.jar returned status 404
0.4.3.20240614101904			IOException: Tail request on https://maven-central.storage-download.googleapis.com/maven2/com/netease/cloudmusic/iotsdk/iot_base_audio_effect/0.4.3.20240614101904/iot_base_audio_effect-0.4.3.20240614101904.jar returned status 404
0.4.3.20240614175723			IOException: Tail request on https://maven-central.storage-download.googleapis.com/maven2/com/netease/cloudmusic/iotsdk/iot_base_audio_effect/0.4.3.20240614175723/iot_base_audio_effect-0.4.3.20240614175723.jar returned status 404
0.4.3.20240614183404			IOException: Tail request on https://maven-central.storage-download.googleapis.com/maven2/com/netease/cloudmusic/iotsdk/iot_base_audio_effect/0.4.3.20240614183404/iot_base_audio_effect-0.4.3.20240614183404.jar returned status 404
0.4.3.20240619100959			IOException: Tail request on https://maven-central.storage-download.googleapis.com/maven2/com/netease/cloudmusic/iotsdk/iot_base_audio_effect/0.4.3.20240619100959/iot_base_audio_effect-0.4.3.20240619100959.jar returned status 404
0.4.3.20240619184622			IOException: Tail request on https://maven-central.storage-download.googleapis.com/maven2/com/netease/cloudmusic/iotsdk/iot_base_audio_effect/0.4.3.20240619184622/iot_base_audio_effect-0.4.3.20240619184622.jar returned status 404
0.4.3.20240619191620			IOException: Tail request on https://maven-central.storage-download.googleapis.com/maven2/com/netease/cloudmusic/iotsdk/iot_base_audio_effect/0.4.3.20240619191620/iot_base_audio_effect-0.4.3.20240619191620.jar returned status 404
0.4.3.20240619212212			IOException: Tail request on https://maven-central.storage-download.googleapis.com/maven2/com/netease/cloudmusic/iotsdk/iot_base_audio_effect/0.4.3.20240619212212/iot_base_audio_effect-0.4.3.20240619212212.jar returned status 404
0.4.3.20240620101345			IOException: Tail request on https://maven-central.storage-download.googleapis.com/maven2/com/netease/cloudmusic/iotsdk/iot_base_audio_effect/0.4.3.20240620101345/iot_base_audio_effect-0.4.3.20240620101345.jar returned status 404
0.4.3.20240625160732			IOException: Tail request on https://maven-central.storage-download.googleapis.com/maven2/com/netease/cloudmusic/iotsdk/iot_base_audio_effect/0.4.3.20240625160732/iot_base_audio_effect-0.4.3.20240625160732.jar returned status 404
0.4.3.20240625193710			IOException: Tail request on https://maven-central.storage-download.googleapis.com/maven2/com/netease/cloudmusic/iotsdk/iot_base_audio_effect/0.4.3.20240625193710/iot_base_audio_effect-0.4.3.20240625193710.jar returned status 404
0.4.3.20240627121454			IOException: Tail request on https://maven-central.storage-download.googleapis.com/maven2/com/netease/cloudmusic/iotsdk/iot_base_audio_effect/0.4.3.20240627121454/iot_base_audio_effect-0.4.3.20240627121454.jar returned status 404
0.4.3.20240627162850			IOException: Tail request on https://maven-central.storage-download.googleapis.com/maven2/com/netease/cloudmusic/iotsdk/iot_base_audio_effect/0.4.3.20240627162850/iot_base_audio_effect-0.4.3.20240627162850.jar returned status 404
0.4.3.20240628144850			IOException: Tail request on https://maven-central.storage-download.googleapis.com/maven2/com/netease/cloudmusic/iotsdk/iot_base_audio_effect/0.4.3.20240628144850/iot_base_audio_effect-0.4.3.20240628144850.jar returned status 404
0.4.3.20240701152910			IOException: Tail request on https://maven-central.storage-download.googleapis.com/maven2/com/netease/cloudmusic/iotsdk/iot_base_audio_effect/0.4.3.20240701152910/iot_base_audio_effect-0.4.3.20240701152910.jar returned status 404
0.4.3.20240701183858			IOException: Tail request on https://maven-central.storage-download.googleapis.com/maven2/com/netease/cloudmusic/iotsdk/iot_base_audio_effect/0.4.3.20240701183858/iot_base_audio_effect-0.4.3.20240701183858.jar returned status 404
0.4.3.20240702145008			IOException: Tail request on https://maven-central.storage-download.googleapis.com/maven2/com/netease/cloudmusic/iotsdk/iot_base_audio_effect/0.4.3.20240702145008/iot_base_audio_effect-0.4.3.20240702145008.jar returned status 404
0.4.3.20240702185225			IOException: Tail request on https://maven-central.storage-download.googleapis.com/maven2/com/netease/cloudmusic/iotsdk/iot_base_audio_effect/0.4.3.20240702185225/iot_base_audio_effect-0.4.3.20240702185225.jar returned status 404
0.4.3.20240703180720			IOException: Tail request on https://maven-central.storage-download.googleapis.com/maven2/com/netease/cloudmusic/iotsdk/iot_base_audio_effect/0.4.3.20240703180720/iot_base_audio_effect-0.4.3.20240703180720.jar returned status 404
0.4.3.20240703184954			IOException: Tail request on https://maven-central.storage-download.googleapis.com/maven2/com/netease/cloudmusic/iotsdk/iot_base_audio_effect/0.4.3.20240703184954/iot_base_audio_effect-0.4.3.20240703184954.jar returned status 404
0.4.3.20240704122154			IOException: Tail request on https://maven-central.storage-download.googleapis.com/maven2/com/netease/cloudmusic/iotsdk/iot_base_audio_effect/0.4.3.20240704122154/iot_base_audio_effect-0.4.3.20240704122154.jar returned status 404
0.4.3.20240704141514			IOException: Tail request on https://maven-central.storage-download.googleapis.com/maven2/com/netease/cloudmusic/iotsdk/iot_base_audio_effect/0.4.3.20240704141514/iot_base_audio_effect-0.4.3.20240704141514.jar returned status 404
0.4.3.20240704143939			IOException: Tail request on https://maven-central.storage-download.googleapis.com/maven2/com/netease/cloudmusic/iotsdk/iot_base_audio_effect/0.4.3.20240704143939/iot_base_audio_effect-0.4.3.20240704143939.jar returned status 404
0.4.3.20240717113704			IOException: Tail request on https://maven-central.storage-download.googleapis.com/maven2/com/netease/cloudmusic/iotsdk/iot_base_audio_effect/0.4.3.20240717113704/iot_base_audio_effect-0.4.3.20240717113704.jar returned status 404
0.4.3.20241113182338			IOException: Tail request on https://maven-central.storage-download.googleapis.com/maven2/com/netease/cloudmusic/iotsdk/iot_base_audio_effect/0.4.3.20241113182338/iot_base_audio_effect-0.4.3.20241113182338.jar returned status 404
0.4.3.20241113191448			IOException: Tail request on https://maven-central.storage-download.googleapis.com/maven2/com/netease/cloudmusic/iotsdk/iot_base_audio_effect/0.4.3.20241113191448/iot_base_audio_effect-0.4.3.20241113191448.jar returned status 404
0.4.3.20241113202822			IOException: Tail request on https://maven-central.storage-download.googleapis.com/maven2/com/netease/cloudmusic/iotsdk/iot_base_audio_effect/0.4.3.20241113202822/iot_base_audio_effect-0.4.3.20241113202822.jar returned status 404
0.4.3.20241114102238			IOException: Tail request on https://maven-central.storage-download.googleapis.com/maven2/com/netease/cloudmusic/iotsdk/iot_base_audio_effect/0.4.3.20241114102238/iot_base_audio_effect-0.4.3.20241114102238.jar returned status 404
0.4.3.20241115105532			IOException: Tail request on https://maven-central.storage-download.googleapis.com/maven2/com/netease/cloudmusic/iotsdk/iot_base_audio_effect/0.4.3.20241115105532/iot_base_audio_effect-0.4.3.20241115105532.jar returned status 404
0.4.3.20241115164041			IOException: Tail request on https://maven-central.storage-download.googleapis.com/maven2/com/netease/cloudmusic/iotsdk/iot_base_audio_effect/0.4.3.20241115164041/iot_base_audio_effect-0.4.3.20241115164041.jar returned status 404
0.4.3.20241118110301			IOException: Tail request on https://maven-central.storage-download.googleapis.com/maven2/com/netease/cloudmusic/iotsdk/iot_base_audio_effect/0.4.3.20241118110301/iot_base_audio_effect-0.4.3.20241118110301.jar returned status 404
0.4.3.20241119102050			IOException: Tail request on https://maven-central.storage-download.googleapis.com/maven2/com/netease/cloudmusic/iotsdk/iot_base_audio_effect/0.4.3.20241119102050/iot_base_audio_effect-0.4.3.20241119102050.jar returned status 404
0.4.3.20241121170513			IOException: Tail request on https://maven-central.storage-download.googleapis.com/maven2/com/netease/cloudmusic/iotsdk/iot_base_audio_effect/0.4.3.20241121170513/iot_base_audio_effect-0.4.3.20241121170513.jar returned status 404
0.4.3.20241122162524			IOException: Tail request on https://maven-central.storage-download.googleapis.com/maven2/com/netease/cloudmusic/iotsdk/iot_base_audio_effect/0.4.3.20241122162524/iot_base_audio_effect-0.4.3.20241122162524.jar returned status 404
0.4.3.20241125110714			IOException: Tail request on https://maven-central.storage-download.googleapis.com/maven2/com/netease/cloudmusic/iotsdk/iot_base_audio_effect/0.4.3.20241125110714/iot_base_audio_effect-0.4.3.20241125110714.jar returned status 404
0.4.3.20241125143908			IOException: Tail request on https://maven-central.storage-download.googleapis.com/maven2/com/netease/cloudmusic/iotsdk/iot_base_audio_effect/0.4.3.20241125143908/iot_base_audio_effect-0.4.3.20241125143908.jar returned status 404
0.4.3.20241125172023			IOException: Tail request on https://maven-central.storage-download.googleapis.com/maven2/com/netease/cloudmusic/iotsdk/iot_base_audio_effect/0.4.3.20241125172023/iot_base_audio_effect-0.4.3.20241125172023.jar returned status 404
0.4.3.20241126133201			IOException: Tail request on https://maven-central.storage-download.googleapis.com/maven2/com/netease/cloudmusic/iotsdk/iot_base_audio_effect/0.4.3.20241126133201/iot_base_audio_effect-0.4.3.20241126133201.jar returned status 404
0.4.3.20241126174710			IOException: Tail request on https://maven-central.storage-download.googleapis.com/maven2/com/netease/cloudmusic/iotsdk/iot_base_audio_effect/0.4.3.20241126174710/iot_base_audio_effect-0.4.3.20241126174710.jar returned status 404
0.4.3.20241126201054			IOException: Tail request on https://maven-central.storage-download.googleapis.com/maven2/com/netease/cloudmusic/iotsdk/iot_base_audio_effect/0.4.3.20241126201054/iot_base_audio_effect-0.4.3.20241126201054.jar returned status 404
0.4.3.20241127150429			IOException: Tail request on https://maven-central.storage-download.googleapis.com/maven2/com/netease/cloudmusic/iotsdk/iot_base_audio_effect/0.4.3.20241127150429/iot_base_audio_effect-0.4.3.20241127150429.jar returned status 404
0.4.3.20241129185139			IOException: Tail request on https://maven-central.storage-download.googleapis.com/maven2/com/netease/cloudmusic/iotsdk/iot_base_audio_effect/0.4.3.20241129185139/iot_base_audio_effect-0.4.3.20241129185139.jar returned status 404
0.4.3.20241130231727			IOException: Tail request on https://maven-central.storage-download.googleapis.com/maven2/com/netease/cloudmusic/iotsdk/iot_base_audio_effect/0.4.3.20241130231727/iot_base_audio_effect-0.4.3.20241130231727.jar returned status 404
0.4.3.20241202161650			IOException: Tail request on https://maven-central.storage-download.googleapis.com/maven2/com/netease/cloudmusic/iotsdk/iot_base_audio_effect/0.4.3.20241202161650/iot_base_audio_effect-0.4.3.20241202161650.jar returned status 404
0.4.3.20241202172526			IOException: Tail request on https://maven-central.storage-download.googleapis.com/maven2/com/netease/cloudmusic/iotsdk/iot_base_audio_effect/0.4.3.20241202172526/iot_base_audio_effect-0.4.3.20241202172526.jar returned status 404
0.4.3.20241202204457			IOException: Tail request on https://maven-central.storage-download.googleapis.com/maven2/com/netease/cloudmusic/iotsdk/iot_base_audio_effect/0.4.3.20241202204457/iot_base_audio_effect-0.4.3.20241202204457.jar returned status 404
0.4.3.20241204201937			IOException: Tail request on https://maven-central.storage-download.googleapis.com/maven2/com/netease/cloudmusic/iotsdk/iot_base_audio_effect/0.4.3.20241204201937/iot_base_audio_effect-0.4.3.20241204201937.jar returned status 404
0.4.3.20241205144425			IOException: Tail request on https://maven-central.storage-download.googleapis.com/maven2/com/netease/cloudmusic/iotsdk/iot_base_audio_effect/0.4.3.20241205144425/iot_base_audio_effect-0.4.3.20241205144425.jar returned status 404
0.4.3.20241205194134			IOException: Tail request on https://maven-central.storage-download.googleapis.com/maven2/com/netease/cloudmusic/iotsdk/iot_base_audio_effect/0.4.3.20241205194134/iot_base_audio_effect-0.4.3.20241205194134.jar returned status 404
0.4.3.20241205203213			IOException: Tail request on https://maven-central.storage-download.googleapis.com/maven2/com/netease/cloudmusic/iotsdk/iot_base_audio_effect/0.4.3.20241205203213/iot_base_audio_effect-0.4.3.20241205203213.jar returned status 404
0.4.3.20241206102842			IOException: Tail request on https://maven-central.storage-download.googleapis.com/maven2/com/netease/cloudmusic/iotsdk/iot_base_audio_effect/0.4.3.20241206102842/iot_base_audio_effect-0.4.3.20241206102842.jar returned status 404
0.4.3.20241206104917			IOException: Tail request on https://maven-central.storage-download.googleapis.com/maven2/com/netease/cloudmusic/iotsdk/iot_base_audio_effect/0.4.3.20241206104917/iot_base_audio_effect-0.4.3.20241206104917.jar returned status 404
0.4.3.20241206121804			IOException: Tail request on https://maven-central.storage-download.googleapis.com/maven2/com/netease/cloudmusic/iotsdk/iot_base_audio_effect/0.4.3.20241206121804/iot_base_audio_effect-0.4.3.20241206121804.jar returned status 404
0.4.3.20241206170835			IOException: Tail request on https://maven-central.storage-download.googleapis.com/maven2/com/netease/cloudmusic/iotsdk/iot_base_audio_effect/0.4.3.20241206170835/iot_base_audio_effect-0.4.3.20241206170835.jar returned status 404
0.4.3.20241209164239			IOException: Tail request on https://maven-central.storage-download.googleapis.com/maven2/com/netease/cloudmusic/iotsdk/iot_base_audio_effect/0.4.3.20241209164239/iot_base_audio_effect-0.4.3.20241209164239.jar returned status 404
0.4.3.20241210113201			IOException: Tail request on https://maven-central.storage-download.googleapis.com/maven2/com/netease/cloudmusic/iotsdk/iot_base_audio_effect/0.4.3.20241210113201/iot_base_audio_effect-0.4.3.20241210113201.jar returned status 404
0.4.3.20241210150226			IOException: Tail request on https://maven-central.storage-download.googleapis.com/maven2/com/netease/cloudmusic/iotsdk/iot_base_audio_effect/0.4.3.20241210150226/iot_base_audio_effect-0.4.3.20241210150226.jar returned status 404
0.4.3.20241210154800			IOException: Tail request on https://maven-central.storage-download.googleapis.com/maven2/com/netease/cloudmusic/iotsdk/iot_base_audio_effect/0.4.3.20241210154800/iot_base_audio_effect-0.4.3.20241210154800.jar returned status 404
0.4.3.20241210215345			IOException: Tail request on https://maven-central.storage-download.googleapis.com/maven2/com/netease/cloudmusic/iotsdk/iot_base_audio_effect/0.4.3.20241210215345/iot_base_audio_effect-0.4.3.20241210215345.jar returned status 404
0.4.3.20241210222135			IOException: Tail request on https://maven-central.storage-download.googleapis.com/maven2/com/netease/cloudmusic/iotsdk/iot_base_audio_effect/0.4.3.20241210222135/iot_base_audio_effect-0.4.3.20241210222135.jar returned status 404
0.4.3.20241211132915			IOException: Tail request on https://maven-central.storage-download.googleapis.com/maven2/com/netease/cloudmusic/iotsdk/iot_base_audio_effect/0.4.3.20241211132915/iot_base_audio_effect-0.4.3.20241211132915.jar returned status 404
0.4.3.20241213150900			IOException: Tail request on https://maven-central.storage-download.googleapis.com/maven2/com/netease/cloudmusic/iotsdk/iot_base_audio_effect/0.4.3.20241213150900/iot_base_audio_effect-0.4.3.20241213150900.jar returned status 404
0.4.3.20241213164556			IOException: Tail request on https://maven-central.storage-download.googleapis.com/maven2/com/netease/cloudmusic/iotsdk/iot_base_audio_effect/0.4.3.20241213164556/iot_base_audio_effect-0.4.3.20241213164556.jar returned status 404
0.4.3.20241216181948			IOException: Tail request on https://maven-central.storage-download.googleapis.com/maven2/com/netease/cloudmusic/iotsdk/iot_base_audio_effect/0.4.3.20241216181948/iot_base_audio_effect-0.4.3.20241216181948.jar returned status 404
0.4.3.20241218153920			IOException: Tail request on https://maven-central.storage-download.googleapis.com/maven2/com/netease/cloudmusic/iotsdk/iot_base_audio_effect/0.4.3.20241218153920/iot_base_audio_effect-0.4.3.20241218153920.jar returned status 404
0.4.3.20241218203354			IOException: Tail request on https://maven-central.storage-download.googleapis.com/maven2/com/netease/cloudmusic/iotsdk/iot_base_audio_effect/0.4.3.20241218203354/iot_base_audio_effect-0.4.3.20241218203354.jar returned status 404
0.4.3.20241219120814			IOException: Tail request on https://maven-central.storage-download.googleapis.com/maven2/com/netease/cloudmusic/iotsdk/iot_base_audio_effect/0.4.3.20241219120814/iot_base_audio_effect-0.4.3.20241219120814.jar returned status 404
0.4.3.20241219141127			IOException: Tail request on https://maven-central.storage-download.googleapis.com/maven2/com/netease/cloudmusic/iotsdk/iot_base_audio_effect/0.4.3.20241219141127/iot_base_audio_effect-0.4.3.20241219141127.jar returned status 404
0.4.3.20241219151854			IOException: Tail request on https://maven-central.storage-download.googleapis.com/maven2/com/netease/cloudmusic/iotsdk/iot_base_audio_effect/0.4.3.20241219151854/iot_base_audio_effect-0.4.3.20241219151854.jar returned status 404
0.4.3.20241219170528			IOException: Tail request on https://maven-central.storage-download.googleapis.com/maven2/com/netease/cloudmusic/iotsdk/iot_base_audio_effect/0.4.3.20241219170528/iot_base_audio_effect-0.4.3.20241219170528.jar returned status 404
0.4.3.20241219181237			IOException: Tail request on https://maven-central.storage-download.googleapis.com/maven2/com/netease/cloudmusic/iotsdk/iot_base_audio_effect/0.4.3.20241219181237/iot_base_audio_effect-0.4.3.20241219181237.jar returned status 404
0.4.3.20241219214446			IOException: Tail request on https://maven-central.storage-download.googleapis.com/maven2/com/netease/cloudmusic/iotsdk/iot_base_audio_effect/0.4.3.20241219214446/iot_base_audio_effect-0.4.3.20241219214446.jar returned status 404
0.4.3.20241220142408			IOException: Tail request on https://maven-central.storage-download.googleapis.com/maven2/com/netease/cloudmusic/iotsdk/iot_base_audio_effect/0.4.3.20241220142408/iot_base_audio_effect-0.4.3.20241220142408.jar returned status 404
0.4.3.20241220170839			IOException: Tail request on https://maven-central.storage-download.googleapis.com/maven2/com/netease/cloudmusic/iotsdk/iot_base_audio_effect/0.4.3.20241220170839/iot_base_audio_effect-0.4.3.20241220170839.jar returned status 404
0.4.3.20241220183341			IOException: Tail request on https://maven-central.storage-download.googleapis.com/maven2/com/netease/cloudmusic/iotsdk/iot_base_audio_effect/0.4.3.20241220183341/iot_base_audio_effect-0.4.3.20241220183341.jar returned status 404
0.4.3.20241220194822			IOException: Tail request on https://maven-central.storage-download.googleapis.com/maven2/com/netease/cloudmusic/iotsdk/iot_base_audio_effect/0.4.3.20241220194822/iot_base_audio_effect-0.4.3.20241220194822.jar returned status 404
0.4.3.20241224161649			IOException: Tail request on https://maven-central.storage-download.googleapis.com/maven2/com/netease/cloudmusic/iotsdk/iot_base_audio_effect/0.4.3.20241224161649/iot_base_audio_effect-0.4.3.20241224161649.jar returned status 404
0.4.3.20241225103757			IOException: Tail request on https://maven-central.storage-download.googleapis.com/maven2/com/netease/cloudmusic/iotsdk/iot_base_audio_effect/0.4.3.20241225103757/iot_base_audio_effect-0.4.3.20241225103757.jar returned status 404
0.4.3.20241226160026			IOException: Tail request on https://maven-central.storage-download.googleapis.com/maven2/com/netease/cloudmusic/iotsdk/iot_base_audio_effect/0.4.3.20241226160026/iot_base_audio_effect-0.4.3.20241226160026.jar returned status 404
0.4.3.20241227140932			IOException: Tail request on https://maven-central.storage-download.googleapis.com/maven2/com/netease/cloudmusic/iotsdk/iot_base_audio_effect/0.4.3.20241227140932/iot_base_audio_effect-0.4.3.20241227140932.jar returned status 404
0.4.3.20250102172036			IOException: Tail request on https://maven-central.storage-download.googleapis.com/maven2/com/netease/cloudmusic/iotsdk/iot_base_audio_effect/0.4.3.20250102172036/iot_base_audio_effect-0.4.3.20250102172036.jar returned status 404
0.4.3.20250103111727			IOException: Tail request on https://maven-central.storage-download.googleapis.com/maven2/com/netease/cloudmusic/iotsdk/iot_base_audio_effect/0.4.3.20250103111727/iot_base_audio_effect-0.4.3.20250103111727.jar returned status 404
0.4.3.20250106140736			IOException: Tail request on https://maven-central.storage-download.googleapis.com/maven2/com/netease/cloudmusic/iotsdk/iot_base_audio_effect/0.4.3.20250106140736/iot_base_audio_effect-0.4.3.20250106140736.jar returned status 404
0.4.3.20250107111447			IOException: Tail request on https://maven-central.storage-download.googleapis.com/maven2/com/netease/cloudmusic/iotsdk/iot_base_audio_effect/0.4.3.20250107111447/iot_base_audio_effect-0.4.3.20250107111447.jar returned status 404
0.4.3.20250107140103			IOException: Tail request on https://maven-central.storage-download.googleapis.com/maven2/com/netease/cloudmusic/iotsdk/iot_base_audio_effect/0.4.3.20250107140103/iot_base_audio_effect-0.4.3.20250107140103.jar returned status 404
0.4.3.20250109172158			IOException: Tail request on https://maven-central.storage-download.googleapis.com/maven2/com/netease/cloudmusic/iotsdk/iot_base_audio_effect/0.4.3.20250109172158/iot_base_audio_effect-0.4.3.20250109172158.jar returned status 404
0.4.3.20250109203455			IOException: Tail request on https://maven-central.storage-download.googleapis.com/maven2/com/netease/cloudmusic/iotsdk/iot_base_audio_effect/0.4.3.20250109203455/iot_base_audio_effect-0.4.3.20250109203455.jar returned status 404
0.4.3.20250110141023			IOException: Tail request on https://maven-central.storage-download.googleapis.com/maven2/com/netease/cloudmusic/iotsdk/iot_base_audio_effect/0.4.3.20250110141023/iot_base_audio_effect-0.4.3.20250110141023.jar returned status 404
0.4.3.20250111193843			IOException: Tail request on https://maven-central.storage-download.googleapis.com/maven2/com/netease/cloudmusic/iotsdk/iot_base_audio_effect/0.4.3.20250111193843/iot_base_audio_effect-0.4.3.20250111193843.jar returned status 404
0.4.3.20250114145120			IOException: Tail request on https://maven-central.storage-download.googleapis.com/maven2/com/netease/cloudmusic/iotsdk/iot_base_audio_effect/0.4.3.20250114145120/iot_base_audio_effect-0.4.3.20250114145120.jar returned status 404
0.4.3.20250114160556			IOException: Tail request on https://maven-central.storage-download.googleapis.com/maven2/com/netease/cloudmusic/iotsdk/iot_base_audio_effect/0.4.3.20250114160556/iot_base_audio_effect-0.4.3.20250114160556.jar returned status 404
0.4.3.20250115150036			IOException: Tail request on https://maven-central.storage-download.googleapis.com/maven2/com/netease/cloudmusic/iotsdk/iot_base_audio_effect/0.4.3.20250115150036/iot_base_audio_effect-0.4.3.20250115150036.jar returned status 404
0.4.3.20250122114844			IOException: Tail request on https://maven-central.storage-download.googleapis.com/maven2/com/netease/cloudmusic/iotsdk/iot_base_audio_effect/0.4.3.20250122114844/iot_base_audio_effect-0.4.3.20250122114844.jar returned status 404
0.4.3.20250207154419			IOException: Tail request on https://maven-central.storage-download.googleapis.com/maven2/com/netease/cloudmusic/iotsdk/iot_base_audio_effect/0.4.3.20250207154419/iot_base_audio_effect-0.4.3.20250207154419.jar returned status 404
0.4.3.20250210122659			IOException: Tail request on https://maven-central.storage-download.googleapis.com/maven2/com/netease/cloudmusic/iotsdk/iot_base_audio_effect/0.4.3.20250210122659/iot_base_audio_effect-0.4.3.20250210122659.jar returned status 404
0.4.3.20250210154914			IOException: Tail request on https://maven-central.storage-download.googleapis.com/maven2/com/netease/cloudmusic/iotsdk/iot_base_audio_effect/0.4.3.20250210154914/iot_base_audio_effect-0.4.3.20250210154914.jar returned status 404
0.4.3.20250210161720			IOException: Tail request on https://maven-central.storage-download.googleapis.com/maven2/com/netease/cloudmusic/iotsdk/iot_base_audio_effect/0.4.3.20250210161720/iot_base_audio_effect-0.4.3.20250210161720.jar returned status 404
0.4.3.20250211155335			IOException: Tail request on https://maven-central.storage-download.googleapis.com/maven2/com/netease/cloudmusic/iotsdk/iot_base_audio_effect/0.4.3.20250211155335/iot_base_audio_effect-0.4.3.20250211155335.jar returned status 404
0.4.3.20250211181233			IOException: Tail request on https://maven-central.storage-download.googleapis.com/maven2/com/netease/cloudmusic/iotsdk/iot_base_audio_effect/0.4.3.20250211181233/iot_base_audio_effect-0.4.3.20250211181233.jar returned status 404
0.4.3.20250212102125			IOException: Tail request on https://maven-central.storage-download.googleapis.com/maven2/com/netease/cloudmusic/iotsdk/iot_base_audio_effect/0.4.3.20250212102125/iot_base_audio_effect-0.4.3.20250212102125.jar returned status 404
0.4.3.20250212140334			IOException: Tail request on https://maven-central.storage-download.googleapis.com/maven2/com/netease/cloudmusic/iotsdk/iot_base_audio_effect/0.4.3.20250212140334/iot_base_audio_effect-0.4.3.20250212140334.jar returned status 404
0.4.3.20250212153509			IOException: Tail request on https://maven-central.storage-download.googleapis.com/maven2/com/netease/cloudmusic/iotsdk/iot_base_audio_effect/0.4.3.20250212153509/iot_base_audio_effect-0.4.3.20250212153509.jar returned status 404
0.4.3.20250212163129			IOException: Tail request on https://maven-central.storage-download.googleapis.com/maven2/com/netease/cloudmusic/iotsdk/iot_base_audio_effect/0.4.3.20250212163129/iot_base_audio_effect-0.4.3.20250212163129.jar returned status 404
0.4.3.20250212165519			IOException: Tail request on https://maven-central.storage-download.googleapis.com/maven2/com/netease/cloudmusic/iotsdk/iot_base_audio_effect/0.4.3.20250212165519/iot_base_audio_effect-0.4.3.20250212165519.jar returned status 404
0.4.3.20250213102245			IOException: Tail request on https://maven-central.storage-download.googleapis.com/maven2/com/netease/cloudmusic/iotsdk/iot_base_audio_effect/0.4.3.20250213102245/iot_base_audio_effect-0.4.3.20250213102245.jar returned status 404
0.4.3.20250213105446			IOException: Tail request on https://maven-central.storage-download.googleapis.com/maven2/com/netease/cloudmusic/iotsdk/iot_base_audio_effect/0.4.3.20250213105446/iot_base_audio_effect-0.4.3.20250213105446.jar returned status 404
0.4.3.20250213143959			IOException: Tail request on https://maven-central.storage-download.googleapis.com/maven2/com/netease/cloudmusic/iotsdk/iot_base_audio_effect/0.4.3.20250213143959/iot_base_audio_effect-0.4.3.20250213143959.jar returned status 404
0.4.3.20250213152057			IOException: Tail request on https://maven-central.storage-download.googleapis.com/maven2/com/netease/cloudmusic/iotsdk/iot_base_audio_effect/0.4.3.20250213152057/iot_base_audio_effect-0.4.3.20250213152057.jar returned status 404
0.4.3.20250213160921			IOException: Tail request on https://maven-central.storage-download.googleapis.com/maven2/com/netease/cloudmusic/iotsdk/iot_base_audio_effect/0.4.3.20250213160921/iot_base_audio_effect-0.4.3.20250213160921.jar returned status 404
0.4.3.20250213163714			IOException: Tail request on https://maven-central.storage-download.googleapis.com/maven2/com/netease/cloudmusic/iotsdk/iot_base_audio_effect/0.4.3.20250213163714/iot_base_audio_effect-0.4.3.20250213163714.jar returned status 404
0.4.3.20250213195015			IOException: Tail request on https://maven-central.storage-download.googleapis.com/maven2/com/netease/cloudmusic/iotsdk/iot_base_audio_effect/0.4.3.20250213195015/iot_base_audio_effect-0.4.3.20250213195015.jar returned status 404
0.4.3.20250213204449			IOException: Tail request on https://maven-central.storage-download.googleapis.com/maven2/com/netease/cloudmusic/iotsdk/iot_base_audio_effect/0.4.3.20250213204449/iot_base_audio_effect-0.4.3.20250213204449.jar returned status 404
0.4.3.20250214154728			IOException: Tail request on https://maven-central.storage-download.googleapis.com/maven2/com/netease/cloudmusic/iotsdk/iot_base_audio_effect/0.4.3.20250214154728/iot_base_audio_effect-0.4.3.20250214154728.jar returned status 404
0.4.3.20250214174338			IOException: Tail request on https://maven-central.storage-download.googleapis.com/maven2/com/netease/cloudmusic/iotsdk/iot_base_audio_effect/0.4.3.20250214174338/iot_base_audio_effect-0.4.3.20250214174338.jar returned status 404
0.4.3.20250217103209			IOException: Tail request on https://maven-central.storage-download.googleapis.com/maven2/com/netease/cloudmusic/iotsdk/iot_base_audio_effect/0.4.3.20250217103209/iot_base_audio_effect-0.4.3.20250217103209.jar returned status 404
0.4.3.20250217112511			IOException: Tail request on https://maven-central.storage-download.googleapis.com/maven2/com/netease/cloudmusic/iotsdk/iot_base_audio_effect/0.4.3.20250217112511/iot_base_audio_effect-0.4.3.20250217112511.jar returned status 404
0.4.3.20250217141917			IOException: Tail request on https://maven-central.storage-download.googleapis.com/maven2/com/netease/cloudmusic/iotsdk/iot_base_audio_effect/0.4.3.20250217141917/iot_base_audio_effect-0.4.3.20250217141917.jar returned status 404
0.4.3.20250217150822			IOException: Tail request on https://maven-central.storage-download.googleapis.com/maven2/com/netease/cloudmusic/iotsdk/iot_base_audio_effect/0.4.3.20250217150822/iot_base_audio_effect-0.4.3.20250217150822.jar returned status 404
0.4.3.20250217153053			IOException: Tail request on https://maven-central.storage-download.googleapis.com/maven2/com/netease/cloudmusic/iotsdk/iot_base_audio_effect/0.4.3.20250217153053/iot_base_audio_effect-0.4.3.20250217153053.jar returned status 404
0.4.3.20250218110404			IOException: Tail request on https://maven-central.storage-download.googleapis.com/maven2/com/netease/cloudmusic/iotsdk/iot_base_audio_effect/0.4.3.20250218110404/iot_base_audio_effect-0.4.3.20250218110404.jar returned status 404
0.4.3.20250218125752			IOException: Tail request on https://maven-central.storage-download.googleapis.com/maven2/com/netease/cloudmusic/iotsdk/iot_base_audio_effect/0.4.3.20250218125752/iot_base_audio_effect-0.4.3.20250218125752.jar returned status 404
0.4.3.20250219142010			IOException: Tail request on https://maven-central.storage-download.googleapis.com/maven2/com/netease/cloudmusic/iotsdk/iot_base_audio_effect/0.4.3.20250219142010/iot_base_audio_effect-0.4.3.20250219142010.jar returned status 404
0.4.3.20250219173119			IOException: Tail request on https://maven-central.storage-download.googleapis.com/maven2/com/netease/cloudmusic/iotsdk/iot_base_audio_effect/0.4.3.20250219173119/iot_base_audio_effect-0.4.3.20250219173119.jar returned status 404
0.4.3.20250219175206			IOException: Tail request on https://maven-central.storage-download.googleapis.com/maven2/com/netease/cloudmusic/iotsdk/iot_base_audio_effect/0.4.3.20250219175206/iot_base_audio_effect-0.4.3.20250219175206.jar returned status 404
0.4.3.20250219183301			IOException: Tail request on https://maven-central.storage-download.googleapis.com/maven2/com/netease/cloudmusic/iotsdk/iot_base_audio_effect/0.4.3.20250219183301/iot_base_audio_effect-0.4.3.20250219183301.jar returned status 404
0.4.3.20250219193116			IOException: Tail request on https://maven-central.storage-download.googleapis.com/maven2/com/netease/cloudmusic/iotsdk/iot_base_audio_effect/0.4.3.20250219193116/iot_base_audio_effect-0.4.3.20250219193116.jar returned status 404
0.4.3.20250219201645			IOException: Tail request on https://maven-central.storage-download.googleapis.com/maven2/com/netease/cloudmusic/iotsdk/iot_base_audio_effect/0.4.3.20250219201645/iot_base_audio_effect-0.4.3.20250219201645.jar returned status 404
0.4.3.20250219221240			IOException: Tail request on https://maven-central.storage-download.googleapis.com/maven2/com/netease/cloudmusic/iotsdk/iot_base_audio_effect/0.4.3.20250219221240/iot_base_audio_effect-0.4.3.20250219221240.jar returned status 404
0.4.3.20250219235229			IOException: Tail request on https://maven-central.storage-download.googleapis.com/maven2/com/netease/cloudmusic/iotsdk/iot_base_audio_effect/0.4.3.20250219235229/iot_base_audio_effect-0.4.3.20250219235229.jar returned status 404
0.4.3.20250220102220			IOException: Tail request on https://maven-central.storage-download.googleapis.com/maven2/com/netease/cloudmusic/iotsdk/iot_base_audio_effect/0.4.3.20250220102220/iot_base_audio_effect-0.4.3.20250220102220.jar returned status 404
0.4.3.20250220104341			IOException: Tail request on https://maven-central.storage-download.googleapis.com/maven2/com/netease/cloudmusic/iotsdk/iot_base_audio_effect/0.4.3.20250220104341/iot_base_audio_effect-0.4.3.20250220104341.jar returned status 404
0.4.3.20250220205503			IOException: Tail request on https://maven-central.storage-download.googleapis.com/maven2/com/netease/cloudmusic/iotsdk/iot_base_audio_effect/0.4.3.20250220205503/iot_base_audio_effect-0.4.3.20250220205503.jar returned status 404
0.4.3.20250221102906			IOException: Tail request on https://maven-central.storage-download.googleapis.com/maven2/com/netease/cloudmusic/iotsdk/iot_base_audio_effect/0.4.3.20250221102906/iot_base_audio_effect-0.4.3.20250221102906.jar returned status 404
0.4.3.20250221144711			IOException: Tail request on https://maven-central.storage-download.googleapis.com/maven2/com/netease/cloudmusic/iotsdk/iot_base_audio_effect/0.4.3.20250221144711/iot_base_audio_effect-0.4.3.20250221144711.jar returned status 404
0.4.3.20250224145906			IOException: Tail request on https://maven-central.storage-download.googleapis.com/maven2/com/netease/cloudmusic/iotsdk/iot_base_audio_effect/0.4.3.20250224145906/iot_base_audio_effect-0.4.3.20250224145906.jar returned status 404
0.4.3.20250224204510			IOException: Tail request on https://maven-central.storage-download.googleapis.com/maven2/com/netease/cloudmusic/iotsdk/iot_base_audio_effect/0.4.3.20250224204510/iot_base_audio_effect-0.4.3.20250224204510.jar returned status 404
0.4.3.20250225103744			IOException: Tail request on https://maven-central.storage-download.googleapis.com/maven2/com/netease/cloudmusic/iotsdk/iot_base_audio_effect/0.4.3.20250225103744/iot_base_audio_effect-0.4.3.20250225103744.jar returned status 404
0.4.3.20250225150227			IOException: Tail request on https://maven-central.storage-download.googleapis.com/maven2/com/netease/cloudmusic/iotsdk/iot_base_audio_effect/0.4.3.20250225150227/iot_base_audio_effect-0.4.3.20250225150227.jar returned status 404
0.4.3.20250225164407			IOException: Tail request on https://maven-central.storage-download.googleapis.com/maven2/com/netease/cloudmusic/iotsdk/iot_base_audio_effect/0.4.3.20250225164407/iot_base_audio_effect-0.4.3.20250225164407.jar returned status 404
0.4.3.20250225171738			IOException: Tail request on https://maven-central.storage-download.googleapis.com/maven2/com/netease/cloudmusic/iotsdk/iot_base_audio_effect/0.4.3.20250225171738/iot_base_audio_effect-0.4.3.20250225171738.jar returned status 404
0.4.3.20250225183555			IOException: Tail request on https://maven-central.storage-download.googleapis.com/maven2/com/netease/cloudmusic/iotsdk/iot_base_audio_effect/0.4.3.20250225183555/iot_base_audio_effect-0.4.3.20250225183555.jar returned status 404
0.4.3.20250225192205			IOException: Tail request on https://maven-central.storage-download.googleapis.com/maven2/com/netease/cloudmusic/iotsdk/iot_base_audio_effect/0.4.3.20250225192205/iot_base_audio_effect-0.4.3.20250225192205.jar returned status 404
0.4.3.20250226171500			IOException: Tail request on https://maven-central.storage-download.googleapis.com/maven2/com/netease/cloudmusic/iotsdk/iot_base_audio_effect/0.4.3.20250226171500/iot_base_audio_effect-0.4.3.20250226171500.jar returned status 404
0.4.3.20250226182834			IOException: Tail request on https://maven-central.storage-download.googleapis.com/maven2/com/netease/cloudmusic/iotsdk/iot_base_audio_effect/0.4.3.20250226182834/iot_base_audio_effect-0.4.3.20250226182834.jar returned status 404
0.4.3.20250227103235			IOException: Tail request on https://maven-central.storage-download.googleapis.com/maven2/com/netease/cloudmusic/iotsdk/iot_base_audio_effect/0.4.3.20250227103235/iot_base_audio_effect-0.4.3.20250227103235.jar returned status 404
0.4.3.20250227144001			IOException: Tail request on https://maven-central.storage-download.googleapis.com/maven2/com/netease/cloudmusic/iotsdk/iot_base_audio_effect/0.4.3.20250227144001/iot_base_audio_effect-0.4.3.20250227144001.jar returned status 404
0.4.3.20250303143951			IOException: Tail request on https://maven-central.storage-download.googleapis.com/maven2/com/netease/cloudmusic/iotsdk/iot_base_audio_effect/0.4.3.20250303143951/iot_base_audio_effect-0.4.3.20250303143951.jar returned status 404
0.4.3.20250303152530			IOException: Tail request on https://maven-central.storage-download.googleapis.com/maven2/com/netease/cloudmusic/iotsdk/iot_base_audio_effect/0.4.3.20250303152530/iot_base_audio_effect-0.4.3.20250303152530.jar returned status 404
0.4.3.20250303170035			IOException: Tail request on https://maven-central.storage-download.googleapis.com/maven2/com/netease/cloudmusic/iotsdk/iot_base_audio_effect/0.4.3.20250303170035/iot_base_audio_effect-0.4.3.20250303170035.jar returned status 404
0.4.3.20250304100752			IOException: Tail request on https://maven-central.storage-download.googleapis.com/maven2/com/netease/cloudmusic/iotsdk/iot_base_audio_effect/0.4.3.20250304100752/iot_base_audio_effect-0.4.3.20250304100752.jar returned status 404
0.4.3.20250305141559			IOException: Tail request on https://maven-central.storage-download.googleapis.com/maven2/com/netease/cloudmusic/iotsdk/iot_base_audio_effect/0.4.3.20250305141559/iot_base_audio_effect-0.4.3.20250305141559.jar returned status 404
0.4.3.20250307104820			IOException: Tail request on https://maven-central.storage-download.googleapis.com/maven2/com/netease/cloudmusic/iotsdk/iot_base_audio_effect/0.4.3.20250307104820/iot_base_audio_effect-0.4.3.20250307104820.jar returned status 404
0.4.3.20250311105317			IOException: Tail request on https://maven-central.storage-download.googleapis.com/maven2/com/netease/cloudmusic/iotsdk/iot_base_audio_effect/0.4.3.20250311105317/iot_base_audio_effect-0.4.3.20250311105317.jar returned status 404
0.4.3.20250313151006			IOException: Tail request on https://maven-central.storage-download.googleapis.com/maven2/com/netease/cloudmusic/iotsdk/iot_base_audio_effect/0.4.3.20250313151006/iot_base_audio_effect-0.4.3.20250313151006.jar returned status 404
0.4.3.20250318142024			IOException: Tail request on https://maven-central.storage-download.googleapis.com/maven2/com/netease/cloudmusic/iotsdk/iot_base_audio_effect/0.4.3.20250318142024/iot_base_audio_effect-0.4.3.20250318142024.jar returned status 404
0.4.3.20250318145207			IOException: Tail request on https://maven-central.storage-download.googleapis.com/maven2/com/netease/cloudmusic/iotsdk/iot_base_audio_effect/0.4.3.20250318145207/iot_base_audio_effect-0.4.3.20250318145207.jar returned status 404
0.4.3.20250318170729			IOException: Tail request on https://maven-central.storage-download.googleapis.com/maven2/com/netease/cloudmusic/iotsdk/iot_base_audio_effect/0.4.3.20250318170729/iot_base_audio_effect-0.4.3.20250318170729.jar returned status 404
0.4.3.20250318181537			IOException: Tail request on https://maven-central.storage-download.googleapis.com/maven2/com/netease/cloudmusic/iotsdk/iot_base_audio_effect/0.4.3.20250318181537/iot_base_audio_effect-0.4.3.20250318181537.jar returned status 404
0.4.3.20250319171543			IOException: Tail request on https://maven-central.storage-download.googleapis.com/maven2/com/netease/cloudmusic/iotsdk/iot_base_audio_effect/0.4.3.20250319171543/iot_base_audio_effect-0.4.3.20250319171543.jar returned status 404
0.4.3.20250320143730			IOException: Tail request on https://maven-central.storage-download.googleapis.com/maven2/com/netease/cloudmusic/iotsdk/iot_base_audio_effect/0.4.3.20250320143730/iot_base_audio_effect-0.4.3.20250320143730.jar returned status 404
0.4.3.20250321152829			IOException: Tail request on https://maven-central.storage-download.googleapis.com/maven2/com/netease/cloudmusic/iotsdk/iot_base_audio_effect/0.4.3.20250321152829/iot_base_audio_effect-0.4.3.20250321152829.jar returned status 404
0.4.3.20250324103648			IOException: Tail request on https://maven-central.storage-download.googleapis.com/maven2/com/netease/cloudmusic/iotsdk/iot_base_audio_effect/0.4.3.20250324103648/iot_base_audio_effect-0.4.3.20250324103648.jar returned status 404
0.4.3.20250325101202			IOException: Tail request on https://maven-central.storage-download.googleapis.com/maven2/com/netease/cloudmusic/iotsdk/iot_base_audio_effect/0.4.3.20250325101202/iot_base_audio_effect-0.4.3.20250325101202.jar returned status 404
0.4.3.20250326151017			IOException: Tail request on https://maven-central.storage-download.googleapis.com/maven2/com/netease/cloudmusic/iotsdk/iot_base_audio_effect/0.4.3.20250326151017/iot_base_audio_effect-0.4.3.20250326151017.jar returned status 404
0.4.3.20250326151621			IOException: Tail request on https://maven-central.storage-download.googleapis.com/maven2/com/netease/cloudmusic/iotsdk/iot_base_audio_effect/0.4.3.20250326151621/iot_base_audio_effect-0.4.3.20250326151621.jar returned status 404
0.4.3.20250326154204			IOException: Tail request on https://maven-central.storage-download.googleapis.com/maven2/com/netease/cloudmusic/iotsdk/iot_base_audio_effect/0.4.3.20250326154204/iot_base_audio_effect-0.4.3.20250326154204.jar returned status 404
0.4.3.20250326155427			IOException: Tail request on https://maven-central.storage-download.googleapis.com/maven2/com/netease/cloudmusic/iotsdk/iot_base_audio_effect/0.4.3.20250326155427/iot_base_audio_effect-0.4.3.20250326155427.jar returned status 404
0.4.3.20250326161728			IOException: Tail request on https://maven-central.storage-download.googleapis.com/maven2/com/netease/cloudmusic/iotsdk/iot_base_audio_effect/0.4.3.20250326161728/iot_base_audio_effect-0.4.3.20250326161728.jar returned status 404
0.4.3.20250328185824			IOException: Tail request on https://maven-central.storage-download.googleapis.com/maven2/com/netease/cloudmusic/iotsdk/iot_base_audio_effect/0.4.3.20250328185824/iot_base_audio_effect-0.4.3.20250328185824.jar returned status 404
0.4.3.20250328195009			IOException: Tail request on https://maven-central.storage-download.googleapis.com/maven2/com/netease/cloudmusic/iotsdk/iot_base_audio_effect/0.4.3.20250328195009/iot_base_audio_effect-0.4.3.20250328195009.jar returned status 404
0.4.3.20250331103105			IOException: Tail request on https://maven-central.storage-download.googleapis.com/maven2/com/netease/cloudmusic/iotsdk/iot_base_audio_effect/0.4.3.20250331103105/iot_base_audio_effect-0.4.3.20250331103105.jar returned status 404
0.4.3.20250331115805			IOException: Tail request on https://maven-central.storage-download.googleapis.com/maven2/com/netease/cloudmusic/iotsdk/iot_base_audio_effect/0.4.3.20250331115805/iot_base_audio_effect-0.4.3.20250331115805.jar returned status 404
0.4.3.20250331143329			IOException: Tail request on https://maven-central.storage-download.googleapis.com/maven2/com/netease/cloudmusic/iotsdk/iot_base_audio_effect/0.4.3.20250331143329/iot_base_audio_effect-0.4.3.20250331143329.jar returned status 404
0.4.3.20250402103903			IOException: Tail request on https://maven-central.storage-download.googleapis.com/maven2/com/netease/cloudmusic/iotsdk/iot_base_audio_effect/0.4.3.20250402103903/iot_base_audio_effect-0.4.3.20250402103903.jar returned status 404
0.4.3.20250402153904			IOException: Tail request on https://maven-central.storage-download.googleapis.com/maven2/com/netease/cloudmusic/iotsdk/iot_base_audio_effect/0.4.3.20250402153904/iot_base_audio_effect-0.4.3.20250402153904.jar returned status 404
0.4.3.20250407112426			IOException: Tail request on https://maven-central.storage-download.googleapis.com/maven2/com/netease/cloudmusic/iotsdk/iot_base_audio_effect/0.4.3.20250407112426/iot_base_audio_effect-0.4.3.20250407112426.jar returned status 404
0.4.3.20250408102256			IOException: Tail request on https://maven-central.storage-download.googleapis.com/maven2/com/netease/cloudmusic/iotsdk/iot_base_audio_effect/0.4.3.20250408102256/iot_base_audio_effect-0.4.3.20250408102256.jar returned status 404
0.4.3.20250408142142			IOException: Tail request on https://maven-central.storage-download.googleapis.com/maven2/com/netease/cloudmusic/iotsdk/iot_base_audio_effect/0.4.3.20250408142142/iot_base_audio_effect-0.4.3.20250408142142.jar returned status 404
0.4.3.20250408152030			IOException: Tail request on https://maven-central.storage-download.googleapis.com/maven2/com/netease/cloudmusic/iotsdk/iot_base_audio_effect/0.4.3.20250408152030/iot_base_audio_effect-0.4.3.20250408152030.jar returned status 404
0.4.3.20250410145558			IOException: Tail request on https://maven-central.storage-download.googleapis.com/maven2/com/netease/cloudmusic/iotsdk/iot_base_audio_effect/0.4.3.20250410145558/iot_base_audio_effect-0.4.3.20250410145558.jar returned status 404
0.4.3.20250414142553			IOException: Tail request on https://maven-central.storage-download.googleapis.com/maven2/com/netease/cloudmusic/iotsdk/iot_base_audio_effect/0.4.3.20250414142553/iot_base_audio_effect-0.4.3.20250414142553.jar returned status 404
0.4.3.20250415172216			IOException: Tail request on https://maven-central.storage-download.googleapis.com/maven2/com/netease/cloudmusic/iotsdk/iot_base_audio_effect/0.4.3.20250415172216/iot_base_audio_effect-0.4.3.20250415172216.jar returned status 404
0.4.3.20250416141758			IOException: Tail request on https://maven-central.storage-download.googleapis.com/maven2/com/netease/cloudmusic/iotsdk/iot_base_audio_effect/0.4.3.20250416141758/iot_base_audio_effect-0.4.3.20250416141758.jar returned status 404
0.4.3.20250416154238			IOException: Tail request on https://maven-central.storage-download.googleapis.com/maven2/com/netease/cloudmusic/iotsdk/iot_base_audio_effect/0.4.3.20250416154238/iot_base_audio_effect-0.4.3.20250416154238.jar returned status 404
0.4.3.20250416180145			IOException: Tail request on https://maven-central.storage-download.googleapis.com/maven2/com/netease/cloudmusic/iotsdk/iot_base_audio_effect/0.4.3.20250416180145/iot_base_audio_effect-0.4.3.20250416180145.jar returned status 404
0.4.3.20250416194113			IOException: Tail request on https://maven-central.storage-download.googleapis.com/maven2/com/netease/cloudmusic/iotsdk/iot_base_audio_effect/0.4.3.20250416194113/iot_base_audio_effect-0.4.3.20250416194113.jar returned status 404
0.4.3.20250417162231			IOException: Tail request on https://maven-central.storage-download.googleapis.com/maven2/com/netease/cloudmusic/iotsdk/iot_base_audio_effect/0.4.3.20250417162231/iot_base_audio_effect-0.4.3.20250417162231.jar returned status 404
0.4.3.20250418144659			IOException: Tail request on https://maven-central.storage-download.googleapis.com/maven2/com/netease/cloudmusic/iotsdk/iot_base_audio_effect/0.4.3.20250418144659/iot_base_audio_effect-0.4.3.20250418144659.jar returned status 404
0.4.3.20250418151235			IOException: Tail request on https://maven-central.storage-download.googleapis.com/maven2/com/netease/cloudmusic/iotsdk/iot_base_audio_effect/0.4.3.20250418151235/iot_base_audio_effect-0.4.3.20250418151235.jar returned status 404
0.4.3.20250418155309			IOException: Tail request on https://maven-central.storage-download.googleapis.com/maven2/com/netease/cloudmusic/iotsdk/iot_base_audio_effect/0.4.3.20250418155309/iot_base_audio_effect-0.4.3.20250418155309.jar returned status 404
0.4.3.20250422170856			IOException: Tail request on https://maven-central.storage-download.googleapis.com/maven2/com/netease/cloudmusic/iotsdk/iot_base_audio_effect/0.4.3.20250422170856/iot_base_audio_effect-0.4.3.20250422170856.jar returned status 404
0.4.3.20250422181005			IOException: Tail request on https://maven-central.storage-download.googleapis.com/maven2/com/netease/cloudmusic/iotsdk/iot_base_audio_effect/0.4.3.20250422181005/iot_base_audio_effect-0.4.3.20250422181005.jar returned status 404
0.4.3.20250423160620			IOException: Tail request on https://maven-central.storage-download.googleapis.com/maven2/com/netease/cloudmusic/iotsdk/iot_base_audio_effect/0.4.3.20250423160620/iot_base_audio_effect-0.4.3.20250423160620.jar returned status 404
0.4.3.20250424125537			IOException: Tail request on https://maven-central.storage-download.googleapis.com/maven2/com/netease/cloudmusic/iotsdk/iot_base_audio_effect/0.4.3.20250424125537/iot_base_audio_effect-0.4.3.20250424125537.jar returned status 404
0.4.3.20250425105045			IOException: Tail request on https://maven-central.storage-download.googleapis.com/maven2/com/netease/cloudmusic/iotsdk/iot_base_audio_effect/0.4.3.20250425105045/iot_base_audio_effect-0.4.3.20250425105045.jar returned status 404
0.4.3.20250425132406			IOException: Tail request on https://maven-central.storage-download.googleapis.com/maven2/com/netease/cloudmusic/iotsdk/iot_base_audio_effect/0.4.3.20250425132406/iot_base_audio_effect-0.4.3.20250425132406.jar returned status 404
0.4.3.20250425145800			IOException: Tail request on https://maven-central.storage-download.googleapis.com/maven2/com/netease/cloudmusic/iotsdk/iot_base_audio_effect/0.4.3.20250425145800/iot_base_audio_effect-0.4.3.20250425145800.jar returned status 404
0.4.3.20250425151940			IOException: Tail request on https://maven-central.storage-download.googleapis.com/maven2/com/netease/cloudmusic/iotsdk/iot_base_audio_effect/0.4.3.20250425151940/iot_base_audio_effect-0.4.3.20250425151940.jar returned status 404
0.4.3.20250425165317			IOException: Tail request on https://maven-central.storage-download.googleapis.com/maven2/com/netease/cloudmusic/iotsdk/iot_base_audio_effect/0.4.3.20250425165317/iot_base_audio_effect-0.4.3.20250425165317.jar returned status 404
0.4.3.20250425174507			IOException: Tail request on https://maven-central.storage-download.googleapis.com/maven2/com/netease/cloudmusic/iotsdk/iot_base_audio_effect/0.4.3.20250425174507/iot_base_audio_effect-0.4.3.20250425174507.jar returned status 404
0.4.3.20250425182244			IOException: Tail request on https://maven-central.storage-download.googleapis.com/maven2/com/netease/cloudmusic/iotsdk/iot_base_audio_effect/0.4.3.20250425182244/iot_base_audio_effect-0.4.3.20250425182244.jar returned status 404
0.4.3.20250516111736			IOException: Tail request on https://maven-central.storage-download.googleapis.com/maven2/com/netease/cloudmusic/iotsdk/iot_base_audio_effect/0.4.3.20250516111736/iot_base_audio_effect-0.4.3.20250516111736.jar returned status 404
0.4.4.20250427172338			IOException: Tail request on https://maven-central.storage-download.googleapis.com/maven2/com/netease/cloudmusic/iotsdk/iot_base_audio_effect/0.4.4.20250427172338/iot_base_audio_effect-0.4.4.20250427172338.jar returned status 404
0.4.4.20250427181912			IOException: Tail request on https://maven-central.storage-download.googleapis.com/maven2/com/netease/cloudmusic/iotsdk/iot_base_audio_effect/0.4.4.20250427181912/iot_base_audio_effect-0.4.4.20250427181912.jar returned status 404
0.4.4.20250427195219			IOException: Tail request on https://maven-central.storage-download.googleapis.com/maven2/com/netease/cloudmusic/iotsdk/iot_base_audio_effect/0.4.4.20250427195219/iot_base_audio_effect-0.4.4.20250427195219.jar returned status 404
0.4.4.20250428101508			IOException: Tail request on https://maven-central.storage-download.googleapis.com/maven2/com/netease/cloudmusic/iotsdk/iot_base_audio_effect/0.4.4.20250428101508/iot_base_audio_effect-0.4.4.20250428101508.jar returned status 404
0.4.4.20250429110301			IOException: Tail request on https://maven-central.storage-download.googleapis.com/maven2/com/netease/cloudmusic/iotsdk/iot_base_audio_effect/0.4.4.20250429110301/iot_base_audio_effect-0.4.4.20250429110301.jar returned status 404
0.4.4.20250429175716			IOException: Tail request on https://maven-central.storage-download.googleapis.com/maven2/com/netease/cloudmusic/iotsdk/iot_base_audio_effect/0.4.4.20250429175716/iot_base_audio_effect-0.4.4.20250429175716.jar returned status 404
0.4.4.20250507141237			IOException: Tail request on https://maven-central.storage-download.googleapis.com/maven2/com/netease/cloudmusic/iotsdk/iot_base_audio_effect/0.4.4.20250507141237/iot_base_audio_effect-0.4.4.20250507141237.jar returned status 404
0.4.4.20250507150418			IOException: Tail request on https://maven-central.storage-download.googleapis.com/maven2/com/netease/cloudmusic/iotsdk/iot_base_audio_effect/0.4.4.20250507150418/iot_base_audio_effect-0.4.4.20250507150418.jar returned status 404
0.4.4.20250507172400			IOException: Tail request on https://maven-central.storage-download.googleapis.com/maven2/com/netease/cloudmusic/iotsdk/iot_base_audio_effect/0.4.4.20250507172400/iot_base_audio_effect-0.4.4.20250507172400.jar returned status 404
0.4.4.20250508120819			IOException: Tail request on https://maven-central.storage-download.googleapis.com/maven2/com/netease/cloudmusic/iotsdk/iot_base_audio_effect/0.4.4.20250508120819/iot_base_audio_effect-0.4.4.20250508120819.jar returned status 404
0.4.4.20250508132853			IOException: Tail request on https://maven-central.storage-download.googleapis.com/maven2/com/netease/cloudmusic/iotsdk/iot_base_audio_effect/0.4.4.20250508132853/iot_base_audio_effect-0.4.4.20250508132853.jar returned status 404
0.4.4.20250508141320			IOException: Tail request on https://maven-central.storage-download.googleapis.com/maven2/com/netease/cloudmusic/iotsdk/iot_base_audio_effect/0.4.4.20250508141320/iot_base_audio_effect-0.4.4.20250508141320.jar returned status 404
0.4.4.20250508145810			IOException: Tail request on https://maven-central.storage-download.googleapis.com/maven2/com/netease/cloudmusic/iotsdk/iot_base_audio_effect/0.4.4.20250508145810/iot_base_audio_effect-0.4.4.20250508145810.jar returned status 404
0.4.4.20250508171635			IOException: Tail request on https://maven-central.storage-download.googleapis.com/maven2/com/netease/cloudmusic/iotsdk/iot_base_audio_effect/0.4.4.20250508171635/iot_base_audio_effect-0.4.4.20250508171635.jar returned status 404
0.4.4.20250509125413			IOException: Tail request on https://maven-central.storage-download.googleapis.com/maven2/com/netease/cloudmusic/iotsdk/iot_base_audio_effect/0.4.4.20250509125413/iot_base_audio_effect-0.4.4.20250509125413.jar returned status 404
0.4.4.20250509200633			IOException: Tail request on https://maven-central.storage-download.googleapis.com/maven2/com/netease/cloudmusic/iotsdk/iot_base_audio_effect/0.4.4.20250509200633/iot_base_audio_effect-0.4.4.20250509200633.jar returned status 404
0.4.4.20250516150029			IOException: Tail request on https://maven-central.storage-download.googleapis.com/maven2/com/netease/cloudmusic/iotsdk/iot_base_audio_effect/0.4.4.20250516150029/iot_base_audio_effect-0.4.4.20250516150029.jar returned status 404
0.4.4.20250516182925			IOException: Tail request on https://maven-central.storage-download.googleapis.com/maven2/com/netease/cloudmusic/iotsdk/iot_base_audio_effect/0.4.4.20250516182925/iot_base_audio_effect-0.4.4.20250516182925.jar returned status 404
0.4.4.20250519185149			IOException: Tail request on https://maven-central.storage-download.googleapis.com/maven2/com/netease/cloudmusic/iotsdk/iot_base_audio_effect/0.4.4.20250519185149/iot_base_audio_effect-0.4.4.20250519185149.jar returned status 404
0.4.4.20250520114108			IOException: Tail request on https://maven-central.storage-download.googleapis.com/maven2/com/netease/cloudmusic/iotsdk/iot_base_audio_effect/0.4.4.20250520114108/iot_base_audio_effect-0.4.4.20250520114108.jar returned status 404
0.4.4.20250520181519			IOException: Tail request on https://maven-central.storage-download.googleapis.com/maven2/com/netease/cloudmusic/iotsdk/iot_base_audio_effect/0.4.4.20250520181519/iot_base_audio_effect-0.4.4.20250520181519.jar returned status 404
0.4.4.20250520200317			IOException: Tail request on https://maven-central.storage-download.googleapis.com/maven2/com/netease/cloudmusic/iotsdk/iot_base_audio_effect/0.4.4.20250520200317/iot_base_audio_effect-0.4.4.20250520200317.jar returned status 404
0.4.4.20250523101931			IOException: Tail request on https://maven-central.storage-download.googleapis.com/maven2/com/netease/cloudmusic/iotsdk/iot_base_audio_effect/0.4.4.20250523101931/iot_base_audio_effect-0.4.4.20250523101931.jar returned status 404
0.4.4.20250523142252			IOException: Tail request on https://maven-central.storage-download.googleapis.com/maven2/com/netease/cloudmusic/iotsdk/iot_base_audio_effect/0.4.4.20250523142252/iot_base_audio_effect-0.4.4.20250523142252.jar returned status 404
0.4.4.20250527162802			IOException: Tail request on https://maven-central.storage-download.googleapis.com/maven2/com/netease/cloudmusic/iotsdk/iot_base_audio_effect/0.4.4.20250527162802/iot_base_audio_effect-0.4.4.20250527162802.jar returned status 404
0.4.4.20250528115731			IOException: Tail request on https://maven-central.storage-download.googleapis.com/maven2/com/netease/cloudmusic/iotsdk/iot_base_audio_effect/0.4.4.20250528115731/iot_base_audio_effect-0.4.4.20250528115731.jar returned status 404
0.4.4.20250529102115			IOException: Tail request on https://maven-central.storage-download.googleapis.com/maven2/com/netease/cloudmusic/iotsdk/iot_base_audio_effect/0.4.4.20250529102115/iot_base_audio_effect-0.4.4.20250529102115.jar returned status 404
0.4.4.20250530104502			IOException: Tail request on https://maven-central.storage-download.googleapis.com/maven2/com/netease/cloudmusic/iotsdk/iot_base_audio_effect/0.4.4.20250530104502/iot_base_audio_effect-0.4.4.20250530104502.jar returned status 404
0.4.4.20250530162853			IOException: Tail request on https://maven-central.storage-download.googleapis.com/maven2/com/netease/cloudmusic/iotsdk/iot_base_audio_effect/0.4.4.20250530162853/iot_base_audio_effect-0.4.4.20250530162853.jar returned status 404
0.4.4.20250604151605			IOException: Tail request on https://maven-central.storage-download.googleapis.com/maven2/com/netease/cloudmusic/iotsdk/iot_base_audio_effect/0.4.4.20250604151605/iot_base_audio_effect-0.4.4.20250604151605.jar returned status 404
0.4.4.20250604170154			IOException: Tail request on https://maven-central.storage-download.googleapis.com/maven2/com/netease/cloudmusic/iotsdk/iot_base_audio_effect/0.4.4.20250604170154/iot_base_audio_effect-0.4.4.20250604170154.jar returned status 404
0.4.4.20250604185950			IOException: Tail request on https://maven-central.storage-download.googleapis.com/maven2/com/netease/cloudmusic/iotsdk/iot_base_audio_effect/0.4.4.20250604185950/iot_base_audio_effect-0.4.4.20250604185950.jar returned status 404
0.4.4.20250605191343			IOException: Tail request on https://maven-central.storage-download.googleapis.com/maven2/com/netease/cloudmusic/iotsdk/iot_base_audio_effect/0.4.4.20250605191343/iot_base_audio_effect-0.4.4.20250605191343.jar returned status 404
0.4.4.20250611110800			IOException: Tail request on https://maven-central.storage-download.googleapis.com/maven2/com/netease/cloudmusic/iotsdk/iot_base_audio_effect/0.4.4.20250611110800/iot_base_audio_effect-0.4.4.20250611110800.jar returned status 404
0.4.4.20250611132257			IOException: Tail request on https://maven-central.storage-download.googleapis.com/maven2/com/netease/cloudmusic/iotsdk/iot_base_audio_effect/0.4.4.20250611132257/iot_base_audio_effect-0.4.4.20250611132257.jar returned status 404
0.4.4.20250611155248			IOException: Tail request on https://maven-central.storage-download.googleapis.com/maven2/com/netease/cloudmusic/iotsdk/iot_base_audio_effect/0.4.4.20250611155248/iot_base_audio_effect-0.4.4.20250611155248.jar returned status 404
0.4.4.20250612144412			IOException: Tail request on https://maven-central.storage-download.googleapis.com/maven2/com/netease/cloudmusic/iotsdk/iot_base_audio_effect/0.4.4.20250612144412/iot_base_audio_effect-0.4.4.20250612144412.jar returned status 404
0.4.4.20250613140707			IOException: Tail request on https://maven-central.storage-download.googleapis.com/maven2/com/netease/cloudmusic/iotsdk/iot_base_audio_effect/0.4.4.20250613140707/iot_base_audio_effect-0.4.4.20250613140707.jar returned status 404
0.4.4.20250613165323			IOException: Tail request on https://maven-central.storage-download.googleapis.com/maven2/com/netease/cloudmusic/iotsdk/iot_base_audio_effect/0.4.4.20250613165323/iot_base_audio_effect-0.4.4.20250613165323.jar returned status 404
0.4.4.20250613190034			IOException: Tail request on https://maven-central.storage-download.googleapis.com/maven2/com/netease/cloudmusic/iotsdk/iot_base_audio_effect/0.4.4.20250613190034/iot_base_audio_effect-0.4.4.20250613190034.jar returned status 404
0.4.4.20250615201258			IOException: Tail request on https://maven-central.storage-download.googleapis.com/maven2/com/netease/cloudmusic/iotsdk/iot_base_audio_effect/0.4.4.20250615201258/iot_base_audio_effect-0.4.4.20250615201258.jar returned status 404
0.4.4.20250616111600			IOException: Tail request on https://maven-central.storage-download.googleapis.com/maven2/com/netease/cloudmusic/iotsdk/iot_base_audio_effect/0.4.4.20250616111600/iot_base_audio_effect-0.4.4.20250616111600.jar returned status 404
0.4.4.20250616191342			IOException: Tail request on https://maven-central.storage-download.googleapis.com/maven2/com/netease/cloudmusic/iotsdk/iot_base_audio_effect/0.4.4.20250616191342/iot_base_audio_effect-0.4.4.20250616191342.jar returned status 404
0.4.4.20250617202010			IOException: Tail request on https://maven-central.storage-download.googleapis.com/maven2/com/netease/cloudmusic/iotsdk/iot_base_audio_effect/0.4.4.20250617202010/iot_base_audio_effect-0.4.4.20250617202010.jar returned status 404
0.4.4.20250617210455			IOException: Tail request on https://maven-central.storage-download.googleapis.com/maven2/com/netease/cloudmusic/iotsdk/iot_base_audio_effect/0.4.4.20250617210455/iot_base_audio_effect-0.4.4.20250617210455.jar returned status 404
0.4.4.20250618172357			IOException: Tail request on https://maven-central.storage-download.googleapis.com/maven2/com/netease/cloudmusic/iotsdk/iot_base_audio_effect/0.4.4.20250618172357/iot_base_audio_effect-0.4.4.20250618172357.jar returned status 404
0.4.4.20250619170354			IOException: Tail request on https://maven-central.storage-download.googleapis.com/maven2/com/netease/cloudmusic/iotsdk/iot_base_audio_effect/0.4.4.20250619170354/iot_base_audio_effect-0.4.4.20250619170354.jar returned status 404
0.4.4.20250620121330			IOException: Tail request on https://maven-central.storage-download.googleapis.com/maven2/com/netease/cloudmusic/iotsdk/iot_base_audio_effect/0.4.4.20250620121330/iot_base_audio_effect-0.4.4.20250620121330.jar returned status 404
0.4.4.20250627102003			IOException: Tail request on https://maven-central.storage-download.googleapis.com/maven2/com/netease/cloudmusic/iotsdk/iot_base_audio_effect/0.4.4.20250627102003/iot_base_audio_effect-0.4.4.20250627102003.jar returned status 404
0.4.4.20250630134556			IOException: Tail request on https://maven-central.storage-download.googleapis.com/maven2/com/netease/cloudmusic/iotsdk/iot_base_audio_effect/0.4.4.20250630134556/iot_base_audio_effect-0.4.4.20250630134556.jar returned status 404
0.4.4.20250630135518			IOException: Tail request on https://maven-central.storage-download.googleapis.com/maven2/com/netease/cloudmusic/iotsdk/iot_base_audio_effect/0.4.4.20250630135518/iot_base_audio_effect-0.4.4.20250630135518.jar returned status 404
0.4.4.20250702123216			IOException: Tail request on https://maven-central.storage-download.googleapis.com/maven2/com/netease/cloudmusic/iotsdk/iot_base_audio_effect/0.4.4.20250702123216/iot_base_audio_effect-0.4.4.20250702123216.jar returned status 404
0.4.4.20250702135514			IOException: Tail request on https://maven-central.storage-download.googleapis.com/maven2/com/netease/cloudmusic/iotsdk/iot_base_audio_effect/0.4.4.20250702135514/iot_base_audio_effect-0.4.4.20250702135514.jar returned status 404
0.4.4.20250702153048			IOException: Tail request on https://maven-central.storage-download.googleapis.com/maven2/com/netease/cloudmusic/iotsdk/iot_base_audio_effect/0.4.4.20250702153048/iot_base_audio_effect-0.4.4.20250702153048.jar returned status 404
0.4.4.20250702184029			IOException: Tail request on https://maven-central.storage-download.googleapis.com/maven2/com/netease/cloudmusic/iotsdk/iot_base_audio_effect/0.4.4.20250702184029/iot_base_audio_effect-0.4.4.20250702184029.jar returned status 404
0.4.4.20250703215745			IOException: Tail request on https://maven-central.storage-download.googleapis.com/maven2/com/netease/cloudmusic/iotsdk/iot_base_audio_effect/0.4.4.20250703215745/iot_base_audio_effect-0.4.4.20250703215745.jar returned status 404
0.4.4.20250704184729			IOException: Tail request on https://maven-central.storage-download.googleapis.com/maven2/com/netease/cloudmusic/iotsdk/iot_base_audio_effect/0.4.4.20250704184729/iot_base_audio_effect-0.4.4.20250704184729.jar returned status 404
0.4.4.20250705182626			IOException: Tail request on https://maven-central.storage-download.googleapis.com/maven2/com/netease/cloudmusic/iotsdk/iot_base_audio_effect/0.4.4.20250705182626/iot_base_audio_effect-0.4.4.20250705182626.jar returned status 404
0.4.4.20250705185800			IOException: Tail request on https://maven-central.storage-download.googleapis.com/maven2/com/netease/cloudmusic/iotsdk/iot_base_audio_effect/0.4.4.20250705185800/iot_base_audio_effect-0.4.4.20250705185800.jar returned status 404
0.4.4.20250707164904			IOException: Tail request on https://maven-central.storage-download.googleapis.com/maven2/com/netease/cloudmusic/iotsdk/iot_base_audio_effect/0.4.4.20250707164904/iot_base_audio_effect-0.4.4.20250707164904.jar returned status 404
0.4.4.20250807142513			IOException: Tail request on https://maven-central.storage-download.googleapis.com/maven2/com/netease/cloudmusic/iotsdk/iot_base_audio_effect/0.4.4.20250807142513/iot_base_audio_effect-0.4.4.20250807142513.jar returned status 404
0.4.4.20250807143814			IOException: Tail request on https://maven-central.storage-download.googleapis.com/maven2/com/netease/cloudmusic/iotsdk/iot_base_audio_effect/0.4.4.20250807143814/iot_base_audio_effect-0.4.4.20250807143814.jar returned status 404
0.4.5.20250624121451			IOException: Tail request on https://maven-central.storage-download.googleapis.com/maven2/com/netease/cloudmusic/iotsdk/iot_base_audio_effect/0.4.5.20250624121451/iot_base_audio_effect-0.4.5.20250624121451.jar returned status 404
0.4.5.20250624142815			IOException: Tail request on https://maven-central.storage-download.googleapis.com/maven2/com/netease/cloudmusic/iotsdk/iot_base_audio_effect/0.4.5.20250624142815/iot_base_audio_effect-0.4.5.20250624142815.jar returned status 404
0.4.5.20250701190355			IOException: Tail request on https://maven-central.storage-download.googleapis.com/maven2/com/netease/cloudmusic/iotsdk/iot_base_audio_effect/0.4.5.20250701190355/iot_base_audio_effect-0.4.5.20250701190355.jar returned status 404
0.4.5.20250702113326			IOException: Tail request on https://maven-central.storage-download.googleapis.com/maven2/com/netease/cloudmusic/iotsdk/iot_base_audio_effect/0.4.5.20250702113326/iot_base_audio_effect-0.4.5.20250702113326.jar returned status 404
0.4.5.20250702195107			IOException: Tail request on https://maven-central.storage-download.googleapis.com/maven2/com/netease/cloudmusic/iotsdk/iot_base_audio_effect/0.4.5.20250702195107/iot_base_audio_effect-0.4.5.20250702195107.jar returned status 404
0.4.5.20250703121020			IOException: Tail request on https://maven-central.storage-download.googleapis.com/maven2/com/netease/cloudmusic/iotsdk/iot_base_audio_effect/0.4.5.20250703121020/iot_base_audio_effect-0.4.5.20250703121020.jar returned status 404
0.4.5.20250703141732			IOException: Tail request on https://maven-central.storage-download.googleapis.com/maven2/com/netease/cloudmusic/iotsdk/iot_base_audio_effect/0.4.5.20250703141732/iot_base_audio_effect-0.4.5.20250703141732.jar returned status 404
0.4.5.20250703160641			IOException: Tail request on https://maven-central.storage-download.googleapis.com/maven2/com/netease/cloudmusic/iotsdk/iot_base_audio_effect/0.4.5.20250703160641/iot_base_audio_effect-0.4.5.20250703160641.jar returned status 404
0.4.5.20250703163346			IOException: Tail request on https://maven-central.storage-download.googleapis.com/maven2/com/netease/cloudmusic/iotsdk/iot_base_audio_effect/0.4.5.20250703163346/iot_base_audio_effect-0.4.5.20250703163346.jar returned status 404
0.4.5.20250703183734			IOException: Tail request on https://maven-central.storage-download.googleapis.com/maven2/com/netease/cloudmusic/iotsdk/iot_base_audio_effect/0.4.5.20250703183734/iot_base_audio_effect-0.4.5.20250703183734.jar returned status 404
0.4.5.20250703190020			IOException: Tail request on https://maven-central.storage-download.googleapis.com/maven2/com/netease/cloudmusic/iotsdk/iot_base_audio_effect/0.4.5.20250703190020/iot_base_audio_effect-0.4.5.20250703190020.jar returned status 404
0.4.5.20250703205552			IOException: Tail request on https://maven-central.storage-download.googleapis.com/maven2/com/netease/cloudmusic/iotsdk/iot_base_audio_effect/0.4.5.20250703205552/iot_base_audio_effect-0.4.5.20250703205552.jar returned status 404
0.4.5.20250707112607			IOException: Tail request on https://maven-central.storage-download.googleapis.com/maven2/com/netease/cloudmusic/iotsdk/iot_base_audio_effect/0.4.5.20250707112607/iot_base_audio_effect-0.4.5.20250707112607.jar returned status 404
0.4.5.20250707120611			IOException: Tail request on https://maven-central.storage-download.googleapis.com/maven2/com/netease/cloudmusic/iotsdk/iot_base_audio_effect/0.4.5.20250707120611/iot_base_audio_effect-0.4.5.20250707120611.jar returned status 404
0.4.5.20250707153101			IOException: Tail request on https://maven-central.storage-download.googleapis.com/maven2/com/netease/cloudmusic/iotsdk/iot_base_audio_effect/0.4.5.20250707153101/iot_base_audio_effect-0.4.5.20250707153101.jar returned status 404
0.4.5.20250709174704			IOException: Tail request on https://maven-central.storage-download.googleapis.com/maven2/com/netease/cloudmusic/iotsdk/iot_base_audio_effect/0.4.5.20250709174704/iot_base_audio_effect-0.4.5.20250709174704.jar returned status 404
0.4.5.20250710153024			IOException: Tail request on https://maven-central.storage-download.googleapis.com/maven2/com/netease/cloudmusic/iotsdk/iot_base_audio_effect/0.4.5.20250710153024/iot_base_audio_effect-0.4.5.20250710153024.jar returned status 404
0.4.5.20250711114116			IOException: Tail request on https://maven-central.storage-download.googleapis.com/maven2/com/netease/cloudmusic/iotsdk/iot_base_audio_effect/0.4.5.20250711114116/iot_base_audio_effect-0.4.5.20250711114116.jar returned status 404
0.4.5.20250715134451			IOException: Tail request on https://maven-central.storage-download.googleapis.com/maven2/com/netease/cloudmusic/iotsdk/iot_base_audio_effect/0.4.5.20250715134451/iot_base_audio_effect-0.4.5.20250715134451.jar returned status 404
0.4.5.20250715163340			IOException: Tail request on https://maven-central.storage-download.googleapis.com/maven2/com/netease/cloudmusic/iotsdk/iot_base_audio_effect/0.4.5.20250715163340/iot_base_audio_effect-0.4.5.20250715163340.jar returned status 404
0.4.5.20250715173121			IOException: Tail request on https://maven-central.storage-download.googleapis.com/maven2/com/netease/cloudmusic/iotsdk/iot_base_audio_effect/0.4.5.20250715173121/iot_base_audio_effect-0.4.5.20250715173121.jar returned status 404
0.4.5.20250716112505			IOException: Tail request on https://maven-central.storage-download.googleapis.com/maven2/com/netease/cloudmusic/iotsdk/iot_base_audio_effect/0.4.5.20250716112505/iot_base_audio_effect-0.4.5.20250716112505.jar returned status 404
0.4.5.20250716172958			IOException: Tail request on https://maven-central.storage-download.googleapis.com/maven2/com/netease/cloudmusic/iotsdk/iot_base_audio_effect/0.4.5.20250716172958/iot_base_audio_effect-0.4.5.20250716172958.jar returned status 404
0.4.5.20250717114104			IOException: Tail request on https://maven-central.storage-download.googleapis.com/maven2/com/netease/cloudmusic/iotsdk/iot_base_audio_effect/0.4.5.20250717114104/iot_base_audio_effect-0.4.5.20250717114104.jar returned status 404
0.4.5.20250717160701			IOException: Tail request on https://maven-central.storage-download.googleapis.com/maven2/com/netease/cloudmusic/iotsdk/iot_base_audio_effect/0.4.5.20250717160701/iot_base_audio_effect-0.4.5.20250717160701.jar returned status 404
0.4.5.20250717165221			IOException: Tail request on https://maven-central.storage-download.googleapis.com/maven2/com/netease/cloudmusic/iotsdk/iot_base_audio_effect/0.4.5.20250717165221/iot_base_audio_effect-0.4.5.20250717165221.jar returned status 404
0.4.5.20250718140244			IOException: Tail request on https://maven-central.storage-download.googleapis.com/maven2/com/netease/cloudmusic/iotsdk/iot_base_audio_effect/0.4.5.20250718140244/iot_base_audio_effect-0.4.5.20250718140244.jar returned status 404
0.4.5.20250718175853			IOException: Tail request on https://maven-central.storage-download.googleapis.com/maven2/com/netease/cloudmusic/iotsdk/iot_base_audio_effect/0.4.5.20250718175853/iot_base_audio_effect-0.4.5.20250718175853.jar returned status 404
0.4.5.20250718201154			IOException: Tail request on https://maven-central.storage-download.googleapis.com/maven2/com/netease/cloudmusic/iotsdk/iot_base_audio_effect/0.4.5.20250718201154/iot_base_audio_effect-0.4.5.20250718201154.jar returned status 404
0.4.5.20250721150520			IOException: Tail request on https://maven-central.storage-download.googleapis.com/maven2/com/netease/cloudmusic/iotsdk/iot_base_audio_effect/0.4.5.20250721150520/iot_base_audio_effect-0.4.5.20250721150520.jar returned status 404
0.4.5.20250721150754			IOException: Tail request on https://maven-central.storage-download.googleapis.com/maven2/com/netease/cloudmusic/iotsdk/iot_base_audio_effect/0.4.5.20250721150754/iot_base_audio_effect-0.4.5.20250721150754.jar returned status 404
0.4.5.20250721175754			IOException: Tail request on https://maven-central.storage-download.googleapis.com/maven2/com/netease/cloudmusic/iotsdk/iot_base_audio_effect/0.4.5.20250721175754/iot_base_audio_effect-0.4.5.20250721175754.jar returned status 404
0.4.5.20250721180932			IOException: Tail request on https://maven-central.storage-download.googleapis.com/maven2/com/netease/cloudmusic/iotsdk/iot_base_audio_effect/0.4.5.20250721180932/iot_base_audio_effect-0.4.5.20250721180932.jar returned status 404
0.4.5.20250722095555			IOException: Tail request on https://maven-central.storage-download.googleapis.com/maven2/com/netease/cloudmusic/iotsdk/iot_base_audio_effect/0.4.5.20250722095555/iot_base_audio_effect-0.4.5.20250722095555.jar returned status 404
0.4.5.20250722100219			IOException: Tail request on https://maven-central.storage-download.googleapis.com/maven2/com/netease/cloudmusic/iotsdk/iot_base_audio_effect/0.4.5.20250722100219/iot_base_audio_effect-0.4.5.20250722100219.jar returned status 404
0.4.5.20250722101422			IOException: Tail request on https://maven-central.storage-download.googleapis.com/maven2/com/netease/cloudmusic/iotsdk/iot_base_audio_effect/0.4.5.20250722101422/iot_base_audio_effect-0.4.5.20250722101422.jar returned status 404
0.4.5.20250723165759			IOException: Tail request on https://maven-central.storage-download.googleapis.com/maven2/com/netease/cloudmusic/iotsdk/iot_base_audio_effect/0.4.5.20250723165759/iot_base_audio_effect-0.4.5.20250723165759.jar returned status 404
0.4.5.20250724102053			IOException: Tail request on https://maven-central.storage-download.googleapis.com/maven2/com/netease/cloudmusic/iotsdk/iot_base_audio_effect/0.4.5.20250724102053/iot_base_audio_effect-0.4.5.20250724102053.jar returned status 404
0.4.5.20250728100007			IOException: Tail request on https://maven-central.storage-download.googleapis.com/maven2/com/netease/cloudmusic/iotsdk/iot_base_audio_effect/0.4.5.20250728100007/iot_base_audio_effect-0.4.5.20250728100007.jar returned status 404
0.4.5.20250728104921			IOException: Tail request on https://maven-central.storage-download.googleapis.com/maven2/com/netease/cloudmusic/iotsdk/iot_base_audio_effect/0.4.5.20250728104921/iot_base_audio_effect-0.4.5.20250728104921.jar returned status 404
0.4.5.20250728165419			IOException: Tail request on https://maven-central.storage-download.googleapis.com/maven2/com/netease/cloudmusic/iotsdk/iot_base_audio_effect/0.4.5.20250728165419/iot_base_audio_effect-0.4.5.20250728165419.jar returned status 404
0.4.5.20250728175822			IOException: Tail request on https://maven-central.storage-download.googleapis.com/maven2/com/netease/cloudmusic/iotsdk/iot_base_audio_effect/0.4.5.20250728175822/iot_base_audio_effect-0.4.5.20250728175822.jar returned status 404
0.4.5.20250729105222			IOException: Tail request on https://maven-central.storage-download.googleapis.com/maven2/com/netease/cloudmusic/iotsdk/iot_base_audio_effect/0.4.5.20250729105222/iot_base_audio_effect-0.4.5.20250729105222.jar returned status 404
0.4.5.20250730094559			IOException: Tail request on https://maven-central.storage-download.googleapis.com/maven2/com/netease/cloudmusic/iotsdk/iot_base_audio_effect/0.4.5.20250730094559/iot_base_audio_effect-0.4.5.20250730094559.jar returned status 404
0.4.5.20250801112629			IOException: Tail request on https://maven-central.storage-download.googleapis.com/maven2/com/netease/cloudmusic/iotsdk/iot_base_audio_effect/0.4.5.20250801112629/iot_base_audio_effect-0.4.5.20250801112629.jar returned status 404
0.4.5.20250801152338			IOException: Tail request on https://maven-central.storage-download.googleapis.com/maven2/com/netease/cloudmusic/iotsdk/iot_base_audio_effect/0.4.5.20250801152338/iot_base_audio_effect-0.4.5.20250801152338.jar returned status 404
0.4.5.20250801153819			IOException: Tail request on https://maven-central.storage-download.googleapis.com/maven2/com/netease/cloudmusic/iotsdk/iot_base_audio_effect/0.4.5.20250801153819/iot_base_audio_effect-0.4.5.20250801153819.jar returned status 404
0.4.5.20250805151351			IOException: Tail request on https://maven-central.storage-download.googleapis.com/maven2/com/netease/cloudmusic/iotsdk/iot_base_audio_effect/0.4.5.20250805151351/iot_base_audio_effect-0.4.5.20250805151351.jar returned status 404
0.4.5.20250806101227			IOException: Tail request on https://maven-central.storage-download.googleapis.com/maven2/com/netease/cloudmusic/iotsdk/iot_base_audio_effect/0.4.5.20250806101227/iot_base_audio_effect-0.4.5.20250806101227.jar returned status 404
0.4.5.20250806114232			IOException: Tail request on https://maven-central.storage-download.googleapis.com/maven2/com/netease/cloudmusic/iotsdk/iot_base_audio_effect/0.4.5.20250806114232/iot_base_audio_effect-0.4.5.20250806114232.jar returned status 404
0.4.5.20250808171613			IOException: Tail request on https://maven-central.storage-download.googleapis.com/maven2/com/netease/cloudmusic/iotsdk/iot_base_audio_effect/0.4.5.20250808171613/iot_base_audio_effect-0.4.5.20250808171613.jar returned status 404
0.4.5.20250811143139			IOException: Tail request on https://maven-central.storage-download.googleapis.com/maven2/com/netease/cloudmusic/iotsdk/iot_base_audio_effect/0.4.5.20250811143139/iot_base_audio_effect-0.4.5.20250811143139.jar returned status 404
0.4.5.20250811162606			IOException: Tail request on https://maven-central.storage-download.googleapis.com/maven2/com/netease/cloudmusic/iotsdk/iot_base_audio_effect/0.4.5.20250811162606/iot_base_audio_effect-0.4.5.20250811162606.jar returned status 404
0.4.5.20250811171128			IOException: Tail request on https://maven-central.storage-download.googleapis.com/maven2/com/netease/cloudmusic/iotsdk/iot_base_audio_effect/0.4.5.20250811171128/iot_base_audio_effect-0.4.5.20250811171128.jar returned status 404
0.4.5.20250812115025			IOException: Tail request on https://maven-central.storage-download.googleapis.com/maven2/com/netease/cloudmusic/iotsdk/iot_base_audio_effect/0.4.5.20250812115025/iot_base_audio_effect-0.4.5.20250812115025.jar returned status 404
0.4.5.20250813113306			IOException: Tail request on https://maven-central.storage-download.googleapis.com/maven2/com/netease/cloudmusic/iotsdk/iot_base_audio_effect/0.4.5.20250813113306/iot_base_audio_effect-0.4.5.20250813113306.jar returned status 404
0.4.5.20250813142309			IOException: Tail request on https://maven-central.storage-download.googleapis.com/maven2/com/netease/cloudmusic/iotsdk/iot_base_audio_effect/0.4.5.20250813142309/iot_base_audio_effect-0.4.5.20250813142309.jar returned status 404
0.4.5.20250813154932			IOException: Tail request on https://maven-central.storage-download.googleapis.com/maven2/com/netease/cloudmusic/iotsdk/iot_base_audio_effect/0.4.5.20250813154932/iot_base_audio_effect-0.4.5.20250813154932.jar returned status 404
0.4.5.20250813171018			IOException: Tail request on https://maven-central.storage-download.googleapis.com/maven2/com/netease/cloudmusic/iotsdk/iot_base_audio_effect/0.4.5.20250813171018/iot_base_audio_effect-0.4.5.20250813171018.jar returned status 404
0.4.5.20250814105531			IOException: Tail request on https://maven-central.storage-download.googleapis.com/maven2/com/netease/cloudmusic/iotsdk/iot_base_audio_effect/0.4.5.20250814105531/iot_base_audio_effect-0.4.5.20250814105531.jar returned status 404
0.4.5.20250819165636			IOException: Tail request on https://maven-central.storage-download.googleapis.com/maven2/com/netease/cloudmusic/iotsdk/iot_base_audio_effect/0.4.5.20250819165636/iot_base_audio_effect-0.4.5.20250819165636.jar returned status 404
0.4.5.20250819175948			IOException: Tail request on https://maven-central.storage-download.googleapis.com/maven2/com/netease/cloudmusic/iotsdk/iot_base_audio_effect/0.4.5.20250819175948/iot_base_audio_effect-0.4.5.20250819175948.jar returned status 404
0.4.5.20250819182346			IOException: Tail request on https://maven-central.storage-download.googleapis.com/maven2/com/netease/cloudmusic/iotsdk/iot_base_audio_effect/0.4.5.20250819182346/iot_base_audio_effect-0.4.5.20250819182346.jar returned status 404
0.4.5.20250819183538			IOException: Tail request on https://maven-central.storage-download.googleapis.com/maven2/com/netease/cloudmusic/iotsdk/iot_base_audio_effect/0.4.5.20250819183538/iot_base_audio_effect-0.4.5.20250819183538.jar returned status 404
0.4.5.20250819185332			IOException: Tail request on https://maven-central.storage-download.googleapis.com/maven2/com/netease/cloudmusic/iotsdk/iot_base_audio_effect/0.4.5.20250819185332/iot_base_audio_effect-0.4.5.20250819185332.jar returned status 404
0.4.5.20250819205043			IOException: Tail request on https://maven-central.storage-download.googleapis.com/maven2/com/netease/cloudmusic/iotsdk/iot_base_audio_effect/0.4.5.20250819205043/iot_base_audio_effect-0.4.5.20250819205043.jar returned status 404
0.4.5.20250820100449			IOException: Tail request on https://maven-central.storage-download.googleapis.com/maven2/com/netease/cloudmusic/iotsdk/iot_base_audio_effect/0.4.5.20250820100449/iot_base_audio_effect-0.4.5.20250820100449.jar returned status 404
0.4.5.20250820130607			IOException: Tail request on https://maven-central.storage-download.googleapis.com/maven2/com/netease/cloudmusic/iotsdk/iot_base_audio_effect/0.4.5.20250820130607/iot_base_audio_effect-0.4.5.20250820130607.jar returned status 404
0.4.5.20250820135856			IOException: Tail request on https://maven-central.storage-download.googleapis.com/maven2/com/netease/cloudmusic/iotsdk/iot_base_audio_effect/0.4.5.20250820135856/iot_base_audio_effect-0.4.5.20250820135856.jar returned status 404
0.4.5.20250820140923			IOException: Tail request on https://maven-central.storage-download.googleapis.com/maven2/com/netease/cloudmusic/iotsdk/iot_base_audio_effect/0.4.5.20250820140923/iot_base_audio_effect-0.4.5.20250820140923.jar returned status 404
0.4.5.20250820142027			IOException: Tail request on https://maven-central.storage-download.googleapis.com/maven2/com/netease/cloudmusic/iotsdk/iot_base_audio_effect/0.4.5.20250820142027/iot_base_audio_effect-0.4.5.20250820142027.jar returned status 404
0.4.5.20250820144315			IOException: Tail request on https://maven-central.storage-download.googleapis.com/maven2/com/netease/cloudmusic/iotsdk/iot_base_audio_effect/0.4.5.20250820144315/iot_base_audio_effect-0.4.5.20250820144315.jar returned status 404
0.4.5.20250820160820			IOException: Tail request on https://maven-central.storage-download.googleapis.com/maven2/com/netease/cloudmusic/iotsdk/iot_base_audio_effect/0.4.5.20250820160820/iot_base_audio_effect-0.4.5.20250820160820.jar returned status 404
0.4.5.20250820174246			IOException: Tail request on https://maven-central.storage-download.googleapis.com/maven2/com/netease/cloudmusic/iotsdk/iot_base_audio_effect/0.4.5.20250820174246/iot_base_audio_effect-0.4.5.20250820174246.jar returned status 404
0.4.5.20250820180955			IOException: Tail request on https://maven-central.storage-download.googleapis.com/maven2/com/netease/cloudmusic/iotsdk/iot_base_audio_effect/0.4.5.20250820180955/iot_base_audio_effect-0.4.5.20250820180955.jar returned status 404
0.4.5.20250825153319			IOException: Tail request on https://maven-central.storage-download.googleapis.com/maven2/com/netease/cloudmusic/iotsdk/iot_base_audio_effect/0.4.5.20250825153319/iot_base_audio_effect-0.4.5.20250825153319.jar returned status 404
0.4.5.20250825160319			IOException: Tail request on https://maven-central.storage-download.googleapis.com/maven2/com/netease/cloudmusic/iotsdk/iot_base_audio_effect/0.4.5.20250825160319/iot_base_audio_effect-0.4.5.20250825160319.jar returned status 404
0.4.5.20250825165836			IOException: Tail request on https://maven-central.storage-download.googleapis.com/maven2/com/netease/cloudmusic/iotsdk/iot_base_audio_effect/0.4.5.20250825165836/iot_base_audio_effect-0.4.5.20250825165836.jar returned status 404
0.4.5.20250827103617			IOException: Tail request on https://maven-central.storage-download.googleapis.com/maven2/com/netease/cloudmusic/iotsdk/iot_base_audio_effect/0.4.5.20250827103617/iot_base_audio_effect-0.4.5.20250827103617.jar returned status 404
0.4.5.20250827105354			IOException: Tail request on https://maven-central.storage-download.googleapis.com/maven2/com/netease/cloudmusic/iotsdk/iot_base_audio_effect/0.4.5.20250827105354/iot_base_audio_effect-0.4.5.20250827105354.jar returned status 404
0.4.5.20250827151926			IOException: Tail request on https://maven-central.storage-download.googleapis.com/maven2/com/netease/cloudmusic/iotsdk/iot_base_audio_effect/0.4.5.20250827151926/iot_base_audio_effect-0.4.5.20250827151926.jar returned status 404
0.4.5.20250827163233			IOException: Tail request on https://maven-central.storage-download.googleapis.com/maven2/com/netease/cloudmusic/iotsdk/iot_base_audio_effect/0.4.5.20250827163233/iot_base_audio_effect-0.4.5.20250827163233.jar returned status 404
0.4.5.20250901151502			IOException: Tail request on https://maven-central.storage-download.googleapis.com/maven2/com/netease/cloudmusic/iotsdk/iot_base_audio_effect/0.4.5.20250901151502/iot_base_audio_effect-0.4.5.20250901151502.jar returned status 404
0.4.5.20250901164532			IOException: Tail request on https://maven-central.storage-download.googleapis.com/maven2/com/netease/cloudmusic/iotsdk/iot_base_audio_effect/0.4.5.20250901164532/iot_base_audio_effect-0.4.5.20250901164532.jar returned status 404
0.4.5.20250902153227			IOException: Tail request on https://maven-central.storage-download.googleapis.com/maven2/com/netease/cloudmusic/iotsdk/iot_base_audio_effect/0.4.5.20250902153227/iot_base_audio_effect-0.4.5.20250902153227.jar returned status 404
0.4.5.20250902183820			IOException: Tail request on https://maven-central.storage-download.googleapis.com/maven2/com/netease/cloudmusic/iotsdk/iot_base_audio_effect/0.4.5.20250902183820/iot_base_audio_effect-0.4.5.20250902183820.jar returned status 404
0.4.5.20250904111128			IOException: Tail request on https://maven-central.storage-download.googleapis.com/maven2/com/netease/cloudmusic/iotsdk/iot_base_audio_effect/0.4.5.20250904111128/iot_base_audio_effect-0.4.5.20250904111128.jar returned status 404
0.4.5.20250905131908			IOException: Tail request on https://maven-central.storage-download.googleapis.com/maven2/com/netease/cloudmusic/iotsdk/iot_base_audio_effect/0.4.5.20250905131908/iot_base_audio_effect-0.4.5.20250905131908.jar returned status 404
0.4.5.20250905141528			IOException: Tail request on https://maven-central.storage-download.googleapis.com/maven2/com/netease/cloudmusic/iotsdk/iot_base_audio_effect/0.4.5.20250905141528/iot_base_audio_effect-0.4.5.20250905141528.jar returned status 404
0.4.5.20250908123616			IOException: Tail request on https://maven-central.storage-download.googleapis.com/maven2/com/netease/cloudmusic/iotsdk/iot_base_audio_effect/0.4.5.20250908123616/iot_base_audio_effect-0.4.5.20250908123616.jar returned status 404
0.4.5.20250908142449			IOException: Tail request on https://maven-central.storage-download.googleapis.com/maven2/com/netease/cloudmusic/iotsdk/iot_base_audio_effect/0.4.5.20250908142449/iot_base_audio_effect-0.4.5.20250908142449.jar returned status 404
0.4.5.20250908152749			IOException: Tail request on https://maven-central.storage-download.googleapis.com/maven2/com/netease/cloudmusic/iotsdk/iot_base_audio_effect/0.4.5.20250908152749/iot_base_audio_effect-0.4.5.20250908152749.jar returned status 404
0.4.5.20250908171841			IOException: Tail request on https://maven-central.storage-download.googleapis.com/maven2/com/netease/cloudmusic/iotsdk/iot_base_audio_effect/0.4.5.20250908171841/iot_base_audio_effect-0.4.5.20250908171841.jar returned status 404
0.4.5.20250908174057			IOException: Tail request on https://maven-central.storage-download.googleapis.com/maven2/com/netease/cloudmusic/iotsdk/iot_base_audio_effect/0.4.5.20250908174057/iot_base_audio_effect-0.4.5.20250908174057.jar returned status 404
0.4.5.20250911105136			IOException: Tail request on https://maven-central.storage-download.googleapis.com/maven2/com/netease/cloudmusic/iotsdk/iot_base_audio_effect/0.4.5.20250911105136/iot_base_audio_effect-0.4.5.20250911105136.jar returned status 404
0.4.5.20250911150350			IOException: Tail request on https://maven-central.storage-download.googleapis.com/maven2/com/netease/cloudmusic/iotsdk/iot_base_audio_effect/0.4.5.20250911150350/iot_base_audio_effect-0.4.5.20250911150350.jar returned status 404
0.4.5.20250911162139			IOException: Tail request on https://maven-central.storage-download.googleapis.com/maven2/com/netease/cloudmusic/iotsdk/iot_base_audio_effect/0.4.5.20250911162139/iot_base_audio_effect-0.4.5.20250911162139.jar returned status 404
0.4.5.20250917112629			IOException: Tail request on https://maven-central.storage-download.googleapis.com/maven2/com/netease/cloudmusic/iotsdk/iot_base_audio_effect/0.4.5.20250917112629/iot_base_audio_effect-0.4.5.20250917112629.jar returned status 404
0.4.5.20250917160854			IOException: Tail request on https://maven-central.storage-download.googleapis.com/maven2/com/netease/cloudmusic/iotsdk/iot_base_audio_effect/0.4.5.20250917160854/iot_base_audio_effect-0.4.5.20250917160854.jar returned status 404
0.4.5.20250918110115			IOException: Tail request on https://maven-central.storage-download.googleapis.com/maven2/com/netease/cloudmusic/iotsdk/iot_base_audio_effect/0.4.5.20250918110115/iot_base_audio_effect-0.4.5.20250918110115.jar returned status 404
0.4.5.20250919100723			IOException: Tail request on https://maven-central.storage-download.googleapis.com/maven2/com/netease/cloudmusic/iotsdk/iot_base_audio_effect/0.4.5.20250919100723/iot_base_audio_effect-0.4.5.20250919100723.jar returned status 404
0.4.5.20250923141154			IOException: Tail request on https://maven-central.storage-download.googleapis.com/maven2/com/netease/cloudmusic/iotsdk/iot_base_audio_effect/0.4.5.20250923141154/iot_base_audio_effect-0.4.5.20250923141154.jar returned status 404
0.4.5.20250928135645			IOException: Tail request on https://maven-central.storage-download.googleapis.com/maven2/com/netease/cloudmusic/iotsdk/iot_base_audio_effect/0.4.5.20250928135645/iot_base_audio_effect-0.4.5.20250928135645.jar returned status 404
0.4.5.20251015110616			IOException: Tail request on https://maven-central.storage-download.googleapis.com/maven2/com/netease/cloudmusic/iotsdk/iot_base_audio_effect/0.4.5.20251015110616/iot_base_audio_effect-0.4.5.20251015110616.jar returned status 404
0.4.5.20251016101234			IOException: Tail request on https://maven-central.storage-download.googleapis.com/maven2/com/netease/cloudmusic/iotsdk/iot_base_audio_effect/0.4.5.20251016101234/iot_base_audio_effect-0.4.5.20251016101234.jar returned status 404
0.4.5.20251016112309			IOException: Tail request on https://maven-central.storage-download.googleapis.com/maven2/com/netease/cloudmusic/iotsdk/iot_base_audio_effect/0.4.5.20251016112309/iot_base_audio_effect-0.4.5.20251016112309.jar returned status 404
0.4.5.20251016112525			IOException: Tail request on https://maven-central.storage-download.googleapis.com/maven2/com/netease/cloudmusic/iotsdk/iot_base_audio_effect/0.4.5.20251016112525/iot_base_audio_effect-0.4.5.20251016112525.jar returned status 404
0.4.5.20251016165220			IOException: Tail request on https://maven-central.storage-download.googleapis.com/maven2/com/netease/cloudmusic/iotsdk/iot_base_audio_effect/0.4.5.20251016165220/iot_base_audio_effect-0.4.5.20251016165220.jar returned status 404
0.4.5.20251016170154			IOException: Tail request on https://maven-central.storage-download.googleapis.com/maven2/com/netease/cloudmusic/iotsdk/iot_base_audio_effect/0.4.5.20251016170154/iot_base_audio_effect-0.4.5.20251016170154.jar returned status 404
0.4.5.20251016191934			IOException: Tail request on https://maven-central.storage-download.googleapis.com/maven2/com/netease/cloudmusic/iotsdk/iot_base_audio_effect/0.4.5.20251016191934/iot_base_audio_effect-0.4.5.20251016191934.jar returned status 404
0.4.5.20251017190011			IOException: Tail request on https://maven-central.storage-download.googleapis.com/maven2/com/netease/cloudmusic/iotsdk/iot_base_audio_effect/0.4.5.20251017190011/iot_base_audio_effect-0.4.5.20251017190011.jar returned status 404
0.4.5.20251017204412			IOException: Tail request on https://maven-central.storage-download.googleapis.com/maven2/com/netease/cloudmusic/iotsdk/iot_base_audio_effect/0.4.5.20251017204412/iot_base_audio_effect-0.4.5.20251017204412.jar returned status 404
0.4.5.20251020121103			IOException: Tail request on https://maven-central.storage-download.googleapis.com/maven2/com/netease/cloudmusic/iotsdk/iot_base_audio_effect/0.4.5.20251020121103/iot_base_audio_effect-0.4.5.20251020121103.jar returned status 404
0.4.5.20251020133429			IOException: Tail request on https://maven-central.storage-download.googleapis.com/maven2/com/netease/cloudmusic/iotsdk/iot_base_audio_effect/0.4.5.20251020133429/iot_base_audio_effect-0.4.5.20251020133429.jar returned status 404
0.4.5.20251020144625			IOException: Tail request on https://maven-central.storage-download.googleapis.com/maven2/com/netease/cloudmusic/iotsdk/iot_base_audio_effect/0.4.5.20251020144625/iot_base_audio_effect-0.4.5.20251020144625.jar returned status 404
0.4.5.20251020154022			IOException: Tail request on https://maven-central.storage-download.googleapis.com/maven2/com/netease/cloudmusic/iotsdk/iot_base_audio_effect/0.4.5.20251020154022/iot_base_audio_effect-0.4.5.20251020154022.jar returned status 404
0.4.5.20251021093307			IOException: Tail request on https://maven-central.storage-download.googleapis.com/maven2/com/netease/cloudmusic/iotsdk/iot_base_audio_effect/0.4.5.20251021093307/iot_base_audio_effect-0.4.5.20251021093307.jar returned status 404
0.4.5.20251022145516			IOException: Tail request on https://maven-central.storage-download.googleapis.com/maven2/com/netease/cloudmusic/iotsdk/iot_base_audio_effect/0.4.5.20251022145516/iot_base_audio_effect-0.4.5.20251022145516.jar returned status 404
0.4.5.20251022150238			IOException: Tail request on https://maven-central.storage-download.googleapis.com/maven2/com/netease/cloudmusic/iotsdk/iot_base_audio_effect/0.4.5.20251022150238/iot_base_audio_effect-0.4.5.20251022150238.jar returned status 404
0.4.5.20251022175934			IOException: Tail request on https://maven-central.storage-download.googleapis.com/maven2/com/netease/cloudmusic/iotsdk/iot_base_audio_effect/0.4.5.20251022175934/iot_base_audio_effect-0.4.5.20251022175934.jar returned status 404
0.4.5.20251022194406			IOException: Tail request on https://maven-central.storage-download.googleapis.com/maven2/com/netease/cloudmusic/iotsdk/iot_base_audio_effect/0.4.5.20251022194406/iot_base_audio_effect-0.4.5.20251022194406.jar returned status 404
0.4.5.20251027105043			IOException: Tail request on https://maven-central.storage-download.googleapis.com/maven2/com/netease/cloudmusic/iotsdk/iot_base_audio_effect/0.4.5.20251027105043/iot_base_audio_effect-0.4.5.20251027105043.jar returned status 404
0.4.5.20251027110028			IOException: Tail request on https://maven-central.storage-download.googleapis.com/maven2/com/netease/cloudmusic/iotsdk/iot_base_audio_effect/0.4.5.20251027110028/iot_base_audio_effect-0.4.5.20251027110028.jar returned status 404
0.4.5.20251027120057			IOException: Tail request on https://maven-central.storage-download.googleapis.com/maven2/com/netease/cloudmusic/iotsdk/iot_base_audio_effect/0.4.5.20251027120057/iot_base_audio_effect-0.4.5.20251027120057.jar returned status 404
0.4.5.20251027132938			IOException: Tail request on https://maven-central.storage-download.googleapis.com/maven2/com/netease/cloudmusic/iotsdk/iot_base_audio_effect/0.4.5.20251027132938/iot_base_audio_effect-0.4.5.20251027132938.jar returned status 404
0.4.5.20251027144427			IOException: Tail request on https://maven-central.storage-download.googleapis.com/maven2/com/netease/cloudmusic/iotsdk/iot_base_audio_effect/0.4.5.20251027144427/iot_base_audio_effect-0.4.5.20251027144427.jar returned status 404
0.4.5.20251027200641			IOException: Tail request on https://maven-central.storage-download.googleapis.com/maven2/com/netease/cloudmusic/iotsdk/iot_base_audio_effect/0.4.5.20251027200641/iot_base_audio_effect-0.4.5.20251027200641.jar returned status 404
0.4.5.20251027221700			IOException: Tail request on https://maven-central.storage-download.googleapis.com/maven2/com/netease/cloudmusic/iotsdk/iot_base_audio_effect/0.4.5.20251027221700/iot_base_audio_effect-0.4.5.20251027221700.jar returned status 404
0.4.5.20251027225342			IOException: Tail request on https://maven-central.storage-download.googleapis.com/maven2/com/netease/cloudmusic/iotsdk/iot_base_audio_effect/0.4.5.20251027225342/iot_base_audio_effect-0.4.5.20251027225342.jar returned status 404
0.4.5.20251028111225			IOException: Tail request on https://maven-central.storage-download.googleapis.com/maven2/com/netease/cloudmusic/iotsdk/iot_base_audio_effect/0.4.5.20251028111225/iot_base_audio_effect-0.4.5.20251028111225.jar returned status 404
0.4.5.20251030181831			IOException: Tail request on https://maven-central.storage-download.googleapis.com/maven2/com/netease/cloudmusic/iotsdk/iot_base_audio_effect/0.4.5.20251030181831/iot_base_audio_effect-0.4.5.20251030181831.jar returned status 404
0.4.5.20251103111554			IOException: Tail request on https://maven-central.storage-download.googleapis.com/maven2/com/netease/cloudmusic/iotsdk/iot_base_audio_effect/0.4.5.20251103111554/iot_base_audio_effect-0.4.5.20251103111554.jar returned status 404
0.4.5.20251103142729			IOException: Tail request on https://maven-central.storage-download.googleapis.com/maven2/com/netease/cloudmusic/iotsdk/iot_base_audio_effect/0.4.5.20251103142729/iot_base_audio_effect-0.4.5.20251103142729.jar returned status 404
0.4.5.20251104110446			IOException: Tail request on https://maven-central.storage-download.googleapis.com/maven2/com/netease/cloudmusic/iotsdk/iot_base_audio_effect/0.4.5.20251104110446/iot_base_audio_effect-0.4.5.20251104110446.jar returned status 404
0.4.5.20251105181155			IOException: Tail request on https://maven-central.storage-download.googleapis.com/maven2/com/netease/cloudmusic/iotsdk/iot_base_audio_effect/0.4.5.20251105181155/iot_base_audio_effect-0.4.5.20251105181155.jar returned status 404
0.4.5.20251105195744			IOException: Tail request on https://maven-central.storage-download.googleapis.com/maven2/com/netease/cloudmusic/iotsdk/iot_base_audio_effect/0.4.5.20251105195744/iot_base_audio_effect-0.4.5.20251105195744.jar returned status 404
0.4.5.20251105205859			IOException: Tail request on https://maven-central.storage-download.googleapis.com/maven2/com/netease/cloudmusic/iotsdk/iot_base_audio_effect/0.4.5.20251105205859/iot_base_audio_effect-0.4.5.20251105205859.jar returned status 404
0.4.5.20251107113155			IOException: Tail request on https://maven-central.storage-download.googleapis.com/maven2/com/netease/cloudmusic/iotsdk/iot_base_audio_effect/0.4.5.20251107113155/iot_base_audio_effect-0.4.5.20251107113155.jar returned status 404
0.4.5.20251107142517			IOException: Tail request on https://maven-central.storage-download.googleapis.com/maven2/com/netease/cloudmusic/iotsdk/iot_base_audio_effect/0.4.5.20251107142517/iot_base_audio_effect-0.4.5.20251107142517.jar returned status 404
0.4.5.20251112182348			IOException: Tail request on https://maven-central.storage-download.googleapis.com/maven2/com/netease/cloudmusic/iotsdk/iot_base_audio_effect/0.4.5.20251112182348/iot_base_audio_effect-0.4.5.20251112182348.jar returned status 404
0.4.5.20251113141656			IOException: Tail request on https://maven-central.storage-download.googleapis.com/maven2/com/netease/cloudmusic/iotsdk/iot_base_audio_effect/0.4.5.20251113141656/iot_base_audio_effect-0.4.5.20251113141656.jar returned status 404
0.4.5.20251113164517			IOException: Tail request on https://maven-central.storage-download.googleapis.com/maven2/com/netease/cloudmusic/iotsdk/iot_base_audio_effect/0.4.5.20251113164517/iot_base_audio_effect-0.4.5.20251113164517.jar returned status 404
0.4.5.20251114150901			IOException: Tail request on https://maven-central.storage-download.googleapis.com/maven2/com/netease/cloudmusic/iotsdk/iot_base_audio_effect/0.4.5.20251114150901/iot_base_audio_effect-0.4.5.20251114150901.jar returned status 404
0.4.5.20251114152639			IOException: Tail request on https://maven-central.storage-download.googleapis.com/maven2/com/netease/cloudmusic/iotsdk/iot_base_audio_effect/0.4.5.20251114152639/iot_base_audio_effect-0.4.5.20251114152639.jar returned status 404
0.4.5.20251117170443			IOException: Tail request on https://maven-central.storage-download.googleapis.com/maven2/com/netease/cloudmusic/iotsdk/iot_base_audio_effect/0.4.5.20251117170443/iot_base_audio_effect-0.4.5.20251117170443.jar returned status 404
0.4.5.20251118140106			IOException: Tail request on https://maven-central.storage-download.googleapis.com/maven2/com/netease/cloudmusic/iotsdk/iot_base_audio_effect/0.4.5.20251118140106/iot_base_audio_effect-0.4.5.20251118140106.jar returned status 404
0.4.5.20251118182319			IOException: Tail request on https://maven-central.storage-download.googleapis.com/maven2/com/netease/cloudmusic/iotsdk/iot_base_audio_effect/0.4.5.20251118182319/iot_base_audio_effect-0.4.5.20251118182319.jar returned status 404
0.4.5.20251120122607			IOException: Tail request on https://maven-central.storage-download.googleapis.com/maven2/com/netease/cloudmusic/iotsdk/iot_base_audio_effect/0.4.5.20251120122607/iot_base_audio_effect-0.4.5.20251120122607.jar returned status 404
0.4.5.20251120143149			IOException: Tail request on https://maven-central.storage-download.googleapis.com/maven2/com/netease/cloudmusic/iotsdk/iot_base_audio_effect/0.4.5.20251120143149/iot_base_audio_effect-0.4.5.20251120143149.jar returned status 404
0.4.5.20251120151205			IOException: Tail request on https://maven-central.storage-download.googleapis.com/maven2/com/netease/cloudmusic/iotsdk/iot_base_audio_effect/0.4.5.20251120151205/iot_base_audio_effect-0.4.5.20251120151205.jar returned status 404
0.4.5.20251121185328			IOException: Tail request on https://maven-central.storage-download.googleapis.com/maven2/com/netease/cloudmusic/iotsdk/iot_base_audio_effect/0.4.5.20251121185328/iot_base_audio_effect-0.4.5.20251121185328.jar returned status 404
0.4.5.20251121190858			IOException: Tail request on https://maven-central.storage-download.googleapis.com/maven2/com/netease/cloudmusic/iotsdk/iot_base_audio_effect/0.4.5.20251121190858/iot_base_audio_effect-0.4.5.20251121190858.jar returned status 404
0.4.5.20251121191843			IOException: Tail request on https://maven-central.storage-download.googleapis.com/maven2/com/netease/cloudmusic/iotsdk/iot_base_audio_effect/0.4.5.20251121191843/iot_base_audio_effect-0.4.5.20251121191843.jar returned status 404
0.4.5.20251124102301			IOException: Tail request on https://maven-central.storage-download.googleapis.com/maven2/com/netease/cloudmusic/iotsdk/iot_base_audio_effect/0.4.5.20251124102301/iot_base_audio_effect-0.4.5.20251124102301.jar returned status 404
0.4.5.20251124111643			IOException: Tail request on https://maven-central.storage-download.googleapis.com/maven2/com/netease/cloudmusic/iotsdk/iot_base_audio_effect/0.4.5.20251124111643/iot_base_audio_effect-0.4.5.20251124111643.jar returned status 404
0.4.5.20251124175844			IOException: Tail request on https://maven-central.storage-download.googleapis.com/maven2/com/netease/cloudmusic/iotsdk/iot_base_audio_effect/0.4.5.20251124175844/iot_base_audio_effect-0.4.5.20251124175844.jar returned status 404
0.4.5.20251124184619			IOException: Tail request on https://maven-central.storage-download.googleapis.com/maven2/com/netease/cloudmusic/iotsdk/iot_base_audio_effect/0.4.5.20251124184619/iot_base_audio_effect-0.4.5.20251124184619.jar returned status 404
0.4.5.20251126144447			IOException: Tail request on https://maven-central.storage-download.googleapis.com/maven2/com/netease/cloudmusic/iotsdk/iot_base_audio_effect/0.4.5.20251126144447/iot_base_audio_effect-0.4.5.20251126144447.jar returned status 404
0.4.5.20251126150306			IOException: Tail request on https://maven-central.storage-download.googleapis.com/maven2/com/netease/cloudmusic/iotsdk/iot_base_audio_effect/0.4.5.20251126150306/iot_base_audio_effect-0.4.5.20251126150306.jar returned status 404
0.4.5.20251126164326			IOException: Tail request on https://maven-central.storage-download.googleapis.com/maven2/com/netease/cloudmusic/iotsdk/iot_base_audio_effect/0.4.5.20251126164326/iot_base_audio_effect-0.4.5.20251126164326.jar returned status 404
0.4.5.20251126170939			IOException: Tail request on https://maven-central.storage-download.googleapis.com/maven2/com/netease/cloudmusic/iotsdk/iot_base_audio_effect/0.4.5.20251126170939/iot_base_audio_effect-0.4.5.20251126170939.jar returned status 404
0.4.5.20251126173245			IOException: Tail request on https://maven-central.storage-download.googleapis.com/maven2/com/netease/cloudmusic/iotsdk/iot_base_audio_effect/0.4.5.20251126173245/iot_base_audio_effect-0.4.5.20251126173245.jar returned status 404
0.4.5.20251126180229			IOException: Tail request on https://maven-central.storage-download.googleapis.com/maven2/com/netease/cloudmusic/iotsdk/iot_base_audio_effect/0.4.5.20251126180229/iot_base_audio_effect-0.4.5.20251126180229.jar returned status 404
0.4.5.20251126181402			IOException: Tail request on https://maven-central.storage-download.googleapis.com/maven2/com/netease/cloudmusic/iotsdk/iot_base_audio_effect/0.4.5.20251126181402/iot_base_audio_effect-0.4.5.20251126181402.jar returned status 404
0.4.5.20251126194931			IOException: Tail request on https://maven-central.storage-download.googleapis.com/maven2/com/netease/cloudmusic/iotsdk/iot_base_audio_effect/0.4.5.20251126194931/iot_base_audio_effect-0.4.5.20251126194931.jar returned status 404
0.4.5.20251126200505			IOException: Tail request on https://maven-central.storage-download.googleapis.com/maven2/com/netease/cloudmusic/iotsdk/iot_base_audio_effect/0.4.5.20251126200505/iot_base_audio_effect-0.4.5.20251126200505.jar returned status 404
0.4.5.20251126202148			IOException: Tail request on https://maven-central.storage-download.googleapis.com/maven2/com/netease/cloudmusic/iotsdk/iot_base_audio_effect/0.4.5.20251126202148/iot_base_audio_effect-0.4.5.20251126202148.jar returned status 404
0.4.5.20251126203937			IOException: Tail request on https://maven-central.storage-download.googleapis.com/maven2/com/netease/cloudmusic/iotsdk/iot_base_audio_effect/0.4.5.20251126203937/iot_base_audio_effect-0.4.5.20251126203937.jar returned status 404
0.4.5.20251127101232			IOException: Tail request on https://maven-central.storage-download.googleapis.com/maven2/com/netease/cloudmusic/iotsdk/iot_base_audio_effect/0.4.5.20251127101232/iot_base_audio_effect-0.4.5.20251127101232.jar returned status 404
0.4.5.20251127105033			IOException: Tail request on https://maven-central.storage-download.googleapis.com/maven2/com/netease/cloudmusic/iotsdk/iot_base_audio_effect/0.4.5.20251127105033/iot_base_audio_effect-0.4.5.20251127105033.jar returned status 404
0.4.5.20251127142148			IOException: Tail request on https://maven-central.storage-download.googleapis.com/maven2/com/netease/cloudmusic/iotsdk/iot_base_audio_effect/0.4.5.20251127142148/iot_base_audio_effect-0.4.5.20251127142148.jar returned status 404
0.4.5.20251127151702			IOException: Tail request on https://maven-central.storage-download.googleapis.com/maven2/com/netease/cloudmusic/iotsdk/iot_base_audio_effect/0.4.5.20251127151702/iot_base_audio_effect-0.4.5.20251127151702.jar returned status 404
0.4.5.20251127194918			IOException: Tail request on https://maven-central.storage-download.googleapis.com/maven2/com/netease/cloudmusic/iotsdk/iot_base_audio_effect/0.4.5.20251127194918/iot_base_audio_effect-0.4.5.20251127194918.jar returned status 404
0.4.5.20251127203059			IOException: Tail request on https://maven-central.storage-download.googleapis.com/maven2/com/netease/cloudmusic/iotsdk/iot_base_audio_effect/0.4.5.20251127203059/iot_base_audio_effect-0.4.5.20251127203059.jar returned status 404
0.4.5.20251128101151			IOException: Tail request on https://maven-central.storage-download.googleapis.com/maven2/com/netease/cloudmusic/iotsdk/iot_base_audio_effect/0.4.5.20251128101151/iot_base_audio_effect-0.4.5.20251128101151.jar returned status 404
0.4.5.20251128104748			IOException: Tail request on https://maven-central.storage-download.googleapis.com/maven2/com/netease/cloudmusic/iotsdk/iot_base_audio_effect/0.4.5.20251128104748/iot_base_audio_effect-0.4.5.20251128104748.jar returned status 404
0.4.5.20251128140302			IOException: Tail request on https://maven-central.storage-download.googleapis.com/maven2/com/netease/cloudmusic/iotsdk/iot_base_audio_effect/0.4.5.20251128140302/iot_base_audio_effect-0.4.5.20251128140302.jar returned status 404
0.4.5.20251128153941			IOException: Tail request on https://maven-central.storage-download.googleapis.com/maven2/com/netease/cloudmusic/iotsdk/iot_base_audio_effect/0.4.5.20251128153941/iot_base_audio_effect-0.4.5.20251128153941.jar returned status 404
0.4.5.20251128171238			IOException: Tail request on https://maven-central.storage-download.googleapis.com/maven2/com/netease/cloudmusic/iotsdk/iot_base_audio_effect/0.4.5.20251128171238/iot_base_audio_effect-0.4.5.20251128171238.jar returned status 404
0.4.5.20251128172738			IOException: Tail request on https://maven-central.storage-download.googleapis.com/maven2/com/netease/cloudmusic/iotsdk/iot_base_audio_effect/0.4.5.20251128172738/iot_base_audio_effect-0.4.5.20251128172738.jar returned status 404
0.4.5.20251128175744			IOException: Tail request on https://maven-central.storage-download.googleapis.com/maven2/com/netease/cloudmusic/iotsdk/iot_base_audio_effect/0.4.5.20251128175744/iot_base_audio_effect-0.4.5.20251128175744.jar returned status 404
0.4.5.20251128182230			IOException: Tail request on https://maven-central.storage-download.googleapis.com/maven2/com/netease/cloudmusic/iotsdk/iot_base_audio_effect/0.4.5.20251128182230/iot_base_audio_effect-0.4.5.20251128182230.jar returned status 404
0.4.5.20251128183546			IOException: Tail request on https://maven-central.storage-download.googleapis.com/maven2/com/netease/cloudmusic/iotsdk/iot_base_audio_effect/0.4.5.20251128183546/iot_base_audio_effect-0.4.5.20251128183546.jar returned status 404
0.4.5.20251201115227			IOException: Tail request on https://maven-central.storage-download.googleapis.com/maven2/com/netease/cloudmusic/iotsdk/iot_base_audio_effect/0.4.5.20251201115227/iot_base_audio_effect-0.4.5.20251201115227.jar returned status 404
0.4.5.20251202163214			IOException: Tail request on https://maven-central.storage-download.googleapis.com/maven2/com/netease/cloudmusic/iotsdk/iot_base_audio_effect/0.4.5.20251202163214/iot_base_audio_effect-0.4.5.20251202163214.jar returned status 404
0.4.5.20251202171833			IOException: Tail request on https://maven-central.storage-download.googleapis.com/maven2/com/netease/cloudmusic/iotsdk/iot_base_audio_effect/0.4.5.20251202171833/iot_base_audio_effect-0.4.5.20251202171833.jar returned status 404
0.4.5.20251204120006			IOException: Tail request on https://maven-central.storage-download.googleapis.com/maven2/com/netease/cloudmusic/iotsdk/iot_base_audio_effect/0.4.5.20251204120006/iot_base_audio_effect-0.4.5.20251204120006.jar returned status 404
0.4.5.20251204183454			IOException: Tail request on https://maven-central.storage-download.googleapis.com/maven2/com/netease/cloudmusic/iotsdk/iot_base_audio_effect/0.4.5.20251204183454/iot_base_audio_effect-0.4.5.20251204183454.jar returned status 404
0.4.5.20251204210035			IOException: Tail request on https://maven-central.storage-download.googleapis.com/maven2/com/netease/cloudmusic/iotsdk/iot_base_audio_effect/0.4.5.20251204210035/iot_base_audio_effect-0.4.5.20251204210035.jar returned status 404
0.4.5.20251210105156			IOException: Tail request on https://maven-central.storage-download.googleapis.com/maven2/com/netease/cloudmusic/iotsdk/iot_base_audio_effect/0.4.5.20251210105156/iot_base_audio_effect-0.4.5.20251210105156.jar returned status 404
0.4.5.20251210124430			IOException: Tail request on https://maven-central.storage-download.googleapis.com/maven2/com/netease/cloudmusic/iotsdk/iot_base_audio_effect/0.4.5.20251210124430/iot_base_audio_effect-0.4.5.20251210124430.jar returned status 404
0.4.5.20251215180725			IOException: Tail request on https://maven-central.storage-download.googleapis.com/maven2/com/netease/cloudmusic/iotsdk/iot_base_audio_effect/0.4.5.20251215180725/iot_base_audio_effect-0.4.5.20251215180725.jar returned status 404
0.4.5.20251216114316			IOException: Tail request on https://maven-central.storage-download.googleapis.com/maven2/com/netease/cloudmusic/iotsdk/iot_base_audio_effect/0.4.5.20251216114316/iot_base_audio_effect-0.4.5.20251216114316.jar returned status 404
0.4.5.20251216171628			IOException: Tail request on https://maven-central.storage-download.googleapis.com/maven2/com/netease/cloudmusic/iotsdk/iot_base_audio_effect/0.4.5.20251216171628/iot_base_audio_effect-0.4.5.20251216171628.jar returned status 404
0.4.5.20251218143732			IOException: Tail request on https://maven-central.storage-download.googleapis.com/maven2/com/netease/cloudmusic/iotsdk/iot_base_audio_effect/0.4.5.20251218143732/iot_base_audio_effect-0.4.5.20251218143732.jar returned status 404
0.4.5.20251224141907			IOException: Tail request on https://maven-central.storage-download.googleapis.com/maven2/com/netease/cloudmusic/iotsdk/iot_base_audio_effect/0.4.5.20251224141907/iot_base_audio_effect-0.4.5.20251224141907.jar returned status 404
0.4.5.20251226144956			IOException: Tail request on https://maven-central.storage-download.googleapis.com/maven2/com/netease/cloudmusic/iotsdk/iot_base_audio_effect/0.4.5.20251226144956/iot_base_audio_effect-0.4.5.20251226144956.jar returned status 404
0.4.5.20260106114220			IOException: Tail request on https://maven-central.storage-download.googleapis.com/maven2/com/netease/cloudmusic/iotsdk/iot_base_audio_effect/0.4.5.20260106114220/iot_base_audio_effect-0.4.5.20260106114220.jar returned status 404
0.4.5.20260108192554			IOException: Tail request on https://maven-central.storage-download.googleapis.com/maven2/com/netease/cloudmusic/iotsdk/iot_base_audio_effect/0.4.5.20260108192554/iot_base_audio_effect-0.4.5.20260108192554.jar returned status 404
0.4.5.20260109182746			IOException: Tail request on https://maven-central.storage-download.googleapis.com/maven2/com/netease/cloudmusic/iotsdk/iot_base_audio_effect/0.4.5.20260109182746/iot_base_audio_effect-0.4.5.20260109182746.jar returned status 404
0.4.5.20260112142305			IOException: Tail request on https://maven-central.storage-download.googleapis.com/maven2/com/netease/cloudmusic/iotsdk/iot_base_audio_effect/0.4.5.20260112142305/iot_base_audio_effect-0.4.5.20260112142305.jar returned status 404
0.4.5.20260112194128			IOException: Tail request on https://maven-central.storage-download.googleapis.com/maven2/com/netease/cloudmusic/iotsdk/iot_base_audio_effect/0.4.5.20260112194128/iot_base_audio_effect-0.4.5.20260112194128.jar returned status 404
0.4.5.20260120184128			IOException: Tail request on https://maven-central.storage-download.googleapis.com/maven2/com/netease/cloudmusic/iotsdk/iot_base_audio_effect/0.4.5.20260120184128/iot_base_audio_effect-0.4.5.20260120184128.jar returned status 404
0.4.5.20260121000001-rc.1			IOException: Tail request on https://maven-central.storage-download.googleapis.com/maven2/com/netease/cloudmusic/iotsdk/iot_base_audio_effect/0.4.5.20260121000001-rc.1/iot_base_audio_effect-0.4.5.20260121000001-rc.1.jar returned status 404
0.4.5.20260122190138			IOException: Tail request on https://maven-central.storage-download.googleapis.com/maven2/com/netease/cloudmusic/iotsdk/iot_base_audio_effect/0.4.5.20260122190138/iot_base_audio_effect-0.4.5.20260122190138.jar returned status 404
0.4.5.20260123152210			IOException: Tail request on https://maven-central.storage-download.googleapis.com/maven2/com/netease/cloudmusic/iotsdk/iot_base_audio_effect/0.4.5.20260123152210/iot_base_audio_effect-0.4.5.20260123152210.jar returned status 404
0.4.5.20260127201127			IOException: Tail request on https://maven-central.storage-download.googleapis.com/maven2/com/netease/cloudmusic/iotsdk/iot_base_audio_effect/0.4.5.20260127201127/iot_base_audio_effect-0.4.5.20260127201127.jar returned status 404
0.4.5.20260128170227			IOException: Tail request on https://maven-central.storage-download.googleapis.com/maven2/com/netease/cloudmusic/iotsdk/iot_base_audio_effect/0.4.5.20260128170227/iot_base_audio_effect-0.4.5.20260128170227.jar returned status 404
0.4.5.20260128175042			IOException: Tail request on https://maven-central.storage-download.googleapis.com/maven2/com/netease/cloudmusic/iotsdk/iot_base_audio_effect/0.4.5.20260128175042/iot_base_audio_effect-0.4.5.20260128175042.jar returned status 404
0.4.5.20260128202035			IOException: Tail request on https://maven-central.storage-download.googleapis.com/maven2/com/netease/cloudmusic/iotsdk/iot_base_audio_effect/0.4.5.20260128202035/iot_base_audio_effect-0.4.5.20260128202035.jar returned status 404
0.4.5.20260203151401			IOException: Tail request on https://maven-central.storage-download.googleapis.com/maven2/com/netease/cloudmusic/iotsdk/iot_base_audio_effect/0.4.5.20260203151401/iot_base_audio_effect-0.4.5.20260203151401.jar returned status 404
0.4.5.20260205103900			IOException: Tail request on https://maven-central.storage-download.googleapis.com/maven2/com/netease/cloudmusic/iotsdk/iot_base_audio_effect/0.4.5.20260205103900/iot_base_audio_effect-0.4.5.20260205103900.jar returned status 404
0.4.5.20260205170255			IOException: Tail request on https://maven-central.storage-download.googleapis.com/maven2/com/netease/cloudmusic/iotsdk/iot_base_audio_effect/0.4.5.20260205170255/iot_base_audio_effect-0.4.5.20260205170255.jar returned status 404
0.4.5.20260206144538			IOException: Tail request on https://maven-central.storage-download.googleapis.com/maven2/com/netease/cloudmusic/iotsdk/iot_base_audio_effect/0.4.5.20260206144538/iot_base_audio_effect-0.4.5.20260206144538.jar returned status 404
0.4.5.20260206145250			IOException: Tail request on https://maven-central.storage-download.googleapis.com/maven2/com/netease/cloudmusic/iotsdk/iot_base_audio_effect/0.4.5.20260206145250/iot_base_audio_effect-0.4.5.20260206145250.jar returned status 404
0.4.5.20260206154126			IOException: Tail request on https://maven-central.storage-download.googleapis.com/maven2/com/netease/cloudmusic/iotsdk/iot_base_audio_effect/0.4.5.20260206154126/iot_base_audio_effect-0.4.5.20260206154126.jar returned status 404
0.4.5.20260206170623			IOException: Tail request on https://maven-central.storage-download.googleapis.com/maven2/com/netease/cloudmusic/iotsdk/iot_base_audio_effect/0.4.5.20260206170623/iot_base_audio_effect-0.4.5.20260206170623.jar returned status 404
0.4.5.20260210102916			IOException: Tail request on https://maven-central.storage-download.googleapis.com/maven2/com/netease/cloudmusic/iotsdk/iot_base_audio_effect/0.4.5.20260210102916/iot_base_audio_effect-0.4.5.20260210102916.jar returned status 404
0.4.5.20260225132138			IOException: Tail request on https://maven-central.storage-download.googleapis.com/maven2/com/netease/cloudmusic/iotsdk/iot_base_audio_effect/0.4.5.20260225132138/iot_base_audio_effect-0.4.5.20260225132138.jar returned status 404
0.4.5.20260225145138			IOException: Tail request on https://maven-central.storage-download.googleapis.com/maven2/com/netease/cloudmusic/iotsdk/iot_base_audio_effect/0.4.5.20260225145138/iot_base_audio_effect-0.4.5.20260225145138.jar returned status 404
0.4.5.20260225155516			IOException: Tail request on https://maven-central.storage-download.googleapis.com/maven2/com/netease/cloudmusic/iotsdk/iot_base_audio_effect/0.4.5.20260225155516/iot_base_audio_effect-0.4.5.20260225155516.jar returned status 404
0.4.5.20260226103724			IOException: Tail request on https://maven-central.storage-download.googleapis.com/maven2/com/netease/cloudmusic/iotsdk/iot_base_audio_effect/0.4.5.20260226103724/iot_base_audio_effect-0.4.5.20260226103724.jar returned status 404
0.4.5.20260226164022			IOException: Tail request on https://maven-central.storage-download.googleapis.com/maven2/com/netease/cloudmusic/iotsdk/iot_base_audio_effect/0.4.5.20260226164022/iot_base_audio_effect-0.4.5.20260226164022.jar returned status 404
0.4.5.20260226200020			IOException: Tail request on https://maven-central.storage-download.googleapis.com/maven2/com/netease/cloudmusic/iotsdk/iot_base_audio_effect/0.4.5.20260226200020/iot_base_audio_effect-0.4.5.20260226200020.jar returned status 404
0.4.5.20260227100658			IOException: Tail request on https://maven-central.storage-download.googleapis.com/maven2/com/netease/cloudmusic/iotsdk/iot_base_audio_effect/0.4.5.20260227100658/iot_base_audio_effect-0.4.5.20260227100658.jar returned status 404
0.4.5.20260227104202			IOException: Tail request on https://maven-central.storage-download.googleapis.com/maven2/com/netease/cloudmusic/iotsdk/iot_base_audio_effect/0.4.5.20260227104202/iot_base_audio_effect-0.4.5.20260227104202.jar returned status 404
0.4.5.20260227184341			IOException: Tail request on https://maven-central.storage-download.googleapis.com/maven2/com/netease/cloudmusic/iotsdk/iot_base_audio_effect/0.4.5.20260227184341/iot_base_audio_effect-0.4.5.20260227184341.jar returned status 404
0.4.5.20260303104103			IOException: Tail request on https://maven-central.storage-download.googleapis.com/maven2/com/netease/cloudmusic/iotsdk/iot_base_audio_effect/0.4.5.20260303104103/iot_base_audio_effect-0.4.5.20260303104103.jar returned status 404
0.4.5.20260303111709			IOException: Tail request on https://maven-central.storage-download.googleapis.com/maven2/com/netease/cloudmusic/iotsdk/iot_base_audio_effect/0.4.5.20260303111709/iot_base_audio_effect-0.4.5.20260303111709.jar returned status 404
0.4.5.20260303162407			IOException: Tail request on https://maven-central.storage-download.googleapis.com/maven2/com/netease/cloudmusic/iotsdk/iot_base_audio_effect/0.4.5.20260303162407/iot_base_audio_effect-0.4.5.20260303162407.jar returned status 404
0.4.5.20260304100722			IOException: Tail request on https://maven-central.storage-download.googleapis.com/maven2/com/netease/cloudmusic/iotsdk/iot_base_audio_effect/0.4.5.20260304100722/iot_base_audio_effect-0.4.5.20260304100722.jar returned status 404
0.4.5.20260304110749			IOException: Tail request on https://maven-central.storage-download.googleapis.com/maven2/com/netease/cloudmusic/iotsdk/iot_base_audio_effect/0.4.5.20260304110749/iot_base_audio_effect-0.4.5.20260304110749.jar returned status 404
0.4.5.20260304111711			IOException: Tail request on https://maven-central.storage-download.googleapis.com/maven2/com/netease/cloudmusic/iotsdk/iot_base_audio_effect/0.4.5.20260304111711/iot_base_audio_effect-0.4.5.20260304111711.jar returned status 404
0.4.5.20260304142655			IOException: Tail request on https://maven-central.storage-download.googleapis.com/maven2/com/netease/cloudmusic/iotsdk/iot_base_audio_effect/0.4.5.20260304142655/iot_base_audio_effect-0.4.5.20260304142655.jar returned status 404
0.4.5.20260306112732			IOException: Tail request on https://maven-central.storage-download.googleapis.com/maven2/com/netease/cloudmusic/iotsdk/iot_base_audio_effect/0.4.5.20260306112732/iot_base_audio_effect-0.4.5.20260306112732.jar returned status 404
0.4.5.20260306171837			IOException: Tail request on https://maven-central.storage-download.googleapis.com/maven2/com/netease/cloudmusic/iotsdk/iot_base_audio_effect/0.4.5.20260306171837/iot_base_audio_effect-0.4.5.20260306171837.jar returned status 404
0.4.5.20260310141752			IOException: Tail request on https://maven-central.storage-download.googleapis.com/maven2/com/netease/cloudmusic/iotsdk/iot_base_audio_effect/0.4.5.20260310141752/iot_base_audio_effect-0.4.5.20260310141752.jar returned status 404
0.4.5.20260313153742			IOException: Tail request on https://maven-central.storage-download.googleapis.com/maven2/com/netease/cloudmusic/iotsdk/iot_base_audio_effect/0.4.5.20260313153742/iot_base_audio_effect-0.4.5.20260313153742.jar returned status 404
0.4.5.20260316154018			IOException: Tail request on https://maven-central.storage-download.googleapis.com/maven2/com/netease/cloudmusic/iotsdk/iot_base_audio_effect/0.4.5.20260316154018/iot_base_audio_effect-0.4.5.20260316154018.jar returned status 404
0.4.5.20260318101325			IOException: Tail request on https://maven-central.storage-download.googleapis.com/maven2/com/netease/cloudmusic/iotsdk/iot_base_audio_effect/0.4.5.20260318101325/iot_base_audio_effect-0.4.5.20260318101325.jar returned status 404
0.4.5.20260319144516			IOException: Tail request on https://maven-central.storage-download.googleapis.com/maven2/com/netease/cloudmusic/iotsdk/iot_base_audio_effect/0.4.5.20260319144516/iot_base_audio_effect-0.4.5.20260319144516.jar returned status 404
0.4.5.20260319195443			IOException: Tail request on https://maven-central.storage-download.googleapis.com/maven2/com/netease/cloudmusic/iotsdk/iot_base_audio_effect/0.4.5.20260319195443/iot_base_audio_effect-0.4.5.20260319195443.jar returned status 404
0.4.5.20260319201605			IOException: Tail request on https://maven-central.storage-download.googleapis.com/maven2/com/netease/cloudmusic/iotsdk/iot_base_audio_effect/0.4.5.20260319201605/iot_base_audio_effect-0.4.5.20260319201605.jar returned status 404
0.4.5.20260324114159			IOException: Tail request on https://maven-central.storage-download.googleapis.com/maven2/com/netease/cloudmusic/iotsdk/iot_base_audio_effect/0.4.5.20260324114159/iot_base_audio_effect-0.4.5.20260324114159.jar returned status 404
0.4.5.20260324150551			IOException: Tail request on https://maven-central.storage-download.googleapis.com/maven2/com/netease/cloudmusic/iotsdk/iot_base_audio_effect/0.4.5.20260324150551/iot_base_audio_effect-0.4.5.20260324150551.jar returned status 404
0.4.5.20260409110658			IOException: Tail request on https://maven-central.storage-download.googleapis.com/maven2/com/netease/cloudmusic/iotsdk/iot_base_audio_effect/0.4.5.20260409110658/iot_base_audio_effect-0.4.5.20260409110658.jar returned status 404
0.4.5.20260414093742			IOException: Tail request on https://maven-central.storage-download.googleapis.com/maven2/com/netease/cloudmusic/iotsdk/iot_base_audio_effect/0.4.5.20260414093742/iot_base_audio_effect-0.4.5.20260414093742.jar returned status 404
0.4.5.20260414160751			IOException: Tail request on https://maven-central.storage-download.googleapis.com/maven2/com/netease/cloudmusic/iotsdk/iot_base_audio_effect/0.4.5.20260414160751/iot_base_audio_effect-0.4.5.20260414160751.jar returned status 404
0.4.5.20260414193357			IOException: Tail request on https://maven-central.storage-download.googleapis.com/maven2/com/netease/cloudmusic/iotsdk/iot_base_audio_effect/0.4.5.20260414193357/iot_base_audio_effect-0.4.5.20260414193357.jar returned status 404
0.4.5.20260416203230			IOException: Tail request on https://maven-central.storage-download.googleapis.com/maven2/com/netease/cloudmusic/iotsdk/iot_base_audio_effect/0.4.5.20260416203230/iot_base_audio_effect-0.4.5.20260416203230.jar returned status 404
0.4.5.20260421153112			IOException: Tail request on https://maven-central.storage-download.googleapis.com/maven2/com/netease/cloudmusic/iotsdk/iot_base_audio_effect/0.4.5.20260421153112/iot_base_audio_effect-0.4.5.20260421153112.jar returned status 404
0.4.5.20260421163520			IOException: Tail request on https://maven-central.storage-download.googleapis.com/maven2/com/netease/cloudmusic/iotsdk/iot_base_audio_effect/0.4.5.20260421163520/iot_base_audio_effect-0.4.5.20260421163520.jar returned status 404
0.4.5.20260428102121			IOException: Tail request on https://maven-central.storage-download.googleapis.com/maven2/com/netease/cloudmusic/iotsdk/iot_base_audio_effect/0.4.5.20260428102121/iot_base_audio_effect-0.4.5.20260428102121.jar returned status 404
0.4.5.20260428182533			IOException: Tail request on https://maven-central.storage-download.googleapis.com/maven2/com/netease/cloudmusic/iotsdk/iot_base_audio_effect/0.4.5.20260428182533/iot_base_audio_effect-0.4.5.20260428182533.jar returned status 404
0.4.5.20260429145556			IOException: Tail request on https://maven-central.storage-download.googleapis.com/maven2/com/netease/cloudmusic/iotsdk/iot_base_audio_effect/0.4.5.20260429145556/iot_base_audio_effect-0.4.5.20260429145556.jar returned status 404
0.4.5.20260429210314			IOException: Tail request on https://maven-central.storage-download.googleapis.com/maven2/com/netease/cloudmusic/iotsdk/iot_base_audio_effect/0.4.5.20260429210314/iot_base_audio_effect-0.4.5.20260429210314.jar returned status 404
0.4.5.20260430143127			IOException: Tail request on https://maven-central.storage-download.googleapis.com/maven2/com/netease/cloudmusic/iotsdk/iot_base_audio_effect/0.4.5.20260430143127/iot_base_audio_effect-0.4.5.20260430143127.jar returned status 404
0.4.5.20260511164357			IOException: Tail request on https://maven-central.storage-download.googleapis.com/maven2/com/netease/cloudmusic/iotsdk/iot_base_audio_effect/0.4.5.20260511164357/iot_base_audio_effect-0.4.5.20260511164357.jar returned status 404
0.4.5.20260511195241			IOException: Tail request on https://maven-central.storage-download.googleapis.com/maven2/com/netease/cloudmusic/iotsdk/iot_base_audio_effect/0.4.5.20260511195241/iot_base_audio_effect-0.4.5.20260511195241.jar returned status 404
0.4.5.20260513112845			IOException: Tail request on https://maven-central.storage-download.googleapis.com/maven2/com/netease/cloudmusic/iotsdk/iot_base_audio_effect/0.4.5.20260513112845/iot_base_audio_effect-0.4.5.20260513112845.jar returned status 404
0.4.5.20260528141744		2026-05-28T06:19:25Z	IOException: Tail request on https://maven-central.storage-download.googleapis.com/maven2/com/netease/cloudmusic/iotsdk/iot_base_audio_effect/0.4.5.20260528141744/iot_base_audio_effect-0.4.5.20260528141744.jar returned status 404
0.4.5.20260528153700		2026-05-28T07:38:30Z	IOException: Tail request on https://maven-central.storage-download.googleapis.com/maven2/com/netease/cloudmusic/iotsdk/iot_base_audio_effect/0.4.5.20260528153700/iot_base_audio_effect-0.4.5.20260528153700.jar returned status 404
