2.0.0-preview-13	automatic	software.amazon.awssdk	cognitosync	2018-11-13T22:52:38Z	
2.1.0	automatic	software.amazon.awssdk	cognitosync	2018-11-19T22:54:30Z	
2.1.1	automatic	software.amazon.awssdk	cognitosync	2018-11-27T23:56:38Z	
2.1.2	automatic	software.amazon.awssdk	cognitosync	2018-11-29T05:53:55Z	
2.1.3	automatic	software.amazon.awssdk	cognitosync	2018-11-30T00:52:13Z	
2.1.4	automatic	software.amazon.awssdk	cognitosync	2018-12-08T00:01:57Z	
2.2.0	automatic	software.amazon.awssdk	cognitosync	2018-12-15T00:14:23Z	
2.3.0	automatic	software.amazon.awssdk	cognitosync	2019-01-10T00:59:49Z	
2.3.1	automatic	software.amazon.awssdk	cognitosync	2019-01-14T03:39:49Z	
2.3.2	automatic	software.amazon.awssdk	cognitosync	2019-01-15T00:15:47Z	
2.3.3	automatic	software.amazon.awssdk	cognitosync	2019-01-16T21:44:34Z	
2.3.4	automatic	software.amazon.awssdk	cognitosync	2019-01-18T05:50:26Z	
2.3.5	automatic	software.amazon.awssdk	cognitosync	2019-01-19T00:47:47Z	
2.3.6	automatic	software.amazon.awssdk	cognitosync	2019-01-22T01:48:24Z	
2.3.7	automatic	software.amazon.awssdk	cognitosync	2019-01-24T02:27:43Z	
2.3.8	automatic	software.amazon.awssdk	cognitosync	2019-01-25T03:31:14Z	
2.3.9	automatic	software.amazon.awssdk	cognitosync	2019-01-26T01:20:43Z	
2.4.0	automatic	software.amazon.awssdk	cognitosync	2019-02-05T02:03:27Z	
2.4.1	automatic	software.amazon.awssdk	cognitosync	2019-02-06T00:42:56Z	
2.4.2	automatic	software.amazon.awssdk	cognitosync	2019-02-07T02:12:17Z	
2.4.3	automatic	software.amazon.awssdk	cognitosync	2019-02-08T00:48:08Z	
2.4.4	automatic	software.amazon.awssdk	cognitosync	2019-02-09T01:18:48Z	
2.4.5	automatic	software.amazon.awssdk	cognitosync	2019-02-12T02:04:00Z	
2.4.6	automatic	software.amazon.awssdk	cognitosync	2019-02-13T01:17:37Z	
2.4.7	automatic	software.amazon.awssdk	cognitosync	2019-02-14T00:48:31Z	
2.4.8	automatic	software.amazon.awssdk	cognitosync	2019-02-14T22:51:24Z	
2.4.10	automatic	software.amazon.awssdk	cognitosync	2019-02-19T02:58:51Z	
2.4.11	automatic	software.amazon.awssdk	cognitosync	2019-02-19T20:41:40Z	
2.4.12	automatic	software.amazon.awssdk	cognitosync	2019-02-20T20:22:01Z	
2.4.13	automatic	software.amazon.awssdk	cognitosync	2019-02-21T20:37:49Z	
2.4.14	automatic	software.amazon.awssdk	cognitosync	2019-02-22T20:30:34Z	
2.4.15	automatic	software.amazon.awssdk	cognitosync	2019-02-25T23:31:15Z	
2.4.16	automatic	software.amazon.awssdk	cognitosync	2019-02-26T20:35:54Z	
2.4.17	automatic	software.amazon.awssdk	cognitosync	2019-02-27T21:41:58Z	
2.5.0	automatic	software.amazon.awssdk	cognitosync	2019-02-28T21:36:48Z	
2.5.1	automatic	software.amazon.awssdk	cognitosync	2019-03-01T21:50:09Z	
2.5.2	automatic	software.amazon.awssdk	cognitosync	2019-03-04T21:21:26Z	
2.5.3	automatic	software.amazon.awssdk	cognitosync	2019-03-05T22:56:21Z	
2.5.4	automatic	software.amazon.awssdk	cognitosync	2019-03-06T20:59:02Z	
2.5.5	automatic	software.amazon.awssdk	cognitosync	2019-03-07T23:18:52Z	
2.5.6	automatic	software.amazon.awssdk	cognitosync	2019-03-08T20:22:58Z	
2.5.7	automatic	software.amazon.awssdk	cognitosync	2019-03-12T20:21:47Z	
2.5.8	automatic	software.amazon.awssdk	cognitosync	2019-03-13T00:29:27Z	
2.5.9	automatic	software.amazon.awssdk	cognitosync	2019-03-13T19:58:58Z	
2.5.10	automatic	software.amazon.awssdk	cognitosync	2019-03-14T21:33:28Z	
2.5.11	automatic	software.amazon.awssdk	cognitosync	2019-03-19T01:45:26Z	
2.5.12	automatic	software.amazon.awssdk	cognitosync	2019-03-19T19:26:23Z	
2.5.13	automatic	software.amazon.awssdk	cognitosync	2019-03-20T19:00:00Z	
2.5.14	automatic	software.amazon.awssdk	cognitosync	2019-03-22T00:47:15Z	
2.5.15	automatic	software.amazon.awssdk	cognitosync	2019-03-22T22:49:45Z	
2.5.16	automatic	software.amazon.awssdk	cognitosync	2019-03-26T18:45:22Z	
2.5.17	automatic	software.amazon.awssdk	cognitosync	2019-03-26T19:55:13Z	
2.5.18	automatic	software.amazon.awssdk	cognitosync	2019-03-27T23:28:37Z	
2.5.19	automatic	software.amazon.awssdk	cognitosync	2019-03-28T21:43:57Z	
2.5.20	automatic	software.amazon.awssdk	cognitosync	2019-03-29T20:33:21Z	
2.5.21	automatic	software.amazon.awssdk	cognitosync	2019-04-01T19:15:41Z	
2.5.22	automatic	software.amazon.awssdk	cognitosync	2019-04-02T18:55:23Z	
2.5.23	automatic	software.amazon.awssdk	cognitosync	2019-04-03T19:25:47Z	
2.5.24	automatic	software.amazon.awssdk	cognitosync	2019-04-04T19:24:56Z	
2.5.25	automatic	software.amazon.awssdk	cognitosync	2019-04-05T22:01:32Z	
2.5.26	automatic	software.amazon.awssdk	cognitosync	2019-04-16T19:06:21Z	
2.5.27	automatic	software.amazon.awssdk	cognitosync	2019-04-17T20:33:40Z	
2.5.28	automatic	software.amazon.awssdk	cognitosync	2019-04-18T22:33:46Z	
2.5.29	automatic	software.amazon.awssdk	cognitosync	2019-04-19T18:56:51Z	
2.5.30	automatic	software.amazon.awssdk	cognitosync	2019-04-24T19:04:10Z	
2.5.31	automatic	software.amazon.awssdk	cognitosync	2019-04-25T19:06:50Z	
2.5.32	automatic	software.amazon.awssdk	cognitosync	2019-04-26T18:55:58Z	
2.5.33	automatic	software.amazon.awssdk	cognitosync	2019-04-29T19:05:37Z	
2.5.34	automatic	software.amazon.awssdk	cognitosync	2019-04-30T23:46:46Z	
2.5.35	automatic	software.amazon.awssdk	cognitosync	2019-05-01T19:07:26Z	
2.5.36	automatic	software.amazon.awssdk	cognitosync	2019-05-02T20:44:17Z	
2.5.37	automatic	software.amazon.awssdk	cognitosync	2019-05-03T19:26:42Z	
2.5.38	automatic	software.amazon.awssdk	cognitosync	2019-05-07T20:49:52Z	
2.5.39	automatic	software.amazon.awssdk	cognitosync	2019-05-07T23:21:13Z	
2.5.40	automatic	software.amazon.awssdk	cognitosync	2019-05-08T19:07:10Z	
2.5.41	automatic	software.amazon.awssdk	cognitosync	2019-05-10T19:01:51Z	
2.5.42	automatic	software.amazon.awssdk	cognitosync	2019-05-13T19:13:28Z	
2.5.43	automatic	software.amazon.awssdk	cognitosync	2019-05-14T19:10:06Z	
2.5.44	automatic	software.amazon.awssdk	cognitosync	2019-05-15T19:27:19Z	
2.5.45	automatic	software.amazon.awssdk	cognitosync	2019-05-16T19:34:34Z	
2.5.46	automatic	software.amazon.awssdk	cognitosync	2019-05-17T20:14:54Z	
2.5.47	automatic	software.amazon.awssdk	cognitosync	2019-05-20T19:02:54Z	
2.5.48	automatic	software.amazon.awssdk	cognitosync	2019-05-21T19:31:53Z	
2.5.49	automatic	software.amazon.awssdk	cognitosync	2019-05-22T19:02:06Z	
2.5.50	automatic	software.amazon.awssdk	cognitosync	2019-05-24T21:46:03Z	
2.5.51	automatic	software.amazon.awssdk	cognitosync	2019-05-24T22:52:53Z	
2.5.52	automatic	software.amazon.awssdk	cognitosync	2019-05-28T19:21:38Z	
2.5.53	automatic	software.amazon.awssdk	cognitosync	2019-05-29T21:30:34Z	
2.5.54	automatic	software.amazon.awssdk	cognitosync	2019-05-30T19:57:14Z	
2.5.55	automatic	software.amazon.awssdk	cognitosync	2019-06-03T21:04:21Z	
2.5.56	automatic	software.amazon.awssdk	cognitosync	2019-06-04T19:23:29Z	
2.5.57	automatic	software.amazon.awssdk	cognitosync	2019-06-05T20:43:17Z	
2.5.58	automatic	software.amazon.awssdk	cognitosync	2019-06-06T19:38:47Z	
2.5.59	automatic	software.amazon.awssdk	cognitosync	2019-06-07T19:50:31Z	
2.5.60	automatic	software.amazon.awssdk	cognitosync	2019-06-10T19:17:40Z	
2.5.61	automatic	software.amazon.awssdk	cognitosync	2019-06-11T20:18:22Z	
2.5.62	automatic	software.amazon.awssdk	cognitosync	2019-06-12T19:01:06Z	
2.5.63	automatic	software.amazon.awssdk	cognitosync	2019-06-13T20:13:27Z	
2.5.64	automatic	software.amazon.awssdk	cognitosync	2019-06-14T19:10:38Z	
2.5.65	automatic	software.amazon.awssdk	cognitosync	2019-06-17T19:06:51Z	
2.5.66	automatic	software.amazon.awssdk	cognitosync	2019-06-18T19:26:51Z	
2.5.67	automatic	software.amazon.awssdk	cognitosync	2019-06-19T20:42:30Z	
2.5.68	automatic	software.amazon.awssdk	cognitosync	2019-06-20T19:06:36Z	
2.5.69	automatic	software.amazon.awssdk	cognitosync	2019-06-21T19:54:56Z	
2.5.70	automatic	software.amazon.awssdk	cognitosync	2019-06-24T19:12:26Z	
2.5.71	automatic	software.amazon.awssdk	cognitosync	2019-06-25T23:27:54Z	
2.6.0	automatic	software.amazon.awssdk	cognitosync	2019-06-26T21:41:01Z	
2.6.1	automatic	software.amazon.awssdk	cognitosync	2019-06-27T01:38:18Z	
2.6.2	automatic	software.amazon.awssdk	cognitosync	2019-06-27T19:07:46Z	
2.6.3	automatic	software.amazon.awssdk	cognitosync	2019-06-28T22:41:31Z	
2.6.4	automatic	software.amazon.awssdk	cognitosync	2019-07-01T19:15:41Z	
2.6.5	automatic	software.amazon.awssdk	cognitosync	2019-07-02T19:11:12Z	
2.7.0	automatic	software.amazon.awssdk	cognitosync	2019-07-03T21:41:11Z	
2.7.1	automatic	software.amazon.awssdk	cognitosync	2019-07-08T19:10:41Z	
2.7.2	automatic	software.amazon.awssdk	cognitosync	2019-07-09T19:19:21Z	
2.7.3	automatic	software.amazon.awssdk	cognitosync	2019-07-10T19:34:44Z	
2.7.4	automatic	software.amazon.awssdk	cognitosync	2019-07-11T18:33:50Z	
2.7.5	automatic	software.amazon.awssdk	cognitosync	2019-07-12T19:55:31Z	
2.7.6	automatic	software.amazon.awssdk	cognitosync	2019-07-17T19:54:06Z	
2.7.7	automatic	software.amazon.awssdk	cognitosync	2019-07-18T20:44:23Z	
2.7.8	automatic	software.amazon.awssdk	cognitosync	2019-07-19T19:13:53Z	
2.7.9	automatic	software.amazon.awssdk	cognitosync	2019-07-22T19:41:53Z	
2.7.10	automatic	software.amazon.awssdk	cognitosync	2019-07-23T19:31:49Z	
2.7.11	automatic	software.amazon.awssdk	cognitosync	2019-07-24T19:09:04Z	
2.7.12	automatic	software.amazon.awssdk	cognitosync	2019-07-25T19:53:28Z	
2.7.13	automatic	software.amazon.awssdk	cognitosync	2019-07-26T21:17:48Z	
2.7.14	automatic	software.amazon.awssdk	cognitosync	2019-07-29T19:08:08Z	
2.7.15	automatic	software.amazon.awssdk	cognitosync	2019-07-30T19:06:19Z	
2.7.16	automatic	software.amazon.awssdk	cognitosync	2019-08-02T19:45:25Z	
2.7.17	automatic	software.amazon.awssdk	cognitosync	2019-08-05T18:56:59Z	
2.7.18	automatic	software.amazon.awssdk	cognitosync	2019-08-06T19:44:14Z	
2.7.19	automatic	software.amazon.awssdk	cognitosync	2019-08-07T19:05:25Z	
2.7.20	automatic	software.amazon.awssdk	cognitosync	2019-08-09T00:08:24Z	
2.7.21	automatic	software.amazon.awssdk	cognitosync	2019-08-09T19:19:02Z	
2.7.22	automatic	software.amazon.awssdk	cognitosync	2019-08-12T19:06:51Z	
2.7.23	automatic	software.amazon.awssdk	cognitosync	2019-08-13T19:07:19Z	
2.7.24	automatic	software.amazon.awssdk	cognitosync	2019-08-14T21:41:47Z	
2.7.25	automatic	software.amazon.awssdk	cognitosync	2019-08-15T19:48:38Z	
2.7.26	automatic	software.amazon.awssdk	cognitosync	2019-08-16T19:21:26Z	
2.7.27	automatic	software.amazon.awssdk	cognitosync	2019-08-19T19:02:45Z	
2.7.28	automatic	software.amazon.awssdk	cognitosync	2019-08-20T19:40:42Z	
2.7.29	automatic	software.amazon.awssdk	cognitosync	2019-08-21T23:36:42Z	
2.7.30	automatic	software.amazon.awssdk	cognitosync	2019-08-22T20:11:20Z	
2.7.31	automatic	software.amazon.awssdk	cognitosync	2019-08-23T19:05:24Z	
2.7.32	automatic	software.amazon.awssdk	cognitosync	2019-08-26T19:05:22Z	
2.7.33	automatic	software.amazon.awssdk	cognitosync	2019-08-27T19:20:44Z	
2.7.34	automatic	software.amazon.awssdk	cognitosync	2019-08-28T20:04:40Z	
2.7.35	automatic	software.amazon.awssdk	cognitosync	2019-08-29T23:13:14Z	
2.7.36	automatic	software.amazon.awssdk	cognitosync	2019-08-30T23:16:54Z	
2.8.0	automatic	software.amazon.awssdk	cognitosync	2019-09-04T00:06:44Z	
2.8.1	automatic	software.amazon.awssdk	cognitosync	2019-09-05T02:51:12Z	
2.8.2	automatic	software.amazon.awssdk	cognitosync	2019-09-06T00:51:30Z	
2.8.3	automatic	software.amazon.awssdk	cognitosync	2019-09-06T19:46:05Z	
2.8.4	automatic	software.amazon.awssdk	cognitosync	2019-09-09T22:43:12Z	
2.8.5	automatic	software.amazon.awssdk	cognitosync	2019-09-10T19:43:01Z	
2.8.6	automatic	software.amazon.awssdk	cognitosync	2019-09-11T20:10:20Z	
2.8.7	automatic	software.amazon.awssdk	cognitosync	2019-09-12T20:10:28Z	
2.9.0	automatic	software.amazon.awssdk	cognitosync	2019-09-16T19:46:40Z	
2.9.1	automatic	software.amazon.awssdk	cognitosync	2019-09-17T19:06:20Z	
2.9.2	automatic	software.amazon.awssdk	cognitosync	2019-09-18T19:32:33Z	
2.9.3	automatic	software.amazon.awssdk	cognitosync	2019-09-19T22:57:23Z	
2.9.4	automatic	software.amazon.awssdk	cognitosync	2019-09-20T22:56:24Z	
2.9.5	automatic	software.amazon.awssdk	cognitosync	2019-09-23T19:16:36Z	
2.9.6	automatic	software.amazon.awssdk	cognitosync	2019-09-24T19:16:17Z	
2.9.7	automatic	software.amazon.awssdk	cognitosync	2019-09-25T19:11:27Z	
2.9.8	automatic	software.amazon.awssdk	cognitosync	2019-09-26T19:18:02Z	
2.9.9	automatic	software.amazon.awssdk	cognitosync	2019-09-27T19:17:59Z	
2.9.10	automatic	software.amazon.awssdk	cognitosync	2019-09-30T19:14:55Z	
2.9.11	automatic	software.amazon.awssdk	cognitosync	2019-10-01T18:59:31Z	
2.9.12	automatic	software.amazon.awssdk	cognitosync	2019-10-02T19:21:09Z	
2.9.13	automatic	software.amazon.awssdk	cognitosync	2019-10-03T19:01:40Z	
2.9.14	automatic	software.amazon.awssdk	cognitosync	2019-10-04T19:00:11Z	
2.9.15	automatic	software.amazon.awssdk	cognitosync	2019-10-07T19:17:36Z	
2.9.16	automatic	software.amazon.awssdk	cognitosync	2019-10-09T02:32:50Z	
2.9.17	automatic	software.amazon.awssdk	cognitosync	2019-10-09T19:14:18Z	
2.9.18	automatic	software.amazon.awssdk	cognitosync	2019-10-10T19:37:21Z	
2.9.19	automatic	software.amazon.awssdk	cognitosync	2019-10-11T19:03:25Z	
2.9.20	automatic	software.amazon.awssdk	cognitosync	2019-10-14T20:50:25Z	
2.9.21	automatic	software.amazon.awssdk	cognitosync	2019-10-15T18:54:32Z	
2.9.22	automatic	software.amazon.awssdk	cognitosync	2019-10-16T23:47:51Z	
2.9.23	automatic	software.amazon.awssdk	cognitosync	2019-10-17T20:20:38Z	
2.9.24	automatic	software.amazon.awssdk	cognitosync	2019-10-18T18:51:46Z	
2.9.25	automatic	software.amazon.awssdk	cognitosync	2019-10-22T19:31:35Z	
2.9.26	automatic	software.amazon.awssdk	cognitosync	2019-10-23T20:52:15Z	
2.10.0	automatic	software.amazon.awssdk	cognitosync	2019-10-24T19:27:38Z	
2.10.1	automatic	software.amazon.awssdk	cognitosync	2019-10-25T19:35:47Z	
2.10.2	automatic	software.amazon.awssdk	cognitosync	2019-10-28T18:54:48Z	
2.10.3	automatic	software.amazon.awssdk	cognitosync	2019-10-28T22:20:44Z	
2.10.4	automatic	software.amazon.awssdk	cognitosync	2019-10-29T20:06:55Z	
2.10.5	automatic	software.amazon.awssdk	cognitosync	2019-10-30T20:49:30Z	
2.10.6	automatic	software.amazon.awssdk	cognitosync	2019-10-31T19:50:43Z	
2.10.7	automatic	software.amazon.awssdk	cognitosync	2019-11-01T18:53:06Z	
2.10.8	automatic	software.amazon.awssdk	cognitosync	2019-11-04T20:28:20Z	
2.10.9	automatic	software.amazon.awssdk	cognitosync	2019-11-05T20:01:16Z	
2.10.10	automatic	software.amazon.awssdk	cognitosync	2019-11-06T21:23:05Z	
2.10.11	automatic	software.amazon.awssdk	cognitosync	2019-11-06T23:51:37Z	
2.10.12	automatic	software.amazon.awssdk	cognitosync	2019-11-07T20:14:32Z	
2.10.13	automatic	software.amazon.awssdk	cognitosync	2019-11-08T20:22:56Z	
2.10.14	automatic	software.amazon.awssdk	cognitosync	2019-11-11T20:06:07Z	
2.10.15	automatic	software.amazon.awssdk	cognitosync	2019-11-12T20:30:18Z	
2.10.16	automatic	software.amazon.awssdk	cognitosync	2019-11-13T20:01:54Z	
2.10.17	automatic	software.amazon.awssdk	cognitosync	2019-11-14T20:15:55Z	
2.10.18	automatic	software.amazon.awssdk	cognitosync	2019-11-15T22:05:44Z	
2.10.19	automatic	software.amazon.awssdk	cognitosync	2019-11-18T20:36:50Z	
2.10.20	automatic	software.amazon.awssdk	cognitosync	2019-11-19T22:17:02Z	
2.10.21	automatic	software.amazon.awssdk	cognitosync	2019-11-20T22:36:20Z	
2.10.22	automatic	software.amazon.awssdk	cognitosync	2019-11-21T20:01:11Z	
2.10.23	automatic	software.amazon.awssdk	cognitosync	2019-11-22T20:57:12Z	
2.10.24	automatic	software.amazon.awssdk	cognitosync	2019-11-25T20:05:50Z	
2.10.25	automatic	software.amazon.awssdk	cognitosync	2019-11-26T20:26:39Z	
2.10.26	automatic	software.amazon.awssdk	cognitosync	2019-12-02T09:11:58Z	
2.10.27	automatic	software.amazon.awssdk	cognitosync	2019-12-02T23:15:49Z	
2.10.28	automatic	software.amazon.awssdk	cognitosync	2019-12-03T21:07:23Z	
2.10.29	automatic	software.amazon.awssdk	cognitosync	2019-12-04T02:41:50Z	
2.10.30	automatic	software.amazon.awssdk	cognitosync	2019-12-05T02:23:34Z	
2.10.31	automatic	software.amazon.awssdk	cognitosync	2019-12-09T20:52:18Z	
2.10.32	automatic	software.amazon.awssdk	cognitosync	2019-12-10T20:04:52Z	
2.10.33	automatic	software.amazon.awssdk	cognitosync	2019-12-11T20:05:44Z	
2.10.34	automatic	software.amazon.awssdk	cognitosync	2019-12-12T20:07:28Z	
2.10.35	automatic	software.amazon.awssdk	cognitosync	2019-12-13T20:35:27Z	
2.10.36	automatic	software.amazon.awssdk	cognitosync	2019-12-16T19:58:10Z	
2.10.37	automatic	software.amazon.awssdk	cognitosync	2019-12-17T21:01:24Z	
2.10.38	automatic	software.amazon.awssdk	cognitosync	2019-12-18T22:44:53Z	
2.10.39	automatic	software.amazon.awssdk	cognitosync	2019-12-19T20:00:21Z	
2.10.40	automatic	software.amazon.awssdk	cognitosync	2019-12-20T20:12:08Z	
2.10.41	automatic	software.amazon.awssdk	cognitosync	2019-12-23T19:59:25Z	
2.10.42	automatic	software.amazon.awssdk	cognitosync	2020-01-02T20:05:24Z	
2.10.43	automatic	software.amazon.awssdk	cognitosync	2020-01-06T19:57:14Z	
2.10.44	automatic	software.amazon.awssdk	cognitosync	2020-01-07T21:03:07Z	
2.10.45	automatic	software.amazon.awssdk	cognitosync	2020-01-08T20:47:37Z	
2.10.46	automatic	software.amazon.awssdk	cognitosync	2020-01-09T20:00:09Z	
2.10.47	automatic	software.amazon.awssdk	cognitosync	2020-01-10T20:02:46Z	
2.10.48	automatic	software.amazon.awssdk	cognitosync	2020-01-13T20:04:11Z	
2.10.49	automatic	software.amazon.awssdk	cognitosync	2020-01-14T20:03:44Z	
2.10.50	automatic	software.amazon.awssdk	cognitosync	2020-01-15T20:37:28Z	
2.10.51	automatic	software.amazon.awssdk	cognitosync	2020-01-16T22:28:00Z	
2.10.52	automatic	software.amazon.awssdk	cognitosync	2020-01-17T20:06:23Z	
2.10.53	automatic	software.amazon.awssdk	cognitosync	2020-01-20T20:22:36Z	
2.10.54	automatic	software.amazon.awssdk	cognitosync	2020-01-21T20:02:00Z	
2.10.55	automatic	software.amazon.awssdk	cognitosync	2020-01-23T20:04:20Z	
2.10.56	automatic	software.amazon.awssdk	cognitosync	2020-01-24T20:06:18Z	
2.10.57	automatic	software.amazon.awssdk	cognitosync	2020-02-04T20:00:10Z	
2.10.58	automatic	software.amazon.awssdk	cognitosync	2020-02-05T20:06:20Z	
2.10.59	automatic	software.amazon.awssdk	cognitosync	2020-02-06T20:14:27Z	
2.10.60	automatic	software.amazon.awssdk	cognitosync	2020-02-07T21:00:32Z	
2.10.61	automatic	software.amazon.awssdk	cognitosync	2020-02-10T20:14:22Z	
2.10.62	automatic	software.amazon.awssdk	cognitosync	2020-02-11T20:08:06Z	
2.10.63	automatic	software.amazon.awssdk	cognitosync	2020-02-12T20:02:25Z	
2.10.64	automatic	software.amazon.awssdk	cognitosync	2020-02-13T20:09:32Z	
2.10.65	automatic	software.amazon.awssdk	cognitosync	2020-02-14T20:15:35Z	
2.10.66	automatic	software.amazon.awssdk	cognitosync	2020-02-17T20:00:24Z	
2.10.67	automatic	software.amazon.awssdk	cognitosync	2020-02-18T22:08:16Z	
2.10.68	automatic	software.amazon.awssdk	cognitosync	2020-02-19T20:48:31Z	
2.10.69	automatic	software.amazon.awssdk	cognitosync	2020-02-20T20:13:55Z	
2.10.70	automatic	software.amazon.awssdk	cognitosync	2020-02-21T22:21:19Z	
2.10.71	automatic	software.amazon.awssdk	cognitosync	2020-02-24T20:11:26Z	
2.10.72	automatic	software.amazon.awssdk	cognitosync	2020-02-25T20:06:31Z	
2.10.73	automatic	software.amazon.awssdk	cognitosync	2020-02-26T20:06:54Z	
2.10.74	automatic	software.amazon.awssdk	cognitosync	2020-02-27T20:07:28Z	
2.10.75	automatic	software.amazon.awssdk	cognitosync	2020-02-28T20:07:47Z	
2.10.76	automatic	software.amazon.awssdk	cognitosync	2020-02-29T01:32:15Z	
2.10.77	automatic	software.amazon.awssdk	cognitosync	2020-03-02T20:09:37Z	
2.10.78	automatic	software.amazon.awssdk	cognitosync	2020-03-03T20:05:21Z	
2.10.79	automatic	software.amazon.awssdk	cognitosync	2020-03-04T19:58:59Z	
2.10.80	automatic	software.amazon.awssdk	cognitosync	2020-03-05T20:08:07Z	
2.10.81	automatic	software.amazon.awssdk	cognitosync	2020-03-06T20:04:25Z	
2.10.82	automatic	software.amazon.awssdk	cognitosync	2020-03-09T18:57:35Z	
2.10.83	automatic	software.amazon.awssdk	cognitosync	2020-03-10T19:06:25Z	
2.10.84	automatic	software.amazon.awssdk	cognitosync	2020-03-11T19:06:43Z	
2.10.85	automatic	software.amazon.awssdk	cognitosync	2020-03-12T20:33:33Z	
2.10.86	automatic	software.amazon.awssdk	cognitosync	2020-03-13T18:58:05Z	
2.10.87	automatic	software.amazon.awssdk	cognitosync	2020-03-16T19:03:23Z	
2.10.88	automatic	software.amazon.awssdk	cognitosync	2020-03-17T19:10:37Z	
2.10.89	automatic	software.amazon.awssdk	cognitosync	2020-03-18T19:02:04Z	
2.10.90	automatic	software.amazon.awssdk	cognitosync	2020-03-19T18:57:27Z	
2.10.91	automatic	software.amazon.awssdk	cognitosync	2020-03-20T18:57:49Z	
2.11.0	automatic	software.amazon.awssdk	cognitosync	2020-03-23T19:10:30Z	
2.11.1	automatic	software.amazon.awssdk	cognitosync	2020-03-24T19:05:38Z	
2.11.2	automatic	software.amazon.awssdk	cognitosync	2020-03-25T19:02:37Z	
2.11.3	automatic	software.amazon.awssdk	cognitosync	2020-03-26T19:01:12Z	
2.11.4	automatic	software.amazon.awssdk	cognitosync	2020-03-27T19:14:36Z	
2.11.5	automatic	software.amazon.awssdk	cognitosync	2020-03-30T19:10:33Z	
2.11.6	automatic	software.amazon.awssdk	cognitosync	2020-03-31T19:11:36Z	
2.11.7	automatic	software.amazon.awssdk	cognitosync	2020-04-01T19:03:03Z	
2.11.8	automatic	software.amazon.awssdk	cognitosync	2020-04-02T19:01:31Z	
2.11.9	automatic	software.amazon.awssdk	cognitosync	2020-04-03T18:59:02Z	
2.11.10	automatic	software.amazon.awssdk	cognitosync	2020-04-06T19:00:53Z	
2.11.11	automatic	software.amazon.awssdk	cognitosync	2020-04-07T19:01:22Z	
2.11.12	automatic	software.amazon.awssdk	cognitosync	2020-04-08T19:17:43Z	
2.11.13	automatic	software.amazon.awssdk	cognitosync	2020-04-16T19:07:08Z	
2.11.14	automatic	software.amazon.awssdk	cognitosync	2020-04-17T21:05:30Z	
2.12.0	automatic	software.amazon.awssdk	cognitosync	2020-04-20T19:08:39Z	
2.13.0	automatic	software.amazon.awssdk	cognitosync	2020-04-21T19:04:34Z	
2.13.1	automatic	software.amazon.awssdk	cognitosync	2020-04-22T18:59:45Z	
2.13.2	automatic	software.amazon.awssdk	cognitosync	2020-04-23T19:15:31Z	
2.13.3	automatic	software.amazon.awssdk	cognitosync	2020-04-24T19:06:38Z	
2.13.4	automatic	software.amazon.awssdk	cognitosync	2020-04-27T19:01:10Z	
2.13.5	automatic	software.amazon.awssdk	cognitosync	2020-04-28T19:08:02Z	
2.13.6	automatic	software.amazon.awssdk	cognitosync	2020-04-29T20:03:09Z	
2.13.7	automatic	software.amazon.awssdk	cognitosync	2020-04-30T19:05:17Z	
2.13.8	automatic	software.amazon.awssdk	cognitosync	2020-05-01T19:07:29Z	
2.13.9	automatic	software.amazon.awssdk	cognitosync	2020-05-04T19:03:19Z	
2.13.10	automatic	software.amazon.awssdk	cognitosync	2020-05-05T19:07:52Z	
2.13.11	automatic	software.amazon.awssdk	cognitosync	2020-05-06T19:07:01Z	
2.13.12	automatic	software.amazon.awssdk	cognitosync	2020-05-07T19:04:58Z	
2.13.13	automatic	software.amazon.awssdk	cognitosync	2020-05-08T19:18:43Z	
2.13.14	automatic	software.amazon.awssdk	cognitosync	2020-05-11T19:04:18Z	
2.13.15	automatic	software.amazon.awssdk	cognitosync	2020-05-12T19:04:11Z	
2.13.16	automatic	software.amazon.awssdk	cognitosync	2020-05-13T19:05:06Z	
2.13.17	automatic	software.amazon.awssdk	cognitosync	2020-05-14T20:15:30Z	
2.13.18	automatic	software.amazon.awssdk	cognitosync	2020-05-15T21:02:50Z	
2.13.19	automatic	software.amazon.awssdk	cognitosync	2020-05-18T20:25:32Z	
2.13.20	automatic	software.amazon.awssdk	cognitosync	2020-05-19T19:12:07Z	
2.13.21	automatic	software.amazon.awssdk	cognitosync	2020-05-20T19:02:10Z	
2.13.22	automatic	software.amazon.awssdk	cognitosync	2020-05-21T19:38:35Z	
2.13.23	automatic	software.amazon.awssdk	cognitosync	2020-05-22T18:56:51Z	
2.13.24	automatic	software.amazon.awssdk	cognitosync	2020-05-26T19:03:44Z	
2.13.25	automatic	software.amazon.awssdk	cognitosync	2020-05-27T19:05:04Z	
2.13.26	automatic	software.amazon.awssdk	cognitosync	2020-05-28T19:39:46Z	
2.13.27	automatic	software.amazon.awssdk	cognitosync	2020-06-01T19:04:55Z	
2.13.28	automatic	software.amazon.awssdk	cognitosync	2020-06-02T19:11:30Z	
2.13.29	automatic	software.amazon.awssdk	cognitosync	2020-06-03T19:01:31Z	
2.13.30	automatic	software.amazon.awssdk	cognitosync	2020-06-04T19:09:32Z	
2.13.31	automatic	software.amazon.awssdk	cognitosync	2020-06-05T19:05:14Z	
2.13.32	automatic	software.amazon.awssdk	cognitosync	2020-06-08T19:10:24Z	
2.13.33	automatic	software.amazon.awssdk	cognitosync	2020-06-09T18:59:39Z	
2.13.34	automatic	software.amazon.awssdk	cognitosync	2020-06-10T18:59:15Z	
2.13.35	automatic	software.amazon.awssdk	cognitosync	2020-06-11T19:21:21Z	
2.13.36	automatic	software.amazon.awssdk	cognitosync	2020-06-12T19:02:16Z	
2.13.37	automatic	software.amazon.awssdk	cognitosync	2020-06-15T19:08:23Z	
2.13.38	automatic	software.amazon.awssdk	cognitosync	2020-06-16T19:15:51Z	
2.13.39	automatic	software.amazon.awssdk	cognitosync	2020-06-17T19:09:03Z	
2.13.40	automatic	software.amazon.awssdk	cognitosync	2020-06-18T19:03:23Z	
2.13.41	automatic	software.amazon.awssdk	cognitosync	2020-06-19T19:08:34Z	
2.13.42	automatic	software.amazon.awssdk	cognitosync	2020-06-22T19:04:40Z	
2.13.43	automatic	software.amazon.awssdk	cognitosync	2020-06-23T19:36:19Z	
2.13.44	automatic	software.amazon.awssdk	cognitosync	2020-06-24T19:06:23Z	
2.13.45	automatic	software.amazon.awssdk	cognitosync	2020-06-25T19:37:18Z	
2.13.46	automatic	software.amazon.awssdk	cognitosync	2020-06-26T19:13:56Z	
2.13.47	automatic	software.amazon.awssdk	cognitosync	2020-06-29T19:08:19Z	
2.13.48	automatic	software.amazon.awssdk	cognitosync	2020-06-30T19:06:01Z	
2.13.49	automatic	software.amazon.awssdk	cognitosync	2020-07-01T20:10:59Z	
2.13.50	automatic	software.amazon.awssdk	cognitosync	2020-07-02T18:59:59Z	
2.13.51	automatic	software.amazon.awssdk	cognitosync	2020-07-06T18:57:39Z	
2.13.52	automatic	software.amazon.awssdk	cognitosync	2020-07-07T19:36:59Z	
2.13.53	automatic	software.amazon.awssdk	cognitosync	2020-07-08T19:02:38Z	
2.13.54	automatic	software.amazon.awssdk	cognitosync	2020-07-09T19:08:43Z	
2.13.55	automatic	software.amazon.awssdk	cognitosync	2020-07-15T19:06:15Z	
2.13.56	automatic	software.amazon.awssdk	cognitosync	2020-07-17T19:02:35Z	
2.13.57	automatic	software.amazon.awssdk	cognitosync	2020-07-20T19:04:11Z	
2.13.58	automatic	software.amazon.awssdk	cognitosync	2020-07-21T18:58:43Z	
2.13.59	automatic	software.amazon.awssdk	cognitosync	2020-07-22T19:03:21Z	
2.13.60	automatic	software.amazon.awssdk	cognitosync	2020-07-23T20:03:14Z	
2.13.61	automatic	software.amazon.awssdk	cognitosync	2020-07-24T19:01:36Z	
2.13.62	automatic	software.amazon.awssdk	cognitosync	2020-07-27T19:02:48Z	
2.13.63	automatic	software.amazon.awssdk	cognitosync	2020-07-28T19:03:05Z	
2.13.64	automatic	software.amazon.awssdk	cognitosync	2020-07-29T19:12:55Z	
2.13.65	automatic	software.amazon.awssdk	cognitosync	2020-07-30T19:03:04Z	
2.13.66	automatic	software.amazon.awssdk	cognitosync	2020-07-31T19:19:46Z	
2.13.67	automatic	software.amazon.awssdk	cognitosync	2020-08-03T22:02:44Z	
2.13.68	automatic	software.amazon.awssdk	cognitosync	2020-08-04T19:14:52Z	
2.13.69	automatic	software.amazon.awssdk	cognitosync	2020-08-05T19:07:57Z	
2.13.70	automatic	software.amazon.awssdk	cognitosync	2020-08-06T19:06:50Z	
2.13.71	automatic	software.amazon.awssdk	cognitosync	2020-08-07T23:06:35Z	
2.13.72	automatic	software.amazon.awssdk	cognitosync	2020-08-10T19:01:26Z	
2.13.73	automatic	software.amazon.awssdk	cognitosync	2020-08-11T19:14:48Z	
2.13.74	automatic	software.amazon.awssdk	cognitosync	2020-08-12T20:25:22Z	
2.13.75	automatic	software.amazon.awssdk	cognitosync	2020-08-13T19:09:57Z	
2.13.76	automatic	software.amazon.awssdk	cognitosync	2020-08-14T19:21:50Z	
2.14.0	automatic	software.amazon.awssdk	cognitosync	2020-08-17T19:05:59Z	
2.14.1	automatic	software.amazon.awssdk	cognitosync	2020-08-18T19:07:56Z	
2.14.2	automatic	software.amazon.awssdk	cognitosync	2020-08-19T19:08:36Z	
2.14.3	automatic	software.amazon.awssdk	cognitosync	2020-08-20T20:36:03Z	
2.14.4	automatic	software.amazon.awssdk	cognitosync	2020-08-24T19:37:59Z	
2.14.5	automatic	software.amazon.awssdk	cognitosync	2020-08-26T22:00:41Z	
2.14.6	automatic	software.amazon.awssdk	cognitosync	2020-08-27T19:09:04Z	
2.14.7	automatic	software.amazon.awssdk	cognitosync	2020-08-28T20:25:11Z	
2.14.8	automatic	software.amazon.awssdk	cognitosync	2020-08-31T19:12:15Z	
2.14.9	automatic	software.amazon.awssdk	cognitosync	2020-09-01T19:04:55Z	
2.14.10	automatic	software.amazon.awssdk	cognitosync	2020-09-02T19:04:22Z	
2.14.11	automatic	software.amazon.awssdk	cognitosync	2020-09-03T19:18:46Z	
2.14.12	automatic	software.amazon.awssdk	cognitosync	2020-09-04T19:05:18Z	
2.14.13	automatic	software.amazon.awssdk	cognitosync	2020-09-08T19:00:57Z	
2.14.14	automatic	software.amazon.awssdk	cognitosync	2020-09-09T19:15:33Z	
2.14.15	automatic	software.amazon.awssdk	cognitosync	2020-09-10T19:40:48Z	
2.14.16	automatic	software.amazon.awssdk	cognitosync	2020-09-11T19:01:09Z	
2.14.17	automatic	software.amazon.awssdk	cognitosync	2020-09-14T19:54:05Z	
2.14.18	automatic	software.amazon.awssdk	cognitosync	2020-09-15T19:19:05Z	
2.14.19	automatic	software.amazon.awssdk	cognitosync	2020-09-16T19:36:41Z	
2.14.20	automatic	software.amazon.awssdk	cognitosync	2020-09-17T19:20:08Z	
2.14.21	automatic	software.amazon.awssdk	cognitosync	2020-09-18T23:14:39Z	
2.14.22	automatic	software.amazon.awssdk	cognitosync	2020-09-21T19:27:18Z	
2.14.23	automatic	software.amazon.awssdk	cognitosync	2020-09-22T19:12:59Z	
2.14.24	automatic	software.amazon.awssdk	cognitosync	2020-09-23T19:44:20Z	
2.14.25	automatic	software.amazon.awssdk	cognitosync	2020-09-24T19:03:09Z	
2.14.26	automatic	software.amazon.awssdk	cognitosync	2020-09-25T19:01:46Z	
2.14.27	automatic	software.amazon.awssdk	cognitosync	2020-09-28T19:02:01Z	
2.14.28	automatic	software.amazon.awssdk	cognitosync	2020-09-29T19:49:02Z	
2.15.0	automatic	software.amazon.awssdk	cognitosync	2020-09-30T20:00:11Z	
2.15.1	automatic	software.amazon.awssdk	cognitosync	2020-10-01T19:08:45Z	
2.15.2	automatic	software.amazon.awssdk	cognitosync	2020-10-02T19:08:55Z	
2.15.3	automatic	software.amazon.awssdk	cognitosync	2020-10-05T19:23:14Z	
2.15.4	automatic	software.amazon.awssdk	cognitosync	2020-10-06T19:04:35Z	
2.15.5	automatic	software.amazon.awssdk	cognitosync	2020-10-07T18:59:08Z	
2.15.6	automatic	software.amazon.awssdk	cognitosync	2020-10-08T19:25:45Z	
2.15.7	automatic	software.amazon.awssdk	cognitosync	2020-10-09T19:30:07Z	
2.15.8	automatic	software.amazon.awssdk	cognitosync	2020-10-15T19:05:32Z	
2.15.9	automatic	software.amazon.awssdk	cognitosync	2020-10-16T19:18:46Z	
2.15.10	automatic	software.amazon.awssdk	cognitosync	2020-10-19T19:00:54Z	
2.15.11	automatic	software.amazon.awssdk	cognitosync	2020-10-20T19:19:44Z	
2.15.12	automatic	software.amazon.awssdk	cognitosync	2020-10-21T20:30:38Z	
2.15.13	automatic	software.amazon.awssdk	cognitosync	2020-10-22T18:59:54Z	
2.15.14	automatic	software.amazon.awssdk	cognitosync	2020-10-23T19:29:36Z	
2.15.15	automatic	software.amazon.awssdk	cognitosync	2020-10-26T19:05:51Z	
2.15.16	automatic	software.amazon.awssdk	cognitosync	2020-10-27T19:17:49Z	
2.15.17	automatic	software.amazon.awssdk	cognitosync	2020-10-28T19:06:45Z	
2.15.18	automatic	software.amazon.awssdk	cognitosync	2020-10-29T19:56:45Z	
2.15.19	automatic	software.amazon.awssdk	cognitosync	2020-10-30T18:59:30Z	
2.15.20	automatic	software.amazon.awssdk	cognitosync	2020-11-02T20:37:39Z	
2.15.21	automatic	software.amazon.awssdk	cognitosync	2020-11-04T21:00:34Z	
2.15.22	automatic	software.amazon.awssdk	cognitosync	2020-11-05T20:17:03Z	
2.15.23	automatic	software.amazon.awssdk	cognitosync	2020-11-06T20:04:57Z	
2.15.24	automatic	software.amazon.awssdk	cognitosync	2020-11-09T18:36:10Z	
2.15.25	automatic	software.amazon.awssdk	cognitosync	2020-11-10T19:59:28Z	
2.15.26	automatic	software.amazon.awssdk	cognitosync	2020-11-11T20:07:47Z	
2.15.27	automatic	software.amazon.awssdk	cognitosync	2020-11-12T20:24:33Z	
2.15.28	automatic	software.amazon.awssdk	cognitosync	2020-11-13T21:14:28Z	
2.15.29	automatic	software.amazon.awssdk	cognitosync	2020-11-16T20:27:31Z	
2.15.30	automatic	software.amazon.awssdk	cognitosync	2020-11-17T20:02:05Z	
2.15.31	automatic	software.amazon.awssdk	cognitosync	2020-11-18T20:04:32Z	
2.15.32	automatic	software.amazon.awssdk	cognitosync	2020-11-19T20:57:34Z	
2.15.33	automatic	software.amazon.awssdk	cognitosync	2020-11-20T20:54:42Z	
2.15.34	automatic	software.amazon.awssdk	cognitosync	2020-11-23T20:03:59Z	
2.15.35	automatic	software.amazon.awssdk	cognitosync	2020-11-24T20:11:14Z	
2.15.36	automatic	software.amazon.awssdk	cognitosync	2020-12-01T05:19:12Z	
2.15.37	automatic	software.amazon.awssdk	cognitosync	2020-12-02T02:08:56Z	
2.15.38	automatic	software.amazon.awssdk	cognitosync	2020-12-02T03:22:26Z	
2.15.39	automatic	software.amazon.awssdk	cognitosync	2020-12-03T21:28:29Z	
2.15.40	automatic	software.amazon.awssdk	cognitosync	2020-12-04T23:23:21Z	
2.15.41	automatic	software.amazon.awssdk	cognitosync	2020-12-07T23:28:54Z	
2.15.42	automatic	software.amazon.awssdk	cognitosync	2020-12-08T20:08:51Z	
2.15.43	automatic	software.amazon.awssdk	cognitosync	2020-12-09T20:09:56Z	
2.15.44	automatic	software.amazon.awssdk	cognitosync	2020-12-10T20:26:16Z	
2.15.45	automatic	software.amazon.awssdk	cognitosync	2020-12-11T20:39:43Z	
2.15.46	automatic	software.amazon.awssdk	cognitosync	2020-12-14T21:07:58Z	
2.15.47	automatic	software.amazon.awssdk	cognitosync	2020-12-15T20:29:20Z	
2.15.48	automatic	software.amazon.awssdk	cognitosync	2020-12-16T20:02:25Z	
2.15.49	automatic	software.amazon.awssdk	cognitosync	2020-12-17T20:36:42Z	
2.15.50	automatic	software.amazon.awssdk	cognitosync	2020-12-18T20:05:19Z	
2.15.51	automatic	software.amazon.awssdk	cognitosync	2020-12-21T20:13:31Z	
2.15.52	automatic	software.amazon.awssdk	cognitosync	2020-12-22T22:37:11Z	
2.15.53	automatic	software.amazon.awssdk	cognitosync	2020-12-23T20:04:15Z	
2.15.54	automatic	software.amazon.awssdk	cognitosync	2020-12-28T20:04:35Z	
2.15.55	automatic	software.amazon.awssdk	cognitosync	2020-12-29T20:10:14Z	
2.15.56	automatic	software.amazon.awssdk	cognitosync	2020-12-30T20:02:51Z	
2.15.57	automatic	software.amazon.awssdk	cognitosync	2020-12-31T20:02:07Z	
2.15.58	automatic	software.amazon.awssdk	cognitosync	2021-01-04T20:23:26Z	
2.15.59	automatic	software.amazon.awssdk	cognitosync	2021-01-05T22:17:15Z	
2.15.60	automatic	software.amazon.awssdk	cognitosync	2021-01-06T20:08:56Z	
2.15.61	automatic	software.amazon.awssdk	cognitosync	2021-01-07T20:06:21Z	
2.15.62	automatic	software.amazon.awssdk	cognitosync	2021-01-11T21:05:47Z	
2.15.63	automatic	software.amazon.awssdk	cognitosync	2021-01-12T21:38:50Z	
2.15.64	automatic	software.amazon.awssdk	cognitosync	2021-01-13T20:11:43Z	
2.15.65	automatic	software.amazon.awssdk	cognitosync	2021-01-14T20:04:57Z	
2.15.66	automatic	software.amazon.awssdk	cognitosync	2021-01-15T20:16:43Z	
2.15.67	automatic	software.amazon.awssdk	cognitosync	2021-01-19T20:07:35Z	
2.15.68	automatic	software.amazon.awssdk	cognitosync	2021-01-21T20:09:42Z	
2.15.69	automatic	software.amazon.awssdk	cognitosync	2021-01-22T21:06:12Z	
2.15.70	automatic	software.amazon.awssdk	cognitosync	2021-01-26T20:22:29Z	
2.15.71	automatic	software.amazon.awssdk	cognitosync	2021-01-27T20:08:37Z	
2.15.72	automatic	software.amazon.awssdk	cognitosync	2021-01-28T21:15:11Z	
2.15.73	automatic	software.amazon.awssdk	cognitosync	2021-01-29T20:09:36Z	
2.15.74	automatic	software.amazon.awssdk	cognitosync	2021-02-02T21:36:39Z	
2.15.75	automatic	software.amazon.awssdk	cognitosync	2021-02-03T20:08:25Z	
2.15.76	automatic	software.amazon.awssdk	cognitosync	2021-02-05T02:22:01Z	
2.15.77	automatic	software.amazon.awssdk	cognitosync	2021-02-05T20:12:18Z	
2.15.78	automatic	software.amazon.awssdk	cognitosync	2021-02-08T20:32:40Z	
2.15.79	automatic	software.amazon.awssdk	cognitosync	2021-02-09T20:11:37Z	
2.15.80	automatic	software.amazon.awssdk	cognitosync	2021-02-11T20:34:09Z	
2.15.81	automatic	software.amazon.awssdk	cognitosync	2021-02-12T20:10:46Z	
2.15.82	automatic	software.amazon.awssdk	cognitosync	2021-02-15T20:20:05Z	
2.16.0	automatic	software.amazon.awssdk	cognitosync	2021-02-16T20:08:58Z	
2.16.1	automatic	software.amazon.awssdk	cognitosync	2021-02-17T22:38:49Z	
2.16.2	automatic	software.amazon.awssdk	cognitosync	2021-02-18T20:13:46Z	
2.16.3	automatic	software.amazon.awssdk	cognitosync	2021-02-19T20:12:08Z	
2.16.4	automatic	software.amazon.awssdk	cognitosync	2021-02-22T20:14:25Z	
2.16.5	automatic	software.amazon.awssdk	cognitosync	2021-02-23T20:08:44Z	
2.16.6	automatic	software.amazon.awssdk	cognitosync	2021-02-24T20:36:35Z	
2.16.7	automatic	software.amazon.awssdk	cognitosync	2021-02-25T21:20:00Z	
2.16.8	automatic	software.amazon.awssdk	cognitosync	2021-02-26T20:09:55Z	
2.16.9	automatic	software.amazon.awssdk	cognitosync	2021-03-01T20:13:53Z	
2.16.10	automatic	software.amazon.awssdk	cognitosync	2021-03-02T20:07:43Z	
2.16.11	automatic	software.amazon.awssdk	cognitosync	2021-03-03T20:34:50Z	
2.16.12	automatic	software.amazon.awssdk	cognitosync	2021-03-04T20:08:38Z	
2.16.13	automatic	software.amazon.awssdk	cognitosync	2021-03-05T20:48:59Z	
2.16.14	automatic	software.amazon.awssdk	cognitosync	2021-03-08T20:18:41Z	
2.16.15	automatic	software.amazon.awssdk	cognitosync	2021-03-09T20:23:11Z	
2.16.16	automatic	software.amazon.awssdk	cognitosync	2021-03-10T20:27:33Z	
2.16.17	automatic	software.amazon.awssdk	cognitosync	2021-03-11T20:39:20Z	
2.16.18	automatic	software.amazon.awssdk	cognitosync	2021-03-12T20:23:02Z	
2.16.19	automatic	software.amazon.awssdk	cognitosync	2021-03-15T20:02:04Z	
2.16.20	automatic	software.amazon.awssdk	cognitosync	2021-03-16T19:39:20Z	
2.16.21	automatic	software.amazon.awssdk	cognitosync	2021-03-17T19:40:07Z	
2.16.22	automatic	software.amazon.awssdk	cognitosync	2021-03-18T19:23:19Z	
2.16.23	automatic	software.amazon.awssdk	cognitosync	2021-03-19T21:12:29Z	
2.16.24	automatic	software.amazon.awssdk	cognitosync	2021-03-22T19:07:14Z	
2.16.25	automatic	software.amazon.awssdk	cognitosync	2021-03-23T22:19:26Z	
2.16.26	automatic	software.amazon.awssdk	cognitosync	2021-03-24T19:42:18Z	
2.16.27	automatic	software.amazon.awssdk	cognitosync	2021-03-25T19:39:13Z	
2.16.28	automatic	software.amazon.awssdk	cognitosync	2021-03-26T04:51:28Z	
2.16.29	automatic	software.amazon.awssdk	cognitosync	2021-03-26T19:10:51Z	
2.16.30	automatic	software.amazon.awssdk	cognitosync	2021-03-29T19:09:35Z	
2.16.31	automatic	software.amazon.awssdk	cognitosync	2021-03-30T19:12:01Z	
2.16.32	automatic	software.amazon.awssdk	cognitosync	2021-03-31T19:06:28Z	
2.16.33	automatic	software.amazon.awssdk	cognitosync	2021-04-01T19:06:54Z	
2.16.34	automatic	software.amazon.awssdk	cognitosync	2021-04-02T19:09:52Z	
2.16.35	automatic	software.amazon.awssdk	cognitosync	2021-04-06T00:47:44Z	
2.16.36	automatic	software.amazon.awssdk	cognitosync	2021-04-06T20:17:49Z	
2.16.37	automatic	software.amazon.awssdk	cognitosync	2021-04-07T19:23:04Z	
2.16.38	automatic	software.amazon.awssdk	cognitosync	2021-04-08T19:22:05Z	
2.16.39	automatic	software.amazon.awssdk	cognitosync	2021-04-09T19:03:33Z	
2.16.40	automatic	software.amazon.awssdk	cognitosync	2021-04-12T19:11:23Z	
2.16.41	automatic	software.amazon.awssdk	cognitosync	2021-04-13T20:11:56Z	
2.16.42	automatic	software.amazon.awssdk	cognitosync	2021-04-14T19:11:19Z	
2.16.43	automatic	software.amazon.awssdk	cognitosync	2021-04-15T19:06:48Z	
2.16.44	automatic	software.amazon.awssdk	cognitosync	2021-04-19T20:19:29Z	
2.16.45	automatic	software.amazon.awssdk	cognitosync	2021-04-21T19:30:34Z	
2.16.46	automatic	software.amazon.awssdk	cognitosync	2021-04-22T19:26:37Z	
2.16.47	automatic	software.amazon.awssdk	cognitosync	2021-04-23T19:23:05Z	
2.16.48	automatic	software.amazon.awssdk	cognitosync	2021-04-26T20:49:50Z	
2.16.49	automatic	software.amazon.awssdk	cognitosync	2021-04-27T19:28:42Z	
2.16.50	automatic	software.amazon.awssdk	cognitosync	2021-04-28T19:06:52Z	
2.16.51	automatic	software.amazon.awssdk	cognitosync	2021-04-29T19:08:48Z	
2.16.52	automatic	software.amazon.awssdk	cognitosync	2021-04-30T19:09:06Z	
2.16.53	automatic	software.amazon.awssdk	cognitosync	2021-05-03T19:08:12Z	
2.16.54	automatic	software.amazon.awssdk	cognitosync	2021-05-03T22:00:34Z	
2.16.55	automatic	software.amazon.awssdk	cognitosync	2021-05-04T19:33:14Z	
2.16.56	automatic	software.amazon.awssdk	cognitosync	2021-05-05T03:40:04Z	
2.16.57	automatic	software.amazon.awssdk	cognitosync	2021-05-05T20:33:06Z	
2.16.58	automatic	software.amazon.awssdk	cognitosync	2021-05-06T19:08:27Z	
2.16.59	automatic	software.amazon.awssdk	cognitosync	2021-05-07T19:06:34Z	
2.16.60	automatic	software.amazon.awssdk	cognitosync	2021-05-10T19:10:55Z	
2.16.61	automatic	software.amazon.awssdk	cognitosync	2021-05-11T19:09:38Z	
2.16.62	automatic	software.amazon.awssdk	cognitosync	2021-05-12T19:07:28Z	
2.16.63	automatic	software.amazon.awssdk	cognitosync	2021-05-14T19:10:25Z	
2.16.64	automatic	software.amazon.awssdk	cognitosync	2021-05-17T19:47:22Z	
2.16.65	automatic	software.amazon.awssdk	cognitosync	2021-05-18T19:48:41Z	
2.16.66	automatic	software.amazon.awssdk	cognitosync	2021-05-19T19:17:09Z	
2.16.67	automatic	software.amazon.awssdk	cognitosync	2021-05-20T19:08:00Z	
2.16.68	automatic	software.amazon.awssdk	cognitosync	2021-05-21T23:25:17Z	
2.16.69	automatic	software.amazon.awssdk	cognitosync	2021-05-24T19:09:31Z	
2.16.70	automatic	software.amazon.awssdk	cognitosync	2021-05-25T19:07:19Z	
2.16.71	automatic	software.amazon.awssdk	cognitosync	2021-05-26T19:08:50Z	
2.16.72	automatic	software.amazon.awssdk	cognitosync	2021-05-27T02:06:12Z	
2.16.73	automatic	software.amazon.awssdk	cognitosync	2021-05-27T19:06:45Z	
2.16.74	automatic	software.amazon.awssdk	cognitosync	2021-05-28T19:20:47Z	
2.16.75	automatic	software.amazon.awssdk	cognitosync	2021-06-01T19:26:09Z	
2.16.76	automatic	software.amazon.awssdk	cognitosync	2021-06-02T19:08:31Z	
2.16.77	automatic	software.amazon.awssdk	cognitosync	2021-06-03T19:36:32Z	
2.16.78	automatic	software.amazon.awssdk	cognitosync	2021-06-04T19:22:03Z	
2.16.79	automatic	software.amazon.awssdk	cognitosync	2021-06-07T19:14:06Z	
2.16.80	automatic	software.amazon.awssdk	cognitosync	2021-06-08T21:18:09Z	
2.16.81	automatic	software.amazon.awssdk	cognitosync	2021-06-09T19:20:25Z	
2.16.82	automatic	software.amazon.awssdk	cognitosync	2021-06-10T19:14:40Z	
2.16.83	automatic	software.amazon.awssdk	cognitosync	2021-06-11T19:15:25Z	
2.16.84	automatic	software.amazon.awssdk	cognitosync	2021-06-14T19:30:17Z	
2.16.85	automatic	software.amazon.awssdk	cognitosync	2021-06-15T19:09:30Z	
2.16.86	automatic	software.amazon.awssdk	cognitosync	2021-06-16T19:06:11Z	
2.16.87	automatic	software.amazon.awssdk	cognitosync	2021-06-17T19:44:30Z	
2.16.88	automatic	software.amazon.awssdk	cognitosync	2021-06-21T19:33:44Z	
2.16.89	automatic	software.amazon.awssdk	cognitosync	2021-06-23T19:15:29Z	
2.16.90	automatic	software.amazon.awssdk	cognitosync	2021-06-24T19:40:29Z	
2.16.91	automatic	software.amazon.awssdk	cognitosync	2021-06-25T19:29:49Z	
2.16.92	automatic	software.amazon.awssdk	cognitosync	2021-06-28T19:08:46Z	
2.16.93	automatic	software.amazon.awssdk	cognitosync	2021-06-30T19:54:22Z	
2.16.94	automatic	software.amazon.awssdk	cognitosync	2021-07-01T19:14:14Z	
2.16.95	automatic	software.amazon.awssdk	cognitosync	2021-07-02T20:32:57Z	
2.16.96	automatic	software.amazon.awssdk	cognitosync	2021-07-06T20:56:45Z	
2.16.97	automatic	software.amazon.awssdk	cognitosync	2021-07-07T19:53:28Z	
2.16.98	automatic	software.amazon.awssdk	cognitosync	2021-07-08T21:14:27Z	
2.16.99	automatic	software.amazon.awssdk	cognitosync	2021-07-09T20:15:18Z	
2.16.100	automatic	software.amazon.awssdk	cognitosync	2021-07-12T19:17:18Z	
2.16.101	automatic	software.amazon.awssdk	cognitosync	2021-07-13T20:04:07Z	
2.16.102	automatic	software.amazon.awssdk	cognitosync	2021-07-14T19:56:05Z	
2.16.103	automatic	software.amazon.awssdk	cognitosync	2021-07-15T19:09:51Z	
2.16.104	automatic	software.amazon.awssdk	cognitosync	2021-07-16T19:10:33Z	
2.17.0	automatic	software.amazon.awssdk	cognitosync	2021-07-19T20:58:39Z	
2.17.1	automatic	software.amazon.awssdk	cognitosync	2021-07-20T19:13:20Z	
2.17.2	automatic	software.amazon.awssdk	cognitosync	2021-07-21T19:15:13Z	
2.17.3	automatic	software.amazon.awssdk	cognitosync	2021-07-22T20:16:34Z	
2.17.4	automatic	software.amazon.awssdk	cognitosync	2021-07-23T19:25:54Z	
2.17.5	automatic	software.amazon.awssdk	cognitosync	2021-07-26T19:58:58Z	
2.17.6	automatic	software.amazon.awssdk	cognitosync	2021-07-27T19:17:32Z	
2.17.7	automatic	software.amazon.awssdk	cognitosync	2021-07-28T19:18:00Z	
2.17.8	automatic	software.amazon.awssdk	cognitosync	2021-07-29T19:44:53Z	
2.17.9	automatic	software.amazon.awssdk	cognitosync	2021-07-30T19:27:32Z	
2.17.10	automatic	software.amazon.awssdk	cognitosync	2021-08-02T19:15:45Z	
2.17.11	automatic	software.amazon.awssdk	cognitosync	2021-08-03T19:20:38Z	
2.17.12	automatic	software.amazon.awssdk	cognitosync	2021-08-04T19:12:23Z	
2.17.13	automatic	software.amazon.awssdk	cognitosync	2021-08-05T19:34:48Z	
2.17.14	automatic	software.amazon.awssdk	cognitosync	2021-08-06T19:16:41Z	
2.17.15	automatic	software.amazon.awssdk	cognitosync	2021-08-09T19:25:15Z	
2.17.16	automatic	software.amazon.awssdk	cognitosync	2021-08-10T19:50:41Z	
2.17.17	automatic	software.amazon.awssdk	cognitosync	2021-08-11T19:13:49Z	
2.17.18	automatic	software.amazon.awssdk	cognitosync	2021-08-12T19:09:55Z	
2.17.19	automatic	software.amazon.awssdk	cognitosync	2021-08-13T19:09:45Z	
2.17.20	automatic	software.amazon.awssdk	cognitosync	2021-08-16T19:40:05Z	
2.17.21	automatic	software.amazon.awssdk	cognitosync	2021-08-17T19:18:57Z	
2.17.22	automatic	software.amazon.awssdk	cognitosync	2021-08-18T19:40:21Z	
2.17.23	automatic	software.amazon.awssdk	cognitosync	2021-08-19T19:10:42Z	
2.17.24	automatic	software.amazon.awssdk	cognitosync	2021-08-20T19:39:47Z	
2.17.25	automatic	software.amazon.awssdk	cognitosync	2021-08-23T19:46:17Z	
2.17.26	automatic	software.amazon.awssdk	cognitosync	2021-08-24T19:15:08Z	
2.17.27	automatic	software.amazon.awssdk	cognitosync	2021-08-25T19:30:47Z	
2.17.28	automatic	software.amazon.awssdk	cognitosync	2021-08-26T19:28:01Z	
2.17.29	automatic	software.amazon.awssdk	cognitosync	2021-08-27T19:56:07Z	
2.17.30	automatic	software.amazon.awssdk	cognitosync	2021-08-30T19:39:30Z	
2.17.31	automatic	software.amazon.awssdk	cognitosync	2021-08-31T19:37:42Z	
2.17.32	automatic	software.amazon.awssdk	cognitosync	2021-09-01T20:16:31Z	
2.17.33	automatic	software.amazon.awssdk	cognitosync	2021-09-03T00:53:55Z	
2.17.34	automatic	software.amazon.awssdk	cognitosync	2021-09-03T21:14:38Z	
2.17.35	automatic	software.amazon.awssdk	cognitosync	2021-09-07T19:44:38Z	
2.17.36	automatic	software.amazon.awssdk	cognitosync	2021-09-08T22:50:22Z	
2.17.37	automatic	software.amazon.awssdk	cognitosync	2021-09-09T19:22:26Z	
2.17.38	automatic	software.amazon.awssdk	cognitosync	2021-09-10T19:17:40Z	
2.17.39	automatic	software.amazon.awssdk	cognitosync	2021-09-13T19:14:03Z	
2.17.40	automatic	software.amazon.awssdk	cognitosync	2021-09-14T19:15:48Z	
2.17.41	automatic	software.amazon.awssdk	cognitosync	2021-09-16T20:19:43Z	
2.17.42	automatic	software.amazon.awssdk	cognitosync	2021-09-17T19:15:01Z	
2.17.43	automatic	software.amazon.awssdk	cognitosync	2021-09-21T20:06:24Z	
2.17.44	automatic	software.amazon.awssdk	cognitosync	2021-09-22T19:16:48Z	
2.17.45	automatic	software.amazon.awssdk	cognitosync	2021-09-23T19:21:20Z	
2.17.46	automatic	software.amazon.awssdk	cognitosync	2021-09-24T19:27:42Z	
2.17.47	automatic	software.amazon.awssdk	cognitosync	2021-09-27T19:17:56Z	
2.17.48	automatic	software.amazon.awssdk	cognitosync	2021-09-28T19:17:34Z	
2.17.49	automatic	software.amazon.awssdk	cognitosync	2021-09-29T19:18:07Z	
2.17.50	automatic	software.amazon.awssdk	cognitosync	2021-09-30T19:22:57Z	
2.17.51	automatic	software.amazon.awssdk	cognitosync	2021-10-01T21:59:38Z	
2.17.52	automatic	software.amazon.awssdk	cognitosync	2021-10-04T19:48:51Z	
2.17.53	automatic	software.amazon.awssdk	cognitosync	2021-10-05T19:17:48Z	
2.17.54	automatic	software.amazon.awssdk	cognitosync	2021-10-06T20:47:51Z	
2.17.55	automatic	software.amazon.awssdk	cognitosync	2021-10-07T21:07:15Z	
2.17.56	automatic	software.amazon.awssdk	cognitosync	2021-10-08T19:31:20Z	
2.17.57	automatic	software.amazon.awssdk	cognitosync	2021-10-11T19:42:01Z	
2.17.58	automatic	software.amazon.awssdk	cognitosync	2021-10-12T19:19:42Z	
2.17.59	automatic	software.amazon.awssdk	cognitosync	2021-10-13T19:27:18Z	
2.17.60	automatic	software.amazon.awssdk	cognitosync	2021-10-14T19:20:17Z	
2.17.61	automatic	software.amazon.awssdk	cognitosync	2021-10-15T20:50:28Z	
2.17.62	automatic	software.amazon.awssdk	cognitosync	2021-10-18T20:26:32Z	
2.17.63	automatic	software.amazon.awssdk	cognitosync	2021-10-19T19:20:06Z	
2.17.64	automatic	software.amazon.awssdk	cognitosync	2021-10-20T19:17:14Z	
2.17.65	automatic	software.amazon.awssdk	cognitosync	2021-10-21T19:41:14Z	
2.17.66	automatic	software.amazon.awssdk	cognitosync	2021-10-22T19:17:30Z	
2.17.67	automatic	software.amazon.awssdk	cognitosync	2021-10-25T19:22:53Z	
2.17.68	automatic	software.amazon.awssdk	cognitosync	2021-10-26T19:19:29Z	
2.17.69	automatic	software.amazon.awssdk	cognitosync	2021-10-27T19:35:53Z	
2.17.70	automatic	software.amazon.awssdk	cognitosync	2021-10-28T19:39:48Z	
2.17.71	automatic	software.amazon.awssdk	cognitosync	2021-10-29T20:53:08Z	
2.17.72	automatic	software.amazon.awssdk	cognitosync	2021-11-01T19:40:07Z	
2.17.73	automatic	software.amazon.awssdk	cognitosync	2021-11-02T20:07:30Z	
2.17.74	automatic	software.amazon.awssdk	cognitosync	2021-11-03T20:10:34Z	
2.17.75	automatic	software.amazon.awssdk	cognitosync	2021-11-04T19:57:14Z	
2.17.76	automatic	software.amazon.awssdk	cognitosync	2021-11-05T19:25:16Z	
2.17.77	automatic	software.amazon.awssdk	cognitosync	2021-11-08T20:49:01Z	
2.17.78	automatic	software.amazon.awssdk	cognitosync	2021-11-09T20:41:18Z	
2.17.79	automatic	software.amazon.awssdk	cognitosync	2021-11-10T21:23:50Z	
2.17.80	automatic	software.amazon.awssdk	cognitosync	2021-11-11T20:18:25Z	
2.17.81	automatic	software.amazon.awssdk	cognitosync	2021-11-12T21:25:41Z	
2.17.82	automatic	software.amazon.awssdk	cognitosync	2021-11-15T21:41:11Z	
2.17.83	automatic	software.amazon.awssdk	cognitosync	2021-11-16T20:36:47Z	
2.17.84	automatic	software.amazon.awssdk	cognitosync	2021-11-17T22:13:59Z	
2.17.85	automatic	software.amazon.awssdk	cognitosync	2021-11-18T21:29:36Z	
2.17.86	automatic	software.amazon.awssdk	cognitosync	2021-11-19T21:03:42Z	
2.17.87	automatic	software.amazon.awssdk	cognitosync	2021-11-22T22:50:43Z	
2.17.88	automatic	software.amazon.awssdk	cognitosync	2021-11-23T20:28:12Z	
2.17.89	automatic	software.amazon.awssdk	cognitosync	2021-11-24T20:29:47Z	
2.17.90	automatic	software.amazon.awssdk	cognitosync	2021-11-26T20:23:30Z	
2.17.91	automatic	software.amazon.awssdk	cognitosync	2021-11-29T08:17:10Z	
2.17.92	automatic	software.amazon.awssdk	cognitosync	2021-11-30T01:09:57Z	
2.17.93	automatic	software.amazon.awssdk	cognitosync	2021-12-01T00:58:12Z	
2.17.94	automatic	software.amazon.awssdk	cognitosync	2021-12-02T01:00:28Z	
2.17.95	automatic	software.amazon.awssdk	cognitosync	2021-12-02T21:25:51Z	
2.17.96	automatic	software.amazon.awssdk	cognitosync	2021-12-03T20:48:03Z	
2.17.97	automatic	software.amazon.awssdk	cognitosync	2021-12-06T20:23:45Z	
2.17.98	automatic	software.amazon.awssdk	cognitosync	2021-12-08T20:36:03Z	
2.17.99	automatic	software.amazon.awssdk	cognitosync	2021-12-09T20:30:39Z	
2.17.100	automatic	software.amazon.awssdk	cognitosync	2021-12-13T21:26:29Z	
2.17.101	automatic	software.amazon.awssdk	cognitosync	2021-12-20T21:14:17Z	
2.17.102	automatic	software.amazon.awssdk	cognitosync	2021-12-21T20:25:36Z	
2.17.103	automatic	software.amazon.awssdk	cognitosync	2022-01-03T22:19:12Z	
2.17.104	automatic	software.amazon.awssdk	cognitosync	2022-01-04T20:46:36Z	
2.17.105	automatic	software.amazon.awssdk	cognitosync	2022-01-05T20:32:10Z	
2.17.106	automatic	software.amazon.awssdk	cognitosync	2022-01-06T20:40:31Z	
2.17.107	automatic	software.amazon.awssdk	cognitosync	2022-01-07T20:21:25Z	
2.17.108	automatic	software.amazon.awssdk	cognitosync	2022-01-10T20:23:29Z	
2.17.109	automatic	software.amazon.awssdk	cognitosync	2022-01-11T20:25:02Z	
2.17.110	automatic	software.amazon.awssdk	cognitosync	2022-01-12T20:24:05Z	
2.17.111	automatic	software.amazon.awssdk	cognitosync	2022-01-13T20:33:31Z	
2.17.112	automatic	software.amazon.awssdk	cognitosync	2022-01-14T20:38:10Z	
2.17.113	automatic	software.amazon.awssdk	cognitosync	2022-01-18T20:24:30Z	
2.17.114	automatic	software.amazon.awssdk	cognitosync	2022-01-19T20:25:19Z	
2.17.115	automatic	software.amazon.awssdk	cognitosync	2022-01-20T21:11:42Z	
2.17.116	automatic	software.amazon.awssdk	cognitosync	2022-01-22T01:29:02Z	
2.17.117	automatic	software.amazon.awssdk	cognitosync	2022-01-24T20:23:43Z	
2.17.118	automatic	software.amazon.awssdk	cognitosync	2022-01-25T22:03:04Z	
2.17.119	automatic	software.amazon.awssdk	cognitosync	2022-01-26T20:24:32Z	
2.17.120	automatic	software.amazon.awssdk	cognitosync	2022-01-27T20:26:58Z	
2.17.121	automatic	software.amazon.awssdk	cognitosync	2022-01-28T20:21:57Z	
2.17.122	automatic	software.amazon.awssdk	cognitosync	2022-02-02T20:48:28Z	
2.17.123	automatic	software.amazon.awssdk	cognitosync	2022-02-03T20:26:57Z	
2.17.124	automatic	software.amazon.awssdk	cognitosync	2022-02-04T21:05:29Z	
2.17.125	automatic	software.amazon.awssdk	cognitosync	2022-02-07T20:23:07Z	
2.17.126	automatic	software.amazon.awssdk	cognitosync	2022-02-08T22:26:31Z	
2.17.127	automatic	software.amazon.awssdk	cognitosync	2022-02-09T21:10:48Z	
2.17.128	automatic	software.amazon.awssdk	cognitosync	2022-02-10T20:43:55Z	
2.17.129	automatic	software.amazon.awssdk	cognitosync	2022-02-11T20:22:45Z	
2.17.130	automatic	software.amazon.awssdk	cognitosync	2022-02-14T20:23:37Z	
2.17.131	automatic	software.amazon.awssdk	cognitosync	2022-02-16T20:27:00Z	
2.17.132	automatic	software.amazon.awssdk	cognitosync	2022-02-17T20:25:27Z	
2.17.133	automatic	software.amazon.awssdk	cognitosync	2022-02-18T20:37:27Z	
2.17.134	automatic	software.amazon.awssdk	cognitosync	2022-02-21T20:21:31Z	
2.17.135	automatic	software.amazon.awssdk	cognitosync	2022-02-22T20:28:47Z	
2.17.136	automatic	software.amazon.awssdk	cognitosync	2022-02-23T20:26:12Z	
2.17.137	automatic	software.amazon.awssdk	cognitosync	2022-02-24T23:20:15Z	
2.17.138	automatic	software.amazon.awssdk	cognitosync	2022-02-25T20:30:31Z	
2.17.139	automatic	software.amazon.awssdk	cognitosync	2022-02-28T20:33:44Z	
2.17.140	automatic	software.amazon.awssdk	cognitosync	2022-03-01T20:32:42Z	
2.17.141	automatic	software.amazon.awssdk	cognitosync	2022-03-02T21:03:27Z	
2.17.142	automatic	software.amazon.awssdk	cognitosync	2022-03-03T20:35:51Z	
2.17.143	automatic	software.amazon.awssdk	cognitosync	2022-03-04T20:44:02Z	
2.17.144	automatic	software.amazon.awssdk	cognitosync	2022-03-07T21:03:51Z	
2.17.145	automatic	software.amazon.awssdk	cognitosync	2022-03-08T20:33:13Z	
2.17.146	automatic	software.amazon.awssdk	cognitosync	2022-03-09T20:31:44Z	
2.17.147	automatic	software.amazon.awssdk	cognitosync	2022-03-10T20:30:45Z	
2.17.148	automatic	software.amazon.awssdk	cognitosync	2022-03-11T20:27:59Z	
2.17.149	automatic	software.amazon.awssdk	cognitosync	2022-03-14T19:43:21Z	
2.17.150	automatic	software.amazon.awssdk	cognitosync	2022-03-15T21:42:26Z	
2.17.151	automatic	software.amazon.awssdk	cognitosync	2022-03-16T20:23:22Z	
2.17.152	automatic	software.amazon.awssdk	cognitosync	2022-03-18T19:29:49Z	
2.17.153	automatic	software.amazon.awssdk	cognitosync	2022-03-21T19:33:08Z	
2.17.154	automatic	software.amazon.awssdk	cognitosync	2022-03-22T20:19:30Z	
2.17.155	automatic	software.amazon.awssdk	cognitosync	2022-03-23T19:29:17Z	
2.17.156	automatic	software.amazon.awssdk	cognitosync	2022-03-24T19:30:55Z	
2.17.157	automatic	software.amazon.awssdk	cognitosync	2022-03-25T19:32:07Z	
2.17.158	automatic	software.amazon.awssdk	cognitosync	2022-03-28T19:29:25Z	
2.17.159	automatic	software.amazon.awssdk	cognitosync	2022-03-29T19:44:11Z	
2.17.160	automatic	software.amazon.awssdk	cognitosync	2022-03-30T19:32:56Z	
2.17.161	automatic	software.amazon.awssdk	cognitosync	2022-03-31T19:37:26Z	
2.17.162	automatic	software.amazon.awssdk	cognitosync	2022-04-01T19:29:25Z	
2.17.163	automatic	software.amazon.awssdk	cognitosync	2022-04-04T19:32:40Z	
2.17.164	automatic	software.amazon.awssdk	cognitosync	2022-04-05T19:29:08Z	
2.17.165	automatic	software.amazon.awssdk	cognitosync	2022-04-06T19:33:03Z	
2.17.166	automatic	software.amazon.awssdk	cognitosync	2022-04-07T20:13:08Z	
2.17.167	automatic	software.amazon.awssdk	cognitosync	2022-04-08T19:28:13Z	
2.17.168	automatic	software.amazon.awssdk	cognitosync	2022-04-11T19:28:20Z	
2.17.169	automatic	software.amazon.awssdk	cognitosync	2022-04-12T20:16:22Z	
2.17.170	automatic	software.amazon.awssdk	cognitosync	2022-04-13T19:28:31Z	
2.17.171	automatic	software.amazon.awssdk	cognitosync	2022-04-14T19:29:52Z	
2.17.172	automatic	software.amazon.awssdk	cognitosync	2022-04-15T20:21:47Z	
2.17.173	automatic	software.amazon.awssdk	cognitosync	2022-04-19T19:31:15Z	
2.17.174	automatic	software.amazon.awssdk	cognitosync	2022-04-20T19:28:28Z	
2.17.175	automatic	software.amazon.awssdk	cognitosync	2022-04-21T19:41:11Z	
2.17.176	automatic	software.amazon.awssdk	cognitosync	2022-04-22T19:35:00Z	
2.17.177	automatic	software.amazon.awssdk	cognitosync	2022-04-25T19:30:05Z	
2.17.178	automatic	software.amazon.awssdk	cognitosync	2022-04-26T19:31:51Z	
2.17.179	automatic	software.amazon.awssdk	cognitosync	2022-04-27T19:33:09Z	
2.17.180	automatic	software.amazon.awssdk	cognitosync	2022-04-28T19:38:36Z	
2.17.181	automatic	software.amazon.awssdk	cognitosync	2022-04-29T19:29:54Z	
2.17.182	automatic	software.amazon.awssdk	cognitosync	2022-05-02T19:34:45Z	
2.17.183	automatic	software.amazon.awssdk	cognitosync	2022-05-03T22:38:20Z	
2.17.184	automatic	software.amazon.awssdk	cognitosync	2022-05-04T19:33:57Z	
2.17.185	automatic	software.amazon.awssdk	cognitosync	2022-05-05T19:55:25Z	
2.17.186	automatic	software.amazon.awssdk	cognitosync	2022-05-06T19:33:56Z	
2.17.187	automatic	software.amazon.awssdk	cognitosync	2022-05-09T19:31:03Z	
2.17.188	automatic	software.amazon.awssdk	cognitosync	2022-05-10T19:29:21Z	
2.17.189	automatic	software.amazon.awssdk	cognitosync	2022-05-11T21:30:08Z	
2.17.190	automatic	software.amazon.awssdk	cognitosync	2022-05-12T19:34:46Z	
2.17.191	automatic	software.amazon.awssdk	cognitosync	2022-05-13T19:31:36Z	
2.17.192	automatic	software.amazon.awssdk	cognitosync	2022-05-16T19:28:21Z	
2.17.193	automatic	software.amazon.awssdk	cognitosync	2022-05-17T19:27:51Z	
2.17.194	automatic	software.amazon.awssdk	cognitosync	2022-05-18T19:28:37Z	
2.17.195	automatic	software.amazon.awssdk	cognitosync	2022-05-19T22:13:56Z	
2.17.196	automatic	software.amazon.awssdk	cognitosync	2022-05-20T19:38:48Z	
2.17.197	automatic	software.amazon.awssdk	cognitosync	2022-05-23T19:34:08Z	
2.17.198	automatic	software.amazon.awssdk	cognitosync	2022-05-24T19:34:32Z	
2.17.199	automatic	software.amazon.awssdk	cognitosync	2022-05-26T15:57:31Z	
2.17.200	automatic	software.amazon.awssdk	cognitosync	2022-05-26T20:50:06Z	
2.17.201	automatic	software.amazon.awssdk	cognitosync	2022-05-27T19:36:37Z	
2.17.202	automatic	software.amazon.awssdk	cognitosync	2022-05-31T20:07:51Z	
2.17.203	automatic	software.amazon.awssdk	cognitosync	2022-06-01T22:13:34Z	
2.17.204	automatic	software.amazon.awssdk	cognitosync	2022-06-02T19:41:08Z	
2.17.205	automatic	software.amazon.awssdk	cognitosync	2022-06-06T19:58:12Z	
2.17.206	automatic	software.amazon.awssdk	cognitosync	2022-06-07T19:36:27Z	
2.17.207	automatic	software.amazon.awssdk	cognitosync	2022-06-08T21:17:49Z	
2.17.208	automatic	software.amazon.awssdk	cognitosync	2022-06-09T19:37:11Z	
2.17.209	automatic	software.amazon.awssdk	cognitosync	2022-06-10T20:22:22Z	
2.17.210	automatic	software.amazon.awssdk	cognitosync	2022-06-13T20:32:07Z	
2.17.211	automatic	software.amazon.awssdk	cognitosync	2022-06-14T20:06:08Z	
2.17.212	automatic	software.amazon.awssdk	cognitosync	2022-06-15T21:17:16Z	
2.17.213	automatic	software.amazon.awssdk	cognitosync	2022-06-16T19:48:28Z	
2.17.214	automatic	software.amazon.awssdk	cognitosync	2022-06-17T19:33:58Z	
2.17.215	automatic	software.amazon.awssdk	cognitosync	2022-06-20T19:33:57Z	
2.17.216	automatic	software.amazon.awssdk	cognitosync	2022-06-21T19:31:32Z	
2.17.217	automatic	software.amazon.awssdk	cognitosync	2022-06-22T19:56:32Z	
2.17.218	automatic	software.amazon.awssdk	cognitosync	2022-06-23T19:38:42Z	
2.17.219	automatic	software.amazon.awssdk	cognitosync	2022-06-24T20:05:31Z	
2.17.220	automatic	software.amazon.awssdk	cognitosync	2022-06-27T19:32:47Z	
2.17.221	automatic	software.amazon.awssdk	cognitosync	2022-06-28T19:30:44Z	
2.17.222	automatic	software.amazon.awssdk	cognitosync	2022-06-29T19:38:46Z	
2.17.223	automatic	software.amazon.awssdk	cognitosync	2022-06-30T19:39:58Z	
2.17.224	automatic	software.amazon.awssdk	cognitosync	2022-07-01T19:51:14Z	
2.17.225	automatic	software.amazon.awssdk	cognitosync	2022-07-05T19:39:10Z	
2.17.226	automatic	software.amazon.awssdk	cognitosync	2022-07-06T19:31:30Z	
2.17.227	automatic	software.amazon.awssdk	cognitosync	2022-07-07T20:26:36Z	
2.17.228	automatic	software.amazon.awssdk	cognitosync	2022-07-08T23:42:54Z	
2.17.229	automatic	software.amazon.awssdk	cognitosync	2022-07-11T21:20:31Z	
2.17.230	automatic	software.amazon.awssdk	cognitosync	2022-07-12T20:04:30Z	
2.17.231	automatic	software.amazon.awssdk	cognitosync	2022-07-13T22:57:32Z	
2.17.232	automatic	software.amazon.awssdk	cognitosync	2022-07-14T19:43:44Z	
2.17.233	automatic	software.amazon.awssdk	cognitosync	2022-07-15T20:30:34Z	
2.17.234	automatic	software.amazon.awssdk	cognitosync	2022-07-18T23:39:17Z	
2.17.235	automatic	software.amazon.awssdk	cognitosync	2022-07-19T20:09:24Z	
2.17.236	automatic	software.amazon.awssdk	cognitosync	2022-07-20T19:37:48Z	
2.17.237	automatic	software.amazon.awssdk	cognitosync	2022-07-21T19:36:27Z	
2.17.238	automatic	software.amazon.awssdk	cognitosync	2022-07-22T19:46:52Z	
2.17.239	automatic	software.amazon.awssdk	cognitosync	2022-07-25T19:35:59Z	
2.17.240	automatic	software.amazon.awssdk	cognitosync	2022-07-26T19:34:44Z	
2.17.241	automatic	software.amazon.awssdk	cognitosync	2022-07-27T20:39:18Z	
2.17.242	automatic	software.amazon.awssdk	cognitosync	2022-07-28T19:37:03Z	
2.17.243	automatic	software.amazon.awssdk	cognitosync	2022-07-29T19:34:24Z	
2.17.244	automatic	software.amazon.awssdk	cognitosync	2022-08-01T19:38:02Z	
2.17.245	automatic	software.amazon.awssdk	cognitosync	2022-08-02T20:07:28Z	
2.17.246	automatic	software.amazon.awssdk	cognitosync	2022-08-03T19:37:48Z	
2.17.247	automatic	software.amazon.awssdk	cognitosync	2022-08-04T19:37:07Z	
2.17.248	automatic	software.amazon.awssdk	cognitosync	2022-08-08T19:35:11Z	
2.17.249	automatic	software.amazon.awssdk	cognitosync	2022-08-09T19:40:29Z	
2.17.250	automatic	software.amazon.awssdk	cognitosync	2022-08-10T19:33:40Z	
2.17.251	automatic	software.amazon.awssdk	cognitosync	2022-08-11T20:50:16Z	
2.17.252	automatic	software.amazon.awssdk	cognitosync	2022-08-12T19:34:26Z	
2.17.253	automatic	software.amazon.awssdk	cognitosync	2022-08-15T19:35:33Z	
2.17.254	automatic	software.amazon.awssdk	cognitosync	2022-08-16T19:33:44Z	
2.17.255	automatic	software.amazon.awssdk	cognitosync	2022-08-17T19:38:58Z	
2.17.256	automatic	software.amazon.awssdk	cognitosync	2022-08-18T19:38:22Z	
2.17.257	automatic	software.amazon.awssdk	cognitosync	2022-08-19T20:09:48Z	
2.17.258	automatic	software.amazon.awssdk	cognitosync	2022-08-22T20:02:24Z	
2.17.259	automatic	software.amazon.awssdk	cognitosync	2022-08-23T20:39:24Z	
2.17.260	automatic	software.amazon.awssdk	cognitosync	2022-08-24T20:14:18Z	
2.17.261	automatic	software.amazon.awssdk	cognitosync	2022-08-25T19:49:41Z	
2.17.262	automatic	software.amazon.awssdk	cognitosync	2022-08-29T17:08:42Z	
2.17.263	automatic	software.amazon.awssdk	cognitosync	2022-08-29T20:36:02Z	
2.17.264	automatic	software.amazon.awssdk	cognitosync	2022-08-30T23:34:27Z	
2.17.265	automatic	software.amazon.awssdk	cognitosync	2022-08-31T19:42:10Z	
2.17.266	automatic	software.amazon.awssdk	cognitosync	2022-09-01T19:38:40Z	
2.17.267	automatic	software.amazon.awssdk	cognitosync	2022-09-02T21:57:12Z	
2.17.268	automatic	software.amazon.awssdk	cognitosync	2022-09-06T20:02:08Z	
2.17.269	automatic	software.amazon.awssdk	cognitosync	2022-09-07T19:34:33Z	
2.17.270	automatic	software.amazon.awssdk	cognitosync	2022-09-08T20:08:32Z	
2.17.271	automatic	software.amazon.awssdk	cognitosync	2022-09-09T19:40:52Z	
2.17.272	automatic	software.amazon.awssdk	cognitosync	2022-09-12T19:36:56Z	
2.17.273	automatic	software.amazon.awssdk	cognitosync	2022-09-13T19:33:25Z	
2.17.274	automatic	software.amazon.awssdk	cognitosync	2022-09-14T19:39:56Z	
2.17.275	automatic	software.amazon.awssdk	cognitosync	2022-09-15T20:33:34Z	
2.17.276	automatic	software.amazon.awssdk	cognitosync	2022-09-16T19:38:40Z	
2.17.277	automatic	software.amazon.awssdk	cognitosync	2022-09-19T19:59:13Z	
2.17.278	automatic	software.amazon.awssdk	cognitosync	2022-09-20T19:39:44Z	
2.17.279	automatic	software.amazon.awssdk	cognitosync	2022-09-21T20:57:57Z	
2.17.280	automatic	software.amazon.awssdk	cognitosync	2022-09-22T19:41:02Z	
2.17.281	automatic	software.amazon.awssdk	cognitosync	2022-09-23T19:39:06Z	
2.17.282	automatic	software.amazon.awssdk	cognitosync	2022-09-26T19:35:25Z	
2.17.283	automatic	software.amazon.awssdk	cognitosync	2022-09-27T19:44:12Z	
2.17.284	automatic	software.amazon.awssdk	cognitosync	2022-09-29T19:39:46Z	
2.17.285	automatic	software.amazon.awssdk	cognitosync	2022-09-30T19:36:11Z	
2.17.286	automatic	software.amazon.awssdk	cognitosync	2022-10-03T19:39:19Z	
2.17.287	automatic	software.amazon.awssdk	cognitosync	2022-10-04T19:40:03Z	
2.17.288	automatic	software.amazon.awssdk	cognitosync	2022-10-05T19:41:03Z	
2.17.289	automatic	software.amazon.awssdk	cognitosync	2022-10-06T19:59:30Z	
2.17.290	automatic	software.amazon.awssdk	cognitosync	2022-10-07T19:42:29Z	
2.17.291	automatic	software.amazon.awssdk	cognitosync	2022-10-13T19:42:05Z	
2.17.292	automatic	software.amazon.awssdk	cognitosync	2022-10-14T19:40:16Z	
2.17.293	automatic	software.amazon.awssdk	cognitosync	2022-10-17T19:39:53Z	
2.17.294	automatic	software.amazon.awssdk	cognitosync	2022-10-18T19:45:16Z	
2.17.295	automatic	software.amazon.awssdk	cognitosync	2022-10-19T19:52:34Z	
2.18.0	automatic	software.amazon.awssdk	cognitosync	2022-10-20T22:54:10Z	
2.18.1	automatic	software.amazon.awssdk	cognitosync	2022-10-21T22:34:56Z	
2.18.2	automatic	software.amazon.awssdk	cognitosync	2022-10-24T21:12:27Z	
2.18.3	automatic	software.amazon.awssdk	cognitosync	2022-10-25T20:07:24Z	
2.18.4	automatic	software.amazon.awssdk	cognitosync	2022-10-26T20:11:59Z	
2.18.5	automatic	software.amazon.awssdk	cognitosync	2022-10-27T20:48:26Z	
2.18.6	automatic	software.amazon.awssdk	cognitosync	2022-10-28T20:08:48Z	
2.18.7	automatic	software.amazon.awssdk	cognitosync	2022-10-31T20:14:10Z	
2.18.8	automatic	software.amazon.awssdk	cognitosync	2022-11-01T22:07:28Z	
2.18.9	automatic	software.amazon.awssdk	cognitosync	2022-11-02T20:10:00Z	
2.18.10	automatic	software.amazon.awssdk	cognitosync	2022-11-03T19:35:03Z	
2.18.11	automatic	software.amazon.awssdk	cognitosync	2022-11-04T21:25:17Z	
2.18.12	automatic	software.amazon.awssdk	cognitosync	2022-11-07T20:41:46Z	
2.18.13	automatic	software.amazon.awssdk	cognitosync	2022-11-08T20:34:37Z	
2.18.14	automatic	software.amazon.awssdk	cognitosync	2022-11-09T20:49:23Z	
2.18.15	automatic	software.amazon.awssdk	cognitosync	2022-11-10T20:33:27Z	
2.18.16	automatic	software.amazon.awssdk	cognitosync	2022-11-11T21:44:11Z	
2.18.17	automatic	software.amazon.awssdk	cognitosync	2022-11-14T20:50:03Z	
2.18.18	automatic	software.amazon.awssdk	cognitosync	2022-11-15T21:05:00Z	
2.18.19	automatic	software.amazon.awssdk	cognitosync	2022-11-16T20:50:56Z	
2.18.20	automatic	software.amazon.awssdk	cognitosync	2022-11-17T20:36:10Z	
2.18.21	automatic	software.amazon.awssdk	cognitosync	2022-11-18T21:15:14Z	
2.18.22	automatic	software.amazon.awssdk	cognitosync	2022-11-21T21:01:19Z	
2.18.23	automatic	software.amazon.awssdk	cognitosync	2022-11-22T20:39:02Z	
2.18.24	automatic	software.amazon.awssdk	cognitosync	2022-11-23T20:51:05Z	
2.18.25	automatic	software.amazon.awssdk	cognitosync	2022-11-28T04:23:54Z	
2.18.26	automatic	software.amazon.awssdk	cognitosync	2022-11-29T06:53:22Z	
2.18.27	automatic	software.amazon.awssdk	cognitosync	2022-11-29T20:37:43Z	
2.18.28	automatic	software.amazon.awssdk	cognitosync	2022-11-30T21:20:28Z	
2.18.29	automatic	software.amazon.awssdk	cognitosync	2022-12-01T21:00:01Z	
2.18.30	automatic	software.amazon.awssdk	cognitosync	2022-12-02T22:02:03Z	
2.18.31	automatic	software.amazon.awssdk	cognitosync	2022-12-05T21:54:31Z	
2.18.32	automatic	software.amazon.awssdk	cognitosync	2022-12-06T22:14:37Z	
2.18.33	automatic	software.amazon.awssdk	cognitosync	2022-12-07T21:31:00Z	
2.18.34	automatic	software.amazon.awssdk	cognitosync	2022-12-08T21:04:47Z	
2.18.35	automatic	software.amazon.awssdk	cognitosync	2022-12-09T21:04:47Z	
2.18.36	automatic	software.amazon.awssdk	cognitosync	2022-12-12T21:07:25Z	
2.18.37	automatic	software.amazon.awssdk	cognitosync	2022-12-13T01:51:29Z	
2.18.38	automatic	software.amazon.awssdk	cognitosync	2022-12-13T21:41:52Z	
2.18.39	automatic	software.amazon.awssdk	cognitosync	2022-12-14T23:16:50Z	
2.18.40	automatic	software.amazon.awssdk	cognitosync	2022-12-15T22:02:41Z	
2.18.41	automatic	software.amazon.awssdk	cognitosync	2022-12-16T22:38:46Z	
2.19.0	automatic	software.amazon.awssdk	cognitosync	2022-12-19T21:04:54Z	
2.19.1	automatic	software.amazon.awssdk	cognitosync	2022-12-20T21:19:47Z	
2.19.2	automatic	software.amazon.awssdk	cognitosync	2022-12-21T21:57:17Z	
2.19.3	automatic	software.amazon.awssdk	cognitosync	2022-12-22T21:54:10Z	
2.19.4	automatic	software.amazon.awssdk	cognitosync	2022-12-23T21:09:39Z	
2.19.5	automatic	software.amazon.awssdk	cognitosync	2022-12-27T22:46:23Z	
2.19.6	automatic	software.amazon.awssdk	cognitosync	2022-12-28T21:14:07Z	
2.19.7	automatic	software.amazon.awssdk	cognitosync	2022-12-29T21:30:33Z	
2.19.8	automatic	software.amazon.awssdk	cognitosync	2022-12-30T21:08:10Z	
2.19.9	automatic	software.amazon.awssdk	cognitosync	2023-01-03T21:05:33Z	
2.19.10	automatic	software.amazon.awssdk	cognitosync	2023-01-04T21:04:46Z	
2.19.11	automatic	software.amazon.awssdk	cognitosync	2023-01-05T21:04:41Z	
2.19.12	automatic	software.amazon.awssdk	cognitosync	2023-01-06T21:12:52Z	
2.19.13	automatic	software.amazon.awssdk	cognitosync	2023-01-09T21:56:27Z	
2.19.14	automatic	software.amazon.awssdk	cognitosync	2023-01-10T21:02:35Z	
2.19.15	automatic	software.amazon.awssdk	cognitosync	2023-01-11T21:08:47Z	
2.19.16	automatic	software.amazon.awssdk	cognitosync	2023-01-12T21:04:10Z	
2.19.17	automatic	software.amazon.awssdk	cognitosync	2023-01-13T21:09:39Z	
2.19.18	automatic	software.amazon.awssdk	cognitosync	2023-01-17T21:04:10Z	
2.19.19	automatic	software.amazon.awssdk	cognitosync	2023-01-18T22:02:40Z	
2.19.20	automatic	software.amazon.awssdk	cognitosync	2023-01-19T23:43:50Z	
2.19.21	automatic	software.amazon.awssdk	cognitosync	2023-01-20T21:15:51Z	
2.19.22	automatic	software.amazon.awssdk	cognitosync	2023-01-24T00:15:57Z	
2.19.23	automatic	software.amazon.awssdk	cognitosync	2023-01-24T21:23:55Z	
2.19.24	automatic	software.amazon.awssdk	cognitosync	2023-01-25T21:16:19Z	
2.19.25	automatic	software.amazon.awssdk	cognitosync	2023-01-27T00:55:53Z	
2.19.26	automatic	software.amazon.awssdk	cognitosync	2023-01-27T21:03:54Z	
2.19.27	automatic	software.amazon.awssdk	cognitosync	2023-01-30T21:28:03Z	
2.19.28	automatic	software.amazon.awssdk	cognitosync	2023-01-31T22:05:33Z	
2.19.29	automatic	software.amazon.awssdk	cognitosync	2023-02-01T21:03:01Z	
2.19.30	automatic	software.amazon.awssdk	cognitosync	2023-02-02T21:23:08Z	
2.19.31	automatic	software.amazon.awssdk	cognitosync	2023-02-03T21:07:56Z	
2.19.32	automatic	software.amazon.awssdk	cognitosync	2023-02-06T21:11:45Z	
2.19.33	automatic	software.amazon.awssdk	cognitosync	2023-02-07T21:53:33Z	
2.20.0	automatic	software.amazon.awssdk	cognitosync	2023-02-08T22:00:04Z	
2.20.1	automatic	software.amazon.awssdk	cognitosync	2023-02-09T21:03:02Z	
2.20.2	automatic	software.amazon.awssdk	cognitosync	2023-02-10T21:04:14Z	
2.20.3	automatic	software.amazon.awssdk	cognitosync	2023-02-13T21:01:12Z	
2.20.4	automatic	software.amazon.awssdk	cognitosync	2023-02-14T21:04:41Z	
2.20.5	automatic	software.amazon.awssdk	cognitosync	2023-02-15T21:48:42Z	
2.20.6	automatic	software.amazon.awssdk	cognitosync	2023-02-16T22:40:52Z	
2.20.7	automatic	software.amazon.awssdk	cognitosync	2023-02-17T21:02:23Z	
2.20.8	automatic	software.amazon.awssdk	cognitosync	2023-02-20T21:01:26Z	
2.20.9	automatic	software.amazon.awssdk	cognitosync	2023-02-21T22:09:05Z	
2.20.10	automatic	software.amazon.awssdk	cognitosync	2023-02-22T21:43:44Z	
2.20.11	automatic	software.amazon.awssdk	cognitosync	2023-02-23T21:18:46Z	
2.20.12	automatic	software.amazon.awssdk	cognitosync	2023-02-24T21:06:21Z	
2.20.13	automatic	software.amazon.awssdk	cognitosync	2023-02-27T21:11:08Z	
2.20.14	automatic	software.amazon.awssdk	cognitosync	2023-02-28T21:12:49Z	
2.20.15	automatic	software.amazon.awssdk	cognitosync	2023-03-01T21:26:58Z	
2.20.16	automatic	software.amazon.awssdk	cognitosync	2023-03-02T21:12:41Z	
2.20.17	automatic	software.amazon.awssdk	cognitosync	2023-03-03T21:12:14Z	
2.20.18	automatic	software.amazon.awssdk	cognitosync	2023-03-06T21:12:53Z	
2.20.19	automatic	software.amazon.awssdk	cognitosync	2023-03-07T21:14:54Z	
2.20.20	automatic	software.amazon.awssdk	cognitosync	2023-03-08T21:13:42Z	
2.20.21	automatic	software.amazon.awssdk	cognitosync	2023-03-09T21:11:00Z	
2.20.22	automatic	software.amazon.awssdk	cognitosync	2023-03-10T21:16:49Z	
2.20.23	automatic	software.amazon.awssdk	cognitosync	2023-03-13T20:11:57Z	
2.20.24	automatic	software.amazon.awssdk	cognitosync	2023-03-14T20:21:36Z	
2.20.25	automatic	software.amazon.awssdk	cognitosync	2023-03-15T22:48:33Z	
2.20.26	automatic	software.amazon.awssdk	cognitosync	2023-03-16T20:15:59Z	
2.20.27	automatic	software.amazon.awssdk	cognitosync	2023-03-17T20:14:08Z	
2.20.28	automatic	software.amazon.awssdk	cognitosync	2023-03-20T20:10:43Z	
2.20.29	automatic	software.amazon.awssdk	cognitosync	2023-03-21T20:17:36Z	
2.20.30	automatic	software.amazon.awssdk	cognitosync	2023-03-22T23:17:38Z	
2.20.31	automatic	software.amazon.awssdk	cognitosync	2023-03-23T20:09:42Z	
2.20.32	automatic	software.amazon.awssdk	cognitosync	2023-03-24T21:59:39Z	
2.20.33	automatic	software.amazon.awssdk	cognitosync	2023-03-27T20:16:35Z	
2.20.34	automatic	software.amazon.awssdk	cognitosync	2023-03-28T20:15:56Z	
2.20.35	automatic	software.amazon.awssdk	cognitosync	2023-03-29T20:15:46Z	
2.20.36	automatic	software.amazon.awssdk	cognitosync	2023-03-30T20:50:23Z	
2.20.37	automatic	software.amazon.awssdk	cognitosync	2023-03-31T20:30:40Z	
2.20.38	automatic	software.amazon.awssdk	cognitosync	2023-04-03T20:10:46Z	
2.20.39	automatic	software.amazon.awssdk	cognitosync	2023-04-04T20:17:27Z	
2.20.40	automatic	software.amazon.awssdk	cognitosync	2023-04-05T20:12:45Z	
2.20.41	automatic	software.amazon.awssdk	cognitosync	2023-04-06T22:00:28Z	
2.20.42	automatic	software.amazon.awssdk	cognitosync	2023-04-07T20:16:03Z	
2.20.43	automatic	software.amazon.awssdk	cognitosync	2023-04-10T21:11:28Z	
2.20.44	automatic	software.amazon.awssdk	cognitosync	2023-04-11T23:16:25Z	
2.20.45	automatic	software.amazon.awssdk	cognitosync	2023-04-12T20:26:06Z	
2.20.46	automatic	software.amazon.awssdk	cognitosync	2023-04-13T20:13:32Z	
2.20.47	automatic	software.amazon.awssdk	cognitosync	2023-04-14T21:12:08Z	
2.20.48	automatic	software.amazon.awssdk	cognitosync	2023-04-17T20:16:24Z	
2.20.49	automatic	software.amazon.awssdk	cognitosync	2023-04-19T21:39:02Z	
2.20.50	automatic	software.amazon.awssdk	cognitosync	2023-04-20T21:23:08Z	
2.20.51	automatic	software.amazon.awssdk	cognitosync	2023-04-21T23:02:17Z	
2.20.52	automatic	software.amazon.awssdk	cognitosync	2023-04-24T23:01:14Z	
2.20.53	automatic	software.amazon.awssdk	cognitosync	2023-04-25T21:14:44Z	
2.20.54	automatic	software.amazon.awssdk	cognitosync	2023-04-26T20:18:26Z	
2.20.55	automatic	software.amazon.awssdk	cognitosync	2023-04-27T20:39:20Z	
2.20.56	automatic	software.amazon.awssdk	cognitosync	2023-04-28T20:16:10Z	
2.20.57	automatic	software.amazon.awssdk	cognitosync	2023-05-01T22:58:58Z	
2.20.58	automatic	software.amazon.awssdk	cognitosync	2023-05-02T20:16:57Z	
2.20.59	automatic	software.amazon.awssdk	cognitosync	2023-05-03T20:22:15Z	
2.20.60	automatic	software.amazon.awssdk	cognitosync	2023-05-04T21:16:21Z	
2.20.61	automatic	software.amazon.awssdk	cognitosync	2023-05-05T21:57:39Z	
2.20.62	automatic	software.amazon.awssdk	cognitosync	2023-05-08T23:19:17Z	
2.20.63	automatic	software.amazon.awssdk	cognitosync	2023-05-09T20:35:41Z	
2.20.64	automatic	software.amazon.awssdk	cognitosync	2023-05-10T20:15:45Z	
2.20.65	automatic	software.amazon.awssdk	cognitosync	2023-05-11T21:19:54Z	
2.20.66	automatic	software.amazon.awssdk	cognitosync	2023-05-15T21:24:52Z	
2.20.67	automatic	software.amazon.awssdk	cognitosync	2023-05-16T20:20:04Z	
2.20.68	automatic	software.amazon.awssdk	cognitosync	2023-05-18T21:42:21Z	
2.20.69	automatic	software.amazon.awssdk	cognitosync	2023-05-19T20:15:14Z	
2.20.70	automatic	software.amazon.awssdk	cognitosync	2023-05-22T20:15:31Z	
2.20.71	automatic	software.amazon.awssdk	cognitosync	2023-05-23T20:35:18Z	
2.20.72	automatic	software.amazon.awssdk	cognitosync	2023-05-24T20:32:42Z	
2.20.73	automatic	software.amazon.awssdk	cognitosync	2023-05-25T20:35:30Z	
2.20.74	automatic	software.amazon.awssdk	cognitosync	2023-05-26T20:15:30Z	
2.20.75	automatic	software.amazon.awssdk	cognitosync	2023-05-30T20:17:46Z	
2.20.76	automatic	software.amazon.awssdk	cognitosync	2023-05-31T20:16:26Z	
2.20.77	automatic	software.amazon.awssdk	cognitosync	2023-06-01T21:12:32Z	
2.20.78	automatic	software.amazon.awssdk	cognitosync	2023-06-02T20:15:15Z	
2.20.79	automatic	software.amazon.awssdk	cognitosync	2023-06-05T20:13:42Z	
2.20.80	automatic	software.amazon.awssdk	cognitosync	2023-06-06T20:25:38Z	
2.20.81	automatic	software.amazon.awssdk	cognitosync	2023-06-07T20:26:52Z	
2.20.82	automatic	software.amazon.awssdk	cognitosync	2023-06-08T20:07:52Z	
2.20.83	automatic	software.amazon.awssdk	cognitosync	2023-06-09T20:03:11Z	
2.20.84	automatic	software.amazon.awssdk	cognitosync	2023-06-12T20:10:12Z	
2.20.85	automatic	software.amazon.awssdk	cognitosync	2023-06-13T22:45:56Z	
2.20.86	automatic	software.amazon.awssdk	cognitosync	2023-06-15T20:09:30Z	
2.20.87	automatic	software.amazon.awssdk	cognitosync	2023-06-16T20:42:17Z	
2.20.88	automatic	software.amazon.awssdk	cognitosync	2023-06-19T20:05:05Z	
2.20.89	automatic	software.amazon.awssdk	cognitosync	2023-06-20T22:02:01Z	
2.20.90	automatic	software.amazon.awssdk	cognitosync	2023-06-21T20:12:34Z	
2.20.91	automatic	software.amazon.awssdk	cognitosync	2023-06-22T20:08:21Z	
2.20.92	automatic	software.amazon.awssdk	cognitosync	2023-06-23T20:02:43Z	
2.20.93	automatic	software.amazon.awssdk	cognitosync	2023-06-26T20:40:32Z	
2.20.94	automatic	software.amazon.awssdk	cognitosync	2023-06-27T20:33:10Z	
2.20.95	automatic	software.amazon.awssdk	cognitosync	2023-06-28T22:21:59Z	
2.20.96	automatic	software.amazon.awssdk	cognitosync	2023-06-29T21:07:57Z	
2.20.97	automatic	software.amazon.awssdk	cognitosync	2023-06-30T20:05:07Z	
2.20.98	automatic	software.amazon.awssdk	cognitosync	2023-07-03T22:08:24Z	
2.20.99	automatic	software.amazon.awssdk	cognitosync	2023-07-05T20:10:58Z	
2.20.100	automatic	software.amazon.awssdk	cognitosync	2023-07-06T20:05:38Z	
2.20.101	automatic	software.amazon.awssdk	cognitosync	2023-07-07T20:04:02Z	
2.20.102	automatic	software.amazon.awssdk	cognitosync	2023-07-11T06:29:52Z	
2.20.103	automatic	software.amazon.awssdk	cognitosync	2023-07-13T20:38:48Z	
2.20.104	automatic	software.amazon.awssdk	cognitosync	2023-07-17T20:18:58Z	
2.20.105	automatic	software.amazon.awssdk	cognitosync	2023-07-18T20:57:17Z	
2.20.106	automatic	software.amazon.awssdk	cognitosync	2023-07-19T20:05:25Z	
2.20.107	automatic	software.amazon.awssdk	cognitosync	2023-07-20T04:56:22Z	
2.20.108	automatic	software.amazon.awssdk	cognitosync	2023-07-20T20:44:55Z	
2.20.109	automatic	software.amazon.awssdk	cognitosync	2023-07-21T20:30:32Z	
2.20.110	automatic	software.amazon.awssdk	cognitosync	2023-07-24T20:18:28Z	
2.20.111	automatic	software.amazon.awssdk	cognitosync	2023-07-25T20:11:27Z	
2.20.112	automatic	software.amazon.awssdk	cognitosync	2023-07-26T20:25:19Z	
2.20.113	automatic	software.amazon.awssdk	cognitosync	2023-07-27T20:11:53Z	
2.20.114	automatic	software.amazon.awssdk	cognitosync	2023-07-28T02:20:14Z	
2.20.115	automatic	software.amazon.awssdk	cognitosync	2023-07-28T20:07:56Z	
2.20.116	automatic	software.amazon.awssdk	cognitosync	2023-07-31T20:14:27Z	
2.20.117	automatic	software.amazon.awssdk	cognitosync	2023-08-01T20:09:38Z	
2.20.118	automatic	software.amazon.awssdk	cognitosync	2023-08-02T20:09:23Z	
2.20.119	automatic	software.amazon.awssdk	cognitosync	2023-08-04T00:30:31Z	
2.20.120	automatic	software.amazon.awssdk	cognitosync	2023-08-04T20:19:00Z	
2.20.121	automatic	software.amazon.awssdk	cognitosync	2023-08-07T20:10:00Z	
2.20.122	automatic	software.amazon.awssdk	cognitosync	2023-08-08T23:09:08Z	
2.20.123	automatic	software.amazon.awssdk	cognitosync	2023-08-09T20:10:40Z	
2.20.124	automatic	software.amazon.awssdk	cognitosync	2023-08-10T20:15:32Z	
2.20.125	automatic	software.amazon.awssdk	cognitosync	2023-08-11T20:08:14Z	
2.20.126	automatic	software.amazon.awssdk	cognitosync	2023-08-14T20:07:47Z	
2.20.127	automatic	software.amazon.awssdk	cognitosync	2023-08-15T20:56:19Z	
2.20.128	automatic	software.amazon.awssdk	cognitosync	2023-08-16T20:15:51Z	
2.20.129	automatic	software.amazon.awssdk	cognitosync	2023-08-17T22:27:46Z	
2.20.130	automatic	software.amazon.awssdk	cognitosync	2023-08-18T20:14:17Z	
2.20.131	automatic	software.amazon.awssdk	cognitosync	2023-08-21T20:03:31Z	
2.20.132	automatic	software.amazon.awssdk	cognitosync	2023-08-22T20:09:21Z	
2.20.133	automatic	software.amazon.awssdk	cognitosync	2023-08-23T20:33:44Z	
2.20.134	automatic	software.amazon.awssdk	cognitosync	2023-08-24T20:07:45Z	
2.20.135	automatic	software.amazon.awssdk	cognitosync	2023-08-25T21:10:24Z	
2.20.136	automatic	software.amazon.awssdk	cognitosync	2023-08-28T20:16:11Z	
2.20.137	automatic	software.amazon.awssdk	cognitosync	2023-08-29T20:15:41Z	
2.20.138	automatic	software.amazon.awssdk	cognitosync	2023-08-30T21:02:50Z	
2.20.139	automatic	software.amazon.awssdk	cognitosync	2023-08-31T21:02:01Z	
2.20.140	automatic	software.amazon.awssdk	cognitosync	2023-09-01T22:39:45Z	
2.20.141	automatic	software.amazon.awssdk	cognitosync	2023-09-05T20:09:06Z	
2.20.142	automatic	software.amazon.awssdk	cognitosync	2023-09-06T20:09:31Z	
2.20.143	automatic	software.amazon.awssdk	cognitosync	2023-09-07T21:36:18Z	
2.20.144	automatic	software.amazon.awssdk	cognitosync	2023-09-08T20:17:11Z	
2.20.145	automatic	software.amazon.awssdk	cognitosync	2023-09-11T20:07:25Z	
2.20.146	automatic	software.amazon.awssdk	cognitosync	2023-09-12T20:14:19Z	
2.20.147	automatic	software.amazon.awssdk	cognitosync	2023-09-13T20:09:59Z	
2.20.148	automatic	software.amazon.awssdk	cognitosync	2023-09-14T20:09:22Z	
2.20.149	automatic	software.amazon.awssdk	cognitosync	2023-09-15T20:40:22Z	
2.20.150	automatic	software.amazon.awssdk	cognitosync	2023-09-18T20:11:25Z	
2.20.151	automatic	software.amazon.awssdk	cognitosync	2023-09-19T20:40:17Z	
2.20.152	automatic	software.amazon.awssdk	cognitosync	2023-09-20T22:36:29Z	
2.20.153	automatic	software.amazon.awssdk	cognitosync	2023-09-22T21:07:32Z	
2.20.154	automatic	software.amazon.awssdk	cognitosync	2023-09-25T20:09:50Z	
2.20.155	automatic	software.amazon.awssdk	cognitosync	2023-09-26T20:24:56Z	
2.20.156	automatic	software.amazon.awssdk	cognitosync	2023-09-27T20:07:20Z	
2.20.157	automatic	software.amazon.awssdk	cognitosync	2023-09-28T21:26:46Z	
2.20.158	automatic	software.amazon.awssdk	cognitosync	2023-10-03T05:48:29Z	
2.20.159	automatic	software.amazon.awssdk	cognitosync	2023-10-03T20:15:14Z	
2.20.160	automatic	software.amazon.awssdk	cognitosync	2023-10-04T20:16:08Z	
2.20.161	automatic	software.amazon.awssdk	cognitosync	2023-10-05T20:13:51Z	
2.20.162	automatic	software.amazon.awssdk	cognitosync	2023-10-06T20:58:08Z	
2.21.0	automatic	software.amazon.awssdk	cognitosync	2023-10-12T20:19:01Z	
2.21.1	automatic	software.amazon.awssdk	cognitosync	2023-10-16T20:12:51Z	
2.21.2	automatic	software.amazon.awssdk	cognitosync	2023-10-17T20:11:26Z	
2.21.3	automatic	software.amazon.awssdk	cognitosync	2023-10-19T16:22:52Z	
2.21.4	automatic	software.amazon.awssdk	cognitosync	2023-10-19T21:58:29Z	
2.21.5	automatic	software.amazon.awssdk	cognitosync	2023-10-21T02:53:57Z	
2.21.6	automatic	software.amazon.awssdk	cognitosync	2023-10-23T23:13:22Z	
2.21.7	automatic	software.amazon.awssdk	cognitosync	2023-10-24T20:10:45Z	
2.21.8	automatic	software.amazon.awssdk	cognitosync	2023-10-26T00:50:55Z	
2.21.9	automatic	software.amazon.awssdk	cognitosync	2023-10-26T20:12:29Z	
2.21.10	automatic	software.amazon.awssdk	cognitosync	2023-10-27T20:21:08Z	
2.21.11	automatic	software.amazon.awssdk	cognitosync	2023-10-30T20:09:08Z	
2.21.12	automatic	software.amazon.awssdk	cognitosync	2023-10-31T20:21:14Z	
2.21.13	automatic	software.amazon.awssdk	cognitosync	2023-11-01T20:39:48Z	
2.21.14	automatic	software.amazon.awssdk	cognitosync	2023-11-02T20:23:26Z	
2.21.15	automatic	software.amazon.awssdk	cognitosync	2023-11-03T23:12:24Z	
2.21.16	automatic	software.amazon.awssdk	cognitosync	2023-11-06T22:11:09Z	
2.21.17	automatic	software.amazon.awssdk	cognitosync	2023-11-07T21:38:07Z	
2.21.18	automatic	software.amazon.awssdk	cognitosync	2023-11-09T00:28:32Z	
2.21.19	automatic	software.amazon.awssdk	cognitosync	2023-11-09T04:34:44Z	
2.21.20	automatic	software.amazon.awssdk	cognitosync	2023-11-09T21:23:16Z	
2.21.21	automatic	software.amazon.awssdk	cognitosync	2023-11-10T21:40:22Z	
2.21.22	automatic	software.amazon.awssdk	cognitosync	2023-11-13T21:22:38Z	
2.21.23	automatic	software.amazon.awssdk	cognitosync	2023-11-14T21:26:48Z	
2.21.24	automatic	software.amazon.awssdk	cognitosync	2023-11-15T21:30:20Z	
2.21.25	automatic	software.amazon.awssdk	cognitosync	2023-11-17T06:21:44Z	
2.21.26	automatic	software.amazon.awssdk	cognitosync	2023-11-18T00:11:59Z	
2.21.27	automatic	software.amazon.awssdk	cognitosync	2023-11-20T22:27:14Z	
2.21.28	automatic	software.amazon.awssdk	cognitosync	2023-11-21T23:54:22Z	
2.21.29	automatic	software.amazon.awssdk	cognitosync	2023-11-22T21:48:09Z	
2.21.30	automatic	software.amazon.awssdk	cognitosync	2023-11-27T06:45:29Z	
2.21.31	automatic	software.amazon.awssdk	cognitosync	2023-11-27T22:18:31Z	
2.21.32	automatic	software.amazon.awssdk	cognitosync	2023-11-28T07:50:29Z	
2.21.33	automatic	software.amazon.awssdk	cognitosync	2023-11-28T21:43:10Z	
2.21.34	automatic	software.amazon.awssdk	cognitosync	2023-11-29T21:09:38Z	
2.21.35	automatic	software.amazon.awssdk	cognitosync	2023-11-30T03:28:48Z	
2.21.36	automatic	software.amazon.awssdk	cognitosync	2023-11-30T21:11:35Z	
2.21.37	automatic	software.amazon.awssdk	cognitosync	2023-12-01T21:26:03Z	
2.21.38	automatic	software.amazon.awssdk	cognitosync	2023-12-04T21:29:43Z	
2.21.39	automatic	software.amazon.awssdk	cognitosync	2023-12-05T21:32:08Z	
2.21.40	automatic	software.amazon.awssdk	cognitosync	2023-12-06T21:27:35Z	
2.21.41	automatic	software.amazon.awssdk	cognitosync	2023-12-08T01:06:31Z	
2.21.42	automatic	software.amazon.awssdk	cognitosync	2023-12-08T21:33:51Z	
2.21.43	automatic	software.amazon.awssdk	cognitosync	2023-12-11T21:45:00Z	
2.21.44	automatic	software.amazon.awssdk	cognitosync	2023-12-12T22:27:14Z	
2.21.45	automatic	software.amazon.awssdk	cognitosync	2023-12-13T22:04:17Z	
2.21.46	automatic	software.amazon.awssdk	cognitosync	2023-12-14T21:38:13Z	
2.22.0	automatic	software.amazon.awssdk	cognitosync	2023-12-15T21:50:56Z	
2.22.1	automatic	software.amazon.awssdk	cognitosync	2023-12-18T21:34:51Z	
2.22.2	automatic	software.amazon.awssdk	cognitosync	2023-12-19T21:31:11Z	
2.22.3	automatic	software.amazon.awssdk	cognitosync	2023-12-20T21:49:49Z	
2.22.4	automatic	software.amazon.awssdk	cognitosync	2023-12-21T22:20:54Z	
2.22.5	automatic	software.amazon.awssdk	cognitosync	2023-12-22T21:36:28Z	
2.22.6	automatic	software.amazon.awssdk	cognitosync	2023-12-26T21:38:56Z	
2.22.7	automatic	software.amazon.awssdk	cognitosync	2023-12-27T21:32:51Z	
2.22.8	automatic	software.amazon.awssdk	cognitosync	2023-12-28T21:57:30Z	
2.22.9	automatic	software.amazon.awssdk	cognitosync	2023-12-29T21:34:52Z	
2.22.10	automatic	software.amazon.awssdk	cognitosync	2024-01-03T21:38:59Z	
2.22.11	automatic	software.amazon.awssdk	cognitosync	2024-01-04T22:09:41Z	
2.22.12	automatic	software.amazon.awssdk	cognitosync	2024-01-05T21:35:54Z	
2.22.13	automatic	software.amazon.awssdk	cognitosync	2024-01-08T21:33:44Z	
2.23.0	automatic	software.amazon.awssdk	cognitosync	2024-01-10T21:30:04Z	
2.23.1	automatic	software.amazon.awssdk	cognitosync	2024-01-11T21:25:11Z	
2.23.2	automatic	software.amazon.awssdk	cognitosync	2024-01-13T03:17:46Z	
2.23.3	automatic	software.amazon.awssdk	cognitosync	2024-01-14T07:48:58Z	
2.23.4	automatic	software.amazon.awssdk	cognitosync	2024-01-16T23:35:24Z	
2.23.5	automatic	software.amazon.awssdk	cognitosync	2024-01-17T21:32:49Z	
2.23.6	automatic	software.amazon.awssdk	cognitosync	2024-01-18T21:41:10Z	
2.23.7	automatic	software.amazon.awssdk	cognitosync	2024-01-19T21:40:10Z	
2.23.8	automatic	software.amazon.awssdk	cognitosync	2024-01-22T21:38:10Z	
2.23.9	automatic	software.amazon.awssdk	cognitosync	2024-01-23T22:59:21Z	
2.23.10	automatic	software.amazon.awssdk	cognitosync	2024-01-24T21:43:07Z	
2.23.11	automatic	software.amazon.awssdk	cognitosync	2024-01-25T21:41:39Z	
2.23.12	automatic	software.amazon.awssdk	cognitosync	2024-01-26T21:33:02Z	
2.23.13	automatic	software.amazon.awssdk	cognitosync	2024-01-29T21:37:19Z	
2.23.14	automatic	software.amazon.awssdk	cognitosync	2024-01-30T21:33:59Z	
2.23.15	automatic	software.amazon.awssdk	cognitosync	2024-01-31T22:18:34Z	
2.23.16	automatic	software.amazon.awssdk	cognitosync	2024-02-01T21:41:02Z	
2.23.17	automatic	software.amazon.awssdk	cognitosync	2024-02-02T22:42:17Z	
2.23.18	automatic	software.amazon.awssdk	cognitosync	2024-02-05T22:15:34Z	
2.23.19	automatic	software.amazon.awssdk	cognitosync	2024-02-06T21:17:50Z	
2.23.20	automatic	software.amazon.awssdk	cognitosync	2024-02-07T21:16:12Z	
2.23.21	automatic	software.amazon.awssdk	cognitosync	2024-02-08T21:13:35Z	
2.24.0	automatic	software.amazon.awssdk	cognitosync	2024-02-09T21:41:34Z	
2.24.1	automatic	software.amazon.awssdk	cognitosync	2024-02-12T21:51:34Z	
2.24.2	automatic	software.amazon.awssdk	cognitosync	2024-02-13T21:36:32Z	
2.24.3	automatic	software.amazon.awssdk	cognitosync	2024-02-14T21:18:51Z	
2.24.4	automatic	software.amazon.awssdk	cognitosync	2024-02-15T21:19:36Z	
2.24.5	automatic	software.amazon.awssdk	cognitosync	2024-02-16T21:19:43Z	
2.24.6	automatic	software.amazon.awssdk	cognitosync	2024-02-19T21:21:57Z	
2.24.7	automatic	software.amazon.awssdk	cognitosync	2024-02-20T21:59:59Z	
2.24.8	automatic	software.amazon.awssdk	cognitosync	2024-02-22T00:14:03Z	
2.24.9	automatic	software.amazon.awssdk	cognitosync	2024-02-22T21:33:53Z	
2.24.10	automatic	software.amazon.awssdk	cognitosync	2024-02-23T22:14:16Z	
2.24.11	automatic	software.amazon.awssdk	cognitosync	2024-02-27T00:26:01Z	
2.24.12	automatic	software.amazon.awssdk	cognitosync	2024-02-27T21:58:23Z	
2.24.13	automatic	software.amazon.awssdk	cognitosync	2024-02-28T21:23:48Z	
2.25.0	automatic	software.amazon.awssdk	cognitosync	2024-02-29T21:15:30Z	
2.25.1	automatic	software.amazon.awssdk	cognitosync	2024-03-01T21:19:40Z	
2.25.2	automatic	software.amazon.awssdk	cognitosync	2024-03-04T21:22:19Z	
2.25.3	automatic	software.amazon.awssdk	cognitosync	2024-03-05T21:24:01Z	
2.25.4	automatic	software.amazon.awssdk	cognitosync	2024-03-06T22:46:27Z	
2.25.5	automatic	software.amazon.awssdk	cognitosync	2024-03-07T21:26:50Z	
2.25.6	automatic	software.amazon.awssdk	cognitosync	2024-03-08T23:21:36Z	
2.25.7	automatic	software.amazon.awssdk	cognitosync	2024-03-11T20:50:32Z	
2.25.8	automatic	software.amazon.awssdk	cognitosync	2024-03-12T21:02:16Z	
2.25.9	automatic	software.amazon.awssdk	cognitosync	2024-03-13T22:15:30Z	
2.25.10	automatic	software.amazon.awssdk	cognitosync	2024-03-14T20:24:41Z	
2.25.11	automatic	software.amazon.awssdk	cognitosync	2024-03-15T20:34:14Z	
2.25.12	automatic	software.amazon.awssdk	cognitosync	2024-03-18T20:41:39Z	
2.25.13	automatic	software.amazon.awssdk	cognitosync	2024-03-19T20:39:39Z	
2.25.14	automatic	software.amazon.awssdk	cognitosync	2024-03-20T20:38:02Z	
2.25.15	automatic	software.amazon.awssdk	cognitosync	2024-03-21T20:26:55Z	
2.25.16	automatic	software.amazon.awssdk	cognitosync	2024-03-22T20:27:13Z	
2.25.17	automatic	software.amazon.awssdk	cognitosync	2024-03-25T20:31:57Z	
2.25.18	automatic	software.amazon.awssdk	cognitosync	2024-03-26T20:31:49Z	
2.25.19	automatic	software.amazon.awssdk	cognitosync	2024-03-27T20:44:17Z	
2.25.20	automatic	software.amazon.awssdk	cognitosync	2024-03-28T20:48:55Z	
2.25.21	automatic	software.amazon.awssdk	cognitosync	2024-03-29T20:18:05Z	
2.25.22	automatic	software.amazon.awssdk	cognitosync	2024-04-01T21:06:30Z	
2.25.23	automatic	software.amazon.awssdk	cognitosync	2024-04-02T20:37:46Z	
2.25.24	automatic	software.amazon.awssdk	cognitosync	2024-04-03T20:27:06Z	
2.25.25	automatic	software.amazon.awssdk	cognitosync	2024-04-04T20:28:13Z	
2.25.26	automatic	software.amazon.awssdk	cognitosync	2024-04-05T20:35:04Z	
2.25.27	automatic	software.amazon.awssdk	cognitosync	2024-04-08T20:47:01Z	
2.25.28	automatic	software.amazon.awssdk	cognitosync	2024-04-09T21:01:02Z	
2.25.29	automatic	software.amazon.awssdk	cognitosync	2024-04-10T20:29:35Z	
2.25.30	automatic	software.amazon.awssdk	cognitosync	2024-04-11T21:25:58Z	
2.25.31	automatic	software.amazon.awssdk	cognitosync	2024-04-12T21:22:01Z	
2.25.32	automatic	software.amazon.awssdk	cognitosync	2024-04-16T20:31:22Z	
2.25.33	automatic	software.amazon.awssdk	cognitosync	2024-04-17T21:22:00Z	
2.25.34	automatic	software.amazon.awssdk	cognitosync	2024-04-18T21:08:03Z	
2.25.35	automatic	software.amazon.awssdk	cognitosync	2024-04-19T20:34:31Z	
2.25.36	automatic	software.amazon.awssdk	cognitosync	2024-04-22T20:25:40Z	
2.25.37	automatic	software.amazon.awssdk	cognitosync	2024-04-23T21:06:32Z	
2.25.38	automatic	software.amazon.awssdk	cognitosync	2024-04-24T20:23:43Z	
2.25.39	automatic	software.amazon.awssdk	cognitosync	2024-04-25T20:23:04Z	
2.25.40	automatic	software.amazon.awssdk	cognitosync	2024-04-26T20:21:59Z	
2.25.41	automatic	software.amazon.awssdk	cognitosync	2024-04-29T21:42:36Z	
2.25.42	automatic	software.amazon.awssdk	cognitosync	2024-04-30T20:23:26Z	
2.25.43	automatic	software.amazon.awssdk	cognitosync	2024-05-01T20:25:30Z	
2.25.44	automatic	software.amazon.awssdk	cognitosync	2024-05-02T20:41:28Z	
2.25.45	automatic	software.amazon.awssdk	cognitosync	2024-05-03T20:24:37Z	
2.25.46	automatic	software.amazon.awssdk	cognitosync	2024-05-06T20:33:15Z	
2.25.47	automatic	software.amazon.awssdk	cognitosync	2024-05-07T20:30:37Z	
2.25.48	automatic	software.amazon.awssdk	cognitosync	2024-05-08T22:09:57Z	
2.25.49	automatic	software.amazon.awssdk	cognitosync	2024-05-09T21:34:55Z	
2.25.50	automatic	software.amazon.awssdk	cognitosync	2024-05-10T20:39:29Z	
2.25.51	automatic	software.amazon.awssdk	cognitosync	2024-05-13T20:23:12Z	
2.25.52	automatic	software.amazon.awssdk	cognitosync	2024-05-14T21:36:05Z	
2.25.53	automatic	software.amazon.awssdk	cognitosync	2024-05-15T20:24:31Z	
2.25.54	automatic	software.amazon.awssdk	cognitosync	2024-05-16T20:21:13Z	
2.25.55	automatic	software.amazon.awssdk	cognitosync	2024-05-17T21:17:17Z	
2.25.56	automatic	software.amazon.awssdk	cognitosync	2024-05-20T20:33:13Z	
2.25.57	automatic	software.amazon.awssdk	cognitosync	2024-05-21T20:52:59Z	
2.25.58	automatic	software.amazon.awssdk	cognitosync	2024-05-22T20:26:05Z	
2.25.59	automatic	software.amazon.awssdk	cognitosync	2024-05-23T20:25:14Z	
2.25.60	automatic	software.amazon.awssdk	cognitosync	2024-05-24T21:02:58Z	
2.25.61	automatic	software.amazon.awssdk	cognitosync	2024-05-28T20:25:15Z	
2.25.62	automatic	software.amazon.awssdk	cognitosync	2024-05-29T20:30:39Z	
2.25.63	automatic	software.amazon.awssdk	cognitosync	2024-05-30T20:25:24Z	
2.25.64	automatic	software.amazon.awssdk	cognitosync	2024-05-31T20:39:44Z	
2.25.65	automatic	software.amazon.awssdk	cognitosync	2024-06-03T21:22:07Z	
2.25.66	automatic	software.amazon.awssdk	cognitosync	2024-06-04T20:28:11Z	
2.25.67	automatic	software.amazon.awssdk	cognitosync	2024-06-05T20:29:57Z	
2.25.68	automatic	software.amazon.awssdk	cognitosync	2024-06-06T20:24:39Z	
2.25.69	automatic	software.amazon.awssdk	cognitosync	2024-06-07T21:08:55Z	
2.25.70	automatic	software.amazon.awssdk	cognitosync	2024-06-10T20:45:00Z	
2.26.0	automatic	software.amazon.awssdk	cognitosync	2024-06-11T21:25:34Z	
2.26.1	automatic	software.amazon.awssdk	cognitosync	2024-06-12T20:36:00Z	
2.26.2	automatic	software.amazon.awssdk	cognitosync	2024-06-14T19:21:10Z	
2.26.3	automatic	software.amazon.awssdk	cognitosync	2024-06-14T21:55:59Z	
2.26.4	automatic	software.amazon.awssdk	cognitosync	2024-06-17T20:34:18Z	
2.26.5	automatic	software.amazon.awssdk	cognitosync	2024-06-18T20:38:40Z	
2.26.6	automatic	software.amazon.awssdk	cognitosync	2024-06-19T20:31:22Z	
2.26.7	automatic	software.amazon.awssdk	cognitosync	2024-06-20T20:25:42Z	
2.26.8	automatic	software.amazon.awssdk	cognitosync	2024-06-24T23:25:00Z	
2.26.9	automatic	software.amazon.awssdk	cognitosync	2024-06-25T20:36:54Z	
2.26.10	automatic	software.amazon.awssdk	cognitosync	2024-06-26T21:16:34Z	
2.26.11	automatic	software.amazon.awssdk	cognitosync	2024-06-27T20:25:46Z	
2.26.12	automatic	software.amazon.awssdk	cognitosync	2024-06-28T21:27:40Z	
2.26.13	automatic	software.amazon.awssdk	cognitosync	2024-07-01T22:18:00Z	
2.26.14	automatic	software.amazon.awssdk	cognitosync	2024-07-02T20:34:20Z	
2.26.15	automatic	software.amazon.awssdk	cognitosync	2024-07-03T20:49:35Z	
2.26.16	automatic	software.amazon.awssdk	cognitosync	2024-07-05T20:28:30Z	
2.26.17	automatic	software.amazon.awssdk	cognitosync	2024-07-08T20:34:34Z	
2.26.18	automatic	software.amazon.awssdk	cognitosync	2024-07-09T20:33:36Z	
2.26.19	automatic	software.amazon.awssdk	cognitosync	2024-07-10T21:04:29Z	
2.26.20	automatic	software.amazon.awssdk	cognitosync	2024-07-12T22:09:58Z	
2.26.21	automatic	software.amazon.awssdk	cognitosync	2024-07-18T22:20:01Z	
2.26.22	automatic	software.amazon.awssdk	cognitosync	2024-07-22T20:29:37Z	
2.26.23	automatic	software.amazon.awssdk	cognitosync	2024-07-23T20:34:05Z	
2.26.24	automatic	software.amazon.awssdk	cognitosync	2024-07-24T20:44:53Z	
2.26.25	automatic	software.amazon.awssdk	cognitosync	2024-07-25T21:52:19Z	
2.26.26	automatic	software.amazon.awssdk	cognitosync	2024-07-29T20:23:08Z	
2.26.27	automatic	software.amazon.awssdk	cognitosync	2024-07-30T20:32:40Z	
2.26.28	automatic	software.amazon.awssdk	cognitosync	2024-08-01T20:35:35Z	
2.26.29	automatic	software.amazon.awssdk	cognitosync	2024-08-02T20:28:50Z	
2.26.30	automatic	software.amazon.awssdk	cognitosync	2024-08-05T20:29:32Z	
2.26.31	automatic	software.amazon.awssdk	cognitosync	2024-08-06T20:22:27Z	
2.27.0	automatic	software.amazon.awssdk	cognitosync	2024-08-07T22:54:43Z	
2.27.1	automatic	software.amazon.awssdk	cognitosync	2024-08-08T23:05:39Z	
2.27.2	automatic	software.amazon.awssdk	cognitosync	2024-08-09T21:11:23Z	
2.27.3	automatic	software.amazon.awssdk	cognitosync	2024-08-12T20:26:06Z	
2.27.4	automatic	software.amazon.awssdk	cognitosync	2024-08-13T20:22:28Z	
2.27.5	automatic	software.amazon.awssdk	cognitosync	2024-08-15T01:39:42Z	
2.27.6	automatic	software.amazon.awssdk	cognitosync	2024-08-15T20:46:05Z	
2.27.7	automatic	software.amazon.awssdk	cognitosync	2024-08-16T20:21:13Z	
2.27.8	automatic	software.amazon.awssdk	cognitosync	2024-08-19T20:27:25Z	
2.27.9	automatic	software.amazon.awssdk	cognitosync	2024-08-20T22:55:12Z	
2.27.10	automatic	software.amazon.awssdk	cognitosync	2024-08-21T20:42:12Z	
2.27.11	automatic	software.amazon.awssdk	cognitosync	2024-08-22T20:48:10Z	
2.27.12	automatic	software.amazon.awssdk	cognitosync	2024-08-23T21:09:04Z	
2.27.13	automatic	software.amazon.awssdk	cognitosync	2024-08-26T20:29:26Z	
2.27.14	automatic	software.amazon.awssdk	cognitosync	2024-08-27T20:26:01Z	
2.27.15	automatic	software.amazon.awssdk	cognitosync	2024-08-28T20:35:06Z	
2.27.16	automatic	software.amazon.awssdk	cognitosync	2024-08-29T21:47:31Z	
2.27.17	automatic	software.amazon.awssdk	cognitosync	2024-08-30T20:33:03Z	
2.27.18	automatic	software.amazon.awssdk	cognitosync	2024-09-03T20:19:40Z	
2.27.19	automatic	software.amazon.awssdk	cognitosync	2024-09-04T20:24:47Z	
2.27.20	automatic	software.amazon.awssdk	cognitosync	2024-09-05T20:25:43Z	
2.27.21	automatic	software.amazon.awssdk	cognitosync	2024-09-06T20:25:42Z	
2.27.22	automatic	software.amazon.awssdk	cognitosync	2024-09-09T20:28:15Z	
2.27.23	automatic	software.amazon.awssdk	cognitosync	2024-09-10T22:48:42Z	
2.27.24	automatic	software.amazon.awssdk	cognitosync	2024-09-11T20:37:35Z	
2.28.0	automatic	software.amazon.awssdk	cognitosync	2024-09-12T20:28:45Z	
2.28.1	automatic	software.amazon.awssdk	cognitosync	2024-09-13T20:28:19Z	
2.28.2	automatic	software.amazon.awssdk	cognitosync	2024-09-16T20:33:52Z	
2.28.3	automatic	software.amazon.awssdk	cognitosync	2024-09-17T20:26:53Z	
2.28.4	automatic	software.amazon.awssdk	cognitosync	2024-09-18T20:31:15Z	
2.28.5	automatic	software.amazon.awssdk	cognitosync	2024-09-19T20:25:38Z	
2.28.6	automatic	software.amazon.awssdk	cognitosync	2024-09-20T22:28:18Z	
2.28.7	automatic	software.amazon.awssdk	cognitosync	2024-09-23T22:04:03Z	
2.28.8	automatic	software.amazon.awssdk	cognitosync	2024-09-24T20:29:50Z	
2.28.9	automatic	software.amazon.awssdk	cognitosync	2024-09-25T20:38:37Z	
2.28.10	automatic	software.amazon.awssdk	cognitosync	2024-09-26T20:34:44Z	
2.28.11	automatic	software.amazon.awssdk	cognitosync	2024-09-27T21:11:02Z	
2.28.12	automatic	software.amazon.awssdk	cognitosync	2024-09-30T21:30:19Z	
2.28.13	automatic	software.amazon.awssdk	cognitosync	2024-10-01T20:43:53Z	
2.28.14	automatic	software.amazon.awssdk	cognitosync	2024-10-02T20:39:20Z	
2.28.15	automatic	software.amazon.awssdk	cognitosync	2024-10-03T21:10:35Z	
2.28.16	automatic	software.amazon.awssdk	cognitosync	2024-10-04T20:27:17Z	
2.28.17	automatic	software.amazon.awssdk	cognitosync	2024-10-07T20:36:42Z	
2.28.18	automatic	software.amazon.awssdk	cognitosync	2024-10-08T20:26:19Z	
2.28.19	automatic	software.amazon.awssdk	cognitosync	2024-10-09T20:31:31Z	
2.28.20	automatic	software.amazon.awssdk	cognitosync	2024-10-10T20:28:52Z	
2.28.21	automatic	software.amazon.awssdk	cognitosync	2024-10-11T20:42:50Z	
2.28.22	automatic	software.amazon.awssdk	cognitosync	2024-10-14T20:27:50Z	
2.28.23	automatic	software.amazon.awssdk	cognitosync	2024-10-15T20:26:32Z	
2.28.24	automatic	software.amazon.awssdk	cognitosync	2024-10-16T20:27:33Z	
2.28.25	automatic	software.amazon.awssdk	cognitosync	2024-10-17T20:28:27Z	
2.28.26	automatic	software.amazon.awssdk	cognitosync	2024-10-18T20:26:59Z	
2.28.27	automatic	software.amazon.awssdk	cognitosync	2024-10-21T20:30:03Z	
2.28.28	automatic	software.amazon.awssdk	cognitosync	2024-10-22T20:59:18Z	
2.28.29	automatic	software.amazon.awssdk	cognitosync	2024-10-23T23:57:14Z	
2.29.0	automatic	software.amazon.awssdk	cognitosync	2024-10-24T20:46:21Z	
2.29.1	automatic	software.amazon.awssdk	cognitosync	2024-10-25T20:39:41Z	
2.29.2	automatic	software.amazon.awssdk	cognitosync	2024-10-28T20:36:37Z	
2.29.3	automatic	software.amazon.awssdk	cognitosync	2024-10-29T20:54:58Z	
2.29.4	automatic	software.amazon.awssdk	cognitosync	2024-10-30T20:31:33Z	
2.29.5	automatic	software.amazon.awssdk	cognitosync	2024-10-31T20:45:41Z	
2.29.6	automatic	software.amazon.awssdk	cognitosync	2024-11-01T20:38:09Z	
2.29.7	automatic	software.amazon.awssdk	cognitosync	2024-11-07T07:11:40Z	
2.29.8	automatic	software.amazon.awssdk	cognitosync	2024-11-07T23:47:04Z	
2.29.9	automatic	software.amazon.awssdk	cognitosync	2024-11-08T21:51:56Z	
2.29.10	automatic	software.amazon.awssdk	cognitosync	2024-11-11T23:24:44Z	
2.29.11	automatic	software.amazon.awssdk	cognitosync	2024-11-12T21:52:59Z	
2.29.12	automatic	software.amazon.awssdk	cognitosync	2024-11-13T21:41:57Z	
2.29.13	automatic	software.amazon.awssdk	cognitosync	2024-11-14T21:35:56Z	
2.29.14	automatic	software.amazon.awssdk	cognitosync	2024-11-15T04:18:12Z	
2.29.15	automatic	software.amazon.awssdk	cognitosync	2024-11-15T22:02:46Z	
2.29.16	automatic	software.amazon.awssdk	cognitosync	2024-11-18T21:36:04Z	
2.29.17	automatic	software.amazon.awssdk	cognitosync	2024-11-19T23:00:38Z	
2.29.18	automatic	software.amazon.awssdk	cognitosync	2024-11-20T21:26:25Z	
2.29.19	automatic	software.amazon.awssdk	cognitosync	2024-11-21T23:17:33Z	
2.29.20	automatic	software.amazon.awssdk	cognitosync	2024-11-22T21:36:16Z	
2.29.21	automatic	software.amazon.awssdk	cognitosync	2024-11-25T21:49:30Z	
2.29.22	automatic	software.amazon.awssdk	cognitosync	2024-11-26T21:35:00Z	
2.29.23	automatic	software.amazon.awssdk	cognitosync	2024-11-27T23:14:32Z	
2.29.24	automatic	software.amazon.awssdk	cognitosync	2024-12-02T06:16:06Z	
2.29.25	automatic	software.amazon.awssdk	cognitosync	2024-12-03T08:15:11Z	
2.29.26	automatic	software.amazon.awssdk	cognitosync	2024-12-03T22:25:09Z	
2.29.27	automatic	software.amazon.awssdk	cognitosync	2024-12-04T06:45:31Z	
2.29.28	automatic	software.amazon.awssdk	cognitosync	2024-12-04T21:36:15Z	
2.29.29	automatic	software.amazon.awssdk	cognitosync	2024-12-05T03:51:51Z	
2.29.30	automatic	software.amazon.awssdk	cognitosync	2024-12-09T21:57:32Z	
2.29.31	automatic	software.amazon.awssdk	cognitosync	2024-12-10T22:07:27Z	
2.29.32	automatic	software.amazon.awssdk	cognitosync	2024-12-12T01:02:32Z	
2.29.33	automatic	software.amazon.awssdk	cognitosync	2024-12-12T21:51:58Z	
2.29.34	automatic	software.amazon.awssdk	cognitosync	2024-12-13T21:46:44Z	
2.29.35	automatic	software.amazon.awssdk	cognitosync	2024-12-16T21:40:05Z	
2.29.36	automatic	software.amazon.awssdk	cognitosync	2024-12-17T21:37:15Z	
2.29.37	automatic	software.amazon.awssdk	cognitosync	2024-12-18T21:32:44Z	
2.29.38	automatic	software.amazon.awssdk	cognitosync	2024-12-19T21:32:35Z	
2.29.39	automatic	software.amazon.awssdk	cognitosync	2024-12-20T21:33:06Z	
2.29.40	automatic	software.amazon.awssdk	cognitosync	2024-12-23T21:39:27Z	
2.29.41	automatic	software.amazon.awssdk	cognitosync	2024-12-26T21:41:38Z	
2.29.42	automatic	software.amazon.awssdk	cognitosync	2024-12-27T21:39:56Z	
2.29.43	automatic	software.amazon.awssdk	cognitosync	2024-12-28T06:45:58Z	
2.29.44	automatic	software.amazon.awssdk	cognitosync	2025-01-02T22:12:59Z	
2.29.45	automatic	software.amazon.awssdk	cognitosync	2025-01-03T21:39:22Z	
2.29.46	automatic	software.amazon.awssdk	cognitosync	2025-01-06T21:37:18Z	
2.29.47	automatic	software.amazon.awssdk	cognitosync	2025-01-07T21:40:43Z	
2.29.48	automatic	software.amazon.awssdk	cognitosync	2025-01-08T21:39:37Z	
2.29.49	automatic	software.amazon.awssdk	cognitosync	2025-01-09T21:38:14Z	
2.29.50	automatic	software.amazon.awssdk	cognitosync	2025-01-10T21:29:40Z	
2.29.51	automatic	software.amazon.awssdk	cognitosync	2025-01-13T21:44:45Z	
2.29.52	automatic	software.amazon.awssdk	cognitosync	2025-01-14T21:34:00Z	
2.30.0	automatic	software.amazon.awssdk	cognitosync	2025-01-15T23:03:18Z	
2.30.1	automatic	software.amazon.awssdk	cognitosync	2025-01-16T21:40:57Z	
2.30.2	automatic	software.amazon.awssdk	cognitosync	2025-01-17T21:55:28Z	
2.30.3	automatic	software.amazon.awssdk	cognitosync	2025-01-21T21:38:21Z	
2.30.4	automatic	software.amazon.awssdk	cognitosync	2025-01-22T21:41:50Z	
2.30.5	automatic	software.amazon.awssdk	cognitosync	2025-01-23T23:28:23Z	
2.30.6	automatic	software.amazon.awssdk	cognitosync	2025-01-24T21:40:31Z	
2.30.7	automatic	software.amazon.awssdk	cognitosync	2025-01-27T21:56:16Z	
2.30.8	automatic	software.amazon.awssdk	cognitosync	2025-01-29T16:07:41Z	
2.30.9	automatic	software.amazon.awssdk	cognitosync	2025-01-30T07:44:09Z	
2.30.10	automatic	software.amazon.awssdk	cognitosync	2025-01-30T21:50:20Z	
2.30.11	automatic	software.amazon.awssdk	cognitosync	2025-01-31T21:47:54Z	
2.30.12	automatic	software.amazon.awssdk	cognitosync	2025-02-03T22:09:25Z	
2.30.13	automatic	software.amazon.awssdk	cognitosync	2025-02-04T22:20:55Z	
2.30.14	automatic	software.amazon.awssdk	cognitosync	2025-02-05T22:40:18Z	
2.30.15	automatic	software.amazon.awssdk	cognitosync	2025-02-06T21:39:09Z	
2.30.16	automatic	software.amazon.awssdk	cognitosync	2025-02-07T21:44:55Z	
2.30.17	automatic	software.amazon.awssdk	cognitosync	2025-02-11T01:52:08Z	
2.30.18	automatic	software.amazon.awssdk	cognitosync	2025-02-11T22:19:54Z	
2.30.19	automatic	software.amazon.awssdk	cognitosync	2025-02-12T22:17:19Z	
2.30.20	automatic	software.amazon.awssdk	cognitosync	2025-02-13T22:05:47Z	
2.30.21	automatic	software.amazon.awssdk	cognitosync	2025-02-14T22:09:06Z	
2.30.22	automatic	software.amazon.awssdk	cognitosync	2025-02-18T00:15:44Z	
2.30.23	automatic	software.amazon.awssdk	cognitosync	2025-02-18T21:45:46Z	
2.30.24	automatic	software.amazon.awssdk	cognitosync	2025-02-19T22:33:40Z	
2.30.25	automatic	software.amazon.awssdk	cognitosync	2025-02-20T21:57:22Z	
2.30.26	automatic	software.amazon.awssdk	cognitosync	2025-02-21T22:12:17Z	
2.30.27	automatic	software.amazon.awssdk	cognitosync	2025-02-25T00:02:53Z	
2.30.28	automatic	software.amazon.awssdk	cognitosync	2025-02-25T23:31:43Z	
2.30.29	automatic	software.amazon.awssdk	cognitosync	2025-02-26T22:14:37Z	
2.30.30	automatic	software.amazon.awssdk	cognitosync	2025-02-27T21:48:25Z	
2.30.31	automatic	software.amazon.awssdk	cognitosync	2025-02-28T22:04:57Z	
2.30.32	automatic	software.amazon.awssdk	cognitosync	2025-03-03T21:46:37Z	
2.30.33	automatic	software.amazon.awssdk	cognitosync	2025-03-04T23:17:00Z	
2.30.34	automatic	software.amazon.awssdk	cognitosync	2025-03-06T00:00:25Z	
2.30.35	automatic	software.amazon.awssdk	cognitosync	2025-03-06T22:14:39Z	
2.30.36	automatic	software.amazon.awssdk	cognitosync	2025-03-07T21:43:38Z	
2.30.37	automatic	software.amazon.awssdk	cognitosync	2025-03-10T20:43:24Z	
2.30.38	automatic	software.amazon.awssdk	cognitosync	2025-03-11T21:21:27Z	
2.31.0	automatic	software.amazon.awssdk	cognitosync	2025-03-13T20:33:21Z	
2.31.1	automatic	software.amazon.awssdk	cognitosync	2025-03-14T20:54:19Z	
2.31.2	automatic	software.amazon.awssdk	cognitosync	2025-03-17T21:02:12Z	
2.31.3	automatic	software.amazon.awssdk	cognitosync	2025-03-18T22:18:06Z	
2.31.4	automatic	software.amazon.awssdk	cognitosync	2025-03-19T21:30:55Z	
2.31.5	automatic	software.amazon.awssdk	cognitosync	2025-03-20T21:12:15Z	
2.31.6	automatic	software.amazon.awssdk	cognitosync	2025-03-21T20:53:44Z	
2.31.7	automatic	software.amazon.awssdk	cognitosync	2025-03-24T20:43:40Z	
2.31.8	automatic	software.amazon.awssdk	cognitosync	2025-03-25T20:42:44Z	
2.31.9	automatic	software.amazon.awssdk	cognitosync	2025-03-26T21:37:42Z	
2.31.10	automatic	software.amazon.awssdk	cognitosync	2025-03-27T20:44:40Z	
2.31.11	automatic	software.amazon.awssdk	cognitosync	2025-03-28T20:44:07Z	
2.31.12	automatic	software.amazon.awssdk	cognitosync	2025-03-31T21:06:39Z	
2.31.13	automatic	software.amazon.awssdk	cognitosync	2025-04-01T20:52:41Z	
2.31.14	automatic	software.amazon.awssdk	cognitosync	2025-04-02T20:53:32Z	
2.31.15	automatic	software.amazon.awssdk	cognitosync	2025-04-03T20:48:15Z	
2.31.16	automatic	software.amazon.awssdk	cognitosync	2025-04-04T20:58:32Z	
2.31.17	automatic	software.amazon.awssdk	cognitosync	2025-04-07T21:33:54Z	
2.31.18	automatic	software.amazon.awssdk	cognitosync	2025-04-08T21:09:28Z	
2.31.19	automatic	software.amazon.awssdk	cognitosync	2025-04-09T22:03:46Z	
2.31.20	automatic	software.amazon.awssdk	cognitosync	2025-04-10T20:48:14Z	
2.31.21	automatic	software.amazon.awssdk	cognitosync	2025-04-11T20:43:54Z	
2.31.22	automatic	software.amazon.awssdk	cognitosync	2025-04-14T20:53:04Z	
2.31.23	automatic	software.amazon.awssdk	cognitosync	2025-04-16T21:47:37Z	
2.31.24	automatic	software.amazon.awssdk	cognitosync	2025-04-17T20:40:41Z	
2.31.25	automatic	software.amazon.awssdk	cognitosync	2025-04-18T20:51:46Z	
2.31.26	automatic	software.amazon.awssdk	cognitosync	2025-04-21T20:39:49Z	
2.31.27	automatic	software.amazon.awssdk	cognitosync	2025-04-22T21:03:20Z	
2.31.28	automatic	software.amazon.awssdk	cognitosync	2025-04-23T20:42:14Z	
2.31.29	automatic	software.amazon.awssdk	cognitosync	2025-04-24T21:45:48Z	
2.31.30	automatic	software.amazon.awssdk	cognitosync	2025-04-25T20:36:45Z	
2.31.31	automatic	software.amazon.awssdk	cognitosync	2025-04-28T20:40:45Z	
2.31.32	automatic	software.amazon.awssdk	cognitosync	2025-04-29T20:38:21Z	
2.31.33	automatic	software.amazon.awssdk	cognitosync	2025-04-30T21:08:03Z	
2.31.34	automatic	software.amazon.awssdk	cognitosync	2025-05-01T20:44:36Z	
2.31.35	automatic	software.amazon.awssdk	cognitosync	2025-05-02T20:41:37Z	
2.31.36	automatic	software.amazon.awssdk	cognitosync	2025-05-05T20:44:31Z	
2.31.37	automatic	software.amazon.awssdk	cognitosync	2025-05-06T20:49:28Z	
2.31.38	automatic	software.amazon.awssdk	cognitosync	2025-05-07T20:44:21Z	
2.31.39	automatic	software.amazon.awssdk	cognitosync	2025-05-08T20:43:55Z	
2.31.40	automatic	software.amazon.awssdk	cognitosync	2025-05-09T20:45:03Z	
2.31.41	automatic	software.amazon.awssdk	cognitosync	2025-05-12T20:56:25Z	
2.31.42	automatic	software.amazon.awssdk	cognitosync	2025-05-13T20:46:21Z	
2.31.43	automatic	software.amazon.awssdk	cognitosync	2025-05-14T20:49:28Z	
2.31.44	automatic	software.amazon.awssdk	cognitosync	2025-05-15T20:54:49Z	
2.31.45	automatic	software.amazon.awssdk	cognitosync	2025-05-16T21:00:49Z	
2.31.46	automatic	software.amazon.awssdk	cognitosync	2025-05-19T21:10:21Z	
2.31.47	automatic	software.amazon.awssdk	cognitosync	2025-05-20T20:40:31Z	
2.31.48	automatic	software.amazon.awssdk	cognitosync	2025-05-21T20:51:06Z	
2.31.49	automatic	software.amazon.awssdk	cognitosync	2025-05-23T01:06:55Z	
2.31.50	automatic	software.amazon.awssdk	cognitosync	2025-05-23T21:07:10Z	
2.31.51	automatic	software.amazon.awssdk	cognitosync	2025-05-27T21:04:35Z	
2.31.52	automatic	software.amazon.awssdk	cognitosync	2025-05-28T21:06:20Z	
2.31.53	automatic	software.amazon.awssdk	cognitosync	2025-05-29T21:29:03Z	
2.31.54	automatic	software.amazon.awssdk	cognitosync	2025-05-30T21:10:27Z	
2.31.55	automatic	software.amazon.awssdk	cognitosync	2025-06-02T21:08:21Z	
2.31.56	automatic	software.amazon.awssdk	cognitosync	2025-06-03T21:06:31Z	
2.31.57	automatic	software.amazon.awssdk	cognitosync	2025-06-04T21:01:33Z	
2.31.58	automatic	software.amazon.awssdk	cognitosync	2025-06-05T21:19:29Z	
2.31.59	automatic	software.amazon.awssdk	cognitosync	2025-06-06T21:13:31Z	
2.31.60	automatic	software.amazon.awssdk	cognitosync	2025-06-09T21:04:51Z	
2.31.61	automatic	software.amazon.awssdk	cognitosync	2025-06-10T21:05:14Z	
2.31.62	automatic	software.amazon.awssdk	cognitosync	2025-06-11T21:07:46Z	
2.31.63	automatic	software.amazon.awssdk	cognitosync	2025-06-12T21:06:35Z	
2.31.64	automatic	software.amazon.awssdk	cognitosync	2025-06-16T21:15:20Z	
2.31.65	automatic	software.amazon.awssdk	cognitosync	2025-06-17T21:09:14Z	
2.31.66	automatic	software.amazon.awssdk	cognitosync	2025-06-18T22:13:27Z	
2.31.67	automatic	software.amazon.awssdk	cognitosync	2025-06-19T20:59:40Z	
2.31.68	automatic	software.amazon.awssdk	cognitosync	2025-06-20T21:06:45Z	
2.31.69	automatic	software.amazon.awssdk	cognitosync	2025-06-23T21:18:23Z	
2.31.70	automatic	software.amazon.awssdk	cognitosync	2025-06-24T21:13:48Z	
2.31.71	automatic	software.amazon.awssdk	cognitosync	2025-06-25T21:52:24Z	
2.31.72	automatic	software.amazon.awssdk	cognitosync	2025-06-27T03:39:04Z	
2.31.73	automatic	software.amazon.awssdk	cognitosync	2025-06-27T22:01:08Z	
2.31.74	automatic	software.amazon.awssdk	cognitosync	2025-06-30T21:32:36Z	
2.31.75	automatic	software.amazon.awssdk	cognitosync	2025-07-01T21:06:30Z	
2.31.76	automatic	software.amazon.awssdk	cognitosync	2025-07-02T21:07:13Z	
2.31.77	automatic	software.amazon.awssdk	cognitosync	2025-07-03T21:06:20Z	
3.5.7	automatic	com.sonatype.central.testing.amazon	cognitosync	2025-07-07T18:17:27Z	
2.31.78	automatic	software.amazon.awssdk	cognitosync	2025-07-09T21:12:55Z	
3.5.9	automatic	com.sonatype.central.testing.amazon	cognitosync	2025-07-11T00:36:47Z	
3.6.0	automatic	com.sonatype.central.testing.amazon	cognitosync	2025-07-11T04:16:25Z	
3.6.1	automatic	com.sonatype.central.testing.amazon	cognitosync	2025-07-11T07:49:23Z	
3.6.2	automatic	com.sonatype.central.testing.amazon	cognitosync	2025-07-11T18:26:24Z	
3.6.3	automatic	com.sonatype.central.testing.amazon	cognitosync	2025-07-13T19:03:36Z	
3.6.4	automatic	com.sonatype.central.testing.amazon	cognitosync	2025-07-13T22:57:21Z	
2.32.0	automatic	software.amazon.awssdk	cognitosync	2025-07-15T21:35:07Z	
2.32.1	automatic	software.amazon.awssdk	cognitosync	2025-07-16T03:46:24Z	
2.32.2	automatic	software.amazon.awssdk	cognitosync	2025-07-16T18:21:03Z	
2.32.3	automatic	software.amazon.awssdk	cognitosync	2025-07-17T21:06:20Z	
2.32.4	automatic	software.amazon.awssdk	cognitosync	2025-07-18T21:10:47Z	
2.32.5	automatic	software.amazon.awssdk	cognitosync	2025-07-21T21:06:39Z	
2.32.6	automatic	software.amazon.awssdk	cognitosync	2025-07-22T21:35:35Z	
2.32.7	automatic	software.amazon.awssdk	cognitosync	2025-07-23T21:07:22Z	
2.32.8	automatic	software.amazon.awssdk	cognitosync	2025-07-25T01:35:40Z	
2.32.9	automatic	software.amazon.awssdk	cognitosync	2025-07-25T21:18:14Z	
2.32.10	automatic	software.amazon.awssdk	cognitosync	2025-07-28T21:47:01Z	
2.32.11	automatic	software.amazon.awssdk	cognitosync	2025-07-30T02:23:19Z	
2.32.12	automatic	software.amazon.awssdk	cognitosync	2025-07-30T23:40:58Z	
2.32.13	automatic	software.amazon.awssdk	cognitosync	2025-07-31T20:59:56Z	
2.32.14	automatic	software.amazon.awssdk	cognitosync	2025-08-01T21:15:27Z	
2.32.15	automatic	software.amazon.awssdk	cognitosync	2025-08-04T21:12:05Z	
2.32.16	automatic	software.amazon.awssdk	cognitosync	2025-08-05T21:26:40Z	
2.32.17	automatic	software.amazon.awssdk	cognitosync	2025-08-07T20:49:08Z	
2.32.18	automatic	software.amazon.awssdk	cognitosync	2025-08-07T23:53:37Z	
2.32.19	automatic	software.amazon.awssdk	cognitosync	2025-08-08T21:31:23Z	
2.32.20	automatic	software.amazon.awssdk	cognitosync	2025-08-11T21:00:06Z	
2.32.21	automatic	software.amazon.awssdk	cognitosync	2025-08-12T21:14:16Z	
2.32.22	automatic	software.amazon.awssdk	cognitosync	2025-08-13T21:54:13Z	
2.32.23	automatic	software.amazon.awssdk	cognitosync	2025-08-15T01:23:34Z	
2.32.24	automatic	software.amazon.awssdk	cognitosync	2025-08-15T21:01:42Z	
2.32.25	automatic	software.amazon.awssdk	cognitosync	2025-08-18T21:15:37Z	
2.32.26	automatic	software.amazon.awssdk	cognitosync	2025-08-19T21:49:41Z	
2.32.27	automatic	software.amazon.awssdk	cognitosync	2025-08-20T21:59:21Z	
2.32.28	automatic	software.amazon.awssdk	cognitosync	2025-08-21T21:16:52Z	
2.32.29	automatic	software.amazon.awssdk	cognitosync	2025-08-22T21:23:46Z	
9.9.9	automatic	com.sonatype.central.testing.amazon	cognitosync	2025-08-25T21:51:42Z	
2.32.30	automatic	software.amazon.awssdk	cognitosync	2025-08-25T22:22:48Z	
9.9.10	automatic	com.sonatype.central.testing.amazon	cognitosync	2025-08-26T18:08:14Z	
2.32.31	automatic	software.amazon.awssdk	cognitosync	2025-08-27T00:20:04Z	
2.32.32	automatic	software.amazon.awssdk	cognitosync	2025-08-27T23:14:38Z	
9.9.11	automatic	com.sonatype.central.testing.amazon	cognitosync	2025-08-28T01:51:52Z	
9.9.12	automatic	com.sonatype.central.testing.amazon	cognitosync	2025-08-28T17:33:07Z	
2.32.33	automatic	software.amazon.awssdk	cognitosync	2025-08-28T21:20:26Z	
12.12.12	automatic	com.sonatype.central.testing.amazon	cognitosync	2025-08-29T16:49:42Z	
12.12.13	automatic	com.sonatype.central.testing.amazon	cognitosync	2025-08-29T18:47:12Z	
2.33.0	automatic	software.amazon.awssdk	cognitosync	2025-08-29T21:08:43Z	
12.12.14	automatic	com.sonatype.central.testing.amazon	cognitosync	2025-08-29T22:51:18Z	
2.33.1	automatic	software.amazon.awssdk	cognitosync	2025-09-02T21:09:55Z	
2.33.2	automatic	software.amazon.awssdk	cognitosync	2025-09-03T21:18:19Z	
2.33.3	automatic	software.amazon.awssdk	cognitosync	2025-09-04T21:17:02Z	
2.33.4	automatic	software.amazon.awssdk	cognitosync	2025-09-05T22:07:41Z	
2.33.5	automatic	software.amazon.awssdk	cognitosync	2025-09-08T21:47:14Z	
2.33.6	automatic	software.amazon.awssdk	cognitosync	2025-09-10T02:01:03Z	
2.33.7	automatic	software.amazon.awssdk	cognitosync	2025-09-10T21:23:54Z	
2.33.8	automatic	software.amazon.awssdk	cognitosync	2025-09-11T23:11:41Z	
2.33.9	automatic	software.amazon.awssdk	cognitosync	2025-09-12T22:10:47Z	
2.33.10	automatic	software.amazon.awssdk	cognitosync	2025-09-16T00:24:57Z	
2.33.11	automatic	software.amazon.awssdk	cognitosync	2025-09-16T21:32:09Z	
2.33.12	automatic	software.amazon.awssdk	cognitosync	2025-09-18T07:05:36Z	
2.33.13	automatic	software.amazon.awssdk	cognitosync	2025-09-19T01:12:02Z	
2.34.0	automatic	software.amazon.awssdk	cognitosync	2025-09-19T21:46:02Z	
2.34.1	automatic	software.amazon.awssdk	cognitosync	2025-09-23T00:07:54Z	
2.34.2	automatic	software.amazon.awssdk	cognitosync	2025-09-23T21:33:26Z	
2.34.3	automatic	software.amazon.awssdk	cognitosync	2025-09-24T21:31:49Z	
2.34.4	automatic	software.amazon.awssdk	cognitosync	2025-09-25T21:29:08Z	
2.34.5	automatic	software.amazon.awssdk	cognitosync	2025-09-26T23:25:14Z	
2.34.6	automatic	software.amazon.awssdk	cognitosync	2025-09-29T21:30:41Z	
2.34.7	automatic	software.amazon.awssdk	cognitosync	2025-09-30T22:05:01Z	
2.34.8	automatic	software.amazon.awssdk	cognitosync	2025-10-01T22:37:40Z	
2.34.9	automatic	software.amazon.awssdk	cognitosync	2025-10-02T22:38:58Z	
2.35.0	automatic	software.amazon.awssdk	cognitosync	2025-10-03T21:49:45Z	
2.35.1	automatic	software.amazon.awssdk	cognitosync	2025-10-06T22:36:17Z	
2.35.2	automatic	software.amazon.awssdk	cognitosync	2025-10-07T21:38:15Z	
2.35.3	automatic	software.amazon.awssdk	cognitosync	2025-10-08T21:42:13Z	
2.35.4	automatic	software.amazon.awssdk	cognitosync	2025-10-09T23:11:43Z	
2.35.5	automatic	software.amazon.awssdk	cognitosync	2025-10-10T22:33:38Z	
2.35.6	automatic	software.amazon.awssdk	cognitosync	2025-10-13T21:47:47Z	
2.35.7	automatic	software.amazon.awssdk	cognitosync	2025-10-14T21:45:32Z	
2.35.8	automatic	software.amazon.awssdk	cognitosync	2025-10-15T23:57:47Z	
2.35.9	automatic	software.amazon.awssdk	cognitosync	2025-10-16T23:03:33Z	
2.35.10	automatic	software.amazon.awssdk	cognitosync	2025-10-17T21:52:36Z	
2.35.11	automatic	software.amazon.awssdk	cognitosync	2025-10-21T22:48:23Z	
2.36.0	automatic	software.amazon.awssdk	cognitosync	2025-10-23T03:47:06Z	
2.36.1	automatic	software.amazon.awssdk	cognitosync	2025-10-23T22:52:00Z	
2.36.2	automatic	software.amazon.awssdk	cognitosync	2025-10-24T23:13:44Z	
2.36.3	automatic	software.amazon.awssdk	cognitosync	2025-10-27T22:09:04Z	
2.37.0	automatic	software.amazon.awssdk	cognitosync	2025-10-29T20:50:11Z	
2.37.1	automatic	software.amazon.awssdk	cognitosync	2025-10-30T01:12:32Z	
2.37.2	automatic	software.amazon.awssdk	cognitosync	2025-10-30T22:10:51Z	
2.37.3	automatic	software.amazon.awssdk	cognitosync	2025-11-01T01:46:33Z	
2.37.4	automatic	software.amazon.awssdk	cognitosync	2025-11-03T23:57:01Z	
2.37.5	automatic	software.amazon.awssdk	cognitosync	2025-11-04T22:51:42Z	
2.38.0	automatic	software.amazon.awssdk	cognitosync	2025-11-05T23:07:12Z	
2.38.1	automatic	software.amazon.awssdk	cognitosync	2025-11-06T23:34:00Z	
2.38.2	automatic	software.amazon.awssdk	cognitosync	2025-11-07T23:00:03Z	
2.38.3	automatic	software.amazon.awssdk	cognitosync	2025-11-11T01:53:17Z	
2.38.4	automatic	software.amazon.awssdk	cognitosync	2025-11-11T23:06:51Z	
2.38.5	automatic	software.amazon.awssdk	cognitosync	2025-11-12T23:15:35Z	
2.38.6	automatic	software.amazon.awssdk	cognitosync	2025-11-14T00:49:02Z	
2.38.7	automatic	software.amazon.awssdk	cognitosync	2025-11-14T23:06:40Z	
2.38.8	automatic	software.amazon.awssdk	cognitosync	2025-11-18T00:04:14Z	
2.38.9	automatic	software.amazon.awssdk	cognitosync	2025-11-19T00:09:27Z	
2.39.0	automatic	software.amazon.awssdk	cognitosync	2025-11-20T00:17:23Z	
2.39.1	automatic	software.amazon.awssdk	cognitosync	2025-11-20T23:38:40Z	
2.39.2	automatic	software.amazon.awssdk	cognitosync	2025-11-21T23:22:50Z	
2.39.3	automatic	software.amazon.awssdk	cognitosync	2025-11-25T00:45:51Z	
2.39.4	automatic	software.amazon.awssdk	cognitosync	2025-11-25T23:12:59Z	
2.39.5	automatic	software.amazon.awssdk	cognitosync	2025-11-26T23:08:59Z	
2.39.6	automatic	software.amazon.awssdk	cognitosync	2025-12-01T06:34:19Z	
2.40.0	automatic	software.amazon.awssdk	cognitosync	2025-12-03T03:13:55Z	
2.40.1	automatic	software.amazon.awssdk	cognitosync	2025-12-03T20:36:04Z	
2.40.2	automatic	software.amazon.awssdk	cognitosync	2025-12-04T21:14:27Z	
2.40.3	automatic	software.amazon.awssdk	cognitosync	2025-12-05T23:37:56Z	
2.40.4	automatic	software.amazon.awssdk	cognitosync	2025-12-08T23:25:16Z	
2.40.5	automatic	software.amazon.awssdk	cognitosync	2025-12-09T23:21:16Z	
2.40.6	automatic	software.amazon.awssdk	cognitosync	2025-12-11T00:12:13Z	
2.40.7	automatic	software.amazon.awssdk	cognitosync	2025-12-11T22:33:33Z	
2.40.8	automatic	software.amazon.awssdk	cognitosync	2025-12-12T22:32:50Z	
2.40.9	automatic	software.amazon.awssdk	cognitosync	2025-12-15T23:05:54Z	
2.40.10	automatic	software.amazon.awssdk	cognitosync	2025-12-16T23:19:59Z	
2.40.11	automatic	software.amazon.awssdk	cognitosync	2025-12-18T06:09:05Z	
2.40.12	automatic	software.amazon.awssdk	cognitosync	2025-12-18T22:27:31Z	
2.40.13	automatic	software.amazon.awssdk	cognitosync	2025-12-20T02:54:17Z	
2.40.14	automatic	software.amazon.awssdk	cognitosync	2025-12-22T22:49:06Z	
2.40.15	automatic	software.amazon.awssdk	cognitosync	2025-12-23T23:32:36Z	
2.40.16	automatic	software.amazon.awssdk	cognitosync	2025-12-26T22:34:45Z	
2.40.17	automatic	software.amazon.awssdk	cognitosync	2025-12-29T22:33:17Z	
2.41.0	automatic	software.amazon.awssdk	cognitosync	2025-12-30T22:32:59Z	
2.41.1	automatic	software.amazon.awssdk	cognitosync	2026-01-02T22:37:21Z	
2.41.2	automatic	software.amazon.awssdk	cognitosync	2026-01-05T22:33:42Z	
2.41.3	automatic	software.amazon.awssdk	cognitosync	2026-01-06T22:37:59Z	
2.41.4	automatic	software.amazon.awssdk	cognitosync	2026-01-07T22:31:21Z	
2.41.5	automatic	software.amazon.awssdk	cognitosync	2026-01-09T22:39:42Z	
2.41.6	automatic	software.amazon.awssdk	cognitosync	2026-01-12T22:42:10Z	
2.41.7	automatic	software.amazon.awssdk	cognitosync	2026-01-13T22:43:19Z	
2.41.8	automatic	software.amazon.awssdk	cognitosync	2026-01-14T22:43:51Z	
2.41.9	automatic	software.amazon.awssdk	cognitosync	2026-01-15T22:42:38Z	
2.41.10	automatic	software.amazon.awssdk	cognitosync	2026-01-16T22:41:00Z	
2.41.11	automatic	software.amazon.awssdk	cognitosync	2026-01-20T23:17:33Z	
2.41.12	automatic	software.amazon.awssdk	cognitosync	2026-01-21T22:43:07Z	
2.41.13	automatic	software.amazon.awssdk	cognitosync	2026-01-22T22:38:48Z	
2.41.14	automatic	software.amazon.awssdk	cognitosync	2026-01-23T22:44:01Z	
2.41.15	automatic	software.amazon.awssdk	cognitosync	2026-01-26T22:57:02Z	
2.41.16	automatic	software.amazon.awssdk	cognitosync	2026-01-27T22:49:24Z	
2.41.17	automatic	software.amazon.awssdk	cognitosync	2026-01-28T23:30:22Z	
2.41.18	automatic	software.amazon.awssdk	cognitosync	2026-01-29T22:57:56Z	
2.41.19	automatic	software.amazon.awssdk	cognitosync	2026-01-30T22:54:31Z	
2.41.20	automatic	software.amazon.awssdk	cognitosync	2026-02-02T23:00:28Z	
2.41.21	automatic	software.amazon.awssdk	cognitosync	2026-02-03T22:36:08Z	
2.41.22	automatic	software.amazon.awssdk	cognitosync	2026-02-04T22:19:47Z	
2.41.23	automatic	software.amazon.awssdk	cognitosync	2026-02-05T22:46:09Z	
2.41.24	automatic	software.amazon.awssdk	cognitosync	2026-02-06T22:18:38Z	
2.41.25	automatic	software.amazon.awssdk	cognitosync	2026-02-09T22:48:33Z	
2.41.26	automatic	software.amazon.awssdk	cognitosync	2026-02-10T22:32:33Z	
2.41.27	automatic	software.amazon.awssdk	cognitosync	2026-02-11T22:50:19Z	
2.41.28	automatic	software.amazon.awssdk	cognitosync	2026-02-12T22:20:08Z	
2.41.29	automatic	software.amazon.awssdk	cognitosync	2026-02-14T00:17:37Z	
2.41.30	automatic	software.amazon.awssdk	cognitosync	2026-02-16T22:26:49Z	
2.41.31	automatic	software.amazon.awssdk	cognitosync	2026-02-17T23:09:45Z	
2.41.32	automatic	software.amazon.awssdk	cognitosync	2026-02-18T22:32:17Z	
2.41.33	automatic	software.amazon.awssdk	cognitosync	2026-02-19T22:28:10Z	
2.41.34	automatic	software.amazon.awssdk	cognitosync	2026-02-20T22:27:51Z	
2.42.0	automatic	software.amazon.awssdk	cognitosync	2026-02-23T22:27:52Z	
2.42.1	automatic	software.amazon.awssdk	cognitosync	2026-02-24T22:29:58Z	
2.42.2	automatic	software.amazon.awssdk	cognitosync	2026-02-25T22:34:41Z	
2.42.3	automatic	software.amazon.awssdk	cognitosync	2026-02-26T22:33:13Z	
2.42.4	automatic	software.amazon.awssdk	cognitosync	2026-02-27T22:29:47Z	
2.42.5	automatic	software.amazon.awssdk	cognitosync	2026-03-03T23:26:43Z	
2.42.6	automatic	software.amazon.awssdk	cognitosync	2026-03-04T22:30:55Z	
2.42.7	automatic	software.amazon.awssdk	cognitosync	2026-03-05T23:09:47Z	
2.42.8	automatic	software.amazon.awssdk	cognitosync	2026-03-07T00:51:22Z	
2.42.9	automatic	software.amazon.awssdk	cognitosync	2026-03-09T21:49:07Z	
2.42.10	automatic	software.amazon.awssdk	cognitosync	2026-03-10T21:48:25Z	
2.42.11	automatic	software.amazon.awssdk	cognitosync	2026-03-11T22:06:48Z	
2.42.12	automatic	software.amazon.awssdk	cognitosync	2026-03-12T21:43:12Z	
2.42.13	automatic	software.amazon.awssdk	cognitosync	2026-03-13T21:41:30Z	
2.42.14	automatic	software.amazon.awssdk	cognitosync	2026-03-16T21:46:06Z	
2.42.15	automatic	software.amazon.awssdk	cognitosync	2026-03-17T21:38:56Z	
2.42.16	automatic	software.amazon.awssdk	cognitosync	2026-03-18T21:48:23Z	
2.42.17	automatic	software.amazon.awssdk	cognitosync	2026-03-19T23:12:23Z	
2.42.18	automatic	software.amazon.awssdk	cognitosync	2026-03-20T21:59:11Z	
2.42.19	automatic	software.amazon.awssdk	cognitosync	2026-03-23T21:33:28Z	
2.42.20	automatic	software.amazon.awssdk	cognitosync	2026-03-24T21:43:54Z	
2.42.21	automatic	software.amazon.awssdk	cognitosync	2026-03-25T21:43:36Z	
2.42.22	automatic	software.amazon.awssdk	cognitosync	2026-03-26T22:48:05Z	
2.42.23	automatic	software.amazon.awssdk	cognitosync	2026-03-27T21:44:59Z	
2.42.24	automatic	software.amazon.awssdk	cognitosync	2026-03-30T22:02:02Z	
2.42.25	automatic	software.amazon.awssdk	cognitosync	2026-03-31T22:16:16Z	
2.42.26	automatic	software.amazon.awssdk	cognitosync	2026-04-01T21:49:59Z	
2.42.27	automatic	software.amazon.awssdk	cognitosync	2026-04-02T21:48:13Z	
2.42.28	automatic	software.amazon.awssdk	cognitosync	2026-04-03T21:46:10Z	
2.42.29	automatic	software.amazon.awssdk	cognitosync	2026-04-06T22:05:23Z	
2.42.30	automatic	software.amazon.awssdk	cognitosync	2026-04-07T22:01:51Z	
2.42.31	automatic	software.amazon.awssdk	cognitosync	2026-04-08T22:14:08Z	
2.42.32	automatic	software.amazon.awssdk	cognitosync	2026-04-09T21:37:46Z	
2.42.33	automatic	software.amazon.awssdk	cognitosync	2026-04-10T21:28:09Z	
2.42.34	automatic	software.amazon.awssdk	cognitosync	2026-04-13T21:31:47Z	
2.42.35	automatic	software.amazon.awssdk	cognitosync	2026-04-16T21:22:05Z	
2.42.36	automatic	software.amazon.awssdk	cognitosync	2026-04-18T01:59:45Z	
2.42.37	automatic	software.amazon.awssdk	cognitosync	2026-04-20T21:34:19Z	
2.42.38	automatic	software.amazon.awssdk	cognitosync	2026-04-22T03:40:11Z	
2.42.39	automatic	software.amazon.awssdk	cognitosync	2026-04-23T01:09:56Z	
2.42.40	automatic	software.amazon.awssdk	cognitosync	2026-04-24T01:18:29Z	
2.42.41	automatic	software.amazon.awssdk	cognitosync	2026-04-24T21:48:11Z	
2.43.0	automatic	software.amazon.awssdk	cognitosync	2026-04-27T22:27:05Z	
2.43.1	automatic	software.amazon.awssdk	cognitosync	2026-04-29T21:17:15Z	
2.43.2	automatic	software.amazon.awssdk	cognitosync	2026-04-30T21:10:09Z	
2.44.0	automatic	software.amazon.awssdk	cognitosync	2026-05-02T01:57:58Z	
2.44.1	automatic	software.amazon.awssdk	cognitosync	2026-05-04T21:19:33Z	
2.44.2	automatic	software.amazon.awssdk	cognitosync	2026-05-05T21:48:29Z	
2.44.3	automatic	software.amazon.awssdk	cognitosync	2026-05-06T21:44:27Z	
2.44.4	automatic	software.amazon.awssdk	cognitosync	2026-05-07T21:32:42Z	
2.44.5	automatic	software.amazon.awssdk	cognitosync	2026-05-13T21:22:54Z	
2.44.6	automatic	software.amazon.awssdk	cognitosync	2026-05-14T21:13:47Z	
2.44.7	automatic	software.amazon.awssdk	cognitosync	2026-05-15T21:19:33Z	
2.44.8	automatic	software.amazon.awssdk	cognitosync	2026-05-18T21:27:29Z	
2.44.9	automatic	software.amazon.awssdk	cognitosync	2026-05-19T21:35:45Z	
2.44.10	automatic	software.amazon.awssdk	cognitosync	2026-05-20T21:22:27Z	
2.44.11	automatic	software.amazon.awssdk	cognitosync	2026-05-21T23:25:27Z	
2.44.12	automatic	software.amazon.awssdk	cognitosync	2026-05-22T21:21:19Z	
2.44.13	automatic	software.amazon.awssdk	cognitosync	2026-05-26T21:32:16Z	
2.44.14	automatic	software.amazon.awssdk	cognitosync	2026-05-27T21:20:17Z	
2.45.0	automatic	software.amazon.awssdk	cognitosync	2026-05-28T21:33:25Z	
2.45.1	automatic	software.amazon.awssdk	cognitosync	2026-05-29T21:29:00Z	
2.46.0	automatic	software.amazon.awssdk	cognitosync	2026-06-01T21:24:27Z	
2.46.1	automatic	software.amazon.awssdk	cognitosync	2026-06-02T21:34:27Z	
2.46.2	automatic	software.amazon.awssdk	cognitosync	2026-06-03T08:48:21Z	
2.46.3	automatic	software.amazon.awssdk	cognitosync	2026-06-03T23:59:35Z	
2.46.4	automatic	software.amazon.awssdk	cognitosync	2026-06-04T21:27:17Z	
2.46.5	automatic	software.amazon.awssdk	cognitosync	2026-06-05T21:15:00Z	
2.46.6	automatic	software.amazon.awssdk	cognitosync	2026-06-08T22:33:21Z	
2.46.7	automatic	software.amazon.awssdk	cognitosync	2026-06-09T21:17:19Z	
2.46.8	automatic	software.amazon.awssdk	cognitosync	2026-06-10T21:17:21Z	
2.46.9	automatic	software.amazon.awssdk	cognitosync	2026-06-11T21:19:25Z	
2.46.10	automatic	software.amazon.awssdk	cognitosync	2026-06-12T21:27:09Z	
