0.0.1			IOException: Tail request on https://maven-central.storage-download.googleapis.com/maven2/org/wso2/carbon/identity/local/auth/magiclink/org.wso2.carbon.identity.application.authenticator.magiclink/0.0.1/org.wso2.carbon.identity.application.authenticator.magiclink-0.0.1.jar returned status 404
0.0.2			IOException: Tail request on https://maven-central.storage-download.googleapis.com/maven2/org/wso2/carbon/identity/local/auth/magiclink/org.wso2.carbon.identity.application.authenticator.magiclink/0.0.2/org.wso2.carbon.identity.application.authenticator.magiclink-0.0.2.jar returned status 404
0.0.3		2022-08-08T05:23:46Z	
1.0.0			IOException: Tail request on https://maven-central.storage-download.googleapis.com/maven2/org/wso2/carbon/identity/local/auth/magiclink/org.wso2.carbon.identity.application.authenticator.magiclink/1.0.0/org.wso2.carbon.identity.application.authenticator.magiclink-1.0.0.jar returned status 404
1.0.1			IOException: Tail request on https://maven-central.storage-download.googleapis.com/maven2/org/wso2/carbon/identity/local/auth/magiclink/org.wso2.carbon.identity.application.authenticator.magiclink/1.0.1/org.wso2.carbon.identity.application.authenticator.magiclink-1.0.1.jar returned status 404
1.0.10		2022-07-19T05:52:21Z	
1.0.100			IOException: Tail request on https://maven-central.storage-download.googleapis.com/maven2/org/wso2/carbon/identity/local/auth/magiclink/org.wso2.carbon.identity.application.authenticator.magiclink/1.0.100/org.wso2.carbon.identity.application.authenticator.magiclink-1.0.100.jar returned status 404
1.0.101			IOException: Tail request on https://maven-central.storage-download.googleapis.com/maven2/org/wso2/carbon/identity/local/auth/magiclink/org.wso2.carbon.identity.application.authenticator.magiclink/1.0.101/org.wso2.carbon.identity.application.authenticator.magiclink-1.0.101.jar returned status 404
1.0.102			IOException: Tail request on https://maven-central.storage-download.googleapis.com/maven2/org/wso2/carbon/identity/local/auth/magiclink/org.wso2.carbon.identity.application.authenticator.magiclink/1.0.102/org.wso2.carbon.identity.application.authenticator.magiclink-1.0.102.jar returned status 404
1.0.103			IOException: Tail request on https://maven-central.storage-download.googleapis.com/maven2/org/wso2/carbon/identity/local/auth/magiclink/org.wso2.carbon.identity.application.authenticator.magiclink/1.0.103/org.wso2.carbon.identity.application.authenticator.magiclink-1.0.103.jar returned status 404
1.0.104			IOException: Tail request on https://maven-central.storage-download.googleapis.com/maven2/org/wso2/carbon/identity/local/auth/magiclink/org.wso2.carbon.identity.application.authenticator.magiclink/1.0.104/org.wso2.carbon.identity.application.authenticator.magiclink-1.0.104.jar returned status 404
1.0.105			IOException: Tail request on https://maven-central.storage-download.googleapis.com/maven2/org/wso2/carbon/identity/local/auth/magiclink/org.wso2.carbon.identity.application.authenticator.magiclink/1.0.105/org.wso2.carbon.identity.application.authenticator.magiclink-1.0.105.jar returned status 404
1.0.106			IOException: Tail request on https://maven-central.storage-download.googleapis.com/maven2/org/wso2/carbon/identity/local/auth/magiclink/org.wso2.carbon.identity.application.authenticator.magiclink/1.0.106/org.wso2.carbon.identity.application.authenticator.magiclink-1.0.106.jar returned status 404
1.0.107			IOException: Tail request on https://maven-central.storage-download.googleapis.com/maven2/org/wso2/carbon/identity/local/auth/magiclink/org.wso2.carbon.identity.application.authenticator.magiclink/1.0.107/org.wso2.carbon.identity.application.authenticator.magiclink-1.0.107.jar returned status 404
1.0.108			IOException: Tail request on https://maven-central.storage-download.googleapis.com/maven2/org/wso2/carbon/identity/local/auth/magiclink/org.wso2.carbon.identity.application.authenticator.magiclink/1.0.108/org.wso2.carbon.identity.application.authenticator.magiclink-1.0.108.jar returned status 404
1.0.109			IOException: Tail request on https://maven-central.storage-download.googleapis.com/maven2/org/wso2/carbon/identity/local/auth/magiclink/org.wso2.carbon.identity.application.authenticator.magiclink/1.0.109/org.wso2.carbon.identity.application.authenticator.magiclink-1.0.109.jar returned status 404
1.0.11		2022-07-19T05:57:39Z	
1.0.110			IOException: Tail request on https://maven-central.storage-download.googleapis.com/maven2/org/wso2/carbon/identity/local/auth/magiclink/org.wso2.carbon.identity.application.authenticator.magiclink/1.0.110/org.wso2.carbon.identity.application.authenticator.magiclink-1.0.110.jar returned status 404
1.0.111			IOException: Tail request on https://maven-central.storage-download.googleapis.com/maven2/org/wso2/carbon/identity/local/auth/magiclink/org.wso2.carbon.identity.application.authenticator.magiclink/1.0.111/org.wso2.carbon.identity.application.authenticator.magiclink-1.0.111.jar returned status 404
1.0.112			IOException: Tail request on https://maven-central.storage-download.googleapis.com/maven2/org/wso2/carbon/identity/local/auth/magiclink/org.wso2.carbon.identity.application.authenticator.magiclink/1.0.112/org.wso2.carbon.identity.application.authenticator.magiclink-1.0.112.jar returned status 404
1.0.113			IOException: Tail request on https://maven-central.storage-download.googleapis.com/maven2/org/wso2/carbon/identity/local/auth/magiclink/org.wso2.carbon.identity.application.authenticator.magiclink/1.0.113/org.wso2.carbon.identity.application.authenticator.magiclink-1.0.113.jar returned status 404
1.0.114			IOException: Tail request on https://maven-central.storage-download.googleapis.com/maven2/org/wso2/carbon/identity/local/auth/magiclink/org.wso2.carbon.identity.application.authenticator.magiclink/1.0.114/org.wso2.carbon.identity.application.authenticator.magiclink-1.0.114.jar returned status 404
1.0.115			IOException: Tail request on https://maven-central.storage-download.googleapis.com/maven2/org/wso2/carbon/identity/local/auth/magiclink/org.wso2.carbon.identity.application.authenticator.magiclink/1.0.115/org.wso2.carbon.identity.application.authenticator.magiclink-1.0.115.jar returned status 404
1.0.116			IOException: Tail request on https://maven-central.storage-download.googleapis.com/maven2/org/wso2/carbon/identity/local/auth/magiclink/org.wso2.carbon.identity.application.authenticator.magiclink/1.0.116/org.wso2.carbon.identity.application.authenticator.magiclink-1.0.116.jar returned status 404
1.0.117			IOException: Tail request on https://maven-central.storage-download.googleapis.com/maven2/org/wso2/carbon/identity/local/auth/magiclink/org.wso2.carbon.identity.application.authenticator.magiclink/1.0.117/org.wso2.carbon.identity.application.authenticator.magiclink-1.0.117.jar returned status 404
1.0.118			IOException: Tail request on https://maven-central.storage-download.googleapis.com/maven2/org/wso2/carbon/identity/local/auth/magiclink/org.wso2.carbon.identity.application.authenticator.magiclink/1.0.118/org.wso2.carbon.identity.application.authenticator.magiclink-1.0.118.jar returned status 404
1.0.119			IOException: Tail request on https://maven-central.storage-download.googleapis.com/maven2/org/wso2/carbon/identity/local/auth/magiclink/org.wso2.carbon.identity.application.authenticator.magiclink/1.0.119/org.wso2.carbon.identity.application.authenticator.magiclink-1.0.119.jar returned status 404
1.0.120			IOException: Tail request on https://maven-central.storage-download.googleapis.com/maven2/org/wso2/carbon/identity/local/auth/magiclink/org.wso2.carbon.identity.application.authenticator.magiclink/1.0.120/org.wso2.carbon.identity.application.authenticator.magiclink-1.0.120.jar returned status 404
1.0.121			IOException: Tail request on https://maven-central.storage-download.googleapis.com/maven2/org/wso2/carbon/identity/local/auth/magiclink/org.wso2.carbon.identity.application.authenticator.magiclink/1.0.121/org.wso2.carbon.identity.application.authenticator.magiclink-1.0.121.jar returned status 404
1.0.122			IOException: Tail request on https://maven-central.storage-download.googleapis.com/maven2/org/wso2/carbon/identity/local/auth/magiclink/org.wso2.carbon.identity.application.authenticator.magiclink/1.0.122/org.wso2.carbon.identity.application.authenticator.magiclink-1.0.122.jar returned status 404
1.0.123			IOException: Tail request on https://maven-central.storage-download.googleapis.com/maven2/org/wso2/carbon/identity/local/auth/magiclink/org.wso2.carbon.identity.application.authenticator.magiclink/1.0.123/org.wso2.carbon.identity.application.authenticator.magiclink-1.0.123.jar returned status 404
1.0.124			IOException: Tail request on https://maven-central.storage-download.googleapis.com/maven2/org/wso2/carbon/identity/local/auth/magiclink/org.wso2.carbon.identity.application.authenticator.magiclink/1.0.124/org.wso2.carbon.identity.application.authenticator.magiclink-1.0.124.jar returned status 404
1.0.125			IOException: Tail request on https://maven-central.storage-download.googleapis.com/maven2/org/wso2/carbon/identity/local/auth/magiclink/org.wso2.carbon.identity.application.authenticator.magiclink/1.0.125/org.wso2.carbon.identity.application.authenticator.magiclink-1.0.125.jar returned status 404
1.0.126			IOException: Tail request on https://maven-central.storage-download.googleapis.com/maven2/org/wso2/carbon/identity/local/auth/magiclink/org.wso2.carbon.identity.application.authenticator.magiclink/1.0.126/org.wso2.carbon.identity.application.authenticator.magiclink-1.0.126.jar returned status 404
1.0.127			IOException: Tail request on https://maven-central.storage-download.googleapis.com/maven2/org/wso2/carbon/identity/local/auth/magiclink/org.wso2.carbon.identity.application.authenticator.magiclink/1.0.127/org.wso2.carbon.identity.application.authenticator.magiclink-1.0.127.jar returned status 404
1.0.128			IOException: Tail request on https://maven-central.storage-download.googleapis.com/maven2/org/wso2/carbon/identity/local/auth/magiclink/org.wso2.carbon.identity.application.authenticator.magiclink/1.0.128/org.wso2.carbon.identity.application.authenticator.magiclink-1.0.128.jar returned status 404
1.0.129			IOException: Tail request on https://maven-central.storage-download.googleapis.com/maven2/org/wso2/carbon/identity/local/auth/magiclink/org.wso2.carbon.identity.application.authenticator.magiclink/1.0.129/org.wso2.carbon.identity.application.authenticator.magiclink-1.0.129.jar returned status 404
1.0.13			IOException: Tail request on https://maven-central.storage-download.googleapis.com/maven2/org/wso2/carbon/identity/local/auth/magiclink/org.wso2.carbon.identity.application.authenticator.magiclink/1.0.13/org.wso2.carbon.identity.application.authenticator.magiclink-1.0.13.jar returned status 404
1.0.130			IOException: Tail request on https://maven-central.storage-download.googleapis.com/maven2/org/wso2/carbon/identity/local/auth/magiclink/org.wso2.carbon.identity.application.authenticator.magiclink/1.0.130/org.wso2.carbon.identity.application.authenticator.magiclink-1.0.130.jar returned status 404
1.0.131			IOException: Tail request on https://maven-central.storage-download.googleapis.com/maven2/org/wso2/carbon/identity/local/auth/magiclink/org.wso2.carbon.identity.application.authenticator.magiclink/1.0.131/org.wso2.carbon.identity.application.authenticator.magiclink-1.0.131.jar returned status 404
1.0.132			IOException: Tail request on https://maven-central.storage-download.googleapis.com/maven2/org/wso2/carbon/identity/local/auth/magiclink/org.wso2.carbon.identity.application.authenticator.magiclink/1.0.132/org.wso2.carbon.identity.application.authenticator.magiclink-1.0.132.jar returned status 404
1.0.133			IOException: Tail request on https://maven-central.storage-download.googleapis.com/maven2/org/wso2/carbon/identity/local/auth/magiclink/org.wso2.carbon.identity.application.authenticator.magiclink/1.0.133/org.wso2.carbon.identity.application.authenticator.magiclink-1.0.133.jar returned status 404
1.0.134			IOException: Tail request on https://maven-central.storage-download.googleapis.com/maven2/org/wso2/carbon/identity/local/auth/magiclink/org.wso2.carbon.identity.application.authenticator.magiclink/1.0.134/org.wso2.carbon.identity.application.authenticator.magiclink-1.0.134.jar returned status 404
1.0.135			IOException: Tail request on https://maven-central.storage-download.googleapis.com/maven2/org/wso2/carbon/identity/local/auth/magiclink/org.wso2.carbon.identity.application.authenticator.magiclink/1.0.135/org.wso2.carbon.identity.application.authenticator.magiclink-1.0.135.jar returned status 404
1.0.136			IOException: Tail request on https://maven-central.storage-download.googleapis.com/maven2/org/wso2/carbon/identity/local/auth/magiclink/org.wso2.carbon.identity.application.authenticator.magiclink/1.0.136/org.wso2.carbon.identity.application.authenticator.magiclink-1.0.136.jar returned status 404
1.0.137			IOException: Tail request on https://maven-central.storage-download.googleapis.com/maven2/org/wso2/carbon/identity/local/auth/magiclink/org.wso2.carbon.identity.application.authenticator.magiclink/1.0.137/org.wso2.carbon.identity.application.authenticator.magiclink-1.0.137.jar returned status 404
1.0.138			IOException: Tail request on https://maven-central.storage-download.googleapis.com/maven2/org/wso2/carbon/identity/local/auth/magiclink/org.wso2.carbon.identity.application.authenticator.magiclink/1.0.138/org.wso2.carbon.identity.application.authenticator.magiclink-1.0.138.jar returned status 404
1.0.139			IOException: Tail request on https://maven-central.storage-download.googleapis.com/maven2/org/wso2/carbon/identity/local/auth/magiclink/org.wso2.carbon.identity.application.authenticator.magiclink/1.0.139/org.wso2.carbon.identity.application.authenticator.magiclink-1.0.139.jar returned status 404
1.0.14			IOException: Tail request on https://maven-central.storage-download.googleapis.com/maven2/org/wso2/carbon/identity/local/auth/magiclink/org.wso2.carbon.identity.application.authenticator.magiclink/1.0.14/org.wso2.carbon.identity.application.authenticator.magiclink-1.0.14.jar returned status 404
1.0.140			IOException: Tail request on https://maven-central.storage-download.googleapis.com/maven2/org/wso2/carbon/identity/local/auth/magiclink/org.wso2.carbon.identity.application.authenticator.magiclink/1.0.140/org.wso2.carbon.identity.application.authenticator.magiclink-1.0.140.jar returned status 404
1.0.141			IOException: Tail request on https://maven-central.storage-download.googleapis.com/maven2/org/wso2/carbon/identity/local/auth/magiclink/org.wso2.carbon.identity.application.authenticator.magiclink/1.0.141/org.wso2.carbon.identity.application.authenticator.magiclink-1.0.141.jar returned status 404
1.0.142			IOException: Tail request on https://maven-central.storage-download.googleapis.com/maven2/org/wso2/carbon/identity/local/auth/magiclink/org.wso2.carbon.identity.application.authenticator.magiclink/1.0.142/org.wso2.carbon.identity.application.authenticator.magiclink-1.0.142.jar returned status 404
1.0.143			IOException: Tail request on https://maven-central.storage-download.googleapis.com/maven2/org/wso2/carbon/identity/local/auth/magiclink/org.wso2.carbon.identity.application.authenticator.magiclink/1.0.143/org.wso2.carbon.identity.application.authenticator.magiclink-1.0.143.jar returned status 404
1.0.144			IOException: Tail request on https://maven-central.storage-download.googleapis.com/maven2/org/wso2/carbon/identity/local/auth/magiclink/org.wso2.carbon.identity.application.authenticator.magiclink/1.0.144/org.wso2.carbon.identity.application.authenticator.magiclink-1.0.144.jar returned status 404
1.0.145			IOException: Tail request on https://maven-central.storage-download.googleapis.com/maven2/org/wso2/carbon/identity/local/auth/magiclink/org.wso2.carbon.identity.application.authenticator.magiclink/1.0.145/org.wso2.carbon.identity.application.authenticator.magiclink-1.0.145.jar returned status 404
1.0.146			IOException: Tail request on https://maven-central.storage-download.googleapis.com/maven2/org/wso2/carbon/identity/local/auth/magiclink/org.wso2.carbon.identity.application.authenticator.magiclink/1.0.146/org.wso2.carbon.identity.application.authenticator.magiclink-1.0.146.jar returned status 404
1.0.147			IOException: Tail request on https://maven-central.storage-download.googleapis.com/maven2/org/wso2/carbon/identity/local/auth/magiclink/org.wso2.carbon.identity.application.authenticator.magiclink/1.0.147/org.wso2.carbon.identity.application.authenticator.magiclink-1.0.147.jar returned status 404
1.0.148			IOException: Tail request on https://maven-central.storage-download.googleapis.com/maven2/org/wso2/carbon/identity/local/auth/magiclink/org.wso2.carbon.identity.application.authenticator.magiclink/1.0.148/org.wso2.carbon.identity.application.authenticator.magiclink-1.0.148.jar returned status 404
1.0.149			IOException: Tail request on https://maven-central.storage-download.googleapis.com/maven2/org/wso2/carbon/identity/local/auth/magiclink/org.wso2.carbon.identity.application.authenticator.magiclink/1.0.149/org.wso2.carbon.identity.application.authenticator.magiclink-1.0.149.jar returned status 404
1.0.15			IOException: Tail request on https://maven-central.storage-download.googleapis.com/maven2/org/wso2/carbon/identity/local/auth/magiclink/org.wso2.carbon.identity.application.authenticator.magiclink/1.0.15/org.wso2.carbon.identity.application.authenticator.magiclink-1.0.15.jar returned status 404
1.0.150			IOException: Tail request on https://maven-central.storage-download.googleapis.com/maven2/org/wso2/carbon/identity/local/auth/magiclink/org.wso2.carbon.identity.application.authenticator.magiclink/1.0.150/org.wso2.carbon.identity.application.authenticator.magiclink-1.0.150.jar returned status 404
1.0.151			IOException: Tail request on https://maven-central.storage-download.googleapis.com/maven2/org/wso2/carbon/identity/local/auth/magiclink/org.wso2.carbon.identity.application.authenticator.magiclink/1.0.151/org.wso2.carbon.identity.application.authenticator.magiclink-1.0.151.jar returned status 404
1.0.152			IOException: Tail request on https://maven-central.storage-download.googleapis.com/maven2/org/wso2/carbon/identity/local/auth/magiclink/org.wso2.carbon.identity.application.authenticator.magiclink/1.0.152/org.wso2.carbon.identity.application.authenticator.magiclink-1.0.152.jar returned status 404
1.0.153			IOException: Tail request on https://maven-central.storage-download.googleapis.com/maven2/org/wso2/carbon/identity/local/auth/magiclink/org.wso2.carbon.identity.application.authenticator.magiclink/1.0.153/org.wso2.carbon.identity.application.authenticator.magiclink-1.0.153.jar returned status 404
1.0.154			IOException: Tail request on https://maven-central.storage-download.googleapis.com/maven2/org/wso2/carbon/identity/local/auth/magiclink/org.wso2.carbon.identity.application.authenticator.magiclink/1.0.154/org.wso2.carbon.identity.application.authenticator.magiclink-1.0.154.jar returned status 404
1.0.155			IOException: Tail request on https://maven-central.storage-download.googleapis.com/maven2/org/wso2/carbon/identity/local/auth/magiclink/org.wso2.carbon.identity.application.authenticator.magiclink/1.0.155/org.wso2.carbon.identity.application.authenticator.magiclink-1.0.155.jar returned status 404
1.0.156			IOException: Tail request on https://maven-central.storage-download.googleapis.com/maven2/org/wso2/carbon/identity/local/auth/magiclink/org.wso2.carbon.identity.application.authenticator.magiclink/1.0.156/org.wso2.carbon.identity.application.authenticator.magiclink-1.0.156.jar returned status 404
1.0.157			IOException: Tail request on https://maven-central.storage-download.googleapis.com/maven2/org/wso2/carbon/identity/local/auth/magiclink/org.wso2.carbon.identity.application.authenticator.magiclink/1.0.157/org.wso2.carbon.identity.application.authenticator.magiclink-1.0.157.jar returned status 404
1.0.158			IOException: Tail request on https://maven-central.storage-download.googleapis.com/maven2/org/wso2/carbon/identity/local/auth/magiclink/org.wso2.carbon.identity.application.authenticator.magiclink/1.0.158/org.wso2.carbon.identity.application.authenticator.magiclink-1.0.158.jar returned status 404
1.0.159			IOException: Tail request on https://maven-central.storage-download.googleapis.com/maven2/org/wso2/carbon/identity/local/auth/magiclink/org.wso2.carbon.identity.application.authenticator.magiclink/1.0.159/org.wso2.carbon.identity.application.authenticator.magiclink-1.0.159.jar returned status 404
1.0.16			IOException: Tail request on https://maven-central.storage-download.googleapis.com/maven2/org/wso2/carbon/identity/local/auth/magiclink/org.wso2.carbon.identity.application.authenticator.magiclink/1.0.16/org.wso2.carbon.identity.application.authenticator.magiclink-1.0.16.jar returned status 404
1.0.160			IOException: Tail request on https://maven-central.storage-download.googleapis.com/maven2/org/wso2/carbon/identity/local/auth/magiclink/org.wso2.carbon.identity.application.authenticator.magiclink/1.0.160/org.wso2.carbon.identity.application.authenticator.magiclink-1.0.160.jar returned status 404
1.0.161			IOException: Tail request on https://maven-central.storage-download.googleapis.com/maven2/org/wso2/carbon/identity/local/auth/magiclink/org.wso2.carbon.identity.application.authenticator.magiclink/1.0.161/org.wso2.carbon.identity.application.authenticator.magiclink-1.0.161.jar returned status 404
1.0.162			IOException: Tail request on https://maven-central.storage-download.googleapis.com/maven2/org/wso2/carbon/identity/local/auth/magiclink/org.wso2.carbon.identity.application.authenticator.magiclink/1.0.162/org.wso2.carbon.identity.application.authenticator.magiclink-1.0.162.jar returned status 404
1.0.163			IOException: Tail request on https://maven-central.storage-download.googleapis.com/maven2/org/wso2/carbon/identity/local/auth/magiclink/org.wso2.carbon.identity.application.authenticator.magiclink/1.0.163/org.wso2.carbon.identity.application.authenticator.magiclink-1.0.163.jar returned status 404
1.0.164			IOException: Tail request on https://maven-central.storage-download.googleapis.com/maven2/org/wso2/carbon/identity/local/auth/magiclink/org.wso2.carbon.identity.application.authenticator.magiclink/1.0.164/org.wso2.carbon.identity.application.authenticator.magiclink-1.0.164.jar returned status 404
1.0.165			IOException: Tail request on https://maven-central.storage-download.googleapis.com/maven2/org/wso2/carbon/identity/local/auth/magiclink/org.wso2.carbon.identity.application.authenticator.magiclink/1.0.165/org.wso2.carbon.identity.application.authenticator.magiclink-1.0.165.jar returned status 404
1.0.166			IOException: Tail request on https://maven-central.storage-download.googleapis.com/maven2/org/wso2/carbon/identity/local/auth/magiclink/org.wso2.carbon.identity.application.authenticator.magiclink/1.0.166/org.wso2.carbon.identity.application.authenticator.magiclink-1.0.166.jar returned status 404
1.0.167			IOException: Tail request on https://maven-central.storage-download.googleapis.com/maven2/org/wso2/carbon/identity/local/auth/magiclink/org.wso2.carbon.identity.application.authenticator.magiclink/1.0.167/org.wso2.carbon.identity.application.authenticator.magiclink-1.0.167.jar returned status 404
1.0.168			IOException: Tail request on https://maven-central.storage-download.googleapis.com/maven2/org/wso2/carbon/identity/local/auth/magiclink/org.wso2.carbon.identity.application.authenticator.magiclink/1.0.168/org.wso2.carbon.identity.application.authenticator.magiclink-1.0.168.jar returned status 404
1.0.169			IOException: Tail request on https://maven-central.storage-download.googleapis.com/maven2/org/wso2/carbon/identity/local/auth/magiclink/org.wso2.carbon.identity.application.authenticator.magiclink/1.0.169/org.wso2.carbon.identity.application.authenticator.magiclink-1.0.169.jar returned status 404
1.0.17			IOException: Tail request on https://maven-central.storage-download.googleapis.com/maven2/org/wso2/carbon/identity/local/auth/magiclink/org.wso2.carbon.identity.application.authenticator.magiclink/1.0.17/org.wso2.carbon.identity.application.authenticator.magiclink-1.0.17.jar returned status 404
1.0.170			IOException: Tail request on https://maven-central.storage-download.googleapis.com/maven2/org/wso2/carbon/identity/local/auth/magiclink/org.wso2.carbon.identity.application.authenticator.magiclink/1.0.170/org.wso2.carbon.identity.application.authenticator.magiclink-1.0.170.jar returned status 404
1.0.171			IOException: Tail request on https://maven-central.storage-download.googleapis.com/maven2/org/wso2/carbon/identity/local/auth/magiclink/org.wso2.carbon.identity.application.authenticator.magiclink/1.0.171/org.wso2.carbon.identity.application.authenticator.magiclink-1.0.171.jar returned status 404
1.0.172			IOException: Tail request on https://maven-central.storage-download.googleapis.com/maven2/org/wso2/carbon/identity/local/auth/magiclink/org.wso2.carbon.identity.application.authenticator.magiclink/1.0.172/org.wso2.carbon.identity.application.authenticator.magiclink-1.0.172.jar returned status 404
1.0.173			IOException: Tail request on https://maven-central.storage-download.googleapis.com/maven2/org/wso2/carbon/identity/local/auth/magiclink/org.wso2.carbon.identity.application.authenticator.magiclink/1.0.173/org.wso2.carbon.identity.application.authenticator.magiclink-1.0.173.jar returned status 404
1.0.174			IOException: Tail request on https://maven-central.storage-download.googleapis.com/maven2/org/wso2/carbon/identity/local/auth/magiclink/org.wso2.carbon.identity.application.authenticator.magiclink/1.0.174/org.wso2.carbon.identity.application.authenticator.magiclink-1.0.174.jar returned status 404
1.0.175			IOException: Tail request on https://maven-central.storage-download.googleapis.com/maven2/org/wso2/carbon/identity/local/auth/magiclink/org.wso2.carbon.identity.application.authenticator.magiclink/1.0.175/org.wso2.carbon.identity.application.authenticator.magiclink-1.0.175.jar returned status 404
1.0.176			IOException: Tail request on https://maven-central.storage-download.googleapis.com/maven2/org/wso2/carbon/identity/local/auth/magiclink/org.wso2.carbon.identity.application.authenticator.magiclink/1.0.176/org.wso2.carbon.identity.application.authenticator.magiclink-1.0.176.jar returned status 404
1.0.177			IOException: Tail request on https://maven-central.storage-download.googleapis.com/maven2/org/wso2/carbon/identity/local/auth/magiclink/org.wso2.carbon.identity.application.authenticator.magiclink/1.0.177/org.wso2.carbon.identity.application.authenticator.magiclink-1.0.177.jar returned status 404
1.0.178			IOException: Tail request on https://maven-central.storage-download.googleapis.com/maven2/org/wso2/carbon/identity/local/auth/magiclink/org.wso2.carbon.identity.application.authenticator.magiclink/1.0.178/org.wso2.carbon.identity.application.authenticator.magiclink-1.0.178.jar returned status 404
1.0.179			IOException: Tail request on https://maven-central.storage-download.googleapis.com/maven2/org/wso2/carbon/identity/local/auth/magiclink/org.wso2.carbon.identity.application.authenticator.magiclink/1.0.179/org.wso2.carbon.identity.application.authenticator.magiclink-1.0.179.jar returned status 404
1.0.18			IOException: Tail request on https://maven-central.storage-download.googleapis.com/maven2/org/wso2/carbon/identity/local/auth/magiclink/org.wso2.carbon.identity.application.authenticator.magiclink/1.0.18/org.wso2.carbon.identity.application.authenticator.magiclink-1.0.18.jar returned status 404
1.0.180			IOException: Tail request on https://maven-central.storage-download.googleapis.com/maven2/org/wso2/carbon/identity/local/auth/magiclink/org.wso2.carbon.identity.application.authenticator.magiclink/1.0.180/org.wso2.carbon.identity.application.authenticator.magiclink-1.0.180.jar returned status 404
1.0.181			IOException: Tail request on https://maven-central.storage-download.googleapis.com/maven2/org/wso2/carbon/identity/local/auth/magiclink/org.wso2.carbon.identity.application.authenticator.magiclink/1.0.181/org.wso2.carbon.identity.application.authenticator.magiclink-1.0.181.jar returned status 404
1.0.182			IOException: Tail request on https://maven-central.storage-download.googleapis.com/maven2/org/wso2/carbon/identity/local/auth/magiclink/org.wso2.carbon.identity.application.authenticator.magiclink/1.0.182/org.wso2.carbon.identity.application.authenticator.magiclink-1.0.182.jar returned status 404
1.0.183			IOException: Tail request on https://maven-central.storage-download.googleapis.com/maven2/org/wso2/carbon/identity/local/auth/magiclink/org.wso2.carbon.identity.application.authenticator.magiclink/1.0.183/org.wso2.carbon.identity.application.authenticator.magiclink-1.0.183.jar returned status 404
1.0.184			IOException: Tail request on https://maven-central.storage-download.googleapis.com/maven2/org/wso2/carbon/identity/local/auth/magiclink/org.wso2.carbon.identity.application.authenticator.magiclink/1.0.184/org.wso2.carbon.identity.application.authenticator.magiclink-1.0.184.jar returned status 404
1.0.185			IOException: Tail request on https://maven-central.storage-download.googleapis.com/maven2/org/wso2/carbon/identity/local/auth/magiclink/org.wso2.carbon.identity.application.authenticator.magiclink/1.0.185/org.wso2.carbon.identity.application.authenticator.magiclink-1.0.185.jar returned status 404
1.0.186			IOException: Tail request on https://maven-central.storage-download.googleapis.com/maven2/org/wso2/carbon/identity/local/auth/magiclink/org.wso2.carbon.identity.application.authenticator.magiclink/1.0.186/org.wso2.carbon.identity.application.authenticator.magiclink-1.0.186.jar returned status 404
1.0.187			IOException: Tail request on https://maven-central.storage-download.googleapis.com/maven2/org/wso2/carbon/identity/local/auth/magiclink/org.wso2.carbon.identity.application.authenticator.magiclink/1.0.187/org.wso2.carbon.identity.application.authenticator.magiclink-1.0.187.jar returned status 404
1.0.188			IOException: Tail request on https://maven-central.storage-download.googleapis.com/maven2/org/wso2/carbon/identity/local/auth/magiclink/org.wso2.carbon.identity.application.authenticator.magiclink/1.0.188/org.wso2.carbon.identity.application.authenticator.magiclink-1.0.188.jar returned status 404
1.0.189			IOException: Tail request on https://maven-central.storage-download.googleapis.com/maven2/org/wso2/carbon/identity/local/auth/magiclink/org.wso2.carbon.identity.application.authenticator.magiclink/1.0.189/org.wso2.carbon.identity.application.authenticator.magiclink-1.0.189.jar returned status 404
1.0.19			IOException: Tail request on https://maven-central.storage-download.googleapis.com/maven2/org/wso2/carbon/identity/local/auth/magiclink/org.wso2.carbon.identity.application.authenticator.magiclink/1.0.19/org.wso2.carbon.identity.application.authenticator.magiclink-1.0.19.jar returned status 404
1.0.190			IOException: Tail request on https://maven-central.storage-download.googleapis.com/maven2/org/wso2/carbon/identity/local/auth/magiclink/org.wso2.carbon.identity.application.authenticator.magiclink/1.0.190/org.wso2.carbon.identity.application.authenticator.magiclink-1.0.190.jar returned status 404
1.0.191			IOException: Tail request on https://maven-central.storage-download.googleapis.com/maven2/org/wso2/carbon/identity/local/auth/magiclink/org.wso2.carbon.identity.application.authenticator.magiclink/1.0.191/org.wso2.carbon.identity.application.authenticator.magiclink-1.0.191.jar returned status 404
1.0.192			IOException: Tail request on https://maven-central.storage-download.googleapis.com/maven2/org/wso2/carbon/identity/local/auth/magiclink/org.wso2.carbon.identity.application.authenticator.magiclink/1.0.192/org.wso2.carbon.identity.application.authenticator.magiclink-1.0.192.jar returned status 404
1.0.193			IOException: Tail request on https://maven-central.storage-download.googleapis.com/maven2/org/wso2/carbon/identity/local/auth/magiclink/org.wso2.carbon.identity.application.authenticator.magiclink/1.0.193/org.wso2.carbon.identity.application.authenticator.magiclink-1.0.193.jar returned status 404
1.0.194			IOException: Tail request on https://maven-central.storage-download.googleapis.com/maven2/org/wso2/carbon/identity/local/auth/magiclink/org.wso2.carbon.identity.application.authenticator.magiclink/1.0.194/org.wso2.carbon.identity.application.authenticator.magiclink-1.0.194.jar returned status 404
1.0.195			IOException: Tail request on https://maven-central.storage-download.googleapis.com/maven2/org/wso2/carbon/identity/local/auth/magiclink/org.wso2.carbon.identity.application.authenticator.magiclink/1.0.195/org.wso2.carbon.identity.application.authenticator.magiclink-1.0.195.jar returned status 404
1.0.196			IOException: Tail request on https://maven-central.storage-download.googleapis.com/maven2/org/wso2/carbon/identity/local/auth/magiclink/org.wso2.carbon.identity.application.authenticator.magiclink/1.0.196/org.wso2.carbon.identity.application.authenticator.magiclink-1.0.196.jar returned status 404
1.0.197			IOException: Tail request on https://maven-central.storage-download.googleapis.com/maven2/org/wso2/carbon/identity/local/auth/magiclink/org.wso2.carbon.identity.application.authenticator.magiclink/1.0.197/org.wso2.carbon.identity.application.authenticator.magiclink-1.0.197.jar returned status 404
1.0.198			IOException: Tail request on https://maven-central.storage-download.googleapis.com/maven2/org/wso2/carbon/identity/local/auth/magiclink/org.wso2.carbon.identity.application.authenticator.magiclink/1.0.198/org.wso2.carbon.identity.application.authenticator.magiclink-1.0.198.jar returned status 404
1.0.199			IOException: Tail request on https://maven-central.storage-download.googleapis.com/maven2/org/wso2/carbon/identity/local/auth/magiclink/org.wso2.carbon.identity.application.authenticator.magiclink/1.0.199/org.wso2.carbon.identity.application.authenticator.magiclink-1.0.199.jar returned status 404
1.0.2			IOException: Tail request on https://maven-central.storage-download.googleapis.com/maven2/org/wso2/carbon/identity/local/auth/magiclink/org.wso2.carbon.identity.application.authenticator.magiclink/1.0.2/org.wso2.carbon.identity.application.authenticator.magiclink-1.0.2.jar returned status 404
1.0.20			IOException: Tail request on https://maven-central.storage-download.googleapis.com/maven2/org/wso2/carbon/identity/local/auth/magiclink/org.wso2.carbon.identity.application.authenticator.magiclink/1.0.20/org.wso2.carbon.identity.application.authenticator.magiclink-1.0.20.jar returned status 404
1.0.200			IOException: Tail request on https://maven-central.storage-download.googleapis.com/maven2/org/wso2/carbon/identity/local/auth/magiclink/org.wso2.carbon.identity.application.authenticator.magiclink/1.0.200/org.wso2.carbon.identity.application.authenticator.magiclink-1.0.200.jar returned status 404
1.0.201			IOException: Tail request on https://maven-central.storage-download.googleapis.com/maven2/org/wso2/carbon/identity/local/auth/magiclink/org.wso2.carbon.identity.application.authenticator.magiclink/1.0.201/org.wso2.carbon.identity.application.authenticator.magiclink-1.0.201.jar returned status 404
1.0.202			IOException: Tail request on https://maven-central.storage-download.googleapis.com/maven2/org/wso2/carbon/identity/local/auth/magiclink/org.wso2.carbon.identity.application.authenticator.magiclink/1.0.202/org.wso2.carbon.identity.application.authenticator.magiclink-1.0.202.jar returned status 404
1.0.203			IOException: Tail request on https://maven-central.storage-download.googleapis.com/maven2/org/wso2/carbon/identity/local/auth/magiclink/org.wso2.carbon.identity.application.authenticator.magiclink/1.0.203/org.wso2.carbon.identity.application.authenticator.magiclink-1.0.203.jar returned status 404
1.0.204			IOException: Tail request on https://maven-central.storage-download.googleapis.com/maven2/org/wso2/carbon/identity/local/auth/magiclink/org.wso2.carbon.identity.application.authenticator.magiclink/1.0.204/org.wso2.carbon.identity.application.authenticator.magiclink-1.0.204.jar returned status 404
1.0.205			IOException: Tail request on https://maven-central.storage-download.googleapis.com/maven2/org/wso2/carbon/identity/local/auth/magiclink/org.wso2.carbon.identity.application.authenticator.magiclink/1.0.205/org.wso2.carbon.identity.application.authenticator.magiclink-1.0.205.jar returned status 404
1.0.206			IOException: Tail request on https://maven-central.storage-download.googleapis.com/maven2/org/wso2/carbon/identity/local/auth/magiclink/org.wso2.carbon.identity.application.authenticator.magiclink/1.0.206/org.wso2.carbon.identity.application.authenticator.magiclink-1.0.206.jar returned status 404
1.0.207			IOException: Tail request on https://maven-central.storage-download.googleapis.com/maven2/org/wso2/carbon/identity/local/auth/magiclink/org.wso2.carbon.identity.application.authenticator.magiclink/1.0.207/org.wso2.carbon.identity.application.authenticator.magiclink-1.0.207.jar returned status 404
1.0.208			IOException: Tail request on https://maven-central.storage-download.googleapis.com/maven2/org/wso2/carbon/identity/local/auth/magiclink/org.wso2.carbon.identity.application.authenticator.magiclink/1.0.208/org.wso2.carbon.identity.application.authenticator.magiclink-1.0.208.jar returned status 404
1.0.209			IOException: Tail request on https://maven-central.storage-download.googleapis.com/maven2/org/wso2/carbon/identity/local/auth/magiclink/org.wso2.carbon.identity.application.authenticator.magiclink/1.0.209/org.wso2.carbon.identity.application.authenticator.magiclink-1.0.209.jar returned status 404
1.0.21			IOException: Tail request on https://maven-central.storage-download.googleapis.com/maven2/org/wso2/carbon/identity/local/auth/magiclink/org.wso2.carbon.identity.application.authenticator.magiclink/1.0.21/org.wso2.carbon.identity.application.authenticator.magiclink-1.0.21.jar returned status 404
1.0.210			IOException: Tail request on https://maven-central.storage-download.googleapis.com/maven2/org/wso2/carbon/identity/local/auth/magiclink/org.wso2.carbon.identity.application.authenticator.magiclink/1.0.210/org.wso2.carbon.identity.application.authenticator.magiclink-1.0.210.jar returned status 404
1.0.211			IOException: Tail request on https://maven-central.storage-download.googleapis.com/maven2/org/wso2/carbon/identity/local/auth/magiclink/org.wso2.carbon.identity.application.authenticator.magiclink/1.0.211/org.wso2.carbon.identity.application.authenticator.magiclink-1.0.211.jar returned status 404
1.0.212			IOException: Tail request on https://maven-central.storage-download.googleapis.com/maven2/org/wso2/carbon/identity/local/auth/magiclink/org.wso2.carbon.identity.application.authenticator.magiclink/1.0.212/org.wso2.carbon.identity.application.authenticator.magiclink-1.0.212.jar returned status 404
1.0.213			IOException: Tail request on https://maven-central.storage-download.googleapis.com/maven2/org/wso2/carbon/identity/local/auth/magiclink/org.wso2.carbon.identity.application.authenticator.magiclink/1.0.213/org.wso2.carbon.identity.application.authenticator.magiclink-1.0.213.jar returned status 404
1.0.214			IOException: Tail request on https://maven-central.storage-download.googleapis.com/maven2/org/wso2/carbon/identity/local/auth/magiclink/org.wso2.carbon.identity.application.authenticator.magiclink/1.0.214/org.wso2.carbon.identity.application.authenticator.magiclink-1.0.214.jar returned status 404
1.0.215			IOException: Tail request on https://maven-central.storage-download.googleapis.com/maven2/org/wso2/carbon/identity/local/auth/magiclink/org.wso2.carbon.identity.application.authenticator.magiclink/1.0.215/org.wso2.carbon.identity.application.authenticator.magiclink-1.0.215.jar returned status 404
1.0.216			IOException: Tail request on https://maven-central.storage-download.googleapis.com/maven2/org/wso2/carbon/identity/local/auth/magiclink/org.wso2.carbon.identity.application.authenticator.magiclink/1.0.216/org.wso2.carbon.identity.application.authenticator.magiclink-1.0.216.jar returned status 404
1.0.217			IOException: Tail request on https://maven-central.storage-download.googleapis.com/maven2/org/wso2/carbon/identity/local/auth/magiclink/org.wso2.carbon.identity.application.authenticator.magiclink/1.0.217/org.wso2.carbon.identity.application.authenticator.magiclink-1.0.217.jar returned status 404
1.0.218			IOException: Tail request on https://maven-central.storage-download.googleapis.com/maven2/org/wso2/carbon/identity/local/auth/magiclink/org.wso2.carbon.identity.application.authenticator.magiclink/1.0.218/org.wso2.carbon.identity.application.authenticator.magiclink-1.0.218.jar returned status 404
1.0.219			IOException: Tail request on https://maven-central.storage-download.googleapis.com/maven2/org/wso2/carbon/identity/local/auth/magiclink/org.wso2.carbon.identity.application.authenticator.magiclink/1.0.219/org.wso2.carbon.identity.application.authenticator.magiclink-1.0.219.jar returned status 404
1.0.22			IOException: Tail request on https://maven-central.storage-download.googleapis.com/maven2/org/wso2/carbon/identity/local/auth/magiclink/org.wso2.carbon.identity.application.authenticator.magiclink/1.0.22/org.wso2.carbon.identity.application.authenticator.magiclink-1.0.22.jar returned status 404
1.0.220			IOException: Tail request on https://maven-central.storage-download.googleapis.com/maven2/org/wso2/carbon/identity/local/auth/magiclink/org.wso2.carbon.identity.application.authenticator.magiclink/1.0.220/org.wso2.carbon.identity.application.authenticator.magiclink-1.0.220.jar returned status 404
1.0.221			IOException: Tail request on https://maven-central.storage-download.googleapis.com/maven2/org/wso2/carbon/identity/local/auth/magiclink/org.wso2.carbon.identity.application.authenticator.magiclink/1.0.221/org.wso2.carbon.identity.application.authenticator.magiclink-1.0.221.jar returned status 404
1.0.222			IOException: Tail request on https://maven-central.storage-download.googleapis.com/maven2/org/wso2/carbon/identity/local/auth/magiclink/org.wso2.carbon.identity.application.authenticator.magiclink/1.0.222/org.wso2.carbon.identity.application.authenticator.magiclink-1.0.222.jar returned status 404
1.0.223			IOException: Tail request on https://maven-central.storage-download.googleapis.com/maven2/org/wso2/carbon/identity/local/auth/magiclink/org.wso2.carbon.identity.application.authenticator.magiclink/1.0.223/org.wso2.carbon.identity.application.authenticator.magiclink-1.0.223.jar returned status 404
1.0.224			IOException: Tail request on https://maven-central.storage-download.googleapis.com/maven2/org/wso2/carbon/identity/local/auth/magiclink/org.wso2.carbon.identity.application.authenticator.magiclink/1.0.224/org.wso2.carbon.identity.application.authenticator.magiclink-1.0.224.jar returned status 404
1.0.225			IOException: Tail request on https://maven-central.storage-download.googleapis.com/maven2/org/wso2/carbon/identity/local/auth/magiclink/org.wso2.carbon.identity.application.authenticator.magiclink/1.0.225/org.wso2.carbon.identity.application.authenticator.magiclink-1.0.225.jar returned status 404
1.0.226			IOException: Tail request on https://maven-central.storage-download.googleapis.com/maven2/org/wso2/carbon/identity/local/auth/magiclink/org.wso2.carbon.identity.application.authenticator.magiclink/1.0.226/org.wso2.carbon.identity.application.authenticator.magiclink-1.0.226.jar returned status 404
1.0.227			IOException: Tail request on https://maven-central.storage-download.googleapis.com/maven2/org/wso2/carbon/identity/local/auth/magiclink/org.wso2.carbon.identity.application.authenticator.magiclink/1.0.227/org.wso2.carbon.identity.application.authenticator.magiclink-1.0.227.jar returned status 404
1.0.228			IOException: Tail request on https://maven-central.storage-download.googleapis.com/maven2/org/wso2/carbon/identity/local/auth/magiclink/org.wso2.carbon.identity.application.authenticator.magiclink/1.0.228/org.wso2.carbon.identity.application.authenticator.magiclink-1.0.228.jar returned status 404
1.0.229			IOException: Tail request on https://maven-central.storage-download.googleapis.com/maven2/org/wso2/carbon/identity/local/auth/magiclink/org.wso2.carbon.identity.application.authenticator.magiclink/1.0.229/org.wso2.carbon.identity.application.authenticator.magiclink-1.0.229.jar returned status 404
1.0.23			IOException: Tail request on https://maven-central.storage-download.googleapis.com/maven2/org/wso2/carbon/identity/local/auth/magiclink/org.wso2.carbon.identity.application.authenticator.magiclink/1.0.23/org.wso2.carbon.identity.application.authenticator.magiclink-1.0.23.jar returned status 404
1.0.230			IOException: Tail request on https://maven-central.storage-download.googleapis.com/maven2/org/wso2/carbon/identity/local/auth/magiclink/org.wso2.carbon.identity.application.authenticator.magiclink/1.0.230/org.wso2.carbon.identity.application.authenticator.magiclink-1.0.230.jar returned status 404
1.0.231			IOException: Tail request on https://maven-central.storage-download.googleapis.com/maven2/org/wso2/carbon/identity/local/auth/magiclink/org.wso2.carbon.identity.application.authenticator.magiclink/1.0.231/org.wso2.carbon.identity.application.authenticator.magiclink-1.0.231.jar returned status 404
1.0.232			IOException: Tail request on https://maven-central.storage-download.googleapis.com/maven2/org/wso2/carbon/identity/local/auth/magiclink/org.wso2.carbon.identity.application.authenticator.magiclink/1.0.232/org.wso2.carbon.identity.application.authenticator.magiclink-1.0.232.jar returned status 404
1.0.233			IOException: Tail request on https://maven-central.storage-download.googleapis.com/maven2/org/wso2/carbon/identity/local/auth/magiclink/org.wso2.carbon.identity.application.authenticator.magiclink/1.0.233/org.wso2.carbon.identity.application.authenticator.magiclink-1.0.233.jar returned status 404
1.0.234			IOException: Tail request on https://maven-central.storage-download.googleapis.com/maven2/org/wso2/carbon/identity/local/auth/magiclink/org.wso2.carbon.identity.application.authenticator.magiclink/1.0.234/org.wso2.carbon.identity.application.authenticator.magiclink-1.0.234.jar returned status 404
1.0.235			IOException: Tail request on https://maven-central.storage-download.googleapis.com/maven2/org/wso2/carbon/identity/local/auth/magiclink/org.wso2.carbon.identity.application.authenticator.magiclink/1.0.235/org.wso2.carbon.identity.application.authenticator.magiclink-1.0.235.jar returned status 404
1.0.236			IOException: Tail request on https://maven-central.storage-download.googleapis.com/maven2/org/wso2/carbon/identity/local/auth/magiclink/org.wso2.carbon.identity.application.authenticator.magiclink/1.0.236/org.wso2.carbon.identity.application.authenticator.magiclink-1.0.236.jar returned status 404
1.0.237			IOException: Tail request on https://maven-central.storage-download.googleapis.com/maven2/org/wso2/carbon/identity/local/auth/magiclink/org.wso2.carbon.identity.application.authenticator.magiclink/1.0.237/org.wso2.carbon.identity.application.authenticator.magiclink-1.0.237.jar returned status 404
1.0.238			IOException: Tail request on https://maven-central.storage-download.googleapis.com/maven2/org/wso2/carbon/identity/local/auth/magiclink/org.wso2.carbon.identity.application.authenticator.magiclink/1.0.238/org.wso2.carbon.identity.application.authenticator.magiclink-1.0.238.jar returned status 404
1.0.239			IOException: Tail request on https://maven-central.storage-download.googleapis.com/maven2/org/wso2/carbon/identity/local/auth/magiclink/org.wso2.carbon.identity.application.authenticator.magiclink/1.0.239/org.wso2.carbon.identity.application.authenticator.magiclink-1.0.239.jar returned status 404
1.0.24			IOException: Tail request on https://maven-central.storage-download.googleapis.com/maven2/org/wso2/carbon/identity/local/auth/magiclink/org.wso2.carbon.identity.application.authenticator.magiclink/1.0.24/org.wso2.carbon.identity.application.authenticator.magiclink-1.0.24.jar returned status 404
1.0.240			IOException: Tail request on https://maven-central.storage-download.googleapis.com/maven2/org/wso2/carbon/identity/local/auth/magiclink/org.wso2.carbon.identity.application.authenticator.magiclink/1.0.240/org.wso2.carbon.identity.application.authenticator.magiclink-1.0.240.jar returned status 404
1.0.241			IOException: Tail request on https://maven-central.storage-download.googleapis.com/maven2/org/wso2/carbon/identity/local/auth/magiclink/org.wso2.carbon.identity.application.authenticator.magiclink/1.0.241/org.wso2.carbon.identity.application.authenticator.magiclink-1.0.241.jar returned status 404
1.0.242			IOException: Tail request on https://maven-central.storage-download.googleapis.com/maven2/org/wso2/carbon/identity/local/auth/magiclink/org.wso2.carbon.identity.application.authenticator.magiclink/1.0.242/org.wso2.carbon.identity.application.authenticator.magiclink-1.0.242.jar returned status 404
1.0.243			IOException: Tail request on https://maven-central.storage-download.googleapis.com/maven2/org/wso2/carbon/identity/local/auth/magiclink/org.wso2.carbon.identity.application.authenticator.magiclink/1.0.243/org.wso2.carbon.identity.application.authenticator.magiclink-1.0.243.jar returned status 404
1.0.244			IOException: Tail request on https://maven-central.storage-download.googleapis.com/maven2/org/wso2/carbon/identity/local/auth/magiclink/org.wso2.carbon.identity.application.authenticator.magiclink/1.0.244/org.wso2.carbon.identity.application.authenticator.magiclink-1.0.244.jar returned status 404
1.0.245			IOException: Tail request on https://maven-central.storage-download.googleapis.com/maven2/org/wso2/carbon/identity/local/auth/magiclink/org.wso2.carbon.identity.application.authenticator.magiclink/1.0.245/org.wso2.carbon.identity.application.authenticator.magiclink-1.0.245.jar returned status 404
1.0.246			IOException: Tail request on https://maven-central.storage-download.googleapis.com/maven2/org/wso2/carbon/identity/local/auth/magiclink/org.wso2.carbon.identity.application.authenticator.magiclink/1.0.246/org.wso2.carbon.identity.application.authenticator.magiclink-1.0.246.jar returned status 404
1.0.247			IOException: Tail request on https://maven-central.storage-download.googleapis.com/maven2/org/wso2/carbon/identity/local/auth/magiclink/org.wso2.carbon.identity.application.authenticator.magiclink/1.0.247/org.wso2.carbon.identity.application.authenticator.magiclink-1.0.247.jar returned status 404
1.0.248			IOException: Tail request on https://maven-central.storage-download.googleapis.com/maven2/org/wso2/carbon/identity/local/auth/magiclink/org.wso2.carbon.identity.application.authenticator.magiclink/1.0.248/org.wso2.carbon.identity.application.authenticator.magiclink-1.0.248.jar returned status 404
1.0.249			IOException: Tail request on https://maven-central.storage-download.googleapis.com/maven2/org/wso2/carbon/identity/local/auth/magiclink/org.wso2.carbon.identity.application.authenticator.magiclink/1.0.249/org.wso2.carbon.identity.application.authenticator.magiclink-1.0.249.jar returned status 404
1.0.25			IOException: Tail request on https://maven-central.storage-download.googleapis.com/maven2/org/wso2/carbon/identity/local/auth/magiclink/org.wso2.carbon.identity.application.authenticator.magiclink/1.0.25/org.wso2.carbon.identity.application.authenticator.magiclink-1.0.25.jar returned status 404
1.0.250			IOException: Tail request on https://maven-central.storage-download.googleapis.com/maven2/org/wso2/carbon/identity/local/auth/magiclink/org.wso2.carbon.identity.application.authenticator.magiclink/1.0.250/org.wso2.carbon.identity.application.authenticator.magiclink-1.0.250.jar returned status 404
1.0.251			IOException: Tail request on https://maven-central.storage-download.googleapis.com/maven2/org/wso2/carbon/identity/local/auth/magiclink/org.wso2.carbon.identity.application.authenticator.magiclink/1.0.251/org.wso2.carbon.identity.application.authenticator.magiclink-1.0.251.jar returned status 404
1.0.252			IOException: Tail request on https://maven-central.storage-download.googleapis.com/maven2/org/wso2/carbon/identity/local/auth/magiclink/org.wso2.carbon.identity.application.authenticator.magiclink/1.0.252/org.wso2.carbon.identity.application.authenticator.magiclink-1.0.252.jar returned status 404
1.0.253			IOException: Tail request on https://maven-central.storage-download.googleapis.com/maven2/org/wso2/carbon/identity/local/auth/magiclink/org.wso2.carbon.identity.application.authenticator.magiclink/1.0.253/org.wso2.carbon.identity.application.authenticator.magiclink-1.0.253.jar returned status 404
1.0.254			IOException: Tail request on https://maven-central.storage-download.googleapis.com/maven2/org/wso2/carbon/identity/local/auth/magiclink/org.wso2.carbon.identity.application.authenticator.magiclink/1.0.254/org.wso2.carbon.identity.application.authenticator.magiclink-1.0.254.jar returned status 404
1.0.255			IOException: Tail request on https://maven-central.storage-download.googleapis.com/maven2/org/wso2/carbon/identity/local/auth/magiclink/org.wso2.carbon.identity.application.authenticator.magiclink/1.0.255/org.wso2.carbon.identity.application.authenticator.magiclink-1.0.255.jar returned status 404
1.0.256			IOException: Tail request on https://maven-central.storage-download.googleapis.com/maven2/org/wso2/carbon/identity/local/auth/magiclink/org.wso2.carbon.identity.application.authenticator.magiclink/1.0.256/org.wso2.carbon.identity.application.authenticator.magiclink-1.0.256.jar returned status 404
1.0.257			IOException: Tail request on https://maven-central.storage-download.googleapis.com/maven2/org/wso2/carbon/identity/local/auth/magiclink/org.wso2.carbon.identity.application.authenticator.magiclink/1.0.257/org.wso2.carbon.identity.application.authenticator.magiclink-1.0.257.jar returned status 404
1.0.258			IOException: Tail request on https://maven-central.storage-download.googleapis.com/maven2/org/wso2/carbon/identity/local/auth/magiclink/org.wso2.carbon.identity.application.authenticator.magiclink/1.0.258/org.wso2.carbon.identity.application.authenticator.magiclink-1.0.258.jar returned status 404
1.0.259			IOException: Tail request on https://maven-central.storage-download.googleapis.com/maven2/org/wso2/carbon/identity/local/auth/magiclink/org.wso2.carbon.identity.application.authenticator.magiclink/1.0.259/org.wso2.carbon.identity.application.authenticator.magiclink-1.0.259.jar returned status 404
1.0.26			IOException: Tail request on https://maven-central.storage-download.googleapis.com/maven2/org/wso2/carbon/identity/local/auth/magiclink/org.wso2.carbon.identity.application.authenticator.magiclink/1.0.26/org.wso2.carbon.identity.application.authenticator.magiclink-1.0.26.jar returned status 404
1.0.260			IOException: Tail request on https://maven-central.storage-download.googleapis.com/maven2/org/wso2/carbon/identity/local/auth/magiclink/org.wso2.carbon.identity.application.authenticator.magiclink/1.0.260/org.wso2.carbon.identity.application.authenticator.magiclink-1.0.260.jar returned status 404
1.0.261			IOException: Tail request on https://maven-central.storage-download.googleapis.com/maven2/org/wso2/carbon/identity/local/auth/magiclink/org.wso2.carbon.identity.application.authenticator.magiclink/1.0.261/org.wso2.carbon.identity.application.authenticator.magiclink-1.0.261.jar returned status 404
1.0.262			IOException: Tail request on https://maven-central.storage-download.googleapis.com/maven2/org/wso2/carbon/identity/local/auth/magiclink/org.wso2.carbon.identity.application.authenticator.magiclink/1.0.262/org.wso2.carbon.identity.application.authenticator.magiclink-1.0.262.jar returned status 404
1.0.263			IOException: Tail request on https://maven-central.storage-download.googleapis.com/maven2/org/wso2/carbon/identity/local/auth/magiclink/org.wso2.carbon.identity.application.authenticator.magiclink/1.0.263/org.wso2.carbon.identity.application.authenticator.magiclink-1.0.263.jar returned status 404
1.0.264			IOException: Tail request on https://maven-central.storage-download.googleapis.com/maven2/org/wso2/carbon/identity/local/auth/magiclink/org.wso2.carbon.identity.application.authenticator.magiclink/1.0.264/org.wso2.carbon.identity.application.authenticator.magiclink-1.0.264.jar returned status 404
1.0.265			IOException: Tail request on https://maven-central.storage-download.googleapis.com/maven2/org/wso2/carbon/identity/local/auth/magiclink/org.wso2.carbon.identity.application.authenticator.magiclink/1.0.265/org.wso2.carbon.identity.application.authenticator.magiclink-1.0.265.jar returned status 404
1.0.266			IOException: Tail request on https://maven-central.storage-download.googleapis.com/maven2/org/wso2/carbon/identity/local/auth/magiclink/org.wso2.carbon.identity.application.authenticator.magiclink/1.0.266/org.wso2.carbon.identity.application.authenticator.magiclink-1.0.266.jar returned status 404
1.0.267			IOException: Tail request on https://maven-central.storage-download.googleapis.com/maven2/org/wso2/carbon/identity/local/auth/magiclink/org.wso2.carbon.identity.application.authenticator.magiclink/1.0.267/org.wso2.carbon.identity.application.authenticator.magiclink-1.0.267.jar returned status 404
1.0.268			IOException: Tail request on https://maven-central.storage-download.googleapis.com/maven2/org/wso2/carbon/identity/local/auth/magiclink/org.wso2.carbon.identity.application.authenticator.magiclink/1.0.268/org.wso2.carbon.identity.application.authenticator.magiclink-1.0.268.jar returned status 404
1.0.269			IOException: Tail request on https://maven-central.storage-download.googleapis.com/maven2/org/wso2/carbon/identity/local/auth/magiclink/org.wso2.carbon.identity.application.authenticator.magiclink/1.0.269/org.wso2.carbon.identity.application.authenticator.magiclink-1.0.269.jar returned status 404
1.0.27			IOException: Tail request on https://maven-central.storage-download.googleapis.com/maven2/org/wso2/carbon/identity/local/auth/magiclink/org.wso2.carbon.identity.application.authenticator.magiclink/1.0.27/org.wso2.carbon.identity.application.authenticator.magiclink-1.0.27.jar returned status 404
1.0.270			IOException: Tail request on https://maven-central.storage-download.googleapis.com/maven2/org/wso2/carbon/identity/local/auth/magiclink/org.wso2.carbon.identity.application.authenticator.magiclink/1.0.270/org.wso2.carbon.identity.application.authenticator.magiclink-1.0.270.jar returned status 404
1.0.271			IOException: Tail request on https://maven-central.storage-download.googleapis.com/maven2/org/wso2/carbon/identity/local/auth/magiclink/org.wso2.carbon.identity.application.authenticator.magiclink/1.0.271/org.wso2.carbon.identity.application.authenticator.magiclink-1.0.271.jar returned status 404
1.0.272			IOException: Tail request on https://maven-central.storage-download.googleapis.com/maven2/org/wso2/carbon/identity/local/auth/magiclink/org.wso2.carbon.identity.application.authenticator.magiclink/1.0.272/org.wso2.carbon.identity.application.authenticator.magiclink-1.0.272.jar returned status 404
1.0.273			IOException: Tail request on https://maven-central.storage-download.googleapis.com/maven2/org/wso2/carbon/identity/local/auth/magiclink/org.wso2.carbon.identity.application.authenticator.magiclink/1.0.273/org.wso2.carbon.identity.application.authenticator.magiclink-1.0.273.jar returned status 404
1.0.274			IOException: Tail request on https://maven-central.storage-download.googleapis.com/maven2/org/wso2/carbon/identity/local/auth/magiclink/org.wso2.carbon.identity.application.authenticator.magiclink/1.0.274/org.wso2.carbon.identity.application.authenticator.magiclink-1.0.274.jar returned status 404
1.0.275			IOException: Tail request on https://maven-central.storage-download.googleapis.com/maven2/org/wso2/carbon/identity/local/auth/magiclink/org.wso2.carbon.identity.application.authenticator.magiclink/1.0.275/org.wso2.carbon.identity.application.authenticator.magiclink-1.0.275.jar returned status 404
1.0.276			IOException: Tail request on https://maven-central.storage-download.googleapis.com/maven2/org/wso2/carbon/identity/local/auth/magiclink/org.wso2.carbon.identity.application.authenticator.magiclink/1.0.276/org.wso2.carbon.identity.application.authenticator.magiclink-1.0.276.jar returned status 404
1.0.277			IOException: Tail request on https://maven-central.storage-download.googleapis.com/maven2/org/wso2/carbon/identity/local/auth/magiclink/org.wso2.carbon.identity.application.authenticator.magiclink/1.0.277/org.wso2.carbon.identity.application.authenticator.magiclink-1.0.277.jar returned status 404
1.0.278			IOException: Tail request on https://maven-central.storage-download.googleapis.com/maven2/org/wso2/carbon/identity/local/auth/magiclink/org.wso2.carbon.identity.application.authenticator.magiclink/1.0.278/org.wso2.carbon.identity.application.authenticator.magiclink-1.0.278.jar returned status 404
1.0.279			IOException: Tail request on https://maven-central.storage-download.googleapis.com/maven2/org/wso2/carbon/identity/local/auth/magiclink/org.wso2.carbon.identity.application.authenticator.magiclink/1.0.279/org.wso2.carbon.identity.application.authenticator.magiclink-1.0.279.jar returned status 404
1.0.28			IOException: Tail request on https://maven-central.storage-download.googleapis.com/maven2/org/wso2/carbon/identity/local/auth/magiclink/org.wso2.carbon.identity.application.authenticator.magiclink/1.0.28/org.wso2.carbon.identity.application.authenticator.magiclink-1.0.28.jar returned status 404
1.0.280			IOException: Tail request on https://maven-central.storage-download.googleapis.com/maven2/org/wso2/carbon/identity/local/auth/magiclink/org.wso2.carbon.identity.application.authenticator.magiclink/1.0.280/org.wso2.carbon.identity.application.authenticator.magiclink-1.0.280.jar returned status 404
1.0.281			IOException: Tail request on https://maven-central.storage-download.googleapis.com/maven2/org/wso2/carbon/identity/local/auth/magiclink/org.wso2.carbon.identity.application.authenticator.magiclink/1.0.281/org.wso2.carbon.identity.application.authenticator.magiclink-1.0.281.jar returned status 404
1.0.282			IOException: Tail request on https://maven-central.storage-download.googleapis.com/maven2/org/wso2/carbon/identity/local/auth/magiclink/org.wso2.carbon.identity.application.authenticator.magiclink/1.0.282/org.wso2.carbon.identity.application.authenticator.magiclink-1.0.282.jar returned status 404
1.0.283			IOException: Tail request on https://maven-central.storage-download.googleapis.com/maven2/org/wso2/carbon/identity/local/auth/magiclink/org.wso2.carbon.identity.application.authenticator.magiclink/1.0.283/org.wso2.carbon.identity.application.authenticator.magiclink-1.0.283.jar returned status 404
1.0.284			IOException: Tail request on https://maven-central.storage-download.googleapis.com/maven2/org/wso2/carbon/identity/local/auth/magiclink/org.wso2.carbon.identity.application.authenticator.magiclink/1.0.284/org.wso2.carbon.identity.application.authenticator.magiclink-1.0.284.jar returned status 404
1.0.285			IOException: Tail request on https://maven-central.storage-download.googleapis.com/maven2/org/wso2/carbon/identity/local/auth/magiclink/org.wso2.carbon.identity.application.authenticator.magiclink/1.0.285/org.wso2.carbon.identity.application.authenticator.magiclink-1.0.285.jar returned status 404
1.0.286			IOException: Tail request on https://maven-central.storage-download.googleapis.com/maven2/org/wso2/carbon/identity/local/auth/magiclink/org.wso2.carbon.identity.application.authenticator.magiclink/1.0.286/org.wso2.carbon.identity.application.authenticator.magiclink-1.0.286.jar returned status 404
1.0.287			IOException: Tail request on https://maven-central.storage-download.googleapis.com/maven2/org/wso2/carbon/identity/local/auth/magiclink/org.wso2.carbon.identity.application.authenticator.magiclink/1.0.287/org.wso2.carbon.identity.application.authenticator.magiclink-1.0.287.jar returned status 404
1.0.288			IOException: Tail request on https://maven-central.storage-download.googleapis.com/maven2/org/wso2/carbon/identity/local/auth/magiclink/org.wso2.carbon.identity.application.authenticator.magiclink/1.0.288/org.wso2.carbon.identity.application.authenticator.magiclink-1.0.288.jar returned status 404
1.0.289			IOException: Tail request on https://maven-central.storage-download.googleapis.com/maven2/org/wso2/carbon/identity/local/auth/magiclink/org.wso2.carbon.identity.application.authenticator.magiclink/1.0.289/org.wso2.carbon.identity.application.authenticator.magiclink-1.0.289.jar returned status 404
1.0.29			IOException: Tail request on https://maven-central.storage-download.googleapis.com/maven2/org/wso2/carbon/identity/local/auth/magiclink/org.wso2.carbon.identity.application.authenticator.magiclink/1.0.29/org.wso2.carbon.identity.application.authenticator.magiclink-1.0.29.jar returned status 404
1.0.290			IOException: Tail request on https://maven-central.storage-download.googleapis.com/maven2/org/wso2/carbon/identity/local/auth/magiclink/org.wso2.carbon.identity.application.authenticator.magiclink/1.0.290/org.wso2.carbon.identity.application.authenticator.magiclink-1.0.290.jar returned status 404
1.0.291			IOException: Tail request on https://maven-central.storage-download.googleapis.com/maven2/org/wso2/carbon/identity/local/auth/magiclink/org.wso2.carbon.identity.application.authenticator.magiclink/1.0.291/org.wso2.carbon.identity.application.authenticator.magiclink-1.0.291.jar returned status 404
1.0.292			IOException: Tail request on https://maven-central.storage-download.googleapis.com/maven2/org/wso2/carbon/identity/local/auth/magiclink/org.wso2.carbon.identity.application.authenticator.magiclink/1.0.292/org.wso2.carbon.identity.application.authenticator.magiclink-1.0.292.jar returned status 404
1.0.293			IOException: Tail request on https://maven-central.storage-download.googleapis.com/maven2/org/wso2/carbon/identity/local/auth/magiclink/org.wso2.carbon.identity.application.authenticator.magiclink/1.0.293/org.wso2.carbon.identity.application.authenticator.magiclink-1.0.293.jar returned status 404
1.0.294			IOException: Tail request on https://maven-central.storage-download.googleapis.com/maven2/org/wso2/carbon/identity/local/auth/magiclink/org.wso2.carbon.identity.application.authenticator.magiclink/1.0.294/org.wso2.carbon.identity.application.authenticator.magiclink-1.0.294.jar returned status 404
1.0.295			IOException: Tail request on https://maven-central.storage-download.googleapis.com/maven2/org/wso2/carbon/identity/local/auth/magiclink/org.wso2.carbon.identity.application.authenticator.magiclink/1.0.295/org.wso2.carbon.identity.application.authenticator.magiclink-1.0.295.jar returned status 404
1.0.296			IOException: Tail request on https://maven-central.storage-download.googleapis.com/maven2/org/wso2/carbon/identity/local/auth/magiclink/org.wso2.carbon.identity.application.authenticator.magiclink/1.0.296/org.wso2.carbon.identity.application.authenticator.magiclink-1.0.296.jar returned status 404
1.0.297			IOException: Tail request on https://maven-central.storage-download.googleapis.com/maven2/org/wso2/carbon/identity/local/auth/magiclink/org.wso2.carbon.identity.application.authenticator.magiclink/1.0.297/org.wso2.carbon.identity.application.authenticator.magiclink-1.0.297.jar returned status 404
1.0.298			IOException: Tail request on https://maven-central.storage-download.googleapis.com/maven2/org/wso2/carbon/identity/local/auth/magiclink/org.wso2.carbon.identity.application.authenticator.magiclink/1.0.298/org.wso2.carbon.identity.application.authenticator.magiclink-1.0.298.jar returned status 404
1.0.299			IOException: Tail request on https://maven-central.storage-download.googleapis.com/maven2/org/wso2/carbon/identity/local/auth/magiclink/org.wso2.carbon.identity.application.authenticator.magiclink/1.0.299/org.wso2.carbon.identity.application.authenticator.magiclink-1.0.299.jar returned status 404
1.0.3			IOException: Tail request on https://maven-central.storage-download.googleapis.com/maven2/org/wso2/carbon/identity/local/auth/magiclink/org.wso2.carbon.identity.application.authenticator.magiclink/1.0.3/org.wso2.carbon.identity.application.authenticator.magiclink-1.0.3.jar returned status 404
1.0.30			IOException: Tail request on https://maven-central.storage-download.googleapis.com/maven2/org/wso2/carbon/identity/local/auth/magiclink/org.wso2.carbon.identity.application.authenticator.magiclink/1.0.30/org.wso2.carbon.identity.application.authenticator.magiclink-1.0.30.jar returned status 404
1.0.300			IOException: Tail request on https://maven-central.storage-download.googleapis.com/maven2/org/wso2/carbon/identity/local/auth/magiclink/org.wso2.carbon.identity.application.authenticator.magiclink/1.0.300/org.wso2.carbon.identity.application.authenticator.magiclink-1.0.300.jar returned status 404
1.0.301			IOException: Tail request on https://maven-central.storage-download.googleapis.com/maven2/org/wso2/carbon/identity/local/auth/magiclink/org.wso2.carbon.identity.application.authenticator.magiclink/1.0.301/org.wso2.carbon.identity.application.authenticator.magiclink-1.0.301.jar returned status 404
1.0.302			IOException: Tail request on https://maven-central.storage-download.googleapis.com/maven2/org/wso2/carbon/identity/local/auth/magiclink/org.wso2.carbon.identity.application.authenticator.magiclink/1.0.302/org.wso2.carbon.identity.application.authenticator.magiclink-1.0.302.jar returned status 404
1.0.303			IOException: Tail request on https://maven-central.storage-download.googleapis.com/maven2/org/wso2/carbon/identity/local/auth/magiclink/org.wso2.carbon.identity.application.authenticator.magiclink/1.0.303/org.wso2.carbon.identity.application.authenticator.magiclink-1.0.303.jar returned status 404
1.0.304			IOException: Tail request on https://maven-central.storage-download.googleapis.com/maven2/org/wso2/carbon/identity/local/auth/magiclink/org.wso2.carbon.identity.application.authenticator.magiclink/1.0.304/org.wso2.carbon.identity.application.authenticator.magiclink-1.0.304.jar returned status 404
1.0.305			IOException: Tail request on https://maven-central.storage-download.googleapis.com/maven2/org/wso2/carbon/identity/local/auth/magiclink/org.wso2.carbon.identity.application.authenticator.magiclink/1.0.305/org.wso2.carbon.identity.application.authenticator.magiclink-1.0.305.jar returned status 404
1.0.306			IOException: Tail request on https://maven-central.storage-download.googleapis.com/maven2/org/wso2/carbon/identity/local/auth/magiclink/org.wso2.carbon.identity.application.authenticator.magiclink/1.0.306/org.wso2.carbon.identity.application.authenticator.magiclink-1.0.306.jar returned status 404
1.0.307			IOException: Tail request on https://maven-central.storage-download.googleapis.com/maven2/org/wso2/carbon/identity/local/auth/magiclink/org.wso2.carbon.identity.application.authenticator.magiclink/1.0.307/org.wso2.carbon.identity.application.authenticator.magiclink-1.0.307.jar returned status 404
1.0.308			IOException: Tail request on https://maven-central.storage-download.googleapis.com/maven2/org/wso2/carbon/identity/local/auth/magiclink/org.wso2.carbon.identity.application.authenticator.magiclink/1.0.308/org.wso2.carbon.identity.application.authenticator.magiclink-1.0.308.jar returned status 404
1.0.309			IOException: Tail request on https://maven-central.storage-download.googleapis.com/maven2/org/wso2/carbon/identity/local/auth/magiclink/org.wso2.carbon.identity.application.authenticator.magiclink/1.0.309/org.wso2.carbon.identity.application.authenticator.magiclink-1.0.309.jar returned status 404
1.0.31			IOException: Tail request on https://maven-central.storage-download.googleapis.com/maven2/org/wso2/carbon/identity/local/auth/magiclink/org.wso2.carbon.identity.application.authenticator.magiclink/1.0.31/org.wso2.carbon.identity.application.authenticator.magiclink-1.0.31.jar returned status 404
1.0.310			IOException: Tail request on https://maven-central.storage-download.googleapis.com/maven2/org/wso2/carbon/identity/local/auth/magiclink/org.wso2.carbon.identity.application.authenticator.magiclink/1.0.310/org.wso2.carbon.identity.application.authenticator.magiclink-1.0.310.jar returned status 404
1.0.311			IOException: Tail request on https://maven-central.storage-download.googleapis.com/maven2/org/wso2/carbon/identity/local/auth/magiclink/org.wso2.carbon.identity.application.authenticator.magiclink/1.0.311/org.wso2.carbon.identity.application.authenticator.magiclink-1.0.311.jar returned status 404
1.0.312			IOException: Tail request on https://maven-central.storage-download.googleapis.com/maven2/org/wso2/carbon/identity/local/auth/magiclink/org.wso2.carbon.identity.application.authenticator.magiclink/1.0.312/org.wso2.carbon.identity.application.authenticator.magiclink-1.0.312.jar returned status 404
1.0.313			IOException: Tail request on https://maven-central.storage-download.googleapis.com/maven2/org/wso2/carbon/identity/local/auth/magiclink/org.wso2.carbon.identity.application.authenticator.magiclink/1.0.313/org.wso2.carbon.identity.application.authenticator.magiclink-1.0.313.jar returned status 404
1.0.314			IOException: Tail request on https://maven-central.storage-download.googleapis.com/maven2/org/wso2/carbon/identity/local/auth/magiclink/org.wso2.carbon.identity.application.authenticator.magiclink/1.0.314/org.wso2.carbon.identity.application.authenticator.magiclink-1.0.314.jar returned status 404
1.0.315			IOException: Tail request on https://maven-central.storage-download.googleapis.com/maven2/org/wso2/carbon/identity/local/auth/magiclink/org.wso2.carbon.identity.application.authenticator.magiclink/1.0.315/org.wso2.carbon.identity.application.authenticator.magiclink-1.0.315.jar returned status 404
1.0.316			IOException: Tail request on https://maven-central.storage-download.googleapis.com/maven2/org/wso2/carbon/identity/local/auth/magiclink/org.wso2.carbon.identity.application.authenticator.magiclink/1.0.316/org.wso2.carbon.identity.application.authenticator.magiclink-1.0.316.jar returned status 404
1.0.317			IOException: Tail request on https://maven-central.storage-download.googleapis.com/maven2/org/wso2/carbon/identity/local/auth/magiclink/org.wso2.carbon.identity.application.authenticator.magiclink/1.0.317/org.wso2.carbon.identity.application.authenticator.magiclink-1.0.317.jar returned status 404
1.0.318			IOException: Tail request on https://maven-central.storage-download.googleapis.com/maven2/org/wso2/carbon/identity/local/auth/magiclink/org.wso2.carbon.identity.application.authenticator.magiclink/1.0.318/org.wso2.carbon.identity.application.authenticator.magiclink-1.0.318.jar returned status 404
1.0.319			IOException: Tail request on https://maven-central.storage-download.googleapis.com/maven2/org/wso2/carbon/identity/local/auth/magiclink/org.wso2.carbon.identity.application.authenticator.magiclink/1.0.319/org.wso2.carbon.identity.application.authenticator.magiclink-1.0.319.jar returned status 404
1.0.32			IOException: Tail request on https://maven-central.storage-download.googleapis.com/maven2/org/wso2/carbon/identity/local/auth/magiclink/org.wso2.carbon.identity.application.authenticator.magiclink/1.0.32/org.wso2.carbon.identity.application.authenticator.magiclink-1.0.32.jar returned status 404
1.0.320			IOException: Tail request on https://maven-central.storage-download.googleapis.com/maven2/org/wso2/carbon/identity/local/auth/magiclink/org.wso2.carbon.identity.application.authenticator.magiclink/1.0.320/org.wso2.carbon.identity.application.authenticator.magiclink-1.0.320.jar returned status 404
1.0.321			IOException: Tail request on https://maven-central.storage-download.googleapis.com/maven2/org/wso2/carbon/identity/local/auth/magiclink/org.wso2.carbon.identity.application.authenticator.magiclink/1.0.321/org.wso2.carbon.identity.application.authenticator.magiclink-1.0.321.jar returned status 404
1.0.322			IOException: Tail request on https://maven-central.storage-download.googleapis.com/maven2/org/wso2/carbon/identity/local/auth/magiclink/org.wso2.carbon.identity.application.authenticator.magiclink/1.0.322/org.wso2.carbon.identity.application.authenticator.magiclink-1.0.322.jar returned status 404
1.0.323			IOException: Tail request on https://maven-central.storage-download.googleapis.com/maven2/org/wso2/carbon/identity/local/auth/magiclink/org.wso2.carbon.identity.application.authenticator.magiclink/1.0.323/org.wso2.carbon.identity.application.authenticator.magiclink-1.0.323.jar returned status 404
1.0.324			IOException: Tail request on https://maven-central.storage-download.googleapis.com/maven2/org/wso2/carbon/identity/local/auth/magiclink/org.wso2.carbon.identity.application.authenticator.magiclink/1.0.324/org.wso2.carbon.identity.application.authenticator.magiclink-1.0.324.jar returned status 404
1.0.325			IOException: Tail request on https://maven-central.storage-download.googleapis.com/maven2/org/wso2/carbon/identity/local/auth/magiclink/org.wso2.carbon.identity.application.authenticator.magiclink/1.0.325/org.wso2.carbon.identity.application.authenticator.magiclink-1.0.325.jar returned status 404
1.0.326			IOException: Tail request on https://maven-central.storage-download.googleapis.com/maven2/org/wso2/carbon/identity/local/auth/magiclink/org.wso2.carbon.identity.application.authenticator.magiclink/1.0.326/org.wso2.carbon.identity.application.authenticator.magiclink-1.0.326.jar returned status 404
1.0.33			IOException: Tail request on https://maven-central.storage-download.googleapis.com/maven2/org/wso2/carbon/identity/local/auth/magiclink/org.wso2.carbon.identity.application.authenticator.magiclink/1.0.33/org.wso2.carbon.identity.application.authenticator.magiclink-1.0.33.jar returned status 404
1.0.34			IOException: Tail request on https://maven-central.storage-download.googleapis.com/maven2/org/wso2/carbon/identity/local/auth/magiclink/org.wso2.carbon.identity.application.authenticator.magiclink/1.0.34/org.wso2.carbon.identity.application.authenticator.magiclink-1.0.34.jar returned status 404
1.0.35			IOException: Tail request on https://maven-central.storage-download.googleapis.com/maven2/org/wso2/carbon/identity/local/auth/magiclink/org.wso2.carbon.identity.application.authenticator.magiclink/1.0.35/org.wso2.carbon.identity.application.authenticator.magiclink-1.0.35.jar returned status 404
1.0.36			IOException: Tail request on https://maven-central.storage-download.googleapis.com/maven2/org/wso2/carbon/identity/local/auth/magiclink/org.wso2.carbon.identity.application.authenticator.magiclink/1.0.36/org.wso2.carbon.identity.application.authenticator.magiclink-1.0.36.jar returned status 404
1.0.37			IOException: Tail request on https://maven-central.storage-download.googleapis.com/maven2/org/wso2/carbon/identity/local/auth/magiclink/org.wso2.carbon.identity.application.authenticator.magiclink/1.0.37/org.wso2.carbon.identity.application.authenticator.magiclink-1.0.37.jar returned status 404
1.0.38			IOException: Tail request on https://maven-central.storage-download.googleapis.com/maven2/org/wso2/carbon/identity/local/auth/magiclink/org.wso2.carbon.identity.application.authenticator.magiclink/1.0.38/org.wso2.carbon.identity.application.authenticator.magiclink-1.0.38.jar returned status 404
1.0.39			IOException: Tail request on https://maven-central.storage-download.googleapis.com/maven2/org/wso2/carbon/identity/local/auth/magiclink/org.wso2.carbon.identity.application.authenticator.magiclink/1.0.39/org.wso2.carbon.identity.application.authenticator.magiclink-1.0.39.jar returned status 404
1.0.4			IOException: Tail request on https://maven-central.storage-download.googleapis.com/maven2/org/wso2/carbon/identity/local/auth/magiclink/org.wso2.carbon.identity.application.authenticator.magiclink/1.0.4/org.wso2.carbon.identity.application.authenticator.magiclink-1.0.4.jar returned status 404
1.0.40			IOException: Tail request on https://maven-central.storage-download.googleapis.com/maven2/org/wso2/carbon/identity/local/auth/magiclink/org.wso2.carbon.identity.application.authenticator.magiclink/1.0.40/org.wso2.carbon.identity.application.authenticator.magiclink-1.0.40.jar returned status 404
1.0.41			IOException: Tail request on https://maven-central.storage-download.googleapis.com/maven2/org/wso2/carbon/identity/local/auth/magiclink/org.wso2.carbon.identity.application.authenticator.magiclink/1.0.41/org.wso2.carbon.identity.application.authenticator.magiclink-1.0.41.jar returned status 404
1.0.42			IOException: Tail request on https://maven-central.storage-download.googleapis.com/maven2/org/wso2/carbon/identity/local/auth/magiclink/org.wso2.carbon.identity.application.authenticator.magiclink/1.0.42/org.wso2.carbon.identity.application.authenticator.magiclink-1.0.42.jar returned status 404
1.0.43			IOException: Tail request on https://maven-central.storage-download.googleapis.com/maven2/org/wso2/carbon/identity/local/auth/magiclink/org.wso2.carbon.identity.application.authenticator.magiclink/1.0.43/org.wso2.carbon.identity.application.authenticator.magiclink-1.0.43.jar returned status 404
1.0.44			IOException: Tail request on https://maven-central.storage-download.googleapis.com/maven2/org/wso2/carbon/identity/local/auth/magiclink/org.wso2.carbon.identity.application.authenticator.magiclink/1.0.44/org.wso2.carbon.identity.application.authenticator.magiclink-1.0.44.jar returned status 404
1.0.45			IOException: Tail request on https://maven-central.storage-download.googleapis.com/maven2/org/wso2/carbon/identity/local/auth/magiclink/org.wso2.carbon.identity.application.authenticator.magiclink/1.0.45/org.wso2.carbon.identity.application.authenticator.magiclink-1.0.45.jar returned status 404
1.0.46			IOException: Tail request on https://maven-central.storage-download.googleapis.com/maven2/org/wso2/carbon/identity/local/auth/magiclink/org.wso2.carbon.identity.application.authenticator.magiclink/1.0.46/org.wso2.carbon.identity.application.authenticator.magiclink-1.0.46.jar returned status 404
1.0.47			IOException: Tail request on https://maven-central.storage-download.googleapis.com/maven2/org/wso2/carbon/identity/local/auth/magiclink/org.wso2.carbon.identity.application.authenticator.magiclink/1.0.47/org.wso2.carbon.identity.application.authenticator.magiclink-1.0.47.jar returned status 404
1.0.48			IOException: Tail request on https://maven-central.storage-download.googleapis.com/maven2/org/wso2/carbon/identity/local/auth/magiclink/org.wso2.carbon.identity.application.authenticator.magiclink/1.0.48/org.wso2.carbon.identity.application.authenticator.magiclink-1.0.48.jar returned status 404
1.0.49			IOException: Tail request on https://maven-central.storage-download.googleapis.com/maven2/org/wso2/carbon/identity/local/auth/magiclink/org.wso2.carbon.identity.application.authenticator.magiclink/1.0.49/org.wso2.carbon.identity.application.authenticator.magiclink-1.0.49.jar returned status 404
1.0.5		2022-07-15T05:54:05Z	
1.0.50			IOException: Tail request on https://maven-central.storage-download.googleapis.com/maven2/org/wso2/carbon/identity/local/auth/magiclink/org.wso2.carbon.identity.application.authenticator.magiclink/1.0.50/org.wso2.carbon.identity.application.authenticator.magiclink-1.0.50.jar returned status 404
1.0.51			IOException: Tail request on https://maven-central.storage-download.googleapis.com/maven2/org/wso2/carbon/identity/local/auth/magiclink/org.wso2.carbon.identity.application.authenticator.magiclink/1.0.51/org.wso2.carbon.identity.application.authenticator.magiclink-1.0.51.jar returned status 404
1.0.52			IOException: Tail request on https://maven-central.storage-download.googleapis.com/maven2/org/wso2/carbon/identity/local/auth/magiclink/org.wso2.carbon.identity.application.authenticator.magiclink/1.0.52/org.wso2.carbon.identity.application.authenticator.magiclink-1.0.52.jar returned status 404
1.0.53			IOException: Tail request on https://maven-central.storage-download.googleapis.com/maven2/org/wso2/carbon/identity/local/auth/magiclink/org.wso2.carbon.identity.application.authenticator.magiclink/1.0.53/org.wso2.carbon.identity.application.authenticator.magiclink-1.0.53.jar returned status 404
1.0.54			IOException: Tail request on https://maven-central.storage-download.googleapis.com/maven2/org/wso2/carbon/identity/local/auth/magiclink/org.wso2.carbon.identity.application.authenticator.magiclink/1.0.54/org.wso2.carbon.identity.application.authenticator.magiclink-1.0.54.jar returned status 404
1.0.55			IOException: Tail request on https://maven-central.storage-download.googleapis.com/maven2/org/wso2/carbon/identity/local/auth/magiclink/org.wso2.carbon.identity.application.authenticator.magiclink/1.0.55/org.wso2.carbon.identity.application.authenticator.magiclink-1.0.55.jar returned status 404
1.0.56			IOException: Tail request on https://maven-central.storage-download.googleapis.com/maven2/org/wso2/carbon/identity/local/auth/magiclink/org.wso2.carbon.identity.application.authenticator.magiclink/1.0.56/org.wso2.carbon.identity.application.authenticator.magiclink-1.0.56.jar returned status 404
1.0.57			IOException: Tail request on https://maven-central.storage-download.googleapis.com/maven2/org/wso2/carbon/identity/local/auth/magiclink/org.wso2.carbon.identity.application.authenticator.magiclink/1.0.57/org.wso2.carbon.identity.application.authenticator.magiclink-1.0.57.jar returned status 404
1.0.58			IOException: Tail request on https://maven-central.storage-download.googleapis.com/maven2/org/wso2/carbon/identity/local/auth/magiclink/org.wso2.carbon.identity.application.authenticator.magiclink/1.0.58/org.wso2.carbon.identity.application.authenticator.magiclink-1.0.58.jar returned status 404
1.0.59			IOException: Tail request on https://maven-central.storage-download.googleapis.com/maven2/org/wso2/carbon/identity/local/auth/magiclink/org.wso2.carbon.identity.application.authenticator.magiclink/1.0.59/org.wso2.carbon.identity.application.authenticator.magiclink-1.0.59.jar returned status 404
1.0.60			IOException: Tail request on https://maven-central.storage-download.googleapis.com/maven2/org/wso2/carbon/identity/local/auth/magiclink/org.wso2.carbon.identity.application.authenticator.magiclink/1.0.60/org.wso2.carbon.identity.application.authenticator.magiclink-1.0.60.jar returned status 404
1.0.61			IOException: Tail request on https://maven-central.storage-download.googleapis.com/maven2/org/wso2/carbon/identity/local/auth/magiclink/org.wso2.carbon.identity.application.authenticator.magiclink/1.0.61/org.wso2.carbon.identity.application.authenticator.magiclink-1.0.61.jar returned status 404
1.0.62			IOException: Tail request on https://maven-central.storage-download.googleapis.com/maven2/org/wso2/carbon/identity/local/auth/magiclink/org.wso2.carbon.identity.application.authenticator.magiclink/1.0.62/org.wso2.carbon.identity.application.authenticator.magiclink-1.0.62.jar returned status 404
1.0.63			IOException: Tail request on https://maven-central.storage-download.googleapis.com/maven2/org/wso2/carbon/identity/local/auth/magiclink/org.wso2.carbon.identity.application.authenticator.magiclink/1.0.63/org.wso2.carbon.identity.application.authenticator.magiclink-1.0.63.jar returned status 404
1.0.64			IOException: Tail request on https://maven-central.storage-download.googleapis.com/maven2/org/wso2/carbon/identity/local/auth/magiclink/org.wso2.carbon.identity.application.authenticator.magiclink/1.0.64/org.wso2.carbon.identity.application.authenticator.magiclink-1.0.64.jar returned status 404
1.0.65			IOException: Tail request on https://maven-central.storage-download.googleapis.com/maven2/org/wso2/carbon/identity/local/auth/magiclink/org.wso2.carbon.identity.application.authenticator.magiclink/1.0.65/org.wso2.carbon.identity.application.authenticator.magiclink-1.0.65.jar returned status 404
1.0.66			IOException: Tail request on https://maven-central.storage-download.googleapis.com/maven2/org/wso2/carbon/identity/local/auth/magiclink/org.wso2.carbon.identity.application.authenticator.magiclink/1.0.66/org.wso2.carbon.identity.application.authenticator.magiclink-1.0.66.jar returned status 404
1.0.67			IOException: Tail request on https://maven-central.storage-download.googleapis.com/maven2/org/wso2/carbon/identity/local/auth/magiclink/org.wso2.carbon.identity.application.authenticator.magiclink/1.0.67/org.wso2.carbon.identity.application.authenticator.magiclink-1.0.67.jar returned status 404
1.0.68			IOException: Tail request on https://maven-central.storage-download.googleapis.com/maven2/org/wso2/carbon/identity/local/auth/magiclink/org.wso2.carbon.identity.application.authenticator.magiclink/1.0.68/org.wso2.carbon.identity.application.authenticator.magiclink-1.0.68.jar returned status 404
1.0.69			IOException: Tail request on https://maven-central.storage-download.googleapis.com/maven2/org/wso2/carbon/identity/local/auth/magiclink/org.wso2.carbon.identity.application.authenticator.magiclink/1.0.69/org.wso2.carbon.identity.application.authenticator.magiclink-1.0.69.jar returned status 404
1.0.70			IOException: Tail request on https://maven-central.storage-download.googleapis.com/maven2/org/wso2/carbon/identity/local/auth/magiclink/org.wso2.carbon.identity.application.authenticator.magiclink/1.0.70/org.wso2.carbon.identity.application.authenticator.magiclink-1.0.70.jar returned status 404
1.0.71			IOException: Tail request on https://maven-central.storage-download.googleapis.com/maven2/org/wso2/carbon/identity/local/auth/magiclink/org.wso2.carbon.identity.application.authenticator.magiclink/1.0.71/org.wso2.carbon.identity.application.authenticator.magiclink-1.0.71.jar returned status 404
1.0.72			IOException: Tail request on https://maven-central.storage-download.googleapis.com/maven2/org/wso2/carbon/identity/local/auth/magiclink/org.wso2.carbon.identity.application.authenticator.magiclink/1.0.72/org.wso2.carbon.identity.application.authenticator.magiclink-1.0.72.jar returned status 404
1.0.73			IOException: Tail request on https://maven-central.storage-download.googleapis.com/maven2/org/wso2/carbon/identity/local/auth/magiclink/org.wso2.carbon.identity.application.authenticator.magiclink/1.0.73/org.wso2.carbon.identity.application.authenticator.magiclink-1.0.73.jar returned status 404
1.0.74			IOException: Tail request on https://maven-central.storage-download.googleapis.com/maven2/org/wso2/carbon/identity/local/auth/magiclink/org.wso2.carbon.identity.application.authenticator.magiclink/1.0.74/org.wso2.carbon.identity.application.authenticator.magiclink-1.0.74.jar returned status 404
1.0.75			IOException: Tail request on https://maven-central.storage-download.googleapis.com/maven2/org/wso2/carbon/identity/local/auth/magiclink/org.wso2.carbon.identity.application.authenticator.magiclink/1.0.75/org.wso2.carbon.identity.application.authenticator.magiclink-1.0.75.jar returned status 404
1.0.76			IOException: Tail request on https://maven-central.storage-download.googleapis.com/maven2/org/wso2/carbon/identity/local/auth/magiclink/org.wso2.carbon.identity.application.authenticator.magiclink/1.0.76/org.wso2.carbon.identity.application.authenticator.magiclink-1.0.76.jar returned status 404
1.0.77			IOException: Tail request on https://maven-central.storage-download.googleapis.com/maven2/org/wso2/carbon/identity/local/auth/magiclink/org.wso2.carbon.identity.application.authenticator.magiclink/1.0.77/org.wso2.carbon.identity.application.authenticator.magiclink-1.0.77.jar returned status 404
1.0.78			IOException: Tail request on https://maven-central.storage-download.googleapis.com/maven2/org/wso2/carbon/identity/local/auth/magiclink/org.wso2.carbon.identity.application.authenticator.magiclink/1.0.78/org.wso2.carbon.identity.application.authenticator.magiclink-1.0.78.jar returned status 404
1.0.79			IOException: Tail request on https://maven-central.storage-download.googleapis.com/maven2/org/wso2/carbon/identity/local/auth/magiclink/org.wso2.carbon.identity.application.authenticator.magiclink/1.0.79/org.wso2.carbon.identity.application.authenticator.magiclink-1.0.79.jar returned status 404
1.0.8		2022-07-19T05:42:21Z	
1.0.80			IOException: Tail request on https://maven-central.storage-download.googleapis.com/maven2/org/wso2/carbon/identity/local/auth/magiclink/org.wso2.carbon.identity.application.authenticator.magiclink/1.0.80/org.wso2.carbon.identity.application.authenticator.magiclink-1.0.80.jar returned status 404
1.0.81			IOException: Tail request on https://maven-central.storage-download.googleapis.com/maven2/org/wso2/carbon/identity/local/auth/magiclink/org.wso2.carbon.identity.application.authenticator.magiclink/1.0.81/org.wso2.carbon.identity.application.authenticator.magiclink-1.0.81.jar returned status 404
1.0.82			IOException: Tail request on https://maven-central.storage-download.googleapis.com/maven2/org/wso2/carbon/identity/local/auth/magiclink/org.wso2.carbon.identity.application.authenticator.magiclink/1.0.82/org.wso2.carbon.identity.application.authenticator.magiclink-1.0.82.jar returned status 404
1.0.83			IOException: Tail request on https://maven-central.storage-download.googleapis.com/maven2/org/wso2/carbon/identity/local/auth/magiclink/org.wso2.carbon.identity.application.authenticator.magiclink/1.0.83/org.wso2.carbon.identity.application.authenticator.magiclink-1.0.83.jar returned status 404
1.0.84			IOException: Tail request on https://maven-central.storage-download.googleapis.com/maven2/org/wso2/carbon/identity/local/auth/magiclink/org.wso2.carbon.identity.application.authenticator.magiclink/1.0.84/org.wso2.carbon.identity.application.authenticator.magiclink-1.0.84.jar returned status 404
1.0.85			IOException: Tail request on https://maven-central.storage-download.googleapis.com/maven2/org/wso2/carbon/identity/local/auth/magiclink/org.wso2.carbon.identity.application.authenticator.magiclink/1.0.85/org.wso2.carbon.identity.application.authenticator.magiclink-1.0.85.jar returned status 404
1.0.86			IOException: Tail request on https://maven-central.storage-download.googleapis.com/maven2/org/wso2/carbon/identity/local/auth/magiclink/org.wso2.carbon.identity.application.authenticator.magiclink/1.0.86/org.wso2.carbon.identity.application.authenticator.magiclink-1.0.86.jar returned status 404
1.0.87			IOException: Tail request on https://maven-central.storage-download.googleapis.com/maven2/org/wso2/carbon/identity/local/auth/magiclink/org.wso2.carbon.identity.application.authenticator.magiclink/1.0.87/org.wso2.carbon.identity.application.authenticator.magiclink-1.0.87.jar returned status 404
1.0.88			IOException: Tail request on https://maven-central.storage-download.googleapis.com/maven2/org/wso2/carbon/identity/local/auth/magiclink/org.wso2.carbon.identity.application.authenticator.magiclink/1.0.88/org.wso2.carbon.identity.application.authenticator.magiclink-1.0.88.jar returned status 404
1.0.89			IOException: Tail request on https://maven-central.storage-download.googleapis.com/maven2/org/wso2/carbon/identity/local/auth/magiclink/org.wso2.carbon.identity.application.authenticator.magiclink/1.0.89/org.wso2.carbon.identity.application.authenticator.magiclink-1.0.89.jar returned status 404
1.0.9		2022-07-19T05:49:33Z	
1.0.90			IOException: Tail request on https://maven-central.storage-download.googleapis.com/maven2/org/wso2/carbon/identity/local/auth/magiclink/org.wso2.carbon.identity.application.authenticator.magiclink/1.0.90/org.wso2.carbon.identity.application.authenticator.magiclink-1.0.90.jar returned status 404
1.0.91			IOException: Tail request on https://maven-central.storage-download.googleapis.com/maven2/org/wso2/carbon/identity/local/auth/magiclink/org.wso2.carbon.identity.application.authenticator.magiclink/1.0.91/org.wso2.carbon.identity.application.authenticator.magiclink-1.0.91.jar returned status 404
1.0.92			IOException: Tail request on https://maven-central.storage-download.googleapis.com/maven2/org/wso2/carbon/identity/local/auth/magiclink/org.wso2.carbon.identity.application.authenticator.magiclink/1.0.92/org.wso2.carbon.identity.application.authenticator.magiclink-1.0.92.jar returned status 404
1.0.93			IOException: Tail request on https://maven-central.storage-download.googleapis.com/maven2/org/wso2/carbon/identity/local/auth/magiclink/org.wso2.carbon.identity.application.authenticator.magiclink/1.0.93/org.wso2.carbon.identity.application.authenticator.magiclink-1.0.93.jar returned status 404
1.0.94			IOException: Tail request on https://maven-central.storage-download.googleapis.com/maven2/org/wso2/carbon/identity/local/auth/magiclink/org.wso2.carbon.identity.application.authenticator.magiclink/1.0.94/org.wso2.carbon.identity.application.authenticator.magiclink-1.0.94.jar returned status 404
1.0.95			IOException: Tail request on https://maven-central.storage-download.googleapis.com/maven2/org/wso2/carbon/identity/local/auth/magiclink/org.wso2.carbon.identity.application.authenticator.magiclink/1.0.95/org.wso2.carbon.identity.application.authenticator.magiclink-1.0.95.jar returned status 404
1.0.96			IOException: Tail request on https://maven-central.storage-download.googleapis.com/maven2/org/wso2/carbon/identity/local/auth/magiclink/org.wso2.carbon.identity.application.authenticator.magiclink/1.0.96/org.wso2.carbon.identity.application.authenticator.magiclink-1.0.96.jar returned status 404
1.0.97			IOException: Tail request on https://maven-central.storage-download.googleapis.com/maven2/org/wso2/carbon/identity/local/auth/magiclink/org.wso2.carbon.identity.application.authenticator.magiclink/1.0.97/org.wso2.carbon.identity.application.authenticator.magiclink-1.0.97.jar returned status 404
1.0.98			IOException: Tail request on https://maven-central.storage-download.googleapis.com/maven2/org/wso2/carbon/identity/local/auth/magiclink/org.wso2.carbon.identity.application.authenticator.magiclink/1.0.98/org.wso2.carbon.identity.application.authenticator.magiclink-1.0.98.jar returned status 404
1.0.99			IOException: Tail request on https://maven-central.storage-download.googleapis.com/maven2/org/wso2/carbon/identity/local/auth/magiclink/org.wso2.carbon.identity.application.authenticator.magiclink/1.0.99/org.wso2.carbon.identity.application.authenticator.magiclink-1.0.99.jar returned status 404
1.1.0		2022-08-08T07:52:40Z	
1.1.1		2022-08-16T10:20:46Z	
1.1.10			IOException: Tail request on https://maven-central.storage-download.googleapis.com/maven2/org/wso2/carbon/identity/local/auth/magiclink/org.wso2.carbon.identity.application.authenticator.magiclink/1.1.10/org.wso2.carbon.identity.application.authenticator.magiclink-1.1.10.jar returned status 404
1.1.11			IOException: Tail request on https://maven-central.storage-download.googleapis.com/maven2/org/wso2/carbon/identity/local/auth/magiclink/org.wso2.carbon.identity.application.authenticator.magiclink/1.1.11/org.wso2.carbon.identity.application.authenticator.magiclink-1.1.11.jar returned status 404
1.1.12			IOException: Tail request on https://maven-central.storage-download.googleapis.com/maven2/org/wso2/carbon/identity/local/auth/magiclink/org.wso2.carbon.identity.application.authenticator.magiclink/1.1.12/org.wso2.carbon.identity.application.authenticator.magiclink-1.1.12.jar returned status 404
1.1.13			IOException: Tail request on https://maven-central.storage-download.googleapis.com/maven2/org/wso2/carbon/identity/local/auth/magiclink/org.wso2.carbon.identity.application.authenticator.magiclink/1.1.13/org.wso2.carbon.identity.application.authenticator.magiclink-1.1.13.jar returned status 404
1.1.14			IOException: Tail request on https://maven-central.storage-download.googleapis.com/maven2/org/wso2/carbon/identity/local/auth/magiclink/org.wso2.carbon.identity.application.authenticator.magiclink/1.1.14/org.wso2.carbon.identity.application.authenticator.magiclink-1.1.14.jar returned status 404
1.1.15			IOException: Tail request on https://maven-central.storage-download.googleapis.com/maven2/org/wso2/carbon/identity/local/auth/magiclink/org.wso2.carbon.identity.application.authenticator.magiclink/1.1.15/org.wso2.carbon.identity.application.authenticator.magiclink-1.1.15.jar returned status 404
1.1.16			IOException: Tail request on https://maven-central.storage-download.googleapis.com/maven2/org/wso2/carbon/identity/local/auth/magiclink/org.wso2.carbon.identity.application.authenticator.magiclink/1.1.16/org.wso2.carbon.identity.application.authenticator.magiclink-1.1.16.jar returned status 404
1.1.17			IOException: Tail request on https://maven-central.storage-download.googleapis.com/maven2/org/wso2/carbon/identity/local/auth/magiclink/org.wso2.carbon.identity.application.authenticator.magiclink/1.1.17/org.wso2.carbon.identity.application.authenticator.magiclink-1.1.17.jar returned status 404
1.1.18			IOException: Tail request on https://maven-central.storage-download.googleapis.com/maven2/org/wso2/carbon/identity/local/auth/magiclink/org.wso2.carbon.identity.application.authenticator.magiclink/1.1.18/org.wso2.carbon.identity.application.authenticator.magiclink-1.1.18.jar returned status 404
1.1.19			IOException: Tail request on https://maven-central.storage-download.googleapis.com/maven2/org/wso2/carbon/identity/local/auth/magiclink/org.wso2.carbon.identity.application.authenticator.magiclink/1.1.19/org.wso2.carbon.identity.application.authenticator.magiclink-1.1.19.jar returned status 404
1.1.2		2022-08-23T10:39:27Z	
1.1.20			IOException: Tail request on https://maven-central.storage-download.googleapis.com/maven2/org/wso2/carbon/identity/local/auth/magiclink/org.wso2.carbon.identity.application.authenticator.magiclink/1.1.20/org.wso2.carbon.identity.application.authenticator.magiclink-1.1.20.jar returned status 404
1.1.21			IOException: Tail request on https://maven-central.storage-download.googleapis.com/maven2/org/wso2/carbon/identity/local/auth/magiclink/org.wso2.carbon.identity.application.authenticator.magiclink/1.1.21/org.wso2.carbon.identity.application.authenticator.magiclink-1.1.21.jar returned status 404
1.1.22			IOException: Tail request on https://maven-central.storage-download.googleapis.com/maven2/org/wso2/carbon/identity/local/auth/magiclink/org.wso2.carbon.identity.application.authenticator.magiclink/1.1.22/org.wso2.carbon.identity.application.authenticator.magiclink-1.1.22.jar returned status 404
1.1.23		2024-03-18T11:57:21Z	
1.1.24			IOException: Tail request on https://maven-central.storage-download.googleapis.com/maven2/org/wso2/carbon/identity/local/auth/magiclink/org.wso2.carbon.identity.application.authenticator.magiclink/1.1.24/org.wso2.carbon.identity.application.authenticator.magiclink-1.1.24.jar returned status 404
1.1.25		2024-04-16T04:54:07Z	
1.1.26			IOException: Tail request on https://maven-central.storage-download.googleapis.com/maven2/org/wso2/carbon/identity/local/auth/magiclink/org.wso2.carbon.identity.application.authenticator.magiclink/1.1.26/org.wso2.carbon.identity.application.authenticator.magiclink-1.1.26.jar returned status 404
1.1.27			IOException: Tail request on https://maven-central.storage-download.googleapis.com/maven2/org/wso2/carbon/identity/local/auth/magiclink/org.wso2.carbon.identity.application.authenticator.magiclink/1.1.27/org.wso2.carbon.identity.application.authenticator.magiclink-1.1.27.jar returned status 404
1.1.28			IOException: Tail request on https://maven-central.storage-download.googleapis.com/maven2/org/wso2/carbon/identity/local/auth/magiclink/org.wso2.carbon.identity.application.authenticator.magiclink/1.1.28/org.wso2.carbon.identity.application.authenticator.magiclink-1.1.28.jar returned status 404
1.1.29			IOException: Tail request on https://maven-central.storage-download.googleapis.com/maven2/org/wso2/carbon/identity/local/auth/magiclink/org.wso2.carbon.identity.application.authenticator.magiclink/1.1.29/org.wso2.carbon.identity.application.authenticator.magiclink-1.1.29.jar returned status 404
1.1.3		2022-09-14T04:10:22Z	
1.1.30			IOException: Tail request on https://maven-central.storage-download.googleapis.com/maven2/org/wso2/carbon/identity/local/auth/magiclink/org.wso2.carbon.identity.application.authenticator.magiclink/1.1.30/org.wso2.carbon.identity.application.authenticator.magiclink-1.1.30.jar returned status 404
1.1.31		2025-02-17T13:23:26Z	
1.1.32			IOException: Tail request on https://maven-central.storage-download.googleapis.com/maven2/org/wso2/carbon/identity/local/auth/magiclink/org.wso2.carbon.identity.application.authenticator.magiclink/1.1.32/org.wso2.carbon.identity.application.authenticator.magiclink-1.1.32.jar returned status 404
1.1.33			IOException: Tail request on https://maven-central.storage-download.googleapis.com/maven2/org/wso2/carbon/identity/local/auth/magiclink/org.wso2.carbon.identity.application.authenticator.magiclink/1.1.33/org.wso2.carbon.identity.application.authenticator.magiclink-1.1.33.jar returned status 404
1.1.34			IOException: Tail request on https://maven-central.storage-download.googleapis.com/maven2/org/wso2/carbon/identity/local/auth/magiclink/org.wso2.carbon.identity.application.authenticator.magiclink/1.1.34/org.wso2.carbon.identity.application.authenticator.magiclink-1.1.34.jar returned status 404
1.1.35			IOException: Tail request on https://maven-central.storage-download.googleapis.com/maven2/org/wso2/carbon/identity/local/auth/magiclink/org.wso2.carbon.identity.application.authenticator.magiclink/1.1.35/org.wso2.carbon.identity.application.authenticator.magiclink-1.1.35.jar returned status 404
1.1.36			IOException: Tail request on https://maven-central.storage-download.googleapis.com/maven2/org/wso2/carbon/identity/local/auth/magiclink/org.wso2.carbon.identity.application.authenticator.magiclink/1.1.36/org.wso2.carbon.identity.application.authenticator.magiclink-1.1.36.jar returned status 404
1.1.37			IOException: Tail request on https://maven-central.storage-download.googleapis.com/maven2/org/wso2/carbon/identity/local/auth/magiclink/org.wso2.carbon.identity.application.authenticator.magiclink/1.1.37/org.wso2.carbon.identity.application.authenticator.magiclink-1.1.37.jar returned status 404
1.1.38			IOException: Tail request on https://maven-central.storage-download.googleapis.com/maven2/org/wso2/carbon/identity/local/auth/magiclink/org.wso2.carbon.identity.application.authenticator.magiclink/1.1.38/org.wso2.carbon.identity.application.authenticator.magiclink-1.1.38.jar returned status 404
1.1.39			IOException: Tail request on https://maven-central.storage-download.googleapis.com/maven2/org/wso2/carbon/identity/local/auth/magiclink/org.wso2.carbon.identity.application.authenticator.magiclink/1.1.39/org.wso2.carbon.identity.application.authenticator.magiclink-1.1.39.jar returned status 404
1.1.4		2022-10-25T05:50:50Z	
1.1.40			IOException: Tail request on https://maven-central.storage-download.googleapis.com/maven2/org/wso2/carbon/identity/local/auth/magiclink/org.wso2.carbon.identity.application.authenticator.magiclink/1.1.40/org.wso2.carbon.identity.application.authenticator.magiclink-1.1.40.jar returned status 404
1.1.41			IOException: Tail request on https://maven-central.storage-download.googleapis.com/maven2/org/wso2/carbon/identity/local/auth/magiclink/org.wso2.carbon.identity.application.authenticator.magiclink/1.1.41/org.wso2.carbon.identity.application.authenticator.magiclink-1.1.41.jar returned status 404
1.1.42			IOException: Tail request on https://maven-central.storage-download.googleapis.com/maven2/org/wso2/carbon/identity/local/auth/magiclink/org.wso2.carbon.identity.application.authenticator.magiclink/1.1.42/org.wso2.carbon.identity.application.authenticator.magiclink-1.1.42.jar returned status 404
1.1.43			IOException: Tail request on https://maven-central.storage-download.googleapis.com/maven2/org/wso2/carbon/identity/local/auth/magiclink/org.wso2.carbon.identity.application.authenticator.magiclink/1.1.43/org.wso2.carbon.identity.application.authenticator.magiclink-1.1.43.jar returned status 404
1.1.44			IOException: Tail request on https://maven-central.storage-download.googleapis.com/maven2/org/wso2/carbon/identity/local/auth/magiclink/org.wso2.carbon.identity.application.authenticator.magiclink/1.1.44/org.wso2.carbon.identity.application.authenticator.magiclink-1.1.44.jar returned status 404
1.1.45			IOException: Tail request on https://maven-central.storage-download.googleapis.com/maven2/org/wso2/carbon/identity/local/auth/magiclink/org.wso2.carbon.identity.application.authenticator.magiclink/1.1.45/org.wso2.carbon.identity.application.authenticator.magiclink-1.1.45.jar returned status 404
1.1.5		2022-11-24T08:02:00Z	
1.1.6		2023-02-22T02:46:34Z	
1.1.7		2023-03-01T10:14:53Z	
1.1.8		2023-03-20T06:05:51Z	
1.1.9			IOException: Tail request on https://maven-central.storage-download.googleapis.com/maven2/org/wso2/carbon/identity/local/auth/magiclink/org.wso2.carbon.identity.application.authenticator.magiclink/1.1.9/org.wso2.carbon.identity.application.authenticator.magiclink-1.1.9.jar returned status 404
1.2.0		2026-02-12T06:50:28Z	
1.2.1		2026-05-11T11:55:58Z	
1.2.2		2026-06-07T17:27:30Z	
1.2.3			
