1.2.1055			IOException: Tail request on https://maven-central.storage-download.googleapis.com/maven2/org/wso2/identity/apps/login-portal-layouts/1.2.1055/login-portal-layouts-1.2.1055.jar returned status 404
1.2.1056			IOException: Tail request on https://maven-central.storage-download.googleapis.com/maven2/org/wso2/identity/apps/login-portal-layouts/1.2.1056/login-portal-layouts-1.2.1056.jar returned status 404
1.2.1057			IOException: Tail request on https://maven-central.storage-download.googleapis.com/maven2/org/wso2/identity/apps/login-portal-layouts/1.2.1057/login-portal-layouts-1.2.1057.jar returned status 404
1.2.1058			IOException: Tail request on https://maven-central.storage-download.googleapis.com/maven2/org/wso2/identity/apps/login-portal-layouts/1.2.1058/login-portal-layouts-1.2.1058.jar returned status 404
1.2.1059			IOException: Tail request on https://maven-central.storage-download.googleapis.com/maven2/org/wso2/identity/apps/login-portal-layouts/1.2.1059/login-portal-layouts-1.2.1059.jar returned status 404
1.2.1060			IOException: Tail request on https://maven-central.storage-download.googleapis.com/maven2/org/wso2/identity/apps/login-portal-layouts/1.2.1060/login-portal-layouts-1.2.1060.jar returned status 404
1.2.1061			IOException: Tail request on https://maven-central.storage-download.googleapis.com/maven2/org/wso2/identity/apps/login-portal-layouts/1.2.1061/login-portal-layouts-1.2.1061.jar returned status 404
1.2.1062			IOException: Tail request on https://maven-central.storage-download.googleapis.com/maven2/org/wso2/identity/apps/login-portal-layouts/1.2.1062/login-portal-layouts-1.2.1062.jar returned status 404
1.2.1063			IOException: Tail request on https://maven-central.storage-download.googleapis.com/maven2/org/wso2/identity/apps/login-portal-layouts/1.2.1063/login-portal-layouts-1.2.1063.jar returned status 404
1.2.1064			IOException: Tail request on https://maven-central.storage-download.googleapis.com/maven2/org/wso2/identity/apps/login-portal-layouts/1.2.1064/login-portal-layouts-1.2.1064.jar returned status 404
1.2.1065			IOException: Tail request on https://maven-central.storage-download.googleapis.com/maven2/org/wso2/identity/apps/login-portal-layouts/1.2.1065/login-portal-layouts-1.2.1065.jar returned status 404
1.2.1066			IOException: Tail request on https://maven-central.storage-download.googleapis.com/maven2/org/wso2/identity/apps/login-portal-layouts/1.2.1066/login-portal-layouts-1.2.1066.jar returned status 404
1.2.1076			IOException: Tail request on https://maven-central.storage-download.googleapis.com/maven2/org/wso2/identity/apps/login-portal-layouts/1.2.1076/login-portal-layouts-1.2.1076.jar returned status 404
1.2.1077			IOException: Tail request on https://maven-central.storage-download.googleapis.com/maven2/org/wso2/identity/apps/login-portal-layouts/1.2.1077/login-portal-layouts-1.2.1077.jar returned status 404
1.2.1078			IOException: Tail request on https://maven-central.storage-download.googleapis.com/maven2/org/wso2/identity/apps/login-portal-layouts/1.2.1078/login-portal-layouts-1.2.1078.jar returned status 404
1.3.0			IOException: Tail request on https://maven-central.storage-download.googleapis.com/maven2/org/wso2/identity/apps/login-portal-layouts/1.3.0/login-portal-layouts-1.3.0.jar returned status 404
1.3.1			IOException: Tail request on https://maven-central.storage-download.googleapis.com/maven2/org/wso2/identity/apps/login-portal-layouts/1.3.1/login-portal-layouts-1.3.1.jar returned status 404
1.3.10			IOException: Tail request on https://maven-central.storage-download.googleapis.com/maven2/org/wso2/identity/apps/login-portal-layouts/1.3.10/login-portal-layouts-1.3.10.jar returned status 404
1.3.11			IOException: Tail request on https://maven-central.storage-download.googleapis.com/maven2/org/wso2/identity/apps/login-portal-layouts/1.3.11/login-portal-layouts-1.3.11.jar returned status 404
1.3.12			IOException: Tail request on https://maven-central.storage-download.googleapis.com/maven2/org/wso2/identity/apps/login-portal-layouts/1.3.12/login-portal-layouts-1.3.12.jar returned status 404
1.3.13			IOException: Tail request on https://maven-central.storage-download.googleapis.com/maven2/org/wso2/identity/apps/login-portal-layouts/1.3.13/login-portal-layouts-1.3.13.jar returned status 404
1.3.14			IOException: Tail request on https://maven-central.storage-download.googleapis.com/maven2/org/wso2/identity/apps/login-portal-layouts/1.3.14/login-portal-layouts-1.3.14.jar returned status 404
1.3.15			IOException: Tail request on https://maven-central.storage-download.googleapis.com/maven2/org/wso2/identity/apps/login-portal-layouts/1.3.15/login-portal-layouts-1.3.15.jar returned status 404
1.3.16			IOException: Tail request on https://maven-central.storage-download.googleapis.com/maven2/org/wso2/identity/apps/login-portal-layouts/1.3.16/login-portal-layouts-1.3.16.jar returned status 404
1.3.17			IOException: Tail request on https://maven-central.storage-download.googleapis.com/maven2/org/wso2/identity/apps/login-portal-layouts/1.3.17/login-portal-layouts-1.3.17.jar returned status 404
1.3.18			IOException: Tail request on https://maven-central.storage-download.googleapis.com/maven2/org/wso2/identity/apps/login-portal-layouts/1.3.18/login-portal-layouts-1.3.18.jar returned status 404
1.3.19			IOException: Tail request on https://maven-central.storage-download.googleapis.com/maven2/org/wso2/identity/apps/login-portal-layouts/1.3.19/login-portal-layouts-1.3.19.jar returned status 404
1.3.2			IOException: Tail request on https://maven-central.storage-download.googleapis.com/maven2/org/wso2/identity/apps/login-portal-layouts/1.3.2/login-portal-layouts-1.3.2.jar returned status 404
1.3.20			IOException: Tail request on https://maven-central.storage-download.googleapis.com/maven2/org/wso2/identity/apps/login-portal-layouts/1.3.20/login-portal-layouts-1.3.20.jar returned status 404
1.3.21			IOException: Tail request on https://maven-central.storage-download.googleapis.com/maven2/org/wso2/identity/apps/login-portal-layouts/1.3.21/login-portal-layouts-1.3.21.jar returned status 404
1.3.22			IOException: Tail request on https://maven-central.storage-download.googleapis.com/maven2/org/wso2/identity/apps/login-portal-layouts/1.3.22/login-portal-layouts-1.3.22.jar returned status 404
1.3.23			IOException: Tail request on https://maven-central.storage-download.googleapis.com/maven2/org/wso2/identity/apps/login-portal-layouts/1.3.23/login-portal-layouts-1.3.23.jar returned status 404
1.3.24			IOException: Tail request on https://maven-central.storage-download.googleapis.com/maven2/org/wso2/identity/apps/login-portal-layouts/1.3.24/login-portal-layouts-1.3.24.jar returned status 404
1.3.25			IOException: Tail request on https://maven-central.storage-download.googleapis.com/maven2/org/wso2/identity/apps/login-portal-layouts/1.3.25/login-portal-layouts-1.3.25.jar returned status 404
1.3.26			IOException: Tail request on https://maven-central.storage-download.googleapis.com/maven2/org/wso2/identity/apps/login-portal-layouts/1.3.26/login-portal-layouts-1.3.26.jar returned status 404
1.3.27			IOException: Tail request on https://maven-central.storage-download.googleapis.com/maven2/org/wso2/identity/apps/login-portal-layouts/1.3.27/login-portal-layouts-1.3.27.jar returned status 404
1.3.28			IOException: Tail request on https://maven-central.storage-download.googleapis.com/maven2/org/wso2/identity/apps/login-portal-layouts/1.3.28/login-portal-layouts-1.3.28.jar returned status 404
1.3.29			IOException: Tail request on https://maven-central.storage-download.googleapis.com/maven2/org/wso2/identity/apps/login-portal-layouts/1.3.29/login-portal-layouts-1.3.29.jar returned status 404
1.3.3			IOException: Tail request on https://maven-central.storage-download.googleapis.com/maven2/org/wso2/identity/apps/login-portal-layouts/1.3.3/login-portal-layouts-1.3.3.jar returned status 404
1.3.30			IOException: Tail request on https://maven-central.storage-download.googleapis.com/maven2/org/wso2/identity/apps/login-portal-layouts/1.3.30/login-portal-layouts-1.3.30.jar returned status 404
1.3.31			IOException: Tail request on https://maven-central.storage-download.googleapis.com/maven2/org/wso2/identity/apps/login-portal-layouts/1.3.31/login-portal-layouts-1.3.31.jar returned status 404
1.3.32			IOException: Tail request on https://maven-central.storage-download.googleapis.com/maven2/org/wso2/identity/apps/login-portal-layouts/1.3.32/login-portal-layouts-1.3.32.jar returned status 404
1.3.33			IOException: Tail request on https://maven-central.storage-download.googleapis.com/maven2/org/wso2/identity/apps/login-portal-layouts/1.3.33/login-portal-layouts-1.3.33.jar returned status 404
1.3.34			IOException: Tail request on https://maven-central.storage-download.googleapis.com/maven2/org/wso2/identity/apps/login-portal-layouts/1.3.34/login-portal-layouts-1.3.34.jar returned status 404
1.3.35			IOException: Tail request on https://maven-central.storage-download.googleapis.com/maven2/org/wso2/identity/apps/login-portal-layouts/1.3.35/login-portal-layouts-1.3.35.jar returned status 404
1.3.36			IOException: Tail request on https://maven-central.storage-download.googleapis.com/maven2/org/wso2/identity/apps/login-portal-layouts/1.3.36/login-portal-layouts-1.3.36.jar returned status 404
1.3.37			IOException: Tail request on https://maven-central.storage-download.googleapis.com/maven2/org/wso2/identity/apps/login-portal-layouts/1.3.37/login-portal-layouts-1.3.37.jar returned status 404
1.3.38			IOException: Tail request on https://maven-central.storage-download.googleapis.com/maven2/org/wso2/identity/apps/login-portal-layouts/1.3.38/login-portal-layouts-1.3.38.jar returned status 404
1.3.39			IOException: Tail request on https://maven-central.storage-download.googleapis.com/maven2/org/wso2/identity/apps/login-portal-layouts/1.3.39/login-portal-layouts-1.3.39.jar returned status 404
1.3.4			IOException: Tail request on https://maven-central.storage-download.googleapis.com/maven2/org/wso2/identity/apps/login-portal-layouts/1.3.4/login-portal-layouts-1.3.4.jar returned status 404
1.3.40			IOException: Tail request on https://maven-central.storage-download.googleapis.com/maven2/org/wso2/identity/apps/login-portal-layouts/1.3.40/login-portal-layouts-1.3.40.jar returned status 404
1.3.41			IOException: Tail request on https://maven-central.storage-download.googleapis.com/maven2/org/wso2/identity/apps/login-portal-layouts/1.3.41/login-portal-layouts-1.3.41.jar returned status 404
1.3.42			IOException: Tail request on https://maven-central.storage-download.googleapis.com/maven2/org/wso2/identity/apps/login-portal-layouts/1.3.42/login-portal-layouts-1.3.42.jar returned status 404
1.3.43			IOException: Tail request on https://maven-central.storage-download.googleapis.com/maven2/org/wso2/identity/apps/login-portal-layouts/1.3.43/login-portal-layouts-1.3.43.jar returned status 404
1.3.44			IOException: Tail request on https://maven-central.storage-download.googleapis.com/maven2/org/wso2/identity/apps/login-portal-layouts/1.3.44/login-portal-layouts-1.3.44.jar returned status 404
1.3.46			IOException: Tail request on https://maven-central.storage-download.googleapis.com/maven2/org/wso2/identity/apps/login-portal-layouts/1.3.46/login-portal-layouts-1.3.46.jar returned status 404
1.3.47			IOException: Tail request on https://maven-central.storage-download.googleapis.com/maven2/org/wso2/identity/apps/login-portal-layouts/1.3.47/login-portal-layouts-1.3.47.jar returned status 404
1.3.48			IOException: Tail request on https://maven-central.storage-download.googleapis.com/maven2/org/wso2/identity/apps/login-portal-layouts/1.3.48/login-portal-layouts-1.3.48.jar returned status 404
1.3.5			IOException: Tail request on https://maven-central.storage-download.googleapis.com/maven2/org/wso2/identity/apps/login-portal-layouts/1.3.5/login-portal-layouts-1.3.5.jar returned status 404
1.3.6			IOException: Tail request on https://maven-central.storage-download.googleapis.com/maven2/org/wso2/identity/apps/login-portal-layouts/1.3.6/login-portal-layouts-1.3.6.jar returned status 404
1.3.7			IOException: Tail request on https://maven-central.storage-download.googleapis.com/maven2/org/wso2/identity/apps/login-portal-layouts/1.3.7/login-portal-layouts-1.3.7.jar returned status 404
1.3.8			IOException: Tail request on https://maven-central.storage-download.googleapis.com/maven2/org/wso2/identity/apps/login-portal-layouts/1.3.8/login-portal-layouts-1.3.8.jar returned status 404
1.3.9			IOException: Tail request on https://maven-central.storage-download.googleapis.com/maven2/org/wso2/identity/apps/login-portal-layouts/1.3.9/login-portal-layouts-1.3.9.jar returned status 404
1.4.0			IOException: Tail request on https://maven-central.storage-download.googleapis.com/maven2/org/wso2/identity/apps/login-portal-layouts/1.4.0/login-portal-layouts-1.4.0.jar returned status 404
1.4.1			IOException: Tail request on https://maven-central.storage-download.googleapis.com/maven2/org/wso2/identity/apps/login-portal-layouts/1.4.1/login-portal-layouts-1.4.1.jar returned status 404
1.4.10			IOException: Tail request on https://maven-central.storage-download.googleapis.com/maven2/org/wso2/identity/apps/login-portal-layouts/1.4.10/login-portal-layouts-1.4.10.jar returned status 404
1.4.100		2022-09-14T16:41:28Z	
1.4.101		2022-09-15T09:45:26Z	
1.4.102		2022-09-15T12:34:27Z	
1.4.103		2022-09-15T16:59:43Z	
1.4.104		2022-09-16T12:36:57Z	
1.4.105		2022-09-16T15:09:32Z	
1.4.106		2022-09-19T07:01:50Z	
1.4.107		2022-09-19T12:52:23Z	
1.4.108		2022-09-19T19:12:30Z	
1.4.109		2022-09-20T04:21:50Z	
1.4.11			IOException: Tail request on https://maven-central.storage-download.googleapis.com/maven2/org/wso2/identity/apps/login-portal-layouts/1.4.11/login-portal-layouts-1.4.11.jar returned status 404
1.4.110		2022-09-20T06:48:45Z	
1.4.111		2022-09-20T14:14:04Z	
1.4.112		2022-09-20T17:27:18Z	
1.4.113		2022-09-21T06:24:52Z	
1.4.114		2022-09-21T07:45:21Z	
1.4.115		2022-09-21T09:26:26Z	
1.4.116		2022-09-21T11:15:03Z	
1.4.117		2022-09-21T17:05:55Z	
1.4.118		2022-09-22T06:47:30Z	
1.4.119		2022-09-22T11:19:00Z	
1.4.12			IOException: Tail request on https://maven-central.storage-download.googleapis.com/maven2/org/wso2/identity/apps/login-portal-layouts/1.4.12/login-portal-layouts-1.4.12.jar returned status 404
1.4.120		2022-09-22T12:20:23Z	
1.4.121		2022-09-22T14:06:41Z	
1.4.122		2022-09-23T04:25:48Z	
1.4.123		2022-09-23T13:09:58Z	
1.4.124		2022-09-26T07:29:43Z	
1.4.13			IOException: Tail request on https://maven-central.storage-download.googleapis.com/maven2/org/wso2/identity/apps/login-portal-layouts/1.4.13/login-portal-layouts-1.4.13.jar returned status 404
1.4.14			IOException: Tail request on https://maven-central.storage-download.googleapis.com/maven2/org/wso2/identity/apps/login-portal-layouts/1.4.14/login-portal-layouts-1.4.14.jar returned status 404
1.4.15			IOException: Tail request on https://maven-central.storage-download.googleapis.com/maven2/org/wso2/identity/apps/login-portal-layouts/1.4.15/login-portal-layouts-1.4.15.jar returned status 404
1.4.16			IOException: Tail request on https://maven-central.storage-download.googleapis.com/maven2/org/wso2/identity/apps/login-portal-layouts/1.4.16/login-portal-layouts-1.4.16.jar returned status 404
1.4.17			IOException: Tail request on https://maven-central.storage-download.googleapis.com/maven2/org/wso2/identity/apps/login-portal-layouts/1.4.17/login-portal-layouts-1.4.17.jar returned status 404
1.4.18			IOException: Tail request on https://maven-central.storage-download.googleapis.com/maven2/org/wso2/identity/apps/login-portal-layouts/1.4.18/login-portal-layouts-1.4.18.jar returned status 404
1.4.19			IOException: Tail request on https://maven-central.storage-download.googleapis.com/maven2/org/wso2/identity/apps/login-portal-layouts/1.4.19/login-portal-layouts-1.4.19.jar returned status 404
1.4.2			IOException: Tail request on https://maven-central.storage-download.googleapis.com/maven2/org/wso2/identity/apps/login-portal-layouts/1.4.2/login-portal-layouts-1.4.2.jar returned status 404
1.4.20			IOException: Tail request on https://maven-central.storage-download.googleapis.com/maven2/org/wso2/identity/apps/login-portal-layouts/1.4.20/login-portal-layouts-1.4.20.jar returned status 404
1.4.21			IOException: Tail request on https://maven-central.storage-download.googleapis.com/maven2/org/wso2/identity/apps/login-portal-layouts/1.4.21/login-portal-layouts-1.4.21.jar returned status 404
1.4.22			IOException: Tail request on https://maven-central.storage-download.googleapis.com/maven2/org/wso2/identity/apps/login-portal-layouts/1.4.22/login-portal-layouts-1.4.22.jar returned status 404
1.4.23			IOException: Tail request on https://maven-central.storage-download.googleapis.com/maven2/org/wso2/identity/apps/login-portal-layouts/1.4.23/login-portal-layouts-1.4.23.jar returned status 404
1.4.24			IOException: Tail request on https://maven-central.storage-download.googleapis.com/maven2/org/wso2/identity/apps/login-portal-layouts/1.4.24/login-portal-layouts-1.4.24.jar returned status 404
1.4.25			IOException: Tail request on https://maven-central.storage-download.googleapis.com/maven2/org/wso2/identity/apps/login-portal-layouts/1.4.25/login-portal-layouts-1.4.25.jar returned status 404
1.4.26			IOException: Tail request on https://maven-central.storage-download.googleapis.com/maven2/org/wso2/identity/apps/login-portal-layouts/1.4.26/login-portal-layouts-1.4.26.jar returned status 404
1.4.27			IOException: Tail request on https://maven-central.storage-download.googleapis.com/maven2/org/wso2/identity/apps/login-portal-layouts/1.4.27/login-portal-layouts-1.4.27.jar returned status 404
1.4.28			IOException: Tail request on https://maven-central.storage-download.googleapis.com/maven2/org/wso2/identity/apps/login-portal-layouts/1.4.28/login-portal-layouts-1.4.28.jar returned status 404
1.4.29			IOException: Tail request on https://maven-central.storage-download.googleapis.com/maven2/org/wso2/identity/apps/login-portal-layouts/1.4.29/login-portal-layouts-1.4.29.jar returned status 404
1.4.3			IOException: Tail request on https://maven-central.storage-download.googleapis.com/maven2/org/wso2/identity/apps/login-portal-layouts/1.4.3/login-portal-layouts-1.4.3.jar returned status 404
1.4.30			IOException: Tail request on https://maven-central.storage-download.googleapis.com/maven2/org/wso2/identity/apps/login-portal-layouts/1.4.30/login-portal-layouts-1.4.30.jar returned status 404
1.4.32			IOException: Tail request on https://maven-central.storage-download.googleapis.com/maven2/org/wso2/identity/apps/login-portal-layouts/1.4.32/login-portal-layouts-1.4.32.jar returned status 404
1.4.33			IOException: Tail request on https://maven-central.storage-download.googleapis.com/maven2/org/wso2/identity/apps/login-portal-layouts/1.4.33/login-portal-layouts-1.4.33.jar returned status 404
1.4.34		2022-08-16T12:46:40Z	
1.4.35		2022-08-16T14:38:59Z	
1.4.36		2022-08-16T15:23:12Z	
1.4.37		2022-08-17T04:46:51Z	
1.4.38		2022-08-17T05:14:47Z	
1.4.39		2022-08-17T09:54:48Z	
1.4.4			IOException: Tail request on https://maven-central.storage-download.googleapis.com/maven2/org/wso2/identity/apps/login-portal-layouts/1.4.4/login-portal-layouts-1.4.4.jar returned status 404
1.4.40		2022-08-17T11:50:39Z	
1.4.41		2022-08-17T12:42:37Z	
1.4.42		2022-08-17T16:00:47Z	
1.4.43		2022-08-18T18:11:46Z	
1.4.44		2022-08-18T19:44:09Z	
1.4.45		2022-08-19T05:05:02Z	
1.4.46		2022-08-19T05:34:42Z	
1.4.47		2022-08-19T06:19:39Z	
1.4.48		2022-08-19T15:01:37Z	
1.4.49		2022-08-19T15:59:06Z	
1.4.5			IOException: Tail request on https://maven-central.storage-download.googleapis.com/maven2/org/wso2/identity/apps/login-portal-layouts/1.4.5/login-portal-layouts-1.4.5.jar returned status 404
1.4.50		2022-08-22T06:02:20Z	
1.4.51		2022-08-22T17:01:36Z	
1.4.52		2022-08-23T12:29:36Z	
1.4.53		2022-08-24T06:09:54Z	
1.4.54		2022-08-24T08:15:10Z	
1.4.55		2022-08-24T10:21:43Z	
1.4.56		2022-08-24T10:52:14Z	
1.4.57		2022-08-24T11:35:42Z	
1.4.58		2022-08-24T12:45:37Z	
1.4.59		2022-08-24T20:13:53Z	
1.4.6			IOException: Tail request on https://maven-central.storage-download.googleapis.com/maven2/org/wso2/identity/apps/login-portal-layouts/1.4.6/login-portal-layouts-1.4.6.jar returned status 404
1.4.60		2022-08-25T05:24:27Z	
1.4.61		2022-08-25T09:40:58Z	
1.4.62		2022-08-25T10:51:44Z	
1.4.63		2022-08-25T13:27:37Z	
1.4.64		2022-08-26T11:13:05Z	
1.4.65		2022-08-28T05:24:29Z	
1.4.66		2022-08-28T05:53:15Z	
1.4.67		2022-08-30T06:04:53Z	
1.4.68		2022-08-30T08:47:46Z	
1.4.69		2022-08-30T09:35:16Z	
1.4.7			IOException: Tail request on https://maven-central.storage-download.googleapis.com/maven2/org/wso2/identity/apps/login-portal-layouts/1.4.7/login-portal-layouts-1.4.7.jar returned status 404
1.4.70		2022-08-30T10:03:39Z	
1.4.71		2022-08-30T18:23:51Z	
1.4.72		2022-08-31T05:18:48Z	
1.4.73		2022-08-31T06:12:06Z	
1.4.74		2022-08-31T06:57:18Z	
1.4.75		2022-08-31T09:01:55Z	
1.4.76		2022-08-31T09:45:42Z	
1.4.77		2022-08-31T18:05:59Z	
1.4.78		2022-09-01T06:02:55Z	
1.4.79		2022-09-01T06:29:33Z	
1.4.8			IOException: Tail request on https://maven-central.storage-download.googleapis.com/maven2/org/wso2/identity/apps/login-portal-layouts/1.4.8/login-portal-layouts-1.4.8.jar returned status 404
1.4.80		2022-09-01T10:03:19Z	
1.4.81		2022-09-01T14:29:27Z	
1.4.82		2022-09-02T05:36:29Z	
1.4.83		2022-09-02T09:38:54Z	
1.4.84		2022-09-02T13:00:11Z	
1.4.85		2022-09-03T04:07:21Z	
1.4.86		2022-09-05T08:52:02Z	
1.4.87		2022-09-06T07:46:59Z	
1.4.88		2022-09-06T10:04:39Z	
1.4.89		2022-09-06T11:37:31Z	
1.4.9			IOException: Tail request on https://maven-central.storage-download.googleapis.com/maven2/org/wso2/identity/apps/login-portal-layouts/1.4.9/login-portal-layouts-1.4.9.jar returned status 404
1.4.90		2022-09-08T04:16:03Z	
1.4.91		2022-09-08T11:50:40Z	
1.4.92		2022-09-09T07:46:43Z	
1.4.93		2022-09-09T09:57:47Z	
1.4.94		2022-09-09T10:43:44Z	
1.4.95		2022-09-12T19:49:13Z	
1.4.96		2022-09-13T09:01:24Z	
1.4.97		2022-09-13T11:41:40Z	
1.4.98		2022-09-14T05:47:15Z	
1.4.99		2022-09-14T06:19:02Z	
1.5.0			IOException: Tail request on https://maven-central.storage-download.googleapis.com/maven2/org/wso2/identity/apps/login-portal-layouts/1.5.0/login-portal-layouts-1.5.0.jar returned status 404
1.5.1			IOException: Tail request on https://maven-central.storage-download.googleapis.com/maven2/org/wso2/identity/apps/login-portal-layouts/1.5.1/login-portal-layouts-1.5.1.jar returned status 404
1.6.0		2022-09-26T08:48:29Z	
1.6.1		2022-09-27T05:40:07Z	
1.6.10		2022-10-04T04:11:14Z	
1.6.100		2022-11-09T07:07:12Z	
1.6.101		2022-11-09T09:44:40Z	
1.6.102		2022-11-09T10:33:07Z	
1.6.103		2022-11-09T11:59:11Z	
1.6.104		2022-11-09T18:08:02Z	
1.6.105		2022-11-10T04:06:06Z	
1.6.106		2022-11-10T11:48:49Z	
1.6.107		2022-11-11T07:40:47Z	
1.6.108		2022-11-14T15:55:18Z	
1.6.109		2022-11-15T07:26:02Z	
1.6.11		2022-10-04T10:06:58Z	
1.6.110		2022-11-15T08:17:32Z	
1.6.111		2022-11-15T10:03:52Z	
1.6.112		2022-11-16T00:23:05Z	
1.6.113		2022-11-16T06:22:08Z	
1.6.114		2022-11-16T10:40:41Z	
1.6.115		2022-11-16T13:45:37Z	
1.6.116		2022-11-17T10:02:48Z	
1.6.117		2022-11-18T09:30:30Z	
1.6.118		2022-11-18T12:11:20Z	
1.6.119		2022-11-18T17:09:21Z	
1.6.12		2022-10-05T06:19:16Z	
1.6.120		2022-11-22T04:29:55Z	
1.6.121		2022-11-22T05:38:29Z	
1.6.122		2022-11-22T10:03:12Z	
1.6.123		2022-11-22T12:13:14Z	
1.6.124		2022-11-23T12:36:22Z	
1.6.125		2022-11-23T14:04:24Z	
1.6.126		2022-11-24T08:16:10Z	
1.6.127		2022-11-25T04:07:24Z	
1.6.128		2022-11-25T12:08:16Z	
1.6.129		2022-11-28T05:31:07Z	
1.6.13		2022-10-05T12:14:32Z	
1.6.130		2022-11-28T10:01:58Z	
1.6.131		2022-11-29T06:45:39Z	
1.6.132		2022-11-30T05:03:30Z	
1.6.133		2022-11-30T08:37:39Z	
1.6.134		2022-11-30T10:19:11Z	
1.6.135			IOException: Tail request on https://maven-central.storage-download.googleapis.com/maven2/org/wso2/identity/apps/login-portal-layouts/1.6.135/login-portal-layouts-1.6.135.jar returned status 404
1.6.136			IOException: Tail request on https://maven-central.storage-download.googleapis.com/maven2/org/wso2/identity/apps/login-portal-layouts/1.6.136/login-portal-layouts-1.6.136.jar returned status 404
1.6.137			IOException: Tail request on https://maven-central.storage-download.googleapis.com/maven2/org/wso2/identity/apps/login-portal-layouts/1.6.137/login-portal-layouts-1.6.137.jar returned status 404
1.6.138			IOException: Tail request on https://maven-central.storage-download.googleapis.com/maven2/org/wso2/identity/apps/login-portal-layouts/1.6.138/login-portal-layouts-1.6.138.jar returned status 404
1.6.139			IOException: Tail request on https://maven-central.storage-download.googleapis.com/maven2/org/wso2/identity/apps/login-portal-layouts/1.6.139/login-portal-layouts-1.6.139.jar returned status 404
1.6.14		2022-10-05T15:02:31Z	
1.6.140			IOException: Tail request on https://maven-central.storage-download.googleapis.com/maven2/org/wso2/identity/apps/login-portal-layouts/1.6.140/login-portal-layouts-1.6.140.jar returned status 404
1.6.141			IOException: Tail request on https://maven-central.storage-download.googleapis.com/maven2/org/wso2/identity/apps/login-portal-layouts/1.6.141/login-portal-layouts-1.6.141.jar returned status 404
1.6.142			IOException: Tail request on https://maven-central.storage-download.googleapis.com/maven2/org/wso2/identity/apps/login-portal-layouts/1.6.142/login-portal-layouts-1.6.142.jar returned status 404
1.6.143			IOException: Tail request on https://maven-central.storage-download.googleapis.com/maven2/org/wso2/identity/apps/login-portal-layouts/1.6.143/login-portal-layouts-1.6.143.jar returned status 404
1.6.144			IOException: Tail request on https://maven-central.storage-download.googleapis.com/maven2/org/wso2/identity/apps/login-portal-layouts/1.6.144/login-portal-layouts-1.6.144.jar returned status 404
1.6.145			IOException: Tail request on https://maven-central.storage-download.googleapis.com/maven2/org/wso2/identity/apps/login-portal-layouts/1.6.145/login-portal-layouts-1.6.145.jar returned status 404
1.6.146			IOException: Tail request on https://maven-central.storage-download.googleapis.com/maven2/org/wso2/identity/apps/login-portal-layouts/1.6.146/login-portal-layouts-1.6.146.jar returned status 404
1.6.147			IOException: Tail request on https://maven-central.storage-download.googleapis.com/maven2/org/wso2/identity/apps/login-portal-layouts/1.6.147/login-portal-layouts-1.6.147.jar returned status 404
1.6.148			IOException: Tail request on https://maven-central.storage-download.googleapis.com/maven2/org/wso2/identity/apps/login-portal-layouts/1.6.148/login-portal-layouts-1.6.148.jar returned status 404
1.6.149			IOException: Tail request on https://maven-central.storage-download.googleapis.com/maven2/org/wso2/identity/apps/login-portal-layouts/1.6.149/login-portal-layouts-1.6.149.jar returned status 404
1.6.15		2022-10-06T05:45:29Z	
1.6.150			IOException: Tail request on https://maven-central.storage-download.googleapis.com/maven2/org/wso2/identity/apps/login-portal-layouts/1.6.150/login-portal-layouts-1.6.150.jar returned status 404
1.6.151			IOException: Tail request on https://maven-central.storage-download.googleapis.com/maven2/org/wso2/identity/apps/login-portal-layouts/1.6.151/login-portal-layouts-1.6.151.jar returned status 404
1.6.152			IOException: Tail request on https://maven-central.storage-download.googleapis.com/maven2/org/wso2/identity/apps/login-portal-layouts/1.6.152/login-portal-layouts-1.6.152.jar returned status 404
1.6.153			IOException: Tail request on https://maven-central.storage-download.googleapis.com/maven2/org/wso2/identity/apps/login-portal-layouts/1.6.153/login-portal-layouts-1.6.153.jar returned status 404
1.6.154			IOException: Tail request on https://maven-central.storage-download.googleapis.com/maven2/org/wso2/identity/apps/login-portal-layouts/1.6.154/login-portal-layouts-1.6.154.jar returned status 404
1.6.155		2023-01-04T07:46:05Z	
1.6.156		2023-01-04T08:23:09Z	
1.6.157		2023-01-04T12:15:48Z	
1.6.158		2023-01-05T08:28:49Z	
1.6.159		2023-01-09T07:07:24Z	
1.6.16		2022-10-06T07:35:48Z	
1.6.160		2023-01-09T12:31:05Z	
1.6.161		2023-01-10T04:32:50Z	
1.6.162		2023-01-10T05:00:54Z	
1.6.163		2023-01-10T08:36:54Z	
1.6.164		2023-01-10T09:04:31Z	
1.6.165		2023-01-10T16:23:07Z	
1.6.166		2023-01-11T19:54:01Z	
1.6.167		2023-01-12T04:58:35Z	
1.6.168		2023-01-12T11:31:30Z	
1.6.169		2023-01-12T13:20:23Z	
1.6.17		2022-10-06T08:50:08Z	
1.6.170		2023-01-13T09:04:27Z	
1.6.171		2023-01-13T11:10:07Z	
1.6.172		2023-01-13T12:28:14Z	
1.6.173		2023-01-13T12:58:52Z	
1.6.174		2023-01-13T14:40:50Z	
1.6.175		2023-01-13T18:41:47Z	
1.6.176		2023-01-13T21:11:34Z	
1.6.177		2023-01-14T04:22:02Z	
1.6.178		2023-01-15T11:29:51Z	
1.6.179		2023-01-15T13:17:16Z	
1.6.18		2022-10-06T09:34:42Z	
1.6.180		2023-01-15T14:59:07Z	
1.6.181		2023-01-17T04:16:24Z	
1.6.182		2023-01-17T09:26:22Z	
1.6.183		2023-01-17T11:01:23Z	
1.6.184		2023-01-18T05:29:38Z	
1.6.185		2023-01-19T04:49:00Z	
1.6.186		2023-01-19T06:29:21Z	
1.6.187		2023-01-20T15:00:07Z	
1.6.188		2023-01-23T11:27:55Z	
1.6.189		2023-01-24T03:31:31Z	
1.6.19		2022-10-06T13:49:49Z	
1.6.190		2023-01-24T06:49:31Z	
1.6.191		2023-01-24T10:08:08Z	
1.6.192		2023-01-24T17:26:16Z	
1.6.193		2023-01-25T05:05:38Z	
1.6.194		2023-01-25T11:53:39Z	
1.6.195		2023-01-25T14:15:24Z	
1.6.196		2023-01-25T16:20:10Z	
1.6.197		2023-01-27T12:18:29Z	
1.6.198		2023-01-31T07:57:28Z	
1.6.199		2023-02-01T06:22:48Z	
1.6.2		2022-09-28T04:27:42Z	
1.6.20		2022-10-06T15:49:45Z	
1.6.200		2023-02-06T05:28:48Z	
1.6.201		2023-02-06T10:10:57Z	
1.6.202		2023-02-07T02:28:46Z	
1.6.203		2023-02-07T04:45:08Z	
1.6.204		2023-02-08T09:36:46Z	
1.6.205		2023-02-08T13:49:48Z	
1.6.206		2023-02-10T09:11:08Z	
1.6.207		2023-02-10T14:23:44Z	
1.6.208		2023-02-10T16:21:02Z	
1.6.209		2023-02-10T18:50:16Z	
1.6.21		2022-10-07T03:11:24Z	
1.6.210		2023-02-12T08:00:29Z	
1.6.211		2023-02-12T17:30:33Z	
1.6.212		2023-02-13T05:42:36Z	
1.6.214		2023-02-13T08:55:25Z	
1.6.215		2023-02-13T19:39:26Z	
1.6.216		2023-02-14T08:24:28Z	
1.6.217		2023-02-14T15:16:50Z	
1.6.218		2023-02-14T18:15:14Z	
1.6.219		2023-02-15T02:30:43Z	
1.6.22		2022-10-07T06:29:56Z	
1.6.220		2023-02-15T09:16:53Z	
1.6.221		2023-02-15T10:01:31Z	
1.6.222		2023-02-15T11:46:18Z	
1.6.223		2023-02-15T17:02:33Z	
1.6.224		2023-02-16T11:16:24Z	
1.6.225		2023-02-17T05:19:18Z	
1.6.226		2023-02-18T18:26:35Z	
1.6.227		2023-02-20T13:12:43Z	
1.6.228		2023-02-21T12:39:53Z	
1.6.229		2023-02-21T13:08:24Z	
1.6.23		2022-10-07T07:46:50Z	
1.6.230		2023-02-21T14:10:48Z	
1.6.231			IOException: Tail request on https://maven-central.storage-download.googleapis.com/maven2/org/wso2/identity/apps/login-portal-layouts/1.6.231/login-portal-layouts-1.6.231.jar returned status 404
1.6.232			IOException: Tail request on https://maven-central.storage-download.googleapis.com/maven2/org/wso2/identity/apps/login-portal-layouts/1.6.232/login-portal-layouts-1.6.232.jar returned status 404
1.6.233			IOException: Tail request on https://maven-central.storage-download.googleapis.com/maven2/org/wso2/identity/apps/login-portal-layouts/1.6.233/login-portal-layouts-1.6.233.jar returned status 404
1.6.234			IOException: Tail request on https://maven-central.storage-download.googleapis.com/maven2/org/wso2/identity/apps/login-portal-layouts/1.6.234/login-portal-layouts-1.6.234.jar returned status 404
1.6.235			IOException: Tail request on https://maven-central.storage-download.googleapis.com/maven2/org/wso2/identity/apps/login-portal-layouts/1.6.235/login-portal-layouts-1.6.235.jar returned status 404
1.6.236			IOException: Tail request on https://maven-central.storage-download.googleapis.com/maven2/org/wso2/identity/apps/login-portal-layouts/1.6.236/login-portal-layouts-1.6.236.jar returned status 404
1.6.237			IOException: Tail request on https://maven-central.storage-download.googleapis.com/maven2/org/wso2/identity/apps/login-portal-layouts/1.6.237/login-portal-layouts-1.6.237.jar returned status 404
1.6.238		2023-02-27T06:43:49Z	
1.6.239		2023-02-28T04:10:00Z	
1.6.24		2022-10-07T08:41:18Z	
1.6.240		2023-02-28T16:15:00Z	
1.6.241		2023-03-01T05:22:20Z	
1.6.242		2023-03-01T12:03:02Z	
1.6.244		2023-03-02T06:24:46Z	
1.6.245		2023-03-02T07:27:21Z	
1.6.246		2023-03-02T09:01:27Z	
1.6.247		2023-03-03T10:27:53Z	
1.6.248		2023-03-03T10:54:28Z	
1.6.249		2023-03-05T06:45:22Z	
1.6.25		2022-10-10T18:33:47Z	
1.6.250		2023-03-09T00:32:37Z	
1.6.251		2023-03-09T04:19:40Z	
1.6.252		2023-03-09T06:17:52Z	
1.6.253		2023-03-09T09:38:32Z	
1.6.254		2023-03-09T12:14:21Z	
1.6.255		2023-03-13T05:16:13Z	
1.6.256		2023-03-13T12:47:25Z	
1.6.257		2023-03-14T16:58:09Z	
1.6.258		2023-03-15T06:03:23Z	
1.6.259		2023-03-15T12:30:04Z	
1.6.26		2022-10-11T05:42:32Z	
1.6.260		2023-03-16T08:40:19Z	
1.6.261		2023-03-17T05:06:48Z	
1.6.262		2023-03-17T11:56:37Z	
1.6.263		2023-03-17T14:14:02Z	
1.6.264		2023-03-20T06:35:47Z	
1.6.265		2023-03-20T09:41:46Z	
1.6.266		2023-03-21T04:15:42Z	
1.6.267		2023-03-22T07:35:23Z	
1.6.268		2023-03-22T08:28:08Z	
1.6.269		2023-03-23T06:50:46Z	
1.6.27		2022-10-11T11:42:50Z	
1.6.270		2023-03-23T09:15:13Z	
1.6.271		2023-03-24T07:16:59Z	
1.6.272		2023-03-24T15:11:52Z	
1.6.273		2023-03-27T05:00:16Z	
1.6.274		2023-03-27T06:32:26Z	
1.6.275		2023-03-27T09:08:52Z	
1.6.276		2023-03-28T06:31:54Z	
1.6.277		2023-03-29T07:25:12Z	
1.6.278		2023-03-29T10:03:52Z	
1.6.279		2023-03-30T04:37:50Z	
1.6.28		2022-10-11T12:09:36Z	
1.6.280		2023-03-30T05:06:14Z	
1.6.281		2023-03-30T06:21:49Z	
1.6.282		2023-03-30T07:15:18Z	
1.6.283		2023-03-30T14:50:04Z	
1.6.284		2023-04-03T06:23:22Z	
1.6.285		2023-04-03T06:50:22Z	
1.6.286		2023-04-03T07:48:33Z	
1.6.287		2023-04-03T13:20:42Z	
1.6.288		2023-04-04T10:15:38Z	
1.6.289		2023-04-06T06:11:12Z	
1.6.29		2022-10-12T08:14:46Z	
1.6.290		2023-04-06T08:14:35Z	
1.6.291		2023-04-07T05:36:28Z	
1.6.292		2023-04-07T09:10:15Z	
1.6.293		2023-04-10T04:23:14Z	
1.6.294		2023-04-10T13:22:56Z	
1.6.295		2023-04-10T14:16:47Z	
1.6.296		2023-04-11T04:02:13Z	
1.6.297		2023-04-11T07:33:49Z	
1.6.298		2023-04-12T12:46:07Z	
1.6.299		2023-04-12T14:38:10Z	
1.6.3		2022-09-28T05:51:29Z	
1.6.30		2022-10-12T10:36:34Z	
1.6.300		2023-04-17T08:34:50Z	
1.6.301		2023-04-18T03:50:39Z	
1.6.302		2023-04-21T13:12:38Z	
1.6.303		2023-04-23T18:41:47Z	
1.6.304			IOException: Tail request on https://maven-central.storage-download.googleapis.com/maven2/org/wso2/identity/apps/login-portal-layouts/1.6.304/login-portal-layouts-1.6.304.jar returned status 404
1.6.305			IOException: Tail request on https://maven-central.storage-download.googleapis.com/maven2/org/wso2/identity/apps/login-portal-layouts/1.6.305/login-portal-layouts-1.6.305.jar returned status 404
1.6.306			IOException: Tail request on https://maven-central.storage-download.googleapis.com/maven2/org/wso2/identity/apps/login-portal-layouts/1.6.306/login-portal-layouts-1.6.306.jar returned status 404
1.6.307			IOException: Tail request on https://maven-central.storage-download.googleapis.com/maven2/org/wso2/identity/apps/login-portal-layouts/1.6.307/login-portal-layouts-1.6.307.jar returned status 404
1.6.308			IOException: Tail request on https://maven-central.storage-download.googleapis.com/maven2/org/wso2/identity/apps/login-portal-layouts/1.6.308/login-portal-layouts-1.6.308.jar returned status 404
1.6.309			IOException: Tail request on https://maven-central.storage-download.googleapis.com/maven2/org/wso2/identity/apps/login-portal-layouts/1.6.309/login-portal-layouts-1.6.309.jar returned status 404
1.6.31		2022-10-13T04:37:31Z	
1.6.310			IOException: Tail request on https://maven-central.storage-download.googleapis.com/maven2/org/wso2/identity/apps/login-portal-layouts/1.6.310/login-portal-layouts-1.6.310.jar returned status 404
1.6.311			IOException: Tail request on https://maven-central.storage-download.googleapis.com/maven2/org/wso2/identity/apps/login-portal-layouts/1.6.311/login-portal-layouts-1.6.311.jar returned status 404
1.6.312			IOException: Tail request on https://maven-central.storage-download.googleapis.com/maven2/org/wso2/identity/apps/login-portal-layouts/1.6.312/login-portal-layouts-1.6.312.jar returned status 404
1.6.313			IOException: Tail request on https://maven-central.storage-download.googleapis.com/maven2/org/wso2/identity/apps/login-portal-layouts/1.6.313/login-portal-layouts-1.6.313.jar returned status 404
1.6.314			IOException: Tail request on https://maven-central.storage-download.googleapis.com/maven2/org/wso2/identity/apps/login-portal-layouts/1.6.314/login-portal-layouts-1.6.314.jar returned status 404
1.6.315			IOException: Tail request on https://maven-central.storage-download.googleapis.com/maven2/org/wso2/identity/apps/login-portal-layouts/1.6.315/login-portal-layouts-1.6.315.jar returned status 404
1.6.316			IOException: Tail request on https://maven-central.storage-download.googleapis.com/maven2/org/wso2/identity/apps/login-portal-layouts/1.6.316/login-portal-layouts-1.6.316.jar returned status 404
1.6.317			IOException: Tail request on https://maven-central.storage-download.googleapis.com/maven2/org/wso2/identity/apps/login-portal-layouts/1.6.317/login-portal-layouts-1.6.317.jar returned status 404
1.6.318			IOException: Tail request on https://maven-central.storage-download.googleapis.com/maven2/org/wso2/identity/apps/login-portal-layouts/1.6.318/login-portal-layouts-1.6.318.jar returned status 404
1.6.319			IOException: Tail request on https://maven-central.storage-download.googleapis.com/maven2/org/wso2/identity/apps/login-portal-layouts/1.6.319/login-portal-layouts-1.6.319.jar returned status 404
1.6.32		2022-10-13T17:22:30Z	
1.6.320			IOException: Tail request on https://maven-central.storage-download.googleapis.com/maven2/org/wso2/identity/apps/login-portal-layouts/1.6.320/login-portal-layouts-1.6.320.jar returned status 404
1.6.321			IOException: Tail request on https://maven-central.storage-download.googleapis.com/maven2/org/wso2/identity/apps/login-portal-layouts/1.6.321/login-portal-layouts-1.6.321.jar returned status 404
1.6.322			IOException: Tail request on https://maven-central.storage-download.googleapis.com/maven2/org/wso2/identity/apps/login-portal-layouts/1.6.322/login-portal-layouts-1.6.322.jar returned status 404
1.6.323			IOException: Tail request on https://maven-central.storage-download.googleapis.com/maven2/org/wso2/identity/apps/login-portal-layouts/1.6.323/login-portal-layouts-1.6.323.jar returned status 404
1.6.324			IOException: Tail request on https://maven-central.storage-download.googleapis.com/maven2/org/wso2/identity/apps/login-portal-layouts/1.6.324/login-portal-layouts-1.6.324.jar returned status 404
1.6.325			IOException: Tail request on https://maven-central.storage-download.googleapis.com/maven2/org/wso2/identity/apps/login-portal-layouts/1.6.325/login-portal-layouts-1.6.325.jar returned status 404
1.6.326			IOException: Tail request on https://maven-central.storage-download.googleapis.com/maven2/org/wso2/identity/apps/login-portal-layouts/1.6.326/login-portal-layouts-1.6.326.jar returned status 404
1.6.327			IOException: Tail request on https://maven-central.storage-download.googleapis.com/maven2/org/wso2/identity/apps/login-portal-layouts/1.6.327/login-portal-layouts-1.6.327.jar returned status 404
1.6.328			IOException: Tail request on https://maven-central.storage-download.googleapis.com/maven2/org/wso2/identity/apps/login-portal-layouts/1.6.328/login-portal-layouts-1.6.328.jar returned status 404
1.6.329			IOException: Tail request on https://maven-central.storage-download.googleapis.com/maven2/org/wso2/identity/apps/login-portal-layouts/1.6.329/login-portal-layouts-1.6.329.jar returned status 404
1.6.33		2022-10-14T08:12:31Z	
1.6.330			IOException: Tail request on https://maven-central.storage-download.googleapis.com/maven2/org/wso2/identity/apps/login-portal-layouts/1.6.330/login-portal-layouts-1.6.330.jar returned status 404
1.6.331			IOException: Tail request on https://maven-central.storage-download.googleapis.com/maven2/org/wso2/identity/apps/login-portal-layouts/1.6.331/login-portal-layouts-1.6.331.jar returned status 404
1.6.332			IOException: Tail request on https://maven-central.storage-download.googleapis.com/maven2/org/wso2/identity/apps/login-portal-layouts/1.6.332/login-portal-layouts-1.6.332.jar returned status 404
1.6.333			IOException: Tail request on https://maven-central.storage-download.googleapis.com/maven2/org/wso2/identity/apps/login-portal-layouts/1.6.333/login-portal-layouts-1.6.333.jar returned status 404
1.6.334			IOException: Tail request on https://maven-central.storage-download.googleapis.com/maven2/org/wso2/identity/apps/login-portal-layouts/1.6.334/login-portal-layouts-1.6.334.jar returned status 404
1.6.335			IOException: Tail request on https://maven-central.storage-download.googleapis.com/maven2/org/wso2/identity/apps/login-portal-layouts/1.6.335/login-portal-layouts-1.6.335.jar returned status 404
1.6.336			IOException: Tail request on https://maven-central.storage-download.googleapis.com/maven2/org/wso2/identity/apps/login-portal-layouts/1.6.336/login-portal-layouts-1.6.336.jar returned status 404
1.6.337			IOException: Tail request on https://maven-central.storage-download.googleapis.com/maven2/org/wso2/identity/apps/login-portal-layouts/1.6.337/login-portal-layouts-1.6.337.jar returned status 404
1.6.338			IOException: Tail request on https://maven-central.storage-download.googleapis.com/maven2/org/wso2/identity/apps/login-portal-layouts/1.6.338/login-portal-layouts-1.6.338.jar returned status 404
1.6.339			IOException: Tail request on https://maven-central.storage-download.googleapis.com/maven2/org/wso2/identity/apps/login-portal-layouts/1.6.339/login-portal-layouts-1.6.339.jar returned status 404
1.6.34		2022-10-17T06:01:37Z	
1.6.340			IOException: Tail request on https://maven-central.storage-download.googleapis.com/maven2/org/wso2/identity/apps/login-portal-layouts/1.6.340/login-portal-layouts-1.6.340.jar returned status 404
1.6.341			IOException: Tail request on https://maven-central.storage-download.googleapis.com/maven2/org/wso2/identity/apps/login-portal-layouts/1.6.341/login-portal-layouts-1.6.341.jar returned status 404
1.6.342			IOException: Tail request on https://maven-central.storage-download.googleapis.com/maven2/org/wso2/identity/apps/login-portal-layouts/1.6.342/login-portal-layouts-1.6.342.jar returned status 404
1.6.343			IOException: Tail request on https://maven-central.storage-download.googleapis.com/maven2/org/wso2/identity/apps/login-portal-layouts/1.6.343/login-portal-layouts-1.6.343.jar returned status 404
1.6.344			IOException: Tail request on https://maven-central.storage-download.googleapis.com/maven2/org/wso2/identity/apps/login-portal-layouts/1.6.344/login-portal-layouts-1.6.344.jar returned status 404
1.6.345			IOException: Tail request on https://maven-central.storage-download.googleapis.com/maven2/org/wso2/identity/apps/login-portal-layouts/1.6.345/login-portal-layouts-1.6.345.jar returned status 404
1.6.346			IOException: Tail request on https://maven-central.storage-download.googleapis.com/maven2/org/wso2/identity/apps/login-portal-layouts/1.6.346/login-portal-layouts-1.6.346.jar returned status 404
1.6.347			IOException: Tail request on https://maven-central.storage-download.googleapis.com/maven2/org/wso2/identity/apps/login-portal-layouts/1.6.347/login-portal-layouts-1.6.347.jar returned status 404
1.6.348			IOException: Tail request on https://maven-central.storage-download.googleapis.com/maven2/org/wso2/identity/apps/login-portal-layouts/1.6.348/login-portal-layouts-1.6.348.jar returned status 404
1.6.349			IOException: Tail request on https://maven-central.storage-download.googleapis.com/maven2/org/wso2/identity/apps/login-portal-layouts/1.6.349/login-portal-layouts-1.6.349.jar returned status 404
1.6.35		2022-10-17T07:20:24Z	
1.6.350			IOException: Tail request on https://maven-central.storage-download.googleapis.com/maven2/org/wso2/identity/apps/login-portal-layouts/1.6.350/login-portal-layouts-1.6.350.jar returned status 404
1.6.351			IOException: Tail request on https://maven-central.storage-download.googleapis.com/maven2/org/wso2/identity/apps/login-portal-layouts/1.6.351/login-portal-layouts-1.6.351.jar returned status 404
1.6.352			IOException: Tail request on https://maven-central.storage-download.googleapis.com/maven2/org/wso2/identity/apps/login-portal-layouts/1.6.352/login-portal-layouts-1.6.352.jar returned status 404
1.6.353			IOException: Tail request on https://maven-central.storage-download.googleapis.com/maven2/org/wso2/identity/apps/login-portal-layouts/1.6.353/login-portal-layouts-1.6.353.jar returned status 404
1.6.354			IOException: Tail request on https://maven-central.storage-download.googleapis.com/maven2/org/wso2/identity/apps/login-portal-layouts/1.6.354/login-portal-layouts-1.6.354.jar returned status 404
1.6.355			IOException: Tail request on https://maven-central.storage-download.googleapis.com/maven2/org/wso2/identity/apps/login-portal-layouts/1.6.355/login-portal-layouts-1.6.355.jar returned status 404
1.6.356			IOException: Tail request on https://maven-central.storage-download.googleapis.com/maven2/org/wso2/identity/apps/login-portal-layouts/1.6.356/login-portal-layouts-1.6.356.jar returned status 404
1.6.357			IOException: Tail request on https://maven-central.storage-download.googleapis.com/maven2/org/wso2/identity/apps/login-portal-layouts/1.6.357/login-portal-layouts-1.6.357.jar returned status 404
1.6.358			IOException: Tail request on https://maven-central.storage-download.googleapis.com/maven2/org/wso2/identity/apps/login-portal-layouts/1.6.358/login-portal-layouts-1.6.358.jar returned status 404
1.6.359			IOException: Tail request on https://maven-central.storage-download.googleapis.com/maven2/org/wso2/identity/apps/login-portal-layouts/1.6.359/login-portal-layouts-1.6.359.jar returned status 404
1.6.36		2022-10-17T09:50:52Z	
1.6.360			IOException: Tail request on https://maven-central.storage-download.googleapis.com/maven2/org/wso2/identity/apps/login-portal-layouts/1.6.360/login-portal-layouts-1.6.360.jar returned status 404
1.6.361			IOException: Tail request on https://maven-central.storage-download.googleapis.com/maven2/org/wso2/identity/apps/login-portal-layouts/1.6.361/login-portal-layouts-1.6.361.jar returned status 404
1.6.362			IOException: Tail request on https://maven-central.storage-download.googleapis.com/maven2/org/wso2/identity/apps/login-portal-layouts/1.6.362/login-portal-layouts-1.6.362.jar returned status 404
1.6.363			IOException: Tail request on https://maven-central.storage-download.googleapis.com/maven2/org/wso2/identity/apps/login-portal-layouts/1.6.363/login-portal-layouts-1.6.363.jar returned status 404
1.6.364			IOException: Tail request on https://maven-central.storage-download.googleapis.com/maven2/org/wso2/identity/apps/login-portal-layouts/1.6.364/login-portal-layouts-1.6.364.jar returned status 404
1.6.365			IOException: Tail request on https://maven-central.storage-download.googleapis.com/maven2/org/wso2/identity/apps/login-portal-layouts/1.6.365/login-portal-layouts-1.6.365.jar returned status 404
1.6.365.11			IOException: Tail request on https://maven-central.storage-download.googleapis.com/maven2/org/wso2/identity/apps/login-portal-layouts/1.6.365.11/login-portal-layouts-1.6.365.11.jar returned status 404
1.6.366			IOException: Tail request on https://maven-central.storage-download.googleapis.com/maven2/org/wso2/identity/apps/login-portal-layouts/1.6.366/login-portal-layouts-1.6.366.jar returned status 404
1.6.367			IOException: Tail request on https://maven-central.storage-download.googleapis.com/maven2/org/wso2/identity/apps/login-portal-layouts/1.6.367/login-portal-layouts-1.6.367.jar returned status 404
1.6.367.1			IOException: Tail request on https://maven-central.storage-download.googleapis.com/maven2/org/wso2/identity/apps/login-portal-layouts/1.6.367.1/login-portal-layouts-1.6.367.1.jar returned status 404
1.6.367.2			IOException: Tail request on https://maven-central.storage-download.googleapis.com/maven2/org/wso2/identity/apps/login-portal-layouts/1.6.367.2/login-portal-layouts-1.6.367.2.jar returned status 404
1.6.367.3			IOException: Tail request on https://maven-central.storage-download.googleapis.com/maven2/org/wso2/identity/apps/login-portal-layouts/1.6.367.3/login-portal-layouts-1.6.367.3.jar returned status 404
1.6.368			IOException: Tail request on https://maven-central.storage-download.googleapis.com/maven2/org/wso2/identity/apps/login-portal-layouts/1.6.368/login-portal-layouts-1.6.368.jar returned status 404
1.6.369			IOException: Tail request on https://maven-central.storage-download.googleapis.com/maven2/org/wso2/identity/apps/login-portal-layouts/1.6.369/login-portal-layouts-1.6.369.jar returned status 404
1.6.37		2022-10-18T09:27:36Z	
1.6.370			IOException: Tail request on https://maven-central.storage-download.googleapis.com/maven2/org/wso2/identity/apps/login-portal-layouts/1.6.370/login-portal-layouts-1.6.370.jar returned status 404
1.6.371			IOException: Tail request on https://maven-central.storage-download.googleapis.com/maven2/org/wso2/identity/apps/login-portal-layouts/1.6.371/login-portal-layouts-1.6.371.jar returned status 404
1.6.372			IOException: Tail request on https://maven-central.storage-download.googleapis.com/maven2/org/wso2/identity/apps/login-portal-layouts/1.6.372/login-portal-layouts-1.6.372.jar returned status 404
1.6.373			IOException: Tail request on https://maven-central.storage-download.googleapis.com/maven2/org/wso2/identity/apps/login-portal-layouts/1.6.373/login-portal-layouts-1.6.373.jar returned status 404
1.6.374		2024-02-06T04:58:53Z	
1.6.375		2024-02-09T06:28:03Z	
1.6.376			IOException: Tail request on https://maven-central.storage-download.googleapis.com/maven2/org/wso2/identity/apps/login-portal-layouts/1.6.376/login-portal-layouts-1.6.376.jar returned status 404
1.6.377			IOException: Tail request on https://maven-central.storage-download.googleapis.com/maven2/org/wso2/identity/apps/login-portal-layouts/1.6.377/login-portal-layouts-1.6.377.jar returned status 404
1.6.378		2024-03-03T10:03:17Z	
1.6.379			IOException: Tail request on https://maven-central.storage-download.googleapis.com/maven2/org/wso2/identity/apps/login-portal-layouts/1.6.379/login-portal-layouts-1.6.379.jar returned status 404
1.6.38		2022-10-18T10:45:26Z	
1.6.380			IOException: Tail request on https://maven-central.storage-download.googleapis.com/maven2/org/wso2/identity/apps/login-portal-layouts/1.6.380/login-portal-layouts-1.6.380.jar returned status 404
1.6.381			IOException: Tail request on https://maven-central.storage-download.googleapis.com/maven2/org/wso2/identity/apps/login-portal-layouts/1.6.381/login-portal-layouts-1.6.381.jar returned status 404
1.6.382			IOException: Tail request on https://maven-central.storage-download.googleapis.com/maven2/org/wso2/identity/apps/login-portal-layouts/1.6.382/login-portal-layouts-1.6.382.jar returned status 404
1.6.383			IOException: Tail request on https://maven-central.storage-download.googleapis.com/maven2/org/wso2/identity/apps/login-portal-layouts/1.6.383/login-portal-layouts-1.6.383.jar returned status 404
1.6.384		2026-02-26T06:58:19Z	
1.6.385		2026-03-17T10:26:16Z	
1.6.386		2026-03-30T07:14:07Z	
1.6.387		2026-04-02T07:00:59Z	
1.6.388		2026-04-03T10:39:33Z	
1.6.389		2026-04-16T06:54:11Z	
1.6.39		2022-10-19T03:35:05Z	
1.6.390		2026-04-27T05:07:53Z	
1.6.391		2026-06-09T09:57:28Z	
1.6.392		2026-06-30T10:09:24Z	
1.6.4		2022-09-29T04:47:07Z	
1.6.40		2022-10-19T04:53:24Z	
1.6.41		2022-10-19T05:42:30Z	
1.6.42		2022-10-19T07:45:05Z	
1.6.43		2022-10-19T09:48:34Z	
1.6.44		2022-10-19T10:38:31Z	
1.6.45		2022-10-19T14:13:55Z	
1.6.46		2022-10-19T18:56:42Z	
1.6.47		2022-10-20T20:34:31Z	
1.6.48		2022-10-21T05:05:35Z	
1.6.49		2022-10-21T06:57:17Z	
1.6.5		2022-09-29T05:49:56Z	
1.6.50		2022-10-21T11:08:13Z	
1.6.51		2022-10-21T12:01:09Z	
1.6.52		2022-10-21T17:38:28Z	
1.6.53		2022-10-21T18:18:53Z	
1.6.54		2022-10-22T04:07:29Z	
1.6.55		2022-10-22T08:11:03Z	
1.6.56		2022-10-22T11:04:59Z	
1.6.57		2022-10-22T14:08:02Z	
1.6.58		2022-10-22T15:25:17Z	
1.6.59		2022-10-22T20:53:48Z	
1.6.6		2022-09-30T03:13:49Z	
1.6.60		2022-10-23T10:39:39Z	
1.6.61		2022-10-23T13:57:56Z	
1.6.62		2022-10-23T18:56:23Z	
1.6.63		2022-10-24T05:51:33Z	
1.6.64		2022-10-24T18:07:16Z	
1.6.65		2022-10-25T12:22:31Z	
1.6.66		2022-10-26T04:11:29Z	
1.6.67		2022-10-26T04:48:29Z	
1.6.68		2022-10-26T06:48:24Z	
1.6.69		2022-10-26T07:53:17Z	
1.6.7		2022-10-02T14:47:50Z	
1.6.70		2022-10-26T10:14:09Z	
1.6.71		2022-10-26T13:40:06Z	
1.6.72		2022-10-26T18:13:07Z	
1.6.73		2022-10-27T02:52:24Z	
1.6.74		2022-10-27T06:40:14Z	
1.6.75		2022-10-27T07:54:53Z	
1.6.76		2022-10-27T12:16:27Z	
1.6.77		2022-10-28T07:31:37Z	
1.6.78		2022-10-28T08:23:12Z	
1.6.79		2022-10-28T09:22:50Z	
1.6.8		2022-10-03T06:53:59Z	
1.6.80		2022-10-28T13:45:43Z	
1.6.81		2022-10-31T07:20:01Z	
1.6.82		2022-11-01T10:59:13Z	
1.6.83		2022-11-01T20:11:18Z	
1.6.84		2022-11-02T03:07:04Z	
1.6.85		2022-11-02T07:24:31Z	
1.6.86		2022-11-02T09:07:00Z	
1.6.87		2022-11-02T11:56:23Z	
1.6.88		2022-11-02T20:04:47Z	
1.6.89		2022-11-03T04:22:10Z	
1.6.9		2022-10-03T10:34:53Z	
1.6.90		2022-11-03T05:27:19Z	
1.6.91		2022-11-03T10:01:17Z	
1.6.92		2022-11-03T11:13:28Z	
1.6.93		2022-11-08T04:44:54Z	
1.6.94		2022-11-08T05:55:45Z	
1.6.95		2022-11-08T09:48:29Z	
1.6.96		2022-11-08T12:38:02Z	
1.6.97		2022-11-09T02:44:17Z	
1.6.98		2022-11-09T05:14:04Z	
1.6.99		2022-11-09T06:17:01Z	
2.0.0			IOException: Tail request on https://maven-central.storage-download.googleapis.com/maven2/org/wso2/identity/apps/login-portal-layouts/2.0.0/login-portal-layouts-2.0.0.jar returned status 404
2.0.1			IOException: Tail request on https://maven-central.storage-download.googleapis.com/maven2/org/wso2/identity/apps/login-portal-layouts/2.0.1/login-portal-layouts-2.0.1.jar returned status 404
2.0.10			IOException: Tail request on https://maven-central.storage-download.googleapis.com/maven2/org/wso2/identity/apps/login-portal-layouts/2.0.10/login-portal-layouts-2.0.10.jar returned status 404
2.0.100			IOException: Tail request on https://maven-central.storage-download.googleapis.com/maven2/org/wso2/identity/apps/login-portal-layouts/2.0.100/login-portal-layouts-2.0.100.jar returned status 404
2.0.101			IOException: Tail request on https://maven-central.storage-download.googleapis.com/maven2/org/wso2/identity/apps/login-portal-layouts/2.0.101/login-portal-layouts-2.0.101.jar returned status 404
2.0.102			IOException: Tail request on https://maven-central.storage-download.googleapis.com/maven2/org/wso2/identity/apps/login-portal-layouts/2.0.102/login-portal-layouts-2.0.102.jar returned status 404
2.0.103			IOException: Tail request on https://maven-central.storage-download.googleapis.com/maven2/org/wso2/identity/apps/login-portal-layouts/2.0.103/login-portal-layouts-2.0.103.jar returned status 404
2.0.104			IOException: Tail request on https://maven-central.storage-download.googleapis.com/maven2/org/wso2/identity/apps/login-portal-layouts/2.0.104/login-portal-layouts-2.0.104.jar returned status 404
2.0.105			IOException: Tail request on https://maven-central.storage-download.googleapis.com/maven2/org/wso2/identity/apps/login-portal-layouts/2.0.105/login-portal-layouts-2.0.105.jar returned status 404
2.0.106			IOException: Tail request on https://maven-central.storage-download.googleapis.com/maven2/org/wso2/identity/apps/login-portal-layouts/2.0.106/login-portal-layouts-2.0.106.jar returned status 404
2.0.107			IOException: Tail request on https://maven-central.storage-download.googleapis.com/maven2/org/wso2/identity/apps/login-portal-layouts/2.0.107/login-portal-layouts-2.0.107.jar returned status 404
2.0.108			IOException: Tail request on https://maven-central.storage-download.googleapis.com/maven2/org/wso2/identity/apps/login-portal-layouts/2.0.108/login-portal-layouts-2.0.108.jar returned status 404
2.0.109			IOException: Tail request on https://maven-central.storage-download.googleapis.com/maven2/org/wso2/identity/apps/login-portal-layouts/2.0.109/login-portal-layouts-2.0.109.jar returned status 404
2.0.110			IOException: Tail request on https://maven-central.storage-download.googleapis.com/maven2/org/wso2/identity/apps/login-portal-layouts/2.0.110/login-portal-layouts-2.0.110.jar returned status 404
2.0.111			IOException: Tail request on https://maven-central.storage-download.googleapis.com/maven2/org/wso2/identity/apps/login-portal-layouts/2.0.111/login-portal-layouts-2.0.111.jar returned status 404
2.0.112			IOException: Tail request on https://maven-central.storage-download.googleapis.com/maven2/org/wso2/identity/apps/login-portal-layouts/2.0.112/login-portal-layouts-2.0.112.jar returned status 404
2.0.113			IOException: Tail request on https://maven-central.storage-download.googleapis.com/maven2/org/wso2/identity/apps/login-portal-layouts/2.0.113/login-portal-layouts-2.0.113.jar returned status 404
2.0.114		2024-01-09T04:55:45Z	
2.0.115		2024-01-10T06:25:52Z	
2.0.116		2024-01-12T05:19:25Z	
2.0.117		2024-01-12T09:24:27Z	
2.0.118		2024-01-12T11:26:22Z	
2.0.119		2024-01-17T06:41:59Z	
2.0.12			IOException: Tail request on https://maven-central.storage-download.googleapis.com/maven2/org/wso2/identity/apps/login-portal-layouts/2.0.12/login-portal-layouts-2.0.12.jar returned status 404
2.0.120		2024-01-17T06:34:07Z	
2.0.121			IOException: Tail request on https://maven-central.storage-download.googleapis.com/maven2/org/wso2/identity/apps/login-portal-layouts/2.0.121/login-portal-layouts-2.0.121.jar returned status 404
2.0.122			IOException: Tail request on https://maven-central.storage-download.googleapis.com/maven2/org/wso2/identity/apps/login-portal-layouts/2.0.122/login-portal-layouts-2.0.122.jar returned status 404
2.0.123			IOException: Tail request on https://maven-central.storage-download.googleapis.com/maven2/org/wso2/identity/apps/login-portal-layouts/2.0.123/login-portal-layouts-2.0.123.jar returned status 404
2.0.124			IOException: Tail request on https://maven-central.storage-download.googleapis.com/maven2/org/wso2/identity/apps/login-portal-layouts/2.0.124/login-portal-layouts-2.0.124.jar returned status 404
2.0.125			IOException: Tail request on https://maven-central.storage-download.googleapis.com/maven2/org/wso2/identity/apps/login-portal-layouts/2.0.125/login-portal-layouts-2.0.125.jar returned status 404
2.0.126			IOException: Tail request on https://maven-central.storage-download.googleapis.com/maven2/org/wso2/identity/apps/login-portal-layouts/2.0.126/login-portal-layouts-2.0.126.jar returned status 404
2.0.127			IOException: Tail request on https://maven-central.storage-download.googleapis.com/maven2/org/wso2/identity/apps/login-portal-layouts/2.0.127/login-portal-layouts-2.0.127.jar returned status 404
2.0.13			IOException: Tail request on https://maven-central.storage-download.googleapis.com/maven2/org/wso2/identity/apps/login-portal-layouts/2.0.13/login-portal-layouts-2.0.13.jar returned status 404
2.0.14			IOException: Tail request on https://maven-central.storage-download.googleapis.com/maven2/org/wso2/identity/apps/login-portal-layouts/2.0.14/login-portal-layouts-2.0.14.jar returned status 404
2.0.15			IOException: Tail request on https://maven-central.storage-download.googleapis.com/maven2/org/wso2/identity/apps/login-portal-layouts/2.0.15/login-portal-layouts-2.0.15.jar returned status 404
2.0.16			IOException: Tail request on https://maven-central.storage-download.googleapis.com/maven2/org/wso2/identity/apps/login-portal-layouts/2.0.16/login-portal-layouts-2.0.16.jar returned status 404
2.0.18			IOException: Tail request on https://maven-central.storage-download.googleapis.com/maven2/org/wso2/identity/apps/login-portal-layouts/2.0.18/login-portal-layouts-2.0.18.jar returned status 404
2.0.19			IOException: Tail request on https://maven-central.storage-download.googleapis.com/maven2/org/wso2/identity/apps/login-portal-layouts/2.0.19/login-portal-layouts-2.0.19.jar returned status 404
2.0.2			IOException: Tail request on https://maven-central.storage-download.googleapis.com/maven2/org/wso2/identity/apps/login-portal-layouts/2.0.2/login-portal-layouts-2.0.2.jar returned status 404
2.0.20			IOException: Tail request on https://maven-central.storage-download.googleapis.com/maven2/org/wso2/identity/apps/login-portal-layouts/2.0.20/login-portal-layouts-2.0.20.jar returned status 404
2.0.21			IOException: Tail request on https://maven-central.storage-download.googleapis.com/maven2/org/wso2/identity/apps/login-portal-layouts/2.0.21/login-portal-layouts-2.0.21.jar returned status 404
2.0.22			IOException: Tail request on https://maven-central.storage-download.googleapis.com/maven2/org/wso2/identity/apps/login-portal-layouts/2.0.22/login-portal-layouts-2.0.22.jar returned status 404
2.0.25			IOException: Tail request on https://maven-central.storage-download.googleapis.com/maven2/org/wso2/identity/apps/login-portal-layouts/2.0.25/login-portal-layouts-2.0.25.jar returned status 404
2.0.26			IOException: Tail request on https://maven-central.storage-download.googleapis.com/maven2/org/wso2/identity/apps/login-portal-layouts/2.0.26/login-portal-layouts-2.0.26.jar returned status 404
2.0.28			IOException: Tail request on https://maven-central.storage-download.googleapis.com/maven2/org/wso2/identity/apps/login-portal-layouts/2.0.28/login-portal-layouts-2.0.28.jar returned status 404
2.0.3			IOException: Tail request on https://maven-central.storage-download.googleapis.com/maven2/org/wso2/identity/apps/login-portal-layouts/2.0.3/login-portal-layouts-2.0.3.jar returned status 404
2.0.31			IOException: Tail request on https://maven-central.storage-download.googleapis.com/maven2/org/wso2/identity/apps/login-portal-layouts/2.0.31/login-portal-layouts-2.0.31.jar returned status 404
2.0.32			IOException: Tail request on https://maven-central.storage-download.googleapis.com/maven2/org/wso2/identity/apps/login-portal-layouts/2.0.32/login-portal-layouts-2.0.32.jar returned status 404
2.0.33			IOException: Tail request on https://maven-central.storage-download.googleapis.com/maven2/org/wso2/identity/apps/login-portal-layouts/2.0.33/login-portal-layouts-2.0.33.jar returned status 404
2.0.34			IOException: Tail request on https://maven-central.storage-download.googleapis.com/maven2/org/wso2/identity/apps/login-portal-layouts/2.0.34/login-portal-layouts-2.0.34.jar returned status 404
2.0.35			IOException: Tail request on https://maven-central.storage-download.googleapis.com/maven2/org/wso2/identity/apps/login-portal-layouts/2.0.35/login-portal-layouts-2.0.35.jar returned status 404
2.0.36			IOException: Tail request on https://maven-central.storage-download.googleapis.com/maven2/org/wso2/identity/apps/login-portal-layouts/2.0.36/login-portal-layouts-2.0.36.jar returned status 404
2.0.37			IOException: Tail request on https://maven-central.storage-download.googleapis.com/maven2/org/wso2/identity/apps/login-portal-layouts/2.0.37/login-portal-layouts-2.0.37.jar returned status 404
2.0.38			IOException: Tail request on https://maven-central.storage-download.googleapis.com/maven2/org/wso2/identity/apps/login-portal-layouts/2.0.38/login-portal-layouts-2.0.38.jar returned status 404
2.0.39			IOException: Tail request on https://maven-central.storage-download.googleapis.com/maven2/org/wso2/identity/apps/login-portal-layouts/2.0.39/login-portal-layouts-2.0.39.jar returned status 404
2.0.40			IOException: Tail request on https://maven-central.storage-download.googleapis.com/maven2/org/wso2/identity/apps/login-portal-layouts/2.0.40/login-portal-layouts-2.0.40.jar returned status 404
2.0.41			IOException: Tail request on https://maven-central.storage-download.googleapis.com/maven2/org/wso2/identity/apps/login-portal-layouts/2.0.41/login-portal-layouts-2.0.41.jar returned status 404
2.0.42			IOException: Tail request on https://maven-central.storage-download.googleapis.com/maven2/org/wso2/identity/apps/login-portal-layouts/2.0.42/login-portal-layouts-2.0.42.jar returned status 404
2.0.43			IOException: Tail request on https://maven-central.storage-download.googleapis.com/maven2/org/wso2/identity/apps/login-portal-layouts/2.0.43/login-portal-layouts-2.0.43.jar returned status 404
2.0.44			IOException: Tail request on https://maven-central.storage-download.googleapis.com/maven2/org/wso2/identity/apps/login-portal-layouts/2.0.44/login-portal-layouts-2.0.44.jar returned status 404
2.0.45			IOException: Tail request on https://maven-central.storage-download.googleapis.com/maven2/org/wso2/identity/apps/login-portal-layouts/2.0.45/login-portal-layouts-2.0.45.jar returned status 404
2.0.46			IOException: Tail request on https://maven-central.storage-download.googleapis.com/maven2/org/wso2/identity/apps/login-portal-layouts/2.0.46/login-portal-layouts-2.0.46.jar returned status 404
2.0.47			IOException: Tail request on https://maven-central.storage-download.googleapis.com/maven2/org/wso2/identity/apps/login-portal-layouts/2.0.47/login-portal-layouts-2.0.47.jar returned status 404
2.0.48			IOException: Tail request on https://maven-central.storage-download.googleapis.com/maven2/org/wso2/identity/apps/login-portal-layouts/2.0.48/login-portal-layouts-2.0.48.jar returned status 404
2.0.49			IOException: Tail request on https://maven-central.storage-download.googleapis.com/maven2/org/wso2/identity/apps/login-portal-layouts/2.0.49/login-portal-layouts-2.0.49.jar returned status 404
2.0.5			IOException: Tail request on https://maven-central.storage-download.googleapis.com/maven2/org/wso2/identity/apps/login-portal-layouts/2.0.5/login-portal-layouts-2.0.5.jar returned status 404
2.0.50			IOException: Tail request on https://maven-central.storage-download.googleapis.com/maven2/org/wso2/identity/apps/login-portal-layouts/2.0.50/login-portal-layouts-2.0.50.jar returned status 404
2.0.51			IOException: Tail request on https://maven-central.storage-download.googleapis.com/maven2/org/wso2/identity/apps/login-portal-layouts/2.0.51/login-portal-layouts-2.0.51.jar returned status 404
2.0.52			IOException: Tail request on https://maven-central.storage-download.googleapis.com/maven2/org/wso2/identity/apps/login-portal-layouts/2.0.52/login-portal-layouts-2.0.52.jar returned status 404
2.0.53			IOException: Tail request on https://maven-central.storage-download.googleapis.com/maven2/org/wso2/identity/apps/login-portal-layouts/2.0.53/login-portal-layouts-2.0.53.jar returned status 404
2.0.54			IOException: Tail request on https://maven-central.storage-download.googleapis.com/maven2/org/wso2/identity/apps/login-portal-layouts/2.0.54/login-portal-layouts-2.0.54.jar returned status 404
2.0.55			IOException: Tail request on https://maven-central.storage-download.googleapis.com/maven2/org/wso2/identity/apps/login-portal-layouts/2.0.55/login-portal-layouts-2.0.55.jar returned status 404
2.0.57			IOException: Tail request on https://maven-central.storage-download.googleapis.com/maven2/org/wso2/identity/apps/login-portal-layouts/2.0.57/login-portal-layouts-2.0.57.jar returned status 404
2.0.58			IOException: Tail request on https://maven-central.storage-download.googleapis.com/maven2/org/wso2/identity/apps/login-portal-layouts/2.0.58/login-portal-layouts-2.0.58.jar returned status 404
2.0.59			IOException: Tail request on https://maven-central.storage-download.googleapis.com/maven2/org/wso2/identity/apps/login-portal-layouts/2.0.59/login-portal-layouts-2.0.59.jar returned status 404
2.0.6			IOException: Tail request on https://maven-central.storage-download.googleapis.com/maven2/org/wso2/identity/apps/login-portal-layouts/2.0.6/login-portal-layouts-2.0.6.jar returned status 404
2.0.60			IOException: Tail request on https://maven-central.storage-download.googleapis.com/maven2/org/wso2/identity/apps/login-portal-layouts/2.0.60/login-portal-layouts-2.0.60.jar returned status 404
2.0.61			IOException: Tail request on https://maven-central.storage-download.googleapis.com/maven2/org/wso2/identity/apps/login-portal-layouts/2.0.61/login-portal-layouts-2.0.61.jar returned status 404
2.0.62			IOException: Tail request on https://maven-central.storage-download.googleapis.com/maven2/org/wso2/identity/apps/login-portal-layouts/2.0.62/login-portal-layouts-2.0.62.jar returned status 404
2.0.63			IOException: Tail request on https://maven-central.storage-download.googleapis.com/maven2/org/wso2/identity/apps/login-portal-layouts/2.0.63/login-portal-layouts-2.0.63.jar returned status 404
2.0.64			IOException: Tail request on https://maven-central.storage-download.googleapis.com/maven2/org/wso2/identity/apps/login-portal-layouts/2.0.64/login-portal-layouts-2.0.64.jar returned status 404
2.0.65			IOException: Tail request on https://maven-central.storage-download.googleapis.com/maven2/org/wso2/identity/apps/login-portal-layouts/2.0.65/login-portal-layouts-2.0.65.jar returned status 404
2.0.66			IOException: Tail request on https://maven-central.storage-download.googleapis.com/maven2/org/wso2/identity/apps/login-portal-layouts/2.0.66/login-portal-layouts-2.0.66.jar returned status 404
2.0.67			IOException: Tail request on https://maven-central.storage-download.googleapis.com/maven2/org/wso2/identity/apps/login-portal-layouts/2.0.67/login-portal-layouts-2.0.67.jar returned status 404
2.0.68			IOException: Tail request on https://maven-central.storage-download.googleapis.com/maven2/org/wso2/identity/apps/login-portal-layouts/2.0.68/login-portal-layouts-2.0.68.jar returned status 404
2.0.69			IOException: Tail request on https://maven-central.storage-download.googleapis.com/maven2/org/wso2/identity/apps/login-portal-layouts/2.0.69/login-portal-layouts-2.0.69.jar returned status 404
2.0.7			IOException: Tail request on https://maven-central.storage-download.googleapis.com/maven2/org/wso2/identity/apps/login-portal-layouts/2.0.7/login-portal-layouts-2.0.7.jar returned status 404
2.0.70			IOException: Tail request on https://maven-central.storage-download.googleapis.com/maven2/org/wso2/identity/apps/login-portal-layouts/2.0.70/login-portal-layouts-2.0.70.jar returned status 404
2.0.71			IOException: Tail request on https://maven-central.storage-download.googleapis.com/maven2/org/wso2/identity/apps/login-portal-layouts/2.0.71/login-portal-layouts-2.0.71.jar returned status 404
2.0.72			IOException: Tail request on https://maven-central.storage-download.googleapis.com/maven2/org/wso2/identity/apps/login-portal-layouts/2.0.72/login-portal-layouts-2.0.72.jar returned status 404
2.0.73			IOException: Tail request on https://maven-central.storage-download.googleapis.com/maven2/org/wso2/identity/apps/login-portal-layouts/2.0.73/login-portal-layouts-2.0.73.jar returned status 404
2.0.74			IOException: Tail request on https://maven-central.storage-download.googleapis.com/maven2/org/wso2/identity/apps/login-portal-layouts/2.0.74/login-portal-layouts-2.0.74.jar returned status 404
2.0.75			IOException: Tail request on https://maven-central.storage-download.googleapis.com/maven2/org/wso2/identity/apps/login-portal-layouts/2.0.75/login-portal-layouts-2.0.75.jar returned status 404
2.0.76			IOException: Tail request on https://maven-central.storage-download.googleapis.com/maven2/org/wso2/identity/apps/login-portal-layouts/2.0.76/login-portal-layouts-2.0.76.jar returned status 404
2.0.77			IOException: Tail request on https://maven-central.storage-download.googleapis.com/maven2/org/wso2/identity/apps/login-portal-layouts/2.0.77/login-portal-layouts-2.0.77.jar returned status 404
2.0.78			IOException: Tail request on https://maven-central.storage-download.googleapis.com/maven2/org/wso2/identity/apps/login-portal-layouts/2.0.78/login-portal-layouts-2.0.78.jar returned status 404
2.0.79			IOException: Tail request on https://maven-central.storage-download.googleapis.com/maven2/org/wso2/identity/apps/login-portal-layouts/2.0.79/login-portal-layouts-2.0.79.jar returned status 404
2.0.8			IOException: Tail request on https://maven-central.storage-download.googleapis.com/maven2/org/wso2/identity/apps/login-portal-layouts/2.0.8/login-portal-layouts-2.0.8.jar returned status 404
2.0.80			IOException: Tail request on https://maven-central.storage-download.googleapis.com/maven2/org/wso2/identity/apps/login-portal-layouts/2.0.80/login-portal-layouts-2.0.80.jar returned status 404
2.0.81			IOException: Tail request on https://maven-central.storage-download.googleapis.com/maven2/org/wso2/identity/apps/login-portal-layouts/2.0.81/login-portal-layouts-2.0.81.jar returned status 404
2.0.82			IOException: Tail request on https://maven-central.storage-download.googleapis.com/maven2/org/wso2/identity/apps/login-portal-layouts/2.0.82/login-portal-layouts-2.0.82.jar returned status 404
2.0.83			IOException: Tail request on https://maven-central.storage-download.googleapis.com/maven2/org/wso2/identity/apps/login-portal-layouts/2.0.83/login-portal-layouts-2.0.83.jar returned status 404
2.0.84			IOException: Tail request on https://maven-central.storage-download.googleapis.com/maven2/org/wso2/identity/apps/login-portal-layouts/2.0.84/login-portal-layouts-2.0.84.jar returned status 404
2.0.85			IOException: Tail request on https://maven-central.storage-download.googleapis.com/maven2/org/wso2/identity/apps/login-portal-layouts/2.0.85/login-portal-layouts-2.0.85.jar returned status 404
2.0.86			IOException: Tail request on https://maven-central.storage-download.googleapis.com/maven2/org/wso2/identity/apps/login-portal-layouts/2.0.86/login-portal-layouts-2.0.86.jar returned status 404
2.0.87			IOException: Tail request on https://maven-central.storage-download.googleapis.com/maven2/org/wso2/identity/apps/login-portal-layouts/2.0.87/login-portal-layouts-2.0.87.jar returned status 404
2.0.88			IOException: Tail request on https://maven-central.storage-download.googleapis.com/maven2/org/wso2/identity/apps/login-portal-layouts/2.0.88/login-portal-layouts-2.0.88.jar returned status 404
2.0.89			IOException: Tail request on https://maven-central.storage-download.googleapis.com/maven2/org/wso2/identity/apps/login-portal-layouts/2.0.89/login-portal-layouts-2.0.89.jar returned status 404
2.0.9			IOException: Tail request on https://maven-central.storage-download.googleapis.com/maven2/org/wso2/identity/apps/login-portal-layouts/2.0.9/login-portal-layouts-2.0.9.jar returned status 404
2.0.90			IOException: Tail request on https://maven-central.storage-download.googleapis.com/maven2/org/wso2/identity/apps/login-portal-layouts/2.0.90/login-portal-layouts-2.0.90.jar returned status 404
2.0.91			IOException: Tail request on https://maven-central.storage-download.googleapis.com/maven2/org/wso2/identity/apps/login-portal-layouts/2.0.91/login-portal-layouts-2.0.91.jar returned status 404
2.0.92			IOException: Tail request on https://maven-central.storage-download.googleapis.com/maven2/org/wso2/identity/apps/login-portal-layouts/2.0.92/login-portal-layouts-2.0.92.jar returned status 404
2.0.93			IOException: Tail request on https://maven-central.storage-download.googleapis.com/maven2/org/wso2/identity/apps/login-portal-layouts/2.0.93/login-portal-layouts-2.0.93.jar returned status 404
2.0.94			IOException: Tail request on https://maven-central.storage-download.googleapis.com/maven2/org/wso2/identity/apps/login-portal-layouts/2.0.94/login-portal-layouts-2.0.94.jar returned status 404
2.0.95			IOException: Tail request on https://maven-central.storage-download.googleapis.com/maven2/org/wso2/identity/apps/login-portal-layouts/2.0.95/login-portal-layouts-2.0.95.jar returned status 404
2.0.96			IOException: Tail request on https://maven-central.storage-download.googleapis.com/maven2/org/wso2/identity/apps/login-portal-layouts/2.0.96/login-portal-layouts-2.0.96.jar returned status 404
2.0.97			IOException: Tail request on https://maven-central.storage-download.googleapis.com/maven2/org/wso2/identity/apps/login-portal-layouts/2.0.97/login-portal-layouts-2.0.97.jar returned status 404
2.0.98			IOException: Tail request on https://maven-central.storage-download.googleapis.com/maven2/org/wso2/identity/apps/login-portal-layouts/2.0.98/login-portal-layouts-2.0.98.jar returned status 404
2.0.99			IOException: Tail request on https://maven-central.storage-download.googleapis.com/maven2/org/wso2/identity/apps/login-portal-layouts/2.0.99/login-portal-layouts-2.0.99.jar returned status 404
2.1.0			IOException: Tail request on https://maven-central.storage-download.googleapis.com/maven2/org/wso2/identity/apps/login-portal-layouts/2.1.0/login-portal-layouts-2.1.0.jar returned status 404
2.1.1			IOException: Tail request on https://maven-central.storage-download.googleapis.com/maven2/org/wso2/identity/apps/login-portal-layouts/2.1.1/login-portal-layouts-2.1.1.jar returned status 404
2.1.10			IOException: Tail request on https://maven-central.storage-download.googleapis.com/maven2/org/wso2/identity/apps/login-portal-layouts/2.1.10/login-portal-layouts-2.1.10.jar returned status 404
2.1.11			IOException: Tail request on https://maven-central.storage-download.googleapis.com/maven2/org/wso2/identity/apps/login-portal-layouts/2.1.11/login-portal-layouts-2.1.11.jar returned status 404
2.1.12		2024-02-06T06:20:33Z	
2.1.13		2024-02-06T12:25:46Z	
2.1.14		2024-02-07T05:05:24Z	
2.1.15		2024-02-07T09:54:38Z	
2.1.16		2024-02-07T10:38:32Z	
2.1.17		2024-02-07T17:40:32Z	
2.1.18		2024-02-09T03:52:49Z	
2.1.19			IOException: Tail request on https://maven-central.storage-download.googleapis.com/maven2/org/wso2/identity/apps/login-portal-layouts/2.1.19/login-portal-layouts-2.1.19.jar returned status 404
2.1.2			IOException: Tail request on https://maven-central.storage-download.googleapis.com/maven2/org/wso2/identity/apps/login-portal-layouts/2.1.2/login-portal-layouts-2.1.2.jar returned status 404
2.1.20			IOException: Tail request on https://maven-central.storage-download.googleapis.com/maven2/org/wso2/identity/apps/login-portal-layouts/2.1.20/login-portal-layouts-2.1.20.jar returned status 404
2.1.21			IOException: Tail request on https://maven-central.storage-download.googleapis.com/maven2/org/wso2/identity/apps/login-portal-layouts/2.1.21/login-portal-layouts-2.1.21.jar returned status 404
2.1.22			IOException: Tail request on https://maven-central.storage-download.googleapis.com/maven2/org/wso2/identity/apps/login-portal-layouts/2.1.22/login-portal-layouts-2.1.22.jar returned status 404
2.1.23			IOException: Tail request on https://maven-central.storage-download.googleapis.com/maven2/org/wso2/identity/apps/login-portal-layouts/2.1.23/login-portal-layouts-2.1.23.jar returned status 404
2.1.24			IOException: Tail request on https://maven-central.storage-download.googleapis.com/maven2/org/wso2/identity/apps/login-portal-layouts/2.1.24/login-portal-layouts-2.1.24.jar returned status 404
2.1.25			IOException: Tail request on https://maven-central.storage-download.googleapis.com/maven2/org/wso2/identity/apps/login-portal-layouts/2.1.25/login-portal-layouts-2.1.25.jar returned status 404
2.1.26			IOException: Tail request on https://maven-central.storage-download.googleapis.com/maven2/org/wso2/identity/apps/login-portal-layouts/2.1.26/login-portal-layouts-2.1.26.jar returned status 404
2.1.27			IOException: Tail request on https://maven-central.storage-download.googleapis.com/maven2/org/wso2/identity/apps/login-portal-layouts/2.1.27/login-portal-layouts-2.1.27.jar returned status 404
2.1.28			IOException: Tail request on https://maven-central.storage-download.googleapis.com/maven2/org/wso2/identity/apps/login-portal-layouts/2.1.28/login-portal-layouts-2.1.28.jar returned status 404
2.1.29			IOException: Tail request on https://maven-central.storage-download.googleapis.com/maven2/org/wso2/identity/apps/login-portal-layouts/2.1.29/login-portal-layouts-2.1.29.jar returned status 404
2.1.3			IOException: Tail request on https://maven-central.storage-download.googleapis.com/maven2/org/wso2/identity/apps/login-portal-layouts/2.1.3/login-portal-layouts-2.1.3.jar returned status 404
2.1.30			IOException: Tail request on https://maven-central.storage-download.googleapis.com/maven2/org/wso2/identity/apps/login-portal-layouts/2.1.30/login-portal-layouts-2.1.30.jar returned status 404
2.1.31			IOException: Tail request on https://maven-central.storage-download.googleapis.com/maven2/org/wso2/identity/apps/login-portal-layouts/2.1.31/login-portal-layouts-2.1.31.jar returned status 404
2.1.32			IOException: Tail request on https://maven-central.storage-download.googleapis.com/maven2/org/wso2/identity/apps/login-portal-layouts/2.1.32/login-portal-layouts-2.1.32.jar returned status 404
2.1.33		2024-03-04T09:28:25Z	
2.1.34			IOException: Tail request on https://maven-central.storage-download.googleapis.com/maven2/org/wso2/identity/apps/login-portal-layouts/2.1.34/login-portal-layouts-2.1.34.jar returned status 404
2.1.35			IOException: Tail request on https://maven-central.storage-download.googleapis.com/maven2/org/wso2/identity/apps/login-portal-layouts/2.1.35/login-portal-layouts-2.1.35.jar returned status 404
2.1.36			IOException: Tail request on https://maven-central.storage-download.googleapis.com/maven2/org/wso2/identity/apps/login-portal-layouts/2.1.36/login-portal-layouts-2.1.36.jar returned status 404
2.1.37			IOException: Tail request on https://maven-central.storage-download.googleapis.com/maven2/org/wso2/identity/apps/login-portal-layouts/2.1.37/login-portal-layouts-2.1.37.jar returned status 404
2.1.38			IOException: Tail request on https://maven-central.storage-download.googleapis.com/maven2/org/wso2/identity/apps/login-portal-layouts/2.1.38/login-portal-layouts-2.1.38.jar returned status 404
2.1.39			IOException: Tail request on https://maven-central.storage-download.googleapis.com/maven2/org/wso2/identity/apps/login-portal-layouts/2.1.39/login-portal-layouts-2.1.39.jar returned status 404
2.1.4			IOException: Tail request on https://maven-central.storage-download.googleapis.com/maven2/org/wso2/identity/apps/login-portal-layouts/2.1.4/login-portal-layouts-2.1.4.jar returned status 404
2.1.40			IOException: Tail request on https://maven-central.storage-download.googleapis.com/maven2/org/wso2/identity/apps/login-portal-layouts/2.1.40/login-portal-layouts-2.1.40.jar returned status 404
2.1.41			IOException: Tail request on https://maven-central.storage-download.googleapis.com/maven2/org/wso2/identity/apps/login-portal-layouts/2.1.41/login-portal-layouts-2.1.41.jar returned status 404
2.1.42			IOException: Tail request on https://maven-central.storage-download.googleapis.com/maven2/org/wso2/identity/apps/login-portal-layouts/2.1.42/login-portal-layouts-2.1.42.jar returned status 404
2.1.43			IOException: Tail request on https://maven-central.storage-download.googleapis.com/maven2/org/wso2/identity/apps/login-portal-layouts/2.1.43/login-portal-layouts-2.1.43.jar returned status 404
2.1.44		2024-03-15T10:50:39Z	
2.1.45		2024-03-15T12:34:51Z	
2.1.46		2024-03-18T06:35:52Z	
2.1.47			IOException: Tail request on https://maven-central.storage-download.googleapis.com/maven2/org/wso2/identity/apps/login-portal-layouts/2.1.47/login-portal-layouts-2.1.47.jar returned status 404
2.1.48			IOException: Tail request on https://maven-central.storage-download.googleapis.com/maven2/org/wso2/identity/apps/login-portal-layouts/2.1.48/login-portal-layouts-2.1.48.jar returned status 404
2.1.49			IOException: Tail request on https://maven-central.storage-download.googleapis.com/maven2/org/wso2/identity/apps/login-portal-layouts/2.1.49/login-portal-layouts-2.1.49.jar returned status 404
2.1.5			IOException: Tail request on https://maven-central.storage-download.googleapis.com/maven2/org/wso2/identity/apps/login-portal-layouts/2.1.5/login-portal-layouts-2.1.5.jar returned status 404
2.1.50			IOException: Tail request on https://maven-central.storage-download.googleapis.com/maven2/org/wso2/identity/apps/login-portal-layouts/2.1.50/login-portal-layouts-2.1.50.jar returned status 404
2.1.51			IOException: Tail request on https://maven-central.storage-download.googleapis.com/maven2/org/wso2/identity/apps/login-portal-layouts/2.1.51/login-portal-layouts-2.1.51.jar returned status 404
2.1.52			IOException: Tail request on https://maven-central.storage-download.googleapis.com/maven2/org/wso2/identity/apps/login-portal-layouts/2.1.52/login-portal-layouts-2.1.52.jar returned status 404
2.1.53		2024-04-16T04:36:38Z	
2.1.54		2024-04-16T05:33:53Z	
2.1.55		2024-04-17T11:01:30Z	
2.1.56		2024-04-19T05:15:17Z	
2.1.57		2024-04-19T19:18:43Z	
2.1.58		2024-04-22T05:09:33Z	
2.1.59		2024-04-23T17:11:28Z	
2.1.6			IOException: Tail request on https://maven-central.storage-download.googleapis.com/maven2/org/wso2/identity/apps/login-portal-layouts/2.1.6/login-portal-layouts-2.1.6.jar returned status 404
2.1.60		2024-04-24T10:33:42Z	
2.1.61		2024-04-25T04:39:41Z	
2.1.62		2024-04-25T10:22:57Z	
2.1.63		2024-04-25T13:32:25Z	
2.1.64		2024-04-25T18:13:38Z	
2.1.65		2024-04-26T03:10:33Z	
2.1.66		2024-04-29T09:20:57Z	
2.1.67		2024-04-30T15:30:55Z	
2.1.68		2024-05-02T06:32:53Z	
2.1.69		2024-05-03T00:06:36Z	
2.1.7			IOException: Tail request on https://maven-central.storage-download.googleapis.com/maven2/org/wso2/identity/apps/login-portal-layouts/2.1.7/login-portal-layouts-2.1.7.jar returned status 404
2.1.70			IOException: Tail request on https://maven-central.storage-download.googleapis.com/maven2/org/wso2/identity/apps/login-portal-layouts/2.1.70/login-portal-layouts-2.1.70.jar returned status 404
2.1.71		2024-05-05T15:10:20Z	
2.1.72		2024-05-07T06:41:44Z	
2.1.73		2024-05-07T09:58:15Z	
2.1.74		2024-05-07T20:30:42Z	
2.1.75		2024-05-08T10:43:41Z	
2.1.76		2024-05-10T16:25:53Z	
2.1.77		2024-05-13T08:44:29Z	
2.1.9			IOException: Tail request on https://maven-central.storage-download.googleapis.com/maven2/org/wso2/identity/apps/login-portal-layouts/2.1.9/login-portal-layouts-2.1.9.jar returned status 404
2.10.0		2025-01-10T10:43:01Z	
2.10.1		2025-01-17T06:14:20Z	
2.10.10			IOException: Tail request on https://maven-central.storage-download.googleapis.com/maven2/org/wso2/identity/apps/login-portal-layouts/2.10.10/login-portal-layouts-2.10.10.jar returned status 404
2.10.11			IOException: Tail request on https://maven-central.storage-download.googleapis.com/maven2/org/wso2/identity/apps/login-portal-layouts/2.10.11/login-portal-layouts-2.10.11.jar returned status 404
2.10.12			IOException: Tail request on https://maven-central.storage-download.googleapis.com/maven2/org/wso2/identity/apps/login-portal-layouts/2.10.12/login-portal-layouts-2.10.12.jar returned status 404
2.10.2		2025-01-17T13:23:51Z	
2.10.3		2025-01-20T07:22:48Z	
2.10.4		2025-01-20T14:43:06Z	
2.10.5			IOException: Tail request on https://maven-central.storage-download.googleapis.com/maven2/org/wso2/identity/apps/login-portal-layouts/2.10.5/login-portal-layouts-2.10.5.jar returned status 404
2.10.6			IOException: Tail request on https://maven-central.storage-download.googleapis.com/maven2/org/wso2/identity/apps/login-portal-layouts/2.10.6/login-portal-layouts-2.10.6.jar returned status 404
2.10.7			IOException: Tail request on https://maven-central.storage-download.googleapis.com/maven2/org/wso2/identity/apps/login-portal-layouts/2.10.7/login-portal-layouts-2.10.7.jar returned status 404
2.10.8			IOException: Tail request on https://maven-central.storage-download.googleapis.com/maven2/org/wso2/identity/apps/login-portal-layouts/2.10.8/login-portal-layouts-2.10.8.jar returned status 404
2.10.9			IOException: Tail request on https://maven-central.storage-download.googleapis.com/maven2/org/wso2/identity/apps/login-portal-layouts/2.10.9/login-portal-layouts-2.10.9.jar returned status 404
2.11.0			IOException: Tail request on https://maven-central.storage-download.googleapis.com/maven2/org/wso2/identity/apps/login-portal-layouts/2.11.0/login-portal-layouts-2.11.0.jar returned status 404
2.11.1			IOException: Tail request on https://maven-central.storage-download.googleapis.com/maven2/org/wso2/identity/apps/login-portal-layouts/2.11.1/login-portal-layouts-2.11.1.jar returned status 404
2.12.0			IOException: Tail request on https://maven-central.storage-download.googleapis.com/maven2/org/wso2/identity/apps/login-portal-layouts/2.12.0/login-portal-layouts-2.12.0.jar returned status 404
2.12.1			IOException: Tail request on https://maven-central.storage-download.googleapis.com/maven2/org/wso2/identity/apps/login-portal-layouts/2.12.1/login-portal-layouts-2.12.1.jar returned status 404
2.12.10			IOException: Tail request on https://maven-central.storage-download.googleapis.com/maven2/org/wso2/identity/apps/login-portal-layouts/2.12.10/login-portal-layouts-2.12.10.jar returned status 404
2.12.11			IOException: Tail request on https://maven-central.storage-download.googleapis.com/maven2/org/wso2/identity/apps/login-portal-layouts/2.12.11/login-portal-layouts-2.12.11.jar returned status 404
2.12.12			IOException: Tail request on https://maven-central.storage-download.googleapis.com/maven2/org/wso2/identity/apps/login-portal-layouts/2.12.12/login-portal-layouts-2.12.12.jar returned status 404
2.12.13			IOException: Tail request on https://maven-central.storage-download.googleapis.com/maven2/org/wso2/identity/apps/login-portal-layouts/2.12.13/login-portal-layouts-2.12.13.jar returned status 404
2.12.2			IOException: Tail request on https://maven-central.storage-download.googleapis.com/maven2/org/wso2/identity/apps/login-portal-layouts/2.12.2/login-portal-layouts-2.12.2.jar returned status 404
2.12.3			IOException: Tail request on https://maven-central.storage-download.googleapis.com/maven2/org/wso2/identity/apps/login-portal-layouts/2.12.3/login-portal-layouts-2.12.3.jar returned status 404
2.12.4			IOException: Tail request on https://maven-central.storage-download.googleapis.com/maven2/org/wso2/identity/apps/login-portal-layouts/2.12.4/login-portal-layouts-2.12.4.jar returned status 404
2.12.5			IOException: Tail request on https://maven-central.storage-download.googleapis.com/maven2/org/wso2/identity/apps/login-portal-layouts/2.12.5/login-portal-layouts-2.12.5.jar returned status 404
2.12.6			IOException: Tail request on https://maven-central.storage-download.googleapis.com/maven2/org/wso2/identity/apps/login-portal-layouts/2.12.6/login-portal-layouts-2.12.6.jar returned status 404
2.12.8			IOException: Tail request on https://maven-central.storage-download.googleapis.com/maven2/org/wso2/identity/apps/login-portal-layouts/2.12.8/login-portal-layouts-2.12.8.jar returned status 404
2.12.9			IOException: Tail request on https://maven-central.storage-download.googleapis.com/maven2/org/wso2/identity/apps/login-portal-layouts/2.12.9/login-portal-layouts-2.12.9.jar returned status 404
2.13.0			IOException: Tail request on https://maven-central.storage-download.googleapis.com/maven2/org/wso2/identity/apps/login-portal-layouts/2.13.0/login-portal-layouts-2.13.0.jar returned status 404
2.13.1			IOException: Tail request on https://maven-central.storage-download.googleapis.com/maven2/org/wso2/identity/apps/login-portal-layouts/2.13.1/login-portal-layouts-2.13.1.jar returned status 404
2.13.2			IOException: Tail request on https://maven-central.storage-download.googleapis.com/maven2/org/wso2/identity/apps/login-portal-layouts/2.13.2/login-portal-layouts-2.13.2.jar returned status 404
2.13.3			IOException: Tail request on https://maven-central.storage-download.googleapis.com/maven2/org/wso2/identity/apps/login-portal-layouts/2.13.3/login-portal-layouts-2.13.3.jar returned status 404
2.13.4			IOException: Tail request on https://maven-central.storage-download.googleapis.com/maven2/org/wso2/identity/apps/login-portal-layouts/2.13.4/login-portal-layouts-2.13.4.jar returned status 404
2.13.5			IOException: Tail request on https://maven-central.storage-download.googleapis.com/maven2/org/wso2/identity/apps/login-portal-layouts/2.13.5/login-portal-layouts-2.13.5.jar returned status 404
2.13.6		2025-02-17T08:46:25Z	
2.13.8			IOException: Tail request on https://maven-central.storage-download.googleapis.com/maven2/org/wso2/identity/apps/login-portal-layouts/2.13.8/login-portal-layouts-2.13.8.jar returned status 404
2.14.0			IOException: Tail request on https://maven-central.storage-download.googleapis.com/maven2/org/wso2/identity/apps/login-portal-layouts/2.14.0/login-portal-layouts-2.14.0.jar returned status 404
2.14.1			IOException: Tail request on https://maven-central.storage-download.googleapis.com/maven2/org/wso2/identity/apps/login-portal-layouts/2.14.1/login-portal-layouts-2.14.1.jar returned status 404
2.14.2			IOException: Tail request on https://maven-central.storage-download.googleapis.com/maven2/org/wso2/identity/apps/login-portal-layouts/2.14.2/login-portal-layouts-2.14.2.jar returned status 404
2.14.3			IOException: Tail request on https://maven-central.storage-download.googleapis.com/maven2/org/wso2/identity/apps/login-portal-layouts/2.14.3/login-portal-layouts-2.14.3.jar returned status 404
2.14.4			IOException: Tail request on https://maven-central.storage-download.googleapis.com/maven2/org/wso2/identity/apps/login-portal-layouts/2.14.4/login-portal-layouts-2.14.4.jar returned status 404
2.14.5			IOException: Tail request on https://maven-central.storage-download.googleapis.com/maven2/org/wso2/identity/apps/login-portal-layouts/2.14.5/login-portal-layouts-2.14.5.jar returned status 404
2.18.0			IOException: Tail request on https://maven-central.storage-download.googleapis.com/maven2/org/wso2/identity/apps/login-portal-layouts/2.18.0/login-portal-layouts-2.18.0.jar returned status 404
2.18.1			IOException: Tail request on https://maven-central.storage-download.googleapis.com/maven2/org/wso2/identity/apps/login-portal-layouts/2.18.1/login-portal-layouts-2.18.1.jar returned status 404
2.18.2			IOException: Tail request on https://maven-central.storage-download.googleapis.com/maven2/org/wso2/identity/apps/login-portal-layouts/2.18.2/login-portal-layouts-2.18.2.jar returned status 404
2.18.3			IOException: Tail request on https://maven-central.storage-download.googleapis.com/maven2/org/wso2/identity/apps/login-portal-layouts/2.18.3/login-portal-layouts-2.18.3.jar returned status 404
2.19.0			IOException: Tail request on https://maven-central.storage-download.googleapis.com/maven2/org/wso2/identity/apps/login-portal-layouts/2.19.0/login-portal-layouts-2.19.0.jar returned status 404
2.19.1			IOException: Tail request on https://maven-central.storage-download.googleapis.com/maven2/org/wso2/identity/apps/login-portal-layouts/2.19.1/login-portal-layouts-2.19.1.jar returned status 404
2.19.2			IOException: Tail request on https://maven-central.storage-download.googleapis.com/maven2/org/wso2/identity/apps/login-portal-layouts/2.19.2/login-portal-layouts-2.19.2.jar returned status 404
2.19.3			IOException: Tail request on https://maven-central.storage-download.googleapis.com/maven2/org/wso2/identity/apps/login-portal-layouts/2.19.3/login-portal-layouts-2.19.3.jar returned status 404
2.19.4			IOException: Tail request on https://maven-central.storage-download.googleapis.com/maven2/org/wso2/identity/apps/login-portal-layouts/2.19.4/login-portal-layouts-2.19.4.jar returned status 404
2.19.5			IOException: Tail request on https://maven-central.storage-download.googleapis.com/maven2/org/wso2/identity/apps/login-portal-layouts/2.19.5/login-portal-layouts-2.19.5.jar returned status 404
2.19.6			IOException: Tail request on https://maven-central.storage-download.googleapis.com/maven2/org/wso2/identity/apps/login-portal-layouts/2.19.6/login-portal-layouts-2.19.6.jar returned status 404
2.19.7			IOException: Tail request on https://maven-central.storage-download.googleapis.com/maven2/org/wso2/identity/apps/login-portal-layouts/2.19.7/login-portal-layouts-2.19.7.jar returned status 404
2.19.8			IOException: Tail request on https://maven-central.storage-download.googleapis.com/maven2/org/wso2/identity/apps/login-portal-layouts/2.19.8/login-portal-layouts-2.19.8.jar returned status 404
2.2.0		2024-05-14T06:00:57Z	
2.2.1		2024-05-15T08:52:14Z	
2.2.2		2024-05-17T09:41:51Z	
2.2.3			IOException: Tail request on https://maven-central.storage-download.googleapis.com/maven2/org/wso2/identity/apps/login-portal-layouts/2.2.3/login-portal-layouts-2.2.3.jar returned status 404
2.2.4			IOException: Tail request on https://maven-central.storage-download.googleapis.com/maven2/org/wso2/identity/apps/login-portal-layouts/2.2.4/login-portal-layouts-2.2.4.jar returned status 404
2.2.5			IOException: Tail request on https://maven-central.storage-download.googleapis.com/maven2/org/wso2/identity/apps/login-portal-layouts/2.2.5/login-portal-layouts-2.2.5.jar returned status 404
2.20.0			IOException: Tail request on https://maven-central.storage-download.googleapis.com/maven2/org/wso2/identity/apps/login-portal-layouts/2.20.0/login-portal-layouts-2.20.0.jar returned status 404
2.21.0			IOException: Tail request on https://maven-central.storage-download.googleapis.com/maven2/org/wso2/identity/apps/login-portal-layouts/2.21.0/login-portal-layouts-2.21.0.jar returned status 404
2.22.0			IOException: Tail request on https://maven-central.storage-download.googleapis.com/maven2/org/wso2/identity/apps/login-portal-layouts/2.22.0/login-portal-layouts-2.22.0.jar returned status 404
2.22.1			IOException: Tail request on https://maven-central.storage-download.googleapis.com/maven2/org/wso2/identity/apps/login-portal-layouts/2.22.1/login-portal-layouts-2.22.1.jar returned status 404
2.22.2			IOException: Tail request on https://maven-central.storage-download.googleapis.com/maven2/org/wso2/identity/apps/login-portal-layouts/2.22.2/login-portal-layouts-2.22.2.jar returned status 404
2.22.3			IOException: Tail request on https://maven-central.storage-download.googleapis.com/maven2/org/wso2/identity/apps/login-portal-layouts/2.22.3/login-portal-layouts-2.22.3.jar returned status 404
2.22.4			IOException: Tail request on https://maven-central.storage-download.googleapis.com/maven2/org/wso2/identity/apps/login-portal-layouts/2.22.4/login-portal-layouts-2.22.4.jar returned status 404
2.22.5		2025-04-01T06:11:11Z	
2.22.6		2025-04-01T14:50:22Z	
2.22.7		2025-04-08T06:20:10Z	
2.22.8		2025-04-08T10:53:03Z	
2.23.0		2025-04-08T14:27:52Z	
2.23.1		2025-04-08T16:32:57Z	
2.23.2		2025-04-08T18:38:47Z	
2.23.3			IOException: Tail request on https://maven-central.storage-download.googleapis.com/maven2/org/wso2/identity/apps/login-portal-layouts/2.23.3/login-portal-layouts-2.23.3.jar returned status 404
2.23.4			IOException: Tail request on https://maven-central.storage-download.googleapis.com/maven2/org/wso2/identity/apps/login-portal-layouts/2.23.4/login-portal-layouts-2.23.4.jar returned status 404
2.23.5			IOException: Tail request on https://maven-central.storage-download.googleapis.com/maven2/org/wso2/identity/apps/login-portal-layouts/2.23.5/login-portal-layouts-2.23.5.jar returned status 404
2.23.6			IOException: Tail request on https://maven-central.storage-download.googleapis.com/maven2/org/wso2/identity/apps/login-portal-layouts/2.23.6/login-portal-layouts-2.23.6.jar returned status 404
2.23.7			IOException: Tail request on https://maven-central.storage-download.googleapis.com/maven2/org/wso2/identity/apps/login-portal-layouts/2.23.7/login-portal-layouts-2.23.7.jar returned status 404
2.23.8			IOException: Tail request on https://maven-central.storage-download.googleapis.com/maven2/org/wso2/identity/apps/login-portal-layouts/2.23.8/login-portal-layouts-2.23.8.jar returned status 404
2.24.0			IOException: Tail request on https://maven-central.storage-download.googleapis.com/maven2/org/wso2/identity/apps/login-portal-layouts/2.24.0/login-portal-layouts-2.24.0.jar returned status 404
2.24.1			IOException: Tail request on https://maven-central.storage-download.googleapis.com/maven2/org/wso2/identity/apps/login-portal-layouts/2.24.1/login-portal-layouts-2.24.1.jar returned status 404
2.24.10			IOException: Tail request on https://maven-central.storage-download.googleapis.com/maven2/org/wso2/identity/apps/login-portal-layouts/2.24.10/login-portal-layouts-2.24.10.jar returned status 404
2.24.2			IOException: Tail request on https://maven-central.storage-download.googleapis.com/maven2/org/wso2/identity/apps/login-portal-layouts/2.24.2/login-portal-layouts-2.24.2.jar returned status 404
2.24.3			IOException: Tail request on https://maven-central.storage-download.googleapis.com/maven2/org/wso2/identity/apps/login-portal-layouts/2.24.3/login-portal-layouts-2.24.3.jar returned status 404
2.24.4			IOException: Tail request on https://maven-central.storage-download.googleapis.com/maven2/org/wso2/identity/apps/login-portal-layouts/2.24.4/login-portal-layouts-2.24.4.jar returned status 404
2.24.6			IOException: Tail request on https://maven-central.storage-download.googleapis.com/maven2/org/wso2/identity/apps/login-portal-layouts/2.24.6/login-portal-layouts-2.24.6.jar returned status 404
2.24.7			IOException: Tail request on https://maven-central.storage-download.googleapis.com/maven2/org/wso2/identity/apps/login-portal-layouts/2.24.7/login-portal-layouts-2.24.7.jar returned status 404
2.24.8			IOException: Tail request on https://maven-central.storage-download.googleapis.com/maven2/org/wso2/identity/apps/login-portal-layouts/2.24.8/login-portal-layouts-2.24.8.jar returned status 404
2.24.9			IOException: Tail request on https://maven-central.storage-download.googleapis.com/maven2/org/wso2/identity/apps/login-portal-layouts/2.24.9/login-portal-layouts-2.24.9.jar returned status 404
2.25.0			IOException: Tail request on https://maven-central.storage-download.googleapis.com/maven2/org/wso2/identity/apps/login-portal-layouts/2.25.0/login-portal-layouts-2.25.0.jar returned status 404
2.25.10			IOException: Tail request on https://maven-central.storage-download.googleapis.com/maven2/org/wso2/identity/apps/login-portal-layouts/2.25.10/login-portal-layouts-2.25.10.jar returned status 404
2.25.11			IOException: Tail request on https://maven-central.storage-download.googleapis.com/maven2/org/wso2/identity/apps/login-portal-layouts/2.25.11/login-portal-layouts-2.25.11.jar returned status 404
2.25.12			IOException: Tail request on https://maven-central.storage-download.googleapis.com/maven2/org/wso2/identity/apps/login-portal-layouts/2.25.12/login-portal-layouts-2.25.12.jar returned status 404
2.25.13			IOException: Tail request on https://maven-central.storage-download.googleapis.com/maven2/org/wso2/identity/apps/login-portal-layouts/2.25.13/login-portal-layouts-2.25.13.jar returned status 404
2.25.14			IOException: Tail request on https://maven-central.storage-download.googleapis.com/maven2/org/wso2/identity/apps/login-portal-layouts/2.25.14/login-portal-layouts-2.25.14.jar returned status 404
2.25.15			IOException: Tail request on https://maven-central.storage-download.googleapis.com/maven2/org/wso2/identity/apps/login-portal-layouts/2.25.15/login-portal-layouts-2.25.15.jar returned status 404
2.25.16			IOException: Tail request on https://maven-central.storage-download.googleapis.com/maven2/org/wso2/identity/apps/login-portal-layouts/2.25.16/login-portal-layouts-2.25.16.jar returned status 404
2.25.17			IOException: Tail request on https://maven-central.storage-download.googleapis.com/maven2/org/wso2/identity/apps/login-portal-layouts/2.25.17/login-portal-layouts-2.25.17.jar returned status 404
2.25.18			IOException: Tail request on https://maven-central.storage-download.googleapis.com/maven2/org/wso2/identity/apps/login-portal-layouts/2.25.18/login-portal-layouts-2.25.18.jar returned status 404
2.25.19			IOException: Tail request on https://maven-central.storage-download.googleapis.com/maven2/org/wso2/identity/apps/login-portal-layouts/2.25.19/login-portal-layouts-2.25.19.jar returned status 404
2.25.2			IOException: Tail request on https://maven-central.storage-download.googleapis.com/maven2/org/wso2/identity/apps/login-portal-layouts/2.25.2/login-portal-layouts-2.25.2.jar returned status 404
2.25.20			IOException: Tail request on https://maven-central.storage-download.googleapis.com/maven2/org/wso2/identity/apps/login-portal-layouts/2.25.20/login-portal-layouts-2.25.20.jar returned status 404
2.25.21			IOException: Tail request on https://maven-central.storage-download.googleapis.com/maven2/org/wso2/identity/apps/login-portal-layouts/2.25.21/login-portal-layouts-2.25.21.jar returned status 404
2.25.22			IOException: Tail request on https://maven-central.storage-download.googleapis.com/maven2/org/wso2/identity/apps/login-portal-layouts/2.25.22/login-portal-layouts-2.25.22.jar returned status 404
2.25.23			IOException: Tail request on https://maven-central.storage-download.googleapis.com/maven2/org/wso2/identity/apps/login-portal-layouts/2.25.23/login-portal-layouts-2.25.23.jar returned status 404
2.25.3			IOException: Tail request on https://maven-central.storage-download.googleapis.com/maven2/org/wso2/identity/apps/login-portal-layouts/2.25.3/login-portal-layouts-2.25.3.jar returned status 404
2.25.4			IOException: Tail request on https://maven-central.storage-download.googleapis.com/maven2/org/wso2/identity/apps/login-portal-layouts/2.25.4/login-portal-layouts-2.25.4.jar returned status 404
2.25.5			IOException: Tail request on https://maven-central.storage-download.googleapis.com/maven2/org/wso2/identity/apps/login-portal-layouts/2.25.5/login-portal-layouts-2.25.5.jar returned status 404
2.25.6			IOException: Tail request on https://maven-central.storage-download.googleapis.com/maven2/org/wso2/identity/apps/login-portal-layouts/2.25.6/login-portal-layouts-2.25.6.jar returned status 404
2.25.7			IOException: Tail request on https://maven-central.storage-download.googleapis.com/maven2/org/wso2/identity/apps/login-portal-layouts/2.25.7/login-portal-layouts-2.25.7.jar returned status 404
2.25.8			IOException: Tail request on https://maven-central.storage-download.googleapis.com/maven2/org/wso2/identity/apps/login-portal-layouts/2.25.8/login-portal-layouts-2.25.8.jar returned status 404
2.25.9			IOException: Tail request on https://maven-central.storage-download.googleapis.com/maven2/org/wso2/identity/apps/login-portal-layouts/2.25.9/login-portal-layouts-2.25.9.jar returned status 404
2.26.0			IOException: Tail request on https://maven-central.storage-download.googleapis.com/maven2/org/wso2/identity/apps/login-portal-layouts/2.26.0/login-portal-layouts-2.26.0.jar returned status 404
2.26.1			IOException: Tail request on https://maven-central.storage-download.googleapis.com/maven2/org/wso2/identity/apps/login-portal-layouts/2.26.1/login-portal-layouts-2.26.1.jar returned status 404
2.26.2			IOException: Tail request on https://maven-central.storage-download.googleapis.com/maven2/org/wso2/identity/apps/login-portal-layouts/2.26.2/login-portal-layouts-2.26.2.jar returned status 404
2.26.5			IOException: Tail request on https://maven-central.storage-download.googleapis.com/maven2/org/wso2/identity/apps/login-portal-layouts/2.26.5/login-portal-layouts-2.26.5.jar returned status 404
2.26.5-hotfix-1			IOException: Tail request on https://maven-central.storage-download.googleapis.com/maven2/org/wso2/identity/apps/login-portal-layouts/2.26.5-hotfix-1/login-portal-layouts-2.26.5-hotfix-1.jar returned status 404
2.26.5-hotfix-2			IOException: Tail request on https://maven-central.storage-download.googleapis.com/maven2/org/wso2/identity/apps/login-portal-layouts/2.26.5-hotfix-2/login-portal-layouts-2.26.5-hotfix-2.jar returned status 404
2.26.6			IOException: Tail request on https://maven-central.storage-download.googleapis.com/maven2/org/wso2/identity/apps/login-portal-layouts/2.26.6/login-portal-layouts-2.26.6.jar returned status 404
2.26.7			IOException: Tail request on https://maven-central.storage-download.googleapis.com/maven2/org/wso2/identity/apps/login-portal-layouts/2.26.7/login-portal-layouts-2.26.7.jar returned status 404
2.27.0			IOException: Tail request on https://maven-central.storage-download.googleapis.com/maven2/org/wso2/identity/apps/login-portal-layouts/2.27.0/login-portal-layouts-2.27.0.jar returned status 404
2.27.1			IOException: Tail request on https://maven-central.storage-download.googleapis.com/maven2/org/wso2/identity/apps/login-portal-layouts/2.27.1/login-portal-layouts-2.27.1.jar returned status 404
2.27.10			IOException: Tail request on https://maven-central.storage-download.googleapis.com/maven2/org/wso2/identity/apps/login-portal-layouts/2.27.10/login-portal-layouts-2.27.10.jar returned status 404
2.27.11			IOException: Tail request on https://maven-central.storage-download.googleapis.com/maven2/org/wso2/identity/apps/login-portal-layouts/2.27.11/login-portal-layouts-2.27.11.jar returned status 404
2.27.12			IOException: Tail request on https://maven-central.storage-download.googleapis.com/maven2/org/wso2/identity/apps/login-portal-layouts/2.27.12/login-portal-layouts-2.27.12.jar returned status 404
2.27.14			IOException: Tail request on https://maven-central.storage-download.googleapis.com/maven2/org/wso2/identity/apps/login-portal-layouts/2.27.14/login-portal-layouts-2.27.14.jar returned status 404
2.27.14-hotfix-1			IOException: Tail request on https://maven-central.storage-download.googleapis.com/maven2/org/wso2/identity/apps/login-portal-layouts/2.27.14-hotfix-1/login-portal-layouts-2.27.14-hotfix-1.jar returned status 404
2.27.14-hotfix-2			IOException: Tail request on https://maven-central.storage-download.googleapis.com/maven2/org/wso2/identity/apps/login-portal-layouts/2.27.14-hotfix-2/login-portal-layouts-2.27.14-hotfix-2.jar returned status 404
2.27.14-hotfix-4			IOException: Tail request on https://maven-central.storage-download.googleapis.com/maven2/org/wso2/identity/apps/login-portal-layouts/2.27.14-hotfix-4/login-portal-layouts-2.27.14-hotfix-4.jar returned status 404
2.27.15			IOException: Tail request on https://maven-central.storage-download.googleapis.com/maven2/org/wso2/identity/apps/login-portal-layouts/2.27.15/login-portal-layouts-2.27.15.jar returned status 404
2.27.17			IOException: Tail request on https://maven-central.storage-download.googleapis.com/maven2/org/wso2/identity/apps/login-portal-layouts/2.27.17/login-portal-layouts-2.27.17.jar returned status 404
2.27.18			IOException: Tail request on https://maven-central.storage-download.googleapis.com/maven2/org/wso2/identity/apps/login-portal-layouts/2.27.18/login-portal-layouts-2.27.18.jar returned status 404
2.27.19			IOException: Tail request on https://maven-central.storage-download.googleapis.com/maven2/org/wso2/identity/apps/login-portal-layouts/2.27.19/login-portal-layouts-2.27.19.jar returned status 404
2.27.2			IOException: Tail request on https://maven-central.storage-download.googleapis.com/maven2/org/wso2/identity/apps/login-portal-layouts/2.27.2/login-portal-layouts-2.27.2.jar returned status 404
2.27.2-hotfix-1			IOException: Tail request on https://maven-central.storage-download.googleapis.com/maven2/org/wso2/identity/apps/login-portal-layouts/2.27.2-hotfix-1/login-portal-layouts-2.27.2-hotfix-1.jar returned status 404
2.27.2-hotfix-2			IOException: Tail request on https://maven-central.storage-download.googleapis.com/maven2/org/wso2/identity/apps/login-portal-layouts/2.27.2-hotfix-2/login-portal-layouts-2.27.2-hotfix-2.jar returned status 404
2.27.20			IOException: Tail request on https://maven-central.storage-download.googleapis.com/maven2/org/wso2/identity/apps/login-portal-layouts/2.27.20/login-portal-layouts-2.27.20.jar returned status 404
2.27.21			IOException: Tail request on https://maven-central.storage-download.googleapis.com/maven2/org/wso2/identity/apps/login-portal-layouts/2.27.21/login-portal-layouts-2.27.21.jar returned status 404
2.27.22			IOException: Tail request on https://maven-central.storage-download.googleapis.com/maven2/org/wso2/identity/apps/login-portal-layouts/2.27.22/login-portal-layouts-2.27.22.jar returned status 404
2.27.23			IOException: Tail request on https://maven-central.storage-download.googleapis.com/maven2/org/wso2/identity/apps/login-portal-layouts/2.27.23/login-portal-layouts-2.27.23.jar returned status 404
2.27.24			IOException: Tail request on https://maven-central.storage-download.googleapis.com/maven2/org/wso2/identity/apps/login-portal-layouts/2.27.24/login-portal-layouts-2.27.24.jar returned status 404
2.27.25			IOException: Tail request on https://maven-central.storage-download.googleapis.com/maven2/org/wso2/identity/apps/login-portal-layouts/2.27.25/login-portal-layouts-2.27.25.jar returned status 404
2.27.3			IOException: Tail request on https://maven-central.storage-download.googleapis.com/maven2/org/wso2/identity/apps/login-portal-layouts/2.27.3/login-portal-layouts-2.27.3.jar returned status 404
2.27.4			IOException: Tail request on https://maven-central.storage-download.googleapis.com/maven2/org/wso2/identity/apps/login-portal-layouts/2.27.4/login-portal-layouts-2.27.4.jar returned status 404
2.27.5			IOException: Tail request on https://maven-central.storage-download.googleapis.com/maven2/org/wso2/identity/apps/login-portal-layouts/2.27.5/login-portal-layouts-2.27.5.jar returned status 404
2.27.6			IOException: Tail request on https://maven-central.storage-download.googleapis.com/maven2/org/wso2/identity/apps/login-portal-layouts/2.27.6/login-portal-layouts-2.27.6.jar returned status 404
2.27.7			IOException: Tail request on https://maven-central.storage-download.googleapis.com/maven2/org/wso2/identity/apps/login-portal-layouts/2.27.7/login-portal-layouts-2.27.7.jar returned status 404
2.27.8			IOException: Tail request on https://maven-central.storage-download.googleapis.com/maven2/org/wso2/identity/apps/login-portal-layouts/2.27.8/login-portal-layouts-2.27.8.jar returned status 404
2.27.9			IOException: Tail request on https://maven-central.storage-download.googleapis.com/maven2/org/wso2/identity/apps/login-portal-layouts/2.27.9/login-portal-layouts-2.27.9.jar returned status 404
2.3.0			IOException: Tail request on https://maven-central.storage-download.googleapis.com/maven2/org/wso2/identity/apps/login-portal-layouts/2.3.0/login-portal-layouts-2.3.0.jar returned status 404
2.3.1			IOException: Tail request on https://maven-central.storage-download.googleapis.com/maven2/org/wso2/identity/apps/login-portal-layouts/2.3.1/login-portal-layouts-2.3.1.jar returned status 404
2.3.2			IOException: Tail request on https://maven-central.storage-download.googleapis.com/maven2/org/wso2/identity/apps/login-portal-layouts/2.3.2/login-portal-layouts-2.3.2.jar returned status 404
2.3.3			IOException: Tail request on https://maven-central.storage-download.googleapis.com/maven2/org/wso2/identity/apps/login-portal-layouts/2.3.3/login-portal-layouts-2.3.3.jar returned status 404
2.3.4			IOException: Tail request on https://maven-central.storage-download.googleapis.com/maven2/org/wso2/identity/apps/login-portal-layouts/2.3.4/login-portal-layouts-2.3.4.jar returned status 404
2.3.5			IOException: Tail request on https://maven-central.storage-download.googleapis.com/maven2/org/wso2/identity/apps/login-portal-layouts/2.3.5/login-portal-layouts-2.3.5.jar returned status 404
2.3.6		2024-06-03T13:21:27Z	
2.3.7		2024-06-14T14:31:50Z	
2.3.8			IOException: Tail request on https://maven-central.storage-download.googleapis.com/maven2/org/wso2/identity/apps/login-portal-layouts/2.3.8/login-portal-layouts-2.3.8.jar returned status 404
2.4.1			IOException: Tail request on https://maven-central.storage-download.googleapis.com/maven2/org/wso2/identity/apps/login-portal-layouts/2.4.1/login-portal-layouts-2.4.1.jar returned status 404
2.4.10			IOException: Tail request on https://maven-central.storage-download.googleapis.com/maven2/org/wso2/identity/apps/login-portal-layouts/2.4.10/login-portal-layouts-2.4.10.jar returned status 404
2.4.11			IOException: Tail request on https://maven-central.storage-download.googleapis.com/maven2/org/wso2/identity/apps/login-portal-layouts/2.4.11/login-portal-layouts-2.4.11.jar returned status 404
2.4.12			IOException: Tail request on https://maven-central.storage-download.googleapis.com/maven2/org/wso2/identity/apps/login-portal-layouts/2.4.12/login-portal-layouts-2.4.12.jar returned status 404
2.4.13			IOException: Tail request on https://maven-central.storage-download.googleapis.com/maven2/org/wso2/identity/apps/login-portal-layouts/2.4.13/login-portal-layouts-2.4.13.jar returned status 404
2.4.14			IOException: Tail request on https://maven-central.storage-download.googleapis.com/maven2/org/wso2/identity/apps/login-portal-layouts/2.4.14/login-portal-layouts-2.4.14.jar returned status 404
2.4.15			IOException: Tail request on https://maven-central.storage-download.googleapis.com/maven2/org/wso2/identity/apps/login-portal-layouts/2.4.15/login-portal-layouts-2.4.15.jar returned status 404
2.4.16			IOException: Tail request on https://maven-central.storage-download.googleapis.com/maven2/org/wso2/identity/apps/login-portal-layouts/2.4.16/login-portal-layouts-2.4.16.jar returned status 404
2.4.17			IOException: Tail request on https://maven-central.storage-download.googleapis.com/maven2/org/wso2/identity/apps/login-portal-layouts/2.4.17/login-portal-layouts-2.4.17.jar returned status 404
2.4.18			IOException: Tail request on https://maven-central.storage-download.googleapis.com/maven2/org/wso2/identity/apps/login-portal-layouts/2.4.18/login-portal-layouts-2.4.18.jar returned status 404
2.4.19			IOException: Tail request on https://maven-central.storage-download.googleapis.com/maven2/org/wso2/identity/apps/login-portal-layouts/2.4.19/login-portal-layouts-2.4.19.jar returned status 404
2.4.2			IOException: Tail request on https://maven-central.storage-download.googleapis.com/maven2/org/wso2/identity/apps/login-portal-layouts/2.4.2/login-portal-layouts-2.4.2.jar returned status 404
2.4.20			IOException: Tail request on https://maven-central.storage-download.googleapis.com/maven2/org/wso2/identity/apps/login-portal-layouts/2.4.20/login-portal-layouts-2.4.20.jar returned status 404
2.4.21			IOException: Tail request on https://maven-central.storage-download.googleapis.com/maven2/org/wso2/identity/apps/login-portal-layouts/2.4.21/login-portal-layouts-2.4.21.jar returned status 404
2.4.22			IOException: Tail request on https://maven-central.storage-download.googleapis.com/maven2/org/wso2/identity/apps/login-portal-layouts/2.4.22/login-portal-layouts-2.4.22.jar returned status 404
2.4.23			IOException: Tail request on https://maven-central.storage-download.googleapis.com/maven2/org/wso2/identity/apps/login-portal-layouts/2.4.23/login-portal-layouts-2.4.23.jar returned status 404
2.4.24			IOException: Tail request on https://maven-central.storage-download.googleapis.com/maven2/org/wso2/identity/apps/login-portal-layouts/2.4.24/login-portal-layouts-2.4.24.jar returned status 404
2.4.25			IOException: Tail request on https://maven-central.storage-download.googleapis.com/maven2/org/wso2/identity/apps/login-portal-layouts/2.4.25/login-portal-layouts-2.4.25.jar returned status 404
2.4.26			IOException: Tail request on https://maven-central.storage-download.googleapis.com/maven2/org/wso2/identity/apps/login-portal-layouts/2.4.26/login-portal-layouts-2.4.26.jar returned status 404
2.4.27			IOException: Tail request on https://maven-central.storage-download.googleapis.com/maven2/org/wso2/identity/apps/login-portal-layouts/2.4.27/login-portal-layouts-2.4.27.jar returned status 404
2.4.28			IOException: Tail request on https://maven-central.storage-download.googleapis.com/maven2/org/wso2/identity/apps/login-portal-layouts/2.4.28/login-portal-layouts-2.4.28.jar returned status 404
2.4.29		2024-08-27T11:13:03Z	
2.4.3			IOException: Tail request on https://maven-central.storage-download.googleapis.com/maven2/org/wso2/identity/apps/login-portal-layouts/2.4.3/login-portal-layouts-2.4.3.jar returned status 404
2.4.30		2024-08-28T14:40:01Z	
2.4.31		2024-08-30T10:03:24Z	
2.4.32		2024-09-03T11:50:37Z	
2.4.33		2024-09-04T04:15:35Z	
2.4.34		2024-09-10T12:06:05Z	
2.4.35		2024-09-12T05:31:38Z	
2.4.36		2024-09-12T12:22:00Z	
2.4.37		2024-09-18T11:20:32Z	
2.4.38		2024-09-19T17:34:14Z	
2.4.39		2024-09-20T06:53:31Z	
2.4.4			IOException: Tail request on https://maven-central.storage-download.googleapis.com/maven2/org/wso2/identity/apps/login-portal-layouts/2.4.4/login-portal-layouts-2.4.4.jar returned status 404
2.4.40		2024-09-20T10:44:36Z	
2.4.41		2024-09-24T05:51:05Z	
2.4.42		2024-09-25T03:35:36Z	
2.4.43		2024-09-26T05:26:36Z	
2.4.44			IOException: Tail request on https://maven-central.storage-download.googleapis.com/maven2/org/wso2/identity/apps/login-portal-layouts/2.4.44/login-portal-layouts-2.4.44.jar returned status 404
2.4.45			IOException: Tail request on https://maven-central.storage-download.googleapis.com/maven2/org/wso2/identity/apps/login-portal-layouts/2.4.45/login-portal-layouts-2.4.45.jar returned status 404
2.4.46			IOException: Tail request on https://maven-central.storage-download.googleapis.com/maven2/org/wso2/identity/apps/login-portal-layouts/2.4.46/login-portal-layouts-2.4.46.jar returned status 404
2.4.47			IOException: Tail request on https://maven-central.storage-download.googleapis.com/maven2/org/wso2/identity/apps/login-portal-layouts/2.4.47/login-portal-layouts-2.4.47.jar returned status 404
2.4.48			IOException: Tail request on https://maven-central.storage-download.googleapis.com/maven2/org/wso2/identity/apps/login-portal-layouts/2.4.48/login-portal-layouts-2.4.48.jar returned status 404
2.4.5			IOException: Tail request on https://maven-central.storage-download.googleapis.com/maven2/org/wso2/identity/apps/login-portal-layouts/2.4.5/login-portal-layouts-2.4.5.jar returned status 404
2.4.6			IOException: Tail request on https://maven-central.storage-download.googleapis.com/maven2/org/wso2/identity/apps/login-portal-layouts/2.4.6/login-portal-layouts-2.4.6.jar returned status 404
2.4.7			IOException: Tail request on https://maven-central.storage-download.googleapis.com/maven2/org/wso2/identity/apps/login-portal-layouts/2.4.7/login-portal-layouts-2.4.7.jar returned status 404
2.4.8			IOException: Tail request on https://maven-central.storage-download.googleapis.com/maven2/org/wso2/identity/apps/login-portal-layouts/2.4.8/login-portal-layouts-2.4.8.jar returned status 404
2.4.9			IOException: Tail request on https://maven-central.storage-download.googleapis.com/maven2/org/wso2/identity/apps/login-portal-layouts/2.4.9/login-portal-layouts-2.4.9.jar returned status 404
2.5.0			IOException: Tail request on https://maven-central.storage-download.googleapis.com/maven2/org/wso2/identity/apps/login-portal-layouts/2.5.0/login-portal-layouts-2.5.0.jar returned status 404
2.5.1			IOException: Tail request on https://maven-central.storage-download.googleapis.com/maven2/org/wso2/identity/apps/login-portal-layouts/2.5.1/login-portal-layouts-2.5.1.jar returned status 404
2.6.0			IOException: Tail request on https://maven-central.storage-download.googleapis.com/maven2/org/wso2/identity/apps/login-portal-layouts/2.6.0/login-portal-layouts-2.6.0.jar returned status 404
2.7.0			IOException: Tail request on https://maven-central.storage-download.googleapis.com/maven2/org/wso2/identity/apps/login-portal-layouts/2.7.0/login-portal-layouts-2.7.0.jar returned status 404
2.7.1			IOException: Tail request on https://maven-central.storage-download.googleapis.com/maven2/org/wso2/identity/apps/login-portal-layouts/2.7.1/login-portal-layouts-2.7.1.jar returned status 404
2.7.2			IOException: Tail request on https://maven-central.storage-download.googleapis.com/maven2/org/wso2/identity/apps/login-portal-layouts/2.7.2/login-portal-layouts-2.7.2.jar returned status 404
2.7.3			IOException: Tail request on https://maven-central.storage-download.googleapis.com/maven2/org/wso2/identity/apps/login-portal-layouts/2.7.3/login-portal-layouts-2.7.3.jar returned status 404
2.7.4			IOException: Tail request on https://maven-central.storage-download.googleapis.com/maven2/org/wso2/identity/apps/login-portal-layouts/2.7.4/login-portal-layouts-2.7.4.jar returned status 404
2.7.5			IOException: Tail request on https://maven-central.storage-download.googleapis.com/maven2/org/wso2/identity/apps/login-portal-layouts/2.7.5/login-portal-layouts-2.7.5.jar returned status 404
2.7.6			IOException: Tail request on https://maven-central.storage-download.googleapis.com/maven2/org/wso2/identity/apps/login-portal-layouts/2.7.6/login-portal-layouts-2.7.6.jar returned status 404
2.7.7			IOException: Tail request on https://maven-central.storage-download.googleapis.com/maven2/org/wso2/identity/apps/login-portal-layouts/2.7.7/login-portal-layouts-2.7.7.jar returned status 404
2.7.8			IOException: Tail request on https://maven-central.storage-download.googleapis.com/maven2/org/wso2/identity/apps/login-portal-layouts/2.7.8/login-portal-layouts-2.7.8.jar returned status 404
2.8.0			IOException: Tail request on https://maven-central.storage-download.googleapis.com/maven2/org/wso2/identity/apps/login-portal-layouts/2.8.0/login-portal-layouts-2.8.0.jar returned status 404
2.8.1			IOException: Tail request on https://maven-central.storage-download.googleapis.com/maven2/org/wso2/identity/apps/login-portal-layouts/2.8.1/login-portal-layouts-2.8.1.jar returned status 404
2.8.1-hotfix-1			IOException: Tail request on https://maven-central.storage-download.googleapis.com/maven2/org/wso2/identity/apps/login-portal-layouts/2.8.1-hotfix-1/login-portal-layouts-2.8.1-hotfix-1.jar returned status 404
2.8.1-hotfix-4			IOException: Tail request on https://maven-central.storage-download.googleapis.com/maven2/org/wso2/identity/apps/login-portal-layouts/2.8.1-hotfix-4/login-portal-layouts-2.8.1-hotfix-4.jar returned status 404
2.8.10			IOException: Tail request on https://maven-central.storage-download.googleapis.com/maven2/org/wso2/identity/apps/login-portal-layouts/2.8.10/login-portal-layouts-2.8.10.jar returned status 404
2.8.11			IOException: Tail request on https://maven-central.storage-download.googleapis.com/maven2/org/wso2/identity/apps/login-portal-layouts/2.8.11/login-portal-layouts-2.8.11.jar returned status 404
2.8.12		2025-01-07T02:29:46Z	
2.8.13		2025-01-07T12:37:22Z	
2.8.14		2025-01-08T14:29:47Z	
2.8.2			IOException: Tail request on https://maven-central.storage-download.googleapis.com/maven2/org/wso2/identity/apps/login-portal-layouts/2.8.2/login-portal-layouts-2.8.2.jar returned status 404
2.8.2-hotfix-1			IOException: Tail request on https://maven-central.storage-download.googleapis.com/maven2/org/wso2/identity/apps/login-portal-layouts/2.8.2-hotfix-1/login-portal-layouts-2.8.2-hotfix-1.jar returned status 404
2.8.2-hotfix-3			IOException: Tail request on https://maven-central.storage-download.googleapis.com/maven2/org/wso2/identity/apps/login-portal-layouts/2.8.2-hotfix-3/login-portal-layouts-2.8.2-hotfix-3.jar returned status 404
2.8.3			IOException: Tail request on https://maven-central.storage-download.googleapis.com/maven2/org/wso2/identity/apps/login-portal-layouts/2.8.3/login-portal-layouts-2.8.3.jar returned status 404
2.8.4			IOException: Tail request on https://maven-central.storage-download.googleapis.com/maven2/org/wso2/identity/apps/login-portal-layouts/2.8.4/login-portal-layouts-2.8.4.jar returned status 404
2.8.5			IOException: Tail request on https://maven-central.storage-download.googleapis.com/maven2/org/wso2/identity/apps/login-portal-layouts/2.8.5/login-portal-layouts-2.8.5.jar returned status 404
2.8.6			IOException: Tail request on https://maven-central.storage-download.googleapis.com/maven2/org/wso2/identity/apps/login-portal-layouts/2.8.6/login-portal-layouts-2.8.6.jar returned status 404
2.8.7			IOException: Tail request on https://maven-central.storage-download.googleapis.com/maven2/org/wso2/identity/apps/login-portal-layouts/2.8.7/login-portal-layouts-2.8.7.jar returned status 404
2.8.8			IOException: Tail request on https://maven-central.storage-download.googleapis.com/maven2/org/wso2/identity/apps/login-portal-layouts/2.8.8/login-portal-layouts-2.8.8.jar returned status 404
2.8.9			IOException: Tail request on https://maven-central.storage-download.googleapis.com/maven2/org/wso2/identity/apps/login-portal-layouts/2.8.9/login-portal-layouts-2.8.9.jar returned status 404
2.9.0		2025-01-09T07:09:46Z	
2.9.1		2025-01-09T12:40:55Z	
2.9.2		2025-01-10T03:18:16Z	
3.0.0			IOException: Tail request on https://maven-central.storage-download.googleapis.com/maven2/org/wso2/identity/apps/login-portal-layouts/3.0.0/login-portal-layouts-3.0.0.jar returned status 404
3.0.1			IOException: Tail request on https://maven-central.storage-download.googleapis.com/maven2/org/wso2/identity/apps/login-portal-layouts/3.0.1/login-portal-layouts-3.0.1.jar returned status 404
3.1.0			IOException: Tail request on https://maven-central.storage-download.googleapis.com/maven2/org/wso2/identity/apps/login-portal-layouts/3.1.0/login-portal-layouts-3.1.0.jar returned status 404
3.1.1			IOException: Tail request on https://maven-central.storage-download.googleapis.com/maven2/org/wso2/identity/apps/login-portal-layouts/3.1.1/login-portal-layouts-3.1.1.jar returned status 404
3.1.10			IOException: Tail request on https://maven-central.storage-download.googleapis.com/maven2/org/wso2/identity/apps/login-portal-layouts/3.1.10/login-portal-layouts-3.1.10.jar returned status 404
3.1.11			IOException: Tail request on https://maven-central.storage-download.googleapis.com/maven2/org/wso2/identity/apps/login-portal-layouts/3.1.11/login-portal-layouts-3.1.11.jar returned status 404
3.1.12			IOException: Tail request on https://maven-central.storage-download.googleapis.com/maven2/org/wso2/identity/apps/login-portal-layouts/3.1.12/login-portal-layouts-3.1.12.jar returned status 404
3.1.13			IOException: Tail request on https://maven-central.storage-download.googleapis.com/maven2/org/wso2/identity/apps/login-portal-layouts/3.1.13/login-portal-layouts-3.1.13.jar returned status 404
3.1.14			IOException: Tail request on https://maven-central.storage-download.googleapis.com/maven2/org/wso2/identity/apps/login-portal-layouts/3.1.14/login-portal-layouts-3.1.14.jar returned status 404
3.1.15			IOException: Tail request on https://maven-central.storage-download.googleapis.com/maven2/org/wso2/identity/apps/login-portal-layouts/3.1.15/login-portal-layouts-3.1.15.jar returned status 404
3.1.16			IOException: Tail request on https://maven-central.storage-download.googleapis.com/maven2/org/wso2/identity/apps/login-portal-layouts/3.1.16/login-portal-layouts-3.1.16.jar returned status 404
3.1.17			IOException: Tail request on https://maven-central.storage-download.googleapis.com/maven2/org/wso2/identity/apps/login-portal-layouts/3.1.17/login-portal-layouts-3.1.17.jar returned status 404
3.1.18			IOException: Tail request on https://maven-central.storage-download.googleapis.com/maven2/org/wso2/identity/apps/login-portal-layouts/3.1.18/login-portal-layouts-3.1.18.jar returned status 404
3.1.19			IOException: Tail request on https://maven-central.storage-download.googleapis.com/maven2/org/wso2/identity/apps/login-portal-layouts/3.1.19/login-portal-layouts-3.1.19.jar returned status 404
3.1.2			IOException: Tail request on https://maven-central.storage-download.googleapis.com/maven2/org/wso2/identity/apps/login-portal-layouts/3.1.2/login-portal-layouts-3.1.2.jar returned status 404
3.1.20			IOException: Tail request on https://maven-central.storage-download.googleapis.com/maven2/org/wso2/identity/apps/login-portal-layouts/3.1.20/login-portal-layouts-3.1.20.jar returned status 404
3.1.21			IOException: Tail request on https://maven-central.storage-download.googleapis.com/maven2/org/wso2/identity/apps/login-portal-layouts/3.1.21/login-portal-layouts-3.1.21.jar returned status 404
3.1.22			IOException: Tail request on https://maven-central.storage-download.googleapis.com/maven2/org/wso2/identity/apps/login-portal-layouts/3.1.22/login-portal-layouts-3.1.22.jar returned status 404
3.1.23			IOException: Tail request on https://maven-central.storage-download.googleapis.com/maven2/org/wso2/identity/apps/login-portal-layouts/3.1.23/login-portal-layouts-3.1.23.jar returned status 404
3.1.24			IOException: Tail request on https://maven-central.storage-download.googleapis.com/maven2/org/wso2/identity/apps/login-portal-layouts/3.1.24/login-portal-layouts-3.1.24.jar returned status 404
3.1.25			IOException: Tail request on https://maven-central.storage-download.googleapis.com/maven2/org/wso2/identity/apps/login-portal-layouts/3.1.25/login-portal-layouts-3.1.25.jar returned status 404
3.1.27			IOException: Tail request on https://maven-central.storage-download.googleapis.com/maven2/org/wso2/identity/apps/login-portal-layouts/3.1.27/login-portal-layouts-3.1.27.jar returned status 404
3.1.28			IOException: Tail request on https://maven-central.storage-download.googleapis.com/maven2/org/wso2/identity/apps/login-portal-layouts/3.1.28/login-portal-layouts-3.1.28.jar returned status 404
3.1.29			IOException: Tail request on https://maven-central.storage-download.googleapis.com/maven2/org/wso2/identity/apps/login-portal-layouts/3.1.29/login-portal-layouts-3.1.29.jar returned status 404
3.1.3			IOException: Tail request on https://maven-central.storage-download.googleapis.com/maven2/org/wso2/identity/apps/login-portal-layouts/3.1.3/login-portal-layouts-3.1.3.jar returned status 404
3.1.30			IOException: Tail request on https://maven-central.storage-download.googleapis.com/maven2/org/wso2/identity/apps/login-portal-layouts/3.1.30/login-portal-layouts-3.1.30.jar returned status 404
3.1.4-hotfix-1			IOException: Tail request on https://maven-central.storage-download.googleapis.com/maven2/org/wso2/identity/apps/login-portal-layouts/3.1.4-hotfix-1/login-portal-layouts-3.1.4-hotfix-1.jar returned status 404
3.1.5-hotfix-1			IOException: Tail request on https://maven-central.storage-download.googleapis.com/maven2/org/wso2/identity/apps/login-portal-layouts/3.1.5-hotfix-1/login-portal-layouts-3.1.5-hotfix-1.jar returned status 404
3.1.7-hotfix-1			IOException: Tail request on https://maven-central.storage-download.googleapis.com/maven2/org/wso2/identity/apps/login-portal-layouts/3.1.7-hotfix-1/login-portal-layouts-3.1.7-hotfix-1.jar returned status 404
3.1.8			IOException: Tail request on https://maven-central.storage-download.googleapis.com/maven2/org/wso2/identity/apps/login-portal-layouts/3.1.8/login-portal-layouts-3.1.8.jar returned status 404
3.1.9			IOException: Tail request on https://maven-central.storage-download.googleapis.com/maven2/org/wso2/identity/apps/login-portal-layouts/3.1.9/login-portal-layouts-3.1.9.jar returned status 404
3.2.1			IOException: Tail request on https://maven-central.storage-download.googleapis.com/maven2/org/wso2/identity/apps/login-portal-layouts/3.2.1/login-portal-layouts-3.2.1.jar returned status 404
3.2.10			IOException: Tail request on https://maven-central.storage-download.googleapis.com/maven2/org/wso2/identity/apps/login-portal-layouts/3.2.10/login-portal-layouts-3.2.10.jar returned status 404
3.2.11			IOException: Tail request on https://maven-central.storage-download.googleapis.com/maven2/org/wso2/identity/apps/login-portal-layouts/3.2.11/login-portal-layouts-3.2.11.jar returned status 404
3.2.12			IOException: Tail request on https://maven-central.storage-download.googleapis.com/maven2/org/wso2/identity/apps/login-portal-layouts/3.2.12/login-portal-layouts-3.2.12.jar returned status 404
3.2.13			IOException: Tail request on https://maven-central.storage-download.googleapis.com/maven2/org/wso2/identity/apps/login-portal-layouts/3.2.13/login-portal-layouts-3.2.13.jar returned status 404
3.2.14			IOException: Tail request on https://maven-central.storage-download.googleapis.com/maven2/org/wso2/identity/apps/login-portal-layouts/3.2.14/login-portal-layouts-3.2.14.jar returned status 404
3.2.15			IOException: Tail request on https://maven-central.storage-download.googleapis.com/maven2/org/wso2/identity/apps/login-portal-layouts/3.2.15/login-portal-layouts-3.2.15.jar returned status 404
3.2.17			IOException: Tail request on https://maven-central.storage-download.googleapis.com/maven2/org/wso2/identity/apps/login-portal-layouts/3.2.17/login-portal-layouts-3.2.17.jar returned status 404
3.2.18			IOException: Tail request on https://maven-central.storage-download.googleapis.com/maven2/org/wso2/identity/apps/login-portal-layouts/3.2.18/login-portal-layouts-3.2.18.jar returned status 404
3.2.19			IOException: Tail request on https://maven-central.storage-download.googleapis.com/maven2/org/wso2/identity/apps/login-portal-layouts/3.2.19/login-portal-layouts-3.2.19.jar returned status 404
3.2.2			IOException: Tail request on https://maven-central.storage-download.googleapis.com/maven2/org/wso2/identity/apps/login-portal-layouts/3.2.2/login-portal-layouts-3.2.2.jar returned status 404
3.2.20			IOException: Tail request on https://maven-central.storage-download.googleapis.com/maven2/org/wso2/identity/apps/login-portal-layouts/3.2.20/login-portal-layouts-3.2.20.jar returned status 404
3.2.21			IOException: Tail request on https://maven-central.storage-download.googleapis.com/maven2/org/wso2/identity/apps/login-portal-layouts/3.2.21/login-portal-layouts-3.2.21.jar returned status 404
3.2.3			IOException: Tail request on https://maven-central.storage-download.googleapis.com/maven2/org/wso2/identity/apps/login-portal-layouts/3.2.3/login-portal-layouts-3.2.3.jar returned status 404
3.2.4			IOException: Tail request on https://maven-central.storage-download.googleapis.com/maven2/org/wso2/identity/apps/login-portal-layouts/3.2.4/login-portal-layouts-3.2.4.jar returned status 404
3.2.5			IOException: Tail request on https://maven-central.storage-download.googleapis.com/maven2/org/wso2/identity/apps/login-portal-layouts/3.2.5/login-portal-layouts-3.2.5.jar returned status 404
3.2.6			IOException: Tail request on https://maven-central.storage-download.googleapis.com/maven2/org/wso2/identity/apps/login-portal-layouts/3.2.6/login-portal-layouts-3.2.6.jar returned status 404
3.2.7			IOException: Tail request on https://maven-central.storage-download.googleapis.com/maven2/org/wso2/identity/apps/login-portal-layouts/3.2.7/login-portal-layouts-3.2.7.jar returned status 404
3.2.8			IOException: Tail request on https://maven-central.storage-download.googleapis.com/maven2/org/wso2/identity/apps/login-portal-layouts/3.2.8/login-portal-layouts-3.2.8.jar returned status 404
3.2.9			IOException: Tail request on https://maven-central.storage-download.googleapis.com/maven2/org/wso2/identity/apps/login-portal-layouts/3.2.9/login-portal-layouts-3.2.9.jar returned status 404
3.3.0			IOException: Tail request on https://maven-central.storage-download.googleapis.com/maven2/org/wso2/identity/apps/login-portal-layouts/3.3.0/login-portal-layouts-3.3.0.jar returned status 404
3.3.1			IOException: Tail request on https://maven-central.storage-download.googleapis.com/maven2/org/wso2/identity/apps/login-portal-layouts/3.3.1/login-portal-layouts-3.3.1.jar returned status 404
3.3.10			IOException: Tail request on https://maven-central.storage-download.googleapis.com/maven2/org/wso2/identity/apps/login-portal-layouts/3.3.10/login-portal-layouts-3.3.10.jar returned status 404
3.3.11			IOException: Tail request on https://maven-central.storage-download.googleapis.com/maven2/org/wso2/identity/apps/login-portal-layouts/3.3.11/login-portal-layouts-3.3.11.jar returned status 404
3.3.12			IOException: Tail request on https://maven-central.storage-download.googleapis.com/maven2/org/wso2/identity/apps/login-portal-layouts/3.3.12/login-portal-layouts-3.3.12.jar returned status 404
3.3.13			IOException: Tail request on https://maven-central.storage-download.googleapis.com/maven2/org/wso2/identity/apps/login-portal-layouts/3.3.13/login-portal-layouts-3.3.13.jar returned status 404
3.3.14			IOException: Tail request on https://maven-central.storage-download.googleapis.com/maven2/org/wso2/identity/apps/login-portal-layouts/3.3.14/login-portal-layouts-3.3.14.jar returned status 404
3.3.16			IOException: Tail request on https://maven-central.storage-download.googleapis.com/maven2/org/wso2/identity/apps/login-portal-layouts/3.3.16/login-portal-layouts-3.3.16.jar returned status 404
3.3.17			IOException: Tail request on https://maven-central.storage-download.googleapis.com/maven2/org/wso2/identity/apps/login-portal-layouts/3.3.17/login-portal-layouts-3.3.17.jar returned status 404
3.3.19			IOException: Tail request on https://maven-central.storage-download.googleapis.com/maven2/org/wso2/identity/apps/login-portal-layouts/3.3.19/login-portal-layouts-3.3.19.jar returned status 404
3.3.2			IOException: Tail request on https://maven-central.storage-download.googleapis.com/maven2/org/wso2/identity/apps/login-portal-layouts/3.3.2/login-portal-layouts-3.3.2.jar returned status 404
3.3.20			IOException: Tail request on https://maven-central.storage-download.googleapis.com/maven2/org/wso2/identity/apps/login-portal-layouts/3.3.20/login-portal-layouts-3.3.20.jar returned status 404
3.3.21			IOException: Tail request on https://maven-central.storage-download.googleapis.com/maven2/org/wso2/identity/apps/login-portal-layouts/3.3.21/login-portal-layouts-3.3.21.jar returned status 404
3.3.22			IOException: Tail request on https://maven-central.storage-download.googleapis.com/maven2/org/wso2/identity/apps/login-portal-layouts/3.3.22/login-portal-layouts-3.3.22.jar returned status 404
3.3.23			IOException: Tail request on https://maven-central.storage-download.googleapis.com/maven2/org/wso2/identity/apps/login-portal-layouts/3.3.23/login-portal-layouts-3.3.23.jar returned status 404
3.3.24			IOException: Tail request on https://maven-central.storage-download.googleapis.com/maven2/org/wso2/identity/apps/login-portal-layouts/3.3.24/login-portal-layouts-3.3.24.jar returned status 404
3.3.25			IOException: Tail request on https://maven-central.storage-download.googleapis.com/maven2/org/wso2/identity/apps/login-portal-layouts/3.3.25/login-portal-layouts-3.3.25.jar returned status 404
3.3.26			IOException: Tail request on https://maven-central.storage-download.googleapis.com/maven2/org/wso2/identity/apps/login-portal-layouts/3.3.26/login-portal-layouts-3.3.26.jar returned status 404
3.3.28		2025-11-20T15:46:22Z	
3.3.29		2025-12-10T06:01:21Z	
3.3.3			IOException: Tail request on https://maven-central.storage-download.googleapis.com/maven2/org/wso2/identity/apps/login-portal-layouts/3.3.3/login-portal-layouts-3.3.3.jar returned status 404
3.3.30		2025-12-11T15:13:15Z	
3.3.31		2025-12-15T12:16:04Z	
3.3.32		2025-12-22T06:47:19Z	
3.3.33		2026-01-06T09:12:45Z	
3.3.34		2026-01-23T08:06:16Z	
3.3.36		2026-02-11T03:33:37Z	
3.3.37		2026-02-18T17:11:01Z	
3.3.38		2026-02-24T11:31:10Z	
3.3.4			IOException: Tail request on https://maven-central.storage-download.googleapis.com/maven2/org/wso2/identity/apps/login-portal-layouts/3.3.4/login-portal-layouts-3.3.4.jar returned status 404
3.3.5			IOException: Tail request on https://maven-central.storage-download.googleapis.com/maven2/org/wso2/identity/apps/login-portal-layouts/3.3.5/login-portal-layouts-3.3.5.jar returned status 404
3.3.6			IOException: Tail request on https://maven-central.storage-download.googleapis.com/maven2/org/wso2/identity/apps/login-portal-layouts/3.3.6/login-portal-layouts-3.3.6.jar returned status 404
3.3.8			IOException: Tail request on https://maven-central.storage-download.googleapis.com/maven2/org/wso2/identity/apps/login-portal-layouts/3.3.8/login-portal-layouts-3.3.8.jar returned status 404
3.3.9			IOException: Tail request on https://maven-central.storage-download.googleapis.com/maven2/org/wso2/identity/apps/login-portal-layouts/3.3.9/login-portal-layouts-3.3.9.jar returned status 404
3.4.0		2026-02-25T17:47:29Z	
3.4.4		2026-03-07T08:13:31Z	
3.4.5		2026-03-08T11:40:26Z	
3.4.6		2026-03-08T12:22:02Z	
3.4.7		2026-03-09T15:19:25Z	
3.5.0		2026-03-11T13:18:22Z	
3.6.0		2026-03-13T09:55:28Z	
3.7.0		2026-03-13T15:32:57Z	
3.7.1		2026-03-17T02:25:09Z	
3.7.2		2026-03-17T06:30:49Z	
3.8.0		2026-03-14T16:05:26Z	
3.8.1		2026-03-18T02:55:20Z	
4.0.0		2026-03-18T07:15:44Z	
4.0.1		2026-03-20T17:03:56Z	
4.0.14		2026-04-16T06:07:54Z	
4.0.15		2026-04-19T14:51:09Z	
4.0.2		2026-03-26T03:37:47Z	
4.0.3		2026-03-26T08:25:49Z	
4.0.4		2026-03-26T12:04:39Z	
4.0.5		2026-03-28T08:23:24Z	
4.0.6		2026-03-30T06:43:40Z	
4.0.7		2026-04-02T10:05:31Z	
4.0.8		2026-04-02T11:03:58Z	
5.0.0		2026-03-25T05:54:26Z	
5.0.1		2026-03-26T07:34:48Z	
5.0.10		2026-04-09T08:15:32Z	
5.0.12		2026-04-16T08:15:09Z	
5.0.13		2026-04-18T16:09:23Z	
5.0.14		2026-04-19T14:53:56Z	
5.0.15		2026-04-25T15:02:01Z	
5.0.16		2026-04-26T16:01:14Z	
5.0.17		2026-04-30T11:53:48Z	
5.0.18		2026-05-01T05:20:25Z	
5.0.19		2026-05-02T16:18:10Z	
5.0.2		2026-03-26T18:24:41Z	
5.0.20		2026-05-05T04:30:45Z	
5.0.21		2026-05-05T06:17:41Z	
5.0.22		2026-05-11T14:43:15Z	
5.0.23		2026-05-14T04:23:22Z	
5.0.24		2026-05-14T11:14:06Z	
5.0.26		2026-05-16T09:28:57Z	
5.0.27		2026-05-19T05:03:32Z	
5.0.29		2026-05-21T16:19:47Z	
5.0.3		2026-03-27T09:30:01Z	
5.0.30		2026-05-22T06:34:08Z	
5.0.31		2026-05-22T13:45:42Z	
5.0.4		2026-03-29T07:27:20Z	
5.0.6		2026-03-31T02:39:39Z	
5.0.8		2026-04-02T11:13:33Z	
5.0.9		2026-04-08T06:20:43Z	
5.1.0		2026-05-25T06:13:13Z	
5.1.1		2026-05-27T12:03:40Z	
5.1.3		2026-05-29T08:53:02Z	
5.1.4		2026-05-31T14:21:39Z	
5.1.5		2026-06-08T12:41:35Z	
5.1.6		2026-06-09T10:45:26Z	
5.2.0		2026-06-10T11:15:51Z	
5.2.1		2026-06-10T19:43:53Z	
5.2.2		2026-06-11T04:06:15Z	
5.2.3		2026-06-11T09:32:46Z	
5.2.4		2026-06-19T03:14:49Z	
5.2.5		2026-06-20T14:54:37Z	
5.3.0		2026-06-21T08:14:44Z	
5.3.1		2026-06-22T09:32:48Z	
5.3.2		2026-06-23T07:17:15Z	
5.3.3		2026-06-24T08:15:18Z	
5.3.4		2026-06-30T07:50:30Z	
5.3.5		2026-07-02T12:29:43Z	
5.3.6			
5.3.8			
5.4.0			
5.4.1			
