8.7.2-20240411			IOException: Tail request on https://maven-central.storage-download.googleapis.com/maven2/org/anyline/anyline-environment/8.7.2-20240411/anyline-environment-8.7.2-20240411.jar returned status 404
8.7.2-20240415			IOException: Tail request on https://maven-central.storage-download.googleapis.com/maven2/org/anyline/anyline-environment/8.7.2-20240415/anyline-environment-8.7.2-20240415.jar returned status 404
8.7.2-20240416			IOException: Tail request on https://maven-central.storage-download.googleapis.com/maven2/org/anyline/anyline-environment/8.7.2-20240416/anyline-environment-8.7.2-20240416.jar returned status 404
8.7.2-20240423			IOException: Tail request on https://maven-central.storage-download.googleapis.com/maven2/org/anyline/anyline-environment/8.7.2-20240423/anyline-environment-8.7.2-20240423.jar returned status 404
8.7.2-20240430			IOException: Tail request on https://maven-central.storage-download.googleapis.com/maven2/org/anyline/anyline-environment/8.7.2-20240430/anyline-environment-8.7.2-20240430.jar returned status 404
8.7.2-20240501			IOException: Tail request on https://maven-central.storage-download.googleapis.com/maven2/org/anyline/anyline-environment/8.7.2-20240501/anyline-environment-8.7.2-20240501.jar returned status 404
8.7.2-20240505			IOException: Tail request on https://maven-central.storage-download.googleapis.com/maven2/org/anyline/anyline-environment/8.7.2-20240505/anyline-environment-8.7.2-20240505.jar returned status 404
8.7.2-20240506			IOException: Tail request on https://maven-central.storage-download.googleapis.com/maven2/org/anyline/anyline-environment/8.7.2-20240506/anyline-environment-8.7.2-20240506.jar returned status 404
8.7.2-20240507			IOException: Tail request on https://maven-central.storage-download.googleapis.com/maven2/org/anyline/anyline-environment/8.7.2-20240507/anyline-environment-8.7.2-20240507.jar returned status 404
8.7.2-20240508			IOException: Tail request on https://maven-central.storage-download.googleapis.com/maven2/org/anyline/anyline-environment/8.7.2-20240508/anyline-environment-8.7.2-20240508.jar returned status 404
8.7.2-20240509			IOException: Tail request on https://maven-central.storage-download.googleapis.com/maven2/org/anyline/anyline-environment/8.7.2-20240509/anyline-environment-8.7.2-20240509.jar returned status 404
8.7.2-20240511			IOException: Tail request on https://maven-central.storage-download.googleapis.com/maven2/org/anyline/anyline-environment/8.7.2-20240511/anyline-environment-8.7.2-20240511.jar returned status 404
8.7.2-20240515			IOException: Tail request on https://maven-central.storage-download.googleapis.com/maven2/org/anyline/anyline-environment/8.7.2-20240515/anyline-environment-8.7.2-20240515.jar returned status 404
8.7.2-20240516			IOException: Tail request on https://maven-central.storage-download.googleapis.com/maven2/org/anyline/anyline-environment/8.7.2-20240516/anyline-environment-8.7.2-20240516.jar returned status 404
8.7.2-20240518			IOException: Tail request on https://maven-central.storage-download.googleapis.com/maven2/org/anyline/anyline-environment/8.7.2-20240518/anyline-environment-8.7.2-20240518.jar returned status 404
8.7.2-20240519			IOException: Tail request on https://maven-central.storage-download.googleapis.com/maven2/org/anyline/anyline-environment/8.7.2-20240519/anyline-environment-8.7.2-20240519.jar returned status 404
8.7.2-20240520			IOException: Tail request on https://maven-central.storage-download.googleapis.com/maven2/org/anyline/anyline-environment/8.7.2-20240520/anyline-environment-8.7.2-20240520.jar returned status 404
8.7.2-20240521			IOException: Tail request on https://maven-central.storage-download.googleapis.com/maven2/org/anyline/anyline-environment/8.7.2-20240521/anyline-environment-8.7.2-20240521.jar returned status 404
8.7.2-20240522			IOException: Tail request on https://maven-central.storage-download.googleapis.com/maven2/org/anyline/anyline-environment/8.7.2-20240522/anyline-environment-8.7.2-20240522.jar returned status 404
8.7.2-20240523			IOException: Tail request on https://maven-central.storage-download.googleapis.com/maven2/org/anyline/anyline-environment/8.7.2-20240523/anyline-environment-8.7.2-20240523.jar returned status 404
8.7.2-20240528			IOException: Tail request on https://maven-central.storage-download.googleapis.com/maven2/org/anyline/anyline-environment/8.7.2-20240528/anyline-environment-8.7.2-20240528.jar returned status 404
8.7.2-20240529			IOException: Tail request on https://maven-central.storage-download.googleapis.com/maven2/org/anyline/anyline-environment/8.7.2-20240529/anyline-environment-8.7.2-20240529.jar returned status 404
8.7.2-20240530			IOException: Tail request on https://maven-central.storage-download.googleapis.com/maven2/org/anyline/anyline-environment/8.7.2-20240530/anyline-environment-8.7.2-20240530.jar returned status 404
8.7.2-20240606			IOException: Tail request on https://maven-central.storage-download.googleapis.com/maven2/org/anyline/anyline-environment/8.7.2-20240606/anyline-environment-8.7.2-20240606.jar returned status 404
8.7.2-20240607			IOException: Tail request on https://maven-central.storage-download.googleapis.com/maven2/org/anyline/anyline-environment/8.7.2-20240607/anyline-environment-8.7.2-20240607.jar returned status 404
8.7.2-20240611			IOException: Tail request on https://maven-central.storage-download.googleapis.com/maven2/org/anyline/anyline-environment/8.7.2-20240611/anyline-environment-8.7.2-20240611.jar returned status 404
8.7.2-20240612			IOException: Tail request on https://maven-central.storage-download.googleapis.com/maven2/org/anyline/anyline-environment/8.7.2-20240612/anyline-environment-8.7.2-20240612.jar returned status 404
8.7.2-20240613			IOException: Tail request on https://maven-central.storage-download.googleapis.com/maven2/org/anyline/anyline-environment/8.7.2-20240613/anyline-environment-8.7.2-20240613.jar returned status 404
8.7.2-20240616			IOException: Tail request on https://maven-central.storage-download.googleapis.com/maven2/org/anyline/anyline-environment/8.7.2-20240616/anyline-environment-8.7.2-20240616.jar returned status 404
8.7.2-20240617			IOException: Tail request on https://maven-central.storage-download.googleapis.com/maven2/org/anyline/anyline-environment/8.7.2-20240617/anyline-environment-8.7.2-20240617.jar returned status 404
8.7.2-20240618			IOException: Tail request on https://maven-central.storage-download.googleapis.com/maven2/org/anyline/anyline-environment/8.7.2-20240618/anyline-environment-8.7.2-20240618.jar returned status 404
8.7.2-20240619			IOException: Tail request on https://maven-central.storage-download.googleapis.com/maven2/org/anyline/anyline-environment/8.7.2-20240619/anyline-environment-8.7.2-20240619.jar returned status 404
8.7.2-20240620			IOException: Tail request on https://maven-central.storage-download.googleapis.com/maven2/org/anyline/anyline-environment/8.7.2-20240620/anyline-environment-8.7.2-20240620.jar returned status 404
8.7.2-20240621			IOException: Tail request on https://maven-central.storage-download.googleapis.com/maven2/org/anyline/anyline-environment/8.7.2-20240621/anyline-environment-8.7.2-20240621.jar returned status 404
8.7.2-20240622			IOException: Tail request on https://maven-central.storage-download.googleapis.com/maven2/org/anyline/anyline-environment/8.7.2-20240622/anyline-environment-8.7.2-20240622.jar returned status 404
8.7.2-20240623			IOException: Tail request on https://maven-central.storage-download.googleapis.com/maven2/org/anyline/anyline-environment/8.7.2-20240623/anyline-environment-8.7.2-20240623.jar returned status 404
8.7.2-20240627			IOException: Tail request on https://maven-central.storage-download.googleapis.com/maven2/org/anyline/anyline-environment/8.7.2-20240627/anyline-environment-8.7.2-20240627.jar returned status 404
8.7.2-20240628			IOException: Tail request on https://maven-central.storage-download.googleapis.com/maven2/org/anyline/anyline-environment/8.7.2-20240628/anyline-environment-8.7.2-20240628.jar returned status 404
8.7.2-20240629			IOException: Tail request on https://maven-central.storage-download.googleapis.com/maven2/org/anyline/anyline-environment/8.7.2-20240629/anyline-environment-8.7.2-20240629.jar returned status 404
8.7.2-20240701			IOException: Tail request on https://maven-central.storage-download.googleapis.com/maven2/org/anyline/anyline-environment/8.7.2-20240701/anyline-environment-8.7.2-20240701.jar returned status 404
8.7.2-20240702			IOException: Tail request on https://maven-central.storage-download.googleapis.com/maven2/org/anyline/anyline-environment/8.7.2-20240702/anyline-environment-8.7.2-20240702.jar returned status 404
8.7.2-20240703			IOException: Tail request on https://maven-central.storage-download.googleapis.com/maven2/org/anyline/anyline-environment/8.7.2-20240703/anyline-environment-8.7.2-20240703.jar returned status 404
8.7.2-20240705			IOException: Tail request on https://maven-central.storage-download.googleapis.com/maven2/org/anyline/anyline-environment/8.7.2-20240705/anyline-environment-8.7.2-20240705.jar returned status 404
8.7.2-20240706			IOException: Tail request on https://maven-central.storage-download.googleapis.com/maven2/org/anyline/anyline-environment/8.7.2-20240706/anyline-environment-8.7.2-20240706.jar returned status 404
8.7.2-20240707			IOException: Tail request on https://maven-central.storage-download.googleapis.com/maven2/org/anyline/anyline-environment/8.7.2-20240707/anyline-environment-8.7.2-20240707.jar returned status 404
8.7.2-20240708			IOException: Tail request on https://maven-central.storage-download.googleapis.com/maven2/org/anyline/anyline-environment/8.7.2-20240708/anyline-environment-8.7.2-20240708.jar returned status 404
8.7.2-20240709			IOException: Tail request on https://maven-central.storage-download.googleapis.com/maven2/org/anyline/anyline-environment/8.7.2-20240709/anyline-environment-8.7.2-20240709.jar returned status 404
8.7.2-20240710			IOException: Tail request on https://maven-central.storage-download.googleapis.com/maven2/org/anyline/anyline-environment/8.7.2-20240710/anyline-environment-8.7.2-20240710.jar returned status 404
8.7.2-20240711			IOException: Tail request on https://maven-central.storage-download.googleapis.com/maven2/org/anyline/anyline-environment/8.7.2-20240711/anyline-environment-8.7.2-20240711.jar returned status 404
8.7.2-20240712			IOException: Tail request on https://maven-central.storage-download.googleapis.com/maven2/org/anyline/anyline-environment/8.7.2-20240712/anyline-environment-8.7.2-20240712.jar returned status 404
8.7.2-20240715			IOException: Tail request on https://maven-central.storage-download.googleapis.com/maven2/org/anyline/anyline-environment/8.7.2-20240715/anyline-environment-8.7.2-20240715.jar returned status 404
8.7.2-20240716			IOException: Tail request on https://maven-central.storage-download.googleapis.com/maven2/org/anyline/anyline-environment/8.7.2-20240716/anyline-environment-8.7.2-20240716.jar returned status 404
8.7.2-20240717			IOException: Tail request on https://maven-central.storage-download.googleapis.com/maven2/org/anyline/anyline-environment/8.7.2-20240717/anyline-environment-8.7.2-20240717.jar returned status 404
8.7.2-20240718			IOException: Tail request on https://maven-central.storage-download.googleapis.com/maven2/org/anyline/anyline-environment/8.7.2-20240718/anyline-environment-8.7.2-20240718.jar returned status 404
8.7.2-20240719			IOException: Tail request on https://maven-central.storage-download.googleapis.com/maven2/org/anyline/anyline-environment/8.7.2-20240719/anyline-environment-8.7.2-20240719.jar returned status 404
8.7.2-20240720			IOException: Tail request on https://maven-central.storage-download.googleapis.com/maven2/org/anyline/anyline-environment/8.7.2-20240720/anyline-environment-8.7.2-20240720.jar returned status 404
8.7.2-20240722			IOException: Tail request on https://maven-central.storage-download.googleapis.com/maven2/org/anyline/anyline-environment/8.7.2-20240722/anyline-environment-8.7.2-20240722.jar returned status 404
8.7.2-20240726			IOException: Tail request on https://maven-central.storage-download.googleapis.com/maven2/org/anyline/anyline-environment/8.7.2-20240726/anyline-environment-8.7.2-20240726.jar returned status 404
8.7.2-20240727			IOException: Tail request on https://maven-central.storage-download.googleapis.com/maven2/org/anyline/anyline-environment/8.7.2-20240727/anyline-environment-8.7.2-20240727.jar returned status 404
8.7.2-20240728			IOException: Tail request on https://maven-central.storage-download.googleapis.com/maven2/org/anyline/anyline-environment/8.7.2-20240728/anyline-environment-8.7.2-20240728.jar returned status 404
8.7.2-20240730			IOException: Tail request on https://maven-central.storage-download.googleapis.com/maven2/org/anyline/anyline-environment/8.7.2-20240730/anyline-environment-8.7.2-20240730.jar returned status 404
8.7.2-20240801			IOException: Tail request on https://maven-central.storage-download.googleapis.com/maven2/org/anyline/anyline-environment/8.7.2-20240801/anyline-environment-8.7.2-20240801.jar returned status 404
8.7.2-20240803			IOException: Tail request on https://maven-central.storage-download.googleapis.com/maven2/org/anyline/anyline-environment/8.7.2-20240803/anyline-environment-8.7.2-20240803.jar returned status 404
8.7.2-20240805			IOException: Tail request on https://maven-central.storage-download.googleapis.com/maven2/org/anyline/anyline-environment/8.7.2-20240805/anyline-environment-8.7.2-20240805.jar returned status 404
8.7.2-20240806			IOException: Tail request on https://maven-central.storage-download.googleapis.com/maven2/org/anyline/anyline-environment/8.7.2-20240806/anyline-environment-8.7.2-20240806.jar returned status 404
8.7.2-20240807			IOException: Tail request on https://maven-central.storage-download.googleapis.com/maven2/org/anyline/anyline-environment/8.7.2-20240807/anyline-environment-8.7.2-20240807.jar returned status 404
8.7.2-20240808			IOException: Tail request on https://maven-central.storage-download.googleapis.com/maven2/org/anyline/anyline-environment/8.7.2-20240808/anyline-environment-8.7.2-20240808.jar returned status 404
8.7.2-20240809			IOException: Tail request on https://maven-central.storage-download.googleapis.com/maven2/org/anyline/anyline-environment/8.7.2-20240809/anyline-environment-8.7.2-20240809.jar returned status 404
8.7.2-20240810			IOException: Tail request on https://maven-central.storage-download.googleapis.com/maven2/org/anyline/anyline-environment/8.7.2-20240810/anyline-environment-8.7.2-20240810.jar returned status 404
8.7.2-20240815			IOException: Tail request on https://maven-central.storage-download.googleapis.com/maven2/org/anyline/anyline-environment/8.7.2-20240815/anyline-environment-8.7.2-20240815.jar returned status 404
8.7.2-20240819			IOException: Tail request on https://maven-central.storage-download.googleapis.com/maven2/org/anyline/anyline-environment/8.7.2-20240819/anyline-environment-8.7.2-20240819.jar returned status 404
8.7.2-20240823			IOException: Tail request on https://maven-central.storage-download.googleapis.com/maven2/org/anyline/anyline-environment/8.7.2-20240823/anyline-environment-8.7.2-20240823.jar returned status 404
8.7.2-20240825			IOException: Tail request on https://maven-central.storage-download.googleapis.com/maven2/org/anyline/anyline-environment/8.7.2-20240825/anyline-environment-8.7.2-20240825.jar returned status 404
8.7.2-20240830			IOException: Tail request on https://maven-central.storage-download.googleapis.com/maven2/org/anyline/anyline-environment/8.7.2-20240830/anyline-environment-8.7.2-20240830.jar returned status 404
8.7.2-20240831			IOException: Tail request on https://maven-central.storage-download.googleapis.com/maven2/org/anyline/anyline-environment/8.7.2-20240831/anyline-environment-8.7.2-20240831.jar returned status 404
8.7.2-20240901			IOException: Tail request on https://maven-central.storage-download.googleapis.com/maven2/org/anyline/anyline-environment/8.7.2-20240901/anyline-environment-8.7.2-20240901.jar returned status 404
8.7.2-20240905			IOException: Tail request on https://maven-central.storage-download.googleapis.com/maven2/org/anyline/anyline-environment/8.7.2-20240905/anyline-environment-8.7.2-20240905.jar returned status 404
8.7.2-20240909			IOException: Tail request on https://maven-central.storage-download.googleapis.com/maven2/org/anyline/anyline-environment/8.7.2-20240909/anyline-environment-8.7.2-20240909.jar returned status 404
8.7.2-20240911			IOException: Tail request on https://maven-central.storage-download.googleapis.com/maven2/org/anyline/anyline-environment/8.7.2-20240911/anyline-environment-8.7.2-20240911.jar returned status 404
8.7.2-20240912			IOException: Tail request on https://maven-central.storage-download.googleapis.com/maven2/org/anyline/anyline-environment/8.7.2-20240912/anyline-environment-8.7.2-20240912.jar returned status 404
8.7.2-20240916			IOException: Tail request on https://maven-central.storage-download.googleapis.com/maven2/org/anyline/anyline-environment/8.7.2-20240916/anyline-environment-8.7.2-20240916.jar returned status 404
8.7.2-20240922			IOException: Tail request on https://maven-central.storage-download.googleapis.com/maven2/org/anyline/anyline-environment/8.7.2-20240922/anyline-environment-8.7.2-20240922.jar returned status 404
8.7.2-20240923			IOException: Tail request on https://maven-central.storage-download.googleapis.com/maven2/org/anyline/anyline-environment/8.7.2-20240923/anyline-environment-8.7.2-20240923.jar returned status 404
8.7.2-20240925			IOException: Tail request on https://maven-central.storage-download.googleapis.com/maven2/org/anyline/anyline-environment/8.7.2-20240925/anyline-environment-8.7.2-20240925.jar returned status 404
8.7.2-20240930			IOException: Tail request on https://maven-central.storage-download.googleapis.com/maven2/org/anyline/anyline-environment/8.7.2-20240930/anyline-environment-8.7.2-20240930.jar returned status 404
8.7.2-20241011			IOException: Tail request on https://maven-central.storage-download.googleapis.com/maven2/org/anyline/anyline-environment/8.7.2-20241011/anyline-environment-8.7.2-20241011.jar returned status 404
8.7.2-20241012			IOException: Tail request on https://maven-central.storage-download.googleapis.com/maven2/org/anyline/anyline-environment/8.7.2-20241012/anyline-environment-8.7.2-20241012.jar returned status 404
8.7.2-20241016			IOException: Tail request on https://maven-central.storage-download.googleapis.com/maven2/org/anyline/anyline-environment/8.7.2-20241016/anyline-environment-8.7.2-20241016.jar returned status 404
8.7.2-20241018			IOException: Tail request on https://maven-central.storage-download.googleapis.com/maven2/org/anyline/anyline-environment/8.7.2-20241018/anyline-environment-8.7.2-20241018.jar returned status 404
8.7.2-20241022			IOException: Tail request on https://maven-central.storage-download.googleapis.com/maven2/org/anyline/anyline-environment/8.7.2-20241022/anyline-environment-8.7.2-20241022.jar returned status 404
8.7.2-20241025			IOException: Tail request on https://maven-central.storage-download.googleapis.com/maven2/org/anyline/anyline-environment/8.7.2-20241025/anyline-environment-8.7.2-20241025.jar returned status 404
8.7.2-20241107			IOException: Tail request on https://maven-central.storage-download.googleapis.com/maven2/org/anyline/anyline-environment/8.7.2-20241107/anyline-environment-8.7.2-20241107.jar returned status 404
8.7.2-20241120			IOException: Tail request on https://maven-central.storage-download.googleapis.com/maven2/org/anyline/anyline-environment/8.7.2-20241120/anyline-environment-8.7.2-20241120.jar returned status 404
8.7.2-20241125			IOException: Tail request on https://maven-central.storage-download.googleapis.com/maven2/org/anyline/anyline-environment/8.7.2-20241125/anyline-environment-8.7.2-20241125.jar returned status 404
8.7.2-20241231			IOException: Tail request on https://maven-central.storage-download.googleapis.com/maven2/org/anyline/anyline-environment/8.7.2-20241231/anyline-environment-8.7.2-20241231.jar returned status 404
8.7.2-20250101			IOException: Tail request on https://maven-central.storage-download.googleapis.com/maven2/org/anyline/anyline-environment/8.7.2-20250101/anyline-environment-8.7.2-20250101.jar returned status 404
8.7.2-20250102			IOException: Tail request on https://maven-central.storage-download.googleapis.com/maven2/org/anyline/anyline-environment/8.7.2-20250102/anyline-environment-8.7.2-20250102.jar returned status 404
8.7.2-20250107			IOException: Tail request on https://maven-central.storage-download.googleapis.com/maven2/org/anyline/anyline-environment/8.7.2-20250107/anyline-environment-8.7.2-20250107.jar returned status 404
8.7.2-20250108			IOException: Tail request on https://maven-central.storage-download.googleapis.com/maven2/org/anyline/anyline-environment/8.7.2-20250108/anyline-environment-8.7.2-20250108.jar returned status 404
8.7.2-20250110			IOException: Tail request on https://maven-central.storage-download.googleapis.com/maven2/org/anyline/anyline-environment/8.7.2-20250110/anyline-environment-8.7.2-20250110.jar returned status 404
8.7.2-20250125			IOException: Tail request on https://maven-central.storage-download.googleapis.com/maven2/org/anyline/anyline-environment/8.7.2-20250125/anyline-environment-8.7.2-20250125.jar returned status 404
8.7.2-20250212			IOException: Tail request on https://maven-central.storage-download.googleapis.com/maven2/org/anyline/anyline-environment/8.7.2-20250212/anyline-environment-8.7.2-20250212.jar returned status 404
8.7.2-20250225			IOException: Tail request on https://maven-central.storage-download.googleapis.com/maven2/org/anyline/anyline-environment/8.7.2-20250225/anyline-environment-8.7.2-20250225.jar returned status 404
8.7.2-20250311			IOException: Tail request on https://maven-central.storage-download.googleapis.com/maven2/org/anyline/anyline-environment/8.7.2-20250311/anyline-environment-8.7.2-20250311.jar returned status 404
8.7.2-20250312			IOException: Tail request on https://maven-central.storage-download.googleapis.com/maven2/org/anyline/anyline-environment/8.7.2-20250312/anyline-environment-8.7.2-20250312.jar returned status 404
8.7.2-20250401			IOException: Tail request on https://maven-central.storage-download.googleapis.com/maven2/org/anyline/anyline-environment/8.7.2-20250401/anyline-environment-8.7.2-20250401.jar returned status 404
8.7.2-20250404			IOException: Tail request on https://maven-central.storage-download.googleapis.com/maven2/org/anyline/anyline-environment/8.7.2-20250404/anyline-environment-8.7.2-20250404.jar returned status 404
8.7.2-20250502			IOException: Tail request on https://maven-central.storage-download.googleapis.com/maven2/org/anyline/anyline-environment/8.7.2-20250502/anyline-environment-8.7.2-20250502.jar returned status 404
8.7.2-20250509			IOException: Tail request on https://maven-central.storage-download.googleapis.com/maven2/org/anyline/anyline-environment/8.7.2-20250509/anyline-environment-8.7.2-20250509.jar returned status 404
8.7.2-20250515			IOException: Tail request on https://maven-central.storage-download.googleapis.com/maven2/org/anyline/anyline-environment/8.7.2-20250515/anyline-environment-8.7.2-20250515.jar returned status 404
8.7.2-20250518			IOException: Tail request on https://maven-central.storage-download.googleapis.com/maven2/org/anyline/anyline-environment/8.7.2-20250518/anyline-environment-8.7.2-20250518.jar returned status 404
8.7.2-20250520			IOException: Tail request on https://maven-central.storage-download.googleapis.com/maven2/org/anyline/anyline-environment/8.7.2-20250520/anyline-environment-8.7.2-20250520.jar returned status 404
8.7.2-20250603			IOException: Tail request on https://maven-central.storage-download.googleapis.com/maven2/org/anyline/anyline-environment/8.7.2-20250603/anyline-environment-8.7.2-20250603.jar returned status 404
8.7.2-20250630			IOException: Tail request on https://maven-central.storage-download.googleapis.com/maven2/org/anyline/anyline-environment/8.7.2-20250630/anyline-environment-8.7.2-20250630.jar returned status 404
8.7.2-20250715			IOException: Tail request on https://maven-central.storage-download.googleapis.com/maven2/org/anyline/anyline-environment/8.7.2-20250715/anyline-environment-8.7.2-20250715.jar returned status 404
8.7.2-20250717			IOException: Tail request on https://maven-central.storage-download.googleapis.com/maven2/org/anyline/anyline-environment/8.7.2-20250717/anyline-environment-8.7.2-20250717.jar returned status 404
8.7.2-20250719			IOException: Tail request on https://maven-central.storage-download.googleapis.com/maven2/org/anyline/anyline-environment/8.7.2-20250719/anyline-environment-8.7.2-20250719.jar returned status 404
8.7.2-20250721			IOException: Tail request on https://maven-central.storage-download.googleapis.com/maven2/org/anyline/anyline-environment/8.7.2-20250721/anyline-environment-8.7.2-20250721.jar returned status 404
8.7.2-20250722			IOException: Tail request on https://maven-central.storage-download.googleapis.com/maven2/org/anyline/anyline-environment/8.7.2-20250722/anyline-environment-8.7.2-20250722.jar returned status 404
8.7.2-20250801			IOException: Tail request on https://maven-central.storage-download.googleapis.com/maven2/org/anyline/anyline-environment/8.7.2-20250801/anyline-environment-8.7.2-20250801.jar returned status 404
8.7.2-20250805			IOException: Tail request on https://maven-central.storage-download.googleapis.com/maven2/org/anyline/anyline-environment/8.7.2-20250805/anyline-environment-8.7.2-20250805.jar returned status 404
8.7.2-20250806			IOException: Tail request on https://maven-central.storage-download.googleapis.com/maven2/org/anyline/anyline-environment/8.7.2-20250806/anyline-environment-8.7.2-20250806.jar returned status 404
8.7.2-20250817			IOException: Tail request on https://maven-central.storage-download.googleapis.com/maven2/org/anyline/anyline-environment/8.7.2-20250817/anyline-environment-8.7.2-20250817.jar returned status 404
8.7.2-20250818			IOException: Tail request on https://maven-central.storage-download.googleapis.com/maven2/org/anyline/anyline-environment/8.7.2-20250818/anyline-environment-8.7.2-20250818.jar returned status 404
8.7.2-20250826			IOException: Tail request on https://maven-central.storage-download.googleapis.com/maven2/org/anyline/anyline-environment/8.7.2-20250826/anyline-environment-8.7.2-20250826.jar returned status 404
8.7.2-20250827			IOException: Tail request on https://maven-central.storage-download.googleapis.com/maven2/org/anyline/anyline-environment/8.7.2-20250827/anyline-environment-8.7.2-20250827.jar returned status 404
8.7.2-20250903			IOException: Tail request on https://maven-central.storage-download.googleapis.com/maven2/org/anyline/anyline-environment/8.7.2-20250903/anyline-environment-8.7.2-20250903.jar returned status 404
8.7.2-20250916			IOException: Tail request on https://maven-central.storage-download.googleapis.com/maven2/org/anyline/anyline-environment/8.7.2-20250916/anyline-environment-8.7.2-20250916.jar returned status 404
8.7.2-20250918			IOException: Tail request on https://maven-central.storage-download.googleapis.com/maven2/org/anyline/anyline-environment/8.7.2-20250918/anyline-environment-8.7.2-20250918.jar returned status 404
8.7.2-20251010			IOException: Tail request on https://maven-central.storage-download.googleapis.com/maven2/org/anyline/anyline-environment/8.7.2-20251010/anyline-environment-8.7.2-20251010.jar returned status 404
8.7.2-20251011			IOException: Tail request on https://maven-central.storage-download.googleapis.com/maven2/org/anyline/anyline-environment/8.7.2-20251011/anyline-environment-8.7.2-20251011.jar returned status 404
8.7.2-20251111			IOException: Tail request on https://maven-central.storage-download.googleapis.com/maven2/org/anyline/anyline-environment/8.7.2-20251111/anyline-environment-8.7.2-20251111.jar returned status 404
8.7.2-20251120			IOException: Tail request on https://maven-central.storage-download.googleapis.com/maven2/org/anyline/anyline-environment/8.7.2-20251120/anyline-environment-8.7.2-20251120.jar returned status 404
8.7.2-jdk11-20240816			IOException: Tail request on https://maven-central.storage-download.googleapis.com/maven2/org/anyline/anyline-environment/8.7.2-jdk11-20240816/anyline-environment-8.7.2-jdk11-20240816.jar returned status 404
8.7.2-jdk11-20240819			IOException: Tail request on https://maven-central.storage-download.googleapis.com/maven2/org/anyline/anyline-environment/8.7.2-jdk11-20240819/anyline-environment-8.7.2-jdk11-20240819.jar returned status 404
8.7.2-jdk11-20240826			IOException: Tail request on https://maven-central.storage-download.googleapis.com/maven2/org/anyline/anyline-environment/8.7.2-jdk11-20240826/anyline-environment-8.7.2-jdk11-20240826.jar returned status 404
8.7.2-jdk11-20240827			IOException: Tail request on https://maven-central.storage-download.googleapis.com/maven2/org/anyline/anyline-environment/8.7.2-jdk11-20240827/anyline-environment-8.7.2-jdk11-20240827.jar returned status 404
8.7.2-jdk11-20240830			IOException: Tail request on https://maven-central.storage-download.googleapis.com/maven2/org/anyline/anyline-environment/8.7.2-jdk11-20240830/anyline-environment-8.7.2-jdk11-20240830.jar returned status 404
8.7.2-jdk11-20240912			IOException: Tail request on https://maven-central.storage-download.googleapis.com/maven2/org/anyline/anyline-environment/8.7.2-jdk11-20240912/anyline-environment-8.7.2-jdk11-20240912.jar returned status 404
8.7.2-jdk11-20240919			IOException: Tail request on https://maven-central.storage-download.googleapis.com/maven2/org/anyline/anyline-environment/8.7.2-jdk11-20240919/anyline-environment-8.7.2-jdk11-20240919.jar returned status 404
8.7.2-jdk11-20241015			IOException: Tail request on https://maven-central.storage-download.googleapis.com/maven2/org/anyline/anyline-environment/8.7.2-jdk11-20241015/anyline-environment-8.7.2-jdk11-20241015.jar returned status 404
8.7.2-jdk11-20241022			IOException: Tail request on https://maven-central.storage-download.googleapis.com/maven2/org/anyline/anyline-environment/8.7.2-jdk11-20241022/anyline-environment-8.7.2-jdk11-20241022.jar returned status 404
8.7.2-jdk11-20241231			IOException: Tail request on https://maven-central.storage-download.googleapis.com/maven2/org/anyline/anyline-environment/8.7.2-jdk11-20241231/anyline-environment-8.7.2-jdk11-20241231.jar returned status 404
8.7.2-jdk11-20250101			IOException: Tail request on https://maven-central.storage-download.googleapis.com/maven2/org/anyline/anyline-environment/8.7.2-jdk11-20250101/anyline-environment-8.7.2-jdk11-20250101.jar returned status 404
8.7.2-jdk11-20250102			IOException: Tail request on https://maven-central.storage-download.googleapis.com/maven2/org/anyline/anyline-environment/8.7.2-jdk11-20250102/anyline-environment-8.7.2-jdk11-20250102.jar returned status 404
8.7.2-jdk11-20250108			IOException: Tail request on https://maven-central.storage-download.googleapis.com/maven2/org/anyline/anyline-environment/8.7.2-jdk11-20250108/anyline-environment-8.7.2-jdk11-20250108.jar returned status 404
8.7.2-jdk11-20250212			IOException: Tail request on https://maven-central.storage-download.googleapis.com/maven2/org/anyline/anyline-environment/8.7.2-jdk11-20250212/anyline-environment-8.7.2-jdk11-20250212.jar returned status 404
8.7.2-jdk11-20250404			IOException: Tail request on https://maven-central.storage-download.googleapis.com/maven2/org/anyline/anyline-environment/8.7.2-jdk11-20250404/anyline-environment-8.7.2-jdk11-20250404.jar returned status 404
8.7.2-jdk11-20250502			IOException: Tail request on https://maven-central.storage-download.googleapis.com/maven2/org/anyline/anyline-environment/8.7.2-jdk11-20250502/anyline-environment-8.7.2-jdk11-20250502.jar returned status 404
8.7.2-jdk11-20250509			IOException: Tail request on https://maven-central.storage-download.googleapis.com/maven2/org/anyline/anyline-environment/8.7.2-jdk11-20250509/anyline-environment-8.7.2-jdk11-20250509.jar returned status 404
8.7.2-jdk11-20250515			IOException: Tail request on https://maven-central.storage-download.googleapis.com/maven2/org/anyline/anyline-environment/8.7.2-jdk11-20250515/anyline-environment-8.7.2-jdk11-20250515.jar returned status 404
8.7.2-jdk11-20250520			IOException: Tail request on https://maven-central.storage-download.googleapis.com/maven2/org/anyline/anyline-environment/8.7.2-jdk11-20250520/anyline-environment-8.7.2-jdk11-20250520.jar returned status 404
8.7.2-jdk11-20250603			IOException: Tail request on https://maven-central.storage-download.googleapis.com/maven2/org/anyline/anyline-environment/8.7.2-jdk11-20250603/anyline-environment-8.7.2-jdk11-20250603.jar returned status 404
8.7.2-jdk11-20250630			IOException: Tail request on https://maven-central.storage-download.googleapis.com/maven2/org/anyline/anyline-environment/8.7.2-jdk11-20250630/anyline-environment-8.7.2-jdk11-20250630.jar returned status 404
8.7.2-jdk11-20250715			IOException: Tail request on https://maven-central.storage-download.googleapis.com/maven2/org/anyline/anyline-environment/8.7.2-jdk11-20250715/anyline-environment-8.7.2-jdk11-20250715.jar returned status 404
8.7.2-jdk11-20250719			IOException: Tail request on https://maven-central.storage-download.googleapis.com/maven2/org/anyline/anyline-environment/8.7.2-jdk11-20250719/anyline-environment-8.7.2-jdk11-20250719.jar returned status 404
8.7.2-jdk11-20250722			IOException: Tail request on https://maven-central.storage-download.googleapis.com/maven2/org/anyline/anyline-environment/8.7.2-jdk11-20250722/anyline-environment-8.7.2-jdk11-20250722.jar returned status 404
8.7.2-jdk11-20250805			IOException: Tail request on https://maven-central.storage-download.googleapis.com/maven2/org/anyline/anyline-environment/8.7.2-jdk11-20250805/anyline-environment-8.7.2-jdk11-20250805.jar returned status 404
8.7.2-jdk11-20250806			IOException: Tail request on https://maven-central.storage-download.googleapis.com/maven2/org/anyline/anyline-environment/8.7.2-jdk11-20250806/anyline-environment-8.7.2-jdk11-20250806.jar returned status 404
8.7.2-jdk11-20250817			IOException: Tail request on https://maven-central.storage-download.googleapis.com/maven2/org/anyline/anyline-environment/8.7.2-jdk11-20250817/anyline-environment-8.7.2-jdk11-20250817.jar returned status 404
8.7.2-jdk11-20250818			IOException: Tail request on https://maven-central.storage-download.googleapis.com/maven2/org/anyline/anyline-environment/8.7.2-jdk11-20250818/anyline-environment-8.7.2-jdk11-20250818.jar returned status 404
8.7.2-jdk11-20250826			IOException: Tail request on https://maven-central.storage-download.googleapis.com/maven2/org/anyline/anyline-environment/8.7.2-jdk11-20250826/anyline-environment-8.7.2-jdk11-20250826.jar returned status 404
8.7.2-jdk11-20250827			IOException: Tail request on https://maven-central.storage-download.googleapis.com/maven2/org/anyline/anyline-environment/8.7.2-jdk11-20250827/anyline-environment-8.7.2-jdk11-20250827.jar returned status 404
8.7.2-jdk11-20250903			IOException: Tail request on https://maven-central.storage-download.googleapis.com/maven2/org/anyline/anyline-environment/8.7.2-jdk11-20250903/anyline-environment-8.7.2-jdk11-20250903.jar returned status 404
8.7.2-jdk11-20250916			IOException: Tail request on https://maven-central.storage-download.googleapis.com/maven2/org/anyline/anyline-environment/8.7.2-jdk11-20250916/anyline-environment-8.7.2-jdk11-20250916.jar returned status 404
8.7.2-jdk11-20250918			IOException: Tail request on https://maven-central.storage-download.googleapis.com/maven2/org/anyline/anyline-environment/8.7.2-jdk11-20250918/anyline-environment-8.7.2-jdk11-20250918.jar returned status 404
8.7.2-jdk17-20240501			IOException: Tail request on https://maven-central.storage-download.googleapis.com/maven2/org/anyline/anyline-environment/8.7.2-jdk17-20240501/anyline-environment-8.7.2-jdk17-20240501.jar returned status 404
8.7.2-jdk17-20240505			IOException: Tail request on https://maven-central.storage-download.googleapis.com/maven2/org/anyline/anyline-environment/8.7.2-jdk17-20240505/anyline-environment-8.7.2-jdk17-20240505.jar returned status 404
8.7.2-jdk17-20240506			IOException: Tail request on https://maven-central.storage-download.googleapis.com/maven2/org/anyline/anyline-environment/8.7.2-jdk17-20240506/anyline-environment-8.7.2-jdk17-20240506.jar returned status 404
8.7.2-jdk17-20240507			IOException: Tail request on https://maven-central.storage-download.googleapis.com/maven2/org/anyline/anyline-environment/8.7.2-jdk17-20240507/anyline-environment-8.7.2-jdk17-20240507.jar returned status 404
8.7.2-jdk17-20240508			IOException: Tail request on https://maven-central.storage-download.googleapis.com/maven2/org/anyline/anyline-environment/8.7.2-jdk17-20240508/anyline-environment-8.7.2-jdk17-20240508.jar returned status 404
8.7.2-jdk17-20240509			IOException: Tail request on https://maven-central.storage-download.googleapis.com/maven2/org/anyline/anyline-environment/8.7.2-jdk17-20240509/anyline-environment-8.7.2-jdk17-20240509.jar returned status 404
8.7.2-jdk17-20240511			IOException: Tail request on https://maven-central.storage-download.googleapis.com/maven2/org/anyline/anyline-environment/8.7.2-jdk17-20240511/anyline-environment-8.7.2-jdk17-20240511.jar returned status 404
8.7.2-jdk17-20240515			IOException: Tail request on https://maven-central.storage-download.googleapis.com/maven2/org/anyline/anyline-environment/8.7.2-jdk17-20240515/anyline-environment-8.7.2-jdk17-20240515.jar returned status 404
8.7.2-jdk17-20240516			IOException: Tail request on https://maven-central.storage-download.googleapis.com/maven2/org/anyline/anyline-environment/8.7.2-jdk17-20240516/anyline-environment-8.7.2-jdk17-20240516.jar returned status 404
8.7.2-jdk17-20240517			IOException: Tail request on https://maven-central.storage-download.googleapis.com/maven2/org/anyline/anyline-environment/8.7.2-jdk17-20240517/anyline-environment-8.7.2-jdk17-20240517.jar returned status 404
8.7.2-jdk17-20240518			IOException: Tail request on https://maven-central.storage-download.googleapis.com/maven2/org/anyline/anyline-environment/8.7.2-jdk17-20240518/anyline-environment-8.7.2-jdk17-20240518.jar returned status 404
8.7.2-jdk17-20240521			IOException: Tail request on https://maven-central.storage-download.googleapis.com/maven2/org/anyline/anyline-environment/8.7.2-jdk17-20240521/anyline-environment-8.7.2-jdk17-20240521.jar returned status 404
8.7.2-jdk17-20240522			IOException: Tail request on https://maven-central.storage-download.googleapis.com/maven2/org/anyline/anyline-environment/8.7.2-jdk17-20240522/anyline-environment-8.7.2-jdk17-20240522.jar returned status 404
8.7.2-jdk17-20240523			IOException: Tail request on https://maven-central.storage-download.googleapis.com/maven2/org/anyline/anyline-environment/8.7.2-jdk17-20240523/anyline-environment-8.7.2-jdk17-20240523.jar returned status 404
8.7.2-jdk17-20240528			IOException: Tail request on https://maven-central.storage-download.googleapis.com/maven2/org/anyline/anyline-environment/8.7.2-jdk17-20240528/anyline-environment-8.7.2-jdk17-20240528.jar returned status 404
8.7.2-jdk17-20240530			IOException: Tail request on https://maven-central.storage-download.googleapis.com/maven2/org/anyline/anyline-environment/8.7.2-jdk17-20240530/anyline-environment-8.7.2-jdk17-20240530.jar returned status 404
8.7.2-jdk17-20240606			IOException: Tail request on https://maven-central.storage-download.googleapis.com/maven2/org/anyline/anyline-environment/8.7.2-jdk17-20240606/anyline-environment-8.7.2-jdk17-20240606.jar returned status 404
8.7.2-jdk17-20240607			IOException: Tail request on https://maven-central.storage-download.googleapis.com/maven2/org/anyline/anyline-environment/8.7.2-jdk17-20240607/anyline-environment-8.7.2-jdk17-20240607.jar returned status 404
8.7.2-jdk17-20240611			IOException: Tail request on https://maven-central.storage-download.googleapis.com/maven2/org/anyline/anyline-environment/8.7.2-jdk17-20240611/anyline-environment-8.7.2-jdk17-20240611.jar returned status 404
8.7.2-jdk17-20240612			IOException: Tail request on https://maven-central.storage-download.googleapis.com/maven2/org/anyline/anyline-environment/8.7.2-jdk17-20240612/anyline-environment-8.7.2-jdk17-20240612.jar returned status 404
8.7.2-jdk17-20240613			IOException: Tail request on https://maven-central.storage-download.googleapis.com/maven2/org/anyline/anyline-environment/8.7.2-jdk17-20240613/anyline-environment-8.7.2-jdk17-20240613.jar returned status 404
8.7.2-jdk17-20240616			IOException: Tail request on https://maven-central.storage-download.googleapis.com/maven2/org/anyline/anyline-environment/8.7.2-jdk17-20240616/anyline-environment-8.7.2-jdk17-20240616.jar returned status 404
8.7.2-jdk17-20240617			IOException: Tail request on https://maven-central.storage-download.googleapis.com/maven2/org/anyline/anyline-environment/8.7.2-jdk17-20240617/anyline-environment-8.7.2-jdk17-20240617.jar returned status 404
8.7.2-jdk17-20240618			IOException: Tail request on https://maven-central.storage-download.googleapis.com/maven2/org/anyline/anyline-environment/8.7.2-jdk17-20240618/anyline-environment-8.7.2-jdk17-20240618.jar returned status 404
8.7.2-jdk17-20240620			IOException: Tail request on https://maven-central.storage-download.googleapis.com/maven2/org/anyline/anyline-environment/8.7.2-jdk17-20240620/anyline-environment-8.7.2-jdk17-20240620.jar returned status 404
8.7.2-jdk17-20240621			IOException: Tail request on https://maven-central.storage-download.googleapis.com/maven2/org/anyline/anyline-environment/8.7.2-jdk17-20240621/anyline-environment-8.7.2-jdk17-20240621.jar returned status 404
8.7.2-jdk17-20240623			IOException: Tail request on https://maven-central.storage-download.googleapis.com/maven2/org/anyline/anyline-environment/8.7.2-jdk17-20240623/anyline-environment-8.7.2-jdk17-20240623.jar returned status 404
8.7.2-jdk17-20240626			IOException: Tail request on https://maven-central.storage-download.googleapis.com/maven2/org/anyline/anyline-environment/8.7.2-jdk17-20240626/anyline-environment-8.7.2-jdk17-20240626.jar returned status 404
8.7.2-jdk17-20240627			IOException: Tail request on https://maven-central.storage-download.googleapis.com/maven2/org/anyline/anyline-environment/8.7.2-jdk17-20240627/anyline-environment-8.7.2-jdk17-20240627.jar returned status 404
8.7.2-jdk17-20240701			IOException: Tail request on https://maven-central.storage-download.googleapis.com/maven2/org/anyline/anyline-environment/8.7.2-jdk17-20240701/anyline-environment-8.7.2-jdk17-20240701.jar returned status 404
8.7.2-jdk17-20240702			IOException: Tail request on https://maven-central.storage-download.googleapis.com/maven2/org/anyline/anyline-environment/8.7.2-jdk17-20240702/anyline-environment-8.7.2-jdk17-20240702.jar returned status 404
8.7.2-jdk17-20240705			IOException: Tail request on https://maven-central.storage-download.googleapis.com/maven2/org/anyline/anyline-environment/8.7.2-jdk17-20240705/anyline-environment-8.7.2-jdk17-20240705.jar returned status 404
8.7.2-jdk17-20240706			IOException: Tail request on https://maven-central.storage-download.googleapis.com/maven2/org/anyline/anyline-environment/8.7.2-jdk17-20240706/anyline-environment-8.7.2-jdk17-20240706.jar returned status 404
8.7.2-jdk17-20240707			IOException: Tail request on https://maven-central.storage-download.googleapis.com/maven2/org/anyline/anyline-environment/8.7.2-jdk17-20240707/anyline-environment-8.7.2-jdk17-20240707.jar returned status 404
8.7.2-jdk17-20240708			IOException: Tail request on https://maven-central.storage-download.googleapis.com/maven2/org/anyline/anyline-environment/8.7.2-jdk17-20240708/anyline-environment-8.7.2-jdk17-20240708.jar returned status 404
8.7.2-jdk17-20240709			IOException: Tail request on https://maven-central.storage-download.googleapis.com/maven2/org/anyline/anyline-environment/8.7.2-jdk17-20240709/anyline-environment-8.7.2-jdk17-20240709.jar returned status 404
8.7.2-jdk17-20240712			IOException: Tail request on https://maven-central.storage-download.googleapis.com/maven2/org/anyline/anyline-environment/8.7.2-jdk17-20240712/anyline-environment-8.7.2-jdk17-20240712.jar returned status 404
8.7.2-jdk17-20240715			IOException: Tail request on https://maven-central.storage-download.googleapis.com/maven2/org/anyline/anyline-environment/8.7.2-jdk17-20240715/anyline-environment-8.7.2-jdk17-20240715.jar returned status 404
8.7.2-jdk17-20240716			IOException: Tail request on https://maven-central.storage-download.googleapis.com/maven2/org/anyline/anyline-environment/8.7.2-jdk17-20240716/anyline-environment-8.7.2-jdk17-20240716.jar returned status 404
8.7.2-jdk17-20240717			IOException: Tail request on https://maven-central.storage-download.googleapis.com/maven2/org/anyline/anyline-environment/8.7.2-jdk17-20240717/anyline-environment-8.7.2-jdk17-20240717.jar returned status 404
8.7.2-jdk17-20240718			IOException: Tail request on https://maven-central.storage-download.googleapis.com/maven2/org/anyline/anyline-environment/8.7.2-jdk17-20240718/anyline-environment-8.7.2-jdk17-20240718.jar returned status 404
8.7.2-jdk17-20240719			IOException: Tail request on https://maven-central.storage-download.googleapis.com/maven2/org/anyline/anyline-environment/8.7.2-jdk17-20240719/anyline-environment-8.7.2-jdk17-20240719.jar returned status 404
8.7.2-jdk17-20240722			IOException: Tail request on https://maven-central.storage-download.googleapis.com/maven2/org/anyline/anyline-environment/8.7.2-jdk17-20240722/anyline-environment-8.7.2-jdk17-20240722.jar returned status 404
8.7.2-jdk17-20240725			IOException: Tail request on https://maven-central.storage-download.googleapis.com/maven2/org/anyline/anyline-environment/8.7.2-jdk17-20240725/anyline-environment-8.7.2-jdk17-20240725.jar returned status 404
8.7.2-jdk17-20240726			IOException: Tail request on https://maven-central.storage-download.googleapis.com/maven2/org/anyline/anyline-environment/8.7.2-jdk17-20240726/anyline-environment-8.7.2-jdk17-20240726.jar returned status 404
8.7.2-jdk17-20240727			IOException: Tail request on https://maven-central.storage-download.googleapis.com/maven2/org/anyline/anyline-environment/8.7.2-jdk17-20240727/anyline-environment-8.7.2-jdk17-20240727.jar returned status 404
8.7.2-jdk17-20240728			IOException: Tail request on https://maven-central.storage-download.googleapis.com/maven2/org/anyline/anyline-environment/8.7.2-jdk17-20240728/anyline-environment-8.7.2-jdk17-20240728.jar returned status 404
8.7.2-jdk17-20240730			IOException: Tail request on https://maven-central.storage-download.googleapis.com/maven2/org/anyline/anyline-environment/8.7.2-jdk17-20240730/anyline-environment-8.7.2-jdk17-20240730.jar returned status 404
8.7.2-jdk17-20240801			IOException: Tail request on https://maven-central.storage-download.googleapis.com/maven2/org/anyline/anyline-environment/8.7.2-jdk17-20240801/anyline-environment-8.7.2-jdk17-20240801.jar returned status 404
8.7.2-jdk17-20240805			IOException: Tail request on https://maven-central.storage-download.googleapis.com/maven2/org/anyline/anyline-environment/8.7.2-jdk17-20240805/anyline-environment-8.7.2-jdk17-20240805.jar returned status 404
8.7.2-jdk17-20240807			IOException: Tail request on https://maven-central.storage-download.googleapis.com/maven2/org/anyline/anyline-environment/8.7.2-jdk17-20240807/anyline-environment-8.7.2-jdk17-20240807.jar returned status 404
8.7.2-jdk17-20240808			IOException: Tail request on https://maven-central.storage-download.googleapis.com/maven2/org/anyline/anyline-environment/8.7.2-jdk17-20240808/anyline-environment-8.7.2-jdk17-20240808.jar returned status 404
8.7.2-jdk17-20240809			IOException: Tail request on https://maven-central.storage-download.googleapis.com/maven2/org/anyline/anyline-environment/8.7.2-jdk17-20240809/anyline-environment-8.7.2-jdk17-20240809.jar returned status 404
8.7.2-jdk17-20240815			IOException: Tail request on https://maven-central.storage-download.googleapis.com/maven2/org/anyline/anyline-environment/8.7.2-jdk17-20240815/anyline-environment-8.7.2-jdk17-20240815.jar returned status 404
8.7.2-jdk17-20240819			IOException: Tail request on https://maven-central.storage-download.googleapis.com/maven2/org/anyline/anyline-environment/8.7.2-jdk17-20240819/anyline-environment-8.7.2-jdk17-20240819.jar returned status 404
8.7.2-jdk17-20240827			IOException: Tail request on https://maven-central.storage-download.googleapis.com/maven2/org/anyline/anyline-environment/8.7.2-jdk17-20240827/anyline-environment-8.7.2-jdk17-20240827.jar returned status 404
8.7.2-jdk17-20240830			IOException: Tail request on https://maven-central.storage-download.googleapis.com/maven2/org/anyline/anyline-environment/8.7.2-jdk17-20240830/anyline-environment-8.7.2-jdk17-20240830.jar returned status 404
8.7.2-jdk17-20240902			IOException: Tail request on https://maven-central.storage-download.googleapis.com/maven2/org/anyline/anyline-environment/8.7.2-jdk17-20240902/anyline-environment-8.7.2-jdk17-20240902.jar returned status 404
8.7.2-jdk17-20240911			IOException: Tail request on https://maven-central.storage-download.googleapis.com/maven2/org/anyline/anyline-environment/8.7.2-jdk17-20240911/anyline-environment-8.7.2-jdk17-20240911.jar returned status 404
8.7.2-jdk17-20240912			IOException: Tail request on https://maven-central.storage-download.googleapis.com/maven2/org/anyline/anyline-environment/8.7.2-jdk17-20240912/anyline-environment-8.7.2-jdk17-20240912.jar returned status 404
8.7.2-jdk17-20240916			IOException: Tail request on https://maven-central.storage-download.googleapis.com/maven2/org/anyline/anyline-environment/8.7.2-jdk17-20240916/anyline-environment-8.7.2-jdk17-20240916.jar returned status 404
8.7.2-jdk17-20240917			IOException: Tail request on https://maven-central.storage-download.googleapis.com/maven2/org/anyline/anyline-environment/8.7.2-jdk17-20240917/anyline-environment-8.7.2-jdk17-20240917.jar returned status 404
8.7.2-jdk17-20240919			IOException: Tail request on https://maven-central.storage-download.googleapis.com/maven2/org/anyline/anyline-environment/8.7.2-jdk17-20240919/anyline-environment-8.7.2-jdk17-20240919.jar returned status 404
8.7.2-jdk17-20240920			IOException: Tail request on https://maven-central.storage-download.googleapis.com/maven2/org/anyline/anyline-environment/8.7.2-jdk17-20240920/anyline-environment-8.7.2-jdk17-20240920.jar returned status 404
8.7.2-jdk17-20240925			IOException: Tail request on https://maven-central.storage-download.googleapis.com/maven2/org/anyline/anyline-environment/8.7.2-jdk17-20240925/anyline-environment-8.7.2-jdk17-20240925.jar returned status 404
8.7.2-jdk17-20240930			IOException: Tail request on https://maven-central.storage-download.googleapis.com/maven2/org/anyline/anyline-environment/8.7.2-jdk17-20240930/anyline-environment-8.7.2-jdk17-20240930.jar returned status 404
8.7.2-jdk17-20241015			IOException: Tail request on https://maven-central.storage-download.googleapis.com/maven2/org/anyline/anyline-environment/8.7.2-jdk17-20241015/anyline-environment-8.7.2-jdk17-20241015.jar returned status 404
8.7.2-jdk17-20241022			IOException: Tail request on https://maven-central.storage-download.googleapis.com/maven2/org/anyline/anyline-environment/8.7.2-jdk17-20241022/anyline-environment-8.7.2-jdk17-20241022.jar returned status 404
8.7.2-jdk17-20241125			IOException: Tail request on https://maven-central.storage-download.googleapis.com/maven2/org/anyline/anyline-environment/8.7.2-jdk17-20241125/anyline-environment-8.7.2-jdk17-20241125.jar returned status 404
8.7.2-jdk17-20241231			IOException: Tail request on https://maven-central.storage-download.googleapis.com/maven2/org/anyline/anyline-environment/8.7.2-jdk17-20241231/anyline-environment-8.7.2-jdk17-20241231.jar returned status 404
8.7.2-jdk17-20250101			IOException: Tail request on https://maven-central.storage-download.googleapis.com/maven2/org/anyline/anyline-environment/8.7.2-jdk17-20250101/anyline-environment-8.7.2-jdk17-20250101.jar returned status 404
8.7.2-jdk17-20250102			IOException: Tail request on https://maven-central.storage-download.googleapis.com/maven2/org/anyline/anyline-environment/8.7.2-jdk17-20250102/anyline-environment-8.7.2-jdk17-20250102.jar returned status 404
8.7.2-jdk17-20250108			IOException: Tail request on https://maven-central.storage-download.googleapis.com/maven2/org/anyline/anyline-environment/8.7.2-jdk17-20250108/anyline-environment-8.7.2-jdk17-20250108.jar returned status 404
8.7.2-jdk17-20250109			IOException: Tail request on https://maven-central.storage-download.googleapis.com/maven2/org/anyline/anyline-environment/8.7.2-jdk17-20250109/anyline-environment-8.7.2-jdk17-20250109.jar returned status 404
8.7.2-jdk17-20250212			IOException: Tail request on https://maven-central.storage-download.googleapis.com/maven2/org/anyline/anyline-environment/8.7.2-jdk17-20250212/anyline-environment-8.7.2-jdk17-20250212.jar returned status 404
8.7.2-jdk17-20250312			IOException: Tail request on https://maven-central.storage-download.googleapis.com/maven2/org/anyline/anyline-environment/8.7.2-jdk17-20250312/anyline-environment-8.7.2-jdk17-20250312.jar returned status 404
8.7.2-jdk17-20250404			IOException: Tail request on https://maven-central.storage-download.googleapis.com/maven2/org/anyline/anyline-environment/8.7.2-jdk17-20250404/anyline-environment-8.7.2-jdk17-20250404.jar returned status 404
8.7.2-jdk17-20250502			IOException: Tail request on https://maven-central.storage-download.googleapis.com/maven2/org/anyline/anyline-environment/8.7.2-jdk17-20250502/anyline-environment-8.7.2-jdk17-20250502.jar returned status 404
8.7.2-jdk17-20250509			IOException: Tail request on https://maven-central.storage-download.googleapis.com/maven2/org/anyline/anyline-environment/8.7.2-jdk17-20250509/anyline-environment-8.7.2-jdk17-20250509.jar returned status 404
8.7.2-jdk17-20250515			IOException: Tail request on https://maven-central.storage-download.googleapis.com/maven2/org/anyline/anyline-environment/8.7.2-jdk17-20250515/anyline-environment-8.7.2-jdk17-20250515.jar returned status 404
8.7.2-jdk17-20250520			IOException: Tail request on https://maven-central.storage-download.googleapis.com/maven2/org/anyline/anyline-environment/8.7.2-jdk17-20250520/anyline-environment-8.7.2-jdk17-20250520.jar returned status 404
8.7.2-jdk17-20250603			IOException: Tail request on https://maven-central.storage-download.googleapis.com/maven2/org/anyline/anyline-environment/8.7.2-jdk17-20250603/anyline-environment-8.7.2-jdk17-20250603.jar returned status 404
8.7.2-jdk17-20250630			IOException: Tail request on https://maven-central.storage-download.googleapis.com/maven2/org/anyline/anyline-environment/8.7.2-jdk17-20250630/anyline-environment-8.7.2-jdk17-20250630.jar returned status 404
8.7.2-jdk17-20250715			IOException: Tail request on https://maven-central.storage-download.googleapis.com/maven2/org/anyline/anyline-environment/8.7.2-jdk17-20250715/anyline-environment-8.7.2-jdk17-20250715.jar returned status 404
8.7.2-jdk17-20250719			IOException: Tail request on https://maven-central.storage-download.googleapis.com/maven2/org/anyline/anyline-environment/8.7.2-jdk17-20250719/anyline-environment-8.7.2-jdk17-20250719.jar returned status 404
8.7.2-jdk17-20250722			IOException: Tail request on https://maven-central.storage-download.googleapis.com/maven2/org/anyline/anyline-environment/8.7.2-jdk17-20250722/anyline-environment-8.7.2-jdk17-20250722.jar returned status 404
8.7.2-jdk17-20250805			IOException: Tail request on https://maven-central.storage-download.googleapis.com/maven2/org/anyline/anyline-environment/8.7.2-jdk17-20250805/anyline-environment-8.7.2-jdk17-20250805.jar returned status 404
8.7.2-jdk17-20250806			IOException: Tail request on https://maven-central.storage-download.googleapis.com/maven2/org/anyline/anyline-environment/8.7.2-jdk17-20250806/anyline-environment-8.7.2-jdk17-20250806.jar returned status 404
8.7.2-jdk17-20250817			IOException: Tail request on https://maven-central.storage-download.googleapis.com/maven2/org/anyline/anyline-environment/8.7.2-jdk17-20250817/anyline-environment-8.7.2-jdk17-20250817.jar returned status 404
8.7.2-jdk17-20250818			IOException: Tail request on https://maven-central.storage-download.googleapis.com/maven2/org/anyline/anyline-environment/8.7.2-jdk17-20250818/anyline-environment-8.7.2-jdk17-20250818.jar returned status 404
8.7.2-jdk17-20250826			IOException: Tail request on https://maven-central.storage-download.googleapis.com/maven2/org/anyline/anyline-environment/8.7.2-jdk17-20250826/anyline-environment-8.7.2-jdk17-20250826.jar returned status 404
8.7.2-jdk17-20250827			IOException: Tail request on https://maven-central.storage-download.googleapis.com/maven2/org/anyline/anyline-environment/8.7.2-jdk17-20250827/anyline-environment-8.7.2-jdk17-20250827.jar returned status 404
8.7.2-jdk17-20250903			IOException: Tail request on https://maven-central.storage-download.googleapis.com/maven2/org/anyline/anyline-environment/8.7.2-jdk17-20250903/anyline-environment-8.7.2-jdk17-20250903.jar returned status 404
8.7.2-jdk17-20250916			IOException: Tail request on https://maven-central.storage-download.googleapis.com/maven2/org/anyline/anyline-environment/8.7.2-jdk17-20250916/anyline-environment-8.7.2-jdk17-20250916.jar returned status 404
8.7.2-jdk17-20250918			IOException: Tail request on https://maven-central.storage-download.googleapis.com/maven2/org/anyline/anyline-environment/8.7.2-jdk17-20250918/anyline-environment-8.7.2-jdk17-20250918.jar returned status 404
8.7.2-jdk21-20240501			IOException: Tail request on https://maven-central.storage-download.googleapis.com/maven2/org/anyline/anyline-environment/8.7.2-jdk21-20240501/anyline-environment-8.7.2-jdk21-20240501.jar returned status 404
8.7.2-jdk21-20240505			IOException: Tail request on https://maven-central.storage-download.googleapis.com/maven2/org/anyline/anyline-environment/8.7.2-jdk21-20240505/anyline-environment-8.7.2-jdk21-20240505.jar returned status 404
8.7.2-jdk21-20240506			IOException: Tail request on https://maven-central.storage-download.googleapis.com/maven2/org/anyline/anyline-environment/8.7.2-jdk21-20240506/anyline-environment-8.7.2-jdk21-20240506.jar returned status 404
8.7.2-jdk21-20240507			IOException: Tail request on https://maven-central.storage-download.googleapis.com/maven2/org/anyline/anyline-environment/8.7.2-jdk21-20240507/anyline-environment-8.7.2-jdk21-20240507.jar returned status 404
8.7.2-jdk21-20240508			IOException: Tail request on https://maven-central.storage-download.googleapis.com/maven2/org/anyline/anyline-environment/8.7.2-jdk21-20240508/anyline-environment-8.7.2-jdk21-20240508.jar returned status 404
8.7.2-jdk21-20240509			IOException: Tail request on https://maven-central.storage-download.googleapis.com/maven2/org/anyline/anyline-environment/8.7.2-jdk21-20240509/anyline-environment-8.7.2-jdk21-20240509.jar returned status 404
8.7.2-jdk21-20240511			IOException: Tail request on https://maven-central.storage-download.googleapis.com/maven2/org/anyline/anyline-environment/8.7.2-jdk21-20240511/anyline-environment-8.7.2-jdk21-20240511.jar returned status 404
8.7.2-jdk21-20240515			IOException: Tail request on https://maven-central.storage-download.googleapis.com/maven2/org/anyline/anyline-environment/8.7.2-jdk21-20240515/anyline-environment-8.7.2-jdk21-20240515.jar returned status 404
8.7.2-jdk21-20240516			IOException: Tail request on https://maven-central.storage-download.googleapis.com/maven2/org/anyline/anyline-environment/8.7.2-jdk21-20240516/anyline-environment-8.7.2-jdk21-20240516.jar returned status 404
8.7.2-jdk21-20240517			IOException: Tail request on https://maven-central.storage-download.googleapis.com/maven2/org/anyline/anyline-environment/8.7.2-jdk21-20240517/anyline-environment-8.7.2-jdk21-20240517.jar returned status 404
8.7.2-jdk21-20240518			IOException: Tail request on https://maven-central.storage-download.googleapis.com/maven2/org/anyline/anyline-environment/8.7.2-jdk21-20240518/anyline-environment-8.7.2-jdk21-20240518.jar returned status 404
8.7.2-jdk21-20240519			IOException: Tail request on https://maven-central.storage-download.googleapis.com/maven2/org/anyline/anyline-environment/8.7.2-jdk21-20240519/anyline-environment-8.7.2-jdk21-20240519.jar returned status 404
8.7.2-jdk21-20240520			IOException: Tail request on https://maven-central.storage-download.googleapis.com/maven2/org/anyline/anyline-environment/8.7.2-jdk21-20240520/anyline-environment-8.7.2-jdk21-20240520.jar returned status 404
8.7.2-jdk21-20240521			IOException: Tail request on https://maven-central.storage-download.googleapis.com/maven2/org/anyline/anyline-environment/8.7.2-jdk21-20240521/anyline-environment-8.7.2-jdk21-20240521.jar returned status 404
8.7.2-jdk21-20240522			IOException: Tail request on https://maven-central.storage-download.googleapis.com/maven2/org/anyline/anyline-environment/8.7.2-jdk21-20240522/anyline-environment-8.7.2-jdk21-20240522.jar returned status 404
8.7.2-jdk21-20240523			IOException: Tail request on https://maven-central.storage-download.googleapis.com/maven2/org/anyline/anyline-environment/8.7.2-jdk21-20240523/anyline-environment-8.7.2-jdk21-20240523.jar returned status 404
8.7.2-jdk21-20240525			IOException: Tail request on https://maven-central.storage-download.googleapis.com/maven2/org/anyline/anyline-environment/8.7.2-jdk21-20240525/anyline-environment-8.7.2-jdk21-20240525.jar returned status 404
8.7.2-jdk21-20240528			IOException: Tail request on https://maven-central.storage-download.googleapis.com/maven2/org/anyline/anyline-environment/8.7.2-jdk21-20240528/anyline-environment-8.7.2-jdk21-20240528.jar returned status 404
8.7.2-jdk21-20240530			IOException: Tail request on https://maven-central.storage-download.googleapis.com/maven2/org/anyline/anyline-environment/8.7.2-jdk21-20240530/anyline-environment-8.7.2-jdk21-20240530.jar returned status 404
8.7.2-jdk21-20240606			IOException: Tail request on https://maven-central.storage-download.googleapis.com/maven2/org/anyline/anyline-environment/8.7.2-jdk21-20240606/anyline-environment-8.7.2-jdk21-20240606.jar returned status 404
8.7.2-jdk21-20240607			IOException: Tail request on https://maven-central.storage-download.googleapis.com/maven2/org/anyline/anyline-environment/8.7.2-jdk21-20240607/anyline-environment-8.7.2-jdk21-20240607.jar returned status 404
8.7.2-jdk21-20240611			IOException: Tail request on https://maven-central.storage-download.googleapis.com/maven2/org/anyline/anyline-environment/8.7.2-jdk21-20240611/anyline-environment-8.7.2-jdk21-20240611.jar returned status 404
8.7.2-jdk21-20240612			IOException: Tail request on https://maven-central.storage-download.googleapis.com/maven2/org/anyline/anyline-environment/8.7.2-jdk21-20240612/anyline-environment-8.7.2-jdk21-20240612.jar returned status 404
8.7.2-jdk21-20240613			IOException: Tail request on https://maven-central.storage-download.googleapis.com/maven2/org/anyline/anyline-environment/8.7.2-jdk21-20240613/anyline-environment-8.7.2-jdk21-20240613.jar returned status 404
8.7.2-jdk21-20240616			IOException: Tail request on https://maven-central.storage-download.googleapis.com/maven2/org/anyline/anyline-environment/8.7.2-jdk21-20240616/anyline-environment-8.7.2-jdk21-20240616.jar returned status 404
8.7.2-jdk21-20240617			IOException: Tail request on https://maven-central.storage-download.googleapis.com/maven2/org/anyline/anyline-environment/8.7.2-jdk21-20240617/anyline-environment-8.7.2-jdk21-20240617.jar returned status 404
8.7.2-jdk21-20240618			IOException: Tail request on https://maven-central.storage-download.googleapis.com/maven2/org/anyline/anyline-environment/8.7.2-jdk21-20240618/anyline-environment-8.7.2-jdk21-20240618.jar returned status 404
8.7.2-jdk21-20240619			IOException: Tail request on https://maven-central.storage-download.googleapis.com/maven2/org/anyline/anyline-environment/8.7.2-jdk21-20240619/anyline-environment-8.7.2-jdk21-20240619.jar returned status 404
8.7.2-jdk21-20240621			IOException: Tail request on https://maven-central.storage-download.googleapis.com/maven2/org/anyline/anyline-environment/8.7.2-jdk21-20240621/anyline-environment-8.7.2-jdk21-20240621.jar returned status 404
8.7.2-jdk21-20240623			IOException: Tail request on https://maven-central.storage-download.googleapis.com/maven2/org/anyline/anyline-environment/8.7.2-jdk21-20240623/anyline-environment-8.7.2-jdk21-20240623.jar returned status 404
8.7.2-jdk21-20240626			IOException: Tail request on https://maven-central.storage-download.googleapis.com/maven2/org/anyline/anyline-environment/8.7.2-jdk21-20240626/anyline-environment-8.7.2-jdk21-20240626.jar returned status 404
8.7.2-jdk21-20240627			IOException: Tail request on https://maven-central.storage-download.googleapis.com/maven2/org/anyline/anyline-environment/8.7.2-jdk21-20240627/anyline-environment-8.7.2-jdk21-20240627.jar returned status 404
8.7.2-jdk21-20240701			IOException: Tail request on https://maven-central.storage-download.googleapis.com/maven2/org/anyline/anyline-environment/8.7.2-jdk21-20240701/anyline-environment-8.7.2-jdk21-20240701.jar returned status 404
8.7.2-jdk21-20240702			IOException: Tail request on https://maven-central.storage-download.googleapis.com/maven2/org/anyline/anyline-environment/8.7.2-jdk21-20240702/anyline-environment-8.7.2-jdk21-20240702.jar returned status 404
8.7.2-jdk21-20240705			IOException: Tail request on https://maven-central.storage-download.googleapis.com/maven2/org/anyline/anyline-environment/8.7.2-jdk21-20240705/anyline-environment-8.7.2-jdk21-20240705.jar returned status 404
8.7.2-jdk21-20240706			IOException: Tail request on https://maven-central.storage-download.googleapis.com/maven2/org/anyline/anyline-environment/8.7.2-jdk21-20240706/anyline-environment-8.7.2-jdk21-20240706.jar returned status 404
8.7.2-jdk21-20240707			IOException: Tail request on https://maven-central.storage-download.googleapis.com/maven2/org/anyline/anyline-environment/8.7.2-jdk21-20240707/anyline-environment-8.7.2-jdk21-20240707.jar returned status 404
8.7.2-jdk21-20240708			IOException: Tail request on https://maven-central.storage-download.googleapis.com/maven2/org/anyline/anyline-environment/8.7.2-jdk21-20240708/anyline-environment-8.7.2-jdk21-20240708.jar returned status 404
8.7.2-jdk21-20240709			IOException: Tail request on https://maven-central.storage-download.googleapis.com/maven2/org/anyline/anyline-environment/8.7.2-jdk21-20240709/anyline-environment-8.7.2-jdk21-20240709.jar returned status 404
8.7.2-jdk21-20240710			IOException: Tail request on https://maven-central.storage-download.googleapis.com/maven2/org/anyline/anyline-environment/8.7.2-jdk21-20240710/anyline-environment-8.7.2-jdk21-20240710.jar returned status 404
8.7.2-jdk21-20240712			IOException: Tail request on https://maven-central.storage-download.googleapis.com/maven2/org/anyline/anyline-environment/8.7.2-jdk21-20240712/anyline-environment-8.7.2-jdk21-20240712.jar returned status 404
8.7.2-jdk21-20240715			IOException: Tail request on https://maven-central.storage-download.googleapis.com/maven2/org/anyline/anyline-environment/8.7.2-jdk21-20240715/anyline-environment-8.7.2-jdk21-20240715.jar returned status 404
8.7.2-jdk21-20240716			IOException: Tail request on https://maven-central.storage-download.googleapis.com/maven2/org/anyline/anyline-environment/8.7.2-jdk21-20240716/anyline-environment-8.7.2-jdk21-20240716.jar returned status 404
8.7.2-jdk21-20240717			IOException: Tail request on https://maven-central.storage-download.googleapis.com/maven2/org/anyline/anyline-environment/8.7.2-jdk21-20240717/anyline-environment-8.7.2-jdk21-20240717.jar returned status 404
8.7.2-jdk21-20240718			IOException: Tail request on https://maven-central.storage-download.googleapis.com/maven2/org/anyline/anyline-environment/8.7.2-jdk21-20240718/anyline-environment-8.7.2-jdk21-20240718.jar returned status 404
8.7.2-jdk21-20240719			IOException: Tail request on https://maven-central.storage-download.googleapis.com/maven2/org/anyline/anyline-environment/8.7.2-jdk21-20240719/anyline-environment-8.7.2-jdk21-20240719.jar returned status 404
8.7.2-jdk21-20240720			IOException: Tail request on https://maven-central.storage-download.googleapis.com/maven2/org/anyline/anyline-environment/8.7.2-jdk21-20240720/anyline-environment-8.7.2-jdk21-20240720.jar returned status 404
8.7.2-jdk21-20240722			IOException: Tail request on https://maven-central.storage-download.googleapis.com/maven2/org/anyline/anyline-environment/8.7.2-jdk21-20240722/anyline-environment-8.7.2-jdk21-20240722.jar returned status 404
8.7.2-jdk21-20240726			IOException: Tail request on https://maven-central.storage-download.googleapis.com/maven2/org/anyline/anyline-environment/8.7.2-jdk21-20240726/anyline-environment-8.7.2-jdk21-20240726.jar returned status 404
8.7.2-jdk21-20240727			IOException: Tail request on https://maven-central.storage-download.googleapis.com/maven2/org/anyline/anyline-environment/8.7.2-jdk21-20240727/anyline-environment-8.7.2-jdk21-20240727.jar returned status 404
8.7.2-jdk21-20240728			IOException: Tail request on https://maven-central.storage-download.googleapis.com/maven2/org/anyline/anyline-environment/8.7.2-jdk21-20240728/anyline-environment-8.7.2-jdk21-20240728.jar returned status 404
8.7.2-jdk21-20240730			IOException: Tail request on https://maven-central.storage-download.googleapis.com/maven2/org/anyline/anyline-environment/8.7.2-jdk21-20240730/anyline-environment-8.7.2-jdk21-20240730.jar returned status 404
8.7.2-jdk21-20240801			IOException: Tail request on https://maven-central.storage-download.googleapis.com/maven2/org/anyline/anyline-environment/8.7.2-jdk21-20240801/anyline-environment-8.7.2-jdk21-20240801.jar returned status 404
8.7.2-jdk21-20240805			IOException: Tail request on https://maven-central.storage-download.googleapis.com/maven2/org/anyline/anyline-environment/8.7.2-jdk21-20240805/anyline-environment-8.7.2-jdk21-20240805.jar returned status 404
8.7.2-jdk21-20240807			IOException: Tail request on https://maven-central.storage-download.googleapis.com/maven2/org/anyline/anyline-environment/8.7.2-jdk21-20240807/anyline-environment-8.7.2-jdk21-20240807.jar returned status 404
8.7.2-jdk21-20240808			IOException: Tail request on https://maven-central.storage-download.googleapis.com/maven2/org/anyline/anyline-environment/8.7.2-jdk21-20240808/anyline-environment-8.7.2-jdk21-20240808.jar returned status 404
8.7.2-jdk21-20240809			IOException: Tail request on https://maven-central.storage-download.googleapis.com/maven2/org/anyline/anyline-environment/8.7.2-jdk21-20240809/anyline-environment-8.7.2-jdk21-20240809.jar returned status 404
8.7.2-jdk21-20240815			IOException: Tail request on https://maven-central.storage-download.googleapis.com/maven2/org/anyline/anyline-environment/8.7.2-jdk21-20240815/anyline-environment-8.7.2-jdk21-20240815.jar returned status 404
8.7.2-jdk21-20240819			IOException: Tail request on https://maven-central.storage-download.googleapis.com/maven2/org/anyline/anyline-environment/8.7.2-jdk21-20240819/anyline-environment-8.7.2-jdk21-20240819.jar returned status 404
8.7.2-jdk21-20240827			IOException: Tail request on https://maven-central.storage-download.googleapis.com/maven2/org/anyline/anyline-environment/8.7.2-jdk21-20240827/anyline-environment-8.7.2-jdk21-20240827.jar returned status 404
8.7.2-jdk21-20240902			IOException: Tail request on https://maven-central.storage-download.googleapis.com/maven2/org/anyline/anyline-environment/8.7.2-jdk21-20240902/anyline-environment-8.7.2-jdk21-20240902.jar returned status 404
8.7.2-jdk21-20240911			IOException: Tail request on https://maven-central.storage-download.googleapis.com/maven2/org/anyline/anyline-environment/8.7.2-jdk21-20240911/anyline-environment-8.7.2-jdk21-20240911.jar returned status 404
8.7.2-jdk21-20240912			IOException: Tail request on https://maven-central.storage-download.googleapis.com/maven2/org/anyline/anyline-environment/8.7.2-jdk21-20240912/anyline-environment-8.7.2-jdk21-20240912.jar returned status 404
8.7.2-jdk21-20240916			IOException: Tail request on https://maven-central.storage-download.googleapis.com/maven2/org/anyline/anyline-environment/8.7.2-jdk21-20240916/anyline-environment-8.7.2-jdk21-20240916.jar returned status 404
8.7.2-jdk21-20240925			IOException: Tail request on https://maven-central.storage-download.googleapis.com/maven2/org/anyline/anyline-environment/8.7.2-jdk21-20240925/anyline-environment-8.7.2-jdk21-20240925.jar returned status 404
8.7.2-jdk21-20240930			IOException: Tail request on https://maven-central.storage-download.googleapis.com/maven2/org/anyline/anyline-environment/8.7.2-jdk21-20240930/anyline-environment-8.7.2-jdk21-20240930.jar returned status 404
8.7.2-jdk21-20241009			IOException: Tail request on https://maven-central.storage-download.googleapis.com/maven2/org/anyline/anyline-environment/8.7.2-jdk21-20241009/anyline-environment-8.7.2-jdk21-20241009.jar returned status 404
8.7.2-jdk21-20241010			IOException: Tail request on https://maven-central.storage-download.googleapis.com/maven2/org/anyline/anyline-environment/8.7.2-jdk21-20241010/anyline-environment-8.7.2-jdk21-20241010.jar returned status 404
8.7.2-jdk21-20241015			IOException: Tail request on https://maven-central.storage-download.googleapis.com/maven2/org/anyline/anyline-environment/8.7.2-jdk21-20241015/anyline-environment-8.7.2-jdk21-20241015.jar returned status 404
8.7.2-jdk21-20241016			IOException: Tail request on https://maven-central.storage-download.googleapis.com/maven2/org/anyline/anyline-environment/8.7.2-jdk21-20241016/anyline-environment-8.7.2-jdk21-20241016.jar returned status 404
8.7.2-jdk21-20241018			IOException: Tail request on https://maven-central.storage-download.googleapis.com/maven2/org/anyline/anyline-environment/8.7.2-jdk21-20241018/anyline-environment-8.7.2-jdk21-20241018.jar returned status 404
8.7.2-jdk21-20241022			IOException: Tail request on https://maven-central.storage-download.googleapis.com/maven2/org/anyline/anyline-environment/8.7.2-jdk21-20241022/anyline-environment-8.7.2-jdk21-20241022.jar returned status 404
8.7.2-jdk21-20241025			IOException: Tail request on https://maven-central.storage-download.googleapis.com/maven2/org/anyline/anyline-environment/8.7.2-jdk21-20241025/anyline-environment-8.7.2-jdk21-20241025.jar returned status 404
8.7.2-jdk21-20241125			IOException: Tail request on https://maven-central.storage-download.googleapis.com/maven2/org/anyline/anyline-environment/8.7.2-jdk21-20241125/anyline-environment-8.7.2-jdk21-20241125.jar returned status 404
8.7.2-jdk21-20241203			IOException: Tail request on https://maven-central.storage-download.googleapis.com/maven2/org/anyline/anyline-environment/8.7.2-jdk21-20241203/anyline-environment-8.7.2-jdk21-20241203.jar returned status 404
8.7.2-jdk21-20241231			IOException: Tail request on https://maven-central.storage-download.googleapis.com/maven2/org/anyline/anyline-environment/8.7.2-jdk21-20241231/anyline-environment-8.7.2-jdk21-20241231.jar returned status 404
8.7.2-jdk21-20250101			IOException: Tail request on https://maven-central.storage-download.googleapis.com/maven2/org/anyline/anyline-environment/8.7.2-jdk21-20250101/anyline-environment-8.7.2-jdk21-20250101.jar returned status 404
8.7.2-jdk21-20250102			IOException: Tail request on https://maven-central.storage-download.googleapis.com/maven2/org/anyline/anyline-environment/8.7.2-jdk21-20250102/anyline-environment-8.7.2-jdk21-20250102.jar returned status 404
8.7.2-jdk21-20250108			IOException: Tail request on https://maven-central.storage-download.googleapis.com/maven2/org/anyline/anyline-environment/8.7.2-jdk21-20250108/anyline-environment-8.7.2-jdk21-20250108.jar returned status 404
8.7.2-jdk21-20250109			IOException: Tail request on https://maven-central.storage-download.googleapis.com/maven2/org/anyline/anyline-environment/8.7.2-jdk21-20250109/anyline-environment-8.7.2-jdk21-20250109.jar returned status 404
8.7.2-jdk21-20250212			IOException: Tail request on https://maven-central.storage-download.googleapis.com/maven2/org/anyline/anyline-environment/8.7.2-jdk21-20250212/anyline-environment-8.7.2-jdk21-20250212.jar returned status 404
8.7.2-jdk21-20250225			IOException: Tail request on https://maven-central.storage-download.googleapis.com/maven2/org/anyline/anyline-environment/8.7.2-jdk21-20250225/anyline-environment-8.7.2-jdk21-20250225.jar returned status 404
8.7.2-jdk21-20250312			IOException: Tail request on https://maven-central.storage-download.googleapis.com/maven2/org/anyline/anyline-environment/8.7.2-jdk21-20250312/anyline-environment-8.7.2-jdk21-20250312.jar returned status 404
8.7.2-jdk21-20250404			IOException: Tail request on https://maven-central.storage-download.googleapis.com/maven2/org/anyline/anyline-environment/8.7.2-jdk21-20250404/anyline-environment-8.7.2-jdk21-20250404.jar returned status 404
8.7.2-jdk21-20250502			IOException: Tail request on https://maven-central.storage-download.googleapis.com/maven2/org/anyline/anyline-environment/8.7.2-jdk21-20250502/anyline-environment-8.7.2-jdk21-20250502.jar returned status 404
8.7.2-jdk21-20250509			IOException: Tail request on https://maven-central.storage-download.googleapis.com/maven2/org/anyline/anyline-environment/8.7.2-jdk21-20250509/anyline-environment-8.7.2-jdk21-20250509.jar returned status 404
8.7.2-jdk21-20250515			IOException: Tail request on https://maven-central.storage-download.googleapis.com/maven2/org/anyline/anyline-environment/8.7.2-jdk21-20250515/anyline-environment-8.7.2-jdk21-20250515.jar returned status 404
8.7.2-jdk21-20250518			IOException: Tail request on https://maven-central.storage-download.googleapis.com/maven2/org/anyline/anyline-environment/8.7.2-jdk21-20250518/anyline-environment-8.7.2-jdk21-20250518.jar returned status 404
8.7.2-jdk21-20250520			IOException: Tail request on https://maven-central.storage-download.googleapis.com/maven2/org/anyline/anyline-environment/8.7.2-jdk21-20250520/anyline-environment-8.7.2-jdk21-20250520.jar returned status 404
8.7.2-jdk21-20250603			IOException: Tail request on https://maven-central.storage-download.googleapis.com/maven2/org/anyline/anyline-environment/8.7.2-jdk21-20250603/anyline-environment-8.7.2-jdk21-20250603.jar returned status 404
8.7.2-jdk21-20250630			IOException: Tail request on https://maven-central.storage-download.googleapis.com/maven2/org/anyline/anyline-environment/8.7.2-jdk21-20250630/anyline-environment-8.7.2-jdk21-20250630.jar returned status 404
8.7.2-jdk21-20250715			IOException: Tail request on https://maven-central.storage-download.googleapis.com/maven2/org/anyline/anyline-environment/8.7.2-jdk21-20250715/anyline-environment-8.7.2-jdk21-20250715.jar returned status 404
8.7.2-jdk21-20250719			IOException: Tail request on https://maven-central.storage-download.googleapis.com/maven2/org/anyline/anyline-environment/8.7.2-jdk21-20250719/anyline-environment-8.7.2-jdk21-20250719.jar returned status 404
8.7.2-jdk21-20250722			IOException: Tail request on https://maven-central.storage-download.googleapis.com/maven2/org/anyline/anyline-environment/8.7.2-jdk21-20250722/anyline-environment-8.7.2-jdk21-20250722.jar returned status 404
8.7.2-jdk21-20250805			IOException: Tail request on https://maven-central.storage-download.googleapis.com/maven2/org/anyline/anyline-environment/8.7.2-jdk21-20250805/anyline-environment-8.7.2-jdk21-20250805.jar returned status 404
8.7.2-jdk21-20250806			IOException: Tail request on https://maven-central.storage-download.googleapis.com/maven2/org/anyline/anyline-environment/8.7.2-jdk21-20250806/anyline-environment-8.7.2-jdk21-20250806.jar returned status 404
8.7.2-jdk21-20250817			IOException: Tail request on https://maven-central.storage-download.googleapis.com/maven2/org/anyline/anyline-environment/8.7.2-jdk21-20250817/anyline-environment-8.7.2-jdk21-20250817.jar returned status 404
8.7.2-jdk21-20250818			IOException: Tail request on https://maven-central.storage-download.googleapis.com/maven2/org/anyline/anyline-environment/8.7.2-jdk21-20250818/anyline-environment-8.7.2-jdk21-20250818.jar returned status 404
8.7.2-jdk21-20250826			IOException: Tail request on https://maven-central.storage-download.googleapis.com/maven2/org/anyline/anyline-environment/8.7.2-jdk21-20250826/anyline-environment-8.7.2-jdk21-20250826.jar returned status 404
8.7.2-jdk21-20250827			IOException: Tail request on https://maven-central.storage-download.googleapis.com/maven2/org/anyline/anyline-environment/8.7.2-jdk21-20250827/anyline-environment-8.7.2-jdk21-20250827.jar returned status 404
8.7.2-jdk21-20250903			IOException: Tail request on https://maven-central.storage-download.googleapis.com/maven2/org/anyline/anyline-environment/8.7.2-jdk21-20250903/anyline-environment-8.7.2-jdk21-20250903.jar returned status 404
8.7.2-jdk21-20250916			IOException: Tail request on https://maven-central.storage-download.googleapis.com/maven2/org/anyline/anyline-environment/8.7.2-jdk21-20250916/anyline-environment-8.7.2-jdk21-20250916.jar returned status 404
8.7.2-jdk21-20250918			IOException: Tail request on https://maven-central.storage-download.googleapis.com/maven2/org/anyline/anyline-environment/8.7.2-jdk21-20250918/anyline-environment-8.7.2-jdk21-20250918.jar returned status 404
8.7.3-20251011			IOException: Tail request on https://maven-central.storage-download.googleapis.com/maven2/org/anyline/anyline-environment/8.7.3-20251011/anyline-environment-8.7.3-20251011.jar returned status 404
8.7.3-20251022			IOException: Tail request on https://maven-central.storage-download.googleapis.com/maven2/org/anyline/anyline-environment/8.7.3-20251022/anyline-environment-8.7.3-20251022.jar returned status 404
8.7.3-20251115			IOException: Tail request on https://maven-central.storage-download.googleapis.com/maven2/org/anyline/anyline-environment/8.7.3-20251115/anyline-environment-8.7.3-20251115.jar returned status 404
8.7.3-20251120			IOException: Tail request on https://maven-central.storage-download.googleapis.com/maven2/org/anyline/anyline-environment/8.7.3-20251120/anyline-environment-8.7.3-20251120.jar returned status 404
8.7.3-20251206			IOException: Tail request on https://maven-central.storage-download.googleapis.com/maven2/org/anyline/anyline-environment/8.7.3-20251206/anyline-environment-8.7.3-20251206.jar returned status 404
8.7.3-20251210			IOException: Tail request on https://maven-central.storage-download.googleapis.com/maven2/org/anyline/anyline-environment/8.7.3-20251210/anyline-environment-8.7.3-20251210.jar returned status 404
8.7.3-20251225			IOException: Tail request on https://maven-central.storage-download.googleapis.com/maven2/org/anyline/anyline-environment/8.7.3-20251225/anyline-environment-8.7.3-20251225.jar returned status 404
8.7.3-20260101			IOException: Tail request on https://maven-central.storage-download.googleapis.com/maven2/org/anyline/anyline-environment/8.7.3-20260101/anyline-environment-8.7.3-20260101.jar returned status 404
8.7.3-20260202			IOException: Tail request on https://maven-central.storage-download.googleapis.com/maven2/org/anyline/anyline-environment/8.7.3-20260202/anyline-environment-8.7.3-20260202.jar returned status 404
8.7.3-20260306			IOException: Tail request on https://maven-central.storage-download.googleapis.com/maven2/org/anyline/anyline-environment/8.7.3-20260306/anyline-environment-8.7.3-20260306.jar returned status 404
8.7.3-20260319			IOException: Tail request on https://maven-central.storage-download.googleapis.com/maven2/org/anyline/anyline-environment/8.7.3-20260319/anyline-environment-8.7.3-20260319.jar returned status 404
8.7.3-20260501			IOException: Tail request on https://maven-central.storage-download.googleapis.com/maven2/org/anyline/anyline-environment/8.7.3-20260501/anyline-environment-8.7.3-20260501.jar returned status 404
8.7.3-jdk11-20251011			IOException: Tail request on https://maven-central.storage-download.googleapis.com/maven2/org/anyline/anyline-environment/8.7.3-jdk11-20251011/anyline-environment-8.7.3-jdk11-20251011.jar returned status 404
8.7.3-jdk11-20251022			IOException: Tail request on https://maven-central.storage-download.googleapis.com/maven2/org/anyline/anyline-environment/8.7.3-jdk11-20251022/anyline-environment-8.7.3-jdk11-20251022.jar returned status 404
8.7.3-jdk11-20251115			IOException: Tail request on https://maven-central.storage-download.googleapis.com/maven2/org/anyline/anyline-environment/8.7.3-jdk11-20251115/anyline-environment-8.7.3-jdk11-20251115.jar returned status 404
8.7.3-jdk11-20251120			IOException: Tail request on https://maven-central.storage-download.googleapis.com/maven2/org/anyline/anyline-environment/8.7.3-jdk11-20251120/anyline-environment-8.7.3-jdk11-20251120.jar returned status 404
8.7.3-jdk11-20251206			IOException: Tail request on https://maven-central.storage-download.googleapis.com/maven2/org/anyline/anyline-environment/8.7.3-jdk11-20251206/anyline-environment-8.7.3-jdk11-20251206.jar returned status 404
8.7.3-jdk11-20251210			IOException: Tail request on https://maven-central.storage-download.googleapis.com/maven2/org/anyline/anyline-environment/8.7.3-jdk11-20251210/anyline-environment-8.7.3-jdk11-20251210.jar returned status 404
8.7.3-jdk11-20251225			IOException: Tail request on https://maven-central.storage-download.googleapis.com/maven2/org/anyline/anyline-environment/8.7.3-jdk11-20251225/anyline-environment-8.7.3-jdk11-20251225.jar returned status 404
8.7.3-jdk11-20260202			IOException: Tail request on https://maven-central.storage-download.googleapis.com/maven2/org/anyline/anyline-environment/8.7.3-jdk11-20260202/anyline-environment-8.7.3-jdk11-20260202.jar returned status 404
8.7.3-jdk11-20260306			IOException: Tail request on https://maven-central.storage-download.googleapis.com/maven2/org/anyline/anyline-environment/8.7.3-jdk11-20260306/anyline-environment-8.7.3-jdk11-20260306.jar returned status 404
8.7.3-jdk11-20260319			IOException: Tail request on https://maven-central.storage-download.googleapis.com/maven2/org/anyline/anyline-environment/8.7.3-jdk11-20260319/anyline-environment-8.7.3-jdk11-20260319.jar returned status 404
8.7.3-jdk11-20260501			IOException: Tail request on https://maven-central.storage-download.googleapis.com/maven2/org/anyline/anyline-environment/8.7.3-jdk11-20260501/anyline-environment-8.7.3-jdk11-20260501.jar returned status 404
8.7.3-jdk17-20251011			IOException: Tail request on https://maven-central.storage-download.googleapis.com/maven2/org/anyline/anyline-environment/8.7.3-jdk17-20251011/anyline-environment-8.7.3-jdk17-20251011.jar returned status 404
8.7.3-jdk17-20251022			IOException: Tail request on https://maven-central.storage-download.googleapis.com/maven2/org/anyline/anyline-environment/8.7.3-jdk17-20251022/anyline-environment-8.7.3-jdk17-20251022.jar returned status 404
8.7.3-jdk17-20251115			IOException: Tail request on https://maven-central.storage-download.googleapis.com/maven2/org/anyline/anyline-environment/8.7.3-jdk17-20251115/anyline-environment-8.7.3-jdk17-20251115.jar returned status 404
8.7.3-jdk17-20251120			IOException: Tail request on https://maven-central.storage-download.googleapis.com/maven2/org/anyline/anyline-environment/8.7.3-jdk17-20251120/anyline-environment-8.7.3-jdk17-20251120.jar returned status 404
8.7.3-jdk17-20251206			IOException: Tail request on https://maven-central.storage-download.googleapis.com/maven2/org/anyline/anyline-environment/8.7.3-jdk17-20251206/anyline-environment-8.7.3-jdk17-20251206.jar returned status 404
8.7.3-jdk17-20251210			IOException: Tail request on https://maven-central.storage-download.googleapis.com/maven2/org/anyline/anyline-environment/8.7.3-jdk17-20251210/anyline-environment-8.7.3-jdk17-20251210.jar returned status 404
8.7.3-jdk17-20251225			IOException: Tail request on https://maven-central.storage-download.googleapis.com/maven2/org/anyline/anyline-environment/8.7.3-jdk17-20251225/anyline-environment-8.7.3-jdk17-20251225.jar returned status 404
8.7.3-jdk17-20260101			IOException: Tail request on https://maven-central.storage-download.googleapis.com/maven2/org/anyline/anyline-environment/8.7.3-jdk17-20260101/anyline-environment-8.7.3-jdk17-20260101.jar returned status 404
8.7.3-jdk17-20260202			IOException: Tail request on https://maven-central.storage-download.googleapis.com/maven2/org/anyline/anyline-environment/8.7.3-jdk17-20260202/anyline-environment-8.7.3-jdk17-20260202.jar returned status 404
8.7.3-jdk17-20260306			IOException: Tail request on https://maven-central.storage-download.googleapis.com/maven2/org/anyline/anyline-environment/8.7.3-jdk17-20260306/anyline-environment-8.7.3-jdk17-20260306.jar returned status 404
8.7.3-jdk17-20260319			IOException: Tail request on https://maven-central.storage-download.googleapis.com/maven2/org/anyline/anyline-environment/8.7.3-jdk17-20260319/anyline-environment-8.7.3-jdk17-20260319.jar returned status 404
8.7.3-jdk17-20260501			IOException: Tail request on https://maven-central.storage-download.googleapis.com/maven2/org/anyline/anyline-environment/8.7.3-jdk17-20260501/anyline-environment-8.7.3-jdk17-20260501.jar returned status 404
8.7.3-jdk21-20251011			IOException: Tail request on https://maven-central.storage-download.googleapis.com/maven2/org/anyline/anyline-environment/8.7.3-jdk21-20251011/anyline-environment-8.7.3-jdk21-20251011.jar returned status 404
8.7.3-jdk21-20251022			IOException: Tail request on https://maven-central.storage-download.googleapis.com/maven2/org/anyline/anyline-environment/8.7.3-jdk21-20251022/anyline-environment-8.7.3-jdk21-20251022.jar returned status 404
8.7.3-jdk21-20251115			IOException: Tail request on https://maven-central.storage-download.googleapis.com/maven2/org/anyline/anyline-environment/8.7.3-jdk21-20251115/anyline-environment-8.7.3-jdk21-20251115.jar returned status 404
8.7.3-jdk21-20251120			IOException: Tail request on https://maven-central.storage-download.googleapis.com/maven2/org/anyline/anyline-environment/8.7.3-jdk21-20251120/anyline-environment-8.7.3-jdk21-20251120.jar returned status 404
8.7.3-jdk21-20251206			IOException: Tail request on https://maven-central.storage-download.googleapis.com/maven2/org/anyline/anyline-environment/8.7.3-jdk21-20251206/anyline-environment-8.7.3-jdk21-20251206.jar returned status 404
8.7.3-jdk21-20251210			IOException: Tail request on https://maven-central.storage-download.googleapis.com/maven2/org/anyline/anyline-environment/8.7.3-jdk21-20251210/anyline-environment-8.7.3-jdk21-20251210.jar returned status 404
8.7.3-jdk21-20251225			IOException: Tail request on https://maven-central.storage-download.googleapis.com/maven2/org/anyline/anyline-environment/8.7.3-jdk21-20251225/anyline-environment-8.7.3-jdk21-20251225.jar returned status 404
8.7.3-jdk21-20260101			IOException: Tail request on https://maven-central.storage-download.googleapis.com/maven2/org/anyline/anyline-environment/8.7.3-jdk21-20260101/anyline-environment-8.7.3-jdk21-20260101.jar returned status 404
8.7.3-jdk21-20260202			IOException: Tail request on https://maven-central.storage-download.googleapis.com/maven2/org/anyline/anyline-environment/8.7.3-jdk21-20260202/anyline-environment-8.7.3-jdk21-20260202.jar returned status 404
8.7.3-jdk21-20260306			IOException: Tail request on https://maven-central.storage-download.googleapis.com/maven2/org/anyline/anyline-environment/8.7.3-jdk21-20260306/anyline-environment-8.7.3-jdk21-20260306.jar returned status 404
8.7.3-jdk21-20260319			IOException: Tail request on https://maven-central.storage-download.googleapis.com/maven2/org/anyline/anyline-environment/8.7.3-jdk21-20260319/anyline-environment-8.7.3-jdk21-20260319.jar returned status 404
8.7.3-jdk21-20260501			IOException: Tail request on https://maven-central.storage-download.googleapis.com/maven2/org/anyline/anyline-environment/8.7.3-jdk21-20260501/anyline-environment-8.7.3-jdk21-20260501.jar returned status 404
8.7.3-jdk21-boot4-20251225			IOException: Tail request on https://maven-central.storage-download.googleapis.com/maven2/org/anyline/anyline-environment/8.7.3-jdk21-boot4-20251225/anyline-environment-8.7.3-jdk21-boot4-20251225.jar returned status 404
8.7.3-jdk21-boot4-20260101			IOException: Tail request on https://maven-central.storage-download.googleapis.com/maven2/org/anyline/anyline-environment/8.7.3-jdk21-boot4-20260101/anyline-environment-8.7.3-jdk21-boot4-20260101.jar returned status 404
8.7.3-jdk21-boot4-20260202			IOException: Tail request on https://maven-central.storage-download.googleapis.com/maven2/org/anyline/anyline-environment/8.7.3-jdk21-boot4-20260202/anyline-environment-8.7.3-jdk21-boot4-20260202.jar returned status 404
8.7.3-jdk21-boot4-20260306			IOException: Tail request on https://maven-central.storage-download.googleapis.com/maven2/org/anyline/anyline-environment/8.7.3-jdk21-boot4-20260306/anyline-environment-8.7.3-jdk21-boot4-20260306.jar returned status 404
8.7.3-jdk21-boot4-20260318			IOException: Tail request on https://maven-central.storage-download.googleapis.com/maven2/org/anyline/anyline-environment/8.7.3-jdk21-boot4-20260318/anyline-environment-8.7.3-jdk21-boot4-20260318.jar returned status 404
8.7.3-jdk21-boot4-20260319			IOException: Tail request on https://maven-central.storage-download.googleapis.com/maven2/org/anyline/anyline-environment/8.7.3-jdk21-boot4-20260319/anyline-environment-8.7.3-jdk21-boot4-20260319.jar returned status 404
8.7.3-jdk21-boot4-20260501			IOException: Tail request on https://maven-central.storage-download.googleapis.com/maven2/org/anyline/anyline-environment/8.7.3-jdk21-boot4-20260501/anyline-environment-8.7.3-jdk21-boot4-20260501.jar returned status 404
8.7.5-20260507			IOException: Tail request on https://maven-central.storage-download.googleapis.com/maven2/org/anyline/anyline-environment/8.7.5-20260507/anyline-environment-8.7.5-20260507.jar returned status 404
8.7.5-20260601		2026-06-01T10:41:27Z	IOException: Tail request on https://maven-central.storage-download.googleapis.com/maven2/org/anyline/anyline-environment/8.7.5-20260601/anyline-environment-8.7.5-20260601.jar returned status 404
8.7.5-20260605		2026-06-05T01:53:23Z	IOException: Tail request on https://maven-central.storage-download.googleapis.com/maven2/org/anyline/anyline-environment/8.7.5-20260605/anyline-environment-8.7.5-20260605.jar returned status 404
8.7.5-20260611		2026-06-11T09:10:57Z	IOException: Tail request on https://maven-central.storage-download.googleapis.com/maven2/org/anyline/anyline-environment/8.7.5-20260611/anyline-environment-8.7.5-20260611.jar returned status 404
8.7.5-20260618		2026-06-18T13:44:59Z	IOException: Tail request on https://maven-central.storage-download.googleapis.com/maven2/org/anyline/anyline-environment/8.7.5-20260618/anyline-environment-8.7.5-20260618.jar returned status 404
8.7.5-20260703		2026-07-03T14:54:07Z	IOException: Tail request on https://maven-central.storage-download.googleapis.com/maven2/org/anyline/anyline-environment/8.7.5-20260703/anyline-environment-8.7.5-20260703.jar returned status 404
8.7.5-20260707			IOException: Tail request on https://maven-central.storage-download.googleapis.com/maven2/org/anyline/anyline-environment/8.7.5-20260707/anyline-environment-8.7.5-20260707.jar returned status 404
8.7.5-20260715			IOException: Tail request on https://maven-central.storage-download.googleapis.com/maven2/org/anyline/anyline-environment/8.7.5-20260715/anyline-environment-8.7.5-20260715.jar returned status 404
8.7.5-20260721			IOException: Tail request on https://maven-central.storage-download.googleapis.com/maven2/org/anyline/anyline-environment/8.7.5-20260721/anyline-environment-8.7.5-20260721.jar returned status 404
8.7.5-20260730			IOException: Tail request on https://maven-central.storage-download.googleapis.com/maven2/org/anyline/anyline-environment/8.7.5-20260730/anyline-environment-8.7.5-20260730.jar returned status 404
8.7.5-20260805		2026-08-05T04:31:11Z	IOException: Tail request on https://maven-central.storage-download.googleapis.com/maven2/org/anyline/anyline-environment/8.7.5-20260805/anyline-environment-8.7.5-20260805.jar returned status 404
8.7.5-jdk11-20260507			IOException: Tail request on https://maven-central.storage-download.googleapis.com/maven2/org/anyline/anyline-environment/8.7.5-jdk11-20260507/anyline-environment-8.7.5-jdk11-20260507.jar returned status 404
8.7.5-jdk11-20260601		2026-06-01T11:06:45Z	IOException: Tail request on https://maven-central.storage-download.googleapis.com/maven2/org/anyline/anyline-environment/8.7.5-jdk11-20260601/anyline-environment-8.7.5-jdk11-20260601.jar returned status 404
8.7.5-jdk11-20260605		2026-06-05T02:11:11Z	IOException: Tail request on https://maven-central.storage-download.googleapis.com/maven2/org/anyline/anyline-environment/8.7.5-jdk11-20260605/anyline-environment-8.7.5-jdk11-20260605.jar returned status 404
8.7.5-jdk11-20260618		2026-06-18T14:24:44Z	IOException: Tail request on https://maven-central.storage-download.googleapis.com/maven2/org/anyline/anyline-environment/8.7.5-jdk11-20260618/anyline-environment-8.7.5-jdk11-20260618.jar returned status 404
8.7.5-jdk11-20260707			IOException: Tail request on https://maven-central.storage-download.googleapis.com/maven2/org/anyline/anyline-environment/8.7.5-jdk11-20260707/anyline-environment-8.7.5-jdk11-20260707.jar returned status 404
8.7.5-jdk11-20260715			IOException: Tail request on https://maven-central.storage-download.googleapis.com/maven2/org/anyline/anyline-environment/8.7.5-jdk11-20260715/anyline-environment-8.7.5-jdk11-20260715.jar returned status 404
8.7.5-jdk11-20260721			IOException: Tail request on https://maven-central.storage-download.googleapis.com/maven2/org/anyline/anyline-environment/8.7.5-jdk11-20260721/anyline-environment-8.7.5-jdk11-20260721.jar returned status 404
8.7.5-jdk11-20260730			IOException: Tail request on https://maven-central.storage-download.googleapis.com/maven2/org/anyline/anyline-environment/8.7.5-jdk11-20260730/anyline-environment-8.7.5-jdk11-20260730.jar returned status 404
8.7.5-jdk11-20260805		2026-08-05T05:12:21Z	IOException: Tail request on https://maven-central.storage-download.googleapis.com/maven2/org/anyline/anyline-environment/8.7.5-jdk11-20260805/anyline-environment-8.7.5-jdk11-20260805.jar returned status 404
8.7.5-jdk17-20260507			IOException: Tail request on https://maven-central.storage-download.googleapis.com/maven2/org/anyline/anyline-environment/8.7.5-jdk17-20260507/anyline-environment-8.7.5-jdk17-20260507.jar returned status 404
8.7.5-jdk17-20260601		2026-06-01T11:01:38Z	IOException: Tail request on https://maven-central.storage-download.googleapis.com/maven2/org/anyline/anyline-environment/8.7.5-jdk17-20260601/anyline-environment-8.7.5-jdk17-20260601.jar returned status 404
8.7.5-jdk17-20260605		2026-06-05T02:12:26Z	IOException: Tail request on https://maven-central.storage-download.googleapis.com/maven2/org/anyline/anyline-environment/8.7.5-jdk17-20260605/anyline-environment-8.7.5-jdk17-20260605.jar returned status 404
8.7.5-jdk17-20260618		2026-06-18T14:28:23Z	IOException: Tail request on https://maven-central.storage-download.googleapis.com/maven2/org/anyline/anyline-environment/8.7.5-jdk17-20260618/anyline-environment-8.7.5-jdk17-20260618.jar returned status 404
8.7.5-jdk17-20260707			IOException: Tail request on https://maven-central.storage-download.googleapis.com/maven2/org/anyline/anyline-environment/8.7.5-jdk17-20260707/anyline-environment-8.7.5-jdk17-20260707.jar returned status 404
8.7.5-jdk17-20260715			IOException: Tail request on https://maven-central.storage-download.googleapis.com/maven2/org/anyline/anyline-environment/8.7.5-jdk17-20260715/anyline-environment-8.7.5-jdk17-20260715.jar returned status 404
8.7.5-jdk17-20260721			IOException: Tail request on https://maven-central.storage-download.googleapis.com/maven2/org/anyline/anyline-environment/8.7.5-jdk17-20260721/anyline-environment-8.7.5-jdk17-20260721.jar returned status 404
8.7.5-jdk17-20260730			IOException: Tail request on https://maven-central.storage-download.googleapis.com/maven2/org/anyline/anyline-environment/8.7.5-jdk17-20260730/anyline-environment-8.7.5-jdk17-20260730.jar returned status 404
8.7.5-jdk17-20260805		2026-08-05T04:54:27Z	IOException: Tail request on https://maven-central.storage-download.googleapis.com/maven2/org/anyline/anyline-environment/8.7.5-jdk17-20260805/anyline-environment-8.7.5-jdk17-20260805.jar returned status 404
8.7.5-jdk21-20260507			IOException: Tail request on https://maven-central.storage-download.googleapis.com/maven2/org/anyline/anyline-environment/8.7.5-jdk21-20260507/anyline-environment-8.7.5-jdk21-20260507.jar returned status 404
8.7.5-jdk21-20260601		2026-06-01T10:55:02Z	IOException: Tail request on https://maven-central.storage-download.googleapis.com/maven2/org/anyline/anyline-environment/8.7.5-jdk21-20260601/anyline-environment-8.7.5-jdk21-20260601.jar returned status 404
8.7.5-jdk21-20260605		2026-06-05T02:36:40Z	IOException: Tail request on https://maven-central.storage-download.googleapis.com/maven2/org/anyline/anyline-environment/8.7.5-jdk21-20260605/anyline-environment-8.7.5-jdk21-20260605.jar returned status 404
8.7.5-jdk21-20260618		2026-06-18T14:16:15Z	IOException: Tail request on https://maven-central.storage-download.googleapis.com/maven2/org/anyline/anyline-environment/8.7.5-jdk21-20260618/anyline-environment-8.7.5-jdk21-20260618.jar returned status 404
8.7.5-jdk21-20260707			IOException: Tail request on https://maven-central.storage-download.googleapis.com/maven2/org/anyline/anyline-environment/8.7.5-jdk21-20260707/anyline-environment-8.7.5-jdk21-20260707.jar returned status 404
8.7.5-jdk21-20260715			IOException: Tail request on https://maven-central.storage-download.googleapis.com/maven2/org/anyline/anyline-environment/8.7.5-jdk21-20260715/anyline-environment-8.7.5-jdk21-20260715.jar returned status 404
8.7.5-jdk21-20260721			IOException: Tail request on https://maven-central.storage-download.googleapis.com/maven2/org/anyline/anyline-environment/8.7.5-jdk21-20260721/anyline-environment-8.7.5-jdk21-20260721.jar returned status 404
8.7.5-jdk21-20260730			IOException: Tail request on https://maven-central.storage-download.googleapis.com/maven2/org/anyline/anyline-environment/8.7.5-jdk21-20260730/anyline-environment-8.7.5-jdk21-20260730.jar returned status 404
8.7.5-jdk21-20260805		2026-08-05T04:48:47Z	IOException: Tail request on https://maven-central.storage-download.googleapis.com/maven2/org/anyline/anyline-environment/8.7.5-jdk21-20260805/anyline-environment-8.7.5-jdk21-20260805.jar returned status 404
8.7.5-jdk21-boot4-20260507			IOException: Tail request on https://maven-central.storage-download.googleapis.com/maven2/org/anyline/anyline-environment/8.7.5-jdk21-boot4-20260507/anyline-environment-8.7.5-jdk21-boot4-20260507.jar returned status 404
8.7.5-jdk21-boot4-20260601		2026-06-01T10:49:31Z	IOException: Tail request on https://maven-central.storage-download.googleapis.com/maven2/org/anyline/anyline-environment/8.7.5-jdk21-boot4-20260601/anyline-environment-8.7.5-jdk21-boot4-20260601.jar returned status 404
8.7.5-jdk21-boot4-20260605		2026-06-05T02:03:29Z	IOException: Tail request on https://maven-central.storage-download.googleapis.com/maven2/org/anyline/anyline-environment/8.7.5-jdk21-boot4-20260605/anyline-environment-8.7.5-jdk21-boot4-20260605.jar returned status 404
8.7.5-jdk21-boot4-20260607		2026-06-07T02:50:18Z	IOException: Tail request on https://maven-central.storage-download.googleapis.com/maven2/org/anyline/anyline-environment/8.7.5-jdk21-boot4-20260607/anyline-environment-8.7.5-jdk21-boot4-20260607.jar returned status 404
8.7.5-jdk21-boot4-20260608		2026-06-07T05:46:02Z	IOException: Tail request on https://maven-central.storage-download.googleapis.com/maven2/org/anyline/anyline-environment/8.7.5-jdk21-boot4-20260608/anyline-environment-8.7.5-jdk21-boot4-20260608.jar returned status 404
8.7.5-jdk21-boot4-20260618		2026-06-18T14:59:18Z	IOException: Tail request on https://maven-central.storage-download.googleapis.com/maven2/org/anyline/anyline-environment/8.7.5-jdk21-boot4-20260618/anyline-environment-8.7.5-jdk21-boot4-20260618.jar returned status 404
8.7.5-jdk21-boot4-20260707			IOException: Tail request on https://maven-central.storage-download.googleapis.com/maven2/org/anyline/anyline-environment/8.7.5-jdk21-boot4-20260707/anyline-environment-8.7.5-jdk21-boot4-20260707.jar returned status 404
8.7.5-jdk21-boot4-20260715			IOException: Tail request on https://maven-central.storage-download.googleapis.com/maven2/org/anyline/anyline-environment/8.7.5-jdk21-boot4-20260715/anyline-environment-8.7.5-jdk21-boot4-20260715.jar returned status 404
8.7.5-jdk21-boot4-20260721			IOException: Tail request on https://maven-central.storage-download.googleapis.com/maven2/org/anyline/anyline-environment/8.7.5-jdk21-boot4-20260721/anyline-environment-8.7.5-jdk21-boot4-20260721.jar returned status 404
8.7.5-jdk21-boot4-20260730			IOException: Tail request on https://maven-central.storage-download.googleapis.com/maven2/org/anyline/anyline-environment/8.7.5-jdk21-boot4-20260730/anyline-environment-8.7.5-jdk21-boot4-20260730.jar returned status 404
8.7.5-jdk21-boot4-20260805		2026-08-05T04:37:59Z	IOException: Tail request on https://maven-central.storage-download.googleapis.com/maven2/org/anyline/anyline-environment/8.7.5-jdk21-boot4-20260805/anyline-environment-8.7.5-jdk21-boot4-20260805.jar returned status 404
8.7.5-jdk25-boot4-20260721			IOException: Tail request on https://maven-central.storage-download.googleapis.com/maven2/org/anyline/anyline-environment/8.7.5-jdk25-boot4-20260721/anyline-environment-8.7.5-jdk25-boot4-20260721.jar returned status 404
8.7.5-jdk25-boot4-20260730			IOException: Tail request on https://maven-central.storage-download.googleapis.com/maven2/org/anyline/anyline-environment/8.7.5-jdk25-boot4-20260730/anyline-environment-8.7.5-jdk25-boot4-20260730.jar returned status 404
8.7.5-jdk25-boot4-20260801			IOException: Tail request on https://maven-central.storage-download.googleapis.com/maven2/org/anyline/anyline-environment/8.7.5-jdk25-boot4-20260801/anyline-environment-8.7.5-jdk25-boot4-20260801.jar returned status 404
8.7.5-jdk25-boot4-20260805		2026-08-05T05:21:05Z	IOException: Tail request on https://maven-central.storage-download.googleapis.com/maven2/org/anyline/anyline-environment/8.7.5-jdk25-boot4-20260805/anyline-environment-8.7.5-jdk25-boot4-20260805.jar returned status 404
8.7.6-20260806		2026-08-06T03:11:54Z	IOException: Tail request on https://maven-central.storage-download.googleapis.com/maven2/org/anyline/anyline-environment/8.7.6-20260806/anyline-environment-8.7.6-20260806.jar returned status 404
8.7.6-20260808		2026-08-09T03:15:17Z	IOException: Tail request on https://maven-central.storage-download.googleapis.com/maven2/org/anyline/anyline-environment/8.7.6-20260808/anyline-environment-8.7.6-20260808.jar returned status 404
9.7.6-20260806		2026-08-06T03:19:00Z	IOException: Tail request on https://maven-central.storage-download.googleapis.com/maven2/org/anyline/anyline-environment/9.7.6-20260806/anyline-environment-9.7.6-20260806.jar returned status 404
