2023.11.07.123931-11d9ee1		2023-11-07T19:05:51Z	
2023.11.07.123931-11d9ee1	test-fixtures	2023-11-07T19:05:53Z	
2023.11.07.123931-11d9ee1	test-fixtures-sources	2023-11-07T19:05:52Z	
2023.11.07.125331-45dfef7		2023-11-07T23:15:42Z	
2023.11.07.125331-45dfef7	test-fixtures	2023-11-07T23:15:44Z	
2023.11.07.125331-45dfef7	test-fixtures-sources	2023-11-07T23:15:43Z	
2023.11.13.233857-73e045a		2023-11-14T00:06:08Z	
2023.11.13.233857-73e045a	test-fixtures	2023-11-14T00:06:08Z	
2023.11.13.233857-73e045a	test-fixtures-sources	2023-11-14T00:06:10Z	
2023.11.14.133454-b995299		2023-11-14T19:26:31Z	
2023.11.14.133454-b995299	test-fixtures	2023-11-14T19:26:31Z	
2023.11.14.133454-b995299	test-fixtures-sources	2023-11-14T19:26:33Z	
2023.11.15.153402-120fe03		2023-11-15T15:56:04Z	
2023.11.15.153402-120fe03	test-fixtures	2023-11-15T15:56:05Z	
2023.11.15.153402-120fe03	test-fixtures-sources	2023-11-15T15:56:05Z	
2023.11.15.160712-1a1ec9d		2023-11-15T21:28:33Z	
2023.11.15.160712-1a1ec9d	test-fixtures	2023-11-15T21:28:37Z	
2023.11.15.160712-1a1ec9d	test-fixtures-sources	2023-11-15T21:28:34Z	
2023.11.15.173519-404a092		2023-11-15T22:56:01Z	
2023.11.15.173519-404a092	test-fixtures	2023-11-15T22:56:02Z	
2023.11.15.173519-404a092	test-fixtures-sources	2023-11-15T22:56:02Z	
2023.11.15.192126-f492e43		2023-11-15T20:41:19Z	
2023.11.15.192126-f492e43	test-fixtures	2023-11-15T20:41:19Z	
2023.11.15.192126-f492e43	test-fixtures-sources	2023-11-15T20:41:19Z	
2023.11.16.085748-7958f98		2023-11-16T14:18:39Z	
2023.11.16.085748-7958f98	test-fixtures	2023-11-16T14:18:39Z	
2023.11.16.085748-7958f98	test-fixtures-sources	2023-11-16T14:18:40Z	
2023.11.16.140002-d365132		2023-11-16T22:21:29Z	
2023.11.16.140002-d365132	test-fixtures	2023-11-16T22:21:34Z	
2023.11.16.140002-d365132	test-fixtures-sources	2023-11-16T22:21:30Z	
2023.11.21.101131-a317492		2023-11-21T15:32:39Z	
2023.11.21.101131-a317492	test-fixtures	2023-11-21T15:32:39Z	
2023.11.21.101131-a317492	test-fixtures-sources	2023-11-21T15:32:39Z	
2023.11.22.031810-345eb06		2023-11-22T03:39:35Z	
2023.11.22.031810-345eb06	test-fixtures	2023-11-22T03:39:57Z	
2023.11.22.031810-345eb06	test-fixtures-sources	2023-11-22T03:40:01Z	
2023.11.22.050243-2c7fa12		2023-11-22T05:23:35Z	
2023.11.22.050243-2c7fa12	test-fixtures	2023-11-22T05:23:38Z	
2023.11.22.050243-2c7fa12	test-fixtures-sources	2023-11-22T05:23:37Z	
2023.11.24.000942-d585b09		2023-11-24T00:30:40Z	
2023.11.24.000942-d585b09	test-fixtures	2023-11-24T00:30:41Z	
2023.11.24.000942-d585b09	test-fixtures-sources	2023-11-24T00:30:40Z	
2023.11.27.095502-80b1620		2023-11-27T18:16:21Z	
2023.11.27.095502-80b1620	test-fixtures	2023-11-27T18:16:22Z	
2023.11.27.095502-80b1620	test-fixtures-sources	2023-11-27T18:16:22Z	
2023.11.28.091756-8f90533		2023-11-28T17:39:57Z	
2023.11.28.091756-8f90533	test-fixtures	2023-11-28T17:40:00Z	
2023.11.28.091756-8f90533	test-fixtures-sources	2023-11-28T17:40:00Z	
2023.11.28.160145-8f553df		2023-11-28T16:23:12Z	
2023.11.28.160145-8f553df	test-fixtures	2023-11-28T16:23:12Z	
2023.11.28.160145-8f553df	test-fixtures-sources	2023-11-28T16:23:12Z	
2023.11.28.182729-54ae3b0		2023-11-28T18:49:53Z	
2023.11.28.182729-54ae3b0	test-fixtures	2023-11-28T18:49:54Z	
2023.11.28.182729-54ae3b0	test-fixtures-sources	2023-11-28T18:49:54Z	
2023.11.28.185208-a161c56		2023-11-28T19:13:31Z	
2023.11.28.185208-a161c56	test-fixtures	2023-11-28T19:13:33Z	
2023.11.28.185208-a161c56	test-fixtures-sources	2023-11-28T19:13:32Z	
2023.11.29.153332-390d04e		2023-11-30T18:54:38Z	
2023.11.29.153332-390d04e	test-fixtures	2023-11-30T18:54:38Z	
2023.11.29.153332-390d04e	test-fixtures-sources	2023-11-30T18:54:39Z	
2023.11.30.153418-67922ca		2023-11-30T20:55:07Z	
2023.11.30.153418-67922ca	test-fixtures	2023-11-30T20:55:07Z	
2023.11.30.153418-67922ca	test-fixtures-sources	2023-11-30T20:55:08Z	
2023.11.30.170920-d0fdd7a		2023-12-01T01:30:26Z	
2023.11.30.170920-d0fdd7a	test-fixtures	2023-12-01T01:30:31Z	
2023.11.30.170920-d0fdd7a	test-fixtures-sources	2023-12-01T01:30:31Z	
2023.11.30.184104-f81483b		2023-11-30T19:02:04Z	
2023.11.30.184104-f81483b	test-fixtures	2023-11-30T19:02:05Z	
2023.11.30.184104-f81483b	test-fixtures-sources	2023-11-30T19:02:06Z	
2023.12.01.121642-518f423		2023-12-01T17:38:03Z	
2023.12.01.121642-518f423	test-fixtures	2023-12-01T17:38:03Z	
2023.12.01.121642-518f423	test-fixtures-sources	2023-12-01T17:38:04Z	
2023.12.01.175902-d977e5a		2023-12-01T18:51:55Z	
2023.12.01.175902-d977e5a	test-fixtures	2023-12-01T18:51:55Z	
2023.12.01.175902-d977e5a	test-fixtures-sources	2023-12-01T18:51:56Z	
2023.12.06.151327-d32d8b7		2023-12-06T15:35:00Z	
2023.12.06.151327-d32d8b7	test-fixtures	2023-12-06T15:35:03Z	
2023.12.06.151327-d32d8b7	test-fixtures-sources	2023-12-06T15:35:04Z	
2023.12.06.160036-5dd9551		2023-12-06T16:21:50Z	
2023.12.06.160036-5dd9551	test-fixtures	2023-12-06T16:21:54Z	
2023.12.06.160036-5dd9551	test-fixtures-sources	2023-12-06T16:21:50Z	
2023.12.06.183120-32a4008		2023-12-06T19:24:34Z	
2023.12.06.183120-32a4008	test-fixtures	2023-12-06T19:24:35Z	
2023.12.06.183120-32a4008	test-fixtures-sources	2023-12-06T19:24:36Z	
2023.12.06.191953-99500b4		2023-12-06T19:47:32Z	
2023.12.06.191953-99500b4	test-fixtures	2023-12-06T19:47:32Z	
2023.12.06.191953-99500b4	test-fixtures-sources	2023-12-06T19:47:32Z	
2023.12.07.185313-f61a2e4		2023-12-07T19:14:03Z	
2023.12.07.185313-f61a2e4	test-fixtures	2023-12-07T19:14:04Z	
2023.12.07.185313-f61a2e4	test-fixtures-sources	2023-12-07T19:14:04Z	
2023.12.07.221934-7c69df8		2023-12-07T22:40:40Z	
2023.12.07.221934-7c69df8	test-fixtures	2023-12-07T22:40:41Z	
2023.12.07.221934-7c69df8	test-fixtures-sources	2023-12-07T22:40:41Z	
2023.12.07.232035-aa41531		2023-12-07T23:41:14Z	
2023.12.07.232035-aa41531	test-fixtures	2023-12-07T23:41:15Z	
2023.12.07.232035-aa41531	test-fixtures-sources	2023-12-07T23:41:15Z	
2023.12.08.172545-5059ed8		2023-12-08T17:47:06Z	
2023.12.08.172545-5059ed8	test-fixtures	2023-12-08T17:47:07Z	
2023.12.08.172545-5059ed8	test-fixtures-sources	2023-12-08T17:47:07Z	
2023.12.13.192542-1616070		2023-12-13T19:46:37Z	
2023.12.13.192542-1616070	test-fixtures	2023-12-13T19:46:37Z	
2023.12.13.192542-1616070	test-fixtures-sources	2023-12-13T19:46:37Z	
2023.12.14.183024-0873023		2023-12-14T18:52:03Z	
2023.12.14.183024-0873023	test-fixtures	2023-12-14T18:52:06Z	
2023.12.14.183024-0873023	test-fixtures-sources	2023-12-14T18:52:07Z	
2023.12.14.222754-29dc0a1		2023-12-14T22:49:30Z	
2023.12.14.222754-29dc0a1	test-fixtures	2023-12-14T22:49:35Z	
2023.12.14.222754-29dc0a1	test-fixtures-sources	2023-12-14T22:49:31Z	
2023.12.15.211820-b7abf54		2023-12-15T21:39:33Z	
2023.12.15.211820-b7abf54	test-fixtures	2023-12-15T21:39:34Z	
2023.12.15.211820-b7abf54	test-fixtures-sources	2023-12-15T21:39:34Z	
2024.01.02.200402-e2004ff		2024-01-02T20:25:31Z	
2024.01.02.200402-e2004ff	test-fixtures	2024-01-02T20:25:31Z	
2024.01.02.200402-e2004ff	test-fixtures-sources	2024-01-02T20:25:32Z	
2024.01.03.221827-0ebadb0		2024-01-03T22:39:27Z	
2024.01.03.221827-0ebadb0	test-fixtures	2024-01-03T22:39:27Z	
2024.01.03.221827-0ebadb0	test-fixtures-sources	2024-01-03T22:39:27Z	
2024.01.05.050732-580e44f		2024-01-09T17:51:07Z	
2024.01.05.050732-580e44f	test-fixtures	2024-01-09T17:51:08Z	
2024.01.05.050732-580e44f	test-fixtures-sources	2024-01-09T17:51:08Z	
2024.01.09.174729-649358c		2024-01-12T19:48:00Z	
2024.01.09.174729-649358c	test-fixtures	2024-01-12T19:48:00Z	
2024.01.09.174729-649358c	test-fixtures-sources	2024-01-12T19:48:00Z	
2024.01.09.184640-9c570ea		2024-01-09T19:03:47Z	
2024.01.09.184640-9c570ea	test-fixtures	2024-01-09T19:03:49Z	
2024.01.09.184640-9c570ea	test-fixtures-sources	2024-01-09T19:03:49Z	
2024.01.09.185750-fab2aaf		2024-01-09T19:14:56Z	
2024.01.09.185750-fab2aaf	test-fixtures	2024-01-09T19:14:56Z	
2024.01.09.185750-fab2aaf	test-fixtures-sources	2024-01-09T19:14:57Z	
2024.01.10.191205-ff52903		2024-01-10T19:29:12Z	
2024.01.10.191205-ff52903	test-fixtures	2024-01-10T19:29:12Z	
2024.01.10.191205-ff52903	test-fixtures-sources	2024-01-10T19:29:12Z	
2024.01.11.151108-fb38ecc		2024-01-11T15:39:19Z	
2024.01.11.151108-fb38ecc	test-fixtures	2024-01-11T15:39:19Z	
2024.01.11.151108-fb38ecc	test-fixtures-sources	2024-01-11T15:39:20Z	
2024.01.11.170843-d27a872		2024-01-11T17:26:13Z	
2024.01.11.170843-d27a872	test-fixtures	2024-01-11T17:26:17Z	
2024.01.11.170843-d27a872	test-fixtures-sources	2024-01-11T17:26:14Z	
2024.01.12.134753-cde12e2		2024-01-12T14:05:34Z	
2024.01.12.134753-cde12e2	test-fixtures	2024-01-12T14:05:38Z	
2024.01.12.134753-cde12e2	test-fixtures-sources	2024-01-12T14:05:38Z	
2024.01.12.192829-8ba49bc		2024-01-12T19:45:13Z	
2024.01.12.192829-8ba49bc	test-fixtures	2024-01-12T19:45:13Z	
2024.01.12.192829-8ba49bc	test-fixtures-sources	2024-01-12T19:45:14Z	
2024.01.16.213654-c0f4d94		2024-01-16T21:53:08Z	
2024.01.16.213654-c0f4d94	test-fixtures	2024-01-16T21:53:09Z	
2024.01.16.213654-c0f4d94	test-fixtures-sources	2024-01-16T21:53:09Z	
2024.01.17.190853-94317f4		2024-01-17T19:26:03Z	
2024.01.17.190853-94317f4	test-fixtures	2024-01-17T19:26:08Z	
2024.01.17.190853-94317f4	test-fixtures-sources	2024-01-17T19:26:07Z	
2024.01.17.231705-120b063		2024-01-17T23:43:55Z	
2024.01.17.231705-120b063	test-fixtures	2024-01-17T23:43:58Z	
2024.01.17.231705-120b063	test-fixtures-sources	2024-01-17T23:43:57Z	
2024.01.18.031247-621592e		2024-01-18T03:29:31Z	
2024.01.18.031247-621592e	test-fixtures	2024-01-18T03:29:33Z	
2024.01.18.031247-621592e	test-fixtures-sources	2024-01-18T03:29:33Z	
2024.01.22.010838-72dbb27		2024-01-22T01:25:01Z	
2024.01.22.010838-72dbb27	test-fixtures	2024-01-22T01:25:02Z	
2024.01.22.010838-72dbb27	test-fixtures-sources	2024-01-22T01:25:01Z	
2024.01.23.002737-9df2795		2024-01-23T00:44:19Z	
2024.01.23.002737-9df2795	test-fixtures	2024-01-23T00:44:21Z	
2024.01.23.002737-9df2795	test-fixtures-sources	2024-01-23T00:44:20Z	
2024.01.23.031504-2e01297		2024-01-23T03:31:35Z	
2024.01.23.031504-2e01297	test-fixtures	2024-01-23T03:31:36Z	
2024.01.23.031504-2e01297	test-fixtures-sources	2024-01-23T03:31:36Z	
2024.01.23.050115-6729352		2024-01-23T05:17:38Z	
2024.01.23.050115-6729352	test-fixtures	2024-01-23T05:17:38Z	
2024.01.23.050115-6729352	test-fixtures-sources	2024-01-23T05:17:38Z	
2024.01.23.170658-88f71bf		2024-01-23T17:24:24Z	
2024.01.23.170658-88f71bf	test-fixtures	2024-01-23T17:24:31Z	
2024.01.23.170658-88f71bf	test-fixtures-sources	2024-01-23T17:24:30Z	
2024.01.23.185928-91b43d8		2024-01-23T19:16:31Z	
2024.01.23.185928-91b43d8	test-fixtures	2024-01-23T19:16:32Z	
2024.01.23.185928-91b43d8	test-fixtures-sources	2024-01-23T19:16:32Z	
2024.01.24.000543-2260326		2024-01-24T00:22:45Z	
2024.01.24.000543-2260326	test-fixtures	2024-01-24T00:22:46Z	
2024.01.24.000543-2260326	test-fixtures-sources	2024-01-24T00:22:46Z	
2024.01.24.035350-94a3236		2024-01-24T04:11:04Z	
2024.01.24.035350-94a3236	test-fixtures	2024-01-24T04:11:06Z	
2024.01.24.035350-94a3236	test-fixtures-sources	2024-01-24T04:11:05Z	
2024.01.24.040232-14397c4		2024-01-24T04:19:19Z	
2024.01.24.040232-14397c4	test-fixtures	2024-01-24T04:19:19Z	
2024.01.24.040232-14397c4	test-fixtures-sources	2024-01-24T04:19:19Z	
2024.01.24.041610-907b63a		2024-01-24T04:32:50Z	
2024.01.24.041610-907b63a	test-fixtures	2024-01-24T04:32:51Z	
2024.01.24.041610-907b63a	test-fixtures-sources	2024-01-24T04:32:51Z	
2024.01.25.022820-30be5eb		2024-01-25T02:45:30Z	
2024.01.25.022820-30be5eb	test-fixtures	2024-01-25T02:45:32Z	
2024.01.25.022820-30be5eb	test-fixtures-sources	2024-01-25T02:45:33Z	
2024.01.29.214034-bc5873b		2024-01-29T21:57:36Z	
2024.01.29.214034-bc5873b	test-fixtures	2024-01-29T21:57:36Z	
2024.01.29.214034-bc5873b	test-fixtures-sources	2024-01-29T21:57:36Z	
2024.01.29.234331-880e488		2024-01-30T00:00:29Z	
2024.01.29.234331-880e488	test-fixtures	2024-01-30T00:00:33Z	
2024.01.29.234331-880e488	test-fixtures-sources	2024-01-30T00:00:33Z	
2024.01.30.210627-de78b2e		2024-02-01T15:38:04Z	
2024.01.30.210627-de78b2e	test-fixtures	2024-02-01T15:38:07Z	
2024.01.30.210627-de78b2e	test-fixtures-sources	2024-02-01T15:38:11Z	
2024.01.31.050112-ce584f0		2024-01-31T05:18:49Z	
2024.01.31.050112-ce584f0	test-fixtures	2024-01-31T05:18:54Z	
2024.01.31.050112-ce584f0	test-fixtures-sources	2024-01-31T05:18:53Z	
2024.01.31.175551-6e9704a		2024-01-31T18:12:31Z	
2024.01.31.175551-6e9704a	test-fixtures	2024-01-31T18:12:31Z	
2024.01.31.175551-6e9704a	test-fixtures-sources	2024-01-31T18:12:32Z	
2024.02.01.052108-1f9aab2		2024-02-01T05:37:57Z	
2024.02.01.052108-1f9aab2	test-fixtures	2024-02-01T05:37:57Z	
2024.02.01.052108-1f9aab2	test-fixtures-sources	2024-02-01T05:37:58Z	
2024.02.05.170837-0e7ccd3		2024-02-05T17:25:49Z	
2024.02.05.170837-0e7ccd3	test-fixtures	2024-02-05T17:25:50Z	
2024.02.05.170837-0e7ccd3	test-fixtures-sources	2024-02-05T17:25:49Z	
2024.02.05.212451-a4dd460		2024-02-05T21:42:03Z	
2024.02.05.212451-a4dd460	test-fixtures	2024-02-05T21:42:03Z	
2024.02.05.212451-a4dd460	test-fixtures-sources	2024-02-05T21:42:04Z	
2024.02.06.191650-0daf24e		2024-02-06T19:33:48Z	
2024.02.06.191650-0daf24e	test-fixtures	2024-02-06T19:33:49Z	
2024.02.06.191650-0daf24e	test-fixtures-sources	2024-02-06T19:33:49Z	
2024.02.06.235139-89b7018		2024-02-07T00:08:15Z	
2024.02.06.235139-89b7018	test-fixtures	2024-02-07T00:08:15Z	
2024.02.06.235139-89b7018	test-fixtures-sources	2024-02-07T00:08:15Z	
2024.02.07.021446-3634fc6		2024-02-07T07:37:21Z	
2024.02.07.021446-3634fc6	test-fixtures	2024-02-07T07:37:26Z	
2024.02.07.021446-3634fc6	test-fixtures-sources	2024-02-07T07:37:23Z	
2024.02.07.163315-6992dfe		2024-02-07T16:59:14Z	
2024.02.07.163315-6992dfe	test-fixtures	2024-02-07T16:59:15Z	
2024.02.07.163315-6992dfe	test-fixtures-sources	2024-02-07T16:59:14Z	
2024.02.07.201135-6391676		2024-02-07T21:11:56Z	
2024.02.07.201135-6391676	test-fixtures	2024-02-07T21:11:56Z	
2024.02.07.201135-6391676	test-fixtures-sources	2024-02-07T21:11:56Z	
2024.02.10.130540-22013c3		2024-02-10T13:23:21Z	
2024.02.10.130540-22013c3	test-fixtures	2024-02-10T13:23:21Z	
2024.02.10.130540-22013c3	test-fixtures-sources	2024-02-10T13:23:22Z	
2024.02.13.014138-b7b592a		2024-02-13T01:58:01Z	
2024.02.13.014138-b7b592a	test-fixtures	2024-02-13T01:58:01Z	
2024.02.13.014138-b7b592a	test-fixtures-sources	2024-02-13T01:58:02Z	
2024.02.13.020016-1b28454		2024-02-13T02:16:55Z	
2024.02.13.020016-1b28454	test-fixtures	2024-02-13T02:16:55Z	
2024.02.13.020016-1b28454	test-fixtures-sources	2024-02-13T02:16:55Z	
2024.02.14.033633-b653902		2024-02-14T03:53:21Z	
2024.02.14.033633-b653902	test-fixtures	2024-02-14T03:53:22Z	
2024.02.14.033633-b653902	test-fixtures-sources	2024-02-14T03:53:23Z	
2024.02.14.195151-28af9f3		2024-02-14T20:08:52Z	
2024.02.14.195151-28af9f3	test-fixtures	2024-02-14T20:08:53Z	
2024.02.14.195151-28af9f3	test-fixtures-sources	2024-02-14T20:08:52Z	
2024.02.19.022239-1c47a8f		2024-02-19T02:40:47Z	
2024.02.19.022239-1c47a8f	test-fixtures	2024-02-19T02:40:49Z	
2024.02.19.022239-1c47a8f	test-fixtures-sources	2024-02-19T02:40:48Z	
2024.02.19.234124-880f387		2024-02-20T00:56:34Z	
2024.02.19.234124-880f387	test-fixtures	2024-02-20T00:56:36Z	
2024.02.19.234124-880f387	test-fixtures-sources	2024-02-20T00:56:35Z	
2024.02.20.202309-38a1d37		2024-02-20T20:39:53Z	
2024.02.20.202309-38a1d37	test-fixtures	2024-02-20T20:39:54Z	
2024.02.20.202309-38a1d37	test-fixtures-sources	2024-02-20T20:39:54Z	
2024.02.21.024406-9d6a2e1		2024-02-21T03:01:22Z	
2024.02.21.024406-9d6a2e1	test-fixtures	2024-02-21T03:01:23Z	
2024.02.21.024406-9d6a2e1	test-fixtures-sources	2024-02-21T03:01:23Z	
2024.02.23.184119-a7d97c7		2024-02-23T18:58:56Z	
2024.02.23.184119-a7d97c7	test-fixtures	2024-02-23T18:58:58Z	
2024.02.23.184119-a7d97c7	test-fixtures-sources	2024-02-23T18:58:57Z	
2024.02.26.211537-012c236		2024-02-26T21:32:41Z	
2024.02.26.211537-012c236	test-fixtures	2024-02-26T21:32:41Z	
2024.02.26.211537-012c236	test-fixtures-sources	2024-02-26T21:32:41Z	
2024.02.27.004227-d338390		2024-02-27T17:56:13Z	
2024.02.27.004227-d338390	test-fixtures	2024-02-27T17:56:23Z	
2024.02.27.004227-d338390	test-fixtures-sources	2024-02-27T17:56:26Z	
2024.03.03.022738-a1998ce		2024-03-03T02:45:01Z	
2024.03.03.022738-a1998ce	test-fixtures	2024-03-03T02:45:03Z	
2024.03.03.022738-a1998ce	test-fixtures-sources	2024-03-03T02:45:02Z	
2024.03.04.212929-ec16e79		2024-03-04T21:47:20Z	
2024.03.04.212929-ec16e79	test-fixtures	2024-03-04T21:47:22Z	
2024.03.04.212929-ec16e79	test-fixtures-sources	2024-03-04T21:47:21Z	
2024.03.04.222156-8ad9649		2024-03-04T22:38:48Z	
2024.03.04.222156-8ad9649	test-fixtures	2024-03-04T22:38:48Z	
2024.03.04.222156-8ad9649	test-fixtures-sources	2024-03-04T22:38:48Z	
2024.03.05.005411-8a3692a		2024-03-05T01:10:57Z	
2024.03.05.005411-8a3692a	test-fixtures	2024-03-05T01:10:59Z	
2024.03.05.005411-8a3692a	test-fixtures-sources	2024-03-05T01:10:59Z	
2024.03.05.182805-0fa36c9		2024-03-05T18:45:17Z	
2024.03.05.182805-0fa36c9	test-fixtures	2024-03-05T18:45:17Z	
2024.03.05.182805-0fa36c9	test-fixtures-sources	2024-03-05T18:45:18Z	
2024.03.11.233241-4c943d0		2024-03-12T02:40:37Z	
2024.03.11.233241-4c943d0	test-fixtures	2024-03-12T02:40:38Z	
2024.03.11.233241-4c943d0	test-fixtures-sources	2024-03-12T02:40:39Z	
2024.03.12.191907-bc64606		2024-03-12T19:36:29Z	
2024.03.12.191907-bc64606	test-fixtures	2024-03-12T19:36:29Z	
2024.03.12.191907-bc64606	test-fixtures-sources	2024-03-12T19:36:29Z	
2024.03.16.004948-d54c03b		2024-03-16T01:06:42Z	
2024.03.16.004948-d54c03b	test-fixtures	2024-03-16T01:06:43Z	
2024.03.16.004948-d54c03b	test-fixtures-sources	2024-03-16T01:06:42Z	
2024.03.18.193619-ba68307		2024-03-18T19:53:40Z	
2024.03.18.193619-ba68307	test-fixtures	2024-03-18T19:53:41Z	
2024.03.18.193619-ba68307	test-fixtures-sources	2024-03-18T19:53:41Z	
2024.03.18.235251-1c20d90		2024-03-19T00:10:18Z	
2024.03.18.235251-1c20d90	test-fixtures	2024-03-19T00:10:22Z	
2024.03.18.235251-1c20d90	test-fixtures-sources	2024-03-19T00:10:20Z	
2024.03.19.014401-ee14b0c		2024-03-19T02:01:08Z	
2024.03.19.014401-ee14b0c	test-fixtures	2024-03-19T02:01:09Z	
2024.03.19.014401-ee14b0c	test-fixtures-sources	2024-03-19T02:01:10Z	
2024.03.20.165146-60edd17		2024-03-20T17:08:40Z	
2024.03.20.165146-60edd17	test-fixtures	2024-03-20T17:08:40Z	
2024.03.20.165146-60edd17	test-fixtures-sources	2024-03-20T17:08:40Z	
2024.03.21.161608-ca5f4ff		2024-03-21T16:33:09Z	
2024.03.21.161608-ca5f4ff	test-fixtures	2024-03-21T16:33:09Z	
2024.03.21.161608-ca5f4ff	test-fixtures-sources	2024-03-21T16:33:11Z	
2024.03.21.182031-f6f5775		2024-03-21T18:39:18Z	
2024.03.21.182031-f6f5775	test-fixtures	2024-03-21T18:39:18Z	
2024.03.21.182031-f6f5775	test-fixtures-sources	2024-03-21T18:39:18Z	
2024.03.21.215044-46aa7f0		2024-03-21T22:07:59Z	
2024.03.21.215044-46aa7f0	test-fixtures	2024-03-21T22:07:59Z	
2024.03.21.215044-46aa7f0	test-fixtures-sources	2024-03-21T22:08:00Z	
2024.03.22.013217-75ab9ad		2024-03-22T01:49:44Z	
2024.03.22.013217-75ab9ad	test-fixtures	2024-03-22T01:49:49Z	
2024.03.22.013217-75ab9ad	test-fixtures-sources	2024-03-22T01:49:46Z	
2024.03.22.141512-484d57b		2024-03-22T14:32:14Z	
2024.03.22.141512-484d57b	test-fixtures	2024-03-22T14:32:15Z	
2024.03.22.141512-484d57b	test-fixtures-sources	2024-03-22T14:32:15Z	
2024.03.25.172953-e8ec016		2024-03-25T17:46:41Z	
2024.03.25.172953-e8ec016	test-fixtures	2024-03-25T17:46:41Z	
2024.03.25.172953-e8ec016	test-fixtures-sources	2024-03-25T17:46:41Z	
2024.03.26.112919-01b20b7		2024-03-26T11:46:57Z	
2024.03.26.112919-01b20b7	test-fixtures	2024-03-26T11:47:00Z	
2024.03.26.112919-01b20b7	test-fixtures-sources	2024-03-26T11:46:58Z	
2024.03.26.142035-897106b		2024-03-26T14:37:41Z	
2024.03.26.142035-897106b	test-fixtures	2024-03-26T14:37:41Z	
2024.03.26.142035-897106b	test-fixtures-sources	2024-03-26T14:37:41Z	
2024.03.26.150028-23709b0		2024-03-26T15:18:04Z	
2024.03.26.150028-23709b0	test-fixtures	2024-03-26T15:18:05Z	
2024.03.26.150028-23709b0	test-fixtures-sources	2024-03-26T15:18:05Z	
2024.04.01.141037-d3fad45		2024-04-01T14:28:59Z	
2024.04.01.141037-d3fad45	test-fixtures	2024-04-01T14:29:10Z	
2024.04.01.141037-d3fad45	test-fixtures-sources	2024-04-01T14:29:10Z	
2024.04.05.204820-9331701		2024-04-05T21:05:40Z	
2024.04.05.204820-9331701	test-fixtures	2024-04-05T21:05:40Z	
2024.04.05.204820-9331701	test-fixtures-sources	2024-04-05T21:05:40Z	
2024.04.09.200745-cd5f50b		2024-04-09T20:58:26Z	
2024.04.09.200745-cd5f50b	test-fixtures	2024-04-09T20:58:27Z	
2024.04.09.200745-cd5f50b	test-fixtures-sources	2024-04-09T20:58:26Z	
2024.04.10.172442-7de487a		2024-04-10T17:42:07Z	
2024.04.10.172442-7de487a	test-fixtures	2024-04-10T17:42:12Z	
2024.04.10.172442-7de487a	test-fixtures-sources	2024-04-10T17:42:08Z	
2024.04.10.210352-9854ef3		2024-04-10T21:42:24Z	
2024.04.10.210352-9854ef3	test-fixtures	2024-04-10T21:42:24Z	
2024.04.10.210352-9854ef3	test-fixtures-sources	2024-04-10T21:42:25Z	
2024.04.11.133822-447c6c9		2024-04-11T14:55:25Z	
2024.04.11.133822-447c6c9	test-fixtures	2024-04-11T14:55:26Z	
2024.04.11.133822-447c6c9	test-fixtures-sources	2024-04-11T14:55:26Z	
2024.04.12.171745-81ea336		2024-04-12T17:35:07Z	
2024.04.12.171745-81ea336	test-fixtures	2024-04-12T17:35:08Z	
2024.04.12.171745-81ea336	test-fixtures-sources	2024-04-12T17:35:07Z	
2024.04.18.175648-2108677		2024-04-18T18:15:43Z	
2024.04.18.175648-2108677	test-fixtures	2024-04-18T18:15:47Z	
2024.04.18.175648-2108677	test-fixtures-sources	2024-04-18T18:15:47Z	
2024.04.18.184436-e6718c7		2024-04-18T22:20:27Z	
2024.04.18.184436-e6718c7	test-fixtures	2024-04-18T22:20:28Z	
2024.04.18.184436-e6718c7	test-fixtures-sources	2024-04-18T22:20:28Z	
2024.04.19.145424-069ad8e		2024-04-19T15:12:10Z	
2024.04.19.145424-069ad8e	test-fixtures	2024-04-19T15:12:15Z	
2024.04.19.145424-069ad8e	test-fixtures-sources	2024-04-19T15:12:12Z	
2024.04.20.202040-c64afe8		2024-04-20T20:37:16Z	
2024.04.20.202040-c64afe8	test-fixtures	2024-04-20T20:37:17Z	
2024.04.20.202040-c64afe8	test-fixtures-sources	2024-04-20T20:37:17Z	
2024.04.21.232758-20ad049		2024-04-21T23:45:27Z	
2024.04.21.232758-20ad049	test-fixtures	2024-04-21T23:45:29Z	
2024.04.21.232758-20ad049	test-fixtures-sources	2024-04-21T23:45:31Z	
2024.04.22.213320-ac881d1		2024-04-22T21:50:18Z	
2024.04.22.213320-ac881d1	test-fixtures	2024-04-22T21:50:19Z	
2024.04.22.213320-ac881d1	test-fixtures-sources	2024-04-22T21:50:19Z	
2024.04.30.215358-c381875		2024-04-30T22:11:50Z	
2024.04.30.215358-c381875	test-fixtures	2024-04-30T22:11:54Z	
2024.04.30.215358-c381875	test-fixtures-sources	2024-04-30T22:11:54Z	
2024.05.06.194337-40fe5bb		2024-05-06T20:01:06Z	
2024.05.06.194337-40fe5bb	test-fixtures	2024-05-06T20:01:06Z	
2024.05.06.194337-40fe5bb	test-fixtures-sources	2024-05-06T20:01:06Z	
2024.05.07.104226-502a4b6		2024-05-07T10:58:55Z	
2024.05.07.104226-502a4b6	test-fixtures	2024-05-07T10:58:58Z	
2024.05.07.104226-502a4b6	test-fixtures-sources	2024-05-07T10:58:58Z	
2024.05.07.211405-28ee413		2024-05-07T21:31:31Z	
2024.05.07.211405-28ee413	test-fixtures	2024-05-07T21:31:31Z	
2024.05.07.211405-28ee413	test-fixtures-sources	2024-05-07T21:31:31Z	
2024.05.13.201043-249e4ae		2024-05-13T20:28:48Z	
2024.05.13.201043-249e4ae	test-fixtures	2024-05-13T20:28:50Z	
2024.05.13.201043-249e4ae	test-fixtures-sources	2024-05-13T20:28:50Z	
2024.05.13.203534-d1d0bc4		2024-05-13T20:52:42Z	
2024.05.13.203534-d1d0bc4	test-fixtures	2024-05-13T20:52:43Z	
2024.05.13.203534-d1d0bc4	test-fixtures-sources	2024-05-13T20:52:43Z	
2024.05.13.211906-da5e6bb		2024-05-13T21:36:11Z	
2024.05.13.211906-da5e6bb	test-fixtures	2024-05-13T21:36:11Z	
2024.05.13.211906-da5e6bb	test-fixtures-sources	2024-05-13T21:36:11Z	
2024.05.14.202640-3d875d5		2024-05-14T20:43:50Z	
2024.05.14.202640-3d875d5	test-fixtures	2024-05-14T20:43:52Z	
2024.05.14.202640-3d875d5	test-fixtures-sources	2024-05-14T20:43:50Z	
2024.05.14.223244-89072a4		2024-05-14T22:50:01Z	
2024.05.14.223244-89072a4	test-fixtures	2024-05-14T22:50:01Z	
2024.05.14.223244-89072a4	test-fixtures-sources	2024-05-14T22:50:02Z	
2024.05.15.164235-87ae26d		2024-05-15T17:00:25Z	
2024.05.15.164235-87ae26d	test-fixtures	2024-05-15T17:00:26Z	
2024.05.15.164235-87ae26d	test-fixtures-sources	2024-05-15T17:00:29Z	
2024.05.16.120543-6fc3ab8		2024-05-16T12:23:11Z	
2024.05.16.120543-6fc3ab8	test-fixtures	2024-05-16T12:23:11Z	
2024.05.16.120543-6fc3ab8	test-fixtures-sources	2024-05-16T12:23:12Z	
2024.05.20.180436-1c6902f		2024-05-20T18:22:07Z	
2024.05.20.180436-1c6902f	test-fixtures	2024-05-20T18:22:08Z	
2024.05.20.180436-1c6902f	test-fixtures-sources	2024-05-20T18:22:08Z	
2024.05.22.145031-7698e93		2024-05-22T15:08:50Z	
2024.05.22.145031-7698e93	test-fixtures	2024-05-22T15:08:51Z	
2024.05.22.145031-7698e93	test-fixtures-sources	2024-05-22T15:08:50Z	
2024.05.22.170245-c31e57e		2024-05-22T17:21:28Z	
2024.05.22.170245-c31e57e	test-fixtures	2024-05-22T17:21:35Z	
2024.05.22.170245-c31e57e	test-fixtures-sources	2024-05-22T17:21:31Z	
2024.05.23.190416-54c6bef		2024-05-23T19:21:46Z	
2024.05.23.190416-54c6bef	test-fixtures	2024-05-23T19:21:47Z	
2024.05.23.190416-54c6bef	test-fixtures-sources	2024-05-23T19:21:47Z	
2024.05.27.135305-2e8a9ad		2024-05-27T14:10:22Z	
2024.05.27.135305-2e8a9ad	test-fixtures	2024-05-27T14:10:23Z	
2024.05.27.135305-2e8a9ad	test-fixtures-sources	2024-05-27T14:10:23Z	
2024.05.27.232630-db16422		2024-05-27T23:43:44Z	
2024.05.27.232630-db16422	test-fixtures	2024-05-27T23:43:44Z	
2024.05.27.232630-db16422	test-fixtures-sources	2024-05-27T23:43:44Z	
2024.05.28.183746-e2453b7		2024-05-28T19:09:31Z	
2024.05.28.183746-e2453b7	test-fixtures	2024-05-28T19:09:33Z	
2024.05.28.183746-e2453b7	test-fixtures-sources	2024-05-28T19:09:32Z	
2024.05.30.203838-1ba4792		2024-05-30T20:56:43Z	
2024.05.30.203838-1ba4792	test-fixtures	2024-05-30T20:56:44Z	
2024.05.30.203838-1ba4792	test-fixtures-sources	2024-05-30T20:56:45Z	
2024.05.31.161847-d5e271f		2024-05-31T16:36:04Z	
2024.05.31.161847-d5e271f	test-fixtures	2024-05-31T16:36:04Z	
2024.05.31.161847-d5e271f	test-fixtures-sources	2024-05-31T16:36:04Z	
2024.05.31.180357-282fa8a		2024-05-31T18:22:09Z	
2024.05.31.180357-282fa8a	test-fixtures	2024-05-31T18:22:11Z	
2024.05.31.180357-282fa8a	test-fixtures-sources	2024-05-31T18:22:10Z	
2024.06.04.005129-e3871f0		2024-06-04T01:09:21Z	
2024.06.04.005129-e3871f0	test-fixtures	2024-06-04T01:09:24Z	
2024.06.04.005129-e3871f0	test-fixtures-sources	2024-06-04T01:09:23Z	
2024.06.06.161359-bdb3d56		2024-06-06T16:31:41Z	
2024.06.06.161359-bdb3d56	test-fixtures	2024-06-06T16:31:42Z	
2024.06.06.161359-bdb3d56	test-fixtures-sources	2024-06-06T16:31:42Z	
2024.06.07.154308-8711bf7		2024-06-07T16:00:58Z	
2024.06.07.154308-8711bf7	test-fixtures	2024-06-07T16:01:00Z	
2024.06.07.154308-8711bf7	test-fixtures-sources	2024-06-07T16:01:01Z	
2024.06.10.142710-bf94f2d		2024-06-10T14:45:57Z	
2024.06.10.142710-bf94f2d	test-fixtures	2024-06-10T14:45:59Z	
2024.06.10.142710-bf94f2d	test-fixtures-sources	2024-06-10T14:46:01Z	
2024.06.10.212212-83b8c0d		2024-06-10T21:35:06Z	
2024.06.10.212212-83b8c0d	test-fixtures	2024-06-10T21:35:06Z	
2024.06.10.212212-83b8c0d	test-fixtures-sources	2024-06-10T21:35:11Z	
2024.06.10.230616-493b7d9		2024-06-10T23:22:10Z	
2024.06.10.230616-493b7d9	test-fixtures	2024-06-10T23:22:14Z	
2024.06.10.230616-493b7d9	test-fixtures-sources	2024-06-10T23:22:19Z	
2024.06.11.150145-b430ae1		2024-06-11T15:13:37Z	
2024.06.11.150145-b430ae1	test-fixtures	2024-06-11T15:13:39Z	
2024.06.11.150145-b430ae1	test-fixtures-sources	2024-06-11T15:13:39Z	
2024.06.11.172821-7dee849		2024-06-11T17:39:46Z	
2024.06.11.172821-7dee849	test-fixtures	2024-06-11T17:39:47Z	
2024.06.11.172821-7dee849	test-fixtures-sources	2024-06-11T17:39:47Z	
2024.06.11.195836-064124a		2024-06-11T20:10:27Z	
2024.06.11.195836-064124a	test-fixtures	2024-06-11T20:10:29Z	
2024.06.11.195836-064124a	test-fixtures-sources	2024-06-11T20:10:31Z	
2024.06.11.204514-e649494		2024-06-11T20:56:23Z	
2024.06.11.204514-e649494	test-fixtures	2024-06-11T20:56:23Z	
2024.06.11.204514-e649494	test-fixtures-sources	2024-06-11T20:56:23Z	
2024.06.13.141411-0656e35		2024-06-13T14:28:11Z	
2024.06.13.141411-0656e35	test-fixtures	2024-06-13T14:28:17Z	
2024.06.13.141411-0656e35	test-fixtures-sources	2024-06-13T14:28:16Z	
2024.06.18.092631-18a6ae6		2024-06-18T15:09:38Z	
2024.06.18.092631-18a6ae6	test-fixtures	2024-06-18T15:09:39Z	
2024.06.18.092631-18a6ae6	test-fixtures-sources	2024-06-18T15:09:39Z	
2024.06.18.164342-3f19bc9		2024-06-18T16:55:17Z	
2024.06.18.164342-3f19bc9	test-fixtures	2024-06-18T16:55:18Z	
2024.06.18.164342-3f19bc9	test-fixtures-sources	2024-06-18T16:55:20Z	
2024.06.18.164826-f17519d		2024-06-18T17:00:02Z	
2024.06.18.164826-f17519d	test-fixtures	2024-06-18T17:00:03Z	
2024.06.18.164826-f17519d	test-fixtures-sources	2024-06-18T17:00:03Z	
2024.06.18.181924-0ea807e		2024-06-18T18:30:33Z	
2024.06.18.181924-0ea807e	test-fixtures	2024-06-18T18:30:35Z	
2024.06.18.181924-0ea807e	test-fixtures-sources	2024-06-18T18:30:34Z	
2024.06.18.192533-06bbf86		2024-06-18T19:36:26Z	
2024.06.18.192533-06bbf86	test-fixtures	2024-06-18T19:36:26Z	
2024.06.18.192533-06bbf86	test-fixtures-sources	2024-06-18T19:36:26Z	
2024.06.18.214731-fb3d256		2024-06-18T21:58:53Z	
2024.06.18.214731-fb3d256	test-fixtures	2024-06-18T21:58:54Z	
2024.06.18.214731-fb3d256	test-fixtures-sources	2024-06-18T21:58:54Z	
2024.06.18.222756-87e06c5		2024-06-18T22:39:20Z	
2024.06.18.222756-87e06c5	test-fixtures	2024-06-18T22:39:23Z	
2024.06.18.222756-87e06c5	test-fixtures-sources	2024-06-18T22:39:21Z	
2024.06.19.153119-a4bdcea		2024-06-19T15:42:43Z	
2024.06.19.153119-a4bdcea	test-fixtures	2024-06-19T15:42:44Z	
2024.06.19.153119-a4bdcea	test-fixtures-sources	2024-06-19T15:42:44Z	
2024.06.20.040255-176a4c5		2024-06-20T04:15:00Z	
2024.06.20.040255-176a4c5	test-fixtures	2024-06-20T04:15:01Z	
2024.06.20.040255-176a4c5	test-fixtures-sources	2024-06-20T04:15:01Z	
2024.06.20.184927-66f629c		2024-06-20T19:01:43Z	
2024.06.20.184927-66f629c	test-fixtures	2024-06-20T19:01:47Z	
2024.06.20.184927-66f629c	test-fixtures-sources	2024-06-20T19:01:45Z	
2024.06.20.202752-c69fc44		2024-06-20T20:39:33Z	
2024.06.20.202752-c69fc44	test-fixtures	2024-06-20T20:39:37Z	
2024.06.20.202752-c69fc44	test-fixtures-sources	2024-06-20T20:39:42Z	
2024.06.24.224321-be3c737		2024-06-24T22:55:20Z	
2024.06.24.224321-be3c737	test-fixtures	2024-06-24T22:55:22Z	
2024.06.24.224321-be3c737	test-fixtures-sources	2024-06-24T22:55:23Z	
2024.06.24.225832-eab5687		2024-06-24T23:10:58Z	
2024.06.24.225832-eab5687	test-fixtures	2024-06-24T23:11:02Z	
2024.06.24.225832-eab5687	test-fixtures-sources	2024-06-24T23:10:59Z	
2024.06.25.013436-ebebb15		2024-06-25T01:46:02Z	
2024.06.25.013436-ebebb15	test-fixtures	2024-06-25T01:46:02Z	
2024.06.25.013436-ebebb15	test-fixtures-sources	2024-06-25T01:46:03Z	
2024.06.25.041255-c661a64		2024-06-25T04:24:00Z	
2024.06.25.041255-c661a64	test-fixtures	2024-06-25T04:24:01Z	
2024.06.25.041255-c661a64	test-fixtures-sources	2024-06-25T04:24:01Z	
2024.06.25.063516-6e1d476		2024-06-25T06:51:00Z	
2024.06.25.063516-6e1d476	test-fixtures	2024-06-25T06:51:02Z	
2024.06.25.063516-6e1d476	test-fixtures-sources	2024-06-25T06:51:01Z	
2024.06.25.200510-050f3f8		2024-06-25T20:17:10Z	
2024.06.25.200510-050f3f8	test-fixtures	2024-06-25T20:17:13Z	
2024.06.25.200510-050f3f8	test-fixtures-sources	2024-06-25T20:17:12Z	
2024.06.25.234300-fa21035		2024-06-25T23:54:02Z	
2024.06.25.234300-fa21035	test-fixtures	2024-06-25T23:54:02Z	
2024.06.25.234300-fa21035	test-fixtures-sources	2024-06-25T23:54:02Z	
2024.06.26.042712-091a609		2024-06-26T04:38:00Z	
2024.06.26.042712-091a609	test-fixtures	2024-06-26T04:38:00Z	
2024.06.26.042712-091a609	test-fixtures-sources	2024-06-26T04:38:00Z	
2024.06.26.052833-88986ac		2024-06-26T05:39:52Z	
2024.06.26.052833-88986ac	test-fixtures	2024-06-26T05:39:55Z	
2024.06.26.052833-88986ac	test-fixtures-sources	2024-06-26T05:39:54Z	
2024.06.26.170825-6fe66ba		2024-06-26T17:19:40Z	
2024.06.26.170825-6fe66ba	test-fixtures	2024-06-26T17:19:40Z	
2024.06.26.170825-6fe66ba	test-fixtures-sources	2024-06-26T17:19:41Z	
2024.06.27.040127-0a711d1		2024-06-27T04:12:53Z	
2024.06.27.040127-0a711d1	test-fixtures	2024-06-27T04:12:54Z	
2024.06.27.040127-0a711d1	test-fixtures-sources	2024-06-27T04:12:54Z	
2024.06.28.012855-19b505b		2024-06-28T01:39:48Z	
2024.06.28.012855-19b505b	test-fixtures	2024-06-28T01:39:49Z	
2024.06.28.012855-19b505b	test-fixtures-sources	2024-06-28T01:39:49Z	
2024.06.28.031542-2d33b06		2024-06-28T03:34:45Z	
2024.06.28.031542-2d33b06	test-fixtures	2024-06-28T03:34:49Z	
2024.06.28.031542-2d33b06	test-fixtures-sources	2024-06-28T03:34:48Z	
2024.06.28.210308-e053e08		2024-06-28T21:21:10Z	
2024.06.28.210308-e053e08	test-fixtures	2024-06-28T21:21:11Z	
2024.06.28.210308-e053e08	test-fixtures-sources	2024-06-28T21:21:10Z	
2024.07.01.013832-751f806		2024-07-01T01:58:26Z	
2024.07.01.013832-751f806	test-fixtures	2024-07-01T01:58:26Z	
2024.07.01.013832-751f806	test-fixtures-sources	2024-07-01T01:58:26Z	
2024.07.02.203153-b2a28e4		2024-07-02T20:49:46Z	
2024.07.02.203153-b2a28e4	test-fixtures	2024-07-02T20:49:46Z	
2024.07.02.203153-b2a28e4	test-fixtures-sources	2024-07-02T20:49:46Z	
2024.07.02.213126-f6a2f7c		2024-07-02T21:49:30Z	
2024.07.02.213126-f6a2f7c	test-fixtures	2024-07-02T21:49:31Z	
2024.07.02.213126-f6a2f7c	test-fixtures-sources	2024-07-02T21:49:32Z	
2024.07.03.230725-350c672		2024-07-03T23:25:44Z	
2024.07.03.230725-350c672	test-fixtures	2024-07-03T23:25:45Z	
2024.07.03.230725-350c672	test-fixtures-sources	2024-07-03T23:25:45Z	
2024.07.04.010324-caf2391		2024-07-04T01:21:06Z	
2024.07.04.010324-caf2391	test-fixtures	2024-07-04T01:21:06Z	
2024.07.04.010324-caf2391	test-fixtures-sources	2024-07-04T01:21:06Z	
2024.07.05.180932-9cb2b1d		2024-07-05T18:27:40Z	
2024.07.05.180932-9cb2b1d	test-fixtures	2024-07-05T18:27:41Z	
2024.07.05.180932-9cb2b1d	test-fixtures-sources	2024-07-05T18:27:41Z	
2024.07.05.183137-dbec7ef		2024-07-05T18:49:09Z	
2024.07.05.183137-dbec7ef	test-fixtures	2024-07-05T18:49:09Z	
2024.07.05.183137-dbec7ef	test-fixtures-sources	2024-07-05T18:49:10Z	
2024.07.05.185354-508667b		2024-07-05T19:11:26Z	
2024.07.05.185354-508667b	test-fixtures	2024-07-05T19:11:27Z	
2024.07.05.185354-508667b	test-fixtures-sources	2024-07-05T19:11:26Z	
2024.07.06.144130-1fd1624		2024-07-06T14:59:18Z	
2024.07.06.144130-1fd1624	test-fixtures	2024-07-06T14:59:19Z	
2024.07.06.144130-1fd1624	test-fixtures-sources	2024-07-06T14:59:23Z	
2024.07.08.192401-37e6d7e		2024-07-08T19:41:44Z	
2024.07.08.192401-37e6d7e	test-fixtures	2024-07-08T19:41:44Z	
2024.07.08.192401-37e6d7e	test-fixtures-sources	2024-07-08T19:41:45Z	
2024.07.09.155210-691e54c		2024-07-09T16:09:54Z	
2024.07.09.155210-691e54c	test-fixtures	2024-07-09T16:09:58Z	
2024.07.09.155210-691e54c	test-fixtures-sources	2024-07-09T16:09:57Z	
2024.07.09.205023-34eab3d		2024-07-09T21:08:16Z	
2024.07.09.205023-34eab3d	test-fixtures	2024-07-09T21:08:19Z	
2024.07.09.205023-34eab3d	test-fixtures-sources	2024-07-09T21:08:22Z	
2024.07.09.210223-449858f		2024-07-09T21:20:02Z	
2024.07.09.210223-449858f	test-fixtures	2024-07-09T21:20:03Z	
2024.07.09.210223-449858f	test-fixtures-sources	2024-07-09T21:20:03Z	
2024.07.10.142246-a3de860		2024-07-10T14:41:04Z	
2024.07.10.142246-a3de860	test-fixtures	2024-07-10T14:41:08Z	
2024.07.10.142246-a3de860	test-fixtures-sources	2024-07-10T14:41:06Z	
2024.07.10.163606-16f3842		2024-07-10T16:54:11Z	
2024.07.10.163606-16f3842	test-fixtures	2024-07-10T16:54:12Z	
2024.07.10.163606-16f3842	test-fixtures-sources	2024-07-10T16:54:13Z	
2024.07.11.200321-f27b257		2024-07-11T20:20:35Z	
2024.07.11.200321-f27b257	test-fixtures	2024-07-11T20:20:35Z	
2024.07.11.200321-f27b257	test-fixtures-sources	2024-07-11T20:20:36Z	
2024.07.15.200634-2a91754		2024-07-15T20:24:51Z	
2024.07.15.200634-2a91754	test-fixtures	2024-07-15T20:24:51Z	
2024.07.15.200634-2a91754	test-fixtures-sources	2024-07-15T20:24:51Z	
2024.07.16.001614-0c62aa0		2024-07-16T00:34:18Z	
2024.07.16.001614-0c62aa0	test-fixtures	2024-07-16T00:34:21Z	
2024.07.16.001614-0c62aa0	test-fixtures-sources	2024-07-16T00:34:22Z	
2024.07.16.013323-50434b2		2024-07-16T01:50:48Z	
2024.07.16.013323-50434b2	test-fixtures	2024-07-16T01:50:50Z	
2024.07.16.013323-50434b2	test-fixtures-sources	2024-07-16T01:50:50Z	
2024.07.18.025945-4ab474b		2024-07-18T03:18:56Z	
2024.07.18.025945-4ab474b	test-fixtures	2024-07-18T03:18:56Z	
2024.07.18.025945-4ab474b	test-fixtures-sources	2024-07-18T03:18:59Z	
2024.07.18.141657-f3aa257		2024-07-18T14:36:58Z	
2024.07.18.141657-f3aa257	test-fixtures	2024-07-18T14:36:58Z	
2024.07.18.141657-f3aa257	test-fixtures-sources	2024-07-18T14:36:58Z	
2024.07.19.134509-7e566a4		2024-07-19T14:05:01Z	
2024.07.19.134509-7e566a4	test-fixtures	2024-07-19T14:05:03Z	
2024.07.19.134509-7e566a4	test-fixtures-sources	2024-07-19T14:05:04Z	
2024.07.19.162824-5b2a0bf		2024-07-19T16:47:51Z	
2024.07.19.162824-5b2a0bf	test-fixtures	2024-07-19T16:47:55Z	
2024.07.19.162824-5b2a0bf	test-fixtures-sources	2024-07-19T16:47:56Z	
2024.07.22.161133-9a9c0b4		2024-07-22T16:31:52Z	
2024.07.22.161133-9a9c0b4	test-fixtures	2024-07-22T16:31:57Z	
2024.07.22.161133-9a9c0b4	test-fixtures-sources	2024-07-22T16:31:56Z	
2024.07.22.181346-075b1aa		2024-07-22T18:33:56Z	
2024.07.22.181346-075b1aa	test-fixtures	2024-07-22T18:33:58Z	
2024.07.22.181346-075b1aa	test-fixtures-sources	2024-07-22T18:33:58Z	
2024.07.24.000409-26a4f00		2024-07-24T00:23:23Z	
2024.07.24.000409-26a4f00	test-fixtures	2024-07-24T00:23:23Z	
2024.07.24.000409-26a4f00	test-fixtures-sources	2024-07-24T00:23:30Z	
2024.07.24.160615-4855a41		2024-07-24T16:28:49Z	
2024.07.24.160615-4855a41	test-fixtures	2024-07-24T16:28:50Z	
2024.07.24.160615-4855a41	test-fixtures-sources	2024-07-24T16:28:49Z	
2024.07.24.191239-e019b30		2024-07-24T19:31:47Z	
2024.07.24.191239-e019b30	test-fixtures	2024-07-24T19:31:47Z	
2024.07.24.191239-e019b30	test-fixtures-sources	2024-07-24T19:31:47Z	
2024.07.25.195118-918a819		2024-07-25T20:10:15Z	
2024.07.25.195118-918a819	test-fixtures	2024-07-25T20:10:17Z	
2024.07.25.195118-918a819	test-fixtures-sources	2024-07-25T20:10:16Z	
2024.07.26.184131-8ee0b6f		2024-07-26T19:27:47Z	
2024.07.26.184131-8ee0b6f	test-fixtures	2024-07-26T19:27:55Z	
2024.07.26.184131-8ee0b6f	test-fixtures-sources	2024-07-26T19:27:51Z	
2024.07.30.161242-c6e2300		2024-07-30T16:31:35Z	
2024.07.30.161242-c6e2300	test-fixtures	2024-07-30T16:31:35Z	
2024.07.30.161242-c6e2300	test-fixtures-sources	2024-07-30T16:31:35Z	
2024.07.30.161246-20eb968		2024-07-30T16:32:30Z	
2024.07.30.161246-20eb968	test-fixtures	2024-07-30T16:32:31Z	
2024.07.30.161246-20eb968	test-fixtures-sources	2024-07-30T16:32:31Z	
2024.07.31.213948-02144a7		2024-07-31T21:59:32Z	
2024.07.31.213948-02144a7	test-fixtures	2024-07-31T21:59:36Z	
2024.07.31.213948-02144a7	test-fixtures-sources	2024-07-31T21:59:35Z	
2024.07.31.221238-f4c9b33		2024-07-31T22:32:30Z	
2024.07.31.221238-f4c9b33	test-fixtures	2024-07-31T22:32:32Z	
2024.07.31.221238-f4c9b33	test-fixtures-sources	2024-07-31T22:32:32Z	
2024.08.01.044246-e38725d		2024-08-01T05:02:17Z	
2024.08.01.044246-e38725d	test-fixtures	2024-08-01T05:02:21Z	
2024.08.01.044246-e38725d	test-fixtures-sources	2024-08-01T05:02:21Z	
2024.08.01.215058-0ad5f3f		2024-08-01T22:09:51Z	
2024.08.01.215058-0ad5f3f	test-fixtures	2024-08-01T22:09:51Z	
2024.08.01.215058-0ad5f3f	test-fixtures-sources	2024-08-01T22:09:52Z	
2024.08.02.013704-07e9f85		2024-08-02T01:56:42Z	
2024.08.02.013704-07e9f85	test-fixtures	2024-08-02T01:56:45Z	
2024.08.02.013704-07e9f85	test-fixtures-sources	2024-08-02T01:56:44Z	
2024.08.02.044409-111a013		2024-08-02T05:02:55Z	
2024.08.02.044409-111a013	test-fixtures	2024-08-02T05:02:56Z	
2024.08.02.044409-111a013	test-fixtures-sources	2024-08-02T05:02:56Z	
2024.08.02.131124-227cc49		2024-08-02T13:31:26Z	
2024.08.02.131124-227cc49	test-fixtures	2024-08-02T13:31:29Z	
2024.08.02.131124-227cc49	test-fixtures-sources	2024-08-02T13:31:29Z	
2024.08.02.151821-d6b5605		2024-08-02T15:38:18Z	
2024.08.02.151821-d6b5605	test-fixtures	2024-08-02T15:38:21Z	
2024.08.02.151821-d6b5605	test-fixtures-sources	2024-08-02T15:38:19Z	
2024.08.02.175958-01e95c4		2024-08-02T18:20:30Z	
2024.08.02.175958-01e95c4	test-fixtures	2024-08-02T18:20:34Z	
2024.08.02.175958-01e95c4	test-fixtures-sources	2024-08-02T18:20:30Z	
2024.08.02.191652-d13f8e1		2024-08-02T19:36:09Z	
2024.08.02.191652-d13f8e1	test-fixtures	2024-08-02T19:36:15Z	
2024.08.02.191652-d13f8e1	test-fixtures-sources	2024-08-02T19:36:12Z	
2024.08.05.233812-5c2cb84		2024-08-05T23:57:30Z	
2024.08.05.233812-5c2cb84	test-fixtures	2024-08-05T23:57:31Z	
2024.08.05.233812-5c2cb84	test-fixtures-sources	2024-08-05T23:57:32Z	
2024.08.06.021736-b8aafdb		2024-08-06T02:37:19Z	
2024.08.06.021736-b8aafdb	test-fixtures	2024-08-06T02:37:22Z	
2024.08.06.021736-b8aafdb	test-fixtures-sources	2024-08-06T02:37:24Z	
2024.08.06.202231-0840104		2024-08-06T20:42:19Z	
2024.08.06.202231-0840104	test-fixtures	2024-08-06T20:42:20Z	
2024.08.06.202231-0840104	test-fixtures-sources	2024-08-06T20:42:20Z	
2024.08.06.234901-e62370b		2024-08-07T00:08:55Z	
2024.08.06.234901-e62370b	test-fixtures	2024-08-07T00:08:58Z	
2024.08.06.234901-e62370b	test-fixtures-sources	2024-08-07T00:08:59Z	
2024.08.07.020358-aa49aca		2024-08-07T02:23:20Z	
2024.08.07.020358-aa49aca	test-fixtures	2024-08-07T02:23:26Z	
2024.08.07.020358-aa49aca	test-fixtures-sources	2024-08-07T02:23:25Z	
2024.08.07.205316-4954777		2024-08-07T21:12:36Z	
2024.08.07.205316-4954777	test-fixtures	2024-08-07T21:12:36Z	
2024.08.07.205316-4954777	test-fixtures-sources	2024-08-07T21:12:36Z	
2024.08.08.000634-ec5fdd7		2024-08-08T00:26:07Z	
2024.08.08.000634-ec5fdd7	test-fixtures	2024-08-08T00:26:11Z	
2024.08.08.000634-ec5fdd7	test-fixtures-sources	2024-08-08T00:26:08Z	
2024.08.08.000638-bd0bb91		2024-08-08T00:25:41Z	
2024.08.08.000638-bd0bb91	test-fixtures	2024-08-08T00:25:42Z	
2024.08.08.000638-bd0bb91	test-fixtures-sources	2024-08-08T00:25:42Z	
2024.08.09.163205-8c03cf9		2024-08-09T16:51:32Z	
2024.08.09.163205-8c03cf9	test-fixtures	2024-08-09T16:51:32Z	
2024.08.09.163205-8c03cf9	test-fixtures-sources	2024-08-09T16:51:33Z	
2024.08.12.000546-8cffeac		2024-08-12T00:25:33Z	
2024.08.12.000546-8cffeac	test-fixtures	2024-08-12T00:25:34Z	
2024.08.12.000546-8cffeac	test-fixtures-sources	2024-08-12T00:25:34Z	
2024.08.12.171424-88efd9e		2024-08-12T17:33:54Z	
2024.08.12.171424-88efd9e	test-fixtures	2024-08-12T17:33:54Z	
2024.08.12.171424-88efd9e	test-fixtures-sources	2024-08-12T17:33:54Z	
2024.08.13.224211-82763c8		2024-08-13T23:01:41Z	
2024.08.13.224211-82763c8	test-fixtures	2024-08-13T23:01:41Z	
2024.08.13.224211-82763c8	test-fixtures-sources	2024-08-13T23:01:41Z	
2024.08.14.003117-25fb475		2024-08-14T00:50:45Z	
2024.08.14.003117-25fb475	test-fixtures	2024-08-14T00:50:51Z	
2024.08.14.003117-25fb475	test-fixtures-sources	2024-08-14T00:50:48Z	
2024.08.14.182223-c7eea2c		2024-08-14T18:42:07Z	
2024.08.14.182223-c7eea2c	test-fixtures	2024-08-14T18:42:07Z	
2024.08.14.182223-c7eea2c	test-fixtures-sources	2024-08-14T18:42:08Z	
2024.08.15.161706-1b622b0		2024-08-15T16:37:14Z	
2024.08.15.161706-1b622b0	test-fixtures	2024-08-15T16:37:19Z	
2024.08.15.161706-1b622b0	test-fixtures-sources	2024-08-15T16:37:15Z	
2024.08.15.232305-9f03864		2024-08-15T23:42:51Z	
2024.08.15.232305-9f03864	test-fixtures	2024-08-15T23:42:54Z	
2024.08.15.232305-9f03864	test-fixtures-sources	2024-08-15T23:42:54Z	
2024.08.16.185146-b1a684c		2024-08-16T19:07:57Z	
2024.08.16.185146-b1a684c	test-fixtures	2024-08-16T19:07:57Z	
2024.08.16.185146-b1a684c	test-fixtures-sources	2024-08-16T19:07:57Z	
2024.08.17.011913-d3f7205		2024-08-17T01:35:11Z	
2024.08.17.011913-d3f7205	test-fixtures	2024-08-17T01:35:11Z	
2024.08.17.011913-d3f7205	test-fixtures-sources	2024-08-17T01:35:11Z	
2024.08.19.150647-da25b2c		2024-08-19T15:22:44Z	
2024.08.19.150647-da25b2c	test-fixtures	2024-08-19T15:22:46Z	
2024.08.19.150647-da25b2c	test-fixtures-sources	2024-08-19T15:22:45Z	
2024.08.19.213921-3faf89c		2024-08-19T21:58:13Z	
2024.08.19.213921-3faf89c	test-fixtures	2024-08-19T21:58:14Z	
2024.08.19.213921-3faf89c	test-fixtures-sources	2024-08-19T21:58:14Z	
2024.08.21.185109-d03dfc6		2024-08-21T19:10:42Z	
2024.08.21.185109-d03dfc6	test-fixtures	2024-08-21T19:10:42Z	
2024.08.21.185109-d03dfc6	test-fixtures-sources	2024-08-21T19:10:43Z	
2024.08.22.193221-6271797		2024-08-22T19:51:18Z	
2024.08.22.193221-6271797	test-fixtures	2024-08-22T19:51:19Z	
2024.08.22.193221-6271797	test-fixtures-sources	2024-08-22T19:51:19Z	
2024.08.23.172819-8f2e898		2024-08-23T17:48:02Z	
2024.08.23.172819-8f2e898	test-fixtures	2024-08-23T17:48:04Z	
2024.08.23.172819-8f2e898	test-fixtures-sources	2024-08-23T17:48:13Z	
2024.08.23.175527-7b4a53a		2024-08-23T18:15:33Z	
2024.08.23.175527-7b4a53a	test-fixtures	2024-08-23T18:15:34Z	
2024.08.23.175527-7b4a53a	test-fixtures-sources	2024-08-23T18:15:37Z	
2024.08.23.212803-90de8d2		2024-08-23T21:47:20Z	
2024.08.23.212803-90de8d2	test-fixtures	2024-08-23T21:47:21Z	
2024.08.23.212803-90de8d2	test-fixtures-sources	2024-08-23T21:47:21Z	
2024.09.03.000616-a6ff702		2024-09-03T00:25:29Z	
2024.09.03.000616-a6ff702	test-fixtures	2024-09-03T00:25:30Z	
2024.09.03.000616-a6ff702	test-fixtures-sources	2024-09-03T00:25:29Z	
2024.09.03.175341-7e3b554		2024-09-03T18:13:02Z	
2024.09.03.175341-7e3b554	test-fixtures	2024-09-03T18:13:03Z	
2024.09.03.175341-7e3b554	test-fixtures-sources	2024-09-03T18:13:02Z	
2024.09.03.232122-5cc5f5f		2024-09-03T23:40:22Z	
2024.09.03.232122-5cc5f5f	test-fixtures	2024-09-03T23:40:23Z	
2024.09.03.232122-5cc5f5f	test-fixtures-sources	2024-09-03T23:40:23Z	
2024.09.04.130719-0ef52f0		2024-09-04T13:26:55Z	
2024.09.04.130719-0ef52f0	test-fixtures	2024-09-04T13:26:56Z	
2024.09.04.130719-0ef52f0	test-fixtures-sources	2024-09-04T13:26:56Z	
2024.09.04.181246-5fa440d		2024-09-04T18:33:06Z	
2024.09.04.181246-5fa440d	test-fixtures	2024-09-04T18:33:07Z	
2024.09.04.181246-5fa440d	test-fixtures-sources	2024-09-04T18:33:09Z	
2024.09.06.173445-d690f4c		2024-09-06T17:54:40Z	
2024.09.06.173445-d690f4c	test-fixtures	2024-09-06T17:54:41Z	
2024.09.06.173445-d690f4c	test-fixtures-sources	2024-09-06T17:54:41Z	
2024.09.09.203048-509e837		2024-09-09T20:50:44Z	
2024.09.09.203048-509e837	test-fixtures	2024-09-09T20:50:45Z	
2024.09.09.203048-509e837	test-fixtures-sources	2024-09-09T20:50:45Z	
2024.09.12.135053-587318e		2024-09-12T14:10:40Z	
2024.09.12.135053-587318e	test-fixtures	2024-09-12T14:10:41Z	
2024.09.12.135053-587318e	test-fixtures-sources	2024-09-12T14:10:42Z	
2024.09.16.164258-870f24c		2024-09-16T17:03:10Z	
2024.09.16.164258-870f24c	test-fixtures	2024-09-16T17:03:14Z	
2024.09.16.164258-870f24c	test-fixtures-sources	2024-09-16T17:03:15Z	
2024.09.16.175057-29ffbdf		2024-09-16T18:10:20Z	
2024.09.16.175057-29ffbdf	test-fixtures	2024-09-16T18:10:21Z	
2024.09.16.175057-29ffbdf	test-fixtures-sources	2024-09-16T18:10:21Z	
2024.09.16.181235-4589ca6		2024-09-16T18:32:19Z	
2024.09.16.181235-4589ca6	test-fixtures	2024-09-16T18:32:21Z	
2024.09.16.181235-4589ca6	test-fixtures-sources	2024-09-16T18:32:21Z	
2024.09.16.193250-da8c625		2024-09-16T19:52:24Z	
2024.09.16.193250-da8c625	test-fixtures	2024-09-16T19:52:28Z	
2024.09.16.193250-da8c625	test-fixtures-sources	2024-09-16T19:52:28Z	
2024.09.16.200203-e254e4d		2024-09-16T20:29:24Z	
2024.09.16.200203-e254e4d	test-fixtures	2024-09-16T20:29:24Z	
2024.09.16.200203-e254e4d	test-fixtures-sources	2024-09-16T20:29:25Z	
2024.09.17.200749-4708422		2024-09-17T20:27:38Z	
2024.09.17.200749-4708422	test-fixtures	2024-09-17T20:27:40Z	
2024.09.17.200749-4708422	test-fixtures-sources	2024-09-17T20:27:43Z	
2024.09.20.181503-6a94672		2024-09-20T18:35:34Z	
2024.09.20.181503-6a94672	test-fixtures	2024-09-20T18:35:38Z	
2024.09.20.181503-6a94672	test-fixtures-sources	2024-09-20T18:35:38Z	
2024.09.20.215132-bd5c0c5		2024-09-20T22:10:49Z	
2024.09.20.215132-bd5c0c5	test-fixtures	2024-09-20T22:10:51Z	
2024.09.20.215132-bd5c0c5	test-fixtures-sources	2024-09-20T22:10:50Z	
2024.09.23.154653-e3b43cd		2024-09-23T16:06:31Z	
2024.09.23.154653-e3b43cd	test-fixtures	2024-09-23T16:06:31Z	
2024.09.23.154653-e3b43cd	test-fixtures-sources	2024-09-23T16:06:31Z	
2024.09.23.190942-fac7598		2024-09-23T19:28:57Z	
2024.09.23.190942-fac7598	test-fixtures	2024-09-23T19:28:58Z	
2024.09.23.190942-fac7598	test-fixtures-sources	2024-09-23T19:28:57Z	
2024.09.24.184446-49673c4		2024-09-24T19:04:47Z	
2024.09.24.184446-49673c4	test-fixtures	2024-09-24T19:04:52Z	
2024.09.24.184446-49673c4	test-fixtures-sources	2024-09-24T19:04:48Z	
2024.09.24.230937-285aac9		2024-09-24T23:29:33Z	
2024.09.24.230937-285aac9	test-fixtures	2024-09-24T23:29:33Z	
2024.09.24.230937-285aac9	test-fixtures-sources	2024-09-24T23:29:34Z	
2024.09.25.160349-73223cb		2024-09-25T16:24:03Z	
2024.09.25.160349-73223cb	test-fixtures	2024-09-25T16:24:03Z	
2024.09.25.160349-73223cb	test-fixtures-sources	2024-09-25T16:24:03Z	
2024.09.25.160354-52a72c0		2024-09-25T16:23:29Z	
2024.09.25.160354-52a72c0	test-fixtures	2024-09-25T16:23:30Z	
2024.09.25.160354-52a72c0	test-fixtures-sources	2024-09-25T16:23:31Z	
2024.09.25.163146-1b49d90		2024-09-25T16:52:00Z	
2024.09.25.163146-1b49d90	test-fixtures	2024-09-25T16:52:02Z	
2024.09.25.163146-1b49d90	test-fixtures-sources	2024-09-25T16:52:00Z	
2024.09.25.200623-fffc401		2024-09-25T20:26:06Z	
2024.09.25.200623-fffc401	test-fixtures	2024-09-25T20:26:07Z	
2024.09.25.200623-fffc401	test-fixtures-sources	2024-09-25T20:26:07Z	
2024.09.26.235336-e5ff29d		2024-09-27T00:12:57Z	
2024.09.26.235336-e5ff29d	test-fixtures	2024-09-27T00:12:58Z	
2024.09.26.235336-e5ff29d	test-fixtures-sources	2024-09-27T00:12:57Z	
2024.09.27.162331-d76ef2a		2024-09-27T16:44:01Z	
2024.09.27.162331-d76ef2a	test-fixtures	2024-09-27T16:44:04Z	
2024.09.27.162331-d76ef2a	test-fixtures-sources	2024-09-27T16:44:03Z	
2024.09.27.162336-7ff7052		2024-09-27T16:44:22Z	
2024.09.27.162336-7ff7052	test-fixtures	2024-09-27T16:44:23Z	
2024.09.27.162336-7ff7052	test-fixtures-sources	2024-09-27T16:44:23Z	
2024.09.27.194134-13dcba0		2024-09-27T20:01:13Z	
2024.09.27.194134-13dcba0	test-fixtures	2024-09-27T20:01:13Z	
2024.09.27.194134-13dcba0	test-fixtures-sources	2024-09-27T20:01:14Z	
2024.10.01.040826-c502d53		2024-10-01T04:28:15Z	
2024.10.01.040826-c502d53	test-fixtures	2024-10-01T04:28:18Z	
2024.10.01.040826-c502d53	test-fixtures-sources	2024-10-01T04:28:18Z	
2024.10.01.170208-3a7d166		2024-10-01T17:22:14Z	
2024.10.01.170208-3a7d166	test-fixtures	2024-10-01T17:22:15Z	
2024.10.01.170208-3a7d166	test-fixtures-sources	2024-10-01T17:22:14Z	
2024.10.01.175311-40dff04		2024-10-01T18:12:33Z	
2024.10.01.175311-40dff04	test-fixtures	2024-10-01T18:12:34Z	
2024.10.01.175311-40dff04	test-fixtures-sources	2024-10-01T18:12:34Z	
2024.10.01.204307-e88a4a1		2024-10-01T21:02:56Z	
2024.10.01.204307-e88a4a1	test-fixtures	2024-10-01T21:02:57Z	
2024.10.01.204307-e88a4a1	test-fixtures-sources	2024-10-01T21:03:01Z	
2024.10.02.190200-2e5ba2b		2024-10-02T19:21:57Z	
2024.10.02.190200-2e5ba2b	test-fixtures	2024-10-02T19:21:58Z	
2024.10.02.190200-2e5ba2b	test-fixtures-sources	2024-10-02T19:21:58Z	
2024.10.02.233403-cdcdc2b		2024-10-02T23:53:35Z	
2024.10.02.233403-cdcdc2b	test-fixtures	2024-10-02T23:53:35Z	
2024.10.02.233403-cdcdc2b	test-fixtures-sources	2024-10-02T23:53:35Z	
2024.10.02.234759-77c560b		2024-10-03T00:07:41Z	
2024.10.02.234759-77c560b	test-fixtures	2024-10-03T00:07:42Z	
2024.10.02.234759-77c560b	test-fixtures-sources	2024-10-03T00:07:42Z	
2024.10.03.161720-9588fb2		2024-10-03T16:36:59Z	
2024.10.03.161720-9588fb2	test-fixtures	2024-10-03T16:37:00Z	
2024.10.03.161720-9588fb2	test-fixtures-sources	2024-10-03T16:37:00Z	
2024.10.03.164440-8efcbeb		2024-10-03T17:04:38Z	
2024.10.03.164440-8efcbeb	test-fixtures	2024-10-03T17:04:42Z	
2024.10.03.164440-8efcbeb	test-fixtures-sources	2024-10-03T17:04:41Z	
2024.10.04.022811-ef92231		2024-10-04T02:48:32Z	
2024.10.04.022811-ef92231	test-fixtures	2024-10-04T02:48:37Z	
2024.10.04.022811-ef92231	test-fixtures-sources	2024-10-04T02:48:35Z	
2024.10.04.194715-e0fc9d3		2024-10-04T20:07:42Z	
2024.10.04.194715-e0fc9d3	test-fixtures	2024-10-04T20:07:44Z	
2024.10.04.194715-e0fc9d3	test-fixtures-sources	2024-10-04T20:07:44Z	
2024.10.04.213414-775315b		2024-10-04T21:54:47Z	
2024.10.04.213414-775315b	test-fixtures	2024-10-04T21:54:51Z	
2024.10.04.213414-775315b	test-fixtures-sources	2024-10-04T21:54:51Z	
2024.10.05.012240-8cf16be		2024-10-05T01:42:45Z	
2024.10.05.012240-8cf16be	test-fixtures	2024-10-05T01:42:46Z	
2024.10.05.012240-8cf16be	test-fixtures-sources	2024-10-05T01:42:46Z	
2024.10.07.212506-9f957b3		2024-10-07T21:45:01Z	
2024.10.07.212506-9f957b3	test-fixtures	2024-10-07T21:45:02Z	
2024.10.07.212506-9f957b3	test-fixtures-sources	2024-10-07T21:45:01Z	
2024.10.08.135910-3efc130		2024-10-08T14:18:48Z	
2024.10.08.135910-3efc130	test-fixtures	2024-10-08T14:18:48Z	
2024.10.08.135910-3efc130	test-fixtures-sources	2024-10-08T14:18:49Z	
2024.10.08.195322-4f928e8		2024-10-08T20:13:06Z	
2024.10.08.195322-4f928e8	test-fixtures	2024-10-08T20:13:07Z	
2024.10.08.195322-4f928e8	test-fixtures-sources	2024-10-08T20:13:07Z	
2024.10.08.213438-0711f0d		2024-10-08T21:55:00Z	
2024.10.08.213438-0711f0d	test-fixtures	2024-10-08T21:55:02Z	
2024.10.08.213438-0711f0d	test-fixtures-sources	2024-10-08T21:55:01Z	
2024.10.08.215730-6bf34e8		2024-10-08T22:17:41Z	
2024.10.08.215730-6bf34e8	test-fixtures	2024-10-08T22:17:44Z	
2024.10.08.215730-6bf34e8	test-fixtures-sources	2024-10-08T22:17:45Z	
2024.10.09.155031-750366e		2024-10-09T16:16:20Z	
2024.10.09.155031-750366e	test-fixtures	2024-10-09T16:16:22Z	
2024.10.09.155031-750366e	test-fixtures-sources	2024-10-09T16:16:21Z	
2024.10.09.180246-10e3116		2024-10-09T18:23:26Z	
2024.10.09.180246-10e3116	test-fixtures	2024-10-09T18:23:28Z	
2024.10.09.180246-10e3116	test-fixtures-sources	2024-10-09T18:23:30Z	
2024.10.09.190532-48f66df		2024-10-09T19:26:20Z	
2024.10.09.190532-48f66df	test-fixtures	2024-10-09T19:26:21Z	
2024.10.09.190532-48f66df	test-fixtures-sources	2024-10-09T19:26:22Z	
2024.10.10.145454-ec27598		2024-10-10T15:14:33Z	
2024.10.10.145454-ec27598	test-fixtures	2024-10-10T15:14:33Z	
2024.10.10.145454-ec27598	test-fixtures-sources	2024-10-10T15:14:33Z	
2024.10.13.223258-0dacf1d		2024-10-13T22:53:21Z	
2024.10.13.223258-0dacf1d	test-fixtures	2024-10-13T22:53:24Z	
2024.10.13.223258-0dacf1d	test-fixtures-sources	2024-10-13T22:53:25Z	
2024.10.15.175507-1285348		2024-10-15T18:16:01Z	
2024.10.15.175507-1285348	test-fixtures	2024-10-15T18:16:05Z	
2024.10.15.175507-1285348	test-fixtures-sources	2024-10-15T18:16:04Z	
2024.10.16.050745-5d5613a		2024-10-16T05:27:22Z	
2024.10.16.050745-5d5613a	test-fixtures	2024-10-16T05:27:25Z	
2024.10.16.050745-5d5613a	test-fixtures-sources	2024-10-16T05:27:26Z	
2024.10.16.155854-026bf3b		2024-10-16T16:19:09Z	
2024.10.16.155854-026bf3b	test-fixtures	2024-10-16T16:19:10Z	
2024.10.16.155854-026bf3b	test-fixtures-sources	2024-10-16T16:19:11Z	
2024.11.06.172905-8d4fc2a		2024-11-06T17:51:26Z	
2024.11.06.172905-8d4fc2a	test-fixtures	2024-11-06T17:51:27Z	
2024.11.06.172905-8d4fc2a	test-fixtures-sources	2024-11-06T17:51:27Z	
2024.11.07.121830-1c3f2e5		2024-11-07T12:40:05Z	
2024.11.07.121830-1c3f2e5	test-fixtures	2024-11-07T12:40:06Z	
2024.11.07.121830-1c3f2e5	test-fixtures-sources	2024-11-07T12:40:06Z	
2024.11.12.172703-7e28375		2024-11-12T17:48:45Z	
2024.11.12.172703-7e28375	test-fixtures	2024-11-12T17:48:45Z	
2024.11.12.172703-7e28375	test-fixtures-sources	2024-11-12T17:48:46Z	
2024.11.12.175422-ea14d10		2024-11-12T18:16:13Z	
2024.11.12.175422-ea14d10	test-fixtures	2024-11-12T18:16:13Z	
2024.11.12.175422-ea14d10	test-fixtures-sources	2024-11-12T18:16:13Z	
2024.11.13.122358-d588cc4		2024-11-13T12:45:33Z	
2024.11.13.122358-d588cc4	test-fixtures	2024-11-13T12:45:34Z	
2024.11.13.122358-d588cc4	test-fixtures-sources	2024-11-13T12:45:34Z	
2024.11.13.213028-64f121e		2024-11-13T21:52:49Z	
2024.11.13.213028-64f121e	test-fixtures	2024-11-13T21:52:49Z	
2024.11.13.213028-64f121e	test-fixtures-sources	2024-11-13T21:52:50Z	
2024.11.14.031606-bddeae6		2024-11-14T03:37:59Z	
2024.11.14.031606-bddeae6	test-fixtures	2024-11-14T03:38:00Z	
2024.11.14.031606-bddeae6	test-fixtures-sources	2024-11-14T03:38:01Z	
2024.11.18.181619-bc85d02		2024-11-18T18:38:44Z	
2024.11.18.181619-bc85d02	test-fixtures	2024-11-18T18:38:50Z	
2024.11.18.181619-bc85d02	test-fixtures-sources	2024-11-18T18:38:50Z	
2024.11.21.163958-33c6589		2024-11-21T17:03:14Z	
2024.11.21.163958-33c6589	test-fixtures	2024-11-21T17:03:15Z	
2024.11.21.163958-33c6589	test-fixtures-sources	2024-11-21T17:03:16Z	
2024.11.22.072704-95614d5		2024-11-22T07:48:42Z	
2024.11.22.072704-95614d5	test-fixtures	2024-11-22T07:48:44Z	
2024.11.22.072704-95614d5	test-fixtures-sources	2024-11-22T07:48:43Z	
2024.11.22.172133-fe9b482		2024-11-22T17:43:51Z	
2024.11.22.172133-fe9b482	test-fixtures	2024-11-22T17:43:51Z	
2024.11.22.172133-fe9b482	test-fixtures-sources	2024-11-22T17:43:52Z	
2024.11.25.135704-aaa6064		2024-11-25T14:19:57Z	
2024.11.25.135704-aaa6064	test-fixtures	2024-11-25T14:19:58Z	
2024.11.25.135704-aaa6064	test-fixtures-sources	2024-11-25T14:19:58Z	
2024.11.25.135710-a6d6540		2024-11-25T14:19:40Z	
2024.11.25.135710-a6d6540	test-fixtures	2024-11-25T14:19:41Z	
2024.11.25.135710-a6d6540	test-fixtures-sources	2024-11-25T14:19:41Z	
2024.11.25.200602-cf0ef48		2024-11-25T20:28:56Z	
2024.11.25.200602-cf0ef48	test-fixtures	2024-11-25T20:28:56Z	
2024.11.25.200602-cf0ef48	test-fixtures-sources	2024-11-25T20:28:57Z	
2024.11.26.015353-335658e		2024-11-26T02:15:44Z	
2024.11.26.015353-335658e	test-fixtures	2024-11-26T02:15:45Z	
2024.11.26.015353-335658e	test-fixtures-sources	2024-11-26T02:15:45Z	
2024.11.27.172411-60cfef6		2024-11-27T17:48:58Z	
2024.11.27.172411-60cfef6	test-fixtures	2024-11-27T17:48:59Z	
2024.11.27.172411-60cfef6	test-fixtures-sources	2024-11-27T17:48:59Z	
2024.11.28.143658-21b4eb8		2024-11-28T14:59:17Z	
2024.11.28.143658-21b4eb8	test-fixtures	2024-11-28T14:59:17Z	
2024.11.28.143658-21b4eb8	test-fixtures-sources	2024-11-28T14:59:17Z	
2024.11.29.052236-85d8ee4		2024-11-29T05:43:56Z	
2024.11.29.052236-85d8ee4	test-fixtures	2024-11-29T05:43:57Z	
2024.11.29.052236-85d8ee4	test-fixtures-sources	2024-11-29T05:43:57Z	
2024.12.02.143014-73e2cd2		2024-12-02T14:51:59Z	
2024.12.02.143014-73e2cd2	test-fixtures	2024-12-02T14:52:00Z	
2024.12.02.143014-73e2cd2	test-fixtures-sources	2024-12-02T14:52:00Z	
2024.12.02.201507-401782a		2024-12-02T20:37:32Z	
2024.12.02.201507-401782a	test-fixtures	2024-12-02T20:37:33Z	
2024.12.02.201507-401782a	test-fixtures-sources	2024-12-02T20:37:33Z	
2024.12.03.005030-ad1be79		2024-12-03T01:13:39Z	
2024.12.03.005030-ad1be79	test-fixtures	2024-12-03T01:13:41Z	
2024.12.03.005030-ad1be79	test-fixtures-sources	2024-12-03T01:13:44Z	
2024.12.05.023914-b3e9c55		2024-12-05T03:00:48Z	
2024.12.05.023914-b3e9c55	test-fixtures	2024-12-05T03:00:50Z	
2024.12.05.023914-b3e9c55	test-fixtures-sources	2024-12-05T03:00:48Z	
2024.12.05.151723-a5d92b0		2024-12-05T15:39:55Z	
2024.12.05.151723-a5d92b0	test-fixtures	2024-12-05T15:39:59Z	
2024.12.05.151723-a5d92b0	test-fixtures-sources	2024-12-05T15:40:00Z	
2024.12.06.182022-bd4233f		2024-12-06T18:42:49Z	
2024.12.06.182022-bd4233f	test-fixtures	2024-12-06T18:42:50Z	
2024.12.06.182022-bd4233f	test-fixtures-sources	2024-12-06T18:42:50Z	
2024.12.06.200134-f67b403		2024-12-06T20:24:00Z	
2024.12.06.200134-f67b403	test-fixtures	2024-12-06T20:24:00Z	
2024.12.06.200134-f67b403	test-fixtures-sources	2024-12-06T20:24:00Z	
2024.12.06.232112-c1e6a30		2024-12-06T23:43:13Z	
2024.12.06.232112-c1e6a30	test-fixtures	2024-12-06T23:43:14Z	
2024.12.06.232112-c1e6a30	test-fixtures-sources	2024-12-06T23:43:15Z	
2024.12.09.125042-414f9af		2024-12-09T13:12:16Z	
2024.12.09.125042-414f9af	test-fixtures	2024-12-09T13:12:16Z	
2024.12.09.125042-414f9af	test-fixtures-sources	2024-12-09T13:12:16Z	
2024.12.10.144700-56003a6		2024-12-10T15:08:54Z	
2024.12.10.144700-56003a6	test-fixtures	2024-12-10T15:08:55Z	
2024.12.10.144700-56003a6	test-fixtures-sources	2024-12-10T15:08:56Z	
2024.12.10.164301-d392e63		2024-12-10T17:05:05Z	
2024.12.10.164301-d392e63	test-fixtures	2024-12-10T17:05:06Z	
2024.12.10.164301-d392e63	test-fixtures-sources	2024-12-10T17:05:06Z	
2024.12.11.045735-b1be9c9		2024-12-11T05:20:01Z	
2024.12.11.045735-b1be9c9	test-fixtures	2024-12-11T05:20:02Z	
2024.12.11.045735-b1be9c9	test-fixtures-sources	2024-12-11T05:20:02Z	
2024.12.11.152254-7d649b4		2024-12-11T15:45:10Z	
2024.12.11.152254-7d649b4	test-fixtures	2024-12-11T15:45:10Z	
2024.12.11.152254-7d649b4	test-fixtures-sources	2024-12-11T15:45:10Z	
2024.12.11.174623-de900cb		2024-12-11T18:08:42Z	
2024.12.11.174623-de900cb	test-fixtures	2024-12-11T18:08:43Z	
2024.12.11.174623-de900cb	test-fixtures-sources	2024-12-11T18:08:43Z	
2024.12.12.153725-b454031		2024-12-12T15:59:40Z	
2024.12.12.153725-b454031	test-fixtures	2024-12-12T15:59:40Z	
2024.12.12.153725-b454031	test-fixtures-sources	2024-12-12T15:59:40Z	
2025.01.07.011907-b964324		2025-01-07T01:40:54Z	
2025.01.07.011907-b964324	test-fixtures	2025-01-07T01:40:55Z	
2025.01.07.011907-b964324	test-fixtures-sources	2025-01-07T01:40:55Z	
2025.01.07.215822-d78df69		2025-01-07T22:19:58Z	
2025.01.07.215822-d78df69	test-fixtures	2025-01-07T22:19:58Z	
2025.01.07.215822-d78df69	test-fixtures-sources	2025-01-07T22:19:58Z	
2025.01.09.162649-bc75b83		2025-01-09T16:48:35Z	
2025.01.09.162649-bc75b83	test-fixtures	2025-01-09T16:48:41Z	
2025.01.09.162649-bc75b83	test-fixtures-sources	2025-01-09T16:48:37Z	
2025.01.09.184726-680bca2		2025-01-09T19:08:50Z	
2025.01.09.184726-680bca2	test-fixtures	2025-01-09T19:08:52Z	
2025.01.09.184726-680bca2	test-fixtures-sources	2025-01-09T19:08:52Z	
2025.01.10.042146-bac1676		2025-01-10T04:43:30Z	
2025.01.10.042146-bac1676	test-fixtures	2025-01-10T04:43:31Z	
2025.01.10.042146-bac1676	test-fixtures-sources	2025-01-10T04:43:31Z	
2025.01.10.084905-75884b1		2025-01-10T09:10:40Z	
2025.01.10.084905-75884b1	test-fixtures	2025-01-10T09:10:40Z	
2025.01.10.084905-75884b1	test-fixtures-sources	2025-01-10T09:10:43Z	
2025.01.10.213549-bac8635		2025-01-10T21:57:23Z	
2025.01.10.213549-bac8635	test-fixtures	2025-01-10T21:57:23Z	
2025.01.10.213549-bac8635	test-fixtures-sources	2025-01-10T21:57:23Z	
2025.01.13.182250-a73745c		2025-01-13T18:45:16Z	
2025.01.13.182250-a73745c	test-fixtures	2025-01-13T18:45:16Z	
2025.01.13.182250-a73745c	test-fixtures-sources	2025-01-13T18:45:16Z	
2025.01.14.142550-2b943b2		2025-01-14T14:47:35Z	
2025.01.14.142550-2b943b2	test-fixtures	2025-01-14T14:47:37Z	
2025.01.14.142550-2b943b2	test-fixtures-sources	2025-01-14T14:47:36Z	
2025.01.14.182509-aa11bb4		2025-01-14T18:46:54Z	
2025.01.14.182509-aa11bb4	test-fixtures	2025-01-14T18:46:55Z	
2025.01.14.182509-aa11bb4	test-fixtures-sources	2025-01-14T18:46:54Z	
2025.01.14.212100-300c730		2025-01-14T21:43:33Z	
2025.01.14.212100-300c730	test-fixtures	2025-01-14T21:43:38Z	
2025.01.14.212100-300c730	test-fixtures-sources	2025-01-14T21:43:36Z	
2025.01.15.151531-a12bfa1		2025-01-15T15:37:08Z	
2025.01.15.151531-a12bfa1	test-fixtures	2025-01-15T15:37:10Z	
2025.01.15.151531-a12bfa1	test-fixtures-sources	2025-01-15T15:37:09Z	
2025.01.16.154437-45e6601		2025-01-16T16:06:30Z	
2025.01.16.154437-45e6601	test-fixtures	2025-01-16T16:06:31Z	
2025.01.16.154437-45e6601	test-fixtures-sources	2025-01-16T16:06:31Z	
2025.01.18.234444-c11c3ff		2025-01-19T00:05:59Z	
2025.01.18.234444-c11c3ff	test-fixtures	2025-01-19T00:05:59Z	
2025.01.18.234444-c11c3ff	test-fixtures-sources	2025-01-19T00:05:59Z	
2025.01.19.023713-75b9f05		2025-01-19T02:58:33Z	
2025.01.19.023713-75b9f05	test-fixtures	2025-01-19T02:58:34Z	
2025.01.19.023713-75b9f05	test-fixtures-sources	2025-01-19T02:58:34Z	
2025.01.20.023502-ea056ec		2025-01-20T02:58:03Z	
2025.01.20.023502-ea056ec	test-fixtures	2025-01-20T02:58:06Z	
2025.01.20.023502-ea056ec	test-fixtures-sources	2025-01-20T02:58:06Z	
2025.01.20.030258-da95516		2025-01-20T03:25:07Z	
2025.01.20.030258-da95516	test-fixtures	2025-01-20T03:25:12Z	
2025.01.20.030258-da95516	test-fixtures-sources	2025-01-20T03:25:09Z	
2025.01.22.143642-a58fac1		2025-01-22T14:58:13Z	
2025.01.22.143642-a58fac1	test-fixtures	2025-01-22T14:58:14Z	
2025.01.22.143642-a58fac1	test-fixtures-sources	2025-01-22T14:58:14Z	
2025.01.22.143650-661fb5c		2025-01-22T14:57:48Z	
2025.01.22.143650-661fb5c	test-fixtures	2025-01-22T14:57:49Z	
2025.01.22.143650-661fb5c	test-fixtures-sources	2025-01-22T14:57:48Z	
2025.01.23.034553-c018516		2025-01-23T04:08:12Z	
2025.01.23.034553-c018516	test-fixtures	2025-01-23T04:08:13Z	
2025.01.23.034553-c018516	test-fixtures-sources	2025-01-23T04:08:17Z	
2025.01.23.121151-2bb4d0e		2025-01-23T12:33:48Z	
2025.01.23.121151-2bb4d0e	test-fixtures	2025-01-23T12:33:49Z	
2025.01.23.121151-2bb4d0e	test-fixtures-sources	2025-01-23T12:33:49Z	
2025.01.23.160257-4116eab		2025-01-23T16:24:20Z	
2025.01.23.160257-4116eab	test-fixtures	2025-01-23T16:24:21Z	
2025.01.23.160257-4116eab	test-fixtures-sources	2025-01-23T16:24:20Z	
2025.01.23.232157-c0af8b4		2025-01-23T23:43:34Z	
2025.01.23.232157-c0af8b4	test-fixtures	2025-01-23T23:43:34Z	
2025.01.23.232157-c0af8b4	test-fixtures-sources	2025-01-23T23:43:35Z	
2025.01.24.003954-afc3ab9		2025-01-24T01:00:42Z	
2025.01.24.003954-afc3ab9	test-fixtures	2025-01-24T01:00:43Z	
2025.01.24.003954-afc3ab9	test-fixtures-sources	2025-01-24T01:00:43Z	
2025.01.26.042042-2878475		2025-01-26T04:42:05Z	
2025.01.26.042042-2878475	test-fixtures	2025-01-26T04:42:06Z	
2025.01.26.042042-2878475	test-fixtures-sources	2025-01-26T04:42:05Z	
2025.01.27.153523-b8bddd3		2025-01-27T15:57:23Z	
2025.01.27.153523-b8bddd3	test-fixtures	2025-01-27T15:57:23Z	
2025.01.27.153523-b8bddd3	test-fixtures-sources	2025-01-27T15:57:23Z	
2025.01.27.162110-8b0d475		2025-01-27T16:42:42Z	
2025.01.27.162110-8b0d475	test-fixtures	2025-01-27T16:42:55Z	
2025.01.27.162110-8b0d475	test-fixtures-sources	2025-01-27T16:42:53Z	
2025.01.28.164805-0865899		2025-01-28T17:09:25Z	
2025.01.28.164805-0865899	test-fixtures	2025-01-28T17:09:25Z	
2025.01.28.164805-0865899	test-fixtures-sources	2025-01-28T17:09:29Z	
2025.01.28.194407-0f89dc3		2025-01-28T20:04:24Z	
2025.01.28.194407-0f89dc3	test-fixtures	2025-01-28T20:04:25Z	
2025.01.28.194407-0f89dc3	test-fixtures-sources	2025-01-28T20:04:26Z	
2025.01.29.031236-abdc8ba		2025-01-29T03:33:05Z	
2025.01.29.031236-abdc8ba	test-fixtures	2025-01-29T03:33:06Z	
2025.01.29.031236-abdc8ba	test-fixtures-sources	2025-01-29T03:33:06Z	
2025.01.29.125750-6f470ec		2025-01-29T13:19:01Z	
2025.01.29.125750-6f470ec	test-fixtures	2025-01-29T13:19:01Z	
2025.01.29.125750-6f470ec	test-fixtures-sources	2025-01-29T13:19:01Z	
2025.01.29.165218-d5653d2		2025-01-29T17:13:20Z	
2025.01.29.165218-d5653d2	test-fixtures	2025-01-29T17:13:21Z	
2025.01.29.165218-d5653d2	test-fixtures-sources	2025-01-29T17:13:21Z	
2025.01.29.181729-31f654c		2025-01-29T18:38:46Z	
2025.01.29.181729-31f654c	test-fixtures	2025-01-29T18:38:48Z	
2025.01.29.181729-31f654c	test-fixtures-sources	2025-01-29T18:38:48Z	
2025.01.29.201029-895a207		2025-01-29T20:30:59Z	
2025.01.29.201029-895a207	test-fixtures	2025-01-29T20:31:04Z	
2025.01.29.201029-895a207	test-fixtures-sources	2025-01-29T20:31:00Z	
2025.01.29.211040-6c04bce		2025-01-29T21:31:01Z	
2025.01.29.211040-6c04bce	test-fixtures	2025-01-29T21:31:01Z	
2025.01.29.211040-6c04bce	test-fixtures-sources	2025-01-29T21:31:01Z	
2025.01.30.133257-dfadd3f		2025-01-30T13:53:03Z	
2025.01.30.133257-dfadd3f	test-fixtures	2025-01-30T13:53:05Z	
2025.01.30.133257-dfadd3f	test-fixtures-sources	2025-01-30T13:53:05Z	
2025.01.31.151055-df54c92		2025-01-31T15:31:44Z	
2025.01.31.151055-df54c92	test-fixtures	2025-01-31T15:31:44Z	
2025.01.31.151055-df54c92	test-fixtures-sources	2025-01-31T15:31:44Z	
2025.02.03.145054-caa4684		2025-02-03T15:11:45Z	
2025.02.03.145054-caa4684	test-fixtures	2025-02-03T15:11:45Z	
2025.02.03.145054-caa4684	test-fixtures-sources	2025-02-03T15:11:45Z	
2025.02.04.000535-9e740ca		2025-02-04T00:25:49Z	
2025.02.04.000535-9e740ca	test-fixtures	2025-02-04T00:25:50Z	
2025.02.04.000535-9e740ca	test-fixtures-sources	2025-02-04T00:25:50Z	
2025.02.04.171625-d22212a		2025-02-04T17:37:31Z	
2025.02.04.171625-d22212a	test-fixtures	2025-02-04T17:37:33Z	
2025.02.04.171625-d22212a	test-fixtures-sources	2025-02-04T17:37:33Z	
2025.02.04.172425-2e2ea45		2025-02-04T17:44:58Z	
2025.02.04.172425-2e2ea45	test-fixtures	2025-02-04T17:44:58Z	
2025.02.04.172425-2e2ea45	test-fixtures-sources	2025-02-04T17:44:59Z	
2025.02.05.153220-e697dee		2025-02-05T15:52:25Z	
2025.02.05.153220-e697dee	test-fixtures	2025-02-05T15:52:26Z	
2025.02.05.153220-e697dee	test-fixtures-sources	2025-02-05T15:52:26Z	
2025.02.06.134224-57778b6		2025-02-06T14:03:05Z	
2025.02.06.134224-57778b6	test-fixtures	2025-02-06T14:03:07Z	
2025.02.06.134224-57778b6	test-fixtures-sources	2025-02-06T14:03:07Z	
2025.02.07.183037-8eb590a		2025-02-07T18:50:50Z	
2025.02.07.183037-8eb590a	test-fixtures	2025-02-07T18:50:51Z	
2025.02.07.183037-8eb590a	test-fixtures-sources	2025-02-07T18:50:51Z	
2025.02.09.170631-42ec76b		2025-02-09T17:28:36Z	
2025.02.09.170631-42ec76b	test-fixtures	2025-02-09T17:28:41Z	
2025.02.09.170631-42ec76b	test-fixtures-sources	2025-02-09T17:28:37Z	
2025.02.11.001324-b072efd		2025-02-11T00:33:50Z	
2025.02.11.001324-b072efd	test-fixtures	2025-02-11T00:33:52Z	
2025.02.11.001324-b072efd	test-fixtures-sources	2025-02-11T00:33:51Z	
2025.02.11.033216-9159dad		2025-02-11T03:54:15Z	
2025.02.11.033216-9159dad	test-fixtures	2025-02-11T03:54:20Z	
2025.02.11.033216-9159dad	test-fixtures-sources	2025-02-11T03:54:17Z	
2025.02.11.123913-8a41324		2025-02-11T13:00:12Z	
2025.02.11.123913-8a41324	test-fixtures	2025-02-11T13:00:12Z	
2025.02.11.123913-8a41324	test-fixtures-sources	2025-02-11T13:00:12Z	
2025.02.11.145259-125d5c8		2025-02-11T15:15:21Z	
2025.02.11.145259-125d5c8	test-fixtures	2025-02-11T15:15:22Z	
2025.02.11.145259-125d5c8	test-fixtures-sources	2025-02-11T15:15:22Z	
2025.02.21.143120-9967585		2025-02-21T14:53:02Z	
2025.02.21.143120-9967585	test-fixtures	2025-02-21T14:53:07Z	
2025.02.21.143120-9967585	test-fixtures-sources	2025-02-21T14:53:05Z	
2025.02.24.122634-f35741f		2025-02-24T12:48:24Z	
2025.02.24.122634-f35741f	test-fixtures	2025-02-24T12:48:26Z	
2025.02.24.122634-f35741f	test-fixtures-sources	2025-02-24T12:48:28Z	
2025.02.24.201730-3eada58		2025-02-24T20:39:19Z	
2025.02.24.201730-3eada58	test-fixtures	2025-02-24T20:39:20Z	
2025.02.24.201730-3eada58	test-fixtures-sources	2025-02-24T20:39:21Z	
2025.02.24.220340-055c4fc		2025-02-24T22:24:45Z	
2025.02.24.220340-055c4fc	test-fixtures	2025-02-24T22:24:46Z	
2025.02.24.220340-055c4fc	test-fixtures-sources	2025-02-24T22:24:46Z	
2025.02.24.223253-7a623d7		2025-02-24T22:54:14Z	
2025.02.24.223253-7a623d7	test-fixtures	2025-02-24T22:54:17Z	
2025.02.24.223253-7a623d7	test-fixtures-sources	2025-02-24T22:54:17Z	
2025.02.25.191142-e53efc0		2025-02-25T19:33:04Z	
2025.02.25.191142-e53efc0	test-fixtures	2025-02-25T19:33:04Z	
2025.02.25.191142-e53efc0	test-fixtures-sources	2025-02-25T19:33:04Z	
2025.02.26.085343-8bec997		2025-02-26T09:14:36Z	
2025.02.26.085343-8bec997	test-fixtures	2025-02-26T09:14:36Z	
2025.02.26.085343-8bec997	test-fixtures-sources	2025-02-26T09:14:36Z	
2025.02.27.144217-6c11def		2025-02-27T15:03:06Z	
2025.02.27.144217-6c11def	test-fixtures	2025-02-27T15:03:07Z	
2025.02.27.144217-6c11def	test-fixtures-sources	2025-02-27T15:03:07Z	
2025.03.03.202009-d802105		2025-03-03T20:41:20Z	
2025.03.03.202009-d802105	test-fixtures	2025-03-03T20:41:21Z	
2025.03.03.202009-d802105	test-fixtures-sources	2025-03-03T20:41:22Z	
2025.03.03.202018-e95a931		2025-03-03T20:40:53Z	
2025.03.03.202018-e95a931	test-fixtures	2025-03-03T20:40:54Z	
2025.03.03.202018-e95a931	test-fixtures-sources	2025-03-03T20:40:54Z	
2025.03.03.222522-e289c95		2025-03-03T22:46:02Z	
2025.03.03.222522-e289c95	test-fixtures	2025-03-03T22:46:03Z	
2025.03.03.222522-e289c95	test-fixtures-sources	2025-03-03T22:46:03Z	
2025.03.04.013817-e7c2f24		2025-03-04T01:59:30Z	
2025.03.04.013817-e7c2f24	test-fixtures	2025-03-04T01:59:30Z	
2025.03.04.013817-e7c2f24	test-fixtures-sources	2025-03-04T01:59:31Z	
2025.03.04.163341-851b97c		2025-03-04T16:55:15Z	
2025.03.04.163341-851b97c	test-fixtures	2025-03-04T16:55:16Z	
2025.03.04.163341-851b97c	test-fixtures-sources	2025-03-04T16:55:15Z	
2025.03.04.210443-8fa2711		2025-03-04T21:27:14Z	
2025.03.04.210443-8fa2711	test-fixtures	2025-03-04T21:27:17Z	
2025.03.04.210443-8fa2711	test-fixtures-sources	2025-03-04T21:27:18Z	
2025.03.05.071407-f3a947b		2025-03-05T07:35:29Z	
2025.03.05.071407-f3a947b	test-fixtures	2025-03-05T07:35:31Z	
2025.03.05.071407-f3a947b	test-fixtures-sources	2025-03-05T07:35:33Z	
2025.03.05.075132-0013008		2025-03-05T08:12:43Z	
2025.03.05.075132-0013008	test-fixtures	2025-03-05T08:12:44Z	
2025.03.05.075132-0013008	test-fixtures-sources	2025-03-05T08:12:45Z	
2025.03.05.143846-6d8d0af		2025-03-05T15:00:31Z	
2025.03.05.143846-6d8d0af	test-fixtures	2025-03-05T15:00:33Z	
2025.03.05.143846-6d8d0af	test-fixtures-sources	2025-03-05T15:00:35Z	
2025.03.05.153222-bda057a		2025-03-05T15:53:49Z	
2025.03.05.153222-bda057a	test-fixtures	2025-03-05T15:53:50Z	
2025.03.05.153222-bda057a	test-fixtures-sources	2025-03-05T15:53:50Z	
2025.03.06.122225-31e6013		2025-03-06T12:44:48Z	
2025.03.06.122225-31e6013	test-fixtures	2025-03-06T12:44:52Z	
2025.03.06.122225-31e6013	test-fixtures-sources	2025-03-06T12:44:51Z	
2025.03.06.123030-77438e0		2025-03-06T12:51:05Z	
2025.03.06.123030-77438e0	test-fixtures	2025-03-06T12:51:05Z	
2025.03.06.123030-77438e0	test-fixtures-sources	2025-03-06T12:51:05Z	
2025.03.06.160140-7bca413		2025-03-06T16:23:28Z	
2025.03.06.160140-7bca413	test-fixtures	2025-03-06T16:23:29Z	
2025.03.06.160140-7bca413	test-fixtures-sources	2025-03-06T16:23:29Z	
2025.03.07.034245-87257e4		2025-03-07T04:04:28Z	
2025.03.07.034245-87257e4	test-fixtures	2025-03-07T04:04:29Z	
2025.03.07.034245-87257e4	test-fixtures-sources	2025-03-07T04:04:33Z	
2025.03.07.050352-9fc23f7		2025-03-07T05:24:27Z	
2025.03.07.050352-9fc23f7	test-fixtures	2025-03-07T05:24:29Z	
2025.03.07.050352-9fc23f7	test-fixtures-sources	2025-03-07T05:24:28Z	
2025.03.07.151417-f5b7317		2025-03-07T15:36:16Z	
2025.03.07.151417-f5b7317	test-fixtures	2025-03-07T15:36:17Z	
2025.03.07.151417-f5b7317	test-fixtures-sources	2025-03-07T15:36:19Z	
2025.03.07.152727-5eb2c85		2025-03-07T15:49:41Z	
2025.03.07.152727-5eb2c85	test-fixtures	2025-03-07T15:49:43Z	
2025.03.07.152727-5eb2c85	test-fixtures-sources	2025-03-07T15:49:45Z	
2025.03.07.185615-8827216		2025-03-07T19:17:36Z	
2025.03.07.185615-8827216	test-fixtures	2025-03-07T19:17:40Z	
2025.03.07.185615-8827216	test-fixtures-sources	2025-03-07T19:17:40Z	
2025.03.07.190552-4b62959		2025-03-07T19:27:18Z	
2025.03.07.190552-4b62959	test-fixtures	2025-03-07T19:27:20Z	
2025.03.07.190552-4b62959	test-fixtures-sources	2025-03-07T19:27:18Z	
2025.03.09.155609-976c894		2025-03-09T16:17:30Z	
2025.03.09.155609-976c894	test-fixtures	2025-03-09T16:17:36Z	
2025.03.09.155609-976c894	test-fixtures-sources	2025-03-09T16:17:33Z	
2025.03.10.204116-0a411b2		2025-03-10T21:02:35Z	
2025.03.10.204116-0a411b2	test-fixtures	2025-03-10T21:02:35Z	
2025.03.10.204116-0a411b2	test-fixtures-sources	2025-03-10T21:02:38Z	
2025.03.11.133852-c75fdea		2025-03-11T14:00:09Z	
2025.03.11.133852-c75fdea	test-fixtures	2025-03-11T14:00:09Z	
2025.03.11.133852-c75fdea	test-fixtures-sources	2025-03-11T14:00:09Z	
2025.03.11.192151-1de296b		2025-03-11T19:44:09Z	
2025.03.11.192151-1de296b	test-fixtures	2025-03-11T19:44:11Z	
2025.03.11.192151-1de296b	test-fixtures-sources	2025-03-11T19:44:12Z	
2025.03.12.030923-8adb388		2025-03-12T03:30:21Z	
2025.03.12.030923-8adb388	test-fixtures	2025-03-12T03:30:21Z	
2025.03.12.030923-8adb388	test-fixtures-sources	2025-03-12T03:30:21Z	
2025.03.12.140225-6e98206		2025-03-12T14:23:59Z	
2025.03.12.140225-6e98206	test-fixtures	2025-03-12T14:24:01Z	
2025.03.12.140225-6e98206	test-fixtures-sources	2025-03-12T14:24:00Z	
2025.03.13.040446-d2f030a		2025-03-13T04:26:14Z	
2025.03.13.040446-d2f030a	test-fixtures	2025-03-13T04:26:18Z	
2025.03.13.040446-d2f030a	test-fixtures-sources	2025-03-13T04:26:15Z	
2025.03.13.062309-09a68ee		2025-03-13T06:44:10Z	
2025.03.13.062309-09a68ee	test-fixtures	2025-03-13T06:44:11Z	
2025.03.13.062309-09a68ee	test-fixtures-sources	2025-03-13T06:44:12Z	
2025.03.13.144753-efe5f2d		2025-03-13T15:09:10Z	
2025.03.13.144753-efe5f2d	test-fixtures	2025-03-13T15:09:10Z	
2025.03.13.144753-efe5f2d	test-fixtures-sources	2025-03-13T15:09:10Z	
2025.03.13.184100-56ab6ab		2025-03-13T19:01:56Z	
2025.03.13.184100-56ab6ab	test-fixtures	2025-03-13T19:01:57Z	
2025.03.13.184100-56ab6ab	test-fixtures-sources	2025-03-13T19:01:57Z	
2025.03.14.123907-698aa2b		2025-03-14T13:00:10Z	
2025.03.14.123907-698aa2b	test-fixtures	2025-03-14T13:00:12Z	
2025.03.14.123907-698aa2b	test-fixtures-sources	2025-03-14T13:00:12Z	
2025.03.14.195250-9752697		2025-03-14T20:22:56Z	
2025.03.14.195250-9752697	test-fixtures	2025-03-14T20:23:01Z	
2025.03.14.195250-9752697	test-fixtures-sources	2025-03-14T20:22:57Z	
2025.03.17.032546-a9621e9		2025-03-17T03:46:50Z	
2025.03.17.032546-a9621e9	test-fixtures	2025-03-17T03:46:51Z	
2025.03.17.032546-a9621e9	test-fixtures-sources	2025-03-17T03:46:51Z	
2025.03.17.043734-66afc5e		2025-03-17T04:59:00Z	
2025.03.17.043734-66afc5e	test-fixtures	2025-03-17T04:59:01Z	
2025.03.17.043734-66afc5e	test-fixtures-sources	2025-03-17T04:59:02Z	
2025.03.17.160337-2c6953c		2025-03-17T16:25:34Z	
2025.03.17.160337-2c6953c	test-fixtures	2025-03-17T16:25:35Z	
2025.03.17.160337-2c6953c	test-fixtures-sources	2025-03-17T16:25:37Z	
2025.04.01.184033-1915641		2025-04-01T19:02:23Z	
2025.04.01.184033-1915641	test-fixtures	2025-04-01T19:02:23Z	
2025.04.01.184033-1915641	test-fixtures-sources	2025-04-01T19:02:23Z	
2025.04.01.191209-88c25ca		2025-04-01T19:33:12Z	
2025.04.01.191209-88c25ca	test-fixtures	2025-04-01T19:33:13Z	
2025.04.01.191209-88c25ca	test-fixtures-sources	2025-04-01T19:33:13Z	
2025.04.01.200928-57a263a		2025-04-01T20:32:25Z	
2025.04.01.200928-57a263a	test-fixtures	2025-04-01T20:32:27Z	
2025.04.01.200928-57a263a	test-fixtures-sources	2025-04-01T20:32:26Z	
2025.04.01.235859-f4b2334		2025-04-02T00:21:35Z	
2025.04.01.235859-f4b2334	test-fixtures	2025-04-02T00:21:35Z	
2025.04.01.235859-f4b2334	test-fixtures-sources	2025-04-02T00:21:35Z	
2025.04.02.124500-1ebb756		2025-04-02T13:06:58Z	
2025.04.02.124500-1ebb756	test-fixtures	2025-04-02T13:06:59Z	
2025.04.02.124500-1ebb756	test-fixtures-sources	2025-04-02T13:06:59Z	
2025.04.02.171644-7a1350f		2025-04-02T17:39:59Z	
2025.04.02.171644-7a1350f	test-fixtures	2025-04-02T17:40:05Z	
2025.04.02.171644-7a1350f	test-fixtures-sources	2025-04-02T17:40:00Z	
2025.04.02.182333-80b2694		2025-04-02T18:45:53Z	
2025.04.02.182333-80b2694	test-fixtures	2025-04-02T18:45:54Z	
2025.04.02.182333-80b2694	test-fixtures-sources	2025-04-02T18:45:53Z	
2025.04.02.195630-a61d550		2025-04-02T20:18:13Z	
2025.04.02.195630-a61d550	test-fixtures	2025-04-02T20:18:14Z	
2025.04.02.195630-a61d550	test-fixtures-sources	2025-04-02T20:18:14Z	
2025.04.02.210401-915293c		2025-04-02T21:23:40Z	
2025.04.02.210401-915293c	test-fixtures	2025-04-02T21:23:41Z	
2025.04.02.210401-915293c	test-fixtures-sources	2025-04-02T21:23:41Z	
2025.04.03.151535-b69ab0e		2025-04-03T15:35:01Z	
2025.04.03.151535-b69ab0e	test-fixtures	2025-04-03T15:35:01Z	
2025.04.03.151535-b69ab0e	test-fixtures-sources	2025-04-03T15:35:01Z	
2025.04.03.153131-9025605		2025-04-03T15:51:20Z	
2025.04.03.153131-9025605	test-fixtures	2025-04-03T15:51:25Z	
2025.04.03.153131-9025605	test-fixtures-sources	2025-04-03T15:51:23Z	
2025.04.04.114411-d80e5d9		2025-04-04T12:03:56Z	
2025.04.04.114411-d80e5d9	test-fixtures	2025-04-04T12:03:56Z	
2025.04.04.114411-d80e5d9	test-fixtures-sources	2025-04-04T12:03:56Z	
2025.04.04.132805-43bcba0		2025-04-04T13:47:41Z	
2025.04.04.132805-43bcba0	test-fixtures	2025-04-04T13:47:42Z	
2025.04.04.132805-43bcba0	test-fixtures-sources	2025-04-04T13:47:43Z	
2025.04.04.161400-1ce0b62		2025-04-04T18:01:20Z	
2025.04.04.161400-1ce0b62	test-fixtures	2025-04-04T18:01:20Z	
2025.04.04.161400-1ce0b62	test-fixtures-sources	2025-04-04T18:01:20Z	
2025.04.07.134512-cd5a9ea		2025-04-07T14:04:38Z	
2025.04.07.134512-cd5a9ea	test-fixtures	2025-04-07T14:04:39Z	
2025.04.07.134512-cd5a9ea	test-fixtures-sources	2025-04-07T14:04:38Z	
2025.04.07.162316-b3b11f7		2025-04-07T16:43:15Z	
2025.04.07.162316-b3b11f7	test-fixtures	2025-04-07T16:43:16Z	
2025.04.07.162316-b3b11f7	test-fixtures-sources	2025-04-07T16:43:15Z	
2025.04.07.195645-2d2cea0		2025-04-07T20:16:26Z	
2025.04.07.195645-2d2cea0	test-fixtures	2025-04-07T20:16:27Z	
2025.04.07.195645-2d2cea0	test-fixtures-sources	2025-04-07T20:16:26Z	
2025.04.08.141334-a953aa8		2025-04-08T14:33:37Z	
2025.04.08.141334-a953aa8	test-fixtures	2025-04-08T14:33:38Z	
2025.04.08.141334-a953aa8	test-fixtures-sources	2025-04-08T14:33:38Z	
2025.04.08.212004-14f1a29		2025-04-08T21:40:04Z	
2025.04.08.212004-14f1a29	test-fixtures	2025-04-08T21:40:07Z	
2025.04.08.212004-14f1a29	test-fixtures-sources	2025-04-08T21:40:11Z	
2025.04.09.202256-90dc722		2025-04-09T20:42:54Z	
2025.04.09.202256-90dc722	test-fixtures	2025-04-09T20:42:54Z	
2025.04.09.202256-90dc722	test-fixtures-sources	2025-04-09T20:42:54Z	
2025.04.10.155641-fdf5b6c		2025-04-10T16:17:30Z	
2025.04.10.155641-fdf5b6c	test-fixtures	2025-04-10T16:17:31Z	
2025.04.10.155641-fdf5b6c	test-fixtures-sources	2025-04-10T16:17:33Z	
2025.04.10.204955-5b7fc62		2025-04-10T21:09:19Z	
2025.04.10.204955-5b7fc62	test-fixtures	2025-04-10T21:09:21Z	
2025.04.10.204955-5b7fc62	test-fixtures-sources	2025-04-10T21:09:21Z	
2025.04.11.203513-d84dd5e		2025-04-11T20:55:10Z	
2025.04.11.203513-d84dd5e	test-fixtures	2025-04-11T20:55:10Z	
2025.04.11.203513-d84dd5e	test-fixtures-sources	2025-04-11T20:55:10Z	
2025.04.11.210459-e21afc3		2025-04-11T21:24:45Z	
2025.04.11.210459-e21afc3	test-fixtures	2025-04-11T21:24:46Z	
2025.04.11.210459-e21afc3	test-fixtures-sources	2025-04-11T21:24:46Z	
2025.04.11.221911-bd60810		2025-04-11T22:38:05Z	
2025.04.11.221911-bd60810	test-fixtures	2025-04-11T22:38:05Z	
2025.04.11.221911-bd60810	test-fixtures-sources	2025-04-11T22:38:06Z	
2025.04.14.012240-710e0d9		2025-04-14T01:42:02Z	
2025.04.14.012240-710e0d9	test-fixtures	2025-04-14T01:42:03Z	
2025.04.14.012240-710e0d9	test-fixtures-sources	2025-04-14T01:42:03Z	
2025.04.14.135005-fc20d69		2025-04-14T14:08:54Z	
2025.04.14.135005-fc20d69	test-fixtures	2025-04-14T14:08:55Z	
2025.04.14.135005-fc20d69	test-fixtures-sources	2025-04-14T14:08:55Z	
2025.04.14.222955-4dbd317		2025-04-14T22:50:49Z	
2025.04.14.222955-4dbd317	test-fixtures	2025-04-14T22:50:54Z	
2025.04.14.222955-4dbd317	test-fixtures-sources	2025-04-14T22:50:51Z	
2025.04.15.141348-3f9c82e		2025-04-15T14:34:17Z	
2025.04.15.141348-3f9c82e	test-fixtures	2025-04-15T14:34:19Z	
2025.04.15.141348-3f9c82e	test-fixtures-sources	2025-04-15T14:34:18Z	
2025.04.15.173134-e7f1549		2025-04-15T17:53:39Z	
2025.04.15.173134-e7f1549	test-fixtures	2025-04-15T17:53:40Z	
2025.04.15.173134-e7f1549	test-fixtures-sources	2025-04-15T17:53:42Z	
2025.04.15.190850-edc10ed		2025-04-15T19:27:51Z	
2025.04.15.190850-edc10ed	test-fixtures	2025-04-15T19:27:51Z	
2025.04.15.190850-edc10ed	test-fixtures-sources	2025-04-15T19:27:51Z	
2025.04.16.110632-aaa75cf		2025-04-16T11:26:26Z	
2025.04.16.110632-aaa75cf	test-fixtures	2025-04-16T11:26:27Z	
2025.04.16.110632-aaa75cf	test-fixtures-sources	2025-04-16T11:26:27Z	
2025.04.16.165130-c4e8d60		2025-04-16T17:11:35Z	
2025.04.16.165130-c4e8d60	test-fixtures	2025-04-16T17:11:37Z	
2025.04.16.165130-c4e8d60	test-fixtures-sources	2025-04-16T17:11:37Z	
2025.04.16.210958-554a97b		2025-04-16T21:29:46Z	
2025.04.16.210958-554a97b	test-fixtures	2025-04-16T21:29:47Z	
2025.04.16.210958-554a97b	test-fixtures-sources	2025-04-16T21:29:47Z	
2025.04.18.010200-b4024c8		2025-04-18T01:21:38Z	
2025.04.18.010200-b4024c8	test-fixtures	2025-04-18T01:21:40Z	
2025.04.18.010200-b4024c8	test-fixtures-sources	2025-04-18T01:21:39Z	
2025.04.18.205229-1494a46		2025-04-18T21:12:42Z	
2025.04.18.205229-1494a46	test-fixtures	2025-04-18T21:12:45Z	
2025.04.18.205229-1494a46	test-fixtures-sources	2025-04-18T21:12:45Z	
2025.04.21.131031-2bcdc66		2025-04-21T13:29:39Z	
2025.04.21.131031-2bcdc66	test-fixtures	2025-04-21T13:29:39Z	
2025.04.21.131031-2bcdc66	test-fixtures-sources	2025-04-21T13:29:39Z	
2025.04.21.131752-85a6014		2025-04-21T13:36:49Z	
2025.04.21.131752-85a6014	test-fixtures	2025-04-21T13:36:51Z	
2025.04.21.131752-85a6014	test-fixtures-sources	2025-04-21T13:36:50Z	
2025.04.21.180826-e20ccf6		2025-04-21T18:27:59Z	
2025.04.21.180826-e20ccf6	test-fixtures	2025-04-21T18:27:59Z	
2025.04.21.180826-e20ccf6	test-fixtures-sources	2025-04-21T18:27:59Z	
2025.04.21.223051-6bca9fd		2025-04-21T22:50:07Z	
2025.04.21.223051-6bca9fd	test-fixtures	2025-04-21T22:50:08Z	
2025.04.21.223051-6bca9fd	test-fixtures-sources	2025-04-21T22:50:08Z	
2025.04.22.140539-f19829d		2025-04-22T14:24:45Z	
2025.04.22.140539-f19829d	test-fixtures	2025-04-22T14:24:45Z	
2025.04.22.140539-f19829d	test-fixtures-sources	2025-04-22T14:24:45Z	
2025.04.22.171550-cce2982		2025-04-22T17:35:29Z	
2025.04.22.171550-cce2982	test-fixtures	2025-04-22T17:35:30Z	
2025.04.22.171550-cce2982	test-fixtures-sources	2025-04-22T17:35:31Z	
2025.04.22.175657-dd26d95		2025-04-22T18:16:21Z	
2025.04.22.175657-dd26d95	test-fixtures	2025-04-22T18:16:23Z	
2025.04.22.175657-dd26d95	test-fixtures-sources	2025-04-22T18:16:25Z	
2025.04.23.145440-9c0a2a6		2025-04-23T15:14:40Z	
2025.04.23.145440-9c0a2a6	test-fixtures	2025-04-23T15:14:43Z	
2025.04.23.145440-9c0a2a6	test-fixtures-sources	2025-04-23T15:14:42Z	
2025.04.27.230742-6035cb3		2025-04-27T23:27:31Z	
2025.04.27.230742-6035cb3	test-fixtures	2025-04-27T23:27:32Z	
2025.04.27.230742-6035cb3	test-fixtures-sources	2025-04-27T23:27:35Z	
2025.04.28.024311-8a5bdcc		2025-04-28T03:02:21Z	
2025.04.28.024311-8a5bdcc	test-fixtures	2025-04-28T03:02:23Z	
2025.04.28.024311-8a5bdcc	test-fixtures-sources	2025-04-28T03:02:23Z	
2025.04.28.114721-1e25179		2025-04-28T12:06:27Z	
2025.04.28.114721-1e25179	test-fixtures	2025-04-28T12:06:28Z	
2025.04.28.114721-1e25179	test-fixtures-sources	2025-04-28T12:06:28Z	
2025.04.28.155153-6883a61		2025-04-28T16:11:39Z	
2025.04.28.155153-6883a61	test-fixtures	2025-04-28T16:11:40Z	
2025.04.28.155153-6883a61	test-fixtures-sources	2025-04-28T16:11:39Z	
2025.04.28.203816-9b5ed38		2025-04-28T20:57:26Z	
2025.04.28.203816-9b5ed38	test-fixtures	2025-04-28T20:57:27Z	
2025.04.28.203816-9b5ed38	test-fixtures-sources	2025-04-28T20:57:27Z	
2025.04.28.231800-8fc0296		2025-04-28T23:37:10Z	
2025.04.28.231800-8fc0296	test-fixtures	2025-04-28T23:37:11Z	
2025.04.28.231800-8fc0296	test-fixtures-sources	2025-04-28T23:37:11Z	
2025.04.29.071058-3c3c9d2		2025-04-29T07:30:16Z	
2025.04.29.071058-3c3c9d2	test-fixtures	2025-04-29T07:30:17Z	
2025.04.29.071058-3c3c9d2	test-fixtures-sources	2025-04-29T07:30:17Z	
2025.04.30.182728-7288ba1		2025-04-30T18:47:49Z	
2025.04.30.182728-7288ba1	test-fixtures	2025-04-30T18:47:50Z	
2025.04.30.182728-7288ba1	test-fixtures-sources	2025-04-30T18:47:50Z	
2025.05.01.193640-82510a4		2025-05-01T19:55:56Z	
2025.05.01.193640-82510a4	test-fixtures	2025-05-01T19:55:57Z	
2025.05.01.193640-82510a4	test-fixtures-sources	2025-05-01T19:55:57Z	
2025.05.01.231241-15abcc3		2025-05-01T23:32:00Z	
2025.05.01.231241-15abcc3	test-fixtures	2025-05-01T23:32:01Z	
2025.05.01.231241-15abcc3	test-fixtures-sources	2025-05-01T23:32:01Z	
2025.05.02.170248-78d08e3		2025-05-02T17:22:40Z	
2025.05.02.170248-78d08e3	test-fixtures	2025-05-02T17:22:44Z	
2025.05.02.170248-78d08e3	test-fixtures-sources	2025-05-02T17:22:43Z	
2025.05.02.190554-0cef185		2025-05-02T19:25:21Z	
2025.05.02.190554-0cef185	test-fixtures	2025-05-02T19:25:22Z	
2025.05.02.190554-0cef185	test-fixtures-sources	2025-05-02T19:25:22Z	
2025.05.02.220048-fae57e8		2025-05-02T22:21:37Z	
2025.05.02.220048-fae57e8	test-fixtures	2025-05-02T22:21:47Z	
2025.05.02.220048-fae57e8	test-fixtures-sources	2025-05-02T22:21:44Z	
2025.05.02.222809-f712db2		2025-05-02T22:47:33Z	
2025.05.02.222809-f712db2	test-fixtures	2025-05-02T22:47:38Z	
2025.05.02.222809-f712db2	test-fixtures-sources	2025-05-02T22:47:38Z	
2025.05.05.145425-c327194		2025-05-05T15:13:46Z	
2025.05.05.145425-c327194	test-fixtures	2025-05-05T15:13:46Z	
2025.05.05.145425-c327194	test-fixtures-sources	2025-05-05T15:13:46Z	
2025.05.05.153412-60aa451		2025-05-05T15:53:07Z	
2025.05.05.153412-60aa451	test-fixtures	2025-05-05T15:53:08Z	
2025.05.05.153412-60aa451	test-fixtures-sources	2025-05-05T15:53:07Z	
2025.05.05.192009-3b29aa5		2025-05-05T19:40:54Z	
2025.05.05.192009-3b29aa5	test-fixtures	2025-05-05T19:40:57Z	
2025.05.05.192009-3b29aa5	test-fixtures-sources	2025-05-05T19:40:58Z	
2025.05.06.132950-738ccb1		2025-05-06T13:49:09Z	
2025.05.06.132950-738ccb1	test-fixtures	2025-05-06T13:49:09Z	
2025.05.06.132950-738ccb1	test-fixtures-sources	2025-05-06T13:49:10Z	
2025.05.06.160528-ae61202		2025-05-06T16:25:09Z	
2025.05.06.160528-ae61202	test-fixtures	2025-05-06T16:25:10Z	
2025.05.06.160528-ae61202	test-fixtures-sources	2025-05-06T16:25:12Z	
2025.05.06.174739-4bf5568		2025-05-06T18:07:05Z	
2025.05.06.174739-4bf5568	test-fixtures	2025-05-06T18:07:05Z	
2025.05.06.174739-4bf5568	test-fixtures-sources	2025-05-06T18:07:06Z	
2025.05.07.021127-b2a4d11		2025-05-07T02:31:37Z	
2025.05.07.021127-b2a4d11	test-fixtures	2025-05-07T02:31:38Z	
2025.05.07.021127-b2a4d11	test-fixtures-sources	2025-05-07T02:31:37Z	
2025.05.07.150211-129b52d		2025-05-07T15:22:46Z	
2025.05.07.150211-129b52d	test-fixtures	2025-05-07T15:22:52Z	
2025.05.07.150211-129b52d	test-fixtures-sources	2025-05-07T15:22:51Z	
2025.05.07.163015-36c5fd5		2025-05-07T16:50:23Z	
2025.05.07.163015-36c5fd5	test-fixtures	2025-05-07T16:50:27Z	
2025.05.07.163015-36c5fd5	test-fixtures-sources	2025-05-07T16:50:25Z	
2025.05.07.175734-9a2b69c		2025-05-07T18:17:12Z	
2025.05.07.175734-9a2b69c	test-fixtures	2025-05-07T18:17:12Z	
2025.05.07.175734-9a2b69c	test-fixtures-sources	2025-05-07T18:17:12Z	
2025.05.07.212523-266231f		2025-05-07T21:44:38Z	
2025.05.07.212523-266231f	test-fixtures	2025-05-07T21:44:40Z	
2025.05.07.212523-266231f	test-fixtures-sources	2025-05-07T21:44:39Z	
2025.05.08.192753-98ced47		2025-05-08T19:47:30Z	
2025.05.08.192753-98ced47	test-fixtures	2025-05-08T19:47:31Z	
2025.05.08.192753-98ced47	test-fixtures-sources	2025-05-08T19:47:30Z	
2025.05.08.201840-de6826b		2025-05-08T20:38:43Z	
2025.05.08.201840-de6826b	test-fixtures	2025-05-08T20:38:46Z	
2025.05.08.201840-de6826b	test-fixtures-sources	2025-05-08T20:38:45Z	
2025.05.09.100938-c05fed2		2025-05-09T10:28:43Z	
2025.05.09.100938-c05fed2	test-fixtures	2025-05-09T10:28:44Z	
2025.05.09.100938-c05fed2	test-fixtures-sources	2025-05-09T10:28:44Z	
2025.05.09.142831-306a2e9		2025-05-09T14:47:50Z	
2025.05.09.142831-306a2e9	test-fixtures	2025-05-09T14:47:51Z	
2025.05.09.142831-306a2e9	test-fixtures-sources	2025-05-09T14:47:51Z	
2025.05.09.191522-295ad47		2025-05-09T19:35:15Z	
2025.05.09.191522-295ad47	test-fixtures	2025-05-09T19:35:18Z	
2025.05.09.191522-295ad47	test-fixtures-sources	2025-05-09T19:35:17Z	
2025.05.09.220158-c596073		2025-05-09T22:20:59Z	
2025.05.09.220158-c596073	test-fixtures	2025-05-09T22:20:59Z	
2025.05.09.220158-c596073	test-fixtures-sources	2025-05-09T22:20:59Z	
2025.05.11.033149-486251d		2025-05-11T03:51:45Z	
2025.05.11.033149-486251d	test-fixtures	2025-05-11T03:51:46Z	
2025.05.11.033149-486251d	test-fixtures-sources	2025-05-11T03:51:47Z	
2025.05.12.134151-fe3b2a9		2025-05-12T14:01:22Z	
2025.05.12.134151-fe3b2a9	test-fixtures	2025-05-12T14:01:22Z	
2025.05.12.134151-fe3b2a9	test-fixtures-sources	2025-05-12T14:01:22Z	
2025.05.14.004032-102a042		2025-05-14T01:00:48Z	
2025.05.14.171253-56b3b95		2025-05-14T17:33:05Z	
2025.05.14.204930-c18856f		2025-05-14T21:08:32Z	
2025.05.14.225818-a959497		2025-05-14T23:17:40Z	
2025.05.19.004611-964f386		2025-05-19T01:10:32Z	
2025.05.19.190155-3217f9a		2025-05-19T19:21:55Z	
2025.05.19.232239-e38d806		2025-05-19T23:42:44Z	
2025.05.20.144233-cc06ce5		2025-05-20T15:02:49Z	
2025.05.20.160622-14f3393		2025-05-20T16:25:53Z	
2025.05.20.181931-f65b576		2025-05-20T18:39:07Z	
2025.05.20.195540-de99545		2025-05-20T20:14:51Z	
2025.05.21.101048-cdd02b0		2025-05-21T10:29:17Z	
2025.05.21.142614-d3a955f		2025-05-21T14:45:02Z	
2025.05.21.175802-df6eaf6		2025-05-21T18:17:04Z	
2025.05.21.175816-a170b94		2025-05-21T18:17:08Z	
2025.05.21.195452-6076072		2025-05-21T20:15:50Z	
2025.05.22.152455-189de09		2025-05-22T15:44:02Z	
2025.05.22.163533-2a48c7f		2025-05-22T16:54:40Z	
2025.05.22.163547-8e20fde		2025-05-22T16:54:50Z	
2025.05.22.213357-84b79ec		2025-05-22T21:53:26Z	
2025.05.23.001623-25ce618		2025-05-23T00:34:39Z	
2025.05.23.002942-6f6e398		2025-05-23T00:48:09Z	
2025.05.23.101649-e787f22		2025-05-23T10:35:10Z	
2025.05.23.143628-a3e8b01		2025-05-23T14:55:56Z	
2025.05.23.191107-402fd66		2025-05-23T19:29:49Z	
2025.05.25.160724-9ed1ebf		2025-05-25T16:25:25Z	
2025.05.26.101822-1643eb9		2025-05-26T10:37:11Z	
2025.05.26.101837-8a842bb		2025-05-26T10:38:38Z	
2025.05.27.160432-0262474		2025-05-27T16:24:45Z	
2025.05.27.200112-a38c925		2025-05-27T20:20:22Z	
2025.05.29.152548-4694e6a		2025-05-29T15:45:05Z	
2025.05.29.181802-28fc67f		2025-05-29T18:38:08Z	
2025.05.29.194553-2aab5fb		2025-05-29T20:05:37Z	
2025.05.29.205440-1e71e29		2025-05-29T21:13:37Z	
2025.06.02.165423-68b962d		2025-06-02T17:12:48Z	
2025.06.02.211800-dfd9f84		2025-06-02T21:37:20Z	
2025.06.03.124134-dbc2a76		2025-06-03T13:00:05Z	
2025.06.03.134703-4876601		2025-06-03T14:07:02Z	
2025.06.03.151014-cf8de51		2025-06-03T15:29:49Z	
2025.06.03.153150-8377278		2025-06-03T15:50:56Z	
2025.06.03.161336-a14ce45		2025-06-03T16:31:57Z	
2025.06.03.182934-790a8b3		2025-06-03T18:48:15Z	
2025.06.03.191242-5f79c5e		2025-06-03T19:31:50Z	
2025.06.04.051116-d28a946		2025-06-04T05:30:05Z	
2025.06.05.100657-d32f88d		2025-06-05T10:26:21Z	
2025.06.06.101018-151e9a5		2025-06-06T10:29:14Z	
2025.06.06.143122-dc4d91a		2025-06-06T14:50:56Z	
2025.06.06.173927-a1a6e8f		2025-06-06T17:58:23Z	
2025.06.06.211644-651e7ec		2025-06-06T21:35:23Z	
2025.06.09.143041-cd61242		2025-06-09T14:49:06Z	
2025.06.09.213612-1433311		2025-06-09T21:55:05Z	
2025.06.10.052526-ca70aa5		2025-06-10T05:45:33Z	
2025.06.10.132110-28a6c61		2025-06-10T13:40:07Z	
2025.06.10.165533-28fe452		2025-06-10T17:15:21Z	
2025.06.11.065240-57b7195		2025-06-11T07:11:49Z	
2025.06.11.200650-47fe3b6		2025-06-11T20:26:20Z	
2025.06.11.203250-590e858		2025-06-11T20:52:14Z	
2025.06.11.203305-4a61277		2025-06-11T20:53:08Z	
2025.07.24.205305-8178cff		2025-07-24T21:15:58Z	
2025.07.25.011628-1ca33aa		2025-07-25T01:37:53Z	
2025.07.25.115542-c2c85a0		2025-07-25T12:18:43Z	
2025.07.25.134059-369d78b		2025-07-25T14:03:42Z	
2025.07.25.145602-753224f		2025-07-25T15:18:35Z	
2025.07.25.191509-bd9c089		2025-07-25T19:38:50Z	
2025.07.28.010103-7c1aed7		2025-07-28T01:22:29Z	
2025.07.28.130947-2489043		2025-07-28T13:31:51Z	
2025.07.28.144236-3cb5622		2025-07-28T15:05:52Z	
2025.07.28.164242-b838462		2025-07-28T17:05:16Z	
2025.07.28.164255-11cc719		2025-07-28T17:05:42Z	
2025.07.28.173311-f514123		2025-07-28T17:56:34Z	
2025.07.29.141027-915a5ed		2025-07-29T14:33:44Z	
2025.07.30.023708-fb5215b		2025-07-30T03:00:05Z	
2025.07.30.133600-ca34edd		2025-07-30T13:59:05Z	
2025.07.30.135203-22aeb8a		2025-07-30T14:14:32Z	
2025.07.30.145520-ed3cdfa		2025-07-30T15:18:40Z	
2025.07.30.152053-d079641		2025-07-30T15:44:00Z	
2025.07.30.211227-cdff65e		2025-07-30T21:35:58Z	
2025.07.31.121904-05006c8		2025-07-31T12:41:54Z	
2025.07.31.141422-e5ed830		2025-07-31T14:37:22Z	
2025.07.31.145542-11cfcd2		2025-07-31T15:18:45Z	
2025.07.31.154204-77a2264		2025-07-31T16:06:11Z	
2025.07.31.162102-68eb8ff		2025-07-31T16:43:28Z	
2025.07.31.213947-514912f		2025-07-31T22:03:09Z	
2025.08.01.102836-90afb48		2025-08-01T10:51:15Z	
2025.08.04.214233-e48a27e		2025-08-04T22:06:32Z	
2025.08.05.111709-c1791a4		2025-08-05T11:41:01Z	
2025.08.06.014952-3b7858b		2025-08-06T02:11:51Z	
2025.08.06.102746-6e9bbd2		2025-08-06T10:51:30Z	
2025.08.06.142029-bb1fde8		2025-08-06T14:44:44Z	
2025.08.06.151106-7585dae		2025-08-06T15:33:49Z	
2025.08.06.225110-5b65cb9		2025-08-06T23:14:58Z	
2025.08.07.142709-b2b6e6c		2025-08-07T14:51:14Z	
2025.08.07.162532-52b8ca6		2025-08-07T16:49:15Z	
2025.08.07.210022-f15e5a0		2025-08-07T21:24:03Z	
2025.08.07.214316-13bb005		2025-08-07T22:06:48Z	
2025.08.08.053046-3999f88		2025-08-08T05:52:49Z	
2025.08.08.100635-5aa9c39		2025-08-08T10:29:35Z	
2025.08.08.120309-f9b3da6		2025-08-08T12:26:17Z	
2025.08.08.152309-f7fe0b1		2025-08-08T15:46:04Z	
2025.08.10.204908-bf1ba9d		2025-08-10T21:12:20Z	
2025.08.11.145328-f561445		2025-08-11T15:17:19Z	
2025.08.11.220518-cac9e55		2025-08-11T22:29:17Z	
2025.08.11.223919-fef986b		2025-08-11T23:01:20Z	
2025.08.12.091218-a6a4f1b		2025-08-12T09:35:17Z	
2025.08.12.183253-cae0e6c		2025-08-12T18:55:36Z	
2025.08.12.202400-aa01f88		2025-08-12T20:46:17Z	
2025.08.13.010945-23384bf		2025-08-13T01:32:13Z	
2025.08.13.204324-d02481c		2025-08-13T21:10:02Z	
2025.08.14.063635-1fd415a		2025-08-14T06:59:53Z	
2025.08.14.100953-8889244		2025-08-14T10:32:11Z	
2025.08.14.140641-becc7f3		2025-08-14T14:28:22Z	
2025.08.15.011417-24173b7		2025-08-15T01:36:12Z	
2025.08.15.014720-97e03a4		2025-08-15T02:09:31Z	
2025.08.15.043753-08121fc		2025-08-15T04:59:50Z	
2025.08.15.045554-3579373		2025-08-15T05:18:58Z	
2025.08.15.100739-a26a9b8		2025-08-15T10:30:20Z	
2025.08.18.141915-00eb9c8		2025-08-18T14:42:39Z	
2025.08.18.204742-cb03250		2025-08-18T21:10:08Z	
2025.08.18.212639-1808f41		2025-08-18T21:49:29Z	
2025.08.18.214050-a3aad47		2025-08-18T22:02:38Z	
2025.08.19.093556-9a9e98f		2025-08-19T09:58:33Z	
2025.08.19.224518-b275b22		2025-08-19T23:07:02Z	
2025.08.20.034702-3dbd3f0		2025-08-20T04:09:57Z	
2025.08.20.135126-8bbf9d6		2025-08-20T14:25:09Z	
2025.08.20.164649-0985ac1		2025-08-20T17:08:49Z	
2025.08.21.170132-3fed8ea		2025-08-21T17:29:35Z	
2025.08.21.175517-979c750		2025-08-21T18:17:40Z	
2025.08.21.175927-4fda1d0		2025-08-21T18:21:22Z	
2025.08.22.102821-cdfef8e		2025-08-22T10:51:20Z	
2025.08.22.134523-f3719a9		2025-08-22T14:07:40Z	
2025.08.22.224215-f6ea5fb		2025-08-22T23:04:43Z	
2025.08.22.224832-0fc208e		2025-08-22T23:10:55Z	
2025.08.25.021255-b531f7d		2025-08-25T02:35:57Z	
2025.08.25.022850-c468bd2		2025-08-25T02:52:03Z	
2025.08.25.142500-585751c		2025-08-25T14:47:47Z	
2025.08.25.155545-ea3a94b		2025-08-25T16:18:02Z	
2025.08.25.212702-65c7d06		2025-08-25T21:49:14Z	
2025.08.25.223404-a9a363f		2025-08-25T22:55:41Z	
2025.08.26.015837-4d23ce9		2025-08-26T02:20:28Z	
2025.08.26.212949-e5235be		2025-08-26T21:51:29Z	
2025.08.27.001811-b0f26d7		2025-08-27T00:40:53Z	
2025.08.27.004800-fe19d17		2025-08-27T01:09:36Z	
2025.08.27.151137-416d3e6		2025-08-27T15:33:09Z	
2025.08.27.170536-b4f3224		2025-08-27T17:27:57Z	
2025.08.27.202754-355cc3b		2025-08-27T20:49:33Z	
2025.08.27.213615-69ee0ed		2025-08-27T21:59:23Z	
2025.08.28.013539-6a502b0		2025-08-28T01:58:03Z	
2025.08.28.024218-a896fbb		2025-08-28T03:04:14Z	
2025.08.28.034730-39fd6aa		2025-08-28T04:10:49Z	
2025.08.28.102905-9b9de39		2025-08-28T10:50:58Z	
2025.08.28.145110-fb65b83		2025-08-28T15:13:01Z	
2025.08.29.044742-0e1884b		2025-08-29T05:10:17Z	
2025.08.29.161027-b231638		2025-08-29T16:32:28Z	
2025.08.29.174439-76deed8		2025-08-29T18:06:34Z	
2025.08.29.182507-d579c8a		2025-08-29T18:46:51Z	
2025.09.01.012948-3c95ce4		2025-09-01T01:50:51Z	
2025.09.01.112706-581a91b		2025-09-01T11:49:07Z	
2025.09.02.033849-cef569e		2025-09-02T04:00:49Z	
2025.09.02.150107-7182101		2025-09-02T15:22:46Z	
2025.09.02.160854-b53b5bd		2025-09-02T16:31:04Z	
2025.09.02.163506-a68a8a3		2025-09-02T16:56:33Z	
2025.09.02.233304-4c69619		2025-09-02T23:56:19Z	
2025.09.03.004459-e500a01		2025-09-03T01:08:24Z	
2025.09.03.141155-1aedee7		2025-09-03T14:35:31Z	
2025.09.03.163849-437a8a7		2025-09-03T17:02:29Z	
2025.09.03.174612-3de22b0		2025-09-03T18:09:07Z	
2025.09.03.175614-87e04b5		2025-09-03T18:19:35Z	
2025.09.03.220355-71e5a9f		2025-09-03T22:27:47Z	
2025.09.03.222547-47f1da5		2025-09-03T22:48:50Z	
2025.09.04.034909-5b31e76		2025-09-04T04:11:34Z	
2025.09.04.124417-951ed0f		2025-09-04T13:07:34Z	
2025.09.04.133547-ad090f3		2025-09-04T13:59:48Z	
2025.09.04.140848-f0e141b		2025-09-04T14:32:11Z	
2025.09.04.141956-4dfd061		2025-09-04T14:44:43Z	
2025.09.05.142709-e436b23		2025-09-05T14:50:53Z	
2025.09.09.014023-8934a49		2025-09-09T02:02:32Z	
2025.09.09.051655-a4d0c3d		2025-09-09T05:40:48Z	
2025.09.09.134322-2ab73bd		2025-09-09T14:07:25Z	
2025.09.09.183805-1517882		2025-09-09T19:02:44Z	
2025.09.10.093542-4da1fc6		2025-09-10T09:59:27Z	
2025.09.10.153909-ee86ef2		2025-09-10T16:03:00Z	
2025.09.11.103427-2a4f1ff		2025-09-11T10:57:24Z	
2025.09.11.124503-a4feecf		2025-09-11T13:09:21Z	
2025.09.11.184519-9ffbc71		2025-09-11T19:09:46Z	
2025.09.12.054935-faa8fba		2025-09-12T06:16:28Z	
2025.09.12.140112-a507e11		2025-09-12T14:24:48Z	
2025.09.12.141635-aa03716		2025-09-12T14:38:59Z	
2025.09.14.162933-8eee74e		2025-09-14T16:52:49Z	
2025.09.15.015236-9794cc0		2025-09-15T02:14:49Z	
2025.09.15.201028-1b1f803		2025-09-15T20:33:27Z	
2025.09.17.143121-24a667e		2025-09-17T14:54:32Z	
2025.09.17.164841-e000537		2025-09-17T17:12:24Z	
2025.09.17.174501-85dc6a8		2025-09-17T18:08:09Z	
2025.09.18.140406-f1ff40a		2025-09-18T14:27:56Z	
2025.09.18.145000-cb31980		2025-09-18T15:14:01Z	
2025.09.18.152438-42f3636		2025-09-18T15:58:03Z	
2025.09.19.103533-4ccc90e		2025-09-19T10:59:13Z	
2025.09.19.183043-c05fd75		2025-09-19T18:54:07Z	
2025.09.19.194448-739dda7		2025-09-19T20:08:28Z	
2025.09.19.204155-e5a6013		2025-09-19T21:03:45Z	
2025.09.21.163315-e0abc39		2025-09-21T16:56:37Z	
2025.09.22.121653-70849a9		2025-09-22T12:39:49Z	
2025.09.23.064848-4f064f3		2025-09-23T07:11:38Z	
2025.09.23.103255-3c93abd		2025-09-23T10:54:22Z	
2025.09.23.160141-a349963		2025-09-23T16:23:33Z	
2025.09.24.104930-15b751f		2025-09-24T11:11:26Z	
2025.09.24.155826-e4058da		2025-09-24T16:21:00Z	
2025.09.24.171815-0820f26		2025-09-24T17:41:27Z	
2025.09.25.124431-1e43280		2025-09-25T13:07:52Z	
2025.09.25.200858-c557109		2025-09-25T20:36:23Z	
2025.09.25.202705-094c7d1		2025-09-25T20:50:24Z	
2025.09.30.112121-039db7a		2025-09-30T11:46:00Z	
2025.09.30.200723-d1f9e31		2025-09-30T20:30:39Z	
2025.09.30.212938-a82d176		2025-09-30T21:53:45Z	
2025.10.01.004513-1a75f57		2025-10-01T03:59:32Z	
2025.10.01.043340-bcbd65b		2025-10-01T04:57:29Z	
2025.10.01.191725-e4074b6		2025-10-01T19:41:37Z	
2025.10.01.194108-1c293df		2025-10-01T20:04:59Z	
2025.10.01.205738-e76e21d		2025-10-01T21:21:22Z	
2025.10.02.001830-0d2c5d6		2025-10-02T00:42:23Z	
2025.10.02.231525-a96460a		2025-10-02T23:38:12Z	
2025.10.02.232937-b804b3a		2025-10-02T23:53:40Z	
2025.10.03.051854-846413f		2025-10-03T05:41:53Z	
2025.10.03.130214-492e062		2025-10-03T13:27:22Z	
2025.10.03.131512-cf41689		2025-10-03T13:39:46Z	
2025.10.05.224537-11bc1c9		2025-10-05T23:09:12Z	
2025.10.06.005338-f691a64		2025-10-06T01:17:24Z	
2025.10.06.045017-58fcce5		2025-10-06T05:15:15Z	
2025.10.06.052850-70dd742		2025-10-06T05:53:24Z	
2025.10.06.060810-d3574e3		2025-10-06T06:33:53Z	
2025.10.06.172126-e33c1d4		2025-10-06T17:45:34Z	
2025.10.06.184105-b5ceb0c		2025-10-06T19:05:03Z	
2025.10.07.021642-ad37d5e		2025-10-07T02:39:34Z	
2025.10.07.035629-2e5030b		2025-10-07T04:20:37Z	
2025.10.07.140906-2cccd73		2025-10-07T14:32:53Z	
2025.10.07.143500-3431319		2025-10-07T14:58:59Z	
2025.10.07.203916-3ed7273		2025-10-07T21:04:54Z	
2025.10.08.045216-80ac0af		2025-10-08T05:17:04Z	
2025.10.08.230217-21d3d4f		2025-10-08T23:25:59Z	
2025.10.09.021433-4cd057d		2025-10-09T02:37:58Z	
2025.10.09.174346-7764ac1		2025-10-09T18:07:57Z	
2025.10.14.152530-6082287		2025-10-14T15:50:03Z	
2025.10.14.191112-71bc86b		2025-10-14T19:34:46Z	
2025.10.15.063241-9754974		2025-10-15T06:55:07Z	
2025.10.15.162549-1e8309b		2025-10-15T16:49:22Z	
2025.10.15.180330-823864f		2025-10-15T18:28:24Z	
2025.10.15.194321-7825a59		2025-10-15T20:08:15Z	
2025.10.16.001147-7c7cc79		2025-10-16T00:35:56Z	
2025.10.16.025035-af89ade		2025-10-16T03:14:14Z	
2025.10.16.135405-7ea1561		2025-10-16T14:18:58Z	
2025.10.16.141203-5593008		2025-10-16T14:35:47Z	
2025.10.16.142827-77bbe71		2025-10-16T14:52:44Z	
2025.10.16.173221-95013b6		2025-10-16T17:55:53Z	
2025.10.16.192114-707d735		2025-10-16T19:45:57Z	
2025.10.16.235536-7244a83		2025-10-17T00:20:12Z	
2025.10.17.001048-10d7d66		2025-10-17T00:33:54Z	
2025.10.20.052751-d40d86b		2025-10-20T05:51:49Z	
2025.10.20.054855-7b410ea		2025-10-20T06:11:58Z	
2025.10.21.162206-a48f88b		2025-10-21T16:45:54Z	
2025.10.21.191246-3ff03e8		2025-10-21T19:37:03Z	
2025.10.21.221408-915e7d2		2025-10-21T22:38:05Z	
2025.10.22.132348-1e81e8a		2025-10-22T13:47:05Z	
2025.10.22.142402-2f1c5ee		2025-10-22T14:48:02Z	
2025.10.22.143814-f968848		2025-10-22T15:02:11Z	
2025.10.22.205734-d40e9c0		2025-10-22T21:21:31Z	
2025.10.22.230209-4bbb751		2025-10-22T23:24:48Z	
2025.10.23.043319-55680b7		2025-10-23T04:55:42Z	
2025.10.23.151354-6721cd6		2025-10-23T19:04:42Z	
2025.10.23.160802-96495ac		2025-10-23T17:13:19Z	
2025.10.23.162540-e1ca777		2025-10-23T17:16:20Z	
2025.10.23.165250-3969d8d		2025-10-23T17:20:56Z	
2025.10.23.191203-32e7163		2025-10-23T19:37:21Z	
2025.10.23.230345-19a5ed4		2025-10-23T23:27:29Z	
2025.10.24.151638-5696a5e		2025-10-24T15:41:32Z	
2025.10.24.195454-ec502c8		2025-10-24T20:18:00Z	
2025.10.27.132758-38f82a3		2025-10-27T13:53:00Z	
2025.10.27.222307-10758d6		2025-10-27T22:46:57Z	
2025.10.28.015017-5ac17cb		2025-10-28T02:13:28Z	
2025.10.28.213524-2b29efc		2025-10-28T22:01:26Z	
2025.10.29.170221-33bf400		2025-10-29T17:25:54Z	
2025.10.29.173829-1b7ca3d		2025-10-29T18:01:56Z	
2025.10.29.180452-100b79d		2025-10-29T18:28:35Z	
2025.10.29.182742-7e984a2		2025-10-29T18:52:19Z	
2025.10.29.184537-84a81f8		2025-10-29T19:09:37Z	
2025.10.29.192456-4756ab8		2025-10-29T19:49:17Z	
2025.10.30.161505-1b86e2a		2025-10-30T16:37:48Z	
2025.10.30.163041-44f927b		2025-10-30T16:53:53Z	
2025.10.30.164410-a6a8524		2025-10-30T17:07:26Z	
2025.10.30.185859-37b6d12		2025-10-30T19:22:49Z	
2025.10.30.215657-dfc49f0		2025-10-30T22:20:30Z	
2025.10.31.153548-1819433		2025-10-31T16:08:11Z	
2025.11.03.142801-38e690b		2025-11-03T14:53:12Z	
2025.11.03.144224-40afe27		2025-11-03T15:06:56Z	
2025.11.05.160243-7b48600		2025-11-05T16:26:02Z	
2025.11.06.210609-805abb3		2025-11-06T21:32:15Z	
2025.11.07.022242-7a0b199		2025-11-07T02:46:31Z	
2025.11.07.032400-49826c5		2025-11-07T03:47:24Z	
2025.11.07.155228-61d8eef		2025-11-07T16:17:16Z	
2025.11.07.175142-d63a190		2025-11-07T18:16:20Z	
2025.11.08.032902-3a229e9		2025-11-08T03:52:43Z	
2025.11.10.152258-b07a455		2025-11-10T15:47:39Z	
2025.11.10.153444-7ad2447		2025-11-10T15:58:38Z	
2025.11.10.181029-d6615f3		2025-11-10T18:37:00Z	
2025.11.10.192423-7ef5ceb		2025-11-10T19:48:55Z	
2025.11.10.222635-2f7cd24		2025-11-10T23:04:52Z	
2025.11.11.000655-c3f957c		2025-11-11T00:47:06Z	
2025.11.11.053643-0285b4a		2025-11-11T06:13:10Z	
2025.11.11.141840-60369b5		2025-11-11T14:57:12Z	
2025.11.11.180500-3b142e8		2025-11-11T18:43:35Z	
2025.11.11.190136-3a2b2b6		2025-11-11T19:39:08Z	
2025.11.11.190332-75fbca6		2025-11-11T19:40:40Z	
2025.11.11.195957-97a44b0		2025-11-11T20:37:38Z	
2025.11.13.151247-0fcc33e		2025-11-13T15:51:05Z	
2025.11.13.220418-e3dba40		2025-11-13T22:41:31Z	
2025.11.14.181200-658b984		2025-11-14T18:50:21Z	
2025.11.14.190506-c028231		2025-11-14T19:43:36Z	
2025.11.15.014123-a2c7462		2025-11-15T02:17:48Z	
2025.11.17.145525-d6629aa		2025-11-17T15:33:48Z	
2025.11.17.172800-bedf1bb		2025-11-17T18:06:53Z	
2025.11.17.190301-e2dd5dd		2025-11-17T19:40:30Z	
2025.11.18.144124-89ef16f		2025-11-18T15:17:55Z	
2025.11.20.210811-0dfe41e		2025-11-20T21:45:06Z	
2025.11.20.211706-576a6be		2025-11-20T21:53:43Z	
2025.11.20.224641-febaecd		2025-11-20T23:22:26Z	
2025.11.21.151458-d6c63c5		2025-11-21T15:54:01Z	
2025.11.21.182044-8f73181		2025-11-21T18:58:26Z	
2025.11.21.193913-e0dba9b		2025-11-21T20:16:13Z	
2025.11.21.194619-8f3173b		2025-11-21T20:22:13Z	
2025.11.21.194729-841e0fa		2025-11-21T20:23:45Z	
2025.11.24.232858-f5bb7b9		2025-11-25T00:06:20Z	
2025.11.25.030114-ce34d7d		2025-11-25T03:38:11Z	
2025.11.25.171426-50047b6		2025-11-25T17:51:53Z	
2025.11.25.195841-49d53e1		2025-11-25T20:36:10Z	
2025.11.25.213003-280b33c		2025-11-25T22:08:01Z	
2025.11.25.214256-f5214ec		2025-11-25T22:20:25Z	
2025.11.26.015301-16eeeaa		2025-11-26T02:29:09Z	
2025.11.26.155736-9435a31		2025-11-26T16:35:48Z	
2025.11.27.163014-940211c		2025-11-27T17:07:03Z	
2025.11.27.190306-cbed28c		2025-11-27T19:40:38Z	
2025.12.01.183251-5ac78cc		2025-12-01T19:09:17Z	
2025.12.01.214354-518d2fc		2025-12-01T22:22:51Z	
2025.12.01.224937-add75ea		2025-12-01T23:26:09Z	
2025.12.01.230117-caebf43		2025-12-01T23:39:04Z	
2025.12.01.231005-71eaefe		2025-12-01T23:48:30Z	
2025.12.02.003132-e41261e		2025-12-02T01:09:35Z	
2025.12.02.185916-0992092		2025-12-02T19:37:11Z	
2025.12.02.202109-49ac24a		2025-12-02T20:59:06Z	
2025.12.02.223510-7e2b422		2025-12-02T23:13:16Z	
2025.12.03.160727-127a078		2025-12-03T16:44:48Z	
2025.12.03.191103-3c2fb1d		2025-12-03T19:46:55Z	
2025.12.03.201945-8c75916		2025-12-03T20:56:15Z	
2025.12.04.013219-a4ef788		2025-12-04T02:08:07Z	
2025.12.04.015742-bcd10a3		2025-12-04T02:33:42Z	
2025.12.04.204050-02eb229		2025-12-04T21:19:39Z	
2025.12.07.225437-d89e306		2025-12-07T23:31:59Z	
2025.12.10.045522-87aa12c		2025-12-10T05:31:43Z	
2025.12.10.170644-17c285f		2025-12-10T17:47:18Z	
2025.12.11.063509-07274bc		2025-12-11T07:11:17Z	
2025.12.11.161037-e466634		2025-12-11T16:49:07Z	
2025.12.11.185406-a413e25		2025-12-11T19:31:39Z	
2025.12.15.152919-562fc1b		2025-12-15T16:07:36Z	
2025.12.15.203250-ab30fc7		2025-12-15T21:10:00Z	
2025.12.16.202418-e6c0286		2025-12-16T21:01:18Z	
2025.12.16.210259-c23b6c5		2025-12-16T21:41:05Z	
2025.12.16.222340-169120d		2025-12-16T23:01:48Z	
2025.12.17.151014-b02f52d		2025-12-17T15:48:31Z	
2025.12.18.010313-dade186		2025-12-18T01:41:06Z	
2025.12.18.170727-2e128dc		2025-12-18T17:45:48Z	
2025.12.18.190627-2b05cda		2025-12-18T19:43:27Z	
2025.12.19.154140-b689988		2025-12-19T16:18:38Z	
2025.12.20.012729-0508ba2		2025-12-20T02:04:10Z	
2025.12.22.170005-34841c2		2025-12-22T17:37:14Z	
2025.12.22.224606-9c8b82a		2025-12-22T23:22:13Z	
2026.01.04.163534-d1af60c		2026-01-04T17:20:29Z	
2026.01.06.041650-5d285a7		2026-01-06T04:54:26Z	
2026.01.06.182307-5502ad2		2026-01-06T19:00:29Z	
2026.01.06.195348-bdaa8c8		2026-01-06T20:31:06Z	
2026.01.06.195501-3dd7086		2026-01-06T20:32:29Z	
2026.01.06.200549-ed63e02		2026-01-06T20:43:32Z	
2026.01.07.154210-2912721		2026-01-07T16:20:27Z	
2026.01.08.211816-91f1923		2026-01-08T21:56:24Z	
2026.01.12.201209-ae9b3be		2026-01-12T20:49:55Z	
2026.01.13.041158-38b0745		2026-01-13T04:47:56Z	
2026.01.13.223858-f7f0f34		2026-01-13T23:16:21Z	
2026.01.20.043315-ec05da2		2026-01-20T05:09:42Z	
2026.01.21.185212-38a9544		2026-01-21T19:28:04Z	
2026.01.21.191808-6d59508		2026-01-21T19:53:32Z	
2026.01.26.211156-745cee9		2026-01-26T21:48:11Z	
2026.01.27.031605-0eeaf8d		2026-01-27T03:51:40Z	
2026.01.27.211212-9ca2675		2026-01-27T21:49:03Z	
2026.01.28.223633-2dd7633		2026-01-28T23:13:17Z	
2026.01.29.201535-5d084fc		2026-01-29T20:52:11Z	
2026.02.02.012107-06f2b56		2026-02-02T01:57:46Z	
2026.02.02.175004-3b0c515		2026-02-02T18:25:09Z	
2026.02.02.233540-8d4b07b		2026-02-03T00:11:17Z	
2026.02.03.021805-b158528		2026-02-03T02:54:20Z	
2026.02.03.161807-aae6838		2026-02-03T17:04:15Z	
2026.02.03.204959-5a1dc92		2026-02-03T21:27:50Z	
2026.02.10.164122-212cd12		2026-02-10T17:03:51Z	
2026.02.10.201737-aebc832		2026-02-10T20:53:10Z	
2026.02.10.202144-ca53203		2026-02-10T20:56:28Z	
2026.02.10.221457-26aae7c		2026-02-10T22:50:34Z	
2026.02.10.221635-73aac40		2026-02-10T22:52:46Z	
2026.02.11.135206-f53befc		2026-02-11T14:28:09Z	
2026.02.12.144539-fae6a0b		2026-02-12T15:23:24Z	
2026.02.12.160202-834a9f8		2026-02-12T16:38:06Z	
2026.02.12.214942-08a35e2		2026-02-12T22:25:38Z	
2026.02.14.023725-1db1eee		2026-02-14T03:14:21Z	
2026.02.17.045205-66b9464		2026-02-17T05:28:31Z	
2026.02.17.052330-d516761		2026-02-17T05:59:42Z	
2026.02.17.220858-584868a		2026-02-17T22:47:00Z	
2026.02.17.234634-21dfc04		2026-02-18T00:23:50Z	
2026.02.18.173134-bf5e689		2026-02-18T18:12:16Z	
2026.02.19.193101-07cb24d		2026-02-19T20:08:38Z	
2026.02.19.220226-ffabdfc		2026-02-19T22:39:27Z	
2026.02.19.221444-5584a37		2026-02-19T22:54:04Z	
2026.02.23.162104-a5b2d82		2026-02-23T17:07:19Z	
2026.02.23.214122-d027048		2026-02-23T22:18:54Z	
2026.02.24.133039-644cbe5		2026-02-24T14:08:43Z	
2026.02.24.175905-15ffdb4		2026-02-24T18:37:45Z	
2026.02.26.204055-0e40dbd		2026-02-26T21:19:02Z	
2026.03.06.171816-72c39ba		2026-03-06T17:56:06Z	
2026.03.06.233340-29415f1		2026-03-07T00:10:16Z	
2026.03.10.182522-aa6ea14		2026-03-10T19:01:43Z	
2026.03.11.220604-e7dfa1e		2026-03-11T22:44:16Z	
2026.03.11.221308-ba13a6c		2026-03-11T22:49:56Z	
2026.03.12.054535-5f07141		2026-03-12T06:20:58Z	
2026.03.12.140825-e9eb3c8		2026-03-12T14:58:05Z	
2026.03.12.215957-4b2a6e4		2026-03-12T22:36:25Z	
2026.03.13.032430-9602860		2026-03-13T04:02:08Z	
2026.03.13.135028-aeef173		2026-03-13T14:27:03Z	
2026.03.13.235452-09056a1		2026-03-14T00:30:49Z	
2026.03.16.141459-b036f67		2026-03-16T14:52:43Z	
2026.03.17.165206-770a6f5		2026-03-17T17:28:18Z	
2026.03.19.144402-97c0613		2026-03-19T15:21:08Z	
2026.03.19.180705-f87ffc7		2026-03-19T18:43:12Z	
2026.03.21.040222-1573f1e		2026-03-21T04:38:28Z	
2026.03.23.012728-aac670d		2026-03-23T02:02:32Z	
2026.03.23.013741-61a419c		2026-03-23T02:13:50Z	
2026.03.23.015754-7c7299e		2026-03-23T02:35:05Z	
2026.03.23.140538-053a0b9		2026-03-23T14:42:36Z	
2026.03.23.172900-0f2f8cc		2026-03-23T18:06:28Z	
2026.03.23.234737-93e1363		2026-03-24T00:23:41Z	
2026.03.23.235553-ede4bde		2026-03-24T00:31:56Z	
2026.03.24.021929-9be2dd1		2026-03-24T02:55:17Z	
2026.03.24.022847-60c7bfc		2026-03-24T03:04:28Z	
2026.03.24.043838-93ee0ef		2026-03-24T05:14:30Z	
2026.03.24.051311-8fafc6a		2026-03-24T05:48:45Z	
2026.03.25.123043-1c0b0d9		2026-03-25T13:07:50Z	
2026.03.25.201139-6d75ca9		2026-03-25T20:47:59Z	
2026.03.26.232208-8c9336b		2026-03-26T23:57:38Z	
2026.03.30.144532-473f5c0		2026-03-30T15:22:51Z	
2026.03.30.155832-5423eb1		2026-03-30T16:34:51Z	
2026.03.31.220029-ed8546b		2026-03-31T22:35:42Z	
2026.04.01.025651-0f78c26		2026-04-01T03:33:34Z	
2026.04.01.165629-448a83d		2026-04-01T17:33:10Z	
2026.04.02.034037-9711d31		2026-04-02T04:15:55Z	
2026.04.02.063214-4cb84d8		2026-04-02T07:07:12Z	
2026.04.03.011609-13ce21b		2026-04-03T01:53:04Z	
2026.04.03.201429-3420f5d		2026-04-03T20:49:56Z	
2026.04.07.201317-9b662d4		2026-04-07T20:48:41Z	
2026.04.08.004134-99d0287		2026-04-08T01:17:22Z	
2026.04.08.184003-a20df7c		2026-04-08T19:16:59Z	
2026.04.09.161800-39fe658		2026-04-09T16:41:03Z	
2026.04.09.202754-924cd3a		2026-04-09T20:50:37Z	
2026.04.10.025724-2e9e286		2026-04-13T01:12:57Z	
2026.04.15.204000-ed3de39		2026-04-15T21:16:47Z	
2026.04.21.220425-1d6abef		2026-04-21T22:38:28Z	
2026.04.22.062957-07a00b8		2026-04-22T07:04:41Z	
2026.04.22.213831-7ae7828		2026-04-22T22:14:39Z	
2026.04.29.010705-6cc9a2b		2026-04-29T01:42:02Z	
2026.04.30.011718-34dddbb		2026-04-30T01:52:24Z	
2026.04.30.143643-71f0313		2026-04-30T15:12:37Z	
2026.05.01.161808-bc802df		2026-05-01T17:20:48Z	
2026.05.01.173758-249bd47		2026-05-01T18:14:41Z	
2026.05.01.181208-dd17b66		2026-05-01T18:47:07Z	
2026.05.04.142235-d3ec106		2026-05-04T14:57:16Z	
2026.05.06.171111-14fa108		2026-05-06T17:47:22Z	
2026.05.07.144914-0380182		2026-05-07T15:25:34Z	
2026.05.07.232508-e7fa200		2026-05-07T23:59:30Z	
2026.05.11.051434-ee96058		2026-05-11T05:50:05Z	
2026.05.13.045147-e294b5e		2026-05-13T05:26:55Z	
2026.05.13.125856-d2c17c0		2026-05-13T13:33:47Z	
2026.05.13.181125-7402c7e		2026-05-13T18:46:45Z	
2026.05.14.142257-8de94c8		2026-05-14T14:56:31Z	
2026.05.15.052459-8b04f79		2026-05-15T06:01:01Z	
2026.05.18.222251-7e84271		2026-05-18T22:58:36Z	
2026.05.19.041518-a638b03		2026-05-19T04:48:02Z	
