1.3.0		2018-10-29T08:15:43Z	
1.3.0-rc-190		2018-10-19T15:12:29Z	
1.3.0-rc-198		2018-10-22T11:32:40Z	
1.3.10		2018-11-13T13:45:55Z	
1.3.11		2018-12-06T10:09:16Z	
1.3.20		2019-01-23T13:38:13Z	
1.3.20	original	2019-01-23T13:38:18Z	
1.3.21		2019-02-06T09:35:53Z	
1.3.21	original	2019-02-06T09:36:01Z	
1.3.30		2019-04-11T15:00:09Z	
1.3.31		2019-04-25T11:59:56Z	
1.3.40		2019-06-19T10:36:11Z	
1.3.41		2019-07-03T19:52:44Z	
1.3.50		2019-08-22T11:51:56Z	
1.3.60		2019-11-14T15:41:38Z	
1.3.61		2019-11-26T18:56:54Z	
1.3.70		2020-03-03T14:19:36Z	
1.3.71		2020-03-23T09:57:53Z	
1.3.72		2020-04-14T10:38:25Z	
1.4.0		2020-08-13T18:21:08Z	
1.4.0-rc		2020-07-24T12:05:37Z	
1.4.10		2020-09-03T19:18:18Z	
1.4.20		2020-11-19T08:29:24Z	
1.4.20-M1		2020-10-30T17:27:24Z	
1.4.20-M2		2020-11-02T15:44:36Z	
1.4.20-RC		2020-11-02T15:46:36Z	
1.4.21		2020-12-07T11:16:54Z	
1.4.21-2		2020-12-28T17:12:59Z	
1.4.30		2021-02-03T09:10:24Z	
1.4.30-M1		2020-12-22T12:05:50Z	
1.4.30-RC		2021-01-18T11:37:36Z	
1.4.31		2021-02-25T10:32:09Z	
1.4.32		2021-03-22T10:35:02Z	
1.5.0		2021-04-26T09:06:03Z	
1.5.0-M1		2021-03-03T10:00:26Z	
1.5.0-M2		2021-03-26T10:50:16Z	
1.5.0-RC		2021-04-13T16:51:44Z	
1.5.10		2021-05-24T08:07:30Z	
1.5.20		2021-06-24T08:03:01Z	
1.5.20-M1		2021-05-26T09:14:50Z	
1.5.20-RC		2021-06-10T12:40:57Z	
1.5.21		2021-07-13T09:35:23Z	
1.5.30		2021-08-24T09:11:10Z	
1.5.30-M1		2021-07-20T10:38:58Z	
1.5.30-RC		2021-08-09T13:53:42Z	
1.5.31		2021-09-18T15:50:51Z	
1.5.32		2021-11-29T07:00:55Z	
1.6.0		2021-11-13T08:57:35Z	
1.6.0-M1		2021-09-23T15:25:33Z	
1.6.0-RC		2021-10-12T08:56:07Z	
1.6.0-RC2		2021-11-02T11:11:31Z	
1.6.10		2021-12-14T05:51:30Z	
1.6.10-RC		2021-12-07T08:35:42Z	
1.6.20		2022-04-01T12:00:06Z	
1.6.20-M1		2022-02-07T10:15:28Z	
1.6.20-RC		2022-02-23T18:59:51Z	
1.6.20-RC2		2022-03-22T14:44:35Z	
1.6.21		2022-04-19T12:56:19Z	
1.7.0		2022-06-08T13:43:03Z	
1.7.0	gradle70	2022-06-08T13:43:05Z	
1.7.0	gradle70-javadoc	2022-06-08T13:43:03Z	
1.7.0	gradle70-sources	2022-06-08T13:43:04Z	
1.7.0-Beta		2022-05-04T13:14:23Z	
1.7.0-Beta	gradle70	2022-05-04T13:14:24Z	
1.7.0-Beta	gradle70-javadoc	2022-05-04T13:14:26Z	
1.7.0-Beta	gradle70-sources	2022-05-04T13:14:26Z	
1.7.0-RC		2022-05-19T14:20:23Z	
1.7.0-RC	gradle70	2022-05-19T14:20:26Z	
1.7.0-RC	gradle70-javadoc	2022-05-19T14:20:25Z	
1.7.0-RC	gradle70-sources	2022-05-19T14:20:25Z	
1.7.0-RC2		2022-06-01T09:40:38Z	
1.7.0-RC2	gradle70	2022-06-01T09:40:39Z	
1.7.0-RC2	gradle70-javadoc	2022-06-01T09:40:41Z	
1.7.0-RC2	gradle70-sources	2022-06-01T09:40:41Z	
1.7.10		2022-07-07T09:04:07Z	
1.7.10	gradle70	2022-07-07T09:04:10Z	
1.7.10	gradle70-javadoc	2022-07-07T09:04:08Z	
1.7.10	gradle70-sources	2022-07-07T09:04:11Z	
1.7.20		2022-09-28T10:53:31Z	
1.7.20	gradle70	2022-09-28T10:53:35Z	
1.7.20	gradle70-javadoc	2022-09-28T10:53:34Z	
1.7.20	gradle70-sources	2022-09-28T10:53:35Z	
1.7.20	gradle71	2022-09-28T10:53:33Z	
1.7.20	gradle71-javadoc	2022-09-28T10:53:33Z	
1.7.20	gradle71-sources	2022-09-28T10:53:33Z	
1.7.20-Beta		2022-07-27T17:08:22Z	
1.7.20-Beta	gradle70	2022-07-27T17:08:24Z	
1.7.20-Beta	gradle70-javadoc	2022-07-27T17:08:25Z	
1.7.20-Beta	gradle70-sources	2022-07-27T17:08:24Z	
1.7.20-Beta	gradle71	2022-07-27T17:08:28Z	
1.7.20-Beta	gradle71-javadoc	2022-07-27T17:08:25Z	
1.7.20-Beta	gradle71-sources	2022-07-27T17:08:26Z	
1.7.20-RC		2022-09-07T16:26:58Z	
1.7.20-RC	gradle70	2022-09-07T16:27:03Z	
1.7.20-RC	gradle70-javadoc	2022-09-07T16:27:01Z	
1.7.20-RC	gradle70-sources	2022-09-07T16:26:59Z	
1.7.20-RC	gradle71	2022-09-07T16:26:59Z	
1.7.20-RC	gradle71-javadoc	2022-09-07T16:27:02Z	
1.7.20-RC	gradle71-sources	2022-09-07T16:27:01Z	
1.7.21		2022-11-08T14:37:17Z	
1.7.21	gradle70	2022-11-08T14:37:18Z	
1.7.21	gradle70-javadoc	2022-11-08T14:37:21Z	
1.7.21	gradle70-sources	2022-11-08T14:37:21Z	
1.7.21	gradle71	2022-11-08T14:37:18Z	
1.7.21	gradle71-javadoc	2022-11-08T14:37:20Z	
1.7.21	gradle71-sources	2022-11-08T14:37:18Z	
1.7.22		2022-11-28T09:50:12Z	
1.7.22	gradle70	2022-11-28T09:50:14Z	
1.7.22	gradle70-javadoc	2022-11-28T09:50:16Z	
1.7.22	gradle70-sources	2022-11-28T09:50:15Z	
1.7.22	gradle71	2022-11-28T09:50:16Z	
1.7.22	gradle71-javadoc	2022-11-28T09:50:15Z	
1.7.22	gradle71-sources	2022-11-28T09:50:18Z	
1.8.0		2022-12-27T20:26:06Z	
1.8.0	gradle70	2022-12-27T20:26:13Z	
1.8.0	gradle70-javadoc	2022-12-27T20:26:07Z	
1.8.0	gradle70-sources	2022-12-27T20:26:11Z	
1.8.0	gradle71	2022-12-27T20:26:14Z	
1.8.0	gradle71-javadoc	2022-12-27T20:26:10Z	
1.8.0	gradle71-sources	2022-12-27T20:26:14Z	
1.8.0	gradle75	2022-12-27T20:26:10Z	
1.8.0	gradle75-javadoc	2022-12-27T20:26:10Z	
1.8.0	gradle75-sources	2022-12-27T20:26:11Z	
1.8.0	gradle76	2022-12-27T20:26:13Z	
1.8.0	gradle76-javadoc	2022-12-27T20:26:08Z	
1.8.0	gradle76-sources	2022-12-27T20:26:08Z	
1.8.0-343		2022-12-22T02:59:30Z	
1.8.0-343	gradle70	2022-12-22T02:59:27Z	
1.8.0-343	gradle70-javadoc	2022-12-22T02:59:28Z	
1.8.0-343	gradle70-sources	2022-12-22T02:59:28Z	
1.8.0-343	gradle71	2022-12-22T02:59:28Z	
1.8.0-343	gradle71-javadoc	2022-12-22T02:59:28Z	
1.8.0-343	gradle71-sources	2022-12-22T02:59:29Z	
1.8.0-343	gradle75	2022-12-22T02:59:29Z	
1.8.0-343	gradle75-javadoc	2022-12-22T02:59:29Z	
1.8.0-343	gradle75-sources	2022-12-22T02:59:29Z	
1.8.0-343	gradle76	2022-12-22T02:59:30Z	
1.8.0-343	gradle76-javadoc	2022-12-22T02:59:30Z	
1.8.0-343	gradle76-sources	2022-12-22T02:59:30Z	
1.8.0-Beta		2022-11-14T11:17:14Z	
1.8.0-Beta	gradle70	2022-11-14T11:17:17Z	
1.8.0-Beta	gradle70-javadoc	2022-11-14T11:17:16Z	
1.8.0-Beta	gradle70-sources	2022-11-14T11:17:19Z	
1.8.0-Beta	gradle71	2022-11-14T11:17:15Z	
1.8.0-Beta	gradle71-javadoc	2022-11-14T11:17:19Z	
1.8.0-Beta	gradle71-sources	2022-11-14T11:17:19Z	
1.8.0-Beta	gradle75	2022-11-14T11:17:15Z	
1.8.0-Beta	gradle75-javadoc	2022-11-14T11:17:20Z	
1.8.0-Beta	gradle75-sources	2022-11-14T11:17:16Z	
1.8.0-RC		2022-12-07T16:44:08Z	
1.8.0-RC	gradle70	2022-12-07T16:44:11Z	
1.8.0-RC	gradle70-javadoc	2022-12-07T16:44:12Z	
1.8.0-RC	gradle70-sources	2022-12-07T16:44:12Z	
1.8.0-RC	gradle71	2022-12-07T16:44:14Z	
1.8.0-RC	gradle71-javadoc	2022-12-07T16:44:14Z	
1.8.0-RC	gradle71-sources	2022-12-07T16:44:10Z	
1.8.0-RC	gradle75	2022-12-07T16:44:15Z	
1.8.0-RC	gradle75-javadoc	2022-12-07T16:44:10Z	
1.8.0-RC	gradle75-sources	2022-12-07T16:44:11Z	
1.8.0-RC	gradle76	2022-12-07T16:44:12Z	
1.8.0-RC	gradle76-javadoc	2022-12-07T16:44:10Z	
1.8.0-RC	gradle76-sources	2022-12-07T16:44:19Z	
1.8.0-RC2		2022-12-20T11:58:48Z	
1.8.0-RC2	gradle70	2022-12-20T11:58:55Z	
1.8.0-RC2	gradle70-javadoc	2022-12-20T11:58:51Z	
1.8.0-RC2	gradle70-sources	2022-12-20T11:58:50Z	
1.8.0-RC2	gradle71	2022-12-20T11:58:52Z	
1.8.0-RC2	gradle71-javadoc	2022-12-20T11:58:55Z	
1.8.0-RC2	gradle71-sources	2022-12-20T11:58:51Z	
1.8.0-RC2	gradle75	2022-12-20T11:58:50Z	
1.8.0-RC2	gradle75-javadoc	2022-12-20T11:58:53Z	
1.8.0-RC2	gradle75-sources	2022-12-20T11:58:53Z	
1.8.0-RC2	gradle76	2022-12-20T11:58:51Z	
1.8.0-RC2	gradle76-javadoc	2022-12-20T11:58:56Z	
1.8.0-RC2	gradle76-sources	2022-12-20T11:58:54Z	
1.8.10		2023-02-02T11:14:23Z	
1.8.10	gradle70	2023-02-02T11:14:27Z	
1.8.10	gradle70-javadoc	2023-02-02T11:14:25Z	
1.8.10	gradle70-sources	2023-02-02T11:14:25Z	
1.8.10	gradle71	2023-02-02T11:14:29Z	
1.8.10	gradle71-javadoc	2023-02-02T11:14:31Z	
1.8.10	gradle71-sources	2023-02-02T11:14:28Z	
1.8.10	gradle75	2023-02-02T11:14:32Z	
1.8.10	gradle75-javadoc	2023-02-02T11:14:32Z	
1.8.10	gradle75-sources	2023-02-02T11:14:32Z	
1.8.10	gradle76	2023-02-02T11:14:24Z	
1.8.10	gradle76-javadoc	2023-02-02T11:14:26Z	
1.8.10	gradle76-sources	2023-02-02T11:14:24Z	
1.8.20		2023-03-30T08:05:03Z	
1.8.20	gradle70	2023-03-30T08:05:09Z	
1.8.20	gradle70-javadoc	2023-03-30T08:05:07Z	
1.8.20	gradle70-sources	2023-03-30T08:05:09Z	
1.8.20	gradle71	2023-03-30T08:05:10Z	
1.8.20	gradle71-javadoc	2023-03-30T08:05:04Z	
1.8.20	gradle71-sources	2023-03-30T08:05:11Z	
1.8.20	gradle74	2023-03-30T08:05:11Z	
1.8.20	gradle74-javadoc	2023-03-30T08:05:05Z	
1.8.20	gradle74-sources	2023-03-30T08:05:06Z	
1.8.20	gradle75	2023-03-30T08:05:04Z	
1.8.20	gradle75-javadoc	2023-03-30T08:05:12Z	
1.8.20	gradle75-sources	2023-03-30T08:05:04Z	
1.8.20	gradle76	2023-03-30T08:05:07Z	
1.8.20	gradle76-javadoc	2023-03-30T08:05:08Z	
1.8.20	gradle76-sources	2023-03-30T08:05:05Z	
1.8.20-Beta		2023-02-07T20:35:39Z	
1.8.20-Beta	gradle70	2023-02-07T20:35:47Z	
1.8.20-Beta	gradle70-javadoc	2023-02-07T20:35:44Z	
1.8.20-Beta	gradle70-sources	2023-02-07T20:35:41Z	
1.8.20-Beta	gradle71	2023-02-07T20:35:41Z	
1.8.20-Beta	gradle71-javadoc	2023-02-07T20:35:43Z	
1.8.20-Beta	gradle71-sources	2023-02-07T20:35:46Z	
1.8.20-Beta	gradle74	2023-02-07T20:35:47Z	
1.8.20-Beta	gradle74-javadoc	2023-02-07T20:35:46Z	
1.8.20-Beta	gradle74-sources	2023-02-07T20:35:42Z	
1.8.20-Beta	gradle75	2023-02-07T20:35:44Z	
1.8.20-Beta	gradle75-javadoc	2023-02-07T20:35:45Z	
1.8.20-Beta	gradle75-sources	2023-02-07T20:35:45Z	
1.8.20-Beta	gradle76	2023-02-07T20:35:39Z	
1.8.20-Beta	gradle76-javadoc	2023-02-07T20:35:45Z	
1.8.20-Beta	gradle76-sources	2023-02-07T20:35:48Z	
1.8.20-RC		2023-03-08T08:24:18Z	
1.8.20-RC	gradle70	2023-03-08T08:24:25Z	
1.8.20-RC	gradle70-javadoc	2023-03-08T08:24:23Z	
1.8.20-RC	gradle70-sources	2023-03-08T08:24:26Z	
1.8.20-RC	gradle71	2023-03-08T08:24:24Z	
1.8.20-RC	gradle71-javadoc	2023-03-08T08:24:25Z	
1.8.20-RC	gradle71-sources	2023-03-08T08:24:20Z	
1.8.20-RC	gradle74	2023-03-08T08:24:22Z	
1.8.20-RC	gradle74-javadoc	2023-03-08T08:24:25Z	
1.8.20-RC	gradle74-sources	2023-03-08T08:24:25Z	
1.8.20-RC	gradle75	2023-03-08T08:24:24Z	
1.8.20-RC	gradle75-javadoc	2023-03-08T08:24:19Z	
1.8.20-RC	gradle75-sources	2023-03-08T08:24:19Z	
1.8.20-RC	gradle76	2023-03-08T08:24:27Z	
1.8.20-RC	gradle76-javadoc	2023-03-08T08:24:19Z	
1.8.20-RC	gradle76-sources	2023-03-08T08:24:27Z	
1.8.20-RC2		2023-03-23T09:03:51Z	
1.8.20-RC2	gradle70	2023-03-23T09:03:53Z	
1.8.20-RC2	gradle70-javadoc	2023-03-23T09:04:06Z	
1.8.20-RC2	gradle70-sources	2023-03-23T09:03:58Z	
1.8.20-RC2	gradle71	2023-03-23T09:03:54Z	
1.8.20-RC2	gradle71-javadoc	2023-03-23T09:03:59Z	
1.8.20-RC2	gradle71-sources	2023-03-23T09:04:01Z	
1.8.20-RC2	gradle74	2023-03-23T09:04:07Z	
1.8.20-RC2	gradle74-javadoc	2023-03-23T09:04:02Z	
1.8.20-RC2	gradle74-sources	2023-03-23T09:03:52Z	
1.8.20-RC2	gradle75	2023-03-23T09:04:00Z	
1.8.20-RC2	gradle75-javadoc	2023-03-23T09:03:53Z	
1.8.20-RC2	gradle75-sources	2023-03-23T09:03:53Z	
1.8.20-RC2	gradle76	2023-03-23T09:04:01Z	
1.8.20-RC2	gradle76-javadoc	2023-03-23T09:04:08Z	
1.8.20-RC2	gradle76-sources	2023-03-23T09:04:05Z	
1.8.21		2023-04-25T04:25:20Z	
1.8.21	gradle70	2023-04-25T04:25:22Z	
1.8.21	gradle70-javadoc	2023-04-25T04:25:23Z	
1.8.21	gradle70-sources	2023-04-25T04:25:27Z	
1.8.21	gradle71	2023-04-25T04:25:22Z	
1.8.21	gradle71-javadoc	2023-04-25T04:25:24Z	
1.8.21	gradle71-sources	2023-04-25T04:25:24Z	
1.8.21	gradle74	2023-04-25T04:25:24Z	
1.8.21	gradle74-javadoc	2023-04-25T04:25:26Z	
1.8.21	gradle74-sources	2023-04-25T04:25:23Z	
1.8.21	gradle75	2023-04-25T04:25:28Z	
1.8.21	gradle75-javadoc	2023-04-25T04:25:26Z	
1.8.21	gradle75-sources	2023-04-25T04:25:21Z	
1.8.21	gradle76	2023-04-25T04:25:28Z	
1.8.21	gradle76-javadoc	2023-04-25T04:25:22Z	
1.8.21	gradle76-sources	2023-04-25T04:25:25Z	
1.8.22		2023-06-07T18:47:13Z	
1.8.22	gradle70	2023-06-07T18:47:14Z	
1.8.22	gradle70-javadoc	2023-06-07T18:47:20Z	
1.8.22	gradle70-sources	2023-06-07T18:47:22Z	
1.8.22	gradle71	2023-06-07T18:47:19Z	
1.8.22	gradle71-javadoc	2023-06-07T18:47:21Z	
1.8.22	gradle71-sources	2023-06-07T18:47:22Z	
1.8.22	gradle74	2023-06-07T18:47:21Z	
1.8.22	gradle74-javadoc	2023-06-07T18:47:16Z	
1.8.22	gradle74-sources	2023-06-07T18:47:18Z	
1.8.22	gradle75	2023-06-07T18:47:16Z	
1.8.22	gradle75-javadoc	2023-06-07T18:47:19Z	
1.8.22	gradle75-sources	2023-06-07T18:47:18Z	
1.8.22	gradle76	2023-06-07T18:47:14Z	
1.8.22	gradle76-javadoc	2023-06-07T18:47:20Z	
1.8.22	gradle76-sources	2023-06-07T18:47:21Z	
1.9.0		2023-07-05T23:48:35Z	
1.9.0	gradle70	2023-07-05T23:48:46Z	
1.9.0	gradle70-javadoc	2023-07-05T23:48:39Z	
1.9.0	gradle70-sources	2023-07-05T23:48:45Z	
1.9.0	gradle71	2023-07-05T23:48:37Z	
1.9.0	gradle71-javadoc	2023-07-05T23:48:36Z	
1.9.0	gradle71-sources	2023-07-05T23:48:44Z	
1.9.0	gradle74	2023-07-05T23:48:44Z	
1.9.0	gradle74-javadoc	2023-07-05T23:48:40Z	
1.9.0	gradle74-sources	2023-07-05T23:48:45Z	
1.9.0	gradle75	2023-07-05T23:48:38Z	
1.9.0	gradle75-javadoc	2023-07-05T23:48:43Z	
1.9.0	gradle75-sources	2023-07-05T23:48:39Z	
1.9.0	gradle76	2023-07-05T23:48:43Z	
1.9.0	gradle76-javadoc	2023-07-05T23:48:41Z	
1.9.0	gradle76-sources	2023-07-05T23:48:46Z	
1.9.0	gradle80	2023-07-05T23:48:40Z	
1.9.0	gradle80-javadoc	2023-07-05T23:48:44Z	
1.9.0	gradle80-sources	2023-07-05T23:48:36Z	
1.9.0	gradle81	2023-07-05T23:48:37Z	
1.9.0	gradle81-javadoc	2023-07-05T23:48:37Z	
1.9.0	gradle81-sources	2023-07-05T23:48:42Z	
1.9.0-Beta		2023-05-22T20:25:35Z	
1.9.0-Beta	gradle70	2023-05-22T20:25:38Z	
1.9.0-Beta	gradle70-javadoc	2023-05-22T20:25:47Z	
1.9.0-Beta	gradle70-sources	2023-05-22T20:25:41Z	
1.9.0-Beta	gradle71	2023-05-22T20:25:44Z	
1.9.0-Beta	gradle71-javadoc	2023-05-22T20:25:46Z	
1.9.0-Beta	gradle71-sources	2023-05-22T20:25:46Z	
1.9.0-Beta	gradle74	2023-05-22T20:25:45Z	
1.9.0-Beta	gradle74-javadoc	2023-05-22T20:25:41Z	
1.9.0-Beta	gradle74-sources	2023-05-22T20:25:41Z	
1.9.0-Beta	gradle75	2023-05-22T20:25:37Z	
1.9.0-Beta	gradle75-javadoc	2023-05-22T20:25:46Z	
1.9.0-Beta	gradle75-sources	2023-05-22T20:25:38Z	
1.9.0-Beta	gradle76	2023-05-22T20:25:44Z	
1.9.0-Beta	gradle76-javadoc	2023-05-22T20:25:47Z	
1.9.0-Beta	gradle76-sources	2023-05-22T20:25:38Z	
1.9.0-Beta	gradle80	2023-05-22T20:25:40Z	
1.9.0-Beta	gradle80-javadoc	2023-05-22T20:25:42Z	
1.9.0-Beta	gradle80-sources	2023-05-22T20:25:37Z	
1.9.0-Beta	gradle81	2023-05-22T20:25:39Z	
1.9.0-Beta	gradle81-javadoc	2023-05-22T20:25:36Z	
1.9.0-Beta	gradle81-sources	2023-05-22T20:25:44Z	
1.9.0-RC		2023-06-19T13:47:37Z	
1.9.0-RC	gradle70	2023-06-19T13:47:39Z	
1.9.0-RC	gradle70-javadoc	2023-06-19T13:47:44Z	
1.9.0-RC	gradle70-sources	2023-06-19T13:47:53Z	
1.9.0-RC	gradle71	2023-06-19T13:47:38Z	
1.9.0-RC	gradle71-javadoc	2023-06-19T13:47:41Z	
1.9.0-RC	gradle71-sources	2023-06-19T13:47:45Z	
1.9.0-RC	gradle74	2023-06-19T13:47:43Z	
1.9.0-RC	gradle74-javadoc	2023-06-19T13:47:43Z	
1.9.0-RC	gradle74-sources	2023-06-19T13:47:46Z	
1.9.0-RC	gradle75	2023-06-19T13:47:39Z	
1.9.0-RC	gradle75-javadoc	2023-06-19T13:47:41Z	
1.9.0-RC	gradle75-sources	2023-06-19T13:47:52Z	
1.9.0-RC	gradle76	2023-06-19T13:47:52Z	
1.9.0-RC	gradle76-javadoc	2023-06-19T13:47:45Z	
1.9.0-RC	gradle76-sources	2023-06-19T13:47:38Z	
1.9.0-RC	gradle80	2023-06-19T13:47:46Z	
1.9.0-RC	gradle80-javadoc	2023-06-19T13:47:42Z	
1.9.0-RC	gradle80-sources	2023-06-19T13:47:39Z	
1.9.0-RC	gradle81	2023-06-19T13:47:57Z	
1.9.0-RC	gradle81-javadoc	2023-06-19T13:47:40Z	
1.9.0-RC	gradle81-sources	2023-06-19T13:47:40Z	
1.9.10		2023-08-23T09:20:12Z	
1.9.10	gradle70	2023-08-23T09:20:15Z	
1.9.10	gradle70-javadoc	2023-08-23T09:20:16Z	
1.9.10	gradle70-sources	2023-08-23T09:20:18Z	
1.9.10	gradle71	2023-08-23T09:20:14Z	
1.9.10	gradle71-javadoc	2023-08-23T09:20:14Z	
1.9.10	gradle71-sources	2023-08-23T09:20:23Z	
1.9.10	gradle74	2023-08-23T09:20:20Z	
1.9.10	gradle74-javadoc	2023-08-23T09:20:16Z	
1.9.10	gradle74-sources	2023-08-23T09:20:15Z	
1.9.10	gradle75	2023-08-23T09:20:19Z	
1.9.10	gradle75-javadoc	2023-08-23T09:20:18Z	
1.9.10	gradle75-sources	2023-08-23T09:20:18Z	
1.9.10	gradle76	2023-08-23T09:20:18Z	
1.9.10	gradle76-javadoc	2023-08-23T09:20:17Z	
1.9.10	gradle76-sources	2023-08-23T09:20:23Z	
1.9.10	gradle80	2023-08-23T09:20:15Z	
1.9.10	gradle80-javadoc	2023-08-23T09:20:22Z	
1.9.10	gradle80-sources	2023-08-23T09:20:17Z	
1.9.10	gradle81	2023-08-23T09:20:15Z	
1.9.10	gradle81-javadoc	2023-08-23T09:20:14Z	
1.9.10	gradle81-sources	2023-08-23T09:20:17Z	
1.9.20	gradle70	2023-10-30T18:35:09Z	
1.9.20	gradle70-javadoc	2023-10-30T18:35:09Z	
1.9.20	gradle70-sources	2023-10-30T18:35:10Z	
1.9.20	gradle71	2023-10-30T18:35:10Z	
1.9.20	gradle71-javadoc	2023-10-30T18:35:10Z	
1.9.20	gradle71-sources	2023-10-30T18:35:10Z	
1.9.20	gradle74	2023-10-30T18:35:10Z	
1.9.20	gradle74-javadoc	2023-10-30T18:35:10Z	
1.9.20	gradle74-sources	2023-10-30T18:35:10Z	
1.9.20	gradle75	2023-10-30T18:35:10Z	
1.9.20	gradle75-javadoc	2023-10-30T18:35:11Z	
1.9.20	gradle75-sources	2023-10-30T18:35:11Z	
1.9.20	gradle76	2023-10-30T18:35:11Z	
1.9.20	gradle76-javadoc	2023-10-30T18:35:11Z	
1.9.20	gradle76-sources	2023-10-30T18:35:11Z	
1.9.20	gradle80	2023-10-30T18:35:11Z	
1.9.20	gradle80-javadoc	2023-10-30T18:35:11Z	
1.9.20	gradle80-sources	2023-10-30T18:35:11Z	
1.9.20	gradle81	2023-10-30T18:35:12Z	
1.9.20	gradle81-javadoc	2023-10-30T18:35:12Z	
1.9.20	gradle81-sources	2023-10-30T18:35:12Z	
1.9.20-Beta	gradle70	2023-09-07T09:06:05Z	
1.9.20-Beta	gradle70-javadoc	2023-09-07T09:06:05Z	
1.9.20-Beta	gradle70-sources	2023-09-07T09:06:06Z	
1.9.20-Beta	gradle71	2023-09-07T09:06:06Z	
1.9.20-Beta	gradle71-javadoc	2023-09-07T09:06:06Z	
1.9.20-Beta	gradle71-sources	2023-09-07T09:06:06Z	
1.9.20-Beta	gradle74	2023-09-07T09:06:06Z	
1.9.20-Beta	gradle74-javadoc	2023-09-07T09:06:06Z	
1.9.20-Beta	gradle74-sources	2023-09-07T09:06:06Z	
1.9.20-Beta	gradle75	2023-09-07T09:06:07Z	
1.9.20-Beta	gradle75-javadoc	2023-09-07T09:06:07Z	
1.9.20-Beta	gradle75-sources	2023-09-07T09:06:07Z	
1.9.20-Beta	gradle76	2023-09-07T09:06:07Z	
1.9.20-Beta	gradle76-javadoc	2023-09-07T09:06:07Z	
1.9.20-Beta	gradle76-sources	2023-09-07T09:06:07Z	
1.9.20-Beta	gradle80	2023-09-07T09:06:07Z	
1.9.20-Beta	gradle80-javadoc	2023-09-07T09:06:07Z	
1.9.20-Beta	gradle80-sources	2023-09-07T09:06:07Z	
1.9.20-Beta	gradle81	2023-09-07T09:06:08Z	
1.9.20-Beta	gradle81-javadoc	2023-09-07T09:06:08Z	
1.9.20-Beta	gradle81-sources	2023-09-07T09:06:08Z	
1.9.20-Beta2	gradle70	2023-09-20T13:35:48Z	
1.9.20-Beta2	gradle70-javadoc	2023-09-20T13:35:48Z	
1.9.20-Beta2	gradle70-sources	2023-09-20T13:35:48Z	
1.9.20-Beta2	gradle71	2023-09-20T13:35:48Z	
1.9.20-Beta2	gradle71-javadoc	2023-09-20T13:35:48Z	
1.9.20-Beta2	gradle71-sources	2023-09-20T13:35:49Z	
1.9.20-Beta2	gradle74	2023-09-20T13:35:49Z	
1.9.20-Beta2	gradle74-javadoc	2023-09-20T13:35:49Z	
1.9.20-Beta2	gradle74-sources	2023-09-20T13:35:49Z	
1.9.20-Beta2	gradle75	2023-09-20T13:35:49Z	
1.9.20-Beta2	gradle75-javadoc	2023-09-20T13:35:49Z	
1.9.20-Beta2	gradle75-sources	2023-09-20T13:35:49Z	
1.9.20-Beta2	gradle76	2023-09-20T13:35:49Z	
1.9.20-Beta2	gradle76-javadoc	2023-09-20T13:35:49Z	
1.9.20-Beta2	gradle76-sources	2023-09-20T13:35:50Z	
1.9.20-Beta2	gradle80	2023-09-20T13:35:50Z	
1.9.20-Beta2	gradle80-javadoc	2023-09-20T13:35:50Z	
1.9.20-Beta2	gradle80-sources	2023-09-20T13:35:50Z	
1.9.20-Beta2	gradle81	2023-09-20T13:35:50Z	
1.9.20-Beta2	gradle81-javadoc	2023-09-20T13:35:50Z	
1.9.20-Beta2	gradle81-sources	2023-09-20T13:35:50Z	
1.9.20-RC	gradle70	2023-10-11T02:08:45Z	
1.9.20-RC	gradle70-javadoc	2023-10-11T02:08:45Z	
1.9.20-RC	gradle70-sources	2023-10-11T02:08:45Z	
1.9.20-RC	gradle71	2023-10-11T02:08:46Z	
1.9.20-RC	gradle71-javadoc	2023-10-11T02:08:46Z	
1.9.20-RC	gradle71-sources	2023-10-11T02:08:46Z	
1.9.20-RC	gradle74	2023-10-11T02:08:46Z	
1.9.20-RC	gradle74-javadoc	2023-10-11T02:08:46Z	
1.9.20-RC	gradle74-sources	2023-10-11T02:08:46Z	
1.9.20-RC	gradle75	2023-10-11T02:08:46Z	
1.9.20-RC	gradle75-javadoc	2023-10-11T02:08:46Z	
1.9.20-RC	gradle75-sources	2023-10-11T02:08:47Z	
1.9.20-RC	gradle76	2023-10-11T02:08:47Z	
1.9.20-RC	gradle76-javadoc	2023-10-11T02:08:47Z	
1.9.20-RC	gradle76-sources	2023-10-11T02:08:47Z	
1.9.20-RC	gradle80	2023-10-11T02:08:47Z	
1.9.20-RC	gradle80-javadoc	2023-10-11T02:08:47Z	
1.9.20-RC	gradle80-sources	2023-10-11T02:08:47Z	
1.9.20-RC	gradle81	2023-10-11T02:08:47Z	
1.9.20-RC	gradle81-javadoc	2023-10-11T02:08:47Z	
1.9.20-RC	gradle81-sources	2023-10-11T02:08:48Z	
1.9.20-RC2	gradle70	2023-10-24T09:01:35Z	
1.9.20-RC2	gradle70-javadoc	2023-10-24T09:01:35Z	
1.9.20-RC2	gradle70-sources	2023-10-24T09:01:35Z	
1.9.20-RC2	gradle71	2023-10-24T09:01:35Z	
1.9.20-RC2	gradle71-javadoc	2023-10-24T09:01:35Z	
1.9.20-RC2	gradle71-sources	2023-10-24T09:01:35Z	
1.9.20-RC2	gradle74	2023-10-24T09:01:35Z	
1.9.20-RC2	gradle74-javadoc	2023-10-24T09:01:35Z	
1.9.20-RC2	gradle74-sources	2023-10-24T09:01:36Z	
1.9.20-RC2	gradle75	2023-10-24T09:01:36Z	
1.9.20-RC2	gradle75-javadoc	2023-10-24T09:01:36Z	
1.9.20-RC2	gradle75-sources	2023-10-24T09:01:36Z	
1.9.20-RC2	gradle76	2023-10-24T09:01:36Z	
1.9.20-RC2	gradle76-javadoc	2023-10-24T09:01:36Z	
1.9.20-RC2	gradle76-sources	2023-10-24T09:01:37Z	
1.9.20-RC2	gradle80	2023-10-24T09:01:37Z	
1.9.20-RC2	gradle80-javadoc	2023-10-24T09:01:37Z	
1.9.20-RC2	gradle80-sources	2023-10-24T09:01:37Z	
1.9.20-RC2	gradle81	2023-10-24T09:01:37Z	
1.9.20-RC2	gradle81-javadoc	2023-10-24T09:01:37Z	
1.9.20-RC2	gradle81-sources	2023-10-24T09:01:37Z	
1.9.21	gradle70	2023-11-23T09:19:23Z	
1.9.21	gradle70-javadoc	2023-11-23T09:19:23Z	
1.9.21	gradle70-sources	2023-11-23T09:19:24Z	
1.9.21	gradle71	2023-11-23T09:19:24Z	
1.9.21	gradle71-javadoc	2023-11-23T09:19:24Z	
1.9.21	gradle71-sources	2023-11-23T09:19:24Z	
1.9.21	gradle74	2023-11-23T09:19:24Z	
1.9.21	gradle74-javadoc	2023-11-23T09:19:24Z	
1.9.21	gradle74-sources	2023-11-23T09:19:24Z	
1.9.21	gradle75	2023-11-23T09:19:24Z	
1.9.21	gradle75-javadoc	2023-11-23T09:19:25Z	
1.9.21	gradle75-sources	2023-11-23T09:19:25Z	
1.9.21	gradle76	2023-11-23T09:19:25Z	
1.9.21	gradle76-javadoc	2023-11-23T09:19:25Z	
1.9.21	gradle76-sources	2023-11-23T09:19:25Z	
1.9.21	gradle80	2023-11-23T09:19:25Z	
1.9.21	gradle80-javadoc	2023-11-23T09:19:25Z	
1.9.21	gradle80-sources	2023-11-23T09:19:26Z	
1.9.21	gradle81	2023-11-23T09:19:26Z	
1.9.21	gradle81-javadoc	2023-11-23T09:19:26Z	
1.9.21	gradle81-sources	2023-11-23T09:19:26Z	
1.9.21	gradle82	2023-11-23T09:19:26Z	
1.9.21	gradle82-javadoc	2023-11-23T09:19:26Z	
1.9.21	gradle82-sources	2023-11-23T09:19:26Z	
1.9.22	gradle70	2023-12-21T13:13:15Z	
1.9.22	gradle70-javadoc	2023-12-21T13:13:15Z	
1.9.22	gradle70-sources	2023-12-21T13:13:15Z	
1.9.22	gradle71	2023-12-21T13:13:15Z	
1.9.22	gradle71-javadoc	2023-12-21T13:13:15Z	
1.9.22	gradle71-sources	2023-12-21T13:13:16Z	
1.9.22	gradle74	2023-12-21T13:13:16Z	
1.9.22	gradle74-javadoc	2023-12-21T13:13:16Z	
1.9.22	gradle74-sources	2023-12-21T13:13:16Z	
1.9.22	gradle75	2023-12-21T13:13:16Z	
1.9.22	gradle75-javadoc	2023-12-21T13:13:16Z	
1.9.22	gradle75-sources	2023-12-21T13:13:16Z	
1.9.22	gradle76	2023-12-21T13:13:16Z	
1.9.22	gradle76-javadoc	2023-12-21T13:13:17Z	
1.9.22	gradle76-sources	2023-12-21T13:13:17Z	
1.9.22	gradle80	2023-12-21T13:13:17Z	
1.9.22	gradle80-javadoc	2023-12-21T13:13:17Z	
1.9.22	gradle80-sources	2023-12-21T13:13:17Z	
1.9.22	gradle81	2023-12-21T13:13:17Z	
1.9.22	gradle81-javadoc	2023-12-21T13:13:17Z	
1.9.22	gradle81-sources	2023-12-21T13:13:17Z	
1.9.22	gradle82	2023-12-21T13:13:18Z	
1.9.22	gradle82-javadoc	2023-12-21T13:13:18Z	
1.9.22	gradle82-sources	2023-12-21T13:13:18Z	
1.9.23	gradle70	2024-03-06T18:59:50Z	
1.9.23	gradle70-javadoc	2024-03-06T18:59:50Z	
1.9.23	gradle70-sources	2024-03-06T18:59:50Z	
1.9.23	gradle71	2024-03-06T18:59:50Z	
1.9.23	gradle71-javadoc	2024-03-06T18:59:50Z	
1.9.23	gradle71-sources	2024-03-06T18:59:51Z	
1.9.23	gradle74	2024-03-06T18:59:51Z	
1.9.23	gradle74-javadoc	2024-03-06T18:59:51Z	
1.9.23	gradle74-sources	2024-03-06T18:59:51Z	
1.9.23	gradle75	2024-03-06T18:59:51Z	
1.9.23	gradle75-javadoc	2024-03-06T18:59:51Z	
1.9.23	gradle75-sources	2024-03-06T18:59:51Z	
1.9.23	gradle76	2024-03-06T18:59:52Z	
1.9.23	gradle76-javadoc	2024-03-06T18:59:52Z	
1.9.23	gradle76-sources	2024-03-06T18:59:52Z	
1.9.23	gradle80	2024-03-06T18:59:52Z	
1.9.23	gradle80-javadoc	2024-03-06T18:59:52Z	
1.9.23	gradle80-sources	2024-03-06T18:59:52Z	
1.9.23	gradle81	2024-03-06T18:59:52Z	
1.9.23	gradle81-javadoc	2024-03-06T18:59:52Z	
1.9.23	gradle81-sources	2024-03-06T18:59:52Z	
1.9.23	gradle82	2024-03-06T18:59:53Z	
1.9.23	gradle82-javadoc	2024-03-06T18:59:53Z	
1.9.23	gradle82-sources	2024-03-06T18:59:53Z	
1.9.24	gradle70	2024-05-07T06:10:58Z	
1.9.24	gradle70-javadoc	2024-05-07T06:10:59Z	
1.9.24	gradle70-sources	2024-05-07T06:10:59Z	
1.9.24	gradle71	2024-05-07T06:10:59Z	
1.9.24	gradle71-javadoc	2024-05-07T06:10:59Z	
1.9.24	gradle71-sources	2024-05-07T06:10:59Z	
1.9.24	gradle74	2024-05-07T06:10:59Z	
1.9.24	gradle74-javadoc	2024-05-07T06:10:59Z	
1.9.24	gradle74-sources	2024-05-07T06:11:00Z	
1.9.24	gradle75	2024-05-07T06:11:00Z	
1.9.24	gradle75-javadoc	2024-05-07T06:11:00Z	
1.9.24	gradle75-sources	2024-05-07T06:11:00Z	
1.9.24	gradle76	2024-05-07T06:11:00Z	
1.9.24	gradle76-javadoc	2024-05-07T06:11:00Z	
1.9.24	gradle76-sources	2024-05-07T06:11:00Z	
1.9.24	gradle80	2024-05-07T06:11:00Z	
1.9.24	gradle80-javadoc	2024-05-07T06:11:01Z	
1.9.24	gradle80-sources	2024-05-07T06:11:01Z	
1.9.24	gradle81	2024-05-07T06:11:01Z	
1.9.24	gradle81-javadoc	2024-05-07T06:11:01Z	
1.9.24	gradle81-sources	2024-05-07T06:11:01Z	
1.9.24	gradle82	2024-05-07T06:11:01Z	
1.9.24	gradle82-javadoc	2024-05-07T06:11:02Z	
1.9.24	gradle82-sources	2024-05-07T06:11:02Z	
1.9.25	gradle70	2024-07-19T08:58:03Z	
1.9.25	gradle70-javadoc	2024-07-19T08:58:03Z	
1.9.25	gradle70-sources	2024-07-19T08:58:03Z	
1.9.25	gradle71	2024-07-19T08:58:03Z	
1.9.25	gradle71-javadoc	2024-07-19T08:58:04Z	
1.9.25	gradle71-sources	2024-07-19T08:58:04Z	
1.9.25	gradle74	2024-07-19T08:58:04Z	
1.9.25	gradle74-javadoc	2024-07-19T08:58:04Z	
1.9.25	gradle74-sources	2024-07-19T08:58:04Z	
1.9.25	gradle75	2024-07-19T08:58:04Z	
1.9.25	gradle75-javadoc	2024-07-19T08:58:04Z	
1.9.25	gradle75-sources	2024-07-19T08:58:05Z	
1.9.25	gradle76	2024-07-19T08:58:05Z	
1.9.25	gradle76-javadoc	2024-07-19T08:58:05Z	
1.9.25	gradle76-sources	2024-07-19T08:58:05Z	
1.9.25	gradle80	2024-07-19T08:58:05Z	
1.9.25	gradle80-javadoc	2024-07-19T08:58:05Z	
1.9.25	gradle80-sources	2024-07-19T08:58:06Z	
1.9.25	gradle81	2024-07-19T08:58:06Z	
1.9.25	gradle81-javadoc	2024-07-19T08:58:06Z	
1.9.25	gradle81-sources	2024-07-19T08:58:06Z	
1.9.25	gradle82	2024-07-19T08:58:06Z	
1.9.25	gradle82-javadoc	2024-07-19T08:58:06Z	
1.9.25	gradle82-sources	2024-07-19T08:58:06Z	
2.0.0	gradle70	2024-05-20T16:12:48Z	
2.0.0	gradle70-javadoc	2024-05-20T16:12:48Z	
2.0.0	gradle70-sources	2024-05-20T16:12:48Z	
2.0.0	gradle71	2024-05-20T16:12:48Z	
2.0.0	gradle71-javadoc	2024-05-20T16:12:48Z	
2.0.0	gradle71-sources	2024-05-20T16:12:48Z	
2.0.0	gradle74	2024-05-20T16:12:48Z	
2.0.0	gradle74-javadoc	2024-05-20T16:12:49Z	
2.0.0	gradle74-sources	2024-05-20T16:12:49Z	
2.0.0	gradle75	2024-05-20T16:12:49Z	
2.0.0	gradle75-javadoc	2024-05-20T16:12:49Z	
2.0.0	gradle75-sources	2024-05-20T16:12:49Z	
2.0.0	gradle76	2024-05-20T16:12:49Z	
2.0.0	gradle76-javadoc	2024-05-20T16:12:49Z	
2.0.0	gradle76-sources	2024-05-20T16:12:50Z	
2.0.0	gradle80	2024-05-20T16:12:50Z	
2.0.0	gradle80-javadoc	2024-05-20T16:12:50Z	
2.0.0	gradle80-sources	2024-05-20T16:12:50Z	
2.0.0	gradle81	2024-05-20T16:12:50Z	
2.0.0	gradle81-javadoc	2024-05-20T16:12:50Z	
2.0.0	gradle81-sources	2024-05-20T16:12:50Z	
2.0.0	gradle82	2024-05-20T16:12:50Z	
2.0.0	gradle82-javadoc	2024-05-20T16:12:51Z	
2.0.0	gradle82-sources	2024-05-20T16:12:51Z	
2.0.0	gradle85	2024-05-20T16:12:51Z	
2.0.0	gradle85-javadoc	2024-05-20T16:12:51Z	
2.0.0	gradle85-sources	2024-05-20T16:12:51Z	
2.0.0-Beta1	gradle70	2023-11-13T18:14:55Z	
2.0.0-Beta1	gradle70-javadoc	2023-11-13T18:14:55Z	
2.0.0-Beta1	gradle70-sources	2023-11-13T18:14:55Z	
2.0.0-Beta1	gradle71	2023-11-13T18:14:55Z	
2.0.0-Beta1	gradle71-javadoc	2023-11-13T18:14:55Z	
2.0.0-Beta1	gradle71-sources	2023-11-13T18:14:55Z	
2.0.0-Beta1	gradle74	2023-11-13T18:14:56Z	
2.0.0-Beta1	gradle74-javadoc	2023-11-13T18:14:56Z	
2.0.0-Beta1	gradle74-sources	2023-11-13T18:14:56Z	
2.0.0-Beta1	gradle75	2023-11-13T18:14:56Z	
2.0.0-Beta1	gradle75-javadoc	2023-11-13T18:14:56Z	
2.0.0-Beta1	gradle75-sources	2023-11-13T18:14:56Z	
2.0.0-Beta1	gradle76	2023-11-13T18:14:56Z	
2.0.0-Beta1	gradle76-javadoc	2023-11-13T18:14:56Z	
2.0.0-Beta1	gradle76-sources	2023-11-13T18:14:56Z	
2.0.0-Beta1	gradle80	2023-11-13T18:14:57Z	
2.0.0-Beta1	gradle80-javadoc	2023-11-13T18:14:57Z	
2.0.0-Beta1	gradle80-sources	2023-11-13T18:14:57Z	
2.0.0-Beta1	gradle81	2023-11-13T18:14:57Z	
2.0.0-Beta1	gradle81-javadoc	2023-11-13T18:14:57Z	
2.0.0-Beta1	gradle81-sources	2023-11-13T18:14:57Z	
2.0.0-Beta2	gradle70	2023-12-14T18:20:34Z	
2.0.0-Beta2	gradle70-javadoc	2023-12-14T18:20:34Z	
2.0.0-Beta2	gradle70-sources	2023-12-14T18:20:34Z	
2.0.0-Beta2	gradle71	2023-12-14T18:20:34Z	
2.0.0-Beta2	gradle71-javadoc	2023-12-14T18:20:34Z	
2.0.0-Beta2	gradle71-sources	2023-12-14T18:20:35Z	
2.0.0-Beta2	gradle74	2023-12-14T18:20:35Z	
2.0.0-Beta2	gradle74-javadoc	2023-12-14T18:20:35Z	
2.0.0-Beta2	gradle74-sources	2023-12-14T18:20:35Z	
2.0.0-Beta2	gradle75	2023-12-14T18:20:35Z	
2.0.0-Beta2	gradle75-javadoc	2023-12-14T18:20:35Z	
2.0.0-Beta2	gradle75-sources	2023-12-14T18:20:35Z	
2.0.0-Beta2	gradle76	2023-12-14T18:20:35Z	
2.0.0-Beta2	gradle76-javadoc	2023-12-14T18:20:36Z	
2.0.0-Beta2	gradle76-sources	2023-12-14T18:20:36Z	
2.0.0-Beta2	gradle80	2023-12-14T18:20:36Z	
2.0.0-Beta2	gradle80-javadoc	2023-12-14T18:20:36Z	
2.0.0-Beta2	gradle80-sources	2023-12-14T18:20:36Z	
2.0.0-Beta2	gradle81	2023-12-14T18:20:36Z	
2.0.0-Beta2	gradle81-javadoc	2023-12-14T18:20:36Z	
2.0.0-Beta2	gradle81-sources	2023-12-14T18:20:36Z	
2.0.0-Beta2	gradle82	2023-12-14T18:20:37Z	
2.0.0-Beta2	gradle82-javadoc	2023-12-14T18:20:37Z	
2.0.0-Beta2	gradle82-sources	2023-12-14T18:20:37Z	
2.0.0-Beta3	gradle70	2024-01-17T17:13:01Z	
2.0.0-Beta3	gradle70-javadoc	2024-01-17T17:13:01Z	
2.0.0-Beta3	gradle70-sources	2024-01-17T17:13:01Z	
2.0.0-Beta3	gradle71	2024-01-17T17:13:02Z	
2.0.0-Beta3	gradle71-javadoc	2024-01-17T17:13:02Z	
2.0.0-Beta3	gradle71-sources	2024-01-17T17:13:02Z	
2.0.0-Beta3	gradle74	2024-01-17T17:13:02Z	
2.0.0-Beta3	gradle74-javadoc	2024-01-17T17:13:02Z	
2.0.0-Beta3	gradle74-sources	2024-01-17T17:13:02Z	
2.0.0-Beta3	gradle75	2024-01-17T17:13:02Z	
2.0.0-Beta3	gradle75-javadoc	2024-01-17T17:13:02Z	
2.0.0-Beta3	gradle75-sources	2024-01-17T17:13:02Z	
2.0.0-Beta3	gradle76	2024-01-17T17:13:03Z	
2.0.0-Beta3	gradle76-javadoc	2024-01-17T17:13:03Z	
2.0.0-Beta3	gradle76-sources	2024-01-17T17:13:03Z	
2.0.0-Beta3	gradle80	2024-01-17T17:13:03Z	
2.0.0-Beta3	gradle80-javadoc	2024-01-17T17:13:03Z	
2.0.0-Beta3	gradle80-sources	2024-01-17T17:13:03Z	
2.0.0-Beta3	gradle81	2024-01-17T17:13:03Z	
2.0.0-Beta3	gradle81-javadoc	2024-01-17T17:13:03Z	
2.0.0-Beta3	gradle81-sources	2024-01-17T17:13:03Z	
2.0.0-Beta3	gradle82	2024-01-17T17:13:04Z	
2.0.0-Beta3	gradle82-javadoc	2024-01-17T17:13:04Z	
2.0.0-Beta3	gradle82-sources	2024-01-17T17:13:04Z	
2.0.0-Beta4	gradle70	2024-02-12T22:17:59Z	
2.0.0-Beta4	gradle70-javadoc	2024-02-12T22:17:59Z	
2.0.0-Beta4	gradle70-sources	2024-02-12T22:17:59Z	
2.0.0-Beta4	gradle71	2024-02-12T22:17:59Z	
2.0.0-Beta4	gradle71-javadoc	2024-02-12T22:17:59Z	
2.0.0-Beta4	gradle71-sources	2024-02-12T22:17:59Z	
2.0.0-Beta4	gradle74	2024-02-12T22:17:59Z	
2.0.0-Beta4	gradle74-javadoc	2024-02-12T22:18:00Z	
2.0.0-Beta4	gradle74-sources	2024-02-12T22:18:00Z	
2.0.0-Beta4	gradle75	2024-02-12T22:18:00Z	
2.0.0-Beta4	gradle75-javadoc	2024-02-12T22:18:00Z	
2.0.0-Beta4	gradle75-sources	2024-02-12T22:18:00Z	
2.0.0-Beta4	gradle76	2024-02-12T22:18:00Z	
2.0.0-Beta4	gradle76-javadoc	2024-02-12T22:18:00Z	
2.0.0-Beta4	gradle76-sources	2024-02-12T22:18:00Z	
2.0.0-Beta4	gradle80	2024-02-12T22:18:01Z	
2.0.0-Beta4	gradle80-javadoc	2024-02-12T22:18:01Z	
2.0.0-Beta4	gradle80-sources	2024-02-12T22:18:01Z	
2.0.0-Beta4	gradle81	2024-02-12T22:18:01Z	
2.0.0-Beta4	gradle81-javadoc	2024-02-12T22:18:01Z	
2.0.0-Beta4	gradle81-sources	2024-02-12T22:18:01Z	
2.0.0-Beta4	gradle82	2024-02-12T22:18:01Z	
2.0.0-Beta4	gradle82-javadoc	2024-02-12T22:18:01Z	
2.0.0-Beta4	gradle82-sources	2024-02-12T22:18:02Z	
2.0.0-Beta5	gradle70	2024-03-20T10:11:12Z	
2.0.0-Beta5	gradle70-javadoc	2024-03-20T10:11:12Z	
2.0.0-Beta5	gradle70-sources	2024-03-20T10:11:12Z	
2.0.0-Beta5	gradle71	2024-03-20T10:11:12Z	
2.0.0-Beta5	gradle71-javadoc	2024-03-20T10:11:12Z	
2.0.0-Beta5	gradle71-sources	2024-03-20T10:11:12Z	
2.0.0-Beta5	gradle74	2024-03-20T10:11:13Z	
2.0.0-Beta5	gradle74-javadoc	2024-03-20T10:11:13Z	
2.0.0-Beta5	gradle74-sources	2024-03-20T10:11:17Z	
2.0.0-Beta5	gradle75	2024-03-20T10:11:17Z	
2.0.0-Beta5	gradle75-javadoc	2024-03-20T10:11:17Z	
2.0.0-Beta5	gradle75-sources	2024-03-20T10:11:17Z	
2.0.0-Beta5	gradle76	2024-03-20T10:11:18Z	
2.0.0-Beta5	gradle76-javadoc	2024-03-20T10:11:22Z	
2.0.0-Beta5	gradle76-sources	2024-03-20T10:11:22Z	
2.0.0-Beta5	gradle80	2024-03-20T10:11:22Z	
2.0.0-Beta5	gradle80-javadoc	2024-03-20T10:11:22Z	
2.0.0-Beta5	gradle80-sources	2024-03-20T10:11:22Z	
2.0.0-Beta5	gradle81	2024-03-20T10:11:22Z	
2.0.0-Beta5	gradle81-javadoc	2024-03-20T10:11:23Z	
2.0.0-Beta5	gradle81-sources	2024-03-20T10:11:23Z	
2.0.0-Beta5	gradle82	2024-03-20T10:11:23Z	
2.0.0-Beta5	gradle82-javadoc	2024-03-20T10:11:23Z	
2.0.0-Beta5	gradle82-sources	2024-03-20T10:11:23Z	
2.0.0-Beta5	gradle85	2024-03-20T10:11:23Z	
2.0.0-Beta5	gradle85-javadoc	2024-03-20T10:11:23Z	
2.0.0-Beta5	gradle85-sources	2024-03-20T10:11:23Z	
2.0.0-RC1	gradle70	2024-04-08T12:39:14Z	
2.0.0-RC1	gradle70-javadoc	2024-04-08T12:39:15Z	
2.0.0-RC1	gradle70-sources	2024-04-08T12:39:15Z	
2.0.0-RC1	gradle71	2024-04-08T12:39:15Z	
2.0.0-RC1	gradle71-javadoc	2024-04-08T12:39:15Z	
2.0.0-RC1	gradle71-sources	2024-04-08T12:39:15Z	
2.0.0-RC1	gradle74	2024-04-08T12:39:15Z	
2.0.0-RC1	gradle74-javadoc	2024-04-08T12:39:16Z	
2.0.0-RC1	gradle74-sources	2024-04-08T12:39:16Z	
2.0.0-RC1	gradle75	2024-04-08T12:39:16Z	
2.0.0-RC1	gradle75-javadoc	2024-04-08T12:39:16Z	
2.0.0-RC1	gradle75-sources	2024-04-08T12:39:16Z	
2.0.0-RC1	gradle76	2024-04-08T12:39:16Z	
2.0.0-RC1	gradle76-javadoc	2024-04-08T12:39:17Z	
2.0.0-RC1	gradle76-sources	2024-04-08T12:39:17Z	
2.0.0-RC1	gradle80	2024-04-08T12:39:17Z	
2.0.0-RC1	gradle80-javadoc	2024-04-08T12:39:17Z	
2.0.0-RC1	gradle80-sources	2024-04-08T12:39:17Z	
2.0.0-RC1	gradle81	2024-04-08T12:39:17Z	
2.0.0-RC1	gradle81-javadoc	2024-04-08T12:39:17Z	
2.0.0-RC1	gradle81-sources	2024-04-08T12:39:18Z	
2.0.0-RC1	gradle82	2024-04-08T12:39:18Z	
2.0.0-RC1	gradle82-javadoc	2024-04-08T12:39:18Z	
2.0.0-RC1	gradle82-sources	2024-04-08T12:39:18Z	
2.0.0-RC1	gradle85	2024-04-08T12:39:18Z	
2.0.0-RC1	gradle85-javadoc	2024-04-08T12:39:18Z	
2.0.0-RC1	gradle85-sources	2024-04-08T12:39:19Z	
2.0.0-RC2	gradle70	2024-04-26T12:53:29Z	
2.0.0-RC2	gradle70-javadoc	2024-04-26T12:53:30Z	
2.0.0-RC2	gradle70-sources	2024-04-26T12:53:30Z	
2.0.0-RC2	gradle71	2024-04-26T12:53:30Z	
2.0.0-RC2	gradle71-javadoc	2024-04-26T12:53:30Z	
2.0.0-RC2	gradle71-sources	2024-04-26T12:53:30Z	
2.0.0-RC2	gradle74	2024-04-26T12:53:30Z	
2.0.0-RC2	gradle74-javadoc	2024-04-26T12:53:31Z	
2.0.0-RC2	gradle74-sources	2024-04-26T12:53:31Z	
2.0.0-RC2	gradle75	2024-04-26T12:53:31Z	
2.0.0-RC2	gradle75-javadoc	2024-04-26T12:53:31Z	
2.0.0-RC2	gradle75-sources	2024-04-26T12:53:31Z	
2.0.0-RC2	gradle76	2024-04-26T12:53:31Z	
2.0.0-RC2	gradle76-javadoc	2024-04-26T12:53:31Z	
2.0.0-RC2	gradle76-sources	2024-04-26T12:53:32Z	
2.0.0-RC2	gradle80	2024-04-26T12:53:32Z	
2.0.0-RC2	gradle80-javadoc	2024-04-26T12:53:32Z	
2.0.0-RC2	gradle80-sources	2024-04-26T12:53:32Z	
2.0.0-RC2	gradle81	2024-04-26T12:53:32Z	
2.0.0-RC2	gradle81-javadoc	2024-04-26T12:53:32Z	
2.0.0-RC2	gradle81-sources	2024-04-26T12:53:33Z	
2.0.0-RC2	gradle82	2024-04-26T12:53:33Z	
2.0.0-RC2	gradle82-javadoc	2024-04-26T12:53:33Z	
2.0.0-RC2	gradle82-sources	2024-04-26T12:53:33Z	
2.0.0-RC2	gradle85	2024-04-26T12:53:33Z	
2.0.0-RC2	gradle85-javadoc	2024-04-26T12:53:33Z	
2.0.0-RC2	gradle85-sources	2024-04-26T12:53:33Z	
2.0.0-RC3	gradle70	2024-05-10T05:50:09Z	
2.0.0-RC3	gradle70-javadoc	2024-05-10T05:50:09Z	
2.0.0-RC3	gradle70-sources	2024-05-10T05:50:09Z	
2.0.0-RC3	gradle71	2024-05-10T05:50:10Z	
2.0.0-RC3	gradle71-javadoc	2024-05-10T05:50:10Z	
2.0.0-RC3	gradle71-sources	2024-05-10T05:50:10Z	
2.0.0-RC3	gradle74	2024-05-10T05:50:10Z	
2.0.0-RC3	gradle74-javadoc	2024-05-10T05:50:10Z	
2.0.0-RC3	gradle74-sources	2024-05-10T05:50:10Z	
2.0.0-RC3	gradle75	2024-05-10T05:50:11Z	
2.0.0-RC3	gradle75-javadoc	2024-05-10T05:50:11Z	
2.0.0-RC3	gradle75-sources	2024-05-10T05:50:11Z	
2.0.0-RC3	gradle76	2024-05-10T05:50:11Z	
2.0.0-RC3	gradle76-javadoc	2024-05-10T05:50:11Z	
2.0.0-RC3	gradle76-sources	2024-05-10T05:50:11Z	
2.0.0-RC3	gradle80	2024-05-10T05:50:12Z	
2.0.0-RC3	gradle80-javadoc	2024-05-10T05:50:12Z	
2.0.0-RC3	gradle80-sources	2024-05-10T05:50:12Z	
2.0.0-RC3	gradle81	2024-05-10T05:50:12Z	
2.0.0-RC3	gradle81-javadoc	2024-05-10T05:50:12Z	
2.0.0-RC3	gradle81-sources	2024-05-10T05:50:12Z	
2.0.0-RC3	gradle82	2024-05-10T05:50:12Z	
2.0.0-RC3	gradle82-javadoc	2024-05-10T05:50:13Z	
2.0.0-RC3	gradle82-sources	2024-05-10T05:50:13Z	
2.0.0-RC3	gradle85	2024-05-10T05:50:13Z	
2.0.0-RC3	gradle85-javadoc	2024-05-10T05:50:13Z	
2.0.0-RC3	gradle85-sources	2024-05-10T05:50:13Z	
2.0.10	gradle70	2024-08-05T14:16:40Z	
2.0.10	gradle70-javadoc	2024-08-05T14:16:40Z	
2.0.10	gradle70-sources	2024-08-05T14:16:41Z	
2.0.10	gradle71	2024-08-05T14:16:41Z	
2.0.10	gradle71-javadoc	2024-08-05T14:16:41Z	
2.0.10	gradle71-sources	2024-08-05T14:16:41Z	
2.0.10	gradle74	2024-08-05T14:16:41Z	
2.0.10	gradle74-javadoc	2024-08-05T14:16:41Z	
2.0.10	gradle74-sources	2024-08-05T14:16:41Z	
2.0.10	gradle75	2024-08-05T14:16:42Z	
2.0.10	gradle75-javadoc	2024-08-05T14:16:42Z	
2.0.10	gradle75-sources	2024-08-05T14:16:42Z	
2.0.10	gradle76	2024-08-05T14:16:42Z	
2.0.10	gradle76-javadoc	2024-08-05T14:16:42Z	
2.0.10	gradle76-sources	2024-08-05T14:16:42Z	
2.0.10	gradle80	2024-08-05T14:16:42Z	
2.0.10	gradle80-javadoc	2024-08-05T14:16:42Z	
2.0.10	gradle80-sources	2024-08-05T14:16:43Z	
2.0.10	gradle81	2024-08-05T14:16:43Z	
2.0.10	gradle81-javadoc	2024-08-05T14:16:43Z	
2.0.10	gradle81-sources	2024-08-05T14:16:43Z	
2.0.10	gradle82	2024-08-05T14:16:43Z	
2.0.10	gradle82-javadoc	2024-08-05T14:16:43Z	
2.0.10	gradle82-sources	2024-08-05T14:16:43Z	
2.0.10	gradle85	2024-08-05T14:16:43Z	
2.0.10	gradle85-javadoc	2024-08-05T14:16:43Z	
2.0.10	gradle85-sources	2024-08-05T14:16:44Z	
2.0.10-RC	gradle70	2024-07-11T09:13:28Z	
2.0.10-RC	gradle70-javadoc	2024-07-11T09:13:28Z	
2.0.10-RC	gradle70-sources	2024-07-11T09:13:28Z	
2.0.10-RC	gradle71	2024-07-11T09:13:28Z	
2.0.10-RC	gradle71-javadoc	2024-07-11T09:13:28Z	
2.0.10-RC	gradle71-sources	2024-07-11T09:13:29Z	
2.0.10-RC	gradle74	2024-07-11T09:13:29Z	
2.0.10-RC	gradle74-javadoc	2024-07-11T09:13:29Z	
2.0.10-RC	gradle74-sources	2024-07-11T09:13:29Z	
2.0.10-RC	gradle75	2024-07-11T09:13:29Z	
2.0.10-RC	gradle75-javadoc	2024-07-11T09:13:29Z	
2.0.10-RC	gradle75-sources	2024-07-11T09:13:30Z	
2.0.10-RC	gradle76	2024-07-11T09:13:30Z	
2.0.10-RC	gradle76-javadoc	2024-07-11T09:13:30Z	
2.0.10-RC	gradle76-sources	2024-07-11T09:13:30Z	
2.0.10-RC	gradle80	2024-07-11T09:13:30Z	
2.0.10-RC	gradle80-javadoc	2024-07-11T09:13:30Z	
2.0.10-RC	gradle80-sources	2024-07-11T09:13:31Z	
2.0.10-RC	gradle81	2024-07-11T09:13:31Z	
2.0.10-RC	gradle81-javadoc	2024-07-11T09:13:31Z	
2.0.10-RC	gradle81-sources	2024-07-11T09:13:31Z	
2.0.10-RC	gradle82	2024-07-11T09:13:31Z	
2.0.10-RC	gradle82-javadoc	2024-07-11T09:13:31Z	
2.0.10-RC	gradle82-sources	2024-07-11T09:13:32Z	
2.0.10-RC	gradle85	2024-07-11T09:13:32Z	
2.0.10-RC	gradle85-javadoc	2024-07-11T09:13:32Z	
2.0.10-RC	gradle85-sources	2024-07-11T09:13:33Z	
2.0.10-RC2	gradle70	2024-07-29T06:24:59Z	
2.0.10-RC2	gradle70-javadoc	2024-07-29T06:24:59Z	
2.0.10-RC2	gradle70-sources	2024-07-29T06:24:59Z	
2.0.10-RC2	gradle71	2024-07-29T06:24:59Z	
2.0.10-RC2	gradle71-javadoc	2024-07-29T06:24:59Z	
2.0.10-RC2	gradle71-sources	2024-07-29T06:25:00Z	
2.0.10-RC2	gradle74	2024-07-29T06:25:00Z	
2.0.10-RC2	gradle74-javadoc	2024-07-29T06:25:00Z	
2.0.10-RC2	gradle74-sources	2024-07-29T06:25:00Z	
2.0.10-RC2	gradle75	2024-07-29T06:25:00Z	
2.0.10-RC2	gradle75-javadoc	2024-07-29T06:25:00Z	
2.0.10-RC2	gradle75-sources	2024-07-29T06:25:00Z	
2.0.10-RC2	gradle76	2024-07-29T06:25:01Z	
2.0.10-RC2	gradle76-javadoc	2024-07-29T06:25:01Z	
2.0.10-RC2	gradle76-sources	2024-07-29T06:25:01Z	
2.0.10-RC2	gradle80	2024-07-29T06:25:01Z	
2.0.10-RC2	gradle80-javadoc	2024-07-29T06:25:01Z	
2.0.10-RC2	gradle80-sources	2024-07-29T06:25:01Z	
2.0.10-RC2	gradle81	2024-07-29T06:25:01Z	
2.0.10-RC2	gradle81-javadoc	2024-07-29T06:25:02Z	
2.0.10-RC2	gradle81-sources	2024-07-29T06:25:02Z	
2.0.10-RC2	gradle82	2024-07-29T06:25:02Z	
2.0.10-RC2	gradle82-javadoc	2024-07-29T06:25:02Z	
2.0.10-RC2	gradle82-sources	2024-07-29T06:25:02Z	
2.0.10-RC2	gradle85	2024-07-29T06:25:02Z	
2.0.10-RC2	gradle85-javadoc	2024-07-29T06:25:02Z	
2.0.10-RC2	gradle85-sources	2024-07-29T06:25:03Z	
2.0.20	gradle70	2024-08-22T07:35:30Z	
2.0.20	gradle70-javadoc	2024-08-22T07:35:30Z	
2.0.20	gradle70-sources	2024-08-22T07:35:30Z	
2.0.20	gradle71	2024-08-22T07:35:30Z	
2.0.20	gradle71-javadoc	2024-08-22T07:35:30Z	
2.0.20	gradle71-sources	2024-08-22T07:35:30Z	
2.0.20	gradle74	2024-08-22T07:35:30Z	
2.0.20	gradle74-javadoc	2024-08-22T07:35:30Z	
2.0.20	gradle74-sources	2024-08-22T07:35:31Z	
2.0.20	gradle75	2024-08-22T07:35:31Z	
2.0.20	gradle75-javadoc	2024-08-22T07:35:31Z	
2.0.20	gradle75-sources	2024-08-22T07:35:31Z	
2.0.20	gradle76	2024-08-22T07:35:31Z	
2.0.20	gradle76-javadoc	2024-08-22T07:35:31Z	
2.0.20	gradle76-sources	2024-08-22T07:35:31Z	
2.0.20	gradle80	2024-08-22T07:35:31Z	
2.0.20	gradle80-javadoc	2024-08-22T07:35:32Z	
2.0.20	gradle80-sources	2024-08-22T07:35:32Z	
2.0.20	gradle81	2024-08-22T07:35:32Z	
2.0.20	gradle81-javadoc	2024-08-22T07:35:32Z	
2.0.20	gradle81-sources	2024-08-22T07:35:32Z	
2.0.20	gradle82	2024-08-22T07:35:32Z	
2.0.20	gradle82-javadoc	2024-08-22T07:35:32Z	
2.0.20	gradle82-sources	2024-08-22T07:35:32Z	
2.0.20	gradle85	2024-08-22T07:35:33Z	
2.0.20	gradle85-javadoc	2024-08-22T07:35:33Z	
2.0.20	gradle85-sources	2024-08-22T07:35:33Z	
2.0.20-Beta1	gradle70	2024-06-18T05:20:10Z	
2.0.20-Beta1	gradle70-javadoc	2024-06-18T05:20:11Z	
2.0.20-Beta1	gradle70-sources	2024-06-18T05:20:11Z	
2.0.20-Beta1	gradle71	2024-06-18T05:20:11Z	
2.0.20-Beta1	gradle71-javadoc	2024-06-18T05:20:11Z	
2.0.20-Beta1	gradle71-sources	2024-06-18T05:20:11Z	
2.0.20-Beta1	gradle74	2024-06-18T05:20:11Z	
2.0.20-Beta1	gradle74-javadoc	2024-06-18T05:20:11Z	
2.0.20-Beta1	gradle74-sources	2024-06-18T05:20:12Z	
2.0.20-Beta1	gradle75	2024-06-18T05:20:12Z	
2.0.20-Beta1	gradle75-javadoc	2024-06-18T05:20:12Z	
2.0.20-Beta1	gradle75-sources	2024-06-18T05:20:12Z	
2.0.20-Beta1	gradle76	2024-06-18T05:20:12Z	
2.0.20-Beta1	gradle76-javadoc	2024-06-18T05:20:12Z	
2.0.20-Beta1	gradle76-sources	2024-06-18T05:20:13Z	
2.0.20-Beta1	gradle80	2024-06-18T05:20:13Z	
2.0.20-Beta1	gradle80-javadoc	2024-06-18T05:20:13Z	
2.0.20-Beta1	gradle80-sources	2024-06-18T05:20:13Z	
2.0.20-Beta1	gradle81	2024-06-18T05:20:13Z	
2.0.20-Beta1	gradle81-javadoc	2024-06-18T05:20:13Z	
2.0.20-Beta1	gradle81-sources	2024-06-18T05:20:13Z	
2.0.20-Beta1	gradle82	2024-06-18T05:20:14Z	
2.0.20-Beta1	gradle82-javadoc	2024-06-18T05:20:14Z	
2.0.20-Beta1	gradle82-sources	2024-06-18T05:20:14Z	
2.0.20-Beta1	gradle85	2024-06-18T05:20:14Z	
2.0.20-Beta1	gradle85-javadoc	2024-06-18T05:20:14Z	
2.0.20-Beta1	gradle85-sources	2024-06-18T05:20:14Z	
2.0.20-Beta2	gradle70	2024-07-09T15:02:07Z	
2.0.20-Beta2	gradle70-javadoc	2024-07-09T15:02:07Z	
2.0.20-Beta2	gradle70-sources	2024-07-09T15:02:07Z	
2.0.20-Beta2	gradle71	2024-07-09T15:02:07Z	
2.0.20-Beta2	gradle71-javadoc	2024-07-09T15:02:08Z	
2.0.20-Beta2	gradle71-sources	2024-07-09T15:02:08Z	
2.0.20-Beta2	gradle74	2024-07-09T15:02:08Z	
2.0.20-Beta2	gradle74-javadoc	2024-07-09T15:02:08Z	
2.0.20-Beta2	gradle74-sources	2024-07-09T15:02:08Z	
2.0.20-Beta2	gradle75	2024-07-09T15:02:08Z	
2.0.20-Beta2	gradle75-javadoc	2024-07-09T15:02:08Z	
2.0.20-Beta2	gradle75-sources	2024-07-09T15:02:09Z	
2.0.20-Beta2	gradle76	2024-07-09T15:02:09Z	
2.0.20-Beta2	gradle76-javadoc	2024-07-09T15:02:09Z	
2.0.20-Beta2	gradle76-sources	2024-07-09T15:02:09Z	
2.0.20-Beta2	gradle80	2024-07-09T15:02:09Z	
2.0.20-Beta2	gradle80-javadoc	2024-07-09T15:02:09Z	
2.0.20-Beta2	gradle80-sources	2024-07-09T15:02:09Z	
2.0.20-Beta2	gradle81	2024-07-09T15:02:10Z	
2.0.20-Beta2	gradle81-javadoc	2024-07-09T15:02:10Z	
2.0.20-Beta2	gradle81-sources	2024-07-09T15:02:10Z	
2.0.20-Beta2	gradle82	2024-07-09T15:02:10Z	
2.0.20-Beta2	gradle82-javadoc	2024-07-09T15:02:10Z	
2.0.20-Beta2	gradle82-sources	2024-07-09T15:02:10Z	
2.0.20-Beta2	gradle85	2024-07-09T15:02:11Z	
2.0.20-Beta2	gradle85-javadoc	2024-07-09T15:02:11Z	
2.0.20-Beta2	gradle85-sources	2024-07-09T15:02:11Z	
2.0.20-RC	gradle70	2024-07-29T16:30:01Z	
2.0.20-RC	gradle70-javadoc	2024-07-29T16:30:01Z	
2.0.20-RC	gradle70-sources	2024-07-29T16:30:01Z	
2.0.20-RC	gradle71	2024-07-29T16:30:01Z	
2.0.20-RC	gradle71-javadoc	2024-07-29T16:30:01Z	
2.0.20-RC	gradle71-sources	2024-07-29T16:30:01Z	
2.0.20-RC	gradle74	2024-07-29T16:30:01Z	
2.0.20-RC	gradle74-javadoc	2024-07-29T16:30:01Z	
2.0.20-RC	gradle74-sources	2024-07-29T16:30:01Z	
2.0.20-RC	gradle75	2024-07-29T16:30:02Z	
2.0.20-RC	gradle75-javadoc	2024-07-29T16:30:02Z	
2.0.20-RC	gradle75-sources	2024-07-29T16:30:02Z	
2.0.20-RC	gradle76	2024-07-29T16:30:02Z	
2.0.20-RC	gradle76-javadoc	2024-07-29T16:30:02Z	
2.0.20-RC	gradle76-sources	2024-07-29T16:30:02Z	
2.0.20-RC	gradle80	2024-07-29T16:30:02Z	
2.0.20-RC	gradle80-javadoc	2024-07-29T16:30:02Z	
2.0.20-RC	gradle80-sources	2024-07-29T16:30:02Z	
2.0.20-RC	gradle81	2024-07-29T16:30:03Z	
2.0.20-RC	gradle81-javadoc	2024-07-29T16:30:03Z	
2.0.20-RC	gradle81-sources	2024-07-29T16:30:03Z	
2.0.20-RC	gradle82	2024-07-29T16:30:03Z	
2.0.20-RC	gradle82-javadoc	2024-07-29T16:30:03Z	
2.0.20-RC	gradle82-sources	2024-07-29T16:30:03Z	
2.0.20-RC	gradle85	2024-07-29T16:30:03Z	
2.0.20-RC	gradle85-javadoc	2024-07-29T16:30:03Z	
2.0.20-RC	gradle85-sources	2024-07-29T16:30:04Z	
2.0.20-RC2	gradle70	2024-08-13T08:17:24Z	
2.0.20-RC2	gradle70-javadoc	2024-08-13T08:17:24Z	
2.0.20-RC2	gradle70-sources	2024-08-13T08:17:24Z	
2.0.20-RC2	gradle71	2024-08-13T08:17:24Z	
2.0.20-RC2	gradle71-javadoc	2024-08-13T08:17:24Z	
2.0.20-RC2	gradle71-sources	2024-08-13T08:17:24Z	
2.0.20-RC2	gradle74	2024-08-13T08:17:24Z	
2.0.20-RC2	gradle74-javadoc	2024-08-13T08:17:25Z	
2.0.20-RC2	gradle74-sources	2024-08-13T08:17:25Z	
2.0.20-RC2	gradle75	2024-08-13T08:17:25Z	
2.0.20-RC2	gradle75-javadoc	2024-08-13T08:17:25Z	
2.0.20-RC2	gradle75-sources	2024-08-13T08:17:25Z	
2.0.20-RC2	gradle76	2024-08-13T08:17:25Z	
2.0.20-RC2	gradle76-javadoc	2024-08-13T08:17:25Z	
2.0.20-RC2	gradle76-sources	2024-08-13T08:17:25Z	
2.0.20-RC2	gradle80	2024-08-13T08:17:26Z	
2.0.20-RC2	gradle80-javadoc	2024-08-13T08:17:26Z	
2.0.20-RC2	gradle80-sources	2024-08-13T08:17:26Z	
2.0.20-RC2	gradle81	2024-08-13T08:17:26Z	
2.0.20-RC2	gradle81-javadoc	2024-08-13T08:17:26Z	
2.0.20-RC2	gradle81-sources	2024-08-13T08:17:26Z	
2.0.20-RC2	gradle82	2024-08-13T08:17:26Z	
2.0.20-RC2	gradle82-javadoc	2024-08-13T08:17:26Z	
2.0.20-RC2	gradle82-sources	2024-08-13T08:17:27Z	
2.0.20-RC2	gradle85	2024-08-13T08:17:27Z	
2.0.20-RC2	gradle85-javadoc	2024-08-13T08:17:27Z	
2.0.20-RC2	gradle85-sources	2024-08-13T08:17:27Z	
2.0.21	gradle70	2024-10-10T08:41:01Z	
2.0.21	gradle70-javadoc	2024-10-10T08:41:01Z	
2.0.21	gradle70-sources	2024-10-10T08:41:01Z	
2.0.21	gradle71	2024-10-10T08:41:01Z	
2.0.21	gradle71-javadoc	2024-10-10T08:41:01Z	
2.0.21	gradle71-sources	2024-10-10T08:41:02Z	
2.0.21	gradle74	2024-10-10T08:41:02Z	
2.0.21	gradle74-javadoc	2024-10-10T08:41:02Z	
2.0.21	gradle74-sources	2024-10-10T08:41:02Z	
2.0.21	gradle75	2024-10-10T08:41:02Z	
2.0.21	gradle75-javadoc	2024-10-10T08:41:02Z	
2.0.21	gradle75-sources	2024-10-10T08:41:02Z	
2.0.21	gradle76	2024-10-10T08:41:03Z	
2.0.21	gradle76-javadoc	2024-10-10T08:41:03Z	
2.0.21	gradle76-sources	2024-10-10T08:41:03Z	
2.0.21	gradle80	2024-10-10T08:41:03Z	
2.0.21	gradle80-javadoc	2024-10-10T08:41:03Z	
2.0.21	gradle80-sources	2024-10-10T08:41:03Z	
2.0.21	gradle81	2024-10-10T08:41:03Z	
2.0.21	gradle81-javadoc	2024-10-10T08:41:04Z	
2.0.21	gradle81-sources	2024-10-10T08:41:04Z	
2.0.21	gradle82	2024-10-10T08:41:04Z	
2.0.21	gradle82-javadoc	2024-10-10T08:41:04Z	
2.0.21	gradle82-sources	2024-10-10T08:41:04Z	
2.0.21	gradle85	2024-10-10T08:41:04Z	
2.0.21	gradle85-javadoc	2024-10-10T08:41:04Z	
2.0.21	gradle85-sources	2024-10-10T08:41:05Z	
2.0.21-RC	gradle70	2024-09-30T07:28:57Z	
2.0.21-RC	gradle70-javadoc	2024-09-30T07:28:57Z	
2.0.21-RC	gradle70-sources	2024-09-30T07:28:58Z	
2.0.21-RC	gradle71	2024-09-30T07:28:58Z	
2.0.21-RC	gradle71-javadoc	2024-09-30T07:28:58Z	
2.0.21-RC	gradle71-sources	2024-09-30T07:28:58Z	
2.0.21-RC	gradle74	2024-09-30T07:28:58Z	
2.0.21-RC	gradle74-javadoc	2024-09-30T07:28:58Z	
2.0.21-RC	gradle74-sources	2024-09-30T07:28:58Z	
2.0.21-RC	gradle75	2024-09-30T07:28:58Z	
2.0.21-RC	gradle75-javadoc	2024-09-30T07:28:59Z	
2.0.21-RC	gradle75-sources	2024-09-30T07:28:59Z	
2.0.21-RC	gradle76	2024-09-30T07:28:59Z	
2.0.21-RC	gradle76-javadoc	2024-09-30T07:28:59Z	
2.0.21-RC	gradle76-sources	2024-09-30T07:28:59Z	
2.0.21-RC	gradle80	2024-09-30T07:28:59Z	
2.0.21-RC	gradle80-javadoc	2024-09-30T07:28:59Z	
2.0.21-RC	gradle80-sources	2024-09-30T07:29:00Z	
2.0.21-RC	gradle81	2024-09-30T07:29:00Z	
2.0.21-RC	gradle81-javadoc	2024-09-30T07:29:00Z	
2.0.21-RC	gradle81-sources	2024-09-30T07:29:00Z	
2.0.21-RC	gradle82	2024-09-30T07:29:00Z	
2.0.21-RC	gradle82-javadoc	2024-09-30T07:29:00Z	
2.0.21-RC	gradle82-sources	2024-09-30T07:29:00Z	
2.0.21-RC	gradle85	2024-09-30T07:29:00Z	
2.0.21-RC	gradle85-javadoc	2024-09-30T07:29:00Z	
2.0.21-RC	gradle85-sources	2024-09-30T07:29:00Z	
2.1.0	gradle80	2024-11-27T08:20:51Z	
2.1.0	gradle80-javadoc	2024-11-27T08:20:51Z	
2.1.0	gradle80-sources	2024-11-27T08:20:51Z	
2.1.0	gradle81	2024-11-27T08:20:51Z	
2.1.0	gradle81-javadoc	2024-11-27T08:20:51Z	
2.1.0	gradle81-sources	2024-11-27T08:20:52Z	
2.1.0	gradle82	2024-11-27T08:20:52Z	
2.1.0	gradle82-javadoc	2024-11-27T08:20:52Z	
2.1.0	gradle82-sources	2024-11-27T08:20:52Z	
2.1.0	gradle85	2024-11-27T08:20:52Z	
2.1.0	gradle85-javadoc	2024-11-27T08:20:52Z	
2.1.0	gradle85-sources	2024-11-27T08:20:52Z	
2.1.0-Beta1	gradle76	2024-09-16T21:12:23Z	
2.1.0-Beta1	gradle76-javadoc	2024-09-16T21:12:23Z	
2.1.0-Beta1	gradle76-sources	2024-09-16T21:12:23Z	
2.1.0-Beta1	gradle80	2024-09-16T21:12:23Z	
2.1.0-Beta1	gradle80-javadoc	2024-09-16T21:12:23Z	
2.1.0-Beta1	gradle80-sources	2024-09-16T21:12:24Z	
2.1.0-Beta1	gradle81	2024-09-16T21:12:24Z	
2.1.0-Beta1	gradle81-javadoc	2024-09-16T21:12:24Z	
2.1.0-Beta1	gradle81-sources	2024-09-16T21:12:24Z	
2.1.0-Beta1	gradle82	2024-09-16T21:12:24Z	
2.1.0-Beta1	gradle82-javadoc	2024-09-16T21:12:24Z	
2.1.0-Beta1	gradle82-sources	2024-09-16T21:12:24Z	
2.1.0-Beta1	gradle85	2024-09-16T21:12:24Z	
2.1.0-Beta1	gradle85-javadoc	2024-09-16T21:12:24Z	
2.1.0-Beta1	gradle85-sources	2024-09-16T21:12:25Z	
2.1.0-Beta2	gradle80	2024-10-14T07:52:40Z	
2.1.0-Beta2	gradle80-javadoc	2024-10-14T07:52:40Z	
2.1.0-Beta2	gradle80-sources	2024-10-14T07:52:40Z	
2.1.0-Beta2	gradle81	2024-10-14T07:52:40Z	
2.1.0-Beta2	gradle81-javadoc	2024-10-14T07:52:41Z	
2.1.0-Beta2	gradle81-sources	2024-10-14T07:52:41Z	
2.1.0-Beta2	gradle82	2024-10-14T07:52:41Z	
2.1.0-Beta2	gradle82-javadoc	2024-10-14T07:52:41Z	
2.1.0-Beta2	gradle82-sources	2024-10-14T07:52:41Z	
2.1.0-Beta2	gradle85	2024-10-14T07:52:41Z	
2.1.0-Beta2	gradle85-javadoc	2024-10-14T07:52:41Z	
2.1.0-Beta2	gradle85-sources	2024-10-14T07:52:42Z	
2.1.0-RC	gradle80	2024-11-03T17:40:15Z	
2.1.0-RC	gradle80-javadoc	2024-11-03T17:40:15Z	
2.1.0-RC	gradle80-sources	2024-11-03T17:40:15Z	
2.1.0-RC	gradle81	2024-11-03T17:40:16Z	
2.1.0-RC	gradle81-javadoc	2024-11-03T17:40:16Z	
2.1.0-RC	gradle81-sources	2024-11-03T17:40:16Z	
2.1.0-RC	gradle82	2024-11-03T17:40:16Z	
2.1.0-RC	gradle82-javadoc	2024-11-03T17:40:16Z	
2.1.0-RC	gradle82-sources	2024-11-03T17:40:16Z	
2.1.0-RC	gradle85	2024-11-03T17:40:16Z	
2.1.0-RC	gradle85-javadoc	2024-11-03T17:40:16Z	
2.1.0-RC	gradle85-sources	2024-11-03T17:40:16Z	
2.1.0-RC2	gradle80	2024-11-18T08:23:43Z	
2.1.0-RC2	gradle80-javadoc	2024-11-18T08:23:43Z	
2.1.0-RC2	gradle80-sources	2024-11-18T08:23:43Z	
2.1.0-RC2	gradle81	2024-11-18T08:23:43Z	
2.1.0-RC2	gradle81-javadoc	2024-11-18T08:23:43Z	
2.1.0-RC2	gradle81-sources	2024-11-18T08:23:43Z	
2.1.0-RC2	gradle82	2024-11-18T08:23:44Z	
2.1.0-RC2	gradle82-javadoc	2024-11-18T08:23:44Z	
2.1.0-RC2	gradle82-sources	2024-11-18T08:23:44Z	
2.1.0-RC2	gradle85	2024-11-18T08:23:44Z	
2.1.0-RC2	gradle85-javadoc	2024-11-18T08:23:44Z	
2.1.0-RC2	gradle85-sources	2024-11-18T08:23:44Z	
2.1.10	gradle80	2025-01-26T18:03:53Z	
2.1.10	gradle80-javadoc	2025-01-26T18:03:53Z	
2.1.10	gradle80-sources	2025-01-26T18:03:53Z	
2.1.10	gradle81	2025-01-26T18:03:53Z	
2.1.10	gradle81-javadoc	2025-01-26T18:03:54Z	
2.1.10	gradle81-sources	2025-01-26T18:03:54Z	
2.1.10	gradle82	2025-01-26T18:03:54Z	
2.1.10	gradle82-javadoc	2025-01-26T18:03:54Z	
2.1.10	gradle82-sources	2025-01-26T18:03:54Z	
2.1.10	gradle85	2025-01-26T18:03:54Z	
2.1.10	gradle85-javadoc	2025-01-26T18:03:54Z	
2.1.10	gradle85-sources	2025-01-26T18:03:54Z	
2.1.10-RC	gradle80	2025-01-09T09:23:38Z	
2.1.10-RC	gradle80-javadoc	2025-01-09T09:23:38Z	
2.1.10-RC	gradle80-sources	2025-01-09T09:23:38Z	
2.1.10-RC	gradle81	2025-01-09T09:23:38Z	
2.1.10-RC	gradle81-javadoc	2025-01-09T09:23:38Z	
2.1.10-RC	gradle81-sources	2025-01-09T09:23:38Z	
2.1.10-RC	gradle82	2025-01-09T09:23:39Z	
2.1.10-RC	gradle82-javadoc	2025-01-09T09:23:39Z	
2.1.10-RC	gradle82-sources	2025-01-09T09:23:39Z	
2.1.10-RC	gradle85	2025-01-09T09:23:39Z	
2.1.10-RC	gradle85-javadoc	2025-01-09T09:23:39Z	
2.1.10-RC	gradle85-sources	2025-01-09T09:23:39Z	
2.1.10-RC2	gradle80	2025-01-20T07:29:05Z	
2.1.10-RC2	gradle80-javadoc	2025-01-20T07:29:05Z	
2.1.10-RC2	gradle80-sources	2025-01-20T07:29:05Z	
2.1.10-RC2	gradle81	2025-01-20T07:29:05Z	
2.1.10-RC2	gradle81-javadoc	2025-01-20T07:29:05Z	
2.1.10-RC2	gradle81-sources	2025-01-20T07:29:05Z	
2.1.10-RC2	gradle82	2025-01-20T07:29:05Z	
2.1.10-RC2	gradle82-javadoc	2025-01-20T07:29:05Z	
2.1.10-RC2	gradle82-sources	2025-01-20T07:29:06Z	
2.1.10-RC2	gradle85	2025-01-20T07:29:06Z	
2.1.10-RC2	gradle85-javadoc	2025-01-20T07:29:06Z	
2.1.10-RC2	gradle85-sources	2025-01-20T07:29:06Z	
2.1.20	gradle80	2025-03-19T18:39:43Z	
2.1.20	gradle80-javadoc	2025-03-19T18:39:43Z	
2.1.20	gradle80-sources	2025-03-19T18:39:43Z	
2.1.20	gradle81	2025-03-19T18:39:43Z	
2.1.20	gradle81-javadoc	2025-03-19T18:39:43Z	
2.1.20	gradle81-sources	2025-03-19T18:39:43Z	
2.1.20	gradle82	2025-03-19T18:39:43Z	
2.1.20	gradle82-javadoc	2025-03-19T18:39:44Z	
2.1.20	gradle82-sources	2025-03-19T18:39:44Z	
2.1.20	gradle85	2025-03-19T18:39:44Z	
2.1.20	gradle85-javadoc	2025-03-19T18:39:44Z	
2.1.20	gradle85-sources	2025-03-19T18:39:44Z	
2.1.20-Beta1	gradle80	2024-12-19T07:57:15Z	
2.1.20-Beta1	gradle80-javadoc	2024-12-19T07:57:15Z	
2.1.20-Beta1	gradle80-sources	2024-12-19T07:57:15Z	
2.1.20-Beta1	gradle81	2024-12-19T07:57:15Z	
2.1.20-Beta1	gradle81-javadoc	2024-12-19T07:57:15Z	
2.1.20-Beta1	gradle81-sources	2024-12-19T07:57:15Z	
2.1.20-Beta1	gradle82	2024-12-19T07:57:16Z	
2.1.20-Beta1	gradle82-javadoc	2024-12-19T07:57:16Z	
2.1.20-Beta1	gradle82-sources	2024-12-19T07:57:16Z	
2.1.20-Beta1	gradle85	2024-12-19T07:57:16Z	
2.1.20-Beta1	gradle85-javadoc	2024-12-19T07:57:16Z	
2.1.20-Beta1	gradle85-sources	2024-12-19T07:57:16Z	
2.1.20-Beta2	gradle80	2025-01-29T07:33:24Z	
2.1.20-Beta2	gradle80-javadoc	2025-01-29T07:33:25Z	
2.1.20-Beta2	gradle80-sources	2025-01-29T07:33:25Z	
2.1.20-Beta2	gradle81	2025-01-29T07:33:25Z	
2.1.20-Beta2	gradle81-javadoc	2025-01-29T07:33:25Z	
2.1.20-Beta2	gradle81-sources	2025-01-29T07:33:25Z	
2.1.20-Beta2	gradle82	2025-01-29T07:33:25Z	
2.1.20-Beta2	gradle82-javadoc	2025-01-29T07:33:25Z	
2.1.20-Beta2	gradle82-sources	2025-01-29T07:33:26Z	
2.1.20-Beta2	gradle85	2025-01-29T07:33:26Z	
2.1.20-Beta2	gradle85-javadoc	2025-01-29T07:33:26Z	
2.1.20-Beta2	gradle85-sources	2025-01-29T07:33:26Z	
2.1.20-RC	gradle80	2025-02-19T08:15:35Z	
2.1.20-RC	gradle80-javadoc	2025-02-19T08:15:35Z	
2.1.20-RC	gradle80-sources	2025-02-19T08:15:35Z	
2.1.20-RC	gradle81	2025-02-19T08:15:35Z	
2.1.20-RC	gradle81-javadoc	2025-02-19T08:15:35Z	
2.1.20-RC	gradle81-sources	2025-02-19T08:15:35Z	
2.1.20-RC	gradle82	2025-02-19T08:15:35Z	
2.1.20-RC	gradle82-javadoc	2025-02-19T08:15:35Z	
2.1.20-RC	gradle82-sources	2025-02-19T08:15:35Z	
2.1.20-RC	gradle85	2025-02-19T08:15:36Z	
2.1.20-RC	gradle85-javadoc	2025-02-19T08:15:36Z	
2.1.20-RC	gradle85-sources	2025-02-19T08:15:36Z	
2.1.20-RC2	gradle80	2025-03-06T10:53:13Z	
2.1.20-RC2	gradle80-javadoc	2025-03-06T10:53:13Z	
2.1.20-RC2	gradle80-sources	2025-03-06T10:53:13Z	
2.1.20-RC2	gradle81	2025-03-06T10:53:13Z	
2.1.20-RC2	gradle81-javadoc	2025-03-06T10:53:13Z	
2.1.20-RC2	gradle81-sources	2025-03-06T10:53:13Z	
2.1.20-RC2	gradle82	2025-03-06T10:53:14Z	
2.1.20-RC2	gradle82-javadoc	2025-03-06T10:53:14Z	
2.1.20-RC2	gradle82-sources	2025-03-06T10:53:14Z	
2.1.20-RC2	gradle85	2025-03-06T10:53:14Z	
2.1.20-RC2	gradle85-javadoc	2025-03-06T10:53:14Z	
2.1.20-RC2	gradle85-sources	2025-03-06T10:53:14Z	
2.1.20-RC3	gradle80	2025-03-14T08:10:14Z	
2.1.20-RC3	gradle80-javadoc	2025-03-14T08:10:14Z	
2.1.20-RC3	gradle80-sources	2025-03-14T08:10:14Z	
2.1.20-RC3	gradle81	2025-03-14T08:10:15Z	
2.1.20-RC3	gradle81-javadoc	2025-03-14T08:10:15Z	
2.1.20-RC3	gradle81-sources	2025-03-14T08:10:15Z	
2.1.20-RC3	gradle82	2025-03-14T08:10:15Z	
2.1.20-RC3	gradle82-javadoc	2025-03-14T08:10:15Z	
2.1.20-RC3	gradle82-sources	2025-03-14T08:10:15Z	
2.1.20-RC3	gradle85	2025-03-14T08:10:15Z	
2.1.20-RC3	gradle85-javadoc	2025-03-14T08:10:15Z	
2.1.20-RC3	gradle85-sources	2025-03-14T08:10:15Z	
2.1.21	gradle80	2025-05-12T18:22:48Z	
2.1.21	gradle80-javadoc	2025-05-12T18:22:48Z	
2.1.21	gradle80-sources	2025-05-12T18:22:48Z	
2.1.21	gradle81	2025-05-12T18:22:48Z	
2.1.21	gradle81-javadoc	2025-05-12T18:22:48Z	
2.1.21	gradle81-sources	2025-05-12T18:22:48Z	
2.1.21	gradle82	2025-05-12T18:22:49Z	
2.1.21	gradle82-javadoc	2025-05-12T18:22:49Z	
2.1.21	gradle82-sources	2025-05-12T18:22:49Z	
2.1.21	gradle85	2025-05-12T18:22:49Z	
2.1.21	gradle85-javadoc	2025-05-12T18:22:49Z	
2.1.21	gradle85-sources	2025-05-12T18:22:49Z	
2.1.21-RC	gradle80	2025-04-16T20:25:37Z	
2.1.21-RC	gradle80-javadoc	2025-04-16T20:25:38Z	
2.1.21-RC	gradle80-sources	2025-04-16T20:25:38Z	
2.1.21-RC	gradle81	2025-04-16T20:25:38Z	
2.1.21-RC	gradle81-javadoc	2025-04-16T20:25:38Z	
2.1.21-RC	gradle81-sources	2025-04-16T20:25:38Z	
2.1.21-RC	gradle82	2025-04-16T20:25:38Z	
2.1.21-RC	gradle82-javadoc	2025-04-16T20:25:38Z	
2.1.21-RC	gradle82-sources	2025-04-16T20:25:38Z	
2.1.21-RC	gradle85	2025-04-16T20:25:38Z	
2.1.21-RC	gradle85-javadoc	2025-04-16T20:25:39Z	
2.1.21-RC	gradle85-sources	2025-04-16T20:25:39Z	
2.1.21-RC2	gradle80	2025-05-01T08:22:34Z	
2.1.21-RC2	gradle80-javadoc	2025-05-01T08:22:34Z	
2.1.21-RC2	gradle80-sources	2025-05-01T08:22:34Z	
2.1.21-RC2	gradle81	2025-05-01T08:22:34Z	
2.1.21-RC2	gradle81-javadoc	2025-05-01T08:22:34Z	
2.1.21-RC2	gradle81-sources	2025-05-01T08:22:35Z	
2.1.21-RC2	gradle82	2025-05-01T08:22:35Z	
2.1.21-RC2	gradle82-javadoc	2025-05-01T08:22:35Z	
2.1.21-RC2	gradle82-sources	2025-05-01T08:22:35Z	
2.1.21-RC2	gradle85	2025-05-01T08:22:35Z	
2.1.21-RC2	gradle85-javadoc	2025-05-01T08:22:35Z	
2.1.21-RC2	gradle85-sources	2025-05-01T08:22:35Z	
2.2.0	gradle80	2025-06-23T06:16:22Z	
2.2.0	gradle80-javadoc	2025-06-23T06:16:22Z	
2.2.0	gradle80-sources	2025-06-23T06:16:22Z	
2.2.0	gradle81	2025-06-23T06:16:22Z	
2.2.0	gradle81-javadoc	2025-06-23T06:16:23Z	
2.2.0	gradle81-sources	2025-06-23T06:16:23Z	
2.2.0	gradle811	2025-06-23T06:16:22Z	
2.2.0	gradle811-javadoc	2025-06-23T06:16:22Z	
2.2.0	gradle811-sources	2025-06-23T06:16:22Z	
2.2.0	gradle813	2025-06-23T06:16:22Z	
2.2.0	gradle813-javadoc	2025-06-23T06:16:22Z	
2.2.0	gradle813-sources	2025-06-23T06:16:22Z	
2.2.0	gradle82	2025-06-23T06:16:23Z	
2.2.0	gradle82-javadoc	2025-06-23T06:16:23Z	
2.2.0	gradle82-sources	2025-06-23T06:16:23Z	
2.2.0	gradle85	2025-06-23T06:16:23Z	
2.2.0	gradle85-javadoc	2025-06-23T06:16:23Z	
2.2.0	gradle85-sources	2025-06-23T06:16:23Z	
2.2.0	gradle86	2025-06-23T06:16:23Z	
2.2.0	gradle86-javadoc	2025-06-23T06:16:23Z	
2.2.0	gradle86-sources	2025-06-23T06:16:24Z	
2.2.0	gradle88	2025-06-23T06:16:24Z	
2.2.0	gradle88-javadoc	2025-06-23T06:16:24Z	
2.2.0	gradle88-sources	2025-06-23T06:16:24Z	
2.2.0-Beta1	gradle80	2025-04-14T15:57:42Z	
2.2.0-Beta1	gradle80-javadoc	2025-04-14T15:57:42Z	
2.2.0-Beta1	gradle80-sources	2025-04-14T15:57:42Z	
2.2.0-Beta1	gradle81	2025-04-14T15:57:42Z	
2.2.0-Beta1	gradle81-javadoc	2025-04-14T15:57:43Z	
2.2.0-Beta1	gradle81-sources	2025-04-14T15:57:43Z	
2.2.0-Beta1	gradle811	2025-04-14T15:57:42Z	
2.2.0-Beta1	gradle811-javadoc	2025-04-14T15:57:42Z	
2.2.0-Beta1	gradle811-sources	2025-04-14T15:57:42Z	
2.2.0-Beta1	gradle82	2025-04-14T15:57:43Z	
2.2.0-Beta1	gradle82-javadoc	2025-04-14T15:57:43Z	
2.2.0-Beta1	gradle82-sources	2025-04-14T15:57:43Z	
2.2.0-Beta1	gradle85	2025-04-14T15:57:43Z	
2.2.0-Beta1	gradle85-javadoc	2025-04-14T15:57:43Z	
2.2.0-Beta1	gradle85-sources	2025-04-14T15:57:43Z	
2.2.0-Beta1	gradle86	2025-04-14T15:57:44Z	
2.2.0-Beta1	gradle86-javadoc	2025-04-14T15:57:44Z	
2.2.0-Beta1	gradle86-sources	2025-04-14T15:57:44Z	
2.2.0-Beta1	gradle88	2025-04-14T15:57:44Z	
2.2.0-Beta1	gradle88-javadoc	2025-04-14T15:57:44Z	
2.2.0-Beta1	gradle88-sources	2025-04-14T15:57:44Z	
2.2.0-Beta2	gradle80	2025-04-30T11:00:56Z	
2.2.0-Beta2	gradle80-javadoc	2025-04-30T11:00:56Z	
2.2.0-Beta2	gradle80-sources	2025-04-30T11:00:56Z	
2.2.0-Beta2	gradle81	2025-04-30T11:00:57Z	
2.2.0-Beta2	gradle81-javadoc	2025-04-30T11:00:57Z	
2.2.0-Beta2	gradle81-sources	2025-04-30T11:00:58Z	
2.2.0-Beta2	gradle811	2025-04-30T11:00:56Z	
2.2.0-Beta2	gradle811-javadoc	2025-04-30T11:00:57Z	
2.2.0-Beta2	gradle811-sources	2025-04-30T11:00:57Z	
2.2.0-Beta2	gradle813	2025-04-30T11:00:57Z	
2.2.0-Beta2	gradle813-javadoc	2025-04-30T11:00:57Z	
2.2.0-Beta2	gradle813-sources	2025-04-30T11:00:57Z	
2.2.0-Beta2	gradle82	2025-04-30T11:00:58Z	
2.2.0-Beta2	gradle82-javadoc	2025-04-30T11:00:58Z	
2.2.0-Beta2	gradle82-sources	2025-04-30T11:00:58Z	
2.2.0-Beta2	gradle85	2025-04-30T11:00:58Z	
2.2.0-Beta2	gradle85-javadoc	2025-04-30T11:00:58Z	
2.2.0-Beta2	gradle85-sources	2025-04-30T11:00:58Z	
2.2.0-Beta2	gradle86	2025-04-30T11:00:58Z	
2.2.0-Beta2	gradle86-javadoc	2025-04-30T11:00:59Z	
2.2.0-Beta2	gradle86-sources	2025-04-30T11:00:59Z	
2.2.0-Beta2	gradle88	2025-04-30T11:00:59Z	
2.2.0-Beta2	gradle88-javadoc	2025-04-30T11:00:59Z	
2.2.0-Beta2	gradle88-sources	2025-04-30T11:00:59Z	
2.2.0-RC	gradle80	2025-05-15T12:43:21Z	
2.2.0-RC	gradle80-javadoc	2025-05-15T12:43:21Z	
2.2.0-RC	gradle80-sources	2025-05-15T12:43:22Z	
2.2.0-RC	gradle81	2025-05-15T12:43:22Z	
2.2.0-RC	gradle81-javadoc	2025-05-15T12:43:22Z	
2.2.0-RC	gradle81-sources	2025-05-15T12:43:23Z	
2.2.0-RC	gradle811	2025-05-15T12:43:22Z	
2.2.0-RC	gradle811-javadoc	2025-05-15T12:43:22Z	
2.2.0-RC	gradle811-sources	2025-05-15T12:43:22Z	
2.2.0-RC	gradle813	2025-05-15T12:43:22Z	
2.2.0-RC	gradle813-javadoc	2025-05-15T12:43:22Z	
2.2.0-RC	gradle813-sources	2025-05-15T12:43:22Z	
2.2.0-RC	gradle82	2025-05-15T12:43:23Z	
2.2.0-RC	gradle82-javadoc	2025-05-15T12:43:23Z	
2.2.0-RC	gradle82-sources	2025-05-15T12:43:23Z	
2.2.0-RC	gradle85	2025-05-15T12:43:23Z	
2.2.0-RC	gradle85-javadoc	2025-05-15T12:43:23Z	
2.2.0-RC	gradle85-sources	2025-05-15T12:43:24Z	
2.2.0-RC	gradle86	2025-05-15T12:43:24Z	
2.2.0-RC	gradle86-javadoc	2025-05-15T12:43:24Z	
2.2.0-RC	gradle86-sources	2025-05-15T12:43:24Z	
2.2.0-RC	gradle88	2025-05-15T12:43:24Z	
2.2.0-RC	gradle88-javadoc	2025-05-15T12:43:24Z	
2.2.0-RC	gradle88-sources	2025-05-15T12:43:24Z	
2.2.0-RC2	gradle80	2025-06-04T09:42:27Z	
2.2.0-RC2	gradle80-javadoc	2025-06-04T09:42:27Z	
2.2.0-RC2	gradle80-sources	2025-06-04T09:42:27Z	
2.2.0-RC2	gradle81	2025-06-04T09:42:28Z	
2.2.0-RC2	gradle81-javadoc	2025-06-04T09:42:28Z	
2.2.0-RC2	gradle81-sources	2025-06-04T09:42:28Z	
2.2.0-RC2	gradle811	2025-06-04T09:42:27Z	
2.2.0-RC2	gradle811-javadoc	2025-06-04T09:42:27Z	
2.2.0-RC2	gradle811-sources	2025-06-04T09:42:28Z	
2.2.0-RC2	gradle813	2025-06-04T09:42:28Z	
2.2.0-RC2	gradle813-javadoc	2025-06-04T09:42:28Z	
2.2.0-RC2	gradle813-sources	2025-06-04T09:42:28Z	
2.2.0-RC2	gradle82	2025-06-04T09:42:28Z	
2.2.0-RC2	gradle82-javadoc	2025-06-04T09:42:29Z	
2.2.0-RC2	gradle82-sources	2025-06-04T09:42:29Z	
2.2.0-RC2	gradle85	2025-06-04T09:42:29Z	
2.2.0-RC2	gradle85-javadoc	2025-06-04T09:42:29Z	
2.2.0-RC2	gradle85-sources	2025-06-04T09:42:29Z	
2.2.0-RC2	gradle86	2025-06-04T09:42:29Z	
2.2.0-RC2	gradle86-javadoc	2025-06-04T09:42:29Z	
2.2.0-RC2	gradle86-sources	2025-06-04T09:42:29Z	
2.2.0-RC2	gradle88	2025-06-04T09:42:29Z	
2.2.0-RC2	gradle88-javadoc	2025-06-04T09:42:30Z	
2.2.0-RC2	gradle88-sources	2025-06-04T09:42:30Z	
2.2.0-RC3	gradle80	2025-06-16T06:42:44Z	
2.2.0-RC3	gradle80-javadoc	2025-06-16T06:42:45Z	
2.2.0-RC3	gradle80-sources	2025-06-16T06:42:45Z	
2.2.0-RC3	gradle81	2025-06-16T06:42:45Z	
2.2.0-RC3	gradle81-javadoc	2025-06-16T06:42:46Z	
2.2.0-RC3	gradle81-sources	2025-06-16T06:42:46Z	
2.2.0-RC3	gradle811	2025-06-16T06:42:45Z	
2.2.0-RC3	gradle811-javadoc	2025-06-16T06:42:45Z	
2.2.0-RC3	gradle811-sources	2025-06-16T06:42:45Z	
2.2.0-RC3	gradle813	2025-06-16T06:42:45Z	
2.2.0-RC3	gradle813-javadoc	2025-06-16T06:42:45Z	
2.2.0-RC3	gradle813-sources	2025-06-16T06:42:45Z	
2.2.0-RC3	gradle82	2025-06-16T06:42:46Z	
2.2.0-RC3	gradle82-javadoc	2025-06-16T06:42:46Z	
2.2.0-RC3	gradle82-sources	2025-06-16T06:42:46Z	
2.2.0-RC3	gradle85	2025-06-16T06:42:46Z	
2.2.0-RC3	gradle85-javadoc	2025-06-16T06:42:46Z	
2.2.0-RC3	gradle85-sources	2025-06-16T06:42:46Z	
2.2.0-RC3	gradle86	2025-06-16T06:42:46Z	
2.2.0-RC3	gradle86-javadoc	2025-06-16T06:42:47Z	
2.2.0-RC3	gradle86-sources	2025-06-16T06:42:47Z	
2.2.0-RC3	gradle88	2025-06-16T06:42:47Z	
2.2.0-RC3	gradle88-javadoc	2025-06-16T06:42:47Z	
2.2.0-RC3	gradle88-sources	2025-06-16T06:42:47Z	
2.2.10	gradle80	2025-08-13T18:10:35Z	
2.2.10	gradle80-javadoc	2025-08-13T18:10:35Z	
2.2.10	gradle80-sources	2025-08-13T18:10:36Z	
2.2.10	gradle81	2025-08-13T18:10:34Z	
2.2.10	gradle81-javadoc	2025-08-13T18:10:31Z	
2.2.10	gradle81-sources	2025-08-13T18:10:31Z	
2.2.10	gradle811	2025-08-13T18:10:30Z	
2.2.10	gradle811-javadoc	2025-08-13T18:10:36Z	
2.2.10	gradle811-sources	2025-08-13T18:10:35Z	
2.2.10	gradle813	2025-08-13T18:10:30Z	
2.2.10	gradle813-javadoc	2025-08-13T18:10:31Z	
2.2.10	gradle813-sources	2025-08-13T18:10:36Z	
2.2.10	gradle82	2025-08-13T18:10:35Z	
2.2.10	gradle82-javadoc	2025-08-13T18:10:36Z	
2.2.10	gradle82-sources	2025-08-13T18:10:35Z	
2.2.10	gradle85	2025-08-13T18:10:34Z	
2.2.10	gradle85-javadoc	2025-08-13T18:10:35Z	
2.2.10	gradle85-sources	2025-08-13T18:10:36Z	
2.2.10	gradle86	2025-08-13T18:10:34Z	
2.2.10	gradle86-javadoc	2025-08-13T18:10:31Z	
2.2.10	gradle86-sources	2025-08-13T18:10:33Z	
2.2.10	gradle88	2025-08-13T18:10:34Z	
2.2.10	gradle88-javadoc	2025-08-13T18:10:32Z	
2.2.10	gradle88-sources	2025-08-13T18:10:31Z	
2.2.10-RC	gradle80	2025-07-17T14:32:40Z	
2.2.10-RC	gradle80-javadoc	2025-07-17T14:32:39Z	
2.2.10-RC	gradle80-sources	2025-07-17T14:32:39Z	
2.2.10-RC	gradle81	2025-07-17T14:32:43Z	
2.2.10-RC	gradle81-javadoc	2025-07-17T14:32:43Z	
2.2.10-RC	gradle81-sources	2025-07-17T14:32:42Z	
2.2.10-RC	gradle811	2025-07-17T14:32:39Z	
2.2.10-RC	gradle811-javadoc	2025-07-17T14:32:43Z	
2.2.10-RC	gradle811-sources	2025-07-17T14:32:40Z	
2.2.10-RC	gradle813	2025-07-17T14:32:40Z	
2.2.10-RC	gradle813-javadoc	2025-07-17T14:32:42Z	
2.2.10-RC	gradle813-sources	2025-07-17T14:32:40Z	
2.2.10-RC	gradle82	2025-07-17T14:32:43Z	
2.2.10-RC	gradle82-javadoc	2025-07-17T14:32:43Z	
2.2.10-RC	gradle82-sources	2025-07-17T14:32:39Z	
2.2.10-RC	gradle85	2025-07-17T14:32:40Z	
2.2.10-RC	gradle85-javadoc	2025-07-17T14:32:39Z	
2.2.10-RC	gradle85-sources	2025-07-17T14:32:44Z	
2.2.10-RC	gradle86	2025-07-17T14:32:45Z	
2.2.10-RC	gradle86-javadoc	2025-07-17T14:32:44Z	
2.2.10-RC	gradle86-sources	2025-07-17T14:32:42Z	
2.2.10-RC	gradle88	2025-07-17T14:32:41Z	
2.2.10-RC	gradle88-javadoc	2025-07-17T14:32:41Z	
2.2.10-RC	gradle88-sources	2025-07-17T14:32:43Z	
2.2.10-RC2	gradle80	2025-08-06T08:51:22Z	
2.2.10-RC2	gradle80-javadoc	2025-08-06T08:51:20Z	
2.2.10-RC2	gradle80-sources	2025-08-06T08:51:19Z	
2.2.10-RC2	gradle81	2025-08-06T08:51:22Z	
2.2.10-RC2	gradle81-javadoc	2025-08-06T08:51:19Z	
2.2.10-RC2	gradle81-sources	2025-08-06T08:51:24Z	
2.2.10-RC2	gradle811	2025-08-06T08:51:23Z	
2.2.10-RC2	gradle811-javadoc	2025-08-06T08:51:20Z	
2.2.10-RC2	gradle811-sources	2025-08-06T08:51:22Z	
2.2.10-RC2	gradle813	2025-08-06T08:51:24Z	
2.2.10-RC2	gradle813-javadoc	2025-08-06T08:51:20Z	
2.2.10-RC2	gradle813-sources	2025-08-06T08:51:23Z	
2.2.10-RC2	gradle82	2025-08-06T08:51:22Z	
2.2.10-RC2	gradle82-javadoc	2025-08-06T08:51:22Z	
2.2.10-RC2	gradle82-sources	2025-08-06T08:51:20Z	
2.2.10-RC2	gradle85	2025-08-06T08:51:23Z	
2.2.10-RC2	gradle85-javadoc	2025-08-06T08:51:24Z	
2.2.10-RC2	gradle85-sources	2025-08-06T08:51:24Z	
2.2.10-RC2	gradle86	2025-08-06T08:51:21Z	
2.2.10-RC2	gradle86-javadoc	2025-08-06T08:51:24Z	
2.2.10-RC2	gradle86-sources	2025-08-06T08:51:20Z	
2.2.10-RC2	gradle88	2025-08-06T08:51:24Z	
2.2.10-RC2	gradle88-javadoc	2025-08-06T08:51:21Z	
2.2.10-RC2	gradle88-sources	2025-08-06T08:51:19Z	
2.2.20	gradle80	2025-09-09T19:07:08Z	
2.2.20	gradle80-javadoc	2025-09-09T19:07:04Z	
2.2.20	gradle80-sources	2025-09-09T19:07:04Z	
2.2.20	gradle81	2025-09-09T19:07:09Z	
2.2.20	gradle81-javadoc	2025-09-09T19:07:10Z	
2.2.20	gradle81-sources	2025-09-09T19:07:10Z	
2.2.20	gradle811	2025-09-09T19:07:06Z	
2.2.20	gradle811-javadoc	2025-09-09T19:07:08Z	
2.2.20	gradle811-sources	2025-09-09T19:07:04Z	
2.2.20	gradle813	2025-09-09T19:07:10Z	
2.2.20	gradle813-javadoc	2025-09-09T19:07:08Z	
2.2.20	gradle813-sources	2025-09-09T19:07:04Z	
2.2.20	gradle82	2025-09-09T19:07:08Z	
2.2.20	gradle82-javadoc	2025-09-09T19:07:03Z	
2.2.20	gradle82-sources	2025-09-09T19:07:08Z	
2.2.20	gradle85	2025-09-09T19:07:09Z	
2.2.20	gradle85-javadoc	2025-09-09T19:07:10Z	
2.2.20	gradle85-sources	2025-09-09T19:07:09Z	
2.2.20	gradle86	2025-09-09T19:07:08Z	
2.2.20	gradle86-javadoc	2025-09-09T19:07:08Z	
2.2.20	gradle86-sources	2025-09-09T19:07:08Z	
2.2.20	gradle88	2025-09-09T19:07:07Z	
2.2.20	gradle88-javadoc	2025-09-09T19:07:08Z	
2.2.20	gradle88-sources	2025-09-09T19:07:04Z	
2.2.20-Beta1	gradle80	2025-07-10T08:09:39Z	
2.2.20-Beta1	gradle80-javadoc	2025-07-10T08:09:35Z	
2.2.20-Beta1	gradle80-sources	2025-07-10T08:09:39Z	
2.2.20-Beta1	gradle81	2025-07-10T08:09:41Z	
2.2.20-Beta1	gradle81-javadoc	2025-07-10T08:09:41Z	
2.2.20-Beta1	gradle81-sources	2025-07-10T08:09:38Z	
2.2.20-Beta1	gradle811	2025-07-10T08:09:36Z	
2.2.20-Beta1	gradle811-javadoc	2025-07-10T08:09:35Z	
2.2.20-Beta1	gradle811-sources	2025-07-10T08:09:40Z	
2.2.20-Beta1	gradle813	2025-07-10T08:09:40Z	
2.2.20-Beta1	gradle813-javadoc	2025-07-10T08:09:40Z	
2.2.20-Beta1	gradle813-sources	2025-07-10T08:09:35Z	
2.2.20-Beta1	gradle82	2025-07-10T08:09:39Z	
2.2.20-Beta1	gradle82-javadoc	2025-07-10T08:09:35Z	
2.2.20-Beta1	gradle82-sources	2025-07-10T08:09:34Z	
2.2.20-Beta1	gradle85	2025-07-10T08:09:40Z	
2.2.20-Beta1	gradle85-javadoc	2025-07-10T08:09:40Z	
2.2.20-Beta1	gradle85-sources	2025-07-10T08:09:36Z	
2.2.20-Beta1	gradle86	2025-07-10T08:09:40Z	
2.2.20-Beta1	gradle86-javadoc	2025-07-10T08:09:39Z	
2.2.20-Beta1	gradle86-sources	2025-07-10T08:09:37Z	
2.2.20-Beta1	gradle88	2025-07-10T08:09:36Z	
2.2.20-Beta1	gradle88-javadoc	2025-07-10T08:09:39Z	
2.2.20-Beta1	gradle88-sources	2025-07-10T08:09:41Z	
2.2.20-Beta2	gradle80	2025-07-29T06:56:26Z	
2.2.20-Beta2	gradle80-javadoc	2025-07-29T06:56:26Z	
2.2.20-Beta2	gradle80-sources	2025-07-29T06:56:24Z	
2.2.20-Beta2	gradle81	2025-07-29T06:56:28Z	
2.2.20-Beta2	gradle81-javadoc	2025-07-29T06:56:29Z	
2.2.20-Beta2	gradle81-sources	2025-07-29T06:56:27Z	
2.2.20-Beta2	gradle811	2025-07-29T06:56:29Z	
2.2.20-Beta2	gradle811-javadoc	2025-07-29T06:56:26Z	
2.2.20-Beta2	gradle811-sources	2025-07-29T06:56:26Z	
2.2.20-Beta2	gradle813	2025-07-29T06:56:25Z	
2.2.20-Beta2	gradle813-javadoc	2025-07-29T06:56:29Z	
2.2.20-Beta2	gradle813-sources	2025-07-29T06:56:29Z	
2.2.20-Beta2	gradle82	2025-07-29T06:56:30Z	
2.2.20-Beta2	gradle82-javadoc	2025-07-29T06:56:24Z	
2.2.20-Beta2	gradle82-sources	2025-07-29T06:56:29Z	
2.2.20-Beta2	gradle85	2025-07-29T06:56:27Z	
2.2.20-Beta2	gradle85-javadoc	2025-07-29T06:56:29Z	
2.2.20-Beta2	gradle85-sources	2025-07-29T06:56:24Z	
2.2.20-Beta2	gradle86	2025-07-29T06:56:27Z	
2.2.20-Beta2	gradle86-javadoc	2025-07-29T06:56:29Z	
2.2.20-Beta2	gradle86-sources	2025-07-29T06:56:27Z	
2.2.20-Beta2	gradle88	2025-07-29T06:56:27Z	
2.2.20-Beta2	gradle88-javadoc	2025-07-29T06:56:27Z	
2.2.20-Beta2	gradle88-sources	2025-07-29T06:56:26Z	
2.2.20-RC	gradle80	2025-08-18T19:51:46Z	
2.2.20-RC	gradle80-javadoc	2025-08-18T19:51:44Z	
2.2.20-RC	gradle80-sources	2025-08-18T19:51:50Z	
2.2.20-RC	gradle81	2025-08-18T19:51:46Z	
2.2.20-RC	gradle81-javadoc	2025-08-18T19:51:47Z	
2.2.20-RC	gradle81-sources	2025-08-18T19:51:47Z	
2.2.20-RC	gradle811	2025-08-18T19:51:50Z	
2.2.20-RC	gradle811-javadoc	2025-08-18T19:51:47Z	
2.2.20-RC	gradle811-sources	2025-08-18T19:51:48Z	
2.2.20-RC	gradle813	2025-08-18T19:51:46Z	
2.2.20-RC	gradle813-javadoc	2025-08-18T19:51:50Z	
2.2.20-RC	gradle813-sources	2025-08-18T19:51:50Z	
2.2.20-RC	gradle82	2025-08-18T19:51:50Z	
2.2.20-RC	gradle82-javadoc	2025-08-18T19:51:46Z	
2.2.20-RC	gradle82-sources	2025-08-18T19:51:48Z	
2.2.20-RC	gradle85	2025-08-18T19:51:46Z	
2.2.20-RC	gradle85-javadoc	2025-08-18T19:51:45Z	
2.2.20-RC	gradle85-sources	2025-08-18T19:51:46Z	
2.2.20-RC	gradle86	2025-08-18T19:51:49Z	
2.2.20-RC	gradle86-javadoc	2025-08-18T19:51:49Z	
2.2.20-RC	gradle86-sources	2025-08-18T19:51:45Z	
2.2.20-RC	gradle88	2025-08-18T19:51:49Z	
2.2.20-RC	gradle88-javadoc	2025-08-18T19:51:50Z	
2.2.20-RC	gradle88-sources	2025-08-18T19:51:45Z	
2.2.20-RC2	gradle80	2025-09-01T08:34:54Z	
2.2.20-RC2	gradle80-javadoc	2025-09-01T08:34:54Z	
2.2.20-RC2	gradle80-sources	2025-09-01T08:34:55Z	
2.2.20-RC2	gradle81	2025-09-01T08:34:57Z	
2.2.20-RC2	gradle81-javadoc	2025-09-01T08:34:53Z	
2.2.20-RC2	gradle81-sources	2025-09-01T08:34:53Z	
2.2.20-RC2	gradle811	2025-09-01T08:34:53Z	
2.2.20-RC2	gradle811-javadoc	2025-09-01T08:34:56Z	
2.2.20-RC2	gradle811-sources	2025-09-01T08:34:54Z	
2.2.20-RC2	gradle813	2025-09-01T08:34:53Z	
2.2.20-RC2	gradle813-javadoc	2025-09-01T08:34:57Z	
2.2.20-RC2	gradle813-sources	2025-09-01T08:34:52Z	
2.2.20-RC2	gradle82	2025-09-01T08:34:57Z	
2.2.20-RC2	gradle82-javadoc	2025-09-01T08:34:55Z	
2.2.20-RC2	gradle82-sources	2025-09-01T08:34:57Z	
2.2.20-RC2	gradle85	2025-09-01T08:34:57Z	
2.2.20-RC2	gradle85-javadoc	2025-09-01T08:34:57Z	
2.2.20-RC2	gradle85-sources	2025-09-01T08:34:55Z	
2.2.20-RC2	gradle86	2025-09-01T08:34:57Z	
2.2.20-RC2	gradle86-javadoc	2025-09-01T08:34:58Z	
2.2.20-RC2	gradle86-sources	2025-09-01T08:34:58Z	
2.2.20-RC2	gradle88	2025-09-01T08:34:55Z	
2.2.20-RC2	gradle88-javadoc	2025-09-01T08:34:55Z	
2.2.20-RC2	gradle88-sources	2025-09-01T08:34:54Z	
2.2.21	gradle80	2025-10-23T06:35:05Z	
2.2.21	gradle80-javadoc	2025-10-23T06:35:01Z	
2.2.21	gradle80-sources	2025-10-23T06:35:03Z	
2.2.21	gradle81	2025-10-23T06:35:07Z	
2.2.21	gradle81-javadoc	2025-10-23T06:35:05Z	
2.2.21	gradle81-sources	2025-10-23T06:35:02Z	
2.2.21	gradle811	2025-10-23T06:35:06Z	
2.2.21	gradle811-javadoc	2025-10-23T06:35:01Z	
2.2.21	gradle811-sources	2025-10-23T06:35:06Z	
2.2.21	gradle813	2025-10-23T06:35:03Z	
2.2.21	gradle813-javadoc	2025-10-23T06:35:03Z	
2.2.21	gradle813-sources	2025-10-23T06:35:03Z	
2.2.21	gradle82	2025-10-23T06:35:05Z	
2.2.21	gradle82-javadoc	2025-10-23T06:35:06Z	
2.2.21	gradle82-sources	2025-10-23T06:35:05Z	
2.2.21	gradle85	2025-10-23T06:35:07Z	
2.2.21	gradle85-javadoc	2025-10-23T06:35:01Z	
2.2.21	gradle85-sources	2025-10-23T06:35:03Z	
2.2.21	gradle86	2025-10-23T06:35:05Z	
2.2.21	gradle86-javadoc	2025-10-23T06:35:05Z	
2.2.21	gradle86-sources	2025-10-23T06:35:06Z	
2.2.21	gradle88	2025-10-23T06:35:03Z	
2.2.21	gradle88-javadoc	2025-10-23T06:35:03Z	
2.2.21	gradle88-sources	2025-10-23T06:35:02Z	
2.2.21-RC	gradle80	2025-10-07T07:05:14Z	
2.2.21-RC	gradle80-javadoc	2025-10-07T07:05:19Z	
2.2.21-RC	gradle80-sources	2025-10-07T07:05:14Z	
2.2.21-RC	gradle81	2025-10-07T07:05:14Z	
2.2.21-RC	gradle81-javadoc	2025-10-07T07:05:16Z	
2.2.21-RC	gradle81-sources	2025-10-07T07:05:18Z	
2.2.21-RC	gradle811	2025-10-07T07:05:18Z	
2.2.21-RC	gradle811-javadoc	2025-10-07T07:05:19Z	
2.2.21-RC	gradle811-sources	2025-10-07T07:05:18Z	
2.2.21-RC	gradle813	2025-10-07T07:05:18Z	
2.2.21-RC	gradle813-javadoc	2025-10-07T07:05:18Z	
2.2.21-RC	gradle813-sources	2025-10-07T07:05:16Z	
2.2.21-RC	gradle82	2025-10-07T07:05:20Z	
2.2.21-RC	gradle82-javadoc	2025-10-07T07:05:14Z	
2.2.21-RC	gradle82-sources	2025-10-07T07:05:16Z	
2.2.21-RC	gradle85	2025-10-07T07:05:15Z	
2.2.21-RC	gradle85-javadoc	2025-10-07T07:05:16Z	
2.2.21-RC	gradle85-sources	2025-10-07T07:05:14Z	
2.2.21-RC	gradle86	2025-10-07T07:05:14Z	
2.2.21-RC	gradle86-javadoc	2025-10-07T07:05:15Z	
2.2.21-RC	gradle86-sources	2025-10-07T07:05:18Z	
2.2.21-RC	gradle88	2025-10-07T07:05:14Z	
2.2.21-RC	gradle88-javadoc	2025-10-07T07:05:18Z	
2.2.21-RC	gradle88-sources	2025-10-07T07:05:20Z	
2.2.21-RC2	gradle80	2025-10-16T07:03:42Z	
2.2.21-RC2	gradle80-javadoc	2025-10-16T07:03:39Z	
2.2.21-RC2	gradle80-sources	2025-10-16T07:03:39Z	
2.2.21-RC2	gradle81	2025-10-16T07:03:42Z	
2.2.21-RC2	gradle81-javadoc	2025-10-16T07:03:41Z	
2.2.21-RC2	gradle81-sources	2025-10-16T07:03:38Z	
2.2.21-RC2	gradle811	2025-10-16T07:03:42Z	
2.2.21-RC2	gradle811-javadoc	2025-10-16T07:03:39Z	
2.2.21-RC2	gradle811-sources	2025-10-16T07:03:40Z	
2.2.21-RC2	gradle813	2025-10-16T07:03:38Z	
2.2.21-RC2	gradle813-javadoc	2025-10-16T07:03:40Z	
2.2.21-RC2	gradle813-sources	2025-10-16T07:03:42Z	
2.2.21-RC2	gradle82	2025-10-16T07:03:38Z	
2.2.21-RC2	gradle82-javadoc	2025-10-16T07:03:41Z	
2.2.21-RC2	gradle82-sources	2025-10-16T07:03:43Z	
2.2.21-RC2	gradle85	2025-10-16T07:03:43Z	
2.2.21-RC2	gradle85-javadoc	2025-10-16T07:03:38Z	
2.2.21-RC2	gradle85-sources	2025-10-16T07:03:41Z	
2.2.21-RC2	gradle86	2025-10-16T07:03:41Z	
2.2.21-RC2	gradle86-javadoc	2025-10-16T07:03:42Z	
2.2.21-RC2	gradle86-sources	2025-10-16T07:03:42Z	
2.2.21-RC2	gradle88	2025-10-16T07:03:38Z	
2.2.21-RC2	gradle88-javadoc	2025-10-16T07:03:39Z	
2.2.21-RC2	gradle88-sources	2025-10-16T07:03:39Z	
2.3.0	gradle80	2025-12-16T08:13:37Z	
2.3.0	gradle80-javadoc	2025-12-16T08:13:34Z	
2.3.0	gradle80-sources	2025-12-16T08:13:36Z	
2.3.0	gradle81	2025-12-16T08:13:36Z	
2.3.0	gradle81-javadoc	2025-12-16T08:13:38Z	
2.3.0	gradle81-sources	2025-12-16T08:13:39Z	
2.3.0	gradle811	2025-12-16T08:13:34Z	
2.3.0	gradle811-javadoc	2025-12-16T08:13:33Z	
2.3.0	gradle811-sources	2025-12-16T08:13:34Z	
2.3.0	gradle813	2025-12-16T08:13:34Z	
2.3.0	gradle813-javadoc	2025-12-16T08:13:39Z	
2.3.0	gradle813-sources	2025-12-16T08:13:39Z	
2.3.0	gradle82	2025-12-16T08:13:38Z	
2.3.0	gradle82-javadoc	2025-12-16T08:13:36Z	
2.3.0	gradle82-sources	2025-12-16T08:13:38Z	
2.3.0	gradle85	2025-12-16T08:13:36Z	
2.3.0	gradle85-javadoc	2025-12-16T08:13:38Z	
2.3.0	gradle85-sources	2025-12-16T08:13:36Z	
2.3.0	gradle86	2025-12-16T08:13:37Z	
2.3.0	gradle86-javadoc	2025-12-16T08:13:34Z	
2.3.0	gradle86-sources	2025-12-16T08:13:34Z	
2.3.0	gradle88	2025-12-16T08:13:37Z	
2.3.0	gradle88-javadoc	2025-12-16T08:13:33Z	
2.3.0	gradle88-sources	2025-12-16T08:13:35Z	
2.3.0-Beta1	gradle80	2025-10-07T09:47:27Z	
2.3.0-Beta1	gradle80-javadoc	2025-10-07T09:47:26Z	
2.3.0-Beta1	gradle80-sources	2025-10-07T09:47:29Z	
2.3.0-Beta1	gradle81	2025-10-07T09:47:29Z	
2.3.0-Beta1	gradle81-javadoc	2025-10-07T09:47:27Z	
2.3.0-Beta1	gradle81-sources	2025-10-07T09:47:27Z	
2.3.0-Beta1	gradle811	2025-10-07T09:47:25Z	
2.3.0-Beta1	gradle811-javadoc	2025-10-07T09:47:30Z	
2.3.0-Beta1	gradle811-sources	2025-10-07T09:47:31Z	
2.3.0-Beta1	gradle813	2025-10-07T09:47:30Z	
2.3.0-Beta1	gradle813-javadoc	2025-10-07T09:47:27Z	
2.3.0-Beta1	gradle813-sources	2025-10-07T09:47:27Z	
2.3.0-Beta1	gradle82	2025-10-07T09:47:31Z	
2.3.0-Beta1	gradle82-javadoc	2025-10-07T09:47:26Z	
2.3.0-Beta1	gradle82-sources	2025-10-07T09:47:27Z	
2.3.0-Beta1	gradle85	2025-10-07T09:47:28Z	
2.3.0-Beta1	gradle85-javadoc	2025-10-07T09:47:27Z	
2.3.0-Beta1	gradle85-sources	2025-10-07T09:47:27Z	
2.3.0-Beta1	gradle86	2025-10-07T09:47:28Z	
2.3.0-Beta1	gradle86-javadoc	2025-10-07T09:47:28Z	
2.3.0-Beta1	gradle86-sources	2025-10-07T09:47:25Z	
2.3.0-Beta1	gradle88	2025-10-07T09:47:28Z	
2.3.0-Beta1	gradle88-javadoc	2025-10-07T09:47:25Z	
2.3.0-Beta1	gradle88-sources	2025-10-07T09:47:25Z	
2.3.0-Beta2	gradle80	2025-10-27T20:01:59Z	
2.3.0-Beta2	gradle80-javadoc	2025-10-27T20:02:03Z	
2.3.0-Beta2	gradle80-sources	2025-10-27T20:01:59Z	
2.3.0-Beta2	gradle81	2025-10-27T20:02:00Z	
2.3.0-Beta2	gradle81-javadoc	2025-10-27T20:02:02Z	
2.3.0-Beta2	gradle81-sources	2025-10-27T20:02:00Z	
2.3.0-Beta2	gradle811	2025-10-27T20:01:59Z	
2.3.0-Beta2	gradle811-javadoc	2025-10-27T20:02:00Z	
2.3.0-Beta2	gradle811-sources	2025-10-27T20:02:02Z	
2.3.0-Beta2	gradle813	2025-10-27T20:01:59Z	
2.3.0-Beta2	gradle813-javadoc	2025-10-27T20:02:02Z	
2.3.0-Beta2	gradle813-sources	2025-10-27T20:02:02Z	
2.3.0-Beta2	gradle82	2025-10-27T20:01:59Z	
2.3.0-Beta2	gradle82-javadoc	2025-10-27T20:01:58Z	
2.3.0-Beta2	gradle82-sources	2025-10-27T20:02:00Z	
2.3.0-Beta2	gradle85	2025-10-27T20:01:59Z	
2.3.0-Beta2	gradle85-javadoc	2025-10-27T20:02:00Z	
2.3.0-Beta2	gradle85-sources	2025-10-27T20:01:59Z	
2.3.0-Beta2	gradle86	2025-10-27T20:02:00Z	
2.3.0-Beta2	gradle86-javadoc	2025-10-27T20:02:02Z	
2.3.0-Beta2	gradle86-sources	2025-10-27T20:02:00Z	
2.3.0-Beta2	gradle88	2025-10-27T20:02:04Z	
2.3.0-Beta2	gradle88-javadoc	2025-10-27T20:02:02Z	
2.3.0-Beta2	gradle88-sources	2025-10-27T20:02:03Z	
2.3.0-RC	gradle80	2025-11-17T18:55:14Z	
2.3.0-RC	gradle80-javadoc	2025-11-17T18:55:10Z	
2.3.0-RC	gradle80-sources	2025-11-17T18:55:08Z	
2.3.0-RC	gradle81	2025-11-17T18:55:12Z	
2.3.0-RC	gradle81-javadoc	2025-11-17T18:55:10Z	
2.3.0-RC	gradle81-sources	2025-11-17T18:55:12Z	
2.3.0-RC	gradle811	2025-11-17T18:55:09Z	
2.3.0-RC	gradle811-javadoc	2025-11-17T18:55:12Z	
2.3.0-RC	gradle811-sources	2025-11-17T18:55:13Z	
2.3.0-RC	gradle813	2025-11-17T18:55:09Z	
2.3.0-RC	gradle813-javadoc	2025-11-17T18:55:12Z	
2.3.0-RC	gradle813-sources	2025-11-17T18:55:09Z	
2.3.0-RC	gradle82	2025-11-17T18:55:10Z	
2.3.0-RC	gradle82-javadoc	2025-11-17T18:55:09Z	
2.3.0-RC	gradle82-sources	2025-11-17T18:55:09Z	
2.3.0-RC	gradle85	2025-11-17T18:55:12Z	
2.3.0-RC	gradle85-javadoc	2025-11-17T18:55:10Z	
2.3.0-RC	gradle85-sources	2025-11-17T18:55:08Z	
2.3.0-RC	gradle86	2025-11-17T18:55:11Z	
2.3.0-RC	gradle86-javadoc	2025-11-17T18:55:13Z	
2.3.0-RC	gradle86-sources	2025-11-17T18:55:11Z	
2.3.0-RC	gradle88	2025-11-17T18:55:11Z	
2.3.0-RC	gradle88-javadoc	2025-11-17T18:55:11Z	
2.3.0-RC	gradle88-sources	2025-11-17T18:55:09Z	
2.3.0-RC2	gradle80	2025-12-02T09:58:32Z	
2.3.0-RC2	gradle80-javadoc	2025-12-02T09:58:29Z	
2.3.0-RC2	gradle80-sources	2025-12-02T09:58:32Z	
2.3.0-RC2	gradle81	2025-12-02T09:58:31Z	
2.3.0-RC2	gradle81-javadoc	2025-12-02T09:58:31Z	
2.3.0-RC2	gradle81-sources	2025-12-02T09:58:31Z	
2.3.0-RC2	gradle811	2025-12-02T09:58:30Z	
2.3.0-RC2	gradle811-javadoc	2025-12-02T09:58:31Z	
2.3.0-RC2	gradle811-sources	2025-12-02T09:58:33Z	
2.3.0-RC2	gradle813	2025-12-02T09:58:31Z	
2.3.0-RC2	gradle813-javadoc	2025-12-02T09:58:31Z	
2.3.0-RC2	gradle813-sources	2025-12-02T09:58:28Z	
2.3.0-RC2	gradle82	2025-12-02T09:58:31Z	
2.3.0-RC2	gradle82-javadoc	2025-12-02T09:58:32Z	
2.3.0-RC2	gradle82-sources	2025-12-02T09:58:32Z	
2.3.0-RC2	gradle85	2025-12-02T09:58:31Z	
2.3.0-RC2	gradle85-javadoc	2025-12-02T09:58:31Z	
2.3.0-RC2	gradle85-sources	2025-12-02T09:58:31Z	
2.3.0-RC2	gradle86	2025-12-02T09:58:31Z	
2.3.0-RC2	gradle86-javadoc	2025-12-02T09:58:29Z	
2.3.0-RC2	gradle86-sources	2025-12-02T09:58:29Z	
2.3.0-RC2	gradle88	2025-12-02T09:58:30Z	
2.3.0-RC2	gradle88-javadoc	2025-12-02T09:58:29Z	
2.3.0-RC2	gradle88-sources	2025-12-02T09:58:29Z	
2.3.0-RC3	gradle80	2025-12-09T09:50:56Z	
2.3.0-RC3	gradle80-javadoc	2025-12-09T09:50:53Z	
2.3.0-RC3	gradle80-sources	2025-12-09T09:50:54Z	
2.3.0-RC3	gradle81	2025-12-09T09:50:54Z	
2.3.0-RC3	gradle81-javadoc	2025-12-09T09:50:57Z	
2.3.0-RC3	gradle81-sources	2025-12-09T09:50:54Z	
2.3.0-RC3	gradle811	2025-12-09T09:50:54Z	
2.3.0-RC3	gradle811-javadoc	2025-12-09T09:50:56Z	
2.3.0-RC3	gradle811-sources	2025-12-09T09:50:55Z	
2.3.0-RC3	gradle813	2025-12-09T09:50:55Z	
2.3.0-RC3	gradle813-javadoc	2025-12-09T09:50:57Z	
2.3.0-RC3	gradle813-sources	2025-12-09T09:50:54Z	
2.3.0-RC3	gradle82	2025-12-09T09:50:59Z	
2.3.0-RC3	gradle82-javadoc	2025-12-09T09:50:59Z	
2.3.0-RC3	gradle82-sources	2025-12-09T09:50:59Z	
2.3.0-RC3	gradle85	2025-12-09T09:50:53Z	
2.3.0-RC3	gradle85-javadoc	2025-12-09T09:50:54Z	
2.3.0-RC3	gradle85-sources	2025-12-09T09:50:54Z	
2.3.0-RC3	gradle86	2025-12-09T09:50:53Z	
2.3.0-RC3	gradle86-javadoc	2025-12-09T09:50:59Z	
2.3.0-RC3	gradle86-sources	2025-12-09T09:50:59Z	
2.3.0-RC3	gradle88	2025-12-09T09:50:53Z	
2.3.0-RC3	gradle88-javadoc	2025-12-09T09:50:54Z	
2.3.0-RC3	gradle88-sources	2025-12-09T09:50:53Z	
2.3.10	gradle80	2026-02-04T18:07:28Z	
2.3.10	gradle80-javadoc	2026-02-04T18:07:25Z	
2.3.10	gradle80-sources	2026-02-04T18:07:25Z	
2.3.10	gradle81	2026-02-04T18:07:25Z	
2.3.10	gradle81-javadoc	2026-02-04T18:07:28Z	
2.3.10	gradle81-sources	2026-02-04T18:07:22Z	
2.3.10	gradle811	2026-02-04T18:07:24Z	
2.3.10	gradle811-javadoc	2026-02-04T18:07:28Z	
2.3.10	gradle811-sources	2026-02-04T18:07:26Z	
2.3.10	gradle813	2026-02-04T18:07:27Z	
2.3.10	gradle813-javadoc	2026-02-04T18:07:26Z	
2.3.10	gradle813-sources	2026-02-04T18:07:24Z	
2.3.10	gradle82	2026-02-04T18:07:24Z	
2.3.10	gradle82-javadoc	2026-02-04T18:07:28Z	
2.3.10	gradle82-sources	2026-02-04T18:07:29Z	
2.3.10	gradle85	2026-02-04T18:07:24Z	
2.3.10	gradle85-javadoc	2026-02-04T18:07:24Z	
2.3.10	gradle85-sources	2026-02-04T18:07:27Z	
2.3.10	gradle86	2026-02-04T18:07:26Z	
2.3.10	gradle86-javadoc	2026-02-04T18:07:28Z	
2.3.10	gradle86-sources	2026-02-04T18:07:28Z	
2.3.10	gradle88	2026-02-04T18:07:28Z	
2.3.10	gradle88-javadoc	2026-02-04T18:07:25Z	
2.3.10	gradle88-sources	2026-02-04T18:07:25Z	
2.3.10-RC	gradle80	2026-01-19T08:23:14Z	
2.3.10-RC	gradle80-javadoc	2026-01-19T08:23:11Z	
2.3.10-RC	gradle80-sources	2026-01-19T08:23:11Z	
2.3.10-RC	gradle81	2026-01-19T08:23:12Z	
2.3.10-RC	gradle81-javadoc	2026-01-19T08:23:09Z	
2.3.10-RC	gradle81-sources	2026-01-19T08:23:13Z	
2.3.10-RC	gradle811	2026-01-19T08:23:10Z	
2.3.10-RC	gradle811-javadoc	2026-01-19T08:23:09Z	
2.3.10-RC	gradle811-sources	2026-01-19T08:23:13Z	
2.3.10-RC	gradle813	2026-01-19T08:23:13Z	
2.3.10-RC	gradle813-javadoc	2026-01-19T08:23:12Z	
2.3.10-RC	gradle813-sources	2026-01-19T08:23:12Z	
2.3.10-RC	gradle82	2026-01-19T08:23:11Z	
2.3.10-RC	gradle82-javadoc	2026-01-19T08:23:12Z	
2.3.10-RC	gradle82-sources	2026-01-19T08:23:14Z	
2.3.10-RC	gradle85	2026-01-19T08:23:13Z	
2.3.10-RC	gradle85-javadoc	2026-01-19T08:23:12Z	
2.3.10-RC	gradle85-sources	2026-01-19T08:23:12Z	
2.3.10-RC	gradle86	2026-01-19T08:23:12Z	
2.3.10-RC	gradle86-javadoc	2026-01-19T08:23:09Z	
2.3.10-RC	gradle86-sources	2026-01-19T08:23:13Z	
2.3.10-RC	gradle88	2026-01-19T08:23:12Z	
2.3.10-RC	gradle88-javadoc	2026-01-19T08:23:11Z	
2.3.10-RC	gradle88-sources	2026-01-19T08:23:11Z	
2.3.10-RC2	gradle80	2026-02-02T08:16:32Z	
2.3.10-RC2	gradle80-javadoc	2026-02-02T08:16:31Z	
2.3.10-RC2	gradle80-sources	2026-02-02T08:16:31Z	
2.3.10-RC2	gradle81	2026-02-02T08:16:33Z	
2.3.10-RC2	gradle81-javadoc	2026-02-02T08:16:30Z	
2.3.10-RC2	gradle81-sources	2026-02-02T08:16:30Z	
2.3.10-RC2	gradle811	2026-02-02T08:16:28Z	
2.3.10-RC2	gradle811-javadoc	2026-02-02T08:16:34Z	
2.3.10-RC2	gradle811-sources	2026-02-02T08:16:34Z	
2.3.10-RC2	gradle813	2026-02-02T08:16:29Z	
2.3.10-RC2	gradle813-javadoc	2026-02-02T08:16:31Z	
2.3.10-RC2	gradle813-sources	2026-02-02T08:16:31Z	
2.3.10-RC2	gradle82	2026-02-02T08:16:34Z	
2.3.10-RC2	gradle82-javadoc	2026-02-02T08:16:34Z	
2.3.10-RC2	gradle82-sources	2026-02-02T08:16:34Z	
2.3.10-RC2	gradle85	2026-02-02T08:16:32Z	
2.3.10-RC2	gradle85-javadoc	2026-02-02T08:16:33Z	
2.3.10-RC2	gradle85-sources	2026-02-02T08:16:33Z	
2.3.10-RC2	gradle86	2026-02-02T08:16:34Z	
2.3.10-RC2	gradle86-javadoc	2026-02-02T08:16:34Z	
2.3.10-RC2	gradle86-sources	2026-02-02T08:16:34Z	
2.3.10-RC2	gradle88	2026-02-02T08:16:30Z	
2.3.10-RC2	gradle88-javadoc	2026-02-02T08:16:31Z	
2.3.10-RC2	gradle88-sources	2026-02-02T08:16:31Z	
2.3.20	gradle80	2026-03-16T07:27:03Z	
2.3.20	gradle80-javadoc	2026-03-16T07:27:01Z	
2.3.20	gradle80-sources	2026-03-16T07:27:03Z	
2.3.20	gradle81	2026-03-16T07:26:58Z	
2.3.20	gradle81-javadoc	2026-03-16T07:26:58Z	
2.3.20	gradle81-sources	2026-03-16T07:27:02Z	
2.3.20	gradle811	2026-03-16T07:26:57Z	
2.3.20	gradle811-javadoc	2026-03-16T07:26:58Z	
2.3.20	gradle811-sources	2026-03-16T07:26:58Z	
2.3.20	gradle813	2026-03-16T07:26:58Z	
2.3.20	gradle813-javadoc	2026-03-16T07:26:57Z	
2.3.20	gradle813-sources	2026-03-16T07:27:02Z	
2.3.20	gradle82	2026-03-16T07:26:58Z	
2.3.20	gradle82-javadoc	2026-03-16T07:27:00Z	
2.3.20	gradle82-sources	2026-03-16T07:27:00Z	
2.3.20	gradle85	2026-03-16T07:26:58Z	
2.3.20	gradle85-javadoc	2026-03-16T07:27:01Z	
2.3.20	gradle85-sources	2026-03-16T07:26:59Z	
2.3.20	gradle86	2026-03-16T07:26:59Z	
2.3.20	gradle86-javadoc	2026-03-16T07:26:57Z	
2.3.20	gradle86-sources	2026-03-16T07:27:00Z	
2.3.20	gradle88	2026-03-16T07:26:59Z	
2.3.20	gradle88-javadoc	2026-03-16T07:27:03Z	
2.3.20	gradle88-sources	2026-03-16T07:27:01Z	
2.3.20-Beta1	gradle80	2026-01-08T08:40:04Z	
2.3.20-Beta1	gradle80-javadoc	2026-01-08T08:40:01Z	
2.3.20-Beta1	gradle80-sources	2026-01-08T08:39:59Z	
2.3.20-Beta1	gradle81	2026-01-08T08:40:06Z	
2.3.20-Beta1	gradle81-javadoc	2026-01-08T08:40:02Z	
2.3.20-Beta1	gradle81-sources	2026-01-08T08:40:03Z	
2.3.20-Beta1	gradle811	2026-01-08T08:40:05Z	
2.3.20-Beta1	gradle811-javadoc	2026-01-08T08:40:05Z	
2.3.20-Beta1	gradle811-sources	2026-01-08T08:40:00Z	
2.3.20-Beta1	gradle813	2026-01-08T08:40:01Z	
2.3.20-Beta1	gradle813-javadoc	2026-01-08T08:40:00Z	
2.3.20-Beta1	gradle813-sources	2026-01-08T08:40:01Z	
2.3.20-Beta1	gradle82	2026-01-08T08:40:03Z	
2.3.20-Beta1	gradle82-javadoc	2026-01-08T08:40:01Z	
2.3.20-Beta1	gradle82-sources	2026-01-08T08:40:01Z	
2.3.20-Beta1	gradle85	2026-01-08T08:40:03Z	
2.3.20-Beta1	gradle85-javadoc	2026-01-08T08:40:02Z	
2.3.20-Beta1	gradle85-sources	2026-01-08T08:40:02Z	
2.3.20-Beta1	gradle86	2026-01-08T08:40:03Z	
2.3.20-Beta1	gradle86-javadoc	2026-01-08T08:40:04Z	
2.3.20-Beta1	gradle86-sources	2026-01-08T08:40:04Z	
2.3.20-Beta1	gradle88	2026-01-08T08:40:03Z	
2.3.20-Beta1	gradle88-javadoc	2026-01-08T08:40:03Z	
2.3.20-Beta1	gradle88-sources	2026-01-08T08:40:01Z	
2.3.20-Beta2	gradle80	2026-01-29T08:43:17Z	
2.3.20-Beta2	gradle80-javadoc	2026-01-29T08:43:16Z	
2.3.20-Beta2	gradle80-sources	2026-01-29T08:43:14Z	
2.3.20-Beta2	gradle81	2026-01-29T08:43:12Z	
2.3.20-Beta2	gradle81-javadoc	2026-01-29T08:43:13Z	
2.3.20-Beta2	gradle81-sources	2026-01-29T08:43:13Z	
2.3.20-Beta2	gradle811	2026-01-29T08:43:16Z	
2.3.20-Beta2	gradle811-javadoc	2026-01-29T08:43:13Z	
2.3.20-Beta2	gradle811-sources	2026-01-29T08:43:15Z	
2.3.20-Beta2	gradle813	2026-01-29T08:43:14Z	
2.3.20-Beta2	gradle813-javadoc	2026-01-29T08:43:16Z	
2.3.20-Beta2	gradle813-sources	2026-01-29T08:43:16Z	
2.3.20-Beta2	gradle82	2026-01-29T08:43:14Z	
2.3.20-Beta2	gradle82-javadoc	2026-01-29T08:43:14Z	
2.3.20-Beta2	gradle82-sources	2026-01-29T08:43:13Z	
2.3.20-Beta2	gradle85	2026-01-29T08:43:11Z	
2.3.20-Beta2	gradle85-javadoc	2026-01-29T08:43:13Z	
2.3.20-Beta2	gradle85-sources	2026-01-29T08:43:14Z	
2.3.20-Beta2	gradle86	2026-01-29T08:43:12Z	
2.3.20-Beta2	gradle86-javadoc	2026-01-29T08:43:13Z	
2.3.20-Beta2	gradle86-sources	2026-01-29T08:43:12Z	
2.3.20-Beta2	gradle88	2026-01-29T08:43:12Z	
2.3.20-Beta2	gradle88-javadoc	2026-01-29T08:43:12Z	
2.3.20-Beta2	gradle88-sources	2026-01-29T08:43:16Z	
2.3.20-RC	gradle80	2026-02-19T08:57:39Z	
2.3.20-RC	gradle80-javadoc	2026-02-19T08:57:37Z	
2.3.20-RC	gradle80-sources	2026-02-19T08:57:39Z	
2.3.20-RC	gradle81	2026-02-19T08:57:41Z	
2.3.20-RC	gradle81-javadoc	2026-02-19T08:57:40Z	
2.3.20-RC	gradle81-sources	2026-02-19T08:57:36Z	
2.3.20-RC	gradle811	2026-02-19T08:57:39Z	
2.3.20-RC	gradle811-javadoc	2026-02-19T08:57:40Z	
2.3.20-RC	gradle811-sources	2026-02-19T08:57:35Z	
2.3.20-RC	gradle813	2026-02-19T08:57:39Z	
2.3.20-RC	gradle813-javadoc	2026-02-19T08:57:35Z	
2.3.20-RC	gradle813-sources	2026-02-19T08:57:37Z	
2.3.20-RC	gradle82	2026-02-19T08:57:39Z	
2.3.20-RC	gradle82-javadoc	2026-02-19T08:57:39Z	
2.3.20-RC	gradle82-sources	2026-02-19T08:57:40Z	
2.3.20-RC	gradle85	2026-02-19T08:57:40Z	
2.3.20-RC	gradle85-javadoc	2026-02-19T08:57:41Z	
2.3.20-RC	gradle85-sources	2026-02-19T08:57:38Z	
2.3.20-RC	gradle86	2026-02-19T08:57:40Z	
2.3.20-RC	gradle86-javadoc	2026-02-19T08:57:40Z	
2.3.20-RC	gradle86-sources	2026-02-19T08:57:36Z	
2.3.20-RC	gradle88	2026-02-19T08:57:37Z	
2.3.20-RC	gradle88-javadoc	2026-02-19T08:57:36Z	
2.3.20-RC	gradle88-sources	2026-02-19T08:57:37Z	
2.3.20-RC2	gradle80	2026-03-03T08:24:25Z	
2.3.20-RC2	gradle80-javadoc	2026-03-03T08:24:28Z	
2.3.20-RC2	gradle80-sources	2026-03-03T08:24:22Z	
2.3.20-RC2	gradle81	2026-03-03T08:24:25Z	
2.3.20-RC2	gradle81-javadoc	2026-03-03T08:24:25Z	
2.3.20-RC2	gradle81-sources	2026-03-03T08:24:26Z	
2.3.20-RC2	gradle811	2026-03-03T08:24:27Z	
2.3.20-RC2	gradle811-javadoc	2026-03-03T08:24:23Z	
2.3.20-RC2	gradle811-sources	2026-03-03T08:24:28Z	
2.3.20-RC2	gradle813	2026-03-03T08:24:27Z	
2.3.20-RC2	gradle813-javadoc	2026-03-03T08:24:25Z	
2.3.20-RC2	gradle813-sources	2026-03-03T08:24:26Z	
2.3.20-RC2	gradle82	2026-03-03T08:24:27Z	
2.3.20-RC2	gradle82-javadoc	2026-03-03T08:24:25Z	
2.3.20-RC2	gradle82-sources	2026-03-03T08:24:25Z	
2.3.20-RC2	gradle85	2026-03-03T08:24:24Z	
2.3.20-RC2	gradle85-javadoc	2026-03-03T08:24:25Z	
2.3.20-RC2	gradle85-sources	2026-03-03T08:24:23Z	
2.3.20-RC2	gradle86	2026-03-03T08:24:27Z	
2.3.20-RC2	gradle86-javadoc	2026-03-03T08:24:24Z	
2.3.20-RC2	gradle86-sources	2026-03-03T08:24:26Z	
2.3.20-RC2	gradle88	2026-03-03T08:24:28Z	
2.3.20-RC2	gradle88-javadoc	2026-03-03T08:24:26Z	
2.3.20-RC2	gradle88-sources	2026-03-03T08:24:28Z	
2.3.20-RC3	gradle80	2026-03-10T09:45:41Z	
2.3.20-RC3	gradle80-javadoc	2026-03-10T09:45:37Z	
2.3.20-RC3	gradle80-sources	2026-03-10T09:45:34Z	
2.3.20-RC3	gradle81	2026-03-10T09:45:39Z	
2.3.20-RC3	gradle81-javadoc	2026-03-10T09:45:38Z	
2.3.20-RC3	gradle81-sources	2026-03-10T09:45:40Z	
2.3.20-RC3	gradle811	2026-03-10T09:45:35Z	
2.3.20-RC3	gradle811-javadoc	2026-03-10T09:45:36Z	
2.3.20-RC3	gradle811-sources	2026-03-10T09:45:38Z	
2.3.20-RC3	gradle813	2026-03-10T09:45:37Z	
2.3.20-RC3	gradle813-javadoc	2026-03-10T09:45:38Z	
2.3.20-RC3	gradle813-sources	2026-03-10T09:45:39Z	
2.3.20-RC3	gradle82	2026-03-10T09:45:37Z	
2.3.20-RC3	gradle82-javadoc	2026-03-10T09:45:34Z	
2.3.20-RC3	gradle82-sources	2026-03-10T09:45:39Z	
2.3.20-RC3	gradle85	2026-03-10T09:45:40Z	
2.3.20-RC3	gradle85-javadoc	2026-03-10T09:45:40Z	
2.3.20-RC3	gradle85-sources	2026-03-10T09:45:34Z	
2.3.20-RC3	gradle86	2026-03-10T09:45:38Z	
2.3.20-RC3	gradle86-javadoc	2026-03-10T09:45:40Z	
2.3.20-RC3	gradle86-sources	2026-03-10T09:45:40Z	
2.3.20-RC3	gradle88	2026-03-10T09:45:39Z	
2.3.20-RC3	gradle88-javadoc	2026-03-10T09:45:38Z	
2.3.20-RC3	gradle88-sources	2026-03-10T09:45:37Z	
2.3.21	gradle80	2026-04-22T09:31:45Z	
2.3.21	gradle80-javadoc	2026-04-22T09:31:46Z	
2.3.21	gradle80-sources	2026-04-22T09:31:44Z	
2.3.21	gradle81	2026-04-22T09:31:45Z	
2.3.21	gradle81-javadoc	2026-04-22T09:31:42Z	
2.3.21	gradle81-sources	2026-04-22T09:31:48Z	
2.3.21	gradle811	2026-04-22T09:31:47Z	
2.3.21	gradle811-javadoc	2026-04-22T09:31:48Z	
2.3.21	gradle811-sources	2026-04-22T09:31:42Z	
2.3.21	gradle813	2026-04-22T09:31:45Z	
2.3.21	gradle813-javadoc	2026-04-22T09:31:42Z	
2.3.21	gradle813-sources	2026-04-22T09:31:44Z	
2.3.21	gradle82	2026-04-22T09:31:45Z	
2.3.21	gradle82-javadoc	2026-04-22T09:31:46Z	
2.3.21	gradle82-sources	2026-04-22T09:31:43Z	
2.3.21	gradle85	2026-04-22T09:31:46Z	
2.3.21	gradle85-javadoc	2026-04-22T09:31:46Z	
2.3.21	gradle85-sources	2026-04-22T09:31:47Z	
2.3.21	gradle86	2026-04-22T09:31:45Z	
2.3.21	gradle86-javadoc	2026-04-22T09:31:42Z	
2.3.21	gradle86-sources	2026-04-22T09:31:48Z	
2.3.21	gradle88	2026-04-22T09:31:47Z	
2.3.21	gradle88-javadoc	2026-04-22T09:31:44Z	
2.3.21	gradle88-sources	2026-04-22T09:31:46Z	
2.3.21-RC	gradle80	2026-04-07T07:38:07Z	
2.3.21-RC	gradle80-javadoc	2026-04-07T07:38:06Z	
2.3.21-RC	gradle80-sources	2026-04-07T07:38:09Z	
2.3.21-RC	gradle81	2026-04-07T07:38:11Z	
2.3.21-RC	gradle81-javadoc	2026-04-07T07:38:11Z	
2.3.21-RC	gradle81-sources	2026-04-07T07:38:05Z	
2.3.21-RC	gradle811	2026-04-07T07:38:08Z	
2.3.21-RC	gradle811-javadoc	2026-04-07T07:38:10Z	
2.3.21-RC	gradle811-sources	2026-04-07T07:38:10Z	
2.3.21-RC	gradle813	2026-04-07T07:38:11Z	
2.3.21-RC	gradle813-javadoc	2026-04-07T07:38:08Z	
2.3.21-RC	gradle813-sources	2026-04-07T07:38:06Z	
2.3.21-RC	gradle82	2026-04-07T07:38:10Z	
2.3.21-RC	gradle82-javadoc	2026-04-07T07:38:07Z	
2.3.21-RC	gradle82-sources	2026-04-07T07:38:09Z	
2.3.21-RC	gradle85	2026-04-07T07:38:06Z	
2.3.21-RC	gradle85-javadoc	2026-04-07T07:38:11Z	
2.3.21-RC	gradle85-sources	2026-04-07T07:38:11Z	
2.3.21-RC	gradle86	2026-04-07T07:38:10Z	
2.3.21-RC	gradle86-javadoc	2026-04-07T07:38:07Z	
2.3.21-RC	gradle86-sources	2026-04-07T07:38:05Z	
2.3.21-RC	gradle88	2026-04-07T07:38:07Z	
2.3.21-RC	gradle88-javadoc	2026-04-07T07:38:06Z	
2.3.21-RC	gradle88-sources	2026-04-07T07:38:06Z	
2.3.21-RC2	gradle80	2026-04-16T09:57:20Z	
2.3.21-RC2	gradle80-javadoc	2026-04-16T09:57:20Z	
2.3.21-RC2	gradle80-sources	2026-04-16T09:57:19Z	
2.3.21-RC2	gradle81	2026-04-16T09:57:21Z	
2.3.21-RC2	gradle81-javadoc	2026-04-16T09:57:24Z	
2.3.21-RC2	gradle81-sources	2026-04-16T09:57:23Z	
2.3.21-RC2	gradle811	2026-04-16T09:57:22Z	
2.3.21-RC2	gradle811-javadoc	2026-04-16T09:57:22Z	
2.3.21-RC2	gradle811-sources	2026-04-16T09:57:24Z	
2.3.21-RC2	gradle813	2026-04-16T09:57:23Z	
2.3.21-RC2	gradle813-javadoc	2026-04-16T09:57:21Z	
2.3.21-RC2	gradle813-sources	2026-04-16T09:57:19Z	
2.3.21-RC2	gradle82	2026-04-16T09:57:19Z	
2.3.21-RC2	gradle82-javadoc	2026-04-16T09:57:19Z	
2.3.21-RC2	gradle82-sources	2026-04-16T09:57:24Z	
2.3.21-RC2	gradle85	2026-04-16T09:57:21Z	
2.3.21-RC2	gradle85-javadoc	2026-04-16T09:57:23Z	
2.3.21-RC2	gradle85-sources	2026-04-16T09:57:18Z	
2.3.21-RC2	gradle86	2026-04-16T09:57:20Z	
2.3.21-RC2	gradle86-javadoc	2026-04-16T09:57:24Z	
2.3.21-RC2	gradle86-sources	2026-04-16T09:57:24Z	
2.3.21-RC2	gradle88	2026-04-16T09:57:24Z	
2.3.21-RC2	gradle88-javadoc	2026-04-16T09:57:22Z	
2.3.21-RC2	gradle88-sources	2026-04-16T09:57:20Z	
2.4.0-Beta1	gradle80	2026-03-31T07:53:05Z	
2.4.0-Beta1	gradle80-javadoc	2026-03-31T07:53:06Z	
2.4.0-Beta1	gradle80-sources	2026-03-31T07:53:06Z	
2.4.0-Beta1	gradle81	2026-03-31T07:53:06Z	
2.4.0-Beta1	gradle81-javadoc	2026-03-31T07:53:04Z	
2.4.0-Beta1	gradle81-sources	2026-03-31T07:53:08Z	
2.4.0-Beta1	gradle811	2026-03-31T07:53:05Z	
2.4.0-Beta1	gradle811-javadoc	2026-03-31T07:53:05Z	
2.4.0-Beta1	gradle811-sources	2026-03-31T07:53:04Z	
2.4.0-Beta1	gradle813	2026-03-31T07:53:08Z	
2.4.0-Beta1	gradle813-javadoc	2026-03-31T07:53:03Z	
2.4.0-Beta1	gradle813-sources	2026-03-31T07:53:08Z	
2.4.0-Beta1	gradle82	2026-03-31T07:53:04Z	
2.4.0-Beta1	gradle82-javadoc	2026-03-31T07:53:10Z	
2.4.0-Beta1	gradle82-sources	2026-03-31T07:53:10Z	
2.4.0-Beta1	gradle85	2026-03-31T07:53:05Z	
2.4.0-Beta1	gradle85-javadoc	2026-03-31T07:53:08Z	
2.4.0-Beta1	gradle85-sources	2026-03-31T07:53:05Z	
2.4.0-Beta1	gradle86	2026-03-31T07:53:06Z	
2.4.0-Beta1	gradle86-javadoc	2026-03-31T07:53:10Z	
2.4.0-Beta1	gradle86-sources	2026-03-31T07:53:09Z	
2.4.0-Beta1	gradle88	2026-03-31T07:53:09Z	
2.4.0-Beta1	gradle88-javadoc	2026-03-31T07:53:06Z	
2.4.0-Beta1	gradle88-sources	2026-03-31T07:53:06Z	
2.4.0-Beta2	gradle80	2026-04-22T07:22:41Z	
2.4.0-Beta2	gradle80-javadoc	2026-04-22T07:22:41Z	
2.4.0-Beta2	gradle80-sources	2026-04-22T07:22:45Z	
2.4.0-Beta2	gradle81	2026-04-22T07:22:43Z	
2.4.0-Beta2	gradle81-javadoc	2026-04-22T07:22:46Z	
2.4.0-Beta2	gradle81-sources	2026-04-22T07:22:40Z	
2.4.0-Beta2	gradle811	2026-04-22T07:22:42Z	
2.4.0-Beta2	gradle811-javadoc	2026-04-22T07:22:46Z	
2.4.0-Beta2	gradle811-sources	2026-04-22T07:22:42Z	
2.4.0-Beta2	gradle813	2026-04-22T07:22:42Z	
2.4.0-Beta2	gradle813-javadoc	2026-04-22T07:22:42Z	
2.4.0-Beta2	gradle813-sources	2026-04-22T07:22:40Z	
2.4.0-Beta2	gradle82	2026-04-22T07:22:43Z	
2.4.0-Beta2	gradle82-javadoc	2026-04-22T07:22:47Z	
2.4.0-Beta2	gradle82-sources	2026-04-22T07:22:45Z	
2.4.0-Beta2	gradle85	2026-04-22T07:22:42Z	
2.4.0-Beta2	gradle85-javadoc	2026-04-22T07:22:47Z	
2.4.0-Beta2	gradle85-sources	2026-04-22T07:22:47Z	
2.4.0-Beta2	gradle86	2026-04-22T07:22:44Z	
2.4.0-Beta2	gradle86-javadoc	2026-04-22T07:22:47Z	
2.4.0-Beta2	gradle86-sources	2026-04-22T07:22:41Z	
2.4.0-Beta2	gradle88	2026-04-22T07:22:46Z	
2.4.0-Beta2	gradle88-javadoc	2026-04-22T07:22:41Z	
2.4.0-Beta2	gradle88-sources	2026-04-22T07:22:43Z	
2.4.0-RC	gradle80	2026-05-13T08:38:09Z	
2.4.0-RC	gradle80-javadoc	2026-05-13T08:38:07Z	
2.4.0-RC	gradle80-sources	2026-05-13T08:38:06Z	
2.4.0-RC	gradle81	2026-05-13T08:38:07Z	
2.4.0-RC	gradle81-javadoc	2026-05-13T08:38:04Z	
2.4.0-RC	gradle81-sources	2026-05-13T08:38:02Z	
2.4.0-RC	gradle811	2026-05-13T08:38:07Z	
2.4.0-RC	gradle811-javadoc	2026-05-13T08:38:05Z	
2.4.0-RC	gradle811-sources	2026-05-13T08:38:05Z	
2.4.0-RC	gradle813	2026-05-13T08:38:03Z	
2.4.0-RC	gradle813-javadoc	2026-05-13T08:38:09Z	
2.4.0-RC	gradle813-sources	2026-05-13T08:38:09Z	
2.4.0-RC	gradle82	2026-05-13T08:38:05Z	
2.4.0-RC	gradle82-javadoc	2026-05-13T08:38:06Z	
2.4.0-RC	gradle82-sources	2026-05-13T08:38:04Z	
2.4.0-RC	gradle85	2026-05-13T08:38:06Z	
2.4.0-RC	gradle85-javadoc	2026-05-13T08:38:03Z	
2.4.0-RC	gradle85-sources	2026-05-13T08:38:05Z	
2.4.0-RC	gradle86	2026-05-13T08:38:04Z	
2.4.0-RC	gradle86-javadoc	2026-05-13T08:38:04Z	
2.4.0-RC	gradle86-sources	2026-05-13T08:38:05Z	
2.4.0-RC	gradle88	2026-05-13T08:38:08Z	
2.4.0-RC	gradle88-javadoc	2026-05-13T08:38:01Z	
2.4.0-RC	gradle88-sources	2026-05-13T08:38:07Z	
