7.10.0		2026-02-12T14:31:34Z	
7.10.1		2026-02-13T07:26:31Z	
7.10.10		2026-02-18T05:04:31Z	
7.10.100		2026-03-20T09:25:53Z	
7.10.101		2026-03-21T06:41:00Z	
7.10.102		2026-03-23T06:36:26Z	
7.10.103		2026-03-23T09:33:43Z	
7.10.104		2026-03-23T13:33:13Z	
7.10.106		2026-03-24T12:29:06Z	
7.10.107		2026-03-25T07:37:35Z	
7.10.108		2026-03-25T09:19:13Z	
7.10.109		2026-03-25T16:27:33Z	
7.10.11		2026-02-18T08:58:35Z	
7.10.110		2026-03-26T05:00:23Z	
7.10.111		2026-03-27T06:24:48Z	
7.10.112		2026-03-27T09:22:33Z	
7.10.113		2026-03-27T11:29:37Z	
7.10.114		2026-03-27T13:00:38Z	
7.10.115		2026-03-28T02:25:42Z	
7.10.116		2026-03-29T06:28:04Z	
7.10.117		2026-03-30T03:43:27Z	
7.10.118		2026-03-30T06:03:02Z	
7.10.119		2026-03-30T09:36:19Z	
7.10.12		2026-02-19T01:57:19Z	
7.10.120		2026-03-30T16:40:04Z	
7.10.121		2026-03-31T02:17:44Z	
7.10.122		2026-03-31T08:15:18Z	
7.10.124		2026-03-31T16:11:13Z	
7.10.125		2026-04-01T06:39:17Z	
7.10.126		2026-04-02T07:03:47Z	
7.10.127		2026-04-02T17:00:31Z	
7.10.128		2026-04-02T19:10:19Z	
7.10.129		2026-04-03T06:41:34Z	
7.10.13		2026-02-19T06:11:06Z	
7.10.130		2026-04-04T07:17:15Z	
7.10.131		2026-04-06T05:52:13Z	
7.10.132		2026-04-06T09:52:12Z	
7.10.133		2026-04-06T12:05:45Z	
7.10.134		2026-04-07T01:01:57Z	
7.10.135		2026-04-07T05:06:30Z	
7.10.136		2026-04-07T10:43:18Z	
7.10.137		2026-04-07T18:34:49Z	
7.10.138		2026-04-07T20:03:25Z	
7.10.139		2026-04-08T11:22:49Z	
7.10.14		2026-02-20T04:32:14Z	
7.10.140		2026-04-08T13:56:32Z	
7.10.141		2026-04-08T15:20:24Z	
7.10.142		2026-04-09T05:56:59Z	
7.10.143		2026-04-09T11:37:00Z	
7.10.144		2026-04-11T07:03:32Z	
7.10.145		2026-04-16T07:12:37Z	
7.10.146		2026-04-16T10:14:49Z	
7.10.147		2026-04-17T03:20:48Z	
7.10.148		2026-04-19T14:00:16Z	
7.10.149		2026-04-20T14:18:17Z	
7.10.15		2026-02-20T06:38:42Z	
7.10.150		2026-04-21T05:58:29Z	
7.10.151		2026-04-21T09:40:33Z	
7.10.152		2026-04-22T04:40:23Z	
7.10.153		2026-04-23T07:17:45Z	
7.10.154		2026-04-23T09:44:20Z	
7.10.155		2026-04-23T10:38:43Z	
7.10.156		2026-04-24T01:26:30Z	
7.10.157		2026-04-28T06:11:10Z	
7.10.158		2026-04-28T08:10:53Z	
7.10.16		2026-02-20T07:29:13Z	
7.10.17		2026-02-20T11:21:39Z	
7.10.18		2026-02-20T15:43:27Z	
7.10.19		2026-02-21T05:07:35Z	
7.10.2		2026-02-16T05:00:11Z	
7.10.20		2026-02-21T06:03:11Z	
7.10.21		2026-02-21T08:06:45Z	
7.10.22		2026-02-22T17:10:19Z	
7.10.23		2026-02-23T07:08:13Z	
7.10.24		2026-02-23T10:27:30Z	
7.10.25		2026-02-23T12:04:04Z	
7.10.26		2026-02-24T12:00:55Z	
7.10.27		2026-02-24T13:16:05Z	
7.10.28		2026-02-24T17:32:17Z	
7.10.29		2026-02-25T05:32:09Z	
7.10.3		2026-02-16T05:54:36Z	
7.10.30		2026-02-25T06:34:35Z	
7.10.31		2026-02-25T07:34:56Z	
7.10.32		2026-02-25T09:37:01Z	
7.10.33		2026-02-25T11:47:00Z	
7.10.34		2026-02-27T05:17:51Z	
7.10.35		2026-02-27T11:54:25Z	
7.10.36		2026-03-02T10:15:07Z	
7.10.37		2026-03-03T05:43:07Z	
7.10.38		2026-03-03T06:38:48Z	
7.10.39		2026-03-03T08:12:57Z	
7.10.4		2026-02-16T15:33:39Z	
7.10.40		2026-03-03T09:33:30Z	
7.10.41		2026-03-03T11:32:49Z	
7.10.42		2026-03-03T13:33:02Z	
7.10.43		2026-03-04T05:17:32Z	
7.10.44		2026-03-04T06:45:08Z	
7.10.45		2026-03-05T04:24:06Z	
7.10.46		2026-03-05T06:20:59Z	
7.10.47		2026-03-05T12:05:50Z	
7.10.48		2026-03-05T16:16:38Z	
7.10.49		2026-03-06T04:46:04Z	
7.10.5		2026-02-17T07:20:01Z	
7.10.50		2026-03-06T07:02:29Z	
7.10.51		2026-03-06T08:01:26Z	
7.10.52		2026-03-06T11:03:31Z	
7.10.53		2026-03-06T18:45:10Z	
7.10.55		2026-03-08T09:47:52Z	
7.10.56		2026-03-08T10:43:32Z	
7.10.57		2026-03-08T12:27:12Z	
7.10.58		2026-03-08T15:30:36Z	
7.10.59		2026-03-09T06:51:56Z	
7.10.6		2026-02-17T08:57:02Z	
7.10.60		2026-03-09T10:57:29Z	
7.10.61		2026-03-09T14:53:05Z	
7.10.62		2026-03-09T18:40:23Z	
7.10.63		2026-03-09T20:15:38Z	
7.10.64		2026-03-10T05:19:24Z	
7.10.65		2026-03-10T06:54:56Z	
7.10.66		2026-03-10T08:44:22Z	
7.10.67		2026-03-10T11:13:02Z	
7.10.68		2026-03-10T13:33:44Z	
7.10.69		2026-03-10T14:56:43Z	
7.10.7		2026-02-17T11:00:26Z	
7.10.70		2026-03-10T18:37:16Z	
7.10.73		2026-03-11T11:08:20Z	
7.10.74		2026-03-11T16:08:59Z	
7.10.75		2026-03-11T17:42:46Z	
7.10.76		2026-03-11T19:44:33Z	
7.10.77		2026-03-12T07:46:37Z	
7.10.78		2026-03-12T09:42:03Z	
7.10.79		2026-03-13T05:18:02Z	
7.10.8		2026-02-17T12:13:33Z	
7.10.80		2026-03-13T11:19:14Z	
7.10.81		2026-03-13T13:09:26Z	
7.10.82		2026-03-15T05:09:41Z	
7.10.83		2026-03-16T03:12:48Z	
7.10.84		2026-03-16T04:09:36Z	
7.10.85		2026-03-16T09:34:07Z	
7.10.86		2026-03-16T10:35:24Z	
7.10.87		2026-03-16T15:40:14Z	
7.10.88		2026-03-17T05:04:30Z	
7.10.89		2026-03-17T06:01:57Z	
7.10.9		2026-02-17T13:04:23Z	
7.10.90		2026-03-17T07:33:09Z	
7.10.91		2026-03-17T19:46:00Z	
7.10.92		2026-03-18T01:16:13Z	
7.10.93		2026-03-18T04:55:35Z	
7.10.94		2026-03-18T09:33:26Z	
7.10.95		2026-03-18T12:42:18Z	
7.10.96		2026-03-18T13:40:42Z	
7.10.97		2026-03-19T01:48:41Z	
7.10.98		2026-03-19T04:15:10Z	
7.10.99		2026-03-19T08:13:16Z	
7.11.0		2026-03-16T01:59:00Z	
7.11.1		2026-03-16T03:25:13Z	
7.11.10		2026-03-19T05:32:56Z	
7.11.100		2026-05-27T19:53:05Z	
7.11.101		2026-05-28T10:36:05Z	
7.11.102		2026-05-29T04:48:52Z	
7.11.103		2026-05-31T07:56:11Z	
7.11.104		2026-06-01T01:43:39Z	
7.11.105		2026-06-01T19:19:50Z	
7.11.106		2026-06-02T04:44:50Z	
7.11.107		2026-06-02T06:32:43Z	
7.11.108		2026-06-02T08:56:53Z	
7.11.109		2026-06-03T09:01:15Z	
7.11.11		2026-03-19T07:04:23Z	
7.11.110		2026-06-05T11:31:58Z	
7.11.111		2026-06-05T13:16:13Z	
7.11.112		2026-06-07T17:54:54Z	
7.11.113		2026-06-09T05:31:44Z	
7.11.114		2026-06-09T06:32:20Z	
7.11.115		2026-06-09T09:21:51Z	
7.11.116		2026-06-10T11:25:06Z	
7.11.117		2026-06-10T16:43:34Z	
7.11.118		2026-06-10T20:38:38Z	
7.11.119		2026-06-11T12:10:37Z	
7.11.12		2026-03-20T04:54:29Z	
7.11.120		2026-06-11T13:04:06Z	
7.11.121		2026-06-12T05:21:28Z	
7.11.122		2026-06-12T08:53:20Z	
7.11.123		2026-06-12T11:07:13Z	
7.11.124		2026-06-12T12:56:32Z	
7.11.125		2026-06-15T03:40:41Z	
7.11.126		2026-06-16T15:16:22Z	
7.11.127		2026-06-18T06:14:59Z	
7.11.128		2026-06-18T10:35:19Z	
7.11.129		2026-06-18T13:25:57Z	
7.11.13		2026-03-24T06:24:26Z	
7.11.130		2026-06-19T07:36:36Z	
7.11.131		2026-06-19T09:07:40Z	
7.11.132		2026-06-19T11:42:24Z	
7.11.133		2026-06-19T13:06:13Z	
7.11.134		2026-06-19T15:19:25Z	
7.11.135		2026-06-23T05:58:19Z	
7.11.136		2026-06-23T07:29:23Z	
7.11.137		2026-06-23T09:04:27Z	
7.11.138		2026-06-24T09:16:10Z	
7.11.139		2026-06-25T12:10:44Z	
7.11.14		2026-03-24T17:05:01Z	
7.11.140		2026-06-26T05:23:24Z	
7.11.141		2026-06-26T09:33:56Z	
7.11.142		2026-06-26T18:01:23Z	
7.11.143		2026-06-30T12:00:17Z	
7.11.144		2026-07-01T06:12:48Z	
7.11.145		2026-07-01T12:38:06Z	
7.11.146		2026-07-02T10:53:45Z	
7.11.147		2026-07-03T09:22:25Z	
7.11.148		2026-07-03T10:53:43Z	
7.11.15		2026-03-25T04:11:19Z	
7.11.16		2026-03-25T10:49:16Z	
7.11.17		2026-03-25T16:55:30Z	
7.11.18		2026-03-26T05:22:59Z	
7.11.19		2026-03-26T06:51:36Z	
7.11.2		2026-03-16T04:23:01Z	
7.11.20		2026-03-28T02:47:03Z	
7.11.21		2026-03-29T06:43:17Z	
7.11.22		2026-03-30T03:53:48Z	
7.11.23		2026-03-30T05:50:38Z	
7.11.24		2026-03-31T07:56:27Z	
7.11.25		2026-03-31T09:06:36Z	
7.11.26		2026-03-31T16:12:20Z	
7.11.27		2026-04-01T07:55:58Z	
7.11.28		2026-04-01T10:39:37Z	
7.11.29		2026-04-02T02:25:22Z	
7.11.3		2026-03-17T04:50:52Z	
7.11.30		2026-04-02T07:04:09Z	
7.11.31		2026-04-06T06:22:47Z	
7.11.32		2026-04-06T07:17:23Z	
7.11.33		2026-04-06T10:37:47Z	
7.11.34		2026-04-06T11:34:24Z	
7.11.35		2026-04-07T02:42:01Z	
7.11.36		2026-04-07T04:31:03Z	
7.11.37		2026-04-07T05:28:33Z	
7.11.38		2026-04-08T05:53:55Z	
7.11.39		2026-04-08T12:04:14Z	
7.11.4		2026-03-17T05:47:12Z	
7.11.40		2026-04-09T09:46:55Z	
7.11.41		2026-04-16T06:20:08Z	
7.11.42		2026-04-16T07:58:38Z	
7.11.43		2026-04-16T10:32:47Z	
7.11.44		2026-04-19T02:51:36Z	
7.11.45		2026-04-20T10:47:52Z	
7.11.46		2026-04-20T14:20:53Z	
7.11.47		2026-04-21T06:02:50Z	
7.11.48		2026-04-21T11:47:11Z	
7.11.49		2026-04-22T05:34:11Z	
7.11.5		2026-03-17T06:42:29Z	
7.11.50		2026-04-23T09:50:40Z	
7.11.51		2026-04-24T05:26:14Z	
7.11.52		2026-04-24T06:20:38Z	
7.11.53		2026-04-27T12:50:03Z	
7.11.54		2026-04-27T18:10:33Z	
7.11.55		2026-04-28T04:59:23Z	
7.11.56		2026-04-28T10:36:29Z	
7.11.57		2026-04-28T13:39:43Z	
7.11.58		2026-04-28T15:09:44Z	
7.11.59		2026-04-29T07:09:48Z	
7.11.6		2026-03-18T05:05:53Z	
7.11.60		2026-04-29T11:37:27Z	
7.11.61		2026-04-29T14:15:33Z	
7.11.62		2026-04-30T05:52:56Z	
7.11.63		2026-04-30T06:49:06Z	
7.11.64		2026-04-30T15:32:50Z	
7.11.65		2026-05-01T06:03:54Z	
7.11.66		2026-05-03T19:14:42Z	
7.11.67		2026-05-04T10:13:26Z	
7.11.68		2026-05-05T04:33:08Z	
7.11.69		2026-05-05T08:53:42Z	
7.11.7		2026-03-18T08:26:26Z	
7.11.70		2026-05-06T08:03:26Z	
7.11.71		2026-05-07T04:12:22Z	
7.11.72		2026-05-07T06:00:02Z	
7.11.73		2026-05-08T10:18:16Z	
7.11.74		2026-05-09T15:38:14Z	
7.11.75		2026-05-11T10:13:15Z	
7.11.76		2026-05-11T11:49:34Z	
7.11.77		2026-05-12T06:17:01Z	
7.11.78		2026-05-12T10:12:50Z	
7.11.79		2026-05-13T05:16:27Z	
7.11.8		2026-03-18T13:35:12Z	
7.11.80		2026-05-13T07:05:48Z	
7.11.81		2026-05-13T09:23:13Z	
7.11.82		2026-05-14T07:59:13Z	
7.11.83		2026-05-14T09:28:44Z	
7.11.84		2026-05-19T04:37:41Z	
7.11.85		2026-05-19T09:32:55Z	
7.11.86		2026-05-20T16:35:06Z	
7.11.87		2026-05-21T05:04:44Z	
7.11.88		2026-05-21T07:08:01Z	
7.11.89		2026-05-21T11:13:07Z	
7.11.9		2026-03-18T16:26:56Z	
7.11.90		2026-05-21T17:48:39Z	
7.11.91		2026-05-22T04:47:09Z	
7.11.92		2026-05-22T15:01:29Z	
7.11.93		2026-05-23T21:03:31Z	
7.11.94		2026-05-25T13:20:43Z	
7.11.95		2026-05-25T16:45:54Z	
7.11.96		2026-05-27T05:09:35Z	
7.11.97		2026-05-27T06:06:00Z	
7.11.98		2026-05-27T08:52:46Z	
7.11.99		2026-05-27T11:12:56Z	
7.5.100			IOException: Tail request on https://maven-central.storage-download.googleapis.com/maven2/org/wso2/carbon/identity/framework/org.wso2.carbon.identity.certificate.management/7.5.100/org.wso2.carbon.identity.certificate.management-7.5.100.jar returned status 404
7.5.101			IOException: Tail request on https://maven-central.storage-download.googleapis.com/maven2/org/wso2/carbon/identity/framework/org.wso2.carbon.identity.certificate.management/7.5.101/org.wso2.carbon.identity.certificate.management-7.5.101.jar returned status 404
7.5.102			IOException: Tail request on https://maven-central.storage-download.googleapis.com/maven2/org/wso2/carbon/identity/framework/org.wso2.carbon.identity.certificate.management/7.5.102/org.wso2.carbon.identity.certificate.management-7.5.102.jar returned status 404
7.5.103			IOException: Tail request on https://maven-central.storage-download.googleapis.com/maven2/org/wso2/carbon/identity/framework/org.wso2.carbon.identity.certificate.management/7.5.103/org.wso2.carbon.identity.certificate.management-7.5.103.jar returned status 404
7.5.104			IOException: Tail request on https://maven-central.storage-download.googleapis.com/maven2/org/wso2/carbon/identity/framework/org.wso2.carbon.identity.certificate.management/7.5.104/org.wso2.carbon.identity.certificate.management-7.5.104.jar returned status 404
7.5.105			IOException: Tail request on https://maven-central.storage-download.googleapis.com/maven2/org/wso2/carbon/identity/framework/org.wso2.carbon.identity.certificate.management/7.5.105/org.wso2.carbon.identity.certificate.management-7.5.105.jar returned status 404
7.5.106			IOException: Tail request on https://maven-central.storage-download.googleapis.com/maven2/org/wso2/carbon/identity/framework/org.wso2.carbon.identity.certificate.management/7.5.106/org.wso2.carbon.identity.certificate.management-7.5.106.jar returned status 404
7.5.107			IOException: Tail request on https://maven-central.storage-download.googleapis.com/maven2/org/wso2/carbon/identity/framework/org.wso2.carbon.identity.certificate.management/7.5.107/org.wso2.carbon.identity.certificate.management-7.5.107.jar returned status 404
7.5.108			IOException: Tail request on https://maven-central.storage-download.googleapis.com/maven2/org/wso2/carbon/identity/framework/org.wso2.carbon.identity.certificate.management/7.5.108/org.wso2.carbon.identity.certificate.management-7.5.108.jar returned status 404
7.5.109			IOException: Tail request on https://maven-central.storage-download.googleapis.com/maven2/org/wso2/carbon/identity/framework/org.wso2.carbon.identity.certificate.management/7.5.109/org.wso2.carbon.identity.certificate.management-7.5.109.jar returned status 404
7.5.110			IOException: Tail request on https://maven-central.storage-download.googleapis.com/maven2/org/wso2/carbon/identity/framework/org.wso2.carbon.identity.certificate.management/7.5.110/org.wso2.carbon.identity.certificate.management-7.5.110.jar returned status 404
7.5.111			IOException: Tail request on https://maven-central.storage-download.googleapis.com/maven2/org/wso2/carbon/identity/framework/org.wso2.carbon.identity.certificate.management/7.5.111/org.wso2.carbon.identity.certificate.management-7.5.111.jar returned status 404
7.5.112			IOException: Tail request on https://maven-central.storage-download.googleapis.com/maven2/org/wso2/carbon/identity/framework/org.wso2.carbon.identity.certificate.management/7.5.112/org.wso2.carbon.identity.certificate.management-7.5.112.jar returned status 404
7.5.113			IOException: Tail request on https://maven-central.storage-download.googleapis.com/maven2/org/wso2/carbon/identity/framework/org.wso2.carbon.identity.certificate.management/7.5.113/org.wso2.carbon.identity.certificate.management-7.5.113.jar returned status 404
7.5.114			IOException: Tail request on https://maven-central.storage-download.googleapis.com/maven2/org/wso2/carbon/identity/framework/org.wso2.carbon.identity.certificate.management/7.5.114/org.wso2.carbon.identity.certificate.management-7.5.114.jar returned status 404
7.5.115			IOException: Tail request on https://maven-central.storage-download.googleapis.com/maven2/org/wso2/carbon/identity/framework/org.wso2.carbon.identity.certificate.management/7.5.115/org.wso2.carbon.identity.certificate.management-7.5.115.jar returned status 404
7.5.116			IOException: Tail request on https://maven-central.storage-download.googleapis.com/maven2/org/wso2/carbon/identity/framework/org.wso2.carbon.identity.certificate.management/7.5.116/org.wso2.carbon.identity.certificate.management-7.5.116.jar returned status 404
7.5.117			IOException: Tail request on https://maven-central.storage-download.googleapis.com/maven2/org/wso2/carbon/identity/framework/org.wso2.carbon.identity.certificate.management/7.5.117/org.wso2.carbon.identity.certificate.management-7.5.117.jar returned status 404
7.5.118			IOException: Tail request on https://maven-central.storage-download.googleapis.com/maven2/org/wso2/carbon/identity/framework/org.wso2.carbon.identity.certificate.management/7.5.118/org.wso2.carbon.identity.certificate.management-7.5.118.jar returned status 404
7.5.119			IOException: Tail request on https://maven-central.storage-download.googleapis.com/maven2/org/wso2/carbon/identity/framework/org.wso2.carbon.identity.certificate.management/7.5.119/org.wso2.carbon.identity.certificate.management-7.5.119.jar returned status 404
7.5.120			IOException: Tail request on https://maven-central.storage-download.googleapis.com/maven2/org/wso2/carbon/identity/framework/org.wso2.carbon.identity.certificate.management/7.5.120/org.wso2.carbon.identity.certificate.management-7.5.120.jar returned status 404
7.5.121			IOException: Tail request on https://maven-central.storage-download.googleapis.com/maven2/org/wso2/carbon/identity/framework/org.wso2.carbon.identity.certificate.management/7.5.121/org.wso2.carbon.identity.certificate.management-7.5.121.jar returned status 404
7.5.122			IOException: Tail request on https://maven-central.storage-download.googleapis.com/maven2/org/wso2/carbon/identity/framework/org.wso2.carbon.identity.certificate.management/7.5.122/org.wso2.carbon.identity.certificate.management-7.5.122.jar returned status 404
7.5.90			IOException: Tail request on https://maven-central.storage-download.googleapis.com/maven2/org/wso2/carbon/identity/framework/org.wso2.carbon.identity.certificate.management/7.5.90/org.wso2.carbon.identity.certificate.management-7.5.90.jar returned status 404
7.5.91			IOException: Tail request on https://maven-central.storage-download.googleapis.com/maven2/org/wso2/carbon/identity/framework/org.wso2.carbon.identity.certificate.management/7.5.91/org.wso2.carbon.identity.certificate.management-7.5.91.jar returned status 404
7.5.92			IOException: Tail request on https://maven-central.storage-download.googleapis.com/maven2/org/wso2/carbon/identity/framework/org.wso2.carbon.identity.certificate.management/7.5.92/org.wso2.carbon.identity.certificate.management-7.5.92.jar returned status 404
7.5.93			IOException: Tail request on https://maven-central.storage-download.googleapis.com/maven2/org/wso2/carbon/identity/framework/org.wso2.carbon.identity.certificate.management/7.5.93/org.wso2.carbon.identity.certificate.management-7.5.93.jar returned status 404
7.5.94			IOException: Tail request on https://maven-central.storage-download.googleapis.com/maven2/org/wso2/carbon/identity/framework/org.wso2.carbon.identity.certificate.management/7.5.94/org.wso2.carbon.identity.certificate.management-7.5.94.jar returned status 404
7.5.95			IOException: Tail request on https://maven-central.storage-download.googleapis.com/maven2/org/wso2/carbon/identity/framework/org.wso2.carbon.identity.certificate.management/7.5.95/org.wso2.carbon.identity.certificate.management-7.5.95.jar returned status 404
7.5.96			IOException: Tail request on https://maven-central.storage-download.googleapis.com/maven2/org/wso2/carbon/identity/framework/org.wso2.carbon.identity.certificate.management/7.5.96/org.wso2.carbon.identity.certificate.management-7.5.96.jar returned status 404
7.5.97			IOException: Tail request on https://maven-central.storage-download.googleapis.com/maven2/org/wso2/carbon/identity/framework/org.wso2.carbon.identity.certificate.management/7.5.97/org.wso2.carbon.identity.certificate.management-7.5.97.jar returned status 404
7.5.98			IOException: Tail request on https://maven-central.storage-download.googleapis.com/maven2/org/wso2/carbon/identity/framework/org.wso2.carbon.identity.certificate.management/7.5.98/org.wso2.carbon.identity.certificate.management-7.5.98.jar returned status 404
7.5.99			IOException: Tail request on https://maven-central.storage-download.googleapis.com/maven2/org/wso2/carbon/identity/framework/org.wso2.carbon.identity.certificate.management/7.5.99/org.wso2.carbon.identity.certificate.management-7.5.99.jar returned status 404
7.6.0			IOException: Tail request on https://maven-central.storage-download.googleapis.com/maven2/org/wso2/carbon/identity/framework/org.wso2.carbon.identity.certificate.management/7.6.0/org.wso2.carbon.identity.certificate.management-7.6.0.jar returned status 404
7.6.1			IOException: Tail request on https://maven-central.storage-download.googleapis.com/maven2/org/wso2/carbon/identity/framework/org.wso2.carbon.identity.certificate.management/7.6.1/org.wso2.carbon.identity.certificate.management-7.6.1.jar returned status 404
7.6.10			IOException: Tail request on https://maven-central.storage-download.googleapis.com/maven2/org/wso2/carbon/identity/framework/org.wso2.carbon.identity.certificate.management/7.6.10/org.wso2.carbon.identity.certificate.management-7.6.10.jar returned status 404
7.6.11			IOException: Tail request on https://maven-central.storage-download.googleapis.com/maven2/org/wso2/carbon/identity/framework/org.wso2.carbon.identity.certificate.management/7.6.11/org.wso2.carbon.identity.certificate.management-7.6.11.jar returned status 404
7.6.12			IOException: Tail request on https://maven-central.storage-download.googleapis.com/maven2/org/wso2/carbon/identity/framework/org.wso2.carbon.identity.certificate.management/7.6.12/org.wso2.carbon.identity.certificate.management-7.6.12.jar returned status 404
7.6.13			IOException: Tail request on https://maven-central.storage-download.googleapis.com/maven2/org/wso2/carbon/identity/framework/org.wso2.carbon.identity.certificate.management/7.6.13/org.wso2.carbon.identity.certificate.management-7.6.13.jar returned status 404
7.6.14			IOException: Tail request on https://maven-central.storage-download.googleapis.com/maven2/org/wso2/carbon/identity/framework/org.wso2.carbon.identity.certificate.management/7.6.14/org.wso2.carbon.identity.certificate.management-7.6.14.jar returned status 404
7.6.15			IOException: Tail request on https://maven-central.storage-download.googleapis.com/maven2/org/wso2/carbon/identity/framework/org.wso2.carbon.identity.certificate.management/7.6.15/org.wso2.carbon.identity.certificate.management-7.6.15.jar returned status 404
7.6.16			IOException: Tail request on https://maven-central.storage-download.googleapis.com/maven2/org/wso2/carbon/identity/framework/org.wso2.carbon.identity.certificate.management/7.6.16/org.wso2.carbon.identity.certificate.management-7.6.16.jar returned status 404
7.6.17			IOException: Tail request on https://maven-central.storage-download.googleapis.com/maven2/org/wso2/carbon/identity/framework/org.wso2.carbon.identity.certificate.management/7.6.17/org.wso2.carbon.identity.certificate.management-7.6.17.jar returned status 404
7.6.18			IOException: Tail request on https://maven-central.storage-download.googleapis.com/maven2/org/wso2/carbon/identity/framework/org.wso2.carbon.identity.certificate.management/7.6.18/org.wso2.carbon.identity.certificate.management-7.6.18.jar returned status 404
7.6.19			IOException: Tail request on https://maven-central.storage-download.googleapis.com/maven2/org/wso2/carbon/identity/framework/org.wso2.carbon.identity.certificate.management/7.6.19/org.wso2.carbon.identity.certificate.management-7.6.19.jar returned status 404
7.6.2		2024-11-11T05:23:45Z	
7.6.20			IOException: Tail request on https://maven-central.storage-download.googleapis.com/maven2/org/wso2/carbon/identity/framework/org.wso2.carbon.identity.certificate.management/7.6.20/org.wso2.carbon.identity.certificate.management-7.6.20.jar returned status 404
7.6.3		2024-11-11T07:10:50Z	
7.6.4		2024-11-12T05:33:36Z	
7.6.5		2024-11-12T11:53:45Z	
7.6.6		2024-11-12T13:30:18Z	
7.6.7		2024-11-12T17:44:50Z	
7.6.8			IOException: Tail request on https://maven-central.storage-download.googleapis.com/maven2/org/wso2/carbon/identity/framework/org.wso2.carbon.identity.certificate.management/7.6.8/org.wso2.carbon.identity.certificate.management-7.6.8.jar returned status 404
7.6.9			IOException: Tail request on https://maven-central.storage-download.googleapis.com/maven2/org/wso2/carbon/identity/framework/org.wso2.carbon.identity.certificate.management/7.6.9/org.wso2.carbon.identity.certificate.management-7.6.9.jar returned status 404
7.7.0			IOException: Tail request on https://maven-central.storage-download.googleapis.com/maven2/org/wso2/carbon/identity/framework/org.wso2.carbon.identity.certificate.management/7.7.0/org.wso2.carbon.identity.certificate.management-7.7.0.jar returned status 404
7.7.1			IOException: Tail request on https://maven-central.storage-download.googleapis.com/maven2/org/wso2/carbon/identity/framework/org.wso2.carbon.identity.certificate.management/7.7.1/org.wso2.carbon.identity.certificate.management-7.7.1.jar returned status 404
7.7.10			IOException: Tail request on https://maven-central.storage-download.googleapis.com/maven2/org/wso2/carbon/identity/framework/org.wso2.carbon.identity.certificate.management/7.7.10/org.wso2.carbon.identity.certificate.management-7.7.10.jar returned status 404
7.7.100		2025-01-20T07:46:19Z	
7.7.101		2025-01-20T08:55:35Z	
7.7.102		2025-01-20T10:04:04Z	
7.7.103		2025-01-20T11:37:57Z	
7.7.104		2025-01-20T12:50:05Z	
7.7.105		2025-01-20T16:44:12Z	
7.7.106		2025-01-20T17:52:11Z	
7.7.107			IOException: Tail request on https://maven-central.storage-download.googleapis.com/maven2/org/wso2/carbon/identity/framework/org.wso2.carbon.identity.certificate.management/7.7.107/org.wso2.carbon.identity.certificate.management-7.7.107.jar returned status 404
7.7.108			IOException: Tail request on https://maven-central.storage-download.googleapis.com/maven2/org/wso2/carbon/identity/framework/org.wso2.carbon.identity.certificate.management/7.7.108/org.wso2.carbon.identity.certificate.management-7.7.108.jar returned status 404
7.7.109			IOException: Tail request on https://maven-central.storage-download.googleapis.com/maven2/org/wso2/carbon/identity/framework/org.wso2.carbon.identity.certificate.management/7.7.109/org.wso2.carbon.identity.certificate.management-7.7.109.jar returned status 404
7.7.11			IOException: Tail request on https://maven-central.storage-download.googleapis.com/maven2/org/wso2/carbon/identity/framework/org.wso2.carbon.identity.certificate.management/7.7.11/org.wso2.carbon.identity.certificate.management-7.7.11.jar returned status 404
7.7.110			IOException: Tail request on https://maven-central.storage-download.googleapis.com/maven2/org/wso2/carbon/identity/framework/org.wso2.carbon.identity.certificate.management/7.7.110/org.wso2.carbon.identity.certificate.management-7.7.110.jar returned status 404
7.7.111			IOException: Tail request on https://maven-central.storage-download.googleapis.com/maven2/org/wso2/carbon/identity/framework/org.wso2.carbon.identity.certificate.management/7.7.111/org.wso2.carbon.identity.certificate.management-7.7.111.jar returned status 404
7.7.112			IOException: Tail request on https://maven-central.storage-download.googleapis.com/maven2/org/wso2/carbon/identity/framework/org.wso2.carbon.identity.certificate.management/7.7.112/org.wso2.carbon.identity.certificate.management-7.7.112.jar returned status 404
7.7.113			IOException: Tail request on https://maven-central.storage-download.googleapis.com/maven2/org/wso2/carbon/identity/framework/org.wso2.carbon.identity.certificate.management/7.7.113/org.wso2.carbon.identity.certificate.management-7.7.113.jar returned status 404
7.7.114			IOException: Tail request on https://maven-central.storage-download.googleapis.com/maven2/org/wso2/carbon/identity/framework/org.wso2.carbon.identity.certificate.management/7.7.114/org.wso2.carbon.identity.certificate.management-7.7.114.jar returned status 404
7.7.115			IOException: Tail request on https://maven-central.storage-download.googleapis.com/maven2/org/wso2/carbon/identity/framework/org.wso2.carbon.identity.certificate.management/7.7.115/org.wso2.carbon.identity.certificate.management-7.7.115.jar returned status 404
7.7.116			IOException: Tail request on https://maven-central.storage-download.googleapis.com/maven2/org/wso2/carbon/identity/framework/org.wso2.carbon.identity.certificate.management/7.7.116/org.wso2.carbon.identity.certificate.management-7.7.116.jar returned status 404
7.7.117			IOException: Tail request on https://maven-central.storage-download.googleapis.com/maven2/org/wso2/carbon/identity/framework/org.wso2.carbon.identity.certificate.management/7.7.117/org.wso2.carbon.identity.certificate.management-7.7.117.jar returned status 404
7.7.118			IOException: Tail request on https://maven-central.storage-download.googleapis.com/maven2/org/wso2/carbon/identity/framework/org.wso2.carbon.identity.certificate.management/7.7.118/org.wso2.carbon.identity.certificate.management-7.7.118.jar returned status 404
7.7.119			IOException: Tail request on https://maven-central.storage-download.googleapis.com/maven2/org/wso2/carbon/identity/framework/org.wso2.carbon.identity.certificate.management/7.7.119/org.wso2.carbon.identity.certificate.management-7.7.119.jar returned status 404
7.7.12			IOException: Tail request on https://maven-central.storage-download.googleapis.com/maven2/org/wso2/carbon/identity/framework/org.wso2.carbon.identity.certificate.management/7.7.12/org.wso2.carbon.identity.certificate.management-7.7.12.jar returned status 404
7.7.120			IOException: Tail request on https://maven-central.storage-download.googleapis.com/maven2/org/wso2/carbon/identity/framework/org.wso2.carbon.identity.certificate.management/7.7.120/org.wso2.carbon.identity.certificate.management-7.7.120.jar returned status 404
7.7.121			IOException: Tail request on https://maven-central.storage-download.googleapis.com/maven2/org/wso2/carbon/identity/framework/org.wso2.carbon.identity.certificate.management/7.7.121/org.wso2.carbon.identity.certificate.management-7.7.121.jar returned status 404
7.7.122			IOException: Tail request on https://maven-central.storage-download.googleapis.com/maven2/org/wso2/carbon/identity/framework/org.wso2.carbon.identity.certificate.management/7.7.122/org.wso2.carbon.identity.certificate.management-7.7.122.jar returned status 404
7.7.123			IOException: Tail request on https://maven-central.storage-download.googleapis.com/maven2/org/wso2/carbon/identity/framework/org.wso2.carbon.identity.certificate.management/7.7.123/org.wso2.carbon.identity.certificate.management-7.7.123.jar returned status 404
7.7.124			IOException: Tail request on https://maven-central.storage-download.googleapis.com/maven2/org/wso2/carbon/identity/framework/org.wso2.carbon.identity.certificate.management/7.7.124/org.wso2.carbon.identity.certificate.management-7.7.124.jar returned status 404
7.7.125			IOException: Tail request on https://maven-central.storage-download.googleapis.com/maven2/org/wso2/carbon/identity/framework/org.wso2.carbon.identity.certificate.management/7.7.125/org.wso2.carbon.identity.certificate.management-7.7.125.jar returned status 404
7.7.126			IOException: Tail request on https://maven-central.storage-download.googleapis.com/maven2/org/wso2/carbon/identity/framework/org.wso2.carbon.identity.certificate.management/7.7.126/org.wso2.carbon.identity.certificate.management-7.7.126.jar returned status 404
7.7.127			IOException: Tail request on https://maven-central.storage-download.googleapis.com/maven2/org/wso2/carbon/identity/framework/org.wso2.carbon.identity.certificate.management/7.7.127/org.wso2.carbon.identity.certificate.management-7.7.127.jar returned status 404
7.7.128			IOException: Tail request on https://maven-central.storage-download.googleapis.com/maven2/org/wso2/carbon/identity/framework/org.wso2.carbon.identity.certificate.management/7.7.128/org.wso2.carbon.identity.certificate.management-7.7.128.jar returned status 404
7.7.129			IOException: Tail request on https://maven-central.storage-download.googleapis.com/maven2/org/wso2/carbon/identity/framework/org.wso2.carbon.identity.certificate.management/7.7.129/org.wso2.carbon.identity.certificate.management-7.7.129.jar returned status 404
7.7.13			IOException: Tail request on https://maven-central.storage-download.googleapis.com/maven2/org/wso2/carbon/identity/framework/org.wso2.carbon.identity.certificate.management/7.7.13/org.wso2.carbon.identity.certificate.management-7.7.13.jar returned status 404
7.7.130			IOException: Tail request on https://maven-central.storage-download.googleapis.com/maven2/org/wso2/carbon/identity/framework/org.wso2.carbon.identity.certificate.management/7.7.130/org.wso2.carbon.identity.certificate.management-7.7.130.jar returned status 404
7.7.131			IOException: Tail request on https://maven-central.storage-download.googleapis.com/maven2/org/wso2/carbon/identity/framework/org.wso2.carbon.identity.certificate.management/7.7.131/org.wso2.carbon.identity.certificate.management-7.7.131.jar returned status 404
7.7.132			IOException: Tail request on https://maven-central.storage-download.googleapis.com/maven2/org/wso2/carbon/identity/framework/org.wso2.carbon.identity.certificate.management/7.7.132/org.wso2.carbon.identity.certificate.management-7.7.132.jar returned status 404
7.7.133			IOException: Tail request on https://maven-central.storage-download.googleapis.com/maven2/org/wso2/carbon/identity/framework/org.wso2.carbon.identity.certificate.management/7.7.133/org.wso2.carbon.identity.certificate.management-7.7.133.jar returned status 404
7.7.134			IOException: Tail request on https://maven-central.storage-download.googleapis.com/maven2/org/wso2/carbon/identity/framework/org.wso2.carbon.identity.certificate.management/7.7.134/org.wso2.carbon.identity.certificate.management-7.7.134.jar returned status 404
7.7.135			IOException: Tail request on https://maven-central.storage-download.googleapis.com/maven2/org/wso2/carbon/identity/framework/org.wso2.carbon.identity.certificate.management/7.7.135/org.wso2.carbon.identity.certificate.management-7.7.135.jar returned status 404
7.7.136			IOException: Tail request on https://maven-central.storage-download.googleapis.com/maven2/org/wso2/carbon/identity/framework/org.wso2.carbon.identity.certificate.management/7.7.136/org.wso2.carbon.identity.certificate.management-7.7.136.jar returned status 404
7.7.137			IOException: Tail request on https://maven-central.storage-download.googleapis.com/maven2/org/wso2/carbon/identity/framework/org.wso2.carbon.identity.certificate.management/7.7.137/org.wso2.carbon.identity.certificate.management-7.7.137.jar returned status 404
7.7.138			IOException: Tail request on https://maven-central.storage-download.googleapis.com/maven2/org/wso2/carbon/identity/framework/org.wso2.carbon.identity.certificate.management/7.7.138/org.wso2.carbon.identity.certificate.management-7.7.138.jar returned status 404
7.7.139			IOException: Tail request on https://maven-central.storage-download.googleapis.com/maven2/org/wso2/carbon/identity/framework/org.wso2.carbon.identity.certificate.management/7.7.139/org.wso2.carbon.identity.certificate.management-7.7.139.jar returned status 404
7.7.14			IOException: Tail request on https://maven-central.storage-download.googleapis.com/maven2/org/wso2/carbon/identity/framework/org.wso2.carbon.identity.certificate.management/7.7.14/org.wso2.carbon.identity.certificate.management-7.7.14.jar returned status 404
7.7.140			IOException: Tail request on https://maven-central.storage-download.googleapis.com/maven2/org/wso2/carbon/identity/framework/org.wso2.carbon.identity.certificate.management/7.7.140/org.wso2.carbon.identity.certificate.management-7.7.140.jar returned status 404
7.7.141			IOException: Tail request on https://maven-central.storage-download.googleapis.com/maven2/org/wso2/carbon/identity/framework/org.wso2.carbon.identity.certificate.management/7.7.141/org.wso2.carbon.identity.certificate.management-7.7.141.jar returned status 404
7.7.142			IOException: Tail request on https://maven-central.storage-download.googleapis.com/maven2/org/wso2/carbon/identity/framework/org.wso2.carbon.identity.certificate.management/7.7.142/org.wso2.carbon.identity.certificate.management-7.7.142.jar returned status 404
7.7.143			IOException: Tail request on https://maven-central.storage-download.googleapis.com/maven2/org/wso2/carbon/identity/framework/org.wso2.carbon.identity.certificate.management/7.7.143/org.wso2.carbon.identity.certificate.management-7.7.143.jar returned status 404
7.7.144			IOException: Tail request on https://maven-central.storage-download.googleapis.com/maven2/org/wso2/carbon/identity/framework/org.wso2.carbon.identity.certificate.management/7.7.144/org.wso2.carbon.identity.certificate.management-7.7.144.jar returned status 404
7.7.145			IOException: Tail request on https://maven-central.storage-download.googleapis.com/maven2/org/wso2/carbon/identity/framework/org.wso2.carbon.identity.certificate.management/7.7.145/org.wso2.carbon.identity.certificate.management-7.7.145.jar returned status 404
7.7.146			IOException: Tail request on https://maven-central.storage-download.googleapis.com/maven2/org/wso2/carbon/identity/framework/org.wso2.carbon.identity.certificate.management/7.7.146/org.wso2.carbon.identity.certificate.management-7.7.146.jar returned status 404
7.7.147			IOException: Tail request on https://maven-central.storage-download.googleapis.com/maven2/org/wso2/carbon/identity/framework/org.wso2.carbon.identity.certificate.management/7.7.147/org.wso2.carbon.identity.certificate.management-7.7.147.jar returned status 404
7.7.148			IOException: Tail request on https://maven-central.storage-download.googleapis.com/maven2/org/wso2/carbon/identity/framework/org.wso2.carbon.identity.certificate.management/7.7.148/org.wso2.carbon.identity.certificate.management-7.7.148.jar returned status 404
7.7.149			IOException: Tail request on https://maven-central.storage-download.googleapis.com/maven2/org/wso2/carbon/identity/framework/org.wso2.carbon.identity.certificate.management/7.7.149/org.wso2.carbon.identity.certificate.management-7.7.149.jar returned status 404
7.7.15			IOException: Tail request on https://maven-central.storage-download.googleapis.com/maven2/org/wso2/carbon/identity/framework/org.wso2.carbon.identity.certificate.management/7.7.15/org.wso2.carbon.identity.certificate.management-7.7.15.jar returned status 404
7.7.150			IOException: Tail request on https://maven-central.storage-download.googleapis.com/maven2/org/wso2/carbon/identity/framework/org.wso2.carbon.identity.certificate.management/7.7.150/org.wso2.carbon.identity.certificate.management-7.7.150.jar returned status 404
7.7.151			IOException: Tail request on https://maven-central.storage-download.googleapis.com/maven2/org/wso2/carbon/identity/framework/org.wso2.carbon.identity.certificate.management/7.7.151/org.wso2.carbon.identity.certificate.management-7.7.151.jar returned status 404
7.7.152			IOException: Tail request on https://maven-central.storage-download.googleapis.com/maven2/org/wso2/carbon/identity/framework/org.wso2.carbon.identity.certificate.management/7.7.152/org.wso2.carbon.identity.certificate.management-7.7.152.jar returned status 404
7.7.153			IOException: Tail request on https://maven-central.storage-download.googleapis.com/maven2/org/wso2/carbon/identity/framework/org.wso2.carbon.identity.certificate.management/7.7.153/org.wso2.carbon.identity.certificate.management-7.7.153.jar returned status 404
7.7.154			IOException: Tail request on https://maven-central.storage-download.googleapis.com/maven2/org/wso2/carbon/identity/framework/org.wso2.carbon.identity.certificate.management/7.7.154/org.wso2.carbon.identity.certificate.management-7.7.154.jar returned status 404
7.7.155			IOException: Tail request on https://maven-central.storage-download.googleapis.com/maven2/org/wso2/carbon/identity/framework/org.wso2.carbon.identity.certificate.management/7.7.155/org.wso2.carbon.identity.certificate.management-7.7.155.jar returned status 404
7.7.156			IOException: Tail request on https://maven-central.storage-download.googleapis.com/maven2/org/wso2/carbon/identity/framework/org.wso2.carbon.identity.certificate.management/7.7.156/org.wso2.carbon.identity.certificate.management-7.7.156.jar returned status 404
7.7.157			IOException: Tail request on https://maven-central.storage-download.googleapis.com/maven2/org/wso2/carbon/identity/framework/org.wso2.carbon.identity.certificate.management/7.7.157/org.wso2.carbon.identity.certificate.management-7.7.157.jar returned status 404
7.7.158			IOException: Tail request on https://maven-central.storage-download.googleapis.com/maven2/org/wso2/carbon/identity/framework/org.wso2.carbon.identity.certificate.management/7.7.158/org.wso2.carbon.identity.certificate.management-7.7.158.jar returned status 404
7.7.159			IOException: Tail request on https://maven-central.storage-download.googleapis.com/maven2/org/wso2/carbon/identity/framework/org.wso2.carbon.identity.certificate.management/7.7.159/org.wso2.carbon.identity.certificate.management-7.7.159.jar returned status 404
7.7.16			IOException: Tail request on https://maven-central.storage-download.googleapis.com/maven2/org/wso2/carbon/identity/framework/org.wso2.carbon.identity.certificate.management/7.7.16/org.wso2.carbon.identity.certificate.management-7.7.16.jar returned status 404
7.7.160			IOException: Tail request on https://maven-central.storage-download.googleapis.com/maven2/org/wso2/carbon/identity/framework/org.wso2.carbon.identity.certificate.management/7.7.160/org.wso2.carbon.identity.certificate.management-7.7.160.jar returned status 404
7.7.161			IOException: Tail request on https://maven-central.storage-download.googleapis.com/maven2/org/wso2/carbon/identity/framework/org.wso2.carbon.identity.certificate.management/7.7.161/org.wso2.carbon.identity.certificate.management-7.7.161.jar returned status 404
7.7.162			IOException: Tail request on https://maven-central.storage-download.googleapis.com/maven2/org/wso2/carbon/identity/framework/org.wso2.carbon.identity.certificate.management/7.7.162/org.wso2.carbon.identity.certificate.management-7.7.162.jar returned status 404
7.7.163			IOException: Tail request on https://maven-central.storage-download.googleapis.com/maven2/org/wso2/carbon/identity/framework/org.wso2.carbon.identity.certificate.management/7.7.163/org.wso2.carbon.identity.certificate.management-7.7.163.jar returned status 404
7.7.164			IOException: Tail request on https://maven-central.storage-download.googleapis.com/maven2/org/wso2/carbon/identity/framework/org.wso2.carbon.identity.certificate.management/7.7.164/org.wso2.carbon.identity.certificate.management-7.7.164.jar returned status 404
7.7.165			IOException: Tail request on https://maven-central.storage-download.googleapis.com/maven2/org/wso2/carbon/identity/framework/org.wso2.carbon.identity.certificate.management/7.7.165/org.wso2.carbon.identity.certificate.management-7.7.165.jar returned status 404
7.7.166			IOException: Tail request on https://maven-central.storage-download.googleapis.com/maven2/org/wso2/carbon/identity/framework/org.wso2.carbon.identity.certificate.management/7.7.166/org.wso2.carbon.identity.certificate.management-7.7.166.jar returned status 404
7.7.167			IOException: Tail request on https://maven-central.storage-download.googleapis.com/maven2/org/wso2/carbon/identity/framework/org.wso2.carbon.identity.certificate.management/7.7.167/org.wso2.carbon.identity.certificate.management-7.7.167.jar returned status 404
7.7.168			IOException: Tail request on https://maven-central.storage-download.googleapis.com/maven2/org/wso2/carbon/identity/framework/org.wso2.carbon.identity.certificate.management/7.7.168/org.wso2.carbon.identity.certificate.management-7.7.168.jar returned status 404
7.7.169			IOException: Tail request on https://maven-central.storage-download.googleapis.com/maven2/org/wso2/carbon/identity/framework/org.wso2.carbon.identity.certificate.management/7.7.169/org.wso2.carbon.identity.certificate.management-7.7.169.jar returned status 404
7.7.17			IOException: Tail request on https://maven-central.storage-download.googleapis.com/maven2/org/wso2/carbon/identity/framework/org.wso2.carbon.identity.certificate.management/7.7.17/org.wso2.carbon.identity.certificate.management-7.7.17.jar returned status 404
7.7.170			IOException: Tail request on https://maven-central.storage-download.googleapis.com/maven2/org/wso2/carbon/identity/framework/org.wso2.carbon.identity.certificate.management/7.7.170/org.wso2.carbon.identity.certificate.management-7.7.170.jar returned status 404
7.7.171			IOException: Tail request on https://maven-central.storage-download.googleapis.com/maven2/org/wso2/carbon/identity/framework/org.wso2.carbon.identity.certificate.management/7.7.171/org.wso2.carbon.identity.certificate.management-7.7.171.jar returned status 404
7.7.172			IOException: Tail request on https://maven-central.storage-download.googleapis.com/maven2/org/wso2/carbon/identity/framework/org.wso2.carbon.identity.certificate.management/7.7.172/org.wso2.carbon.identity.certificate.management-7.7.172.jar returned status 404
7.7.173			IOException: Tail request on https://maven-central.storage-download.googleapis.com/maven2/org/wso2/carbon/identity/framework/org.wso2.carbon.identity.certificate.management/7.7.173/org.wso2.carbon.identity.certificate.management-7.7.173.jar returned status 404
7.7.174			IOException: Tail request on https://maven-central.storage-download.googleapis.com/maven2/org/wso2/carbon/identity/framework/org.wso2.carbon.identity.certificate.management/7.7.174/org.wso2.carbon.identity.certificate.management-7.7.174.jar returned status 404
7.7.175			IOException: Tail request on https://maven-central.storage-download.googleapis.com/maven2/org/wso2/carbon/identity/framework/org.wso2.carbon.identity.certificate.management/7.7.175/org.wso2.carbon.identity.certificate.management-7.7.175.jar returned status 404
7.7.176			IOException: Tail request on https://maven-central.storage-download.googleapis.com/maven2/org/wso2/carbon/identity/framework/org.wso2.carbon.identity.certificate.management/7.7.176/org.wso2.carbon.identity.certificate.management-7.7.176.jar returned status 404
7.7.177			IOException: Tail request on https://maven-central.storage-download.googleapis.com/maven2/org/wso2/carbon/identity/framework/org.wso2.carbon.identity.certificate.management/7.7.177/org.wso2.carbon.identity.certificate.management-7.7.177.jar returned status 404
7.7.178			IOException: Tail request on https://maven-central.storage-download.googleapis.com/maven2/org/wso2/carbon/identity/framework/org.wso2.carbon.identity.certificate.management/7.7.178/org.wso2.carbon.identity.certificate.management-7.7.178.jar returned status 404
7.7.179			IOException: Tail request on https://maven-central.storage-download.googleapis.com/maven2/org/wso2/carbon/identity/framework/org.wso2.carbon.identity.certificate.management/7.7.179/org.wso2.carbon.identity.certificate.management-7.7.179.jar returned status 404
7.7.18			IOException: Tail request on https://maven-central.storage-download.googleapis.com/maven2/org/wso2/carbon/identity/framework/org.wso2.carbon.identity.certificate.management/7.7.18/org.wso2.carbon.identity.certificate.management-7.7.18.jar returned status 404
7.7.180			IOException: Tail request on https://maven-central.storage-download.googleapis.com/maven2/org/wso2/carbon/identity/framework/org.wso2.carbon.identity.certificate.management/7.7.180/org.wso2.carbon.identity.certificate.management-7.7.180.jar returned status 404
7.7.181			IOException: Tail request on https://maven-central.storage-download.googleapis.com/maven2/org/wso2/carbon/identity/framework/org.wso2.carbon.identity.certificate.management/7.7.181/org.wso2.carbon.identity.certificate.management-7.7.181.jar returned status 404
7.7.182			IOException: Tail request on https://maven-central.storage-download.googleapis.com/maven2/org/wso2/carbon/identity/framework/org.wso2.carbon.identity.certificate.management/7.7.182/org.wso2.carbon.identity.certificate.management-7.7.182.jar returned status 404
7.7.183			IOException: Tail request on https://maven-central.storage-download.googleapis.com/maven2/org/wso2/carbon/identity/framework/org.wso2.carbon.identity.certificate.management/7.7.183/org.wso2.carbon.identity.certificate.management-7.7.183.jar returned status 404
7.7.184			IOException: Tail request on https://maven-central.storage-download.googleapis.com/maven2/org/wso2/carbon/identity/framework/org.wso2.carbon.identity.certificate.management/7.7.184/org.wso2.carbon.identity.certificate.management-7.7.184.jar returned status 404
7.7.185			IOException: Tail request on https://maven-central.storage-download.googleapis.com/maven2/org/wso2/carbon/identity/framework/org.wso2.carbon.identity.certificate.management/7.7.185/org.wso2.carbon.identity.certificate.management-7.7.185.jar returned status 404
7.7.186			IOException: Tail request on https://maven-central.storage-download.googleapis.com/maven2/org/wso2/carbon/identity/framework/org.wso2.carbon.identity.certificate.management/7.7.186/org.wso2.carbon.identity.certificate.management-7.7.186.jar returned status 404
7.7.187			IOException: Tail request on https://maven-central.storage-download.googleapis.com/maven2/org/wso2/carbon/identity/framework/org.wso2.carbon.identity.certificate.management/7.7.187/org.wso2.carbon.identity.certificate.management-7.7.187.jar returned status 404
7.7.188			IOException: Tail request on https://maven-central.storage-download.googleapis.com/maven2/org/wso2/carbon/identity/framework/org.wso2.carbon.identity.certificate.management/7.7.188/org.wso2.carbon.identity.certificate.management-7.7.188.jar returned status 404
7.7.189			IOException: Tail request on https://maven-central.storage-download.googleapis.com/maven2/org/wso2/carbon/identity/framework/org.wso2.carbon.identity.certificate.management/7.7.189/org.wso2.carbon.identity.certificate.management-7.7.189.jar returned status 404
7.7.19			IOException: Tail request on https://maven-central.storage-download.googleapis.com/maven2/org/wso2/carbon/identity/framework/org.wso2.carbon.identity.certificate.management/7.7.19/org.wso2.carbon.identity.certificate.management-7.7.19.jar returned status 404
7.7.190			IOException: Tail request on https://maven-central.storage-download.googleapis.com/maven2/org/wso2/carbon/identity/framework/org.wso2.carbon.identity.certificate.management/7.7.190/org.wso2.carbon.identity.certificate.management-7.7.190.jar returned status 404
7.7.191			IOException: Tail request on https://maven-central.storage-download.googleapis.com/maven2/org/wso2/carbon/identity/framework/org.wso2.carbon.identity.certificate.management/7.7.191/org.wso2.carbon.identity.certificate.management-7.7.191.jar returned status 404
7.7.192			IOException: Tail request on https://maven-central.storage-download.googleapis.com/maven2/org/wso2/carbon/identity/framework/org.wso2.carbon.identity.certificate.management/7.7.192/org.wso2.carbon.identity.certificate.management-7.7.192.jar returned status 404
7.7.193			IOException: Tail request on https://maven-central.storage-download.googleapis.com/maven2/org/wso2/carbon/identity/framework/org.wso2.carbon.identity.certificate.management/7.7.193/org.wso2.carbon.identity.certificate.management-7.7.193.jar returned status 404
7.7.194			IOException: Tail request on https://maven-central.storage-download.googleapis.com/maven2/org/wso2/carbon/identity/framework/org.wso2.carbon.identity.certificate.management/7.7.194/org.wso2.carbon.identity.certificate.management-7.7.194.jar returned status 404
7.7.195			IOException: Tail request on https://maven-central.storage-download.googleapis.com/maven2/org/wso2/carbon/identity/framework/org.wso2.carbon.identity.certificate.management/7.7.195/org.wso2.carbon.identity.certificate.management-7.7.195.jar returned status 404
7.7.196			IOException: Tail request on https://maven-central.storage-download.googleapis.com/maven2/org/wso2/carbon/identity/framework/org.wso2.carbon.identity.certificate.management/7.7.196/org.wso2.carbon.identity.certificate.management-7.7.196.jar returned status 404
7.7.197			IOException: Tail request on https://maven-central.storage-download.googleapis.com/maven2/org/wso2/carbon/identity/framework/org.wso2.carbon.identity.certificate.management/7.7.197/org.wso2.carbon.identity.certificate.management-7.7.197.jar returned status 404
7.7.198			IOException: Tail request on https://maven-central.storage-download.googleapis.com/maven2/org/wso2/carbon/identity/framework/org.wso2.carbon.identity.certificate.management/7.7.198/org.wso2.carbon.identity.certificate.management-7.7.198.jar returned status 404
7.7.199			IOException: Tail request on https://maven-central.storage-download.googleapis.com/maven2/org/wso2/carbon/identity/framework/org.wso2.carbon.identity.certificate.management/7.7.199/org.wso2.carbon.identity.certificate.management-7.7.199.jar returned status 404
7.7.2			IOException: Tail request on https://maven-central.storage-download.googleapis.com/maven2/org/wso2/carbon/identity/framework/org.wso2.carbon.identity.certificate.management/7.7.2/org.wso2.carbon.identity.certificate.management-7.7.2.jar returned status 404
7.7.20			IOException: Tail request on https://maven-central.storage-download.googleapis.com/maven2/org/wso2/carbon/identity/framework/org.wso2.carbon.identity.certificate.management/7.7.20/org.wso2.carbon.identity.certificate.management-7.7.20.jar returned status 404
7.7.200			IOException: Tail request on https://maven-central.storage-download.googleapis.com/maven2/org/wso2/carbon/identity/framework/org.wso2.carbon.identity.certificate.management/7.7.200/org.wso2.carbon.identity.certificate.management-7.7.200.jar returned status 404
7.7.201			IOException: Tail request on https://maven-central.storage-download.googleapis.com/maven2/org/wso2/carbon/identity/framework/org.wso2.carbon.identity.certificate.management/7.7.201/org.wso2.carbon.identity.certificate.management-7.7.201.jar returned status 404
7.7.202			IOException: Tail request on https://maven-central.storage-download.googleapis.com/maven2/org/wso2/carbon/identity/framework/org.wso2.carbon.identity.certificate.management/7.7.202/org.wso2.carbon.identity.certificate.management-7.7.202.jar returned status 404
7.7.203			IOException: Tail request on https://maven-central.storage-download.googleapis.com/maven2/org/wso2/carbon/identity/framework/org.wso2.carbon.identity.certificate.management/7.7.203/org.wso2.carbon.identity.certificate.management-7.7.203.jar returned status 404
7.7.204			IOException: Tail request on https://maven-central.storage-download.googleapis.com/maven2/org/wso2/carbon/identity/framework/org.wso2.carbon.identity.certificate.management/7.7.204/org.wso2.carbon.identity.certificate.management-7.7.204.jar returned status 404
7.7.205			IOException: Tail request on https://maven-central.storage-download.googleapis.com/maven2/org/wso2/carbon/identity/framework/org.wso2.carbon.identity.certificate.management/7.7.205/org.wso2.carbon.identity.certificate.management-7.7.205.jar returned status 404
7.7.206			IOException: Tail request on https://maven-central.storage-download.googleapis.com/maven2/org/wso2/carbon/identity/framework/org.wso2.carbon.identity.certificate.management/7.7.206/org.wso2.carbon.identity.certificate.management-7.7.206.jar returned status 404
7.7.207			IOException: Tail request on https://maven-central.storage-download.googleapis.com/maven2/org/wso2/carbon/identity/framework/org.wso2.carbon.identity.certificate.management/7.7.207/org.wso2.carbon.identity.certificate.management-7.7.207.jar returned status 404
7.7.208			IOException: Tail request on https://maven-central.storage-download.googleapis.com/maven2/org/wso2/carbon/identity/framework/org.wso2.carbon.identity.certificate.management/7.7.208/org.wso2.carbon.identity.certificate.management-7.7.208.jar returned status 404
7.7.209			IOException: Tail request on https://maven-central.storage-download.googleapis.com/maven2/org/wso2/carbon/identity/framework/org.wso2.carbon.identity.certificate.management/7.7.209/org.wso2.carbon.identity.certificate.management-7.7.209.jar returned status 404
7.7.21			IOException: Tail request on https://maven-central.storage-download.googleapis.com/maven2/org/wso2/carbon/identity/framework/org.wso2.carbon.identity.certificate.management/7.7.21/org.wso2.carbon.identity.certificate.management-7.7.21.jar returned status 404
7.7.210			IOException: Tail request on https://maven-central.storage-download.googleapis.com/maven2/org/wso2/carbon/identity/framework/org.wso2.carbon.identity.certificate.management/7.7.210/org.wso2.carbon.identity.certificate.management-7.7.210.jar returned status 404
7.7.211			IOException: Tail request on https://maven-central.storage-download.googleapis.com/maven2/org/wso2/carbon/identity/framework/org.wso2.carbon.identity.certificate.management/7.7.211/org.wso2.carbon.identity.certificate.management-7.7.211.jar returned status 404
7.7.212			IOException: Tail request on https://maven-central.storage-download.googleapis.com/maven2/org/wso2/carbon/identity/framework/org.wso2.carbon.identity.certificate.management/7.7.212/org.wso2.carbon.identity.certificate.management-7.7.212.jar returned status 404
7.7.213			IOException: Tail request on https://maven-central.storage-download.googleapis.com/maven2/org/wso2/carbon/identity/framework/org.wso2.carbon.identity.certificate.management/7.7.213/org.wso2.carbon.identity.certificate.management-7.7.213.jar returned status 404
7.7.214			IOException: Tail request on https://maven-central.storage-download.googleapis.com/maven2/org/wso2/carbon/identity/framework/org.wso2.carbon.identity.certificate.management/7.7.214/org.wso2.carbon.identity.certificate.management-7.7.214.jar returned status 404
7.7.215			IOException: Tail request on https://maven-central.storage-download.googleapis.com/maven2/org/wso2/carbon/identity/framework/org.wso2.carbon.identity.certificate.management/7.7.215/org.wso2.carbon.identity.certificate.management-7.7.215.jar returned status 404
7.7.216			IOException: Tail request on https://maven-central.storage-download.googleapis.com/maven2/org/wso2/carbon/identity/framework/org.wso2.carbon.identity.certificate.management/7.7.216/org.wso2.carbon.identity.certificate.management-7.7.216.jar returned status 404
7.7.217			IOException: Tail request on https://maven-central.storage-download.googleapis.com/maven2/org/wso2/carbon/identity/framework/org.wso2.carbon.identity.certificate.management/7.7.217/org.wso2.carbon.identity.certificate.management-7.7.217.jar returned status 404
7.7.218			IOException: Tail request on https://maven-central.storage-download.googleapis.com/maven2/org/wso2/carbon/identity/framework/org.wso2.carbon.identity.certificate.management/7.7.218/org.wso2.carbon.identity.certificate.management-7.7.218.jar returned status 404
7.7.219			IOException: Tail request on https://maven-central.storage-download.googleapis.com/maven2/org/wso2/carbon/identity/framework/org.wso2.carbon.identity.certificate.management/7.7.219/org.wso2.carbon.identity.certificate.management-7.7.219.jar returned status 404
7.7.22			IOException: Tail request on https://maven-central.storage-download.googleapis.com/maven2/org/wso2/carbon/identity/framework/org.wso2.carbon.identity.certificate.management/7.7.22/org.wso2.carbon.identity.certificate.management-7.7.22.jar returned status 404
7.7.220			IOException: Tail request on https://maven-central.storage-download.googleapis.com/maven2/org/wso2/carbon/identity/framework/org.wso2.carbon.identity.certificate.management/7.7.220/org.wso2.carbon.identity.certificate.management-7.7.220.jar returned status 404
7.7.221			IOException: Tail request on https://maven-central.storage-download.googleapis.com/maven2/org/wso2/carbon/identity/framework/org.wso2.carbon.identity.certificate.management/7.7.221/org.wso2.carbon.identity.certificate.management-7.7.221.jar returned status 404
7.7.222			IOException: Tail request on https://maven-central.storage-download.googleapis.com/maven2/org/wso2/carbon/identity/framework/org.wso2.carbon.identity.certificate.management/7.7.222/org.wso2.carbon.identity.certificate.management-7.7.222.jar returned status 404
7.7.223			IOException: Tail request on https://maven-central.storage-download.googleapis.com/maven2/org/wso2/carbon/identity/framework/org.wso2.carbon.identity.certificate.management/7.7.223/org.wso2.carbon.identity.certificate.management-7.7.223.jar returned status 404
7.7.224			IOException: Tail request on https://maven-central.storage-download.googleapis.com/maven2/org/wso2/carbon/identity/framework/org.wso2.carbon.identity.certificate.management/7.7.224/org.wso2.carbon.identity.certificate.management-7.7.224.jar returned status 404
7.7.225			IOException: Tail request on https://maven-central.storage-download.googleapis.com/maven2/org/wso2/carbon/identity/framework/org.wso2.carbon.identity.certificate.management/7.7.225/org.wso2.carbon.identity.certificate.management-7.7.225.jar returned status 404
7.7.226			IOException: Tail request on https://maven-central.storage-download.googleapis.com/maven2/org/wso2/carbon/identity/framework/org.wso2.carbon.identity.certificate.management/7.7.226/org.wso2.carbon.identity.certificate.management-7.7.226.jar returned status 404
7.7.227			IOException: Tail request on https://maven-central.storage-download.googleapis.com/maven2/org/wso2/carbon/identity/framework/org.wso2.carbon.identity.certificate.management/7.7.227/org.wso2.carbon.identity.certificate.management-7.7.227.jar returned status 404
7.7.228			IOException: Tail request on https://maven-central.storage-download.googleapis.com/maven2/org/wso2/carbon/identity/framework/org.wso2.carbon.identity.certificate.management/7.7.228/org.wso2.carbon.identity.certificate.management-7.7.228.jar returned status 404
7.7.229			IOException: Tail request on https://maven-central.storage-download.googleapis.com/maven2/org/wso2/carbon/identity/framework/org.wso2.carbon.identity.certificate.management/7.7.229/org.wso2.carbon.identity.certificate.management-7.7.229.jar returned status 404
7.7.23			IOException: Tail request on https://maven-central.storage-download.googleapis.com/maven2/org/wso2/carbon/identity/framework/org.wso2.carbon.identity.certificate.management/7.7.23/org.wso2.carbon.identity.certificate.management-7.7.23.jar returned status 404
7.7.230			IOException: Tail request on https://maven-central.storage-download.googleapis.com/maven2/org/wso2/carbon/identity/framework/org.wso2.carbon.identity.certificate.management/7.7.230/org.wso2.carbon.identity.certificate.management-7.7.230.jar returned status 404
7.7.231			IOException: Tail request on https://maven-central.storage-download.googleapis.com/maven2/org/wso2/carbon/identity/framework/org.wso2.carbon.identity.certificate.management/7.7.231/org.wso2.carbon.identity.certificate.management-7.7.231.jar returned status 404
7.7.232			IOException: Tail request on https://maven-central.storage-download.googleapis.com/maven2/org/wso2/carbon/identity/framework/org.wso2.carbon.identity.certificate.management/7.7.232/org.wso2.carbon.identity.certificate.management-7.7.232.jar returned status 404
7.7.233			IOException: Tail request on https://maven-central.storage-download.googleapis.com/maven2/org/wso2/carbon/identity/framework/org.wso2.carbon.identity.certificate.management/7.7.233/org.wso2.carbon.identity.certificate.management-7.7.233.jar returned status 404
7.7.234			IOException: Tail request on https://maven-central.storage-download.googleapis.com/maven2/org/wso2/carbon/identity/framework/org.wso2.carbon.identity.certificate.management/7.7.234/org.wso2.carbon.identity.certificate.management-7.7.234.jar returned status 404
7.7.235			IOException: Tail request on https://maven-central.storage-download.googleapis.com/maven2/org/wso2/carbon/identity/framework/org.wso2.carbon.identity.certificate.management/7.7.235/org.wso2.carbon.identity.certificate.management-7.7.235.jar returned status 404
7.7.236			IOException: Tail request on https://maven-central.storage-download.googleapis.com/maven2/org/wso2/carbon/identity/framework/org.wso2.carbon.identity.certificate.management/7.7.236/org.wso2.carbon.identity.certificate.management-7.7.236.jar returned status 404
7.7.237			IOException: Tail request on https://maven-central.storage-download.googleapis.com/maven2/org/wso2/carbon/identity/framework/org.wso2.carbon.identity.certificate.management/7.7.237/org.wso2.carbon.identity.certificate.management-7.7.237.jar returned status 404
7.7.238			IOException: Tail request on https://maven-central.storage-download.googleapis.com/maven2/org/wso2/carbon/identity/framework/org.wso2.carbon.identity.certificate.management/7.7.238/org.wso2.carbon.identity.certificate.management-7.7.238.jar returned status 404
7.7.239			IOException: Tail request on https://maven-central.storage-download.googleapis.com/maven2/org/wso2/carbon/identity/framework/org.wso2.carbon.identity.certificate.management/7.7.239/org.wso2.carbon.identity.certificate.management-7.7.239.jar returned status 404
7.7.24			IOException: Tail request on https://maven-central.storage-download.googleapis.com/maven2/org/wso2/carbon/identity/framework/org.wso2.carbon.identity.certificate.management/7.7.24/org.wso2.carbon.identity.certificate.management-7.7.24.jar returned status 404
7.7.240			IOException: Tail request on https://maven-central.storage-download.googleapis.com/maven2/org/wso2/carbon/identity/framework/org.wso2.carbon.identity.certificate.management/7.7.240/org.wso2.carbon.identity.certificate.management-7.7.240.jar returned status 404
7.7.241			IOException: Tail request on https://maven-central.storage-download.googleapis.com/maven2/org/wso2/carbon/identity/framework/org.wso2.carbon.identity.certificate.management/7.7.241/org.wso2.carbon.identity.certificate.management-7.7.241.jar returned status 404
7.7.242			IOException: Tail request on https://maven-central.storage-download.googleapis.com/maven2/org/wso2/carbon/identity/framework/org.wso2.carbon.identity.certificate.management/7.7.242/org.wso2.carbon.identity.certificate.management-7.7.242.jar returned status 404
7.7.243			IOException: Tail request on https://maven-central.storage-download.googleapis.com/maven2/org/wso2/carbon/identity/framework/org.wso2.carbon.identity.certificate.management/7.7.243/org.wso2.carbon.identity.certificate.management-7.7.243.jar returned status 404
7.7.244			IOException: Tail request on https://maven-central.storage-download.googleapis.com/maven2/org/wso2/carbon/identity/framework/org.wso2.carbon.identity.certificate.management/7.7.244/org.wso2.carbon.identity.certificate.management-7.7.244.jar returned status 404
7.7.245			IOException: Tail request on https://maven-central.storage-download.googleapis.com/maven2/org/wso2/carbon/identity/framework/org.wso2.carbon.identity.certificate.management/7.7.245/org.wso2.carbon.identity.certificate.management-7.7.245.jar returned status 404
7.7.246			IOException: Tail request on https://maven-central.storage-download.googleapis.com/maven2/org/wso2/carbon/identity/framework/org.wso2.carbon.identity.certificate.management/7.7.246/org.wso2.carbon.identity.certificate.management-7.7.246.jar returned status 404
7.7.247			IOException: Tail request on https://maven-central.storage-download.googleapis.com/maven2/org/wso2/carbon/identity/framework/org.wso2.carbon.identity.certificate.management/7.7.247/org.wso2.carbon.identity.certificate.management-7.7.247.jar returned status 404
7.7.248			IOException: Tail request on https://maven-central.storage-download.googleapis.com/maven2/org/wso2/carbon/identity/framework/org.wso2.carbon.identity.certificate.management/7.7.248/org.wso2.carbon.identity.certificate.management-7.7.248.jar returned status 404
7.7.249			IOException: Tail request on https://maven-central.storage-download.googleapis.com/maven2/org/wso2/carbon/identity/framework/org.wso2.carbon.identity.certificate.management/7.7.249/org.wso2.carbon.identity.certificate.management-7.7.249.jar returned status 404
7.7.25			IOException: Tail request on https://maven-central.storage-download.googleapis.com/maven2/org/wso2/carbon/identity/framework/org.wso2.carbon.identity.certificate.management/7.7.25/org.wso2.carbon.identity.certificate.management-7.7.25.jar returned status 404
7.7.250			IOException: Tail request on https://maven-central.storage-download.googleapis.com/maven2/org/wso2/carbon/identity/framework/org.wso2.carbon.identity.certificate.management/7.7.250/org.wso2.carbon.identity.certificate.management-7.7.250.jar returned status 404
7.7.251			IOException: Tail request on https://maven-central.storage-download.googleapis.com/maven2/org/wso2/carbon/identity/framework/org.wso2.carbon.identity.certificate.management/7.7.251/org.wso2.carbon.identity.certificate.management-7.7.251.jar returned status 404
7.7.252			IOException: Tail request on https://maven-central.storage-download.googleapis.com/maven2/org/wso2/carbon/identity/framework/org.wso2.carbon.identity.certificate.management/7.7.252/org.wso2.carbon.identity.certificate.management-7.7.252.jar returned status 404
7.7.253			IOException: Tail request on https://maven-central.storage-download.googleapis.com/maven2/org/wso2/carbon/identity/framework/org.wso2.carbon.identity.certificate.management/7.7.253/org.wso2.carbon.identity.certificate.management-7.7.253.jar returned status 404
7.7.254			IOException: Tail request on https://maven-central.storage-download.googleapis.com/maven2/org/wso2/carbon/identity/framework/org.wso2.carbon.identity.certificate.management/7.7.254/org.wso2.carbon.identity.certificate.management-7.7.254.jar returned status 404
7.7.255			IOException: Tail request on https://maven-central.storage-download.googleapis.com/maven2/org/wso2/carbon/identity/framework/org.wso2.carbon.identity.certificate.management/7.7.255/org.wso2.carbon.identity.certificate.management-7.7.255.jar returned status 404
7.7.256			IOException: Tail request on https://maven-central.storage-download.googleapis.com/maven2/org/wso2/carbon/identity/framework/org.wso2.carbon.identity.certificate.management/7.7.256/org.wso2.carbon.identity.certificate.management-7.7.256.jar returned status 404
7.7.257		2025-02-16T19:57:21Z	
7.7.258		2025-02-17T04:52:43Z	
7.7.259		2025-02-17T15:53:00Z	
7.7.26			IOException: Tail request on https://maven-central.storage-download.googleapis.com/maven2/org/wso2/carbon/identity/framework/org.wso2.carbon.identity.certificate.management/7.7.26/org.wso2.carbon.identity.certificate.management-7.7.26.jar returned status 404
7.7.260		2025-02-17T17:36:20Z	
7.7.261		2025-02-17T18:51:11Z	
7.7.262		2025-02-17T21:49:05Z	
7.7.263		2025-02-18T01:32:00Z	
7.7.264		2025-02-18T05:04:28Z	
7.7.265		2025-02-18T05:50:53Z	
7.7.266		2025-02-18T08:12:49Z	
7.7.267		2025-02-18T10:27:26Z	
7.7.268		2025-02-18T14:10:43Z	
7.7.269		2025-02-18T14:57:32Z	
7.7.27			IOException: Tail request on https://maven-central.storage-download.googleapis.com/maven2/org/wso2/carbon/identity/framework/org.wso2.carbon.identity.certificate.management/7.7.27/org.wso2.carbon.identity.certificate.management-7.7.27.jar returned status 404
7.7.28			IOException: Tail request on https://maven-central.storage-download.googleapis.com/maven2/org/wso2/carbon/identity/framework/org.wso2.carbon.identity.certificate.management/7.7.28/org.wso2.carbon.identity.certificate.management-7.7.28.jar returned status 404
7.7.29			IOException: Tail request on https://maven-central.storage-download.googleapis.com/maven2/org/wso2/carbon/identity/framework/org.wso2.carbon.identity.certificate.management/7.7.29/org.wso2.carbon.identity.certificate.management-7.7.29.jar returned status 404
7.7.3			IOException: Tail request on https://maven-central.storage-download.googleapis.com/maven2/org/wso2/carbon/identity/framework/org.wso2.carbon.identity.certificate.management/7.7.3/org.wso2.carbon.identity.certificate.management-7.7.3.jar returned status 404
7.7.30			IOException: Tail request on https://maven-central.storage-download.googleapis.com/maven2/org/wso2/carbon/identity/framework/org.wso2.carbon.identity.certificate.management/7.7.30/org.wso2.carbon.identity.certificate.management-7.7.30.jar returned status 404
7.7.31			IOException: Tail request on https://maven-central.storage-download.googleapis.com/maven2/org/wso2/carbon/identity/framework/org.wso2.carbon.identity.certificate.management/7.7.31/org.wso2.carbon.identity.certificate.management-7.7.31.jar returned status 404
7.7.32			IOException: Tail request on https://maven-central.storage-download.googleapis.com/maven2/org/wso2/carbon/identity/framework/org.wso2.carbon.identity.certificate.management/7.7.32/org.wso2.carbon.identity.certificate.management-7.7.32.jar returned status 404
7.7.33			IOException: Tail request on https://maven-central.storage-download.googleapis.com/maven2/org/wso2/carbon/identity/framework/org.wso2.carbon.identity.certificate.management/7.7.33/org.wso2.carbon.identity.certificate.management-7.7.33.jar returned status 404
7.7.34			IOException: Tail request on https://maven-central.storage-download.googleapis.com/maven2/org/wso2/carbon/identity/framework/org.wso2.carbon.identity.certificate.management/7.7.34/org.wso2.carbon.identity.certificate.management-7.7.34.jar returned status 404
7.7.35			IOException: Tail request on https://maven-central.storage-download.googleapis.com/maven2/org/wso2/carbon/identity/framework/org.wso2.carbon.identity.certificate.management/7.7.35/org.wso2.carbon.identity.certificate.management-7.7.35.jar returned status 404
7.7.36			IOException: Tail request on https://maven-central.storage-download.googleapis.com/maven2/org/wso2/carbon/identity/framework/org.wso2.carbon.identity.certificate.management/7.7.36/org.wso2.carbon.identity.certificate.management-7.7.36.jar returned status 404
7.7.37			IOException: Tail request on https://maven-central.storage-download.googleapis.com/maven2/org/wso2/carbon/identity/framework/org.wso2.carbon.identity.certificate.management/7.7.37/org.wso2.carbon.identity.certificate.management-7.7.37.jar returned status 404
7.7.38			IOException: Tail request on https://maven-central.storage-download.googleapis.com/maven2/org/wso2/carbon/identity/framework/org.wso2.carbon.identity.certificate.management/7.7.38/org.wso2.carbon.identity.certificate.management-7.7.38.jar returned status 404
7.7.39			IOException: Tail request on https://maven-central.storage-download.googleapis.com/maven2/org/wso2/carbon/identity/framework/org.wso2.carbon.identity.certificate.management/7.7.39/org.wso2.carbon.identity.certificate.management-7.7.39.jar returned status 404
7.7.4			IOException: Tail request on https://maven-central.storage-download.googleapis.com/maven2/org/wso2/carbon/identity/framework/org.wso2.carbon.identity.certificate.management/7.7.4/org.wso2.carbon.identity.certificate.management-7.7.4.jar returned status 404
7.7.40			IOException: Tail request on https://maven-central.storage-download.googleapis.com/maven2/org/wso2/carbon/identity/framework/org.wso2.carbon.identity.certificate.management/7.7.40/org.wso2.carbon.identity.certificate.management-7.7.40.jar returned status 404
7.7.41			IOException: Tail request on https://maven-central.storage-download.googleapis.com/maven2/org/wso2/carbon/identity/framework/org.wso2.carbon.identity.certificate.management/7.7.41/org.wso2.carbon.identity.certificate.management-7.7.41.jar returned status 404
7.7.42			IOException: Tail request on https://maven-central.storage-download.googleapis.com/maven2/org/wso2/carbon/identity/framework/org.wso2.carbon.identity.certificate.management/7.7.42/org.wso2.carbon.identity.certificate.management-7.7.42.jar returned status 404
7.7.43			IOException: Tail request on https://maven-central.storage-download.googleapis.com/maven2/org/wso2/carbon/identity/framework/org.wso2.carbon.identity.certificate.management/7.7.43/org.wso2.carbon.identity.certificate.management-7.7.43.jar returned status 404
7.7.44			IOException: Tail request on https://maven-central.storage-download.googleapis.com/maven2/org/wso2/carbon/identity/framework/org.wso2.carbon.identity.certificate.management/7.7.44/org.wso2.carbon.identity.certificate.management-7.7.44.jar returned status 404
7.7.45			IOException: Tail request on https://maven-central.storage-download.googleapis.com/maven2/org/wso2/carbon/identity/framework/org.wso2.carbon.identity.certificate.management/7.7.45/org.wso2.carbon.identity.certificate.management-7.7.45.jar returned status 404
7.7.46			IOException: Tail request on https://maven-central.storage-download.googleapis.com/maven2/org/wso2/carbon/identity/framework/org.wso2.carbon.identity.certificate.management/7.7.46/org.wso2.carbon.identity.certificate.management-7.7.46.jar returned status 404
7.7.47			IOException: Tail request on https://maven-central.storage-download.googleapis.com/maven2/org/wso2/carbon/identity/framework/org.wso2.carbon.identity.certificate.management/7.7.47/org.wso2.carbon.identity.certificate.management-7.7.47.jar returned status 404
7.7.48			IOException: Tail request on https://maven-central.storage-download.googleapis.com/maven2/org/wso2/carbon/identity/framework/org.wso2.carbon.identity.certificate.management/7.7.48/org.wso2.carbon.identity.certificate.management-7.7.48.jar returned status 404
7.7.49			IOException: Tail request on https://maven-central.storage-download.googleapis.com/maven2/org/wso2/carbon/identity/framework/org.wso2.carbon.identity.certificate.management/7.7.49/org.wso2.carbon.identity.certificate.management-7.7.49.jar returned status 404
7.7.5			IOException: Tail request on https://maven-central.storage-download.googleapis.com/maven2/org/wso2/carbon/identity/framework/org.wso2.carbon.identity.certificate.management/7.7.5/org.wso2.carbon.identity.certificate.management-7.7.5.jar returned status 404
7.7.50			IOException: Tail request on https://maven-central.storage-download.googleapis.com/maven2/org/wso2/carbon/identity/framework/org.wso2.carbon.identity.certificate.management/7.7.50/org.wso2.carbon.identity.certificate.management-7.7.50.jar returned status 404
7.7.51			IOException: Tail request on https://maven-central.storage-download.googleapis.com/maven2/org/wso2/carbon/identity/framework/org.wso2.carbon.identity.certificate.management/7.7.51/org.wso2.carbon.identity.certificate.management-7.7.51.jar returned status 404
7.7.52			IOException: Tail request on https://maven-central.storage-download.googleapis.com/maven2/org/wso2/carbon/identity/framework/org.wso2.carbon.identity.certificate.management/7.7.52/org.wso2.carbon.identity.certificate.management-7.7.52.jar returned status 404
7.7.53			IOException: Tail request on https://maven-central.storage-download.googleapis.com/maven2/org/wso2/carbon/identity/framework/org.wso2.carbon.identity.certificate.management/7.7.53/org.wso2.carbon.identity.certificate.management-7.7.53.jar returned status 404
7.7.54			IOException: Tail request on https://maven-central.storage-download.googleapis.com/maven2/org/wso2/carbon/identity/framework/org.wso2.carbon.identity.certificate.management/7.7.54/org.wso2.carbon.identity.certificate.management-7.7.54.jar returned status 404
7.7.55			IOException: Tail request on https://maven-central.storage-download.googleapis.com/maven2/org/wso2/carbon/identity/framework/org.wso2.carbon.identity.certificate.management/7.7.55/org.wso2.carbon.identity.certificate.management-7.7.55.jar returned status 404
7.7.56			IOException: Tail request on https://maven-central.storage-download.googleapis.com/maven2/org/wso2/carbon/identity/framework/org.wso2.carbon.identity.certificate.management/7.7.56/org.wso2.carbon.identity.certificate.management-7.7.56.jar returned status 404
7.7.57			IOException: Tail request on https://maven-central.storage-download.googleapis.com/maven2/org/wso2/carbon/identity/framework/org.wso2.carbon.identity.certificate.management/7.7.57/org.wso2.carbon.identity.certificate.management-7.7.57.jar returned status 404
7.7.58			IOException: Tail request on https://maven-central.storage-download.googleapis.com/maven2/org/wso2/carbon/identity/framework/org.wso2.carbon.identity.certificate.management/7.7.58/org.wso2.carbon.identity.certificate.management-7.7.58.jar returned status 404
7.7.59			IOException: Tail request on https://maven-central.storage-download.googleapis.com/maven2/org/wso2/carbon/identity/framework/org.wso2.carbon.identity.certificate.management/7.7.59/org.wso2.carbon.identity.certificate.management-7.7.59.jar returned status 404
7.7.6			IOException: Tail request on https://maven-central.storage-download.googleapis.com/maven2/org/wso2/carbon/identity/framework/org.wso2.carbon.identity.certificate.management/7.7.6/org.wso2.carbon.identity.certificate.management-7.7.6.jar returned status 404
7.7.60			IOException: Tail request on https://maven-central.storage-download.googleapis.com/maven2/org/wso2/carbon/identity/framework/org.wso2.carbon.identity.certificate.management/7.7.60/org.wso2.carbon.identity.certificate.management-7.7.60.jar returned status 404
7.7.61			IOException: Tail request on https://maven-central.storage-download.googleapis.com/maven2/org/wso2/carbon/identity/framework/org.wso2.carbon.identity.certificate.management/7.7.61/org.wso2.carbon.identity.certificate.management-7.7.61.jar returned status 404
7.7.62			IOException: Tail request on https://maven-central.storage-download.googleapis.com/maven2/org/wso2/carbon/identity/framework/org.wso2.carbon.identity.certificate.management/7.7.62/org.wso2.carbon.identity.certificate.management-7.7.62.jar returned status 404
7.7.63			IOException: Tail request on https://maven-central.storage-download.googleapis.com/maven2/org/wso2/carbon/identity/framework/org.wso2.carbon.identity.certificate.management/7.7.63/org.wso2.carbon.identity.certificate.management-7.7.63.jar returned status 404
7.7.64			IOException: Tail request on https://maven-central.storage-download.googleapis.com/maven2/org/wso2/carbon/identity/framework/org.wso2.carbon.identity.certificate.management/7.7.64/org.wso2.carbon.identity.certificate.management-7.7.64.jar returned status 404
7.7.65			IOException: Tail request on https://maven-central.storage-download.googleapis.com/maven2/org/wso2/carbon/identity/framework/org.wso2.carbon.identity.certificate.management/7.7.65/org.wso2.carbon.identity.certificate.management-7.7.65.jar returned status 404
7.7.66			IOException: Tail request on https://maven-central.storage-download.googleapis.com/maven2/org/wso2/carbon/identity/framework/org.wso2.carbon.identity.certificate.management/7.7.66/org.wso2.carbon.identity.certificate.management-7.7.66.jar returned status 404
7.7.67			IOException: Tail request on https://maven-central.storage-download.googleapis.com/maven2/org/wso2/carbon/identity/framework/org.wso2.carbon.identity.certificate.management/7.7.67/org.wso2.carbon.identity.certificate.management-7.7.67.jar returned status 404
7.7.68			IOException: Tail request on https://maven-central.storage-download.googleapis.com/maven2/org/wso2/carbon/identity/framework/org.wso2.carbon.identity.certificate.management/7.7.68/org.wso2.carbon.identity.certificate.management-7.7.68.jar returned status 404
7.7.69			IOException: Tail request on https://maven-central.storage-download.googleapis.com/maven2/org/wso2/carbon/identity/framework/org.wso2.carbon.identity.certificate.management/7.7.69/org.wso2.carbon.identity.certificate.management-7.7.69.jar returned status 404
7.7.7			IOException: Tail request on https://maven-central.storage-download.googleapis.com/maven2/org/wso2/carbon/identity/framework/org.wso2.carbon.identity.certificate.management/7.7.7/org.wso2.carbon.identity.certificate.management-7.7.7.jar returned status 404
7.7.70			IOException: Tail request on https://maven-central.storage-download.googleapis.com/maven2/org/wso2/carbon/identity/framework/org.wso2.carbon.identity.certificate.management/7.7.70/org.wso2.carbon.identity.certificate.management-7.7.70.jar returned status 404
7.7.71			IOException: Tail request on https://maven-central.storage-download.googleapis.com/maven2/org/wso2/carbon/identity/framework/org.wso2.carbon.identity.certificate.management/7.7.71/org.wso2.carbon.identity.certificate.management-7.7.71.jar returned status 404
7.7.72			IOException: Tail request on https://maven-central.storage-download.googleapis.com/maven2/org/wso2/carbon/identity/framework/org.wso2.carbon.identity.certificate.management/7.7.72/org.wso2.carbon.identity.certificate.management-7.7.72.jar returned status 404
7.7.73			IOException: Tail request on https://maven-central.storage-download.googleapis.com/maven2/org/wso2/carbon/identity/framework/org.wso2.carbon.identity.certificate.management/7.7.73/org.wso2.carbon.identity.certificate.management-7.7.73.jar returned status 404
7.7.74		2025-01-05T17:33:02Z	
7.7.75		2025-01-06T03:42:53Z	
7.7.76		2025-01-06T05:29:53Z	
7.7.77		2025-01-06T06:11:51Z	
7.7.78		2025-01-06T07:30:59Z	
7.7.79		2025-01-07T01:40:10Z	
7.7.8			IOException: Tail request on https://maven-central.storage-download.googleapis.com/maven2/org/wso2/carbon/identity/framework/org.wso2.carbon.identity.certificate.management/7.7.8/org.wso2.carbon.identity.certificate.management-7.7.8.jar returned status 404
7.7.80		2025-01-07T07:38:04Z	
7.7.81		2025-01-07T08:57:15Z	
7.7.82		2025-01-07T12:04:48Z	
7.7.83		2025-01-07T16:35:52Z	
7.7.84		2025-01-08T04:19:33Z	
7.7.85		2025-01-09T11:40:39Z	
7.7.86		2025-01-10T05:10:42Z	
7.7.87		2025-01-11T17:35:07Z	
7.7.88		2025-01-16T06:19:54Z	
7.7.89		2025-01-16T08:45:39Z	
7.7.9			IOException: Tail request on https://maven-central.storage-download.googleapis.com/maven2/org/wso2/carbon/identity/framework/org.wso2.carbon.identity.certificate.management/7.7.9/org.wso2.carbon.identity.certificate.management-7.7.9.jar returned status 404
7.7.90		2025-01-16T10:48:56Z	
7.7.91		2025-01-16T12:45:21Z	
7.7.92		2025-01-17T03:50:38Z	
7.7.93		2025-01-17T09:47:27Z	
7.7.94		2025-01-17T10:56:19Z	
7.7.95		2025-01-18T15:18:23Z	
7.7.96		2025-01-19T19:38:52Z	
7.7.97		2025-01-20T04:34:25Z	
7.7.98		2025-01-20T05:44:52Z	
7.7.99		2025-01-20T07:04:35Z	
7.8.0		2025-02-18T16:16:55Z	
7.8.1		2025-02-18T17:02:22Z	
7.8.10			IOException: Tail request on https://maven-central.storage-download.googleapis.com/maven2/org/wso2/carbon/identity/framework/org.wso2.carbon.identity.certificate.management/7.8.10/org.wso2.carbon.identity.certificate.management-7.8.10.jar returned status 404
7.8.100		2025-04-06T08:46:49Z	
7.8.101		2025-04-08T06:39:42Z	
7.8.102		2025-04-08T12:16:49Z	
7.8.103		2025-04-08T17:47:41Z	
7.8.104			IOException: Tail request on https://maven-central.storage-download.googleapis.com/maven2/org/wso2/carbon/identity/framework/org.wso2.carbon.identity.certificate.management/7.8.104/org.wso2.carbon.identity.certificate.management-7.8.104.jar returned status 404
7.8.105			IOException: Tail request on https://maven-central.storage-download.googleapis.com/maven2/org/wso2/carbon/identity/framework/org.wso2.carbon.identity.certificate.management/7.8.105/org.wso2.carbon.identity.certificate.management-7.8.105.jar returned status 404
7.8.106			IOException: Tail request on https://maven-central.storage-download.googleapis.com/maven2/org/wso2/carbon/identity/framework/org.wso2.carbon.identity.certificate.management/7.8.106/org.wso2.carbon.identity.certificate.management-7.8.106.jar returned status 404
7.8.107			IOException: Tail request on https://maven-central.storage-download.googleapis.com/maven2/org/wso2/carbon/identity/framework/org.wso2.carbon.identity.certificate.management/7.8.107/org.wso2.carbon.identity.certificate.management-7.8.107.jar returned status 404
7.8.108			IOException: Tail request on https://maven-central.storage-download.googleapis.com/maven2/org/wso2/carbon/identity/framework/org.wso2.carbon.identity.certificate.management/7.8.108/org.wso2.carbon.identity.certificate.management-7.8.108.jar returned status 404
7.8.109			IOException: Tail request on https://maven-central.storage-download.googleapis.com/maven2/org/wso2/carbon/identity/framework/org.wso2.carbon.identity.certificate.management/7.8.109/org.wso2.carbon.identity.certificate.management-7.8.109.jar returned status 404
7.8.11			IOException: Tail request on https://maven-central.storage-download.googleapis.com/maven2/org/wso2/carbon/identity/framework/org.wso2.carbon.identity.certificate.management/7.8.11/org.wso2.carbon.identity.certificate.management-7.8.11.jar returned status 404
7.8.110			IOException: Tail request on https://maven-central.storage-download.googleapis.com/maven2/org/wso2/carbon/identity/framework/org.wso2.carbon.identity.certificate.management/7.8.110/org.wso2.carbon.identity.certificate.management-7.8.110.jar returned status 404
7.8.111			IOException: Tail request on https://maven-central.storage-download.googleapis.com/maven2/org/wso2/carbon/identity/framework/org.wso2.carbon.identity.certificate.management/7.8.111/org.wso2.carbon.identity.certificate.management-7.8.111.jar returned status 404
7.8.112			IOException: Tail request on https://maven-central.storage-download.googleapis.com/maven2/org/wso2/carbon/identity/framework/org.wso2.carbon.identity.certificate.management/7.8.112/org.wso2.carbon.identity.certificate.management-7.8.112.jar returned status 404
7.8.113			IOException: Tail request on https://maven-central.storage-download.googleapis.com/maven2/org/wso2/carbon/identity/framework/org.wso2.carbon.identity.certificate.management/7.8.113/org.wso2.carbon.identity.certificate.management-7.8.113.jar returned status 404
7.8.114			IOException: Tail request on https://maven-central.storage-download.googleapis.com/maven2/org/wso2/carbon/identity/framework/org.wso2.carbon.identity.certificate.management/7.8.114/org.wso2.carbon.identity.certificate.management-7.8.114.jar returned status 404
7.8.115			IOException: Tail request on https://maven-central.storage-download.googleapis.com/maven2/org/wso2/carbon/identity/framework/org.wso2.carbon.identity.certificate.management/7.8.115/org.wso2.carbon.identity.certificate.management-7.8.115.jar returned status 404
7.8.116			IOException: Tail request on https://maven-central.storage-download.googleapis.com/maven2/org/wso2/carbon/identity/framework/org.wso2.carbon.identity.certificate.management/7.8.116/org.wso2.carbon.identity.certificate.management-7.8.116.jar returned status 404
7.8.117			IOException: Tail request on https://maven-central.storage-download.googleapis.com/maven2/org/wso2/carbon/identity/framework/org.wso2.carbon.identity.certificate.management/7.8.117/org.wso2.carbon.identity.certificate.management-7.8.117.jar returned status 404
7.8.118			IOException: Tail request on https://maven-central.storage-download.googleapis.com/maven2/org/wso2/carbon/identity/framework/org.wso2.carbon.identity.certificate.management/7.8.118/org.wso2.carbon.identity.certificate.management-7.8.118.jar returned status 404
7.8.119			IOException: Tail request on https://maven-central.storage-download.googleapis.com/maven2/org/wso2/carbon/identity/framework/org.wso2.carbon.identity.certificate.management/7.8.119/org.wso2.carbon.identity.certificate.management-7.8.119.jar returned status 404
7.8.12			IOException: Tail request on https://maven-central.storage-download.googleapis.com/maven2/org/wso2/carbon/identity/framework/org.wso2.carbon.identity.certificate.management/7.8.12/org.wso2.carbon.identity.certificate.management-7.8.12.jar returned status 404
7.8.120			IOException: Tail request on https://maven-central.storage-download.googleapis.com/maven2/org/wso2/carbon/identity/framework/org.wso2.carbon.identity.certificate.management/7.8.120/org.wso2.carbon.identity.certificate.management-7.8.120.jar returned status 404
7.8.121			IOException: Tail request on https://maven-central.storage-download.googleapis.com/maven2/org/wso2/carbon/identity/framework/org.wso2.carbon.identity.certificate.management/7.8.121/org.wso2.carbon.identity.certificate.management-7.8.121.jar returned status 404
7.8.122			IOException: Tail request on https://maven-central.storage-download.googleapis.com/maven2/org/wso2/carbon/identity/framework/org.wso2.carbon.identity.certificate.management/7.8.122/org.wso2.carbon.identity.certificate.management-7.8.122.jar returned status 404
7.8.123			IOException: Tail request on https://maven-central.storage-download.googleapis.com/maven2/org/wso2/carbon/identity/framework/org.wso2.carbon.identity.certificate.management/7.8.123/org.wso2.carbon.identity.certificate.management-7.8.123.jar returned status 404
7.8.124			IOException: Tail request on https://maven-central.storage-download.googleapis.com/maven2/org/wso2/carbon/identity/framework/org.wso2.carbon.identity.certificate.management/7.8.124/org.wso2.carbon.identity.certificate.management-7.8.124.jar returned status 404
7.8.125			IOException: Tail request on https://maven-central.storage-download.googleapis.com/maven2/org/wso2/carbon/identity/framework/org.wso2.carbon.identity.certificate.management/7.8.125/org.wso2.carbon.identity.certificate.management-7.8.125.jar returned status 404
7.8.126			IOException: Tail request on https://maven-central.storage-download.googleapis.com/maven2/org/wso2/carbon/identity/framework/org.wso2.carbon.identity.certificate.management/7.8.126/org.wso2.carbon.identity.certificate.management-7.8.126.jar returned status 404
7.8.127			IOException: Tail request on https://maven-central.storage-download.googleapis.com/maven2/org/wso2/carbon/identity/framework/org.wso2.carbon.identity.certificate.management/7.8.127/org.wso2.carbon.identity.certificate.management-7.8.127.jar returned status 404
7.8.128			IOException: Tail request on https://maven-central.storage-download.googleapis.com/maven2/org/wso2/carbon/identity/framework/org.wso2.carbon.identity.certificate.management/7.8.128/org.wso2.carbon.identity.certificate.management-7.8.128.jar returned status 404
7.8.129			IOException: Tail request on https://maven-central.storage-download.googleapis.com/maven2/org/wso2/carbon/identity/framework/org.wso2.carbon.identity.certificate.management/7.8.129/org.wso2.carbon.identity.certificate.management-7.8.129.jar returned status 404
7.8.13			IOException: Tail request on https://maven-central.storage-download.googleapis.com/maven2/org/wso2/carbon/identity/framework/org.wso2.carbon.identity.certificate.management/7.8.13/org.wso2.carbon.identity.certificate.management-7.8.13.jar returned status 404
7.8.130			IOException: Tail request on https://maven-central.storage-download.googleapis.com/maven2/org/wso2/carbon/identity/framework/org.wso2.carbon.identity.certificate.management/7.8.130/org.wso2.carbon.identity.certificate.management-7.8.130.jar returned status 404
7.8.131			IOException: Tail request on https://maven-central.storage-download.googleapis.com/maven2/org/wso2/carbon/identity/framework/org.wso2.carbon.identity.certificate.management/7.8.131/org.wso2.carbon.identity.certificate.management-7.8.131.jar returned status 404
7.8.132			IOException: Tail request on https://maven-central.storage-download.googleapis.com/maven2/org/wso2/carbon/identity/framework/org.wso2.carbon.identity.certificate.management/7.8.132/org.wso2.carbon.identity.certificate.management-7.8.132.jar returned status 404
7.8.133			IOException: Tail request on https://maven-central.storage-download.googleapis.com/maven2/org/wso2/carbon/identity/framework/org.wso2.carbon.identity.certificate.management/7.8.133/org.wso2.carbon.identity.certificate.management-7.8.133.jar returned status 404
7.8.134			IOException: Tail request on https://maven-central.storage-download.googleapis.com/maven2/org/wso2/carbon/identity/framework/org.wso2.carbon.identity.certificate.management/7.8.134/org.wso2.carbon.identity.certificate.management-7.8.134.jar returned status 404
7.8.135			IOException: Tail request on https://maven-central.storage-download.googleapis.com/maven2/org/wso2/carbon/identity/framework/org.wso2.carbon.identity.certificate.management/7.8.135/org.wso2.carbon.identity.certificate.management-7.8.135.jar returned status 404
7.8.136			IOException: Tail request on https://maven-central.storage-download.googleapis.com/maven2/org/wso2/carbon/identity/framework/org.wso2.carbon.identity.certificate.management/7.8.136/org.wso2.carbon.identity.certificate.management-7.8.136.jar returned status 404
7.8.137			IOException: Tail request on https://maven-central.storage-download.googleapis.com/maven2/org/wso2/carbon/identity/framework/org.wso2.carbon.identity.certificate.management/7.8.137/org.wso2.carbon.identity.certificate.management-7.8.137.jar returned status 404
7.8.138			IOException: Tail request on https://maven-central.storage-download.googleapis.com/maven2/org/wso2/carbon/identity/framework/org.wso2.carbon.identity.certificate.management/7.8.138/org.wso2.carbon.identity.certificate.management-7.8.138.jar returned status 404
7.8.139			IOException: Tail request on https://maven-central.storage-download.googleapis.com/maven2/org/wso2/carbon/identity/framework/org.wso2.carbon.identity.certificate.management/7.8.139/org.wso2.carbon.identity.certificate.management-7.8.139.jar returned status 404
7.8.14			IOException: Tail request on https://maven-central.storage-download.googleapis.com/maven2/org/wso2/carbon/identity/framework/org.wso2.carbon.identity.certificate.management/7.8.14/org.wso2.carbon.identity.certificate.management-7.8.14.jar returned status 404
7.8.140			IOException: Tail request on https://maven-central.storage-download.googleapis.com/maven2/org/wso2/carbon/identity/framework/org.wso2.carbon.identity.certificate.management/7.8.140/org.wso2.carbon.identity.certificate.management-7.8.140.jar returned status 404
7.8.141			IOException: Tail request on https://maven-central.storage-download.googleapis.com/maven2/org/wso2/carbon/identity/framework/org.wso2.carbon.identity.certificate.management/7.8.141/org.wso2.carbon.identity.certificate.management-7.8.141.jar returned status 404
7.8.142			IOException: Tail request on https://maven-central.storage-download.googleapis.com/maven2/org/wso2/carbon/identity/framework/org.wso2.carbon.identity.certificate.management/7.8.142/org.wso2.carbon.identity.certificate.management-7.8.142.jar returned status 404
7.8.143			IOException: Tail request on https://maven-central.storage-download.googleapis.com/maven2/org/wso2/carbon/identity/framework/org.wso2.carbon.identity.certificate.management/7.8.143/org.wso2.carbon.identity.certificate.management-7.8.143.jar returned status 404
7.8.144			IOException: Tail request on https://maven-central.storage-download.googleapis.com/maven2/org/wso2/carbon/identity/framework/org.wso2.carbon.identity.certificate.management/7.8.144/org.wso2.carbon.identity.certificate.management-7.8.144.jar returned status 404
7.8.145			IOException: Tail request on https://maven-central.storage-download.googleapis.com/maven2/org/wso2/carbon/identity/framework/org.wso2.carbon.identity.certificate.management/7.8.145/org.wso2.carbon.identity.certificate.management-7.8.145.jar returned status 404
7.8.146			IOException: Tail request on https://maven-central.storage-download.googleapis.com/maven2/org/wso2/carbon/identity/framework/org.wso2.carbon.identity.certificate.management/7.8.146/org.wso2.carbon.identity.certificate.management-7.8.146.jar returned status 404
7.8.147			IOException: Tail request on https://maven-central.storage-download.googleapis.com/maven2/org/wso2/carbon/identity/framework/org.wso2.carbon.identity.certificate.management/7.8.147/org.wso2.carbon.identity.certificate.management-7.8.147.jar returned status 404
7.8.148			IOException: Tail request on https://maven-central.storage-download.googleapis.com/maven2/org/wso2/carbon/identity/framework/org.wso2.carbon.identity.certificate.management/7.8.148/org.wso2.carbon.identity.certificate.management-7.8.148.jar returned status 404
7.8.149			IOException: Tail request on https://maven-central.storage-download.googleapis.com/maven2/org/wso2/carbon/identity/framework/org.wso2.carbon.identity.certificate.management/7.8.149/org.wso2.carbon.identity.certificate.management-7.8.149.jar returned status 404
7.8.15			IOException: Tail request on https://maven-central.storage-download.googleapis.com/maven2/org/wso2/carbon/identity/framework/org.wso2.carbon.identity.certificate.management/7.8.15/org.wso2.carbon.identity.certificate.management-7.8.15.jar returned status 404
7.8.150			IOException: Tail request on https://maven-central.storage-download.googleapis.com/maven2/org/wso2/carbon/identity/framework/org.wso2.carbon.identity.certificate.management/7.8.150/org.wso2.carbon.identity.certificate.management-7.8.150.jar returned status 404
7.8.151			IOException: Tail request on https://maven-central.storage-download.googleapis.com/maven2/org/wso2/carbon/identity/framework/org.wso2.carbon.identity.certificate.management/7.8.151/org.wso2.carbon.identity.certificate.management-7.8.151.jar returned status 404
7.8.152			IOException: Tail request on https://maven-central.storage-download.googleapis.com/maven2/org/wso2/carbon/identity/framework/org.wso2.carbon.identity.certificate.management/7.8.152/org.wso2.carbon.identity.certificate.management-7.8.152.jar returned status 404
7.8.153			IOException: Tail request on https://maven-central.storage-download.googleapis.com/maven2/org/wso2/carbon/identity/framework/org.wso2.carbon.identity.certificate.management/7.8.153/org.wso2.carbon.identity.certificate.management-7.8.153.jar returned status 404
7.8.154			IOException: Tail request on https://maven-central.storage-download.googleapis.com/maven2/org/wso2/carbon/identity/framework/org.wso2.carbon.identity.certificate.management/7.8.154/org.wso2.carbon.identity.certificate.management-7.8.154.jar returned status 404
7.8.155			IOException: Tail request on https://maven-central.storage-download.googleapis.com/maven2/org/wso2/carbon/identity/framework/org.wso2.carbon.identity.certificate.management/7.8.155/org.wso2.carbon.identity.certificate.management-7.8.155.jar returned status 404
7.8.156			IOException: Tail request on https://maven-central.storage-download.googleapis.com/maven2/org/wso2/carbon/identity/framework/org.wso2.carbon.identity.certificate.management/7.8.156/org.wso2.carbon.identity.certificate.management-7.8.156.jar returned status 404
7.8.157			IOException: Tail request on https://maven-central.storage-download.googleapis.com/maven2/org/wso2/carbon/identity/framework/org.wso2.carbon.identity.certificate.management/7.8.157/org.wso2.carbon.identity.certificate.management-7.8.157.jar returned status 404
7.8.158			IOException: Tail request on https://maven-central.storage-download.googleapis.com/maven2/org/wso2/carbon/identity/framework/org.wso2.carbon.identity.certificate.management/7.8.158/org.wso2.carbon.identity.certificate.management-7.8.158.jar returned status 404
7.8.159			IOException: Tail request on https://maven-central.storage-download.googleapis.com/maven2/org/wso2/carbon/identity/framework/org.wso2.carbon.identity.certificate.management/7.8.159/org.wso2.carbon.identity.certificate.management-7.8.159.jar returned status 404
7.8.16			IOException: Tail request on https://maven-central.storage-download.googleapis.com/maven2/org/wso2/carbon/identity/framework/org.wso2.carbon.identity.certificate.management/7.8.16/org.wso2.carbon.identity.certificate.management-7.8.16.jar returned status 404
7.8.160			IOException: Tail request on https://maven-central.storage-download.googleapis.com/maven2/org/wso2/carbon/identity/framework/org.wso2.carbon.identity.certificate.management/7.8.160/org.wso2.carbon.identity.certificate.management-7.8.160.jar returned status 404
7.8.161			IOException: Tail request on https://maven-central.storage-download.googleapis.com/maven2/org/wso2/carbon/identity/framework/org.wso2.carbon.identity.certificate.management/7.8.161/org.wso2.carbon.identity.certificate.management-7.8.161.jar returned status 404
7.8.162			IOException: Tail request on https://maven-central.storage-download.googleapis.com/maven2/org/wso2/carbon/identity/framework/org.wso2.carbon.identity.certificate.management/7.8.162/org.wso2.carbon.identity.certificate.management-7.8.162.jar returned status 404
7.8.163			IOException: Tail request on https://maven-central.storage-download.googleapis.com/maven2/org/wso2/carbon/identity/framework/org.wso2.carbon.identity.certificate.management/7.8.163/org.wso2.carbon.identity.certificate.management-7.8.163.jar returned status 404
7.8.164			IOException: Tail request on https://maven-central.storage-download.googleapis.com/maven2/org/wso2/carbon/identity/framework/org.wso2.carbon.identity.certificate.management/7.8.164/org.wso2.carbon.identity.certificate.management-7.8.164.jar returned status 404
7.8.165			IOException: Tail request on https://maven-central.storage-download.googleapis.com/maven2/org/wso2/carbon/identity/framework/org.wso2.carbon.identity.certificate.management/7.8.165/org.wso2.carbon.identity.certificate.management-7.8.165.jar returned status 404
7.8.166			IOException: Tail request on https://maven-central.storage-download.googleapis.com/maven2/org/wso2/carbon/identity/framework/org.wso2.carbon.identity.certificate.management/7.8.166/org.wso2.carbon.identity.certificate.management-7.8.166.jar returned status 404
7.8.167			IOException: Tail request on https://maven-central.storage-download.googleapis.com/maven2/org/wso2/carbon/identity/framework/org.wso2.carbon.identity.certificate.management/7.8.167/org.wso2.carbon.identity.certificate.management-7.8.167.jar returned status 404
7.8.168			IOException: Tail request on https://maven-central.storage-download.googleapis.com/maven2/org/wso2/carbon/identity/framework/org.wso2.carbon.identity.certificate.management/7.8.168/org.wso2.carbon.identity.certificate.management-7.8.168.jar returned status 404
7.8.169			IOException: Tail request on https://maven-central.storage-download.googleapis.com/maven2/org/wso2/carbon/identity/framework/org.wso2.carbon.identity.certificate.management/7.8.169/org.wso2.carbon.identity.certificate.management-7.8.169.jar returned status 404
7.8.17			IOException: Tail request on https://maven-central.storage-download.googleapis.com/maven2/org/wso2/carbon/identity/framework/org.wso2.carbon.identity.certificate.management/7.8.17/org.wso2.carbon.identity.certificate.management-7.8.17.jar returned status 404
7.8.170			IOException: Tail request on https://maven-central.storage-download.googleapis.com/maven2/org/wso2/carbon/identity/framework/org.wso2.carbon.identity.certificate.management/7.8.170/org.wso2.carbon.identity.certificate.management-7.8.170.jar returned status 404
7.8.171			IOException: Tail request on https://maven-central.storage-download.googleapis.com/maven2/org/wso2/carbon/identity/framework/org.wso2.carbon.identity.certificate.management/7.8.171/org.wso2.carbon.identity.certificate.management-7.8.171.jar returned status 404
7.8.172			IOException: Tail request on https://maven-central.storage-download.googleapis.com/maven2/org/wso2/carbon/identity/framework/org.wso2.carbon.identity.certificate.management/7.8.172/org.wso2.carbon.identity.certificate.management-7.8.172.jar returned status 404
7.8.173			IOException: Tail request on https://maven-central.storage-download.googleapis.com/maven2/org/wso2/carbon/identity/framework/org.wso2.carbon.identity.certificate.management/7.8.173/org.wso2.carbon.identity.certificate.management-7.8.173.jar returned status 404
7.8.174			IOException: Tail request on https://maven-central.storage-download.googleapis.com/maven2/org/wso2/carbon/identity/framework/org.wso2.carbon.identity.certificate.management/7.8.174/org.wso2.carbon.identity.certificate.management-7.8.174.jar returned status 404
7.8.175			IOException: Tail request on https://maven-central.storage-download.googleapis.com/maven2/org/wso2/carbon/identity/framework/org.wso2.carbon.identity.certificate.management/7.8.175/org.wso2.carbon.identity.certificate.management-7.8.175.jar returned status 404
7.8.176			IOException: Tail request on https://maven-central.storage-download.googleapis.com/maven2/org/wso2/carbon/identity/framework/org.wso2.carbon.identity.certificate.management/7.8.176/org.wso2.carbon.identity.certificate.management-7.8.176.jar returned status 404
7.8.177			IOException: Tail request on https://maven-central.storage-download.googleapis.com/maven2/org/wso2/carbon/identity/framework/org.wso2.carbon.identity.certificate.management/7.8.177/org.wso2.carbon.identity.certificate.management-7.8.177.jar returned status 404
7.8.178			IOException: Tail request on https://maven-central.storage-download.googleapis.com/maven2/org/wso2/carbon/identity/framework/org.wso2.carbon.identity.certificate.management/7.8.178/org.wso2.carbon.identity.certificate.management-7.8.178.jar returned status 404
7.8.179			IOException: Tail request on https://maven-central.storage-download.googleapis.com/maven2/org/wso2/carbon/identity/framework/org.wso2.carbon.identity.certificate.management/7.8.179/org.wso2.carbon.identity.certificate.management-7.8.179.jar returned status 404
7.8.18			IOException: Tail request on https://maven-central.storage-download.googleapis.com/maven2/org/wso2/carbon/identity/framework/org.wso2.carbon.identity.certificate.management/7.8.18/org.wso2.carbon.identity.certificate.management-7.8.18.jar returned status 404
7.8.180			IOException: Tail request on https://maven-central.storage-download.googleapis.com/maven2/org/wso2/carbon/identity/framework/org.wso2.carbon.identity.certificate.management/7.8.180/org.wso2.carbon.identity.certificate.management-7.8.180.jar returned status 404
7.8.181			IOException: Tail request on https://maven-central.storage-download.googleapis.com/maven2/org/wso2/carbon/identity/framework/org.wso2.carbon.identity.certificate.management/7.8.181/org.wso2.carbon.identity.certificate.management-7.8.181.jar returned status 404
7.8.182			IOException: Tail request on https://maven-central.storage-download.googleapis.com/maven2/org/wso2/carbon/identity/framework/org.wso2.carbon.identity.certificate.management/7.8.182/org.wso2.carbon.identity.certificate.management-7.8.182.jar returned status 404
7.8.183			IOException: Tail request on https://maven-central.storage-download.googleapis.com/maven2/org/wso2/carbon/identity/framework/org.wso2.carbon.identity.certificate.management/7.8.183/org.wso2.carbon.identity.certificate.management-7.8.183.jar returned status 404
7.8.184			IOException: Tail request on https://maven-central.storage-download.googleapis.com/maven2/org/wso2/carbon/identity/framework/org.wso2.carbon.identity.certificate.management/7.8.184/org.wso2.carbon.identity.certificate.management-7.8.184.jar returned status 404
7.8.185			IOException: Tail request on https://maven-central.storage-download.googleapis.com/maven2/org/wso2/carbon/identity/framework/org.wso2.carbon.identity.certificate.management/7.8.185/org.wso2.carbon.identity.certificate.management-7.8.185.jar returned status 404
7.8.186			IOException: Tail request on https://maven-central.storage-download.googleapis.com/maven2/org/wso2/carbon/identity/framework/org.wso2.carbon.identity.certificate.management/7.8.186/org.wso2.carbon.identity.certificate.management-7.8.186.jar returned status 404
7.8.187			IOException: Tail request on https://maven-central.storage-download.googleapis.com/maven2/org/wso2/carbon/identity/framework/org.wso2.carbon.identity.certificate.management/7.8.187/org.wso2.carbon.identity.certificate.management-7.8.187.jar returned status 404
7.8.188			IOException: Tail request on https://maven-central.storage-download.googleapis.com/maven2/org/wso2/carbon/identity/framework/org.wso2.carbon.identity.certificate.management/7.8.188/org.wso2.carbon.identity.certificate.management-7.8.188.jar returned status 404
7.8.189			IOException: Tail request on https://maven-central.storage-download.googleapis.com/maven2/org/wso2/carbon/identity/framework/org.wso2.carbon.identity.certificate.management/7.8.189/org.wso2.carbon.identity.certificate.management-7.8.189.jar returned status 404
7.8.19			IOException: Tail request on https://maven-central.storage-download.googleapis.com/maven2/org/wso2/carbon/identity/framework/org.wso2.carbon.identity.certificate.management/7.8.19/org.wso2.carbon.identity.certificate.management-7.8.19.jar returned status 404
7.8.190			IOException: Tail request on https://maven-central.storage-download.googleapis.com/maven2/org/wso2/carbon/identity/framework/org.wso2.carbon.identity.certificate.management/7.8.190/org.wso2.carbon.identity.certificate.management-7.8.190.jar returned status 404
7.8.191			IOException: Tail request on https://maven-central.storage-download.googleapis.com/maven2/org/wso2/carbon/identity/framework/org.wso2.carbon.identity.certificate.management/7.8.191/org.wso2.carbon.identity.certificate.management-7.8.191.jar returned status 404
7.8.192			IOException: Tail request on https://maven-central.storage-download.googleapis.com/maven2/org/wso2/carbon/identity/framework/org.wso2.carbon.identity.certificate.management/7.8.192/org.wso2.carbon.identity.certificate.management-7.8.192.jar returned status 404
7.8.193			IOException: Tail request on https://maven-central.storage-download.googleapis.com/maven2/org/wso2/carbon/identity/framework/org.wso2.carbon.identity.certificate.management/7.8.193/org.wso2.carbon.identity.certificate.management-7.8.193.jar returned status 404
7.8.194			IOException: Tail request on https://maven-central.storage-download.googleapis.com/maven2/org/wso2/carbon/identity/framework/org.wso2.carbon.identity.certificate.management/7.8.194/org.wso2.carbon.identity.certificate.management-7.8.194.jar returned status 404
7.8.195			IOException: Tail request on https://maven-central.storage-download.googleapis.com/maven2/org/wso2/carbon/identity/framework/org.wso2.carbon.identity.certificate.management/7.8.195/org.wso2.carbon.identity.certificate.management-7.8.195.jar returned status 404
7.8.196			IOException: Tail request on https://maven-central.storage-download.googleapis.com/maven2/org/wso2/carbon/identity/framework/org.wso2.carbon.identity.certificate.management/7.8.196/org.wso2.carbon.identity.certificate.management-7.8.196.jar returned status 404
7.8.197			IOException: Tail request on https://maven-central.storage-download.googleapis.com/maven2/org/wso2/carbon/identity/framework/org.wso2.carbon.identity.certificate.management/7.8.197/org.wso2.carbon.identity.certificate.management-7.8.197.jar returned status 404
7.8.198			IOException: Tail request on https://maven-central.storage-download.googleapis.com/maven2/org/wso2/carbon/identity/framework/org.wso2.carbon.identity.certificate.management/7.8.198/org.wso2.carbon.identity.certificate.management-7.8.198.jar returned status 404
7.8.199			IOException: Tail request on https://maven-central.storage-download.googleapis.com/maven2/org/wso2/carbon/identity/framework/org.wso2.carbon.identity.certificate.management/7.8.199/org.wso2.carbon.identity.certificate.management-7.8.199.jar returned status 404
7.8.2		2025-02-18T18:17:22Z	
7.8.20			IOException: Tail request on https://maven-central.storage-download.googleapis.com/maven2/org/wso2/carbon/identity/framework/org.wso2.carbon.identity.certificate.management/7.8.20/org.wso2.carbon.identity.certificate.management-7.8.20.jar returned status 404
7.8.200			IOException: Tail request on https://maven-central.storage-download.googleapis.com/maven2/org/wso2/carbon/identity/framework/org.wso2.carbon.identity.certificate.management/7.8.200/org.wso2.carbon.identity.certificate.management-7.8.200.jar returned status 404
7.8.201			IOException: Tail request on https://maven-central.storage-download.googleapis.com/maven2/org/wso2/carbon/identity/framework/org.wso2.carbon.identity.certificate.management/7.8.201/org.wso2.carbon.identity.certificate.management-7.8.201.jar returned status 404
7.8.202			IOException: Tail request on https://maven-central.storage-download.googleapis.com/maven2/org/wso2/carbon/identity/framework/org.wso2.carbon.identity.certificate.management/7.8.202/org.wso2.carbon.identity.certificate.management-7.8.202.jar returned status 404
7.8.203			IOException: Tail request on https://maven-central.storage-download.googleapis.com/maven2/org/wso2/carbon/identity/framework/org.wso2.carbon.identity.certificate.management/7.8.203/org.wso2.carbon.identity.certificate.management-7.8.203.jar returned status 404
7.8.204			IOException: Tail request on https://maven-central.storage-download.googleapis.com/maven2/org/wso2/carbon/identity/framework/org.wso2.carbon.identity.certificate.management/7.8.204/org.wso2.carbon.identity.certificate.management-7.8.204.jar returned status 404
7.8.205			IOException: Tail request on https://maven-central.storage-download.googleapis.com/maven2/org/wso2/carbon/identity/framework/org.wso2.carbon.identity.certificate.management/7.8.205/org.wso2.carbon.identity.certificate.management-7.8.205.jar returned status 404
7.8.206			IOException: Tail request on https://maven-central.storage-download.googleapis.com/maven2/org/wso2/carbon/identity/framework/org.wso2.carbon.identity.certificate.management/7.8.206/org.wso2.carbon.identity.certificate.management-7.8.206.jar returned status 404
7.8.207			IOException: Tail request on https://maven-central.storage-download.googleapis.com/maven2/org/wso2/carbon/identity/framework/org.wso2.carbon.identity.certificate.management/7.8.207/org.wso2.carbon.identity.certificate.management-7.8.207.jar returned status 404
7.8.208			IOException: Tail request on https://maven-central.storage-download.googleapis.com/maven2/org/wso2/carbon/identity/framework/org.wso2.carbon.identity.certificate.management/7.8.208/org.wso2.carbon.identity.certificate.management-7.8.208.jar returned status 404
7.8.209			IOException: Tail request on https://maven-central.storage-download.googleapis.com/maven2/org/wso2/carbon/identity/framework/org.wso2.carbon.identity.certificate.management/7.8.209/org.wso2.carbon.identity.certificate.management-7.8.209.jar returned status 404
7.8.21			IOException: Tail request on https://maven-central.storage-download.googleapis.com/maven2/org/wso2/carbon/identity/framework/org.wso2.carbon.identity.certificate.management/7.8.21/org.wso2.carbon.identity.certificate.management-7.8.21.jar returned status 404
7.8.210			IOException: Tail request on https://maven-central.storage-download.googleapis.com/maven2/org/wso2/carbon/identity/framework/org.wso2.carbon.identity.certificate.management/7.8.210/org.wso2.carbon.identity.certificate.management-7.8.210.jar returned status 404
7.8.211			IOException: Tail request on https://maven-central.storage-download.googleapis.com/maven2/org/wso2/carbon/identity/framework/org.wso2.carbon.identity.certificate.management/7.8.211/org.wso2.carbon.identity.certificate.management-7.8.211.jar returned status 404
7.8.212			IOException: Tail request on https://maven-central.storage-download.googleapis.com/maven2/org/wso2/carbon/identity/framework/org.wso2.carbon.identity.certificate.management/7.8.212/org.wso2.carbon.identity.certificate.management-7.8.212.jar returned status 404
7.8.213			IOException: Tail request on https://maven-central.storage-download.googleapis.com/maven2/org/wso2/carbon/identity/framework/org.wso2.carbon.identity.certificate.management/7.8.213/org.wso2.carbon.identity.certificate.management-7.8.213.jar returned status 404
7.8.214			IOException: Tail request on https://maven-central.storage-download.googleapis.com/maven2/org/wso2/carbon/identity/framework/org.wso2.carbon.identity.certificate.management/7.8.214/org.wso2.carbon.identity.certificate.management-7.8.214.jar returned status 404
7.8.215			IOException: Tail request on https://maven-central.storage-download.googleapis.com/maven2/org/wso2/carbon/identity/framework/org.wso2.carbon.identity.certificate.management/7.8.215/org.wso2.carbon.identity.certificate.management-7.8.215.jar returned status 404
7.8.216			IOException: Tail request on https://maven-central.storage-download.googleapis.com/maven2/org/wso2/carbon/identity/framework/org.wso2.carbon.identity.certificate.management/7.8.216/org.wso2.carbon.identity.certificate.management-7.8.216.jar returned status 404
7.8.217			IOException: Tail request on https://maven-central.storage-download.googleapis.com/maven2/org/wso2/carbon/identity/framework/org.wso2.carbon.identity.certificate.management/7.8.217/org.wso2.carbon.identity.certificate.management-7.8.217.jar returned status 404
7.8.218			IOException: Tail request on https://maven-central.storage-download.googleapis.com/maven2/org/wso2/carbon/identity/framework/org.wso2.carbon.identity.certificate.management/7.8.218/org.wso2.carbon.identity.certificate.management-7.8.218.jar returned status 404
7.8.219			IOException: Tail request on https://maven-central.storage-download.googleapis.com/maven2/org/wso2/carbon/identity/framework/org.wso2.carbon.identity.certificate.management/7.8.219/org.wso2.carbon.identity.certificate.management-7.8.219.jar returned status 404
7.8.22			IOException: Tail request on https://maven-central.storage-download.googleapis.com/maven2/org/wso2/carbon/identity/framework/org.wso2.carbon.identity.certificate.management/7.8.22/org.wso2.carbon.identity.certificate.management-7.8.22.jar returned status 404
7.8.220			IOException: Tail request on https://maven-central.storage-download.googleapis.com/maven2/org/wso2/carbon/identity/framework/org.wso2.carbon.identity.certificate.management/7.8.220/org.wso2.carbon.identity.certificate.management-7.8.220.jar returned status 404
7.8.221			IOException: Tail request on https://maven-central.storage-download.googleapis.com/maven2/org/wso2/carbon/identity/framework/org.wso2.carbon.identity.certificate.management/7.8.221/org.wso2.carbon.identity.certificate.management-7.8.221.jar returned status 404
7.8.222			IOException: Tail request on https://maven-central.storage-download.googleapis.com/maven2/org/wso2/carbon/identity/framework/org.wso2.carbon.identity.certificate.management/7.8.222/org.wso2.carbon.identity.certificate.management-7.8.222.jar returned status 404
7.8.223			IOException: Tail request on https://maven-central.storage-download.googleapis.com/maven2/org/wso2/carbon/identity/framework/org.wso2.carbon.identity.certificate.management/7.8.223/org.wso2.carbon.identity.certificate.management-7.8.223.jar returned status 404
7.8.224			IOException: Tail request on https://maven-central.storage-download.googleapis.com/maven2/org/wso2/carbon/identity/framework/org.wso2.carbon.identity.certificate.management/7.8.224/org.wso2.carbon.identity.certificate.management-7.8.224.jar returned status 404
7.8.225			IOException: Tail request on https://maven-central.storage-download.googleapis.com/maven2/org/wso2/carbon/identity/framework/org.wso2.carbon.identity.certificate.management/7.8.225/org.wso2.carbon.identity.certificate.management-7.8.225.jar returned status 404
7.8.226			IOException: Tail request on https://maven-central.storage-download.googleapis.com/maven2/org/wso2/carbon/identity/framework/org.wso2.carbon.identity.certificate.management/7.8.226/org.wso2.carbon.identity.certificate.management-7.8.226.jar returned status 404
7.8.227			IOException: Tail request on https://maven-central.storage-download.googleapis.com/maven2/org/wso2/carbon/identity/framework/org.wso2.carbon.identity.certificate.management/7.8.227/org.wso2.carbon.identity.certificate.management-7.8.227.jar returned status 404
7.8.228			IOException: Tail request on https://maven-central.storage-download.googleapis.com/maven2/org/wso2/carbon/identity/framework/org.wso2.carbon.identity.certificate.management/7.8.228/org.wso2.carbon.identity.certificate.management-7.8.228.jar returned status 404
7.8.229			IOException: Tail request on https://maven-central.storage-download.googleapis.com/maven2/org/wso2/carbon/identity/framework/org.wso2.carbon.identity.certificate.management/7.8.229/org.wso2.carbon.identity.certificate.management-7.8.229.jar returned status 404
7.8.23			IOException: Tail request on https://maven-central.storage-download.googleapis.com/maven2/org/wso2/carbon/identity/framework/org.wso2.carbon.identity.certificate.management/7.8.23/org.wso2.carbon.identity.certificate.management-7.8.23.jar returned status 404
7.8.230			IOException: Tail request on https://maven-central.storage-download.googleapis.com/maven2/org/wso2/carbon/identity/framework/org.wso2.carbon.identity.certificate.management/7.8.230/org.wso2.carbon.identity.certificate.management-7.8.230.jar returned status 404
7.8.231			IOException: Tail request on https://maven-central.storage-download.googleapis.com/maven2/org/wso2/carbon/identity/framework/org.wso2.carbon.identity.certificate.management/7.8.231/org.wso2.carbon.identity.certificate.management-7.8.231.jar returned status 404
7.8.24			IOException: Tail request on https://maven-central.storage-download.googleapis.com/maven2/org/wso2/carbon/identity/framework/org.wso2.carbon.identity.certificate.management/7.8.24/org.wso2.carbon.identity.certificate.management-7.8.24.jar returned status 404
7.8.25			IOException: Tail request on https://maven-central.storage-download.googleapis.com/maven2/org/wso2/carbon/identity/framework/org.wso2.carbon.identity.certificate.management/7.8.25/org.wso2.carbon.identity.certificate.management-7.8.25.jar returned status 404
7.8.26			IOException: Tail request on https://maven-central.storage-download.googleapis.com/maven2/org/wso2/carbon/identity/framework/org.wso2.carbon.identity.certificate.management/7.8.26/org.wso2.carbon.identity.certificate.management-7.8.26.jar returned status 404
7.8.27			IOException: Tail request on https://maven-central.storage-download.googleapis.com/maven2/org/wso2/carbon/identity/framework/org.wso2.carbon.identity.certificate.management/7.8.27/org.wso2.carbon.identity.certificate.management-7.8.27.jar returned status 404
7.8.28			IOException: Tail request on https://maven-central.storage-download.googleapis.com/maven2/org/wso2/carbon/identity/framework/org.wso2.carbon.identity.certificate.management/7.8.28/org.wso2.carbon.identity.certificate.management-7.8.28.jar returned status 404
7.8.29			IOException: Tail request on https://maven-central.storage-download.googleapis.com/maven2/org/wso2/carbon/identity/framework/org.wso2.carbon.identity.certificate.management/7.8.29/org.wso2.carbon.identity.certificate.management-7.8.29.jar returned status 404
7.8.3		2025-02-18T20:55:49Z	
7.8.30			IOException: Tail request on https://maven-central.storage-download.googleapis.com/maven2/org/wso2/carbon/identity/framework/org.wso2.carbon.identity.certificate.management/7.8.30/org.wso2.carbon.identity.certificate.management-7.8.30.jar returned status 404
7.8.31			IOException: Tail request on https://maven-central.storage-download.googleapis.com/maven2/org/wso2/carbon/identity/framework/org.wso2.carbon.identity.certificate.management/7.8.31/org.wso2.carbon.identity.certificate.management-7.8.31.jar returned status 404
7.8.32			IOException: Tail request on https://maven-central.storage-download.googleapis.com/maven2/org/wso2/carbon/identity/framework/org.wso2.carbon.identity.certificate.management/7.8.32/org.wso2.carbon.identity.certificate.management-7.8.32.jar returned status 404
7.8.33			IOException: Tail request on https://maven-central.storage-download.googleapis.com/maven2/org/wso2/carbon/identity/framework/org.wso2.carbon.identity.certificate.management/7.8.33/org.wso2.carbon.identity.certificate.management-7.8.33.jar returned status 404
7.8.34			IOException: Tail request on https://maven-central.storage-download.googleapis.com/maven2/org/wso2/carbon/identity/framework/org.wso2.carbon.identity.certificate.management/7.8.34/org.wso2.carbon.identity.certificate.management-7.8.34.jar returned status 404
7.8.35			IOException: Tail request on https://maven-central.storage-download.googleapis.com/maven2/org/wso2/carbon/identity/framework/org.wso2.carbon.identity.certificate.management/7.8.35/org.wso2.carbon.identity.certificate.management-7.8.35.jar returned status 404
7.8.36			IOException: Tail request on https://maven-central.storage-download.googleapis.com/maven2/org/wso2/carbon/identity/framework/org.wso2.carbon.identity.certificate.management/7.8.36/org.wso2.carbon.identity.certificate.management-7.8.36.jar returned status 404
7.8.37			IOException: Tail request on https://maven-central.storage-download.googleapis.com/maven2/org/wso2/carbon/identity/framework/org.wso2.carbon.identity.certificate.management/7.8.37/org.wso2.carbon.identity.certificate.management-7.8.37.jar returned status 404
7.8.38			IOException: Tail request on https://maven-central.storage-download.googleapis.com/maven2/org/wso2/carbon/identity/framework/org.wso2.carbon.identity.certificate.management/7.8.38/org.wso2.carbon.identity.certificate.management-7.8.38.jar returned status 404
7.8.39			IOException: Tail request on https://maven-central.storage-download.googleapis.com/maven2/org/wso2/carbon/identity/framework/org.wso2.carbon.identity.certificate.management/7.8.39/org.wso2.carbon.identity.certificate.management-7.8.39.jar returned status 404
7.8.4			IOException: Tail request on https://maven-central.storage-download.googleapis.com/maven2/org/wso2/carbon/identity/framework/org.wso2.carbon.identity.certificate.management/7.8.4/org.wso2.carbon.identity.certificate.management-7.8.4.jar returned status 404
7.8.40			IOException: Tail request on https://maven-central.storage-download.googleapis.com/maven2/org/wso2/carbon/identity/framework/org.wso2.carbon.identity.certificate.management/7.8.40/org.wso2.carbon.identity.certificate.management-7.8.40.jar returned status 404
7.8.41			IOException: Tail request on https://maven-central.storage-download.googleapis.com/maven2/org/wso2/carbon/identity/framework/org.wso2.carbon.identity.certificate.management/7.8.41/org.wso2.carbon.identity.certificate.management-7.8.41.jar returned status 404
7.8.42			IOException: Tail request on https://maven-central.storage-download.googleapis.com/maven2/org/wso2/carbon/identity/framework/org.wso2.carbon.identity.certificate.management/7.8.42/org.wso2.carbon.identity.certificate.management-7.8.42.jar returned status 404
7.8.43			IOException: Tail request on https://maven-central.storage-download.googleapis.com/maven2/org/wso2/carbon/identity/framework/org.wso2.carbon.identity.certificate.management/7.8.43/org.wso2.carbon.identity.certificate.management-7.8.43.jar returned status 404
7.8.44			IOException: Tail request on https://maven-central.storage-download.googleapis.com/maven2/org/wso2/carbon/identity/framework/org.wso2.carbon.identity.certificate.management/7.8.44/org.wso2.carbon.identity.certificate.management-7.8.44.jar returned status 404
7.8.45			IOException: Tail request on https://maven-central.storage-download.googleapis.com/maven2/org/wso2/carbon/identity/framework/org.wso2.carbon.identity.certificate.management/7.8.45/org.wso2.carbon.identity.certificate.management-7.8.45.jar returned status 404
7.8.46			IOException: Tail request on https://maven-central.storage-download.googleapis.com/maven2/org/wso2/carbon/identity/framework/org.wso2.carbon.identity.certificate.management/7.8.46/org.wso2.carbon.identity.certificate.management-7.8.46.jar returned status 404
7.8.47			IOException: Tail request on https://maven-central.storage-download.googleapis.com/maven2/org/wso2/carbon/identity/framework/org.wso2.carbon.identity.certificate.management/7.8.47/org.wso2.carbon.identity.certificate.management-7.8.47.jar returned status 404
7.8.48			IOException: Tail request on https://maven-central.storage-download.googleapis.com/maven2/org/wso2/carbon/identity/framework/org.wso2.carbon.identity.certificate.management/7.8.48/org.wso2.carbon.identity.certificate.management-7.8.48.jar returned status 404
7.8.49			IOException: Tail request on https://maven-central.storage-download.googleapis.com/maven2/org/wso2/carbon/identity/framework/org.wso2.carbon.identity.certificate.management/7.8.49/org.wso2.carbon.identity.certificate.management-7.8.49.jar returned status 404
7.8.5			IOException: Tail request on https://maven-central.storage-download.googleapis.com/maven2/org/wso2/carbon/identity/framework/org.wso2.carbon.identity.certificate.management/7.8.5/org.wso2.carbon.identity.certificate.management-7.8.5.jar returned status 404
7.8.50			IOException: Tail request on https://maven-central.storage-download.googleapis.com/maven2/org/wso2/carbon/identity/framework/org.wso2.carbon.identity.certificate.management/7.8.50/org.wso2.carbon.identity.certificate.management-7.8.50.jar returned status 404
7.8.51			IOException: Tail request on https://maven-central.storage-download.googleapis.com/maven2/org/wso2/carbon/identity/framework/org.wso2.carbon.identity.certificate.management/7.8.51/org.wso2.carbon.identity.certificate.management-7.8.51.jar returned status 404
7.8.52			IOException: Tail request on https://maven-central.storage-download.googleapis.com/maven2/org/wso2/carbon/identity/framework/org.wso2.carbon.identity.certificate.management/7.8.52/org.wso2.carbon.identity.certificate.management-7.8.52.jar returned status 404
7.8.53			IOException: Tail request on https://maven-central.storage-download.googleapis.com/maven2/org/wso2/carbon/identity/framework/org.wso2.carbon.identity.certificate.management/7.8.53/org.wso2.carbon.identity.certificate.management-7.8.53.jar returned status 404
7.8.54			IOException: Tail request on https://maven-central.storage-download.googleapis.com/maven2/org/wso2/carbon/identity/framework/org.wso2.carbon.identity.certificate.management/7.8.54/org.wso2.carbon.identity.certificate.management-7.8.54.jar returned status 404
7.8.55			IOException: Tail request on https://maven-central.storage-download.googleapis.com/maven2/org/wso2/carbon/identity/framework/org.wso2.carbon.identity.certificate.management/7.8.55/org.wso2.carbon.identity.certificate.management-7.8.55.jar returned status 404
7.8.56			IOException: Tail request on https://maven-central.storage-download.googleapis.com/maven2/org/wso2/carbon/identity/framework/org.wso2.carbon.identity.certificate.management/7.8.56/org.wso2.carbon.identity.certificate.management-7.8.56.jar returned status 404
7.8.57			IOException: Tail request on https://maven-central.storage-download.googleapis.com/maven2/org/wso2/carbon/identity/framework/org.wso2.carbon.identity.certificate.management/7.8.57/org.wso2.carbon.identity.certificate.management-7.8.57.jar returned status 404
7.8.58			IOException: Tail request on https://maven-central.storage-download.googleapis.com/maven2/org/wso2/carbon/identity/framework/org.wso2.carbon.identity.certificate.management/7.8.58/org.wso2.carbon.identity.certificate.management-7.8.58.jar returned status 404
7.8.59			IOException: Tail request on https://maven-central.storage-download.googleapis.com/maven2/org/wso2/carbon/identity/framework/org.wso2.carbon.identity.certificate.management/7.8.59/org.wso2.carbon.identity.certificate.management-7.8.59.jar returned status 404
7.8.6			IOException: Tail request on https://maven-central.storage-download.googleapis.com/maven2/org/wso2/carbon/identity/framework/org.wso2.carbon.identity.certificate.management/7.8.6/org.wso2.carbon.identity.certificate.management-7.8.6.jar returned status 404
7.8.60			IOException: Tail request on https://maven-central.storage-download.googleapis.com/maven2/org/wso2/carbon/identity/framework/org.wso2.carbon.identity.certificate.management/7.8.60/org.wso2.carbon.identity.certificate.management-7.8.60.jar returned status 404
7.8.61			IOException: Tail request on https://maven-central.storage-download.googleapis.com/maven2/org/wso2/carbon/identity/framework/org.wso2.carbon.identity.certificate.management/7.8.61/org.wso2.carbon.identity.certificate.management-7.8.61.jar returned status 404
7.8.614		2025-11-16T15:59:16Z	
7.8.615		2025-11-18T12:03:22Z	
7.8.616		2025-11-18T19:15:50Z	
7.8.617		2025-11-19T08:52:27Z	
7.8.618		2025-11-20T03:25:12Z	
7.8.619		2025-11-20T05:58:02Z	
7.8.62			IOException: Tail request on https://maven-central.storage-download.googleapis.com/maven2/org/wso2/carbon/identity/framework/org.wso2.carbon.identity.certificate.management/7.8.62/org.wso2.carbon.identity.certificate.management-7.8.62.jar returned status 404
7.8.620		2025-11-20T11:09:48Z	
7.8.621		2025-11-20T13:07:39Z	
7.8.622		2025-11-21T05:22:26Z	
7.8.623		2025-11-21T07:36:44Z	
7.8.624		2025-11-21T09:51:24Z	
7.8.625		2025-11-21T16:58:57Z	
7.8.626		2025-11-24T07:18:30Z	
7.8.627		2025-11-24T11:35:25Z	
7.8.628		2025-11-24T16:27:02Z	
7.8.629		2025-12-03T11:47:57Z	
7.8.63			IOException: Tail request on https://maven-central.storage-download.googleapis.com/maven2/org/wso2/carbon/identity/framework/org.wso2.carbon.identity.certificate.management/7.8.63/org.wso2.carbon.identity.certificate.management-7.8.63.jar returned status 404
7.8.630		2025-12-04T19:20:03Z	
7.8.631		2025-12-05T08:30:45Z	
7.8.632		2025-12-06T03:48:31Z	
7.8.633		2025-12-08T10:23:23Z	
7.8.634		2025-12-09T12:03:53Z	
7.8.635		2025-12-09T15:36:53Z	
7.8.636		2025-12-10T04:21:02Z	
7.8.637		2025-12-10T09:48:28Z	
7.8.638		2025-12-10T11:26:19Z	
7.8.639		2025-12-11T03:34:42Z	
7.8.64			IOException: Tail request on https://maven-central.storage-download.googleapis.com/maven2/org/wso2/carbon/identity/framework/org.wso2.carbon.identity.certificate.management/7.8.64/org.wso2.carbon.identity.certificate.management-7.8.64.jar returned status 404
7.8.640		2025-12-14T05:24:25Z	
7.8.641		2025-12-15T04:28:09Z	
7.8.642		2025-12-15T05:24:42Z	
7.8.643		2025-12-16T08:24:25Z	
7.8.644		2025-12-20T13:37:01Z	
7.8.645		2025-12-22T07:09:54Z	
7.8.646		2025-12-22T13:22:40Z	
7.8.647		2025-12-23T05:18:26Z	
7.8.648		2026-01-04T15:20:34Z	
7.8.649		2026-01-05T06:08:45Z	
7.8.65			IOException: Tail request on https://maven-central.storage-download.googleapis.com/maven2/org/wso2/carbon/identity/framework/org.wso2.carbon.identity.certificate.management/7.8.65/org.wso2.carbon.identity.certificate.management-7.8.65.jar returned status 404
7.8.650		2026-01-05T07:43:57Z	
7.8.651		2026-01-06T07:02:51Z	
7.8.652		2026-01-07T04:59:47Z	
7.8.653		2026-01-07T06:32:15Z	
7.8.654		2026-01-09T07:19:00Z	
7.8.655		2026-01-11T16:04:31Z	
7.8.656		2026-01-11T17:43:38Z	
7.8.657		2026-01-14T07:19:20Z	
7.8.658		2026-01-14T12:26:03Z	
7.8.659		2026-01-18T11:30:37Z	
7.8.66			IOException: Tail request on https://maven-central.storage-download.googleapis.com/maven2/org/wso2/carbon/identity/framework/org.wso2.carbon.identity.certificate.management/7.8.66/org.wso2.carbon.identity.certificate.management-7.8.66.jar returned status 404
7.8.660		2026-01-19T04:47:14Z	
7.8.661		2026-01-20T06:51:55Z	
7.8.662		2026-01-20T11:18:42Z	
7.8.663		2026-01-21T08:23:13Z	
7.8.664		2026-01-23T06:42:30Z	
7.8.665		2026-01-26T04:16:33Z	
7.8.666		2026-01-27T05:02:50Z	
7.8.667		2026-01-27T05:59:51Z	
7.8.668		2026-01-28T10:41:22Z	
7.8.669		2026-01-29T11:26:59Z	
7.8.67			IOException: Tail request on https://maven-central.storage-download.googleapis.com/maven2/org/wso2/carbon/identity/framework/org.wso2.carbon.identity.certificate.management/7.8.67/org.wso2.carbon.identity.certificate.management-7.8.67.jar returned status 404
7.8.670		2026-02-01T11:57:56Z	
7.8.671		2026-02-03T05:26:46Z	
7.8.672		2026-02-03T07:01:27Z	
7.8.673		2026-02-05T07:36:56Z	
7.8.674		2026-02-05T10:14:48Z	
7.8.675		2026-02-05T12:23:02Z	
7.8.676		2026-02-06T05:03:52Z	
7.8.677		2026-02-07T09:34:00Z	
7.8.678		2026-02-09T10:37:11Z	
7.8.679		2026-02-09T11:36:33Z	
7.8.68			IOException: Tail request on https://maven-central.storage-download.googleapis.com/maven2/org/wso2/carbon/identity/framework/org.wso2.carbon.identity.certificate.management/7.8.68/org.wso2.carbon.identity.certificate.management-7.8.68.jar returned status 404
7.8.680		2026-02-10T05:28:58Z	
7.8.681		2026-02-10T17:42:37Z	
7.8.682		2026-02-11T11:02:32Z	
7.8.683		2026-02-11T12:16:19Z	
7.8.684		2026-02-11T17:55:52Z	
7.8.685		2026-02-12T12:46:38Z	
7.8.69			IOException: Tail request on https://maven-central.storage-download.googleapis.com/maven2/org/wso2/carbon/identity/framework/org.wso2.carbon.identity.certificate.management/7.8.69/org.wso2.carbon.identity.certificate.management-7.8.69.jar returned status 404
7.8.7			IOException: Tail request on https://maven-central.storage-download.googleapis.com/maven2/org/wso2/carbon/identity/framework/org.wso2.carbon.identity.certificate.management/7.8.7/org.wso2.carbon.identity.certificate.management-7.8.7.jar returned status 404
7.8.70			IOException: Tail request on https://maven-central.storage-download.googleapis.com/maven2/org/wso2/carbon/identity/framework/org.wso2.carbon.identity.certificate.management/7.8.70/org.wso2.carbon.identity.certificate.management-7.8.70.jar returned status 404
7.8.71			IOException: Tail request on https://maven-central.storage-download.googleapis.com/maven2/org/wso2/carbon/identity/framework/org.wso2.carbon.identity.certificate.management/7.8.71/org.wso2.carbon.identity.certificate.management-7.8.71.jar returned status 404
7.8.72			IOException: Tail request on https://maven-central.storage-download.googleapis.com/maven2/org/wso2/carbon/identity/framework/org.wso2.carbon.identity.certificate.management/7.8.72/org.wso2.carbon.identity.certificate.management-7.8.72.jar returned status 404
7.8.73			IOException: Tail request on https://maven-central.storage-download.googleapis.com/maven2/org/wso2/carbon/identity/framework/org.wso2.carbon.identity.certificate.management/7.8.73/org.wso2.carbon.identity.certificate.management-7.8.73.jar returned status 404
7.8.74			IOException: Tail request on https://maven-central.storage-download.googleapis.com/maven2/org/wso2/carbon/identity/framework/org.wso2.carbon.identity.certificate.management/7.8.74/org.wso2.carbon.identity.certificate.management-7.8.74.jar returned status 404
7.8.75			IOException: Tail request on https://maven-central.storage-download.googleapis.com/maven2/org/wso2/carbon/identity/framework/org.wso2.carbon.identity.certificate.management/7.8.75/org.wso2.carbon.identity.certificate.management-7.8.75.jar returned status 404
7.8.76			IOException: Tail request on https://maven-central.storage-download.googleapis.com/maven2/org/wso2/carbon/identity/framework/org.wso2.carbon.identity.certificate.management/7.8.76/org.wso2.carbon.identity.certificate.management-7.8.76.jar returned status 404
7.8.77			IOException: Tail request on https://maven-central.storage-download.googleapis.com/maven2/org/wso2/carbon/identity/framework/org.wso2.carbon.identity.certificate.management/7.8.77/org.wso2.carbon.identity.certificate.management-7.8.77.jar returned status 404
7.8.78			IOException: Tail request on https://maven-central.storage-download.googleapis.com/maven2/org/wso2/carbon/identity/framework/org.wso2.carbon.identity.certificate.management/7.8.78/org.wso2.carbon.identity.certificate.management-7.8.78.jar returned status 404
7.8.79			IOException: Tail request on https://maven-central.storage-download.googleapis.com/maven2/org/wso2/carbon/identity/framework/org.wso2.carbon.identity.certificate.management/7.8.79/org.wso2.carbon.identity.certificate.management-7.8.79.jar returned status 404
7.8.8			IOException: Tail request on https://maven-central.storage-download.googleapis.com/maven2/org/wso2/carbon/identity/framework/org.wso2.carbon.identity.certificate.management/7.8.8/org.wso2.carbon.identity.certificate.management-7.8.8.jar returned status 404
7.8.80			IOException: Tail request on https://maven-central.storage-download.googleapis.com/maven2/org/wso2/carbon/identity/framework/org.wso2.carbon.identity.certificate.management/7.8.80/org.wso2.carbon.identity.certificate.management-7.8.80.jar returned status 404
7.8.81			IOException: Tail request on https://maven-central.storage-download.googleapis.com/maven2/org/wso2/carbon/identity/framework/org.wso2.carbon.identity.certificate.management/7.8.81/org.wso2.carbon.identity.certificate.management-7.8.81.jar returned status 404
7.8.82			IOException: Tail request on https://maven-central.storage-download.googleapis.com/maven2/org/wso2/carbon/identity/framework/org.wso2.carbon.identity.certificate.management/7.8.82/org.wso2.carbon.identity.certificate.management-7.8.82.jar returned status 404
7.8.83			IOException: Tail request on https://maven-central.storage-download.googleapis.com/maven2/org/wso2/carbon/identity/framework/org.wso2.carbon.identity.certificate.management/7.8.83/org.wso2.carbon.identity.certificate.management-7.8.83.jar returned status 404
7.8.84			IOException: Tail request on https://maven-central.storage-download.googleapis.com/maven2/org/wso2/carbon/identity/framework/org.wso2.carbon.identity.certificate.management/7.8.84/org.wso2.carbon.identity.certificate.management-7.8.84.jar returned status 404
7.8.85			IOException: Tail request on https://maven-central.storage-download.googleapis.com/maven2/org/wso2/carbon/identity/framework/org.wso2.carbon.identity.certificate.management/7.8.85/org.wso2.carbon.identity.certificate.management-7.8.85.jar returned status 404
7.8.86			IOException: Tail request on https://maven-central.storage-download.googleapis.com/maven2/org/wso2/carbon/identity/framework/org.wso2.carbon.identity.certificate.management/7.8.86/org.wso2.carbon.identity.certificate.management-7.8.86.jar returned status 404
7.8.87			IOException: Tail request on https://maven-central.storage-download.googleapis.com/maven2/org/wso2/carbon/identity/framework/org.wso2.carbon.identity.certificate.management/7.8.87/org.wso2.carbon.identity.certificate.management-7.8.87.jar returned status 404
7.8.88			IOException: Tail request on https://maven-central.storage-download.googleapis.com/maven2/org/wso2/carbon/identity/framework/org.wso2.carbon.identity.certificate.management/7.8.88/org.wso2.carbon.identity.certificate.management-7.8.88.jar returned status 404
7.8.89			IOException: Tail request on https://maven-central.storage-download.googleapis.com/maven2/org/wso2/carbon/identity/framework/org.wso2.carbon.identity.certificate.management/7.8.89/org.wso2.carbon.identity.certificate.management-7.8.89.jar returned status 404
7.8.9			IOException: Tail request on https://maven-central.storage-download.googleapis.com/maven2/org/wso2/carbon/identity/framework/org.wso2.carbon.identity.certificate.management/7.8.9/org.wso2.carbon.identity.certificate.management-7.8.9.jar returned status 404
7.8.90			IOException: Tail request on https://maven-central.storage-download.googleapis.com/maven2/org/wso2/carbon/identity/framework/org.wso2.carbon.identity.certificate.management/7.8.90/org.wso2.carbon.identity.certificate.management-7.8.90.jar returned status 404
7.8.91			IOException: Tail request on https://maven-central.storage-download.googleapis.com/maven2/org/wso2/carbon/identity/framework/org.wso2.carbon.identity.certificate.management/7.8.91/org.wso2.carbon.identity.certificate.management-7.8.91.jar returned status 404
7.8.92		2025-03-30T15:49:40Z	
7.8.93		2025-03-30T23:05:59Z	
7.8.94		2025-03-31T04:19:26Z	
7.8.95		2025-04-01T17:30:56Z	
7.8.96		2025-04-02T16:41:50Z	
7.8.97		2025-04-03T09:49:25Z	
7.8.98		2025-04-03T10:39:31Z	
7.8.99		2025-04-05T16:59:02Z	
