7.10.0		2026-02-12T14:44:13Z	
7.10.1		2026-02-13T07:39:17Z	
7.10.10		2026-02-18T05:17:27Z	
7.10.100		2026-03-20T09:39:57Z	
7.10.101		2026-03-21T06:53:41Z	
7.10.102		2026-03-23T06:52:04Z	
7.10.103		2026-03-23T09:48:06Z	
7.10.104		2026-03-23T13:46:03Z	
7.10.106		2026-03-24T12:48:50Z	
7.10.107		2026-03-25T07:51:05Z	
7.10.108		2026-03-25T09:40:41Z	
7.10.109		2026-03-25T16:40:29Z	
7.10.11		2026-02-18T09:11:26Z	
7.10.110		2026-03-26T05:14:53Z	
7.10.111		2026-03-27T06:37:34Z	
7.10.112		2026-03-27T09:36:18Z	
7.10.113		2026-03-27T11:42:36Z	
7.10.114		2026-03-27T13:13:41Z	
7.10.115		2026-03-28T02:38:48Z	
7.10.116		2026-03-29T06:40:56Z	
7.10.117		2026-03-30T03:56:33Z	
7.10.118		2026-03-30T06:16:01Z	
7.10.119		2026-03-30T10:10:41Z	
7.10.12		2026-02-19T02:10:04Z	
7.10.120		2026-03-30T16:53:04Z	
7.10.121		2026-03-31T02:31:15Z	
7.10.122		2026-03-31T08:28:18Z	
7.10.124		2026-03-31T16:28:20Z	
7.10.125		2026-04-01T06:52:50Z	
7.10.126		2026-04-02T07:18:39Z	
7.10.127		2026-04-02T17:13:49Z	
7.10.128		2026-04-02T19:23:12Z	
7.10.129		2026-04-03T06:54:18Z	
7.10.13		2026-02-19T06:24:00Z	
7.10.130		2026-04-04T07:30:09Z	
7.10.131		2026-04-06T06:05:44Z	
7.10.132		2026-04-06T10:05:01Z	
7.10.133		2026-04-06T12:19:28Z	
7.10.134		2026-04-07T01:14:59Z	
7.10.135		2026-04-07T05:19:25Z	
7.10.136		2026-04-07T11:12:36Z	
7.10.137		2026-04-07T18:48:18Z	
7.10.138		2026-04-07T20:16:52Z	
7.10.139		2026-04-08T11:41:19Z	
7.10.14		2026-02-20T04:45:15Z	
7.10.140		2026-04-08T14:11:31Z	
7.10.141		2026-04-08T15:35:41Z	
7.10.142		2026-04-09T06:11:43Z	
7.10.143		2026-04-09T11:54:54Z	
7.10.144		2026-04-11T07:16:16Z	
7.10.145		2026-04-16T07:25:44Z	
7.10.146		2026-04-16T10:29:20Z	
7.10.147		2026-04-17T03:43:32Z	
7.10.148		2026-04-19T14:13:11Z	
7.10.149		2026-04-20T14:33:05Z	
7.10.15		2026-02-20T06:51:13Z	
7.10.150		2026-04-21T06:11:05Z	
7.10.151		2026-04-21T09:53:23Z	
7.10.152		2026-04-22T04:53:10Z	
7.10.153		2026-04-23T07:30:08Z	
7.10.154		2026-04-23T09:57:14Z	
7.10.155		2026-04-23T10:51:06Z	
7.10.156		2026-04-24T01:39:19Z	
7.10.157		2026-04-28T06:24:00Z	
7.10.158		2026-04-28T08:31:17Z	
7.10.16		2026-02-20T07:42:04Z	
7.10.17		2026-02-20T11:34:33Z	
7.10.18		2026-02-20T15:56:11Z	
7.10.19		2026-02-21T05:20:09Z	
7.10.2		2026-02-16T05:13:09Z	
7.10.20		2026-02-21T06:15:54Z	
7.10.21		2026-02-21T08:19:31Z	
7.10.22		2026-02-22T17:23:02Z	
7.10.23		2026-02-23T07:21:12Z	
7.10.24		2026-02-23T10:41:07Z	
7.10.25		2026-02-23T12:16:54Z	
7.10.26		2026-02-24T12:21:36Z	
7.10.27		2026-02-24T13:39:00Z	
7.10.28		2026-02-24T17:48:18Z	
7.10.29		2026-02-25T05:44:56Z	
7.10.3		2026-02-16T06:07:31Z	
7.10.30		2026-02-25T06:47:25Z	
7.10.31		2026-02-25T07:48:24Z	
7.10.32		2026-02-25T09:50:03Z	
7.10.33		2026-02-25T12:02:54Z	
7.10.34		2026-02-27T05:30:48Z	
7.10.35		2026-02-27T12:11:24Z	
7.10.36		2026-03-02T10:28:04Z	
7.10.37		2026-03-03T05:56:05Z	
7.10.38		2026-03-03T06:51:43Z	
7.10.39		2026-03-03T08:28:02Z	
7.10.4		2026-02-16T15:46:20Z	
7.10.40		2026-03-03T09:58:07Z	
7.10.41		2026-03-03T11:49:06Z	
7.10.42		2026-03-03T13:46:00Z	
7.10.43		2026-03-04T05:30:25Z	
7.10.44		2026-03-04T06:57:51Z	
7.10.45		2026-03-05T04:37:28Z	
7.10.46		2026-03-05T06:35:17Z	
7.10.47		2026-03-05T12:19:20Z	
7.10.48		2026-03-05T16:29:49Z	
7.10.49		2026-03-06T04:58:45Z	
7.10.5		2026-02-17T07:32:58Z	
7.10.50		2026-03-06T07:15:20Z	
7.10.51		2026-03-06T08:14:21Z	
7.10.52		2026-03-06T11:15:48Z	
7.10.53		2026-03-06T18:57:59Z	
7.10.55		2026-03-08T10:00:45Z	
7.10.56		2026-03-08T10:56:23Z	
7.10.57		2026-03-08T12:40:00Z	
7.10.58		2026-03-08T15:43:32Z	
7.10.59		2026-03-09T07:04:51Z	
7.10.6		2026-02-17T09:13:30Z	
7.10.60		2026-03-09T11:15:46Z	
7.10.61		2026-03-09T15:05:48Z	
7.10.62		2026-03-09T18:53:24Z	
7.10.63		2026-03-09T20:28:37Z	
7.10.64		2026-03-10T05:31:48Z	
7.10.65		2026-03-10T07:08:05Z	
7.10.66		2026-03-10T08:59:26Z	
7.10.67		2026-03-10T11:28:52Z	
7.10.68		2026-03-10T13:46:57Z	
7.10.69		2026-03-10T15:21:49Z	
7.10.7		2026-02-17T11:14:27Z	
7.10.70		2026-03-10T18:51:35Z	
7.10.73		2026-03-11T11:21:39Z	
7.10.74		2026-03-11T16:21:35Z	
7.10.75		2026-03-11T17:55:52Z	
7.10.76		2026-03-11T19:57:32Z	
7.10.77		2026-03-12T07:59:27Z	
7.10.78		2026-03-12T09:55:18Z	
7.10.79		2026-03-13T05:30:50Z	
7.10.8		2026-02-17T12:26:03Z	
7.10.80		2026-03-13T11:32:12Z	
7.10.81		2026-03-13T13:28:01Z	
7.10.82		2026-03-15T05:22:26Z	
7.10.83		2026-03-16T03:25:33Z	
7.10.84		2026-03-16T04:22:17Z	
7.10.85		2026-03-16T09:50:45Z	
7.10.86		2026-03-16T10:48:22Z	
7.10.87		2026-03-16T15:52:43Z	
7.10.88		2026-03-17T05:17:08Z	
7.10.89		2026-03-17T06:14:45Z	
7.10.9		2026-02-17T13:17:31Z	
7.10.90		2026-03-17T07:45:57Z	
7.10.91		2026-03-17T19:58:42Z	
7.10.92		2026-03-18T01:28:59Z	
7.10.93		2026-03-18T05:08:32Z	
7.10.94		2026-03-18T09:50:51Z	
7.10.95		2026-03-18T12:55:04Z	
7.10.96		2026-03-18T13:53:41Z	
7.10.97		2026-03-19T02:01:32Z	
7.10.98		2026-03-19T04:29:32Z	
7.10.99		2026-03-19T08:26:02Z	
7.11.0		2026-03-16T02:12:02Z	
7.11.1		2026-03-16T03:38:46Z	
7.11.10		2026-03-19T05:45:59Z	
7.11.100		2026-05-27T20:07:55Z	
7.11.101		2026-05-28T10:50:26Z	
7.11.102		2026-05-29T05:03:22Z	
7.11.103		2026-05-31T08:10:02Z	
7.11.104		2026-06-01T01:57:37Z	
7.11.105		2026-06-01T19:34:23Z	
7.11.106		2026-06-02T04:59:33Z	
7.11.107		2026-06-02T06:47:07Z	
7.11.108		2026-06-02T09:11:31Z	
7.11.109		2026-06-03T09:19:07Z	
7.11.11		2026-03-19T07:17:52Z	
7.11.110		2026-06-05T11:46:26Z	
7.11.111		2026-06-05T13:30:43Z	
7.11.112		2026-06-07T18:09:08Z	
7.11.113		2026-06-09T05:47:22Z	
7.11.114		2026-06-09T06:46:43Z	
7.11.115		2026-06-09T09:36:24Z	
7.11.116		2026-06-10T11:39:43Z	
7.11.117		2026-06-10T17:02:42Z	
7.11.118		2026-06-10T20:56:58Z	
7.11.119		2026-06-11T12:24:32Z	
7.11.12		2026-03-20T05:08:47Z	
7.11.120		2026-06-11T13:18:04Z	
7.11.121		2026-06-12T05:35:27Z	
7.11.122		2026-06-12T09:07:52Z	
7.11.123		2026-06-12T11:21:22Z	
7.11.124		2026-06-12T13:11:16Z	
7.11.125		2026-06-15T03:55:00Z	
7.11.126		2026-06-16T15:31:42Z	
7.11.127		2026-06-18T06:29:50Z	
7.11.128		2026-06-18T10:49:56Z	
7.11.129		2026-06-18T13:40:19Z	
7.11.13		2026-03-24T06:37:55Z	
7.11.130		2026-06-19T07:50:58Z	
7.11.131		2026-06-19T09:22:04Z	
7.11.132		2026-06-19T11:56:46Z	
7.11.133		2026-06-19T13:20:35Z	
7.11.134		2026-06-19T15:33:54Z	
7.11.135		2026-06-23T06:12:48Z	
7.11.136		2026-06-23T07:43:47Z	
7.11.137		2026-06-23T09:18:44Z	
7.11.138		2026-06-24T09:35:01Z	
7.11.139		2026-06-25T12:26:07Z	
7.11.14		2026-03-24T17:18:37Z	
7.11.140		2026-06-26T05:43:41Z	
7.11.141		2026-06-26T09:48:17Z	
7.11.142		2026-06-26T18:16:21Z	
7.11.143		2026-06-30T12:15:34Z	
7.11.144		2026-07-01T06:27:11Z	
7.11.145		2026-07-01T12:53:31Z	
7.11.146		2026-07-02T11:08:29Z	
7.11.147		2026-07-03T09:37:12Z	
7.11.148		2026-07-03T11:08:21Z	
7.11.15		2026-03-25T04:24:39Z	
7.11.16		2026-03-25T11:19:05Z	
7.11.17		2026-03-25T17:08:45Z	
7.11.18		2026-03-26T05:37:00Z	
7.11.19		2026-03-26T07:05:31Z	
7.11.2		2026-03-16T04:36:21Z	
7.11.20		2026-03-28T03:00:57Z	
7.11.21		2026-03-29T06:56:50Z	
7.11.22		2026-03-30T04:07:10Z	
7.11.23		2026-03-30T06:04:26Z	
7.11.24		2026-03-31T08:10:55Z	
7.11.25		2026-03-31T09:26:45Z	
7.11.26		2026-03-31T16:30:07Z	
7.11.27		2026-04-01T08:10:23Z	
7.11.28		2026-04-01T10:53:22Z	
7.11.29		2026-04-02T02:39:11Z	
7.11.3		2026-03-17T05:04:18Z	
7.11.30		2026-04-02T07:19:40Z	
7.11.31		2026-04-06T06:37:06Z	
7.11.32		2026-04-06T07:30:55Z	
7.11.33		2026-04-06T10:51:51Z	
7.11.34		2026-04-06T11:48:16Z	
7.11.35		2026-04-07T02:55:28Z	
7.11.36		2026-04-07T04:46:18Z	
7.11.37		2026-04-07T05:42:18Z	
7.11.38		2026-04-08T06:07:38Z	
7.11.39		2026-04-08T12:34:19Z	
7.11.4		2026-03-17T06:00:37Z	
7.11.40		2026-04-09T11:02:32Z	
7.11.41		2026-04-16T06:33:49Z	
7.11.42		2026-04-16T08:12:19Z	
7.11.43		2026-04-16T10:46:46Z	
7.11.44		2026-04-19T03:04:29Z	
7.11.45		2026-04-20T11:04:58Z	
7.11.46		2026-04-20T14:36:17Z	
7.11.47		2026-04-21T06:16:11Z	
7.11.48		2026-04-21T12:00:31Z	
7.11.49		2026-04-22T05:47:38Z	
7.11.5		2026-03-17T06:55:54Z	
7.11.50		2026-04-23T10:04:50Z	
7.11.51		2026-04-24T05:39:40Z	
7.11.52		2026-04-24T06:34:09Z	
7.11.53		2026-04-27T13:03:37Z	
7.11.54		2026-04-27T18:24:15Z	
7.11.55		2026-04-28T05:12:23Z	
7.11.56		2026-04-28T10:50:52Z	
7.11.57		2026-04-28T13:53:32Z	
7.11.58		2026-04-28T15:23:21Z	
7.11.59		2026-04-29T07:23:36Z	
7.11.6		2026-03-18T05:20:39Z	
7.11.60		2026-04-29T12:03:07Z	
7.11.61		2026-04-29T14:29:28Z	
7.11.62		2026-04-30T06:06:03Z	
7.11.63		2026-04-30T07:02:11Z	
7.11.64		2026-04-30T15:45:18Z	
7.11.65		2026-05-01T06:16:57Z	
7.11.66		2026-05-03T19:27:55Z	
7.11.67		2026-05-04T10:26:32Z	
7.11.68		2026-05-05T04:47:02Z	
7.11.69		2026-05-05T09:07:12Z	
7.11.7		2026-03-18T08:41:53Z	
7.11.70		2026-05-06T08:26:15Z	
7.11.71		2026-05-07T04:29:42Z	
7.11.72		2026-05-07T06:13:35Z	
7.11.73		2026-05-08T10:32:29Z	
7.11.74		2026-05-09T15:51:53Z	
7.11.75		2026-05-11T10:28:45Z	
7.11.76		2026-05-11T12:04:53Z	
7.11.77		2026-05-12T06:30:42Z	
7.11.78		2026-05-12T10:26:36Z	
7.11.79		2026-05-13T05:32:55Z	
7.11.8		2026-03-18T13:48:43Z	
7.11.80		2026-05-13T07:30:57Z	
7.11.81		2026-05-13T09:40:29Z	
7.11.82		2026-05-14T08:12:12Z	
7.11.83		2026-05-14T09:42:15Z	
7.11.84		2026-05-19T04:51:19Z	
7.11.85		2026-05-19T09:46:40Z	
7.11.86		2026-05-20T16:48:42Z	
7.11.87		2026-05-21T05:18:27Z	
7.11.88		2026-05-21T07:39:02Z	
7.11.89		2026-05-21T11:29:32Z	
7.11.9		2026-03-18T16:40:21Z	
7.11.90		2026-05-21T18:02:20Z	
7.11.91		2026-05-22T05:00:34Z	
7.11.92		2026-05-22T15:16:15Z	
7.11.93		2026-05-23T21:17:53Z	
7.11.94		2026-05-25T13:35:04Z	
7.11.95		2026-05-25T17:00:23Z	
7.11.96		2026-05-27T05:23:48Z	
7.11.97		2026-05-27T06:20:12Z	
7.11.98		2026-05-27T09:07:13Z	
7.11.99		2026-05-27T11:27:24Z	
7.3.34		2024-07-15T11:19:14Z	
7.3.35		2024-07-15T14:23:00Z	
7.3.36			IOException: Tail request on https://maven-central.storage-download.googleapis.com/maven2/org/wso2/carbon/identity/framework/org.wso2.carbon.identity.trusted.app.mgt/7.3.36/org.wso2.carbon.identity.trusted.app.mgt-7.3.36.jar returned status 404
7.3.37			IOException: Tail request on https://maven-central.storage-download.googleapis.com/maven2/org/wso2/carbon/identity/framework/org.wso2.carbon.identity.trusted.app.mgt/7.3.37/org.wso2.carbon.identity.trusted.app.mgt-7.3.37.jar returned status 404
7.3.38			IOException: Tail request on https://maven-central.storage-download.googleapis.com/maven2/org/wso2/carbon/identity/framework/org.wso2.carbon.identity.trusted.app.mgt/7.3.38/org.wso2.carbon.identity.trusted.app.mgt-7.3.38.jar returned status 404
7.3.39			IOException: Tail request on https://maven-central.storage-download.googleapis.com/maven2/org/wso2/carbon/identity/framework/org.wso2.carbon.identity.trusted.app.mgt/7.3.39/org.wso2.carbon.identity.trusted.app.mgt-7.3.39.jar returned status 404
7.3.40			IOException: Tail request on https://maven-central.storage-download.googleapis.com/maven2/org/wso2/carbon/identity/framework/org.wso2.carbon.identity.trusted.app.mgt/7.3.40/org.wso2.carbon.identity.trusted.app.mgt-7.3.40.jar returned status 404
7.3.41			IOException: Tail request on https://maven-central.storage-download.googleapis.com/maven2/org/wso2/carbon/identity/framework/org.wso2.carbon.identity.trusted.app.mgt/7.3.41/org.wso2.carbon.identity.trusted.app.mgt-7.3.41.jar returned status 404
7.3.42			IOException: Tail request on https://maven-central.storage-download.googleapis.com/maven2/org/wso2/carbon/identity/framework/org.wso2.carbon.identity.trusted.app.mgt/7.3.42/org.wso2.carbon.identity.trusted.app.mgt-7.3.42.jar returned status 404
7.3.43			IOException: Tail request on https://maven-central.storage-download.googleapis.com/maven2/org/wso2/carbon/identity/framework/org.wso2.carbon.identity.trusted.app.mgt/7.3.43/org.wso2.carbon.identity.trusted.app.mgt-7.3.43.jar returned status 404
7.3.44			IOException: Tail request on https://maven-central.storage-download.googleapis.com/maven2/org/wso2/carbon/identity/framework/org.wso2.carbon.identity.trusted.app.mgt/7.3.44/org.wso2.carbon.identity.trusted.app.mgt-7.3.44.jar returned status 404
7.3.45			IOException: Tail request on https://maven-central.storage-download.googleapis.com/maven2/org/wso2/carbon/identity/framework/org.wso2.carbon.identity.trusted.app.mgt/7.3.45/org.wso2.carbon.identity.trusted.app.mgt-7.3.45.jar returned status 404
7.3.46			IOException: Tail request on https://maven-central.storage-download.googleapis.com/maven2/org/wso2/carbon/identity/framework/org.wso2.carbon.identity.trusted.app.mgt/7.3.46/org.wso2.carbon.identity.trusted.app.mgt-7.3.46.jar returned status 404
7.3.47			IOException: Tail request on https://maven-central.storage-download.googleapis.com/maven2/org/wso2/carbon/identity/framework/org.wso2.carbon.identity.trusted.app.mgt/7.3.47/org.wso2.carbon.identity.trusted.app.mgt-7.3.47.jar returned status 404
7.3.48			IOException: Tail request on https://maven-central.storage-download.googleapis.com/maven2/org/wso2/carbon/identity/framework/org.wso2.carbon.identity.trusted.app.mgt/7.3.48/org.wso2.carbon.identity.trusted.app.mgt-7.3.48.jar returned status 404
7.3.49			IOException: Tail request on https://maven-central.storage-download.googleapis.com/maven2/org/wso2/carbon/identity/framework/org.wso2.carbon.identity.trusted.app.mgt/7.3.49/org.wso2.carbon.identity.trusted.app.mgt-7.3.49.jar returned status 404
7.3.50			IOException: Tail request on https://maven-central.storage-download.googleapis.com/maven2/org/wso2/carbon/identity/framework/org.wso2.carbon.identity.trusted.app.mgt/7.3.50/org.wso2.carbon.identity.trusted.app.mgt-7.3.50.jar returned status 404
7.3.51			IOException: Tail request on https://maven-central.storage-download.googleapis.com/maven2/org/wso2/carbon/identity/framework/org.wso2.carbon.identity.trusted.app.mgt/7.3.51/org.wso2.carbon.identity.trusted.app.mgt-7.3.51.jar returned status 404
7.3.52			IOException: Tail request on https://maven-central.storage-download.googleapis.com/maven2/org/wso2/carbon/identity/framework/org.wso2.carbon.identity.trusted.app.mgt/7.3.52/org.wso2.carbon.identity.trusted.app.mgt-7.3.52.jar returned status 404
7.3.53			IOException: Tail request on https://maven-central.storage-download.googleapis.com/maven2/org/wso2/carbon/identity/framework/org.wso2.carbon.identity.trusted.app.mgt/7.3.53/org.wso2.carbon.identity.trusted.app.mgt-7.3.53.jar returned status 404
7.3.54			IOException: Tail request on https://maven-central.storage-download.googleapis.com/maven2/org/wso2/carbon/identity/framework/org.wso2.carbon.identity.trusted.app.mgt/7.3.54/org.wso2.carbon.identity.trusted.app.mgt-7.3.54.jar returned status 404
7.3.55			IOException: Tail request on https://maven-central.storage-download.googleapis.com/maven2/org/wso2/carbon/identity/framework/org.wso2.carbon.identity.trusted.app.mgt/7.3.55/org.wso2.carbon.identity.trusted.app.mgt-7.3.55.jar returned status 404
7.3.56			IOException: Tail request on https://maven-central.storage-download.googleapis.com/maven2/org/wso2/carbon/identity/framework/org.wso2.carbon.identity.trusted.app.mgt/7.3.56/org.wso2.carbon.identity.trusted.app.mgt-7.3.56.jar returned status 404
7.3.57			IOException: Tail request on https://maven-central.storage-download.googleapis.com/maven2/org/wso2/carbon/identity/framework/org.wso2.carbon.identity.trusted.app.mgt/7.3.57/org.wso2.carbon.identity.trusted.app.mgt-7.3.57.jar returned status 404
7.3.58			IOException: Tail request on https://maven-central.storage-download.googleapis.com/maven2/org/wso2/carbon/identity/framework/org.wso2.carbon.identity.trusted.app.mgt/7.3.58/org.wso2.carbon.identity.trusted.app.mgt-7.3.58.jar returned status 404
7.3.59			IOException: Tail request on https://maven-central.storage-download.googleapis.com/maven2/org/wso2/carbon/identity/framework/org.wso2.carbon.identity.trusted.app.mgt/7.3.59/org.wso2.carbon.identity.trusted.app.mgt-7.3.59.jar returned status 404
7.3.60			IOException: Tail request on https://maven-central.storage-download.googleapis.com/maven2/org/wso2/carbon/identity/framework/org.wso2.carbon.identity.trusted.app.mgt/7.3.60/org.wso2.carbon.identity.trusted.app.mgt-7.3.60.jar returned status 404
7.3.61			IOException: Tail request on https://maven-central.storage-download.googleapis.com/maven2/org/wso2/carbon/identity/framework/org.wso2.carbon.identity.trusted.app.mgt/7.3.61/org.wso2.carbon.identity.trusted.app.mgt-7.3.61.jar returned status 404
7.3.62			IOException: Tail request on https://maven-central.storage-download.googleapis.com/maven2/org/wso2/carbon/identity/framework/org.wso2.carbon.identity.trusted.app.mgt/7.3.62/org.wso2.carbon.identity.trusted.app.mgt-7.3.62.jar returned status 404
7.3.63			IOException: Tail request on https://maven-central.storage-download.googleapis.com/maven2/org/wso2/carbon/identity/framework/org.wso2.carbon.identity.trusted.app.mgt/7.3.63/org.wso2.carbon.identity.trusted.app.mgt-7.3.63.jar returned status 404
7.3.64			IOException: Tail request on https://maven-central.storage-download.googleapis.com/maven2/org/wso2/carbon/identity/framework/org.wso2.carbon.identity.trusted.app.mgt/7.3.64/org.wso2.carbon.identity.trusted.app.mgt-7.3.64.jar returned status 404
7.3.65			IOException: Tail request on https://maven-central.storage-download.googleapis.com/maven2/org/wso2/carbon/identity/framework/org.wso2.carbon.identity.trusted.app.mgt/7.3.65/org.wso2.carbon.identity.trusted.app.mgt-7.3.65.jar returned status 404
7.3.66			IOException: Tail request on https://maven-central.storage-download.googleapis.com/maven2/org/wso2/carbon/identity/framework/org.wso2.carbon.identity.trusted.app.mgt/7.3.66/org.wso2.carbon.identity.trusted.app.mgt-7.3.66.jar returned status 404
7.3.67			IOException: Tail request on https://maven-central.storage-download.googleapis.com/maven2/org/wso2/carbon/identity/framework/org.wso2.carbon.identity.trusted.app.mgt/7.3.67/org.wso2.carbon.identity.trusted.app.mgt-7.3.67.jar returned status 404
7.3.68			IOException: Tail request on https://maven-central.storage-download.googleapis.com/maven2/org/wso2/carbon/identity/framework/org.wso2.carbon.identity.trusted.app.mgt/7.3.68/org.wso2.carbon.identity.trusted.app.mgt-7.3.68.jar returned status 404
7.3.69			IOException: Tail request on https://maven-central.storage-download.googleapis.com/maven2/org/wso2/carbon/identity/framework/org.wso2.carbon.identity.trusted.app.mgt/7.3.69/org.wso2.carbon.identity.trusted.app.mgt-7.3.69.jar returned status 404
7.3.70			IOException: Tail request on https://maven-central.storage-download.googleapis.com/maven2/org/wso2/carbon/identity/framework/org.wso2.carbon.identity.trusted.app.mgt/7.3.70/org.wso2.carbon.identity.trusted.app.mgt-7.3.70.jar returned status 404
7.3.71			IOException: Tail request on https://maven-central.storage-download.googleapis.com/maven2/org/wso2/carbon/identity/framework/org.wso2.carbon.identity.trusted.app.mgt/7.3.71/org.wso2.carbon.identity.trusted.app.mgt-7.3.71.jar returned status 404
7.3.72			IOException: Tail request on https://maven-central.storage-download.googleapis.com/maven2/org/wso2/carbon/identity/framework/org.wso2.carbon.identity.trusted.app.mgt/7.3.72/org.wso2.carbon.identity.trusted.app.mgt-7.3.72.jar returned status 404
7.3.73			IOException: Tail request on https://maven-central.storage-download.googleapis.com/maven2/org/wso2/carbon/identity/framework/org.wso2.carbon.identity.trusted.app.mgt/7.3.73/org.wso2.carbon.identity.trusted.app.mgt-7.3.73.jar returned status 404
7.3.74			IOException: Tail request on https://maven-central.storage-download.googleapis.com/maven2/org/wso2/carbon/identity/framework/org.wso2.carbon.identity.trusted.app.mgt/7.3.74/org.wso2.carbon.identity.trusted.app.mgt-7.3.74.jar returned status 404
7.4.0			IOException: Tail request on https://maven-central.storage-download.googleapis.com/maven2/org/wso2/carbon/identity/framework/org.wso2.carbon.identity.trusted.app.mgt/7.4.0/org.wso2.carbon.identity.trusted.app.mgt-7.4.0.jar returned status 404
7.4.1			IOException: Tail request on https://maven-central.storage-download.googleapis.com/maven2/org/wso2/carbon/identity/framework/org.wso2.carbon.identity.trusted.app.mgt/7.4.1/org.wso2.carbon.identity.trusted.app.mgt-7.4.1.jar returned status 404
7.4.10			IOException: Tail request on https://maven-central.storage-download.googleapis.com/maven2/org/wso2/carbon/identity/framework/org.wso2.carbon.identity.trusted.app.mgt/7.4.10/org.wso2.carbon.identity.trusted.app.mgt-7.4.10.jar returned status 404
7.4.11			IOException: Tail request on https://maven-central.storage-download.googleapis.com/maven2/org/wso2/carbon/identity/framework/org.wso2.carbon.identity.trusted.app.mgt/7.4.11/org.wso2.carbon.identity.trusted.app.mgt-7.4.11.jar returned status 404
7.4.12			IOException: Tail request on https://maven-central.storage-download.googleapis.com/maven2/org/wso2/carbon/identity/framework/org.wso2.carbon.identity.trusted.app.mgt/7.4.12/org.wso2.carbon.identity.trusted.app.mgt-7.4.12.jar returned status 404
7.4.13		2024-08-27T05:25:16Z	
7.4.14		2024-08-28T04:55:13Z	
7.4.15		2024-08-29T04:15:24Z	
7.4.16		2024-09-02T04:15:05Z	
7.4.2			IOException: Tail request on https://maven-central.storage-download.googleapis.com/maven2/org/wso2/carbon/identity/framework/org.wso2.carbon.identity.trusted.app.mgt/7.4.2/org.wso2.carbon.identity.trusted.app.mgt-7.4.2.jar returned status 404
7.4.3			IOException: Tail request on https://maven-central.storage-download.googleapis.com/maven2/org/wso2/carbon/identity/framework/org.wso2.carbon.identity.trusted.app.mgt/7.4.3/org.wso2.carbon.identity.trusted.app.mgt-7.4.3.jar returned status 404
7.4.4			IOException: Tail request on https://maven-central.storage-download.googleapis.com/maven2/org/wso2/carbon/identity/framework/org.wso2.carbon.identity.trusted.app.mgt/7.4.4/org.wso2.carbon.identity.trusted.app.mgt-7.4.4.jar returned status 404
7.4.5			IOException: Tail request on https://maven-central.storage-download.googleapis.com/maven2/org/wso2/carbon/identity/framework/org.wso2.carbon.identity.trusted.app.mgt/7.4.5/org.wso2.carbon.identity.trusted.app.mgt-7.4.5.jar returned status 404
7.4.6			IOException: Tail request on https://maven-central.storage-download.googleapis.com/maven2/org/wso2/carbon/identity/framework/org.wso2.carbon.identity.trusted.app.mgt/7.4.6/org.wso2.carbon.identity.trusted.app.mgt-7.4.6.jar returned status 404
7.4.7			IOException: Tail request on https://maven-central.storage-download.googleapis.com/maven2/org/wso2/carbon/identity/framework/org.wso2.carbon.identity.trusted.app.mgt/7.4.7/org.wso2.carbon.identity.trusted.app.mgt-7.4.7.jar returned status 404
7.4.8			IOException: Tail request on https://maven-central.storage-download.googleapis.com/maven2/org/wso2/carbon/identity/framework/org.wso2.carbon.identity.trusted.app.mgt/7.4.8/org.wso2.carbon.identity.trusted.app.mgt-7.4.8.jar returned status 404
7.4.9			IOException: Tail request on https://maven-central.storage-download.googleapis.com/maven2/org/wso2/carbon/identity/framework/org.wso2.carbon.identity.trusted.app.mgt/7.4.9/org.wso2.carbon.identity.trusted.app.mgt-7.4.9.jar returned status 404
7.5.0		2024-09-03T01:28:48Z	
7.5.1		2024-09-04T17:24:34Z	
7.5.10		2024-09-10T07:31:58Z	
7.5.100			IOException: Tail request on https://maven-central.storage-download.googleapis.com/maven2/org/wso2/carbon/identity/framework/org.wso2.carbon.identity.trusted.app.mgt/7.5.100/org.wso2.carbon.identity.trusted.app.mgt-7.5.100.jar returned status 404
7.5.101			IOException: Tail request on https://maven-central.storage-download.googleapis.com/maven2/org/wso2/carbon/identity/framework/org.wso2.carbon.identity.trusted.app.mgt/7.5.101/org.wso2.carbon.identity.trusted.app.mgt-7.5.101.jar returned status 404
7.5.102			IOException: Tail request on https://maven-central.storage-download.googleapis.com/maven2/org/wso2/carbon/identity/framework/org.wso2.carbon.identity.trusted.app.mgt/7.5.102/org.wso2.carbon.identity.trusted.app.mgt-7.5.102.jar returned status 404
7.5.103			IOException: Tail request on https://maven-central.storage-download.googleapis.com/maven2/org/wso2/carbon/identity/framework/org.wso2.carbon.identity.trusted.app.mgt/7.5.103/org.wso2.carbon.identity.trusted.app.mgt-7.5.103.jar returned status 404
7.5.104			IOException: Tail request on https://maven-central.storage-download.googleapis.com/maven2/org/wso2/carbon/identity/framework/org.wso2.carbon.identity.trusted.app.mgt/7.5.104/org.wso2.carbon.identity.trusted.app.mgt-7.5.104.jar returned status 404
7.5.105			IOException: Tail request on https://maven-central.storage-download.googleapis.com/maven2/org/wso2/carbon/identity/framework/org.wso2.carbon.identity.trusted.app.mgt/7.5.105/org.wso2.carbon.identity.trusted.app.mgt-7.5.105.jar returned status 404
7.5.106			IOException: Tail request on https://maven-central.storage-download.googleapis.com/maven2/org/wso2/carbon/identity/framework/org.wso2.carbon.identity.trusted.app.mgt/7.5.106/org.wso2.carbon.identity.trusted.app.mgt-7.5.106.jar returned status 404
7.5.107			IOException: Tail request on https://maven-central.storage-download.googleapis.com/maven2/org/wso2/carbon/identity/framework/org.wso2.carbon.identity.trusted.app.mgt/7.5.107/org.wso2.carbon.identity.trusted.app.mgt-7.5.107.jar returned status 404
7.5.108			IOException: Tail request on https://maven-central.storage-download.googleapis.com/maven2/org/wso2/carbon/identity/framework/org.wso2.carbon.identity.trusted.app.mgt/7.5.108/org.wso2.carbon.identity.trusted.app.mgt-7.5.108.jar returned status 404
7.5.109			IOException: Tail request on https://maven-central.storage-download.googleapis.com/maven2/org/wso2/carbon/identity/framework/org.wso2.carbon.identity.trusted.app.mgt/7.5.109/org.wso2.carbon.identity.trusted.app.mgt-7.5.109.jar returned status 404
7.5.11		2024-09-10T12:00:40Z	
7.5.110			IOException: Tail request on https://maven-central.storage-download.googleapis.com/maven2/org/wso2/carbon/identity/framework/org.wso2.carbon.identity.trusted.app.mgt/7.5.110/org.wso2.carbon.identity.trusted.app.mgt-7.5.110.jar returned status 404
7.5.111			IOException: Tail request on https://maven-central.storage-download.googleapis.com/maven2/org/wso2/carbon/identity/framework/org.wso2.carbon.identity.trusted.app.mgt/7.5.111/org.wso2.carbon.identity.trusted.app.mgt-7.5.111.jar returned status 404
7.5.112			IOException: Tail request on https://maven-central.storage-download.googleapis.com/maven2/org/wso2/carbon/identity/framework/org.wso2.carbon.identity.trusted.app.mgt/7.5.112/org.wso2.carbon.identity.trusted.app.mgt-7.5.112.jar returned status 404
7.5.113			IOException: Tail request on https://maven-central.storage-download.googleapis.com/maven2/org/wso2/carbon/identity/framework/org.wso2.carbon.identity.trusted.app.mgt/7.5.113/org.wso2.carbon.identity.trusted.app.mgt-7.5.113.jar returned status 404
7.5.114			IOException: Tail request on https://maven-central.storage-download.googleapis.com/maven2/org/wso2/carbon/identity/framework/org.wso2.carbon.identity.trusted.app.mgt/7.5.114/org.wso2.carbon.identity.trusted.app.mgt-7.5.114.jar returned status 404
7.5.115			IOException: Tail request on https://maven-central.storage-download.googleapis.com/maven2/org/wso2/carbon/identity/framework/org.wso2.carbon.identity.trusted.app.mgt/7.5.115/org.wso2.carbon.identity.trusted.app.mgt-7.5.115.jar returned status 404
7.5.116			IOException: Tail request on https://maven-central.storage-download.googleapis.com/maven2/org/wso2/carbon/identity/framework/org.wso2.carbon.identity.trusted.app.mgt/7.5.116/org.wso2.carbon.identity.trusted.app.mgt-7.5.116.jar returned status 404
7.5.117			IOException: Tail request on https://maven-central.storage-download.googleapis.com/maven2/org/wso2/carbon/identity/framework/org.wso2.carbon.identity.trusted.app.mgt/7.5.117/org.wso2.carbon.identity.trusted.app.mgt-7.5.117.jar returned status 404
7.5.118			IOException: Tail request on https://maven-central.storage-download.googleapis.com/maven2/org/wso2/carbon/identity/framework/org.wso2.carbon.identity.trusted.app.mgt/7.5.118/org.wso2.carbon.identity.trusted.app.mgt-7.5.118.jar returned status 404
7.5.119			IOException: Tail request on https://maven-central.storage-download.googleapis.com/maven2/org/wso2/carbon/identity/framework/org.wso2.carbon.identity.trusted.app.mgt/7.5.119/org.wso2.carbon.identity.trusted.app.mgt-7.5.119.jar returned status 404
7.5.12		2024-09-10T12:39:07Z	
7.5.120			IOException: Tail request on https://maven-central.storage-download.googleapis.com/maven2/org/wso2/carbon/identity/framework/org.wso2.carbon.identity.trusted.app.mgt/7.5.120/org.wso2.carbon.identity.trusted.app.mgt-7.5.120.jar returned status 404
7.5.121			IOException: Tail request on https://maven-central.storage-download.googleapis.com/maven2/org/wso2/carbon/identity/framework/org.wso2.carbon.identity.trusted.app.mgt/7.5.121/org.wso2.carbon.identity.trusted.app.mgt-7.5.121.jar returned status 404
7.5.122			IOException: Tail request on https://maven-central.storage-download.googleapis.com/maven2/org/wso2/carbon/identity/framework/org.wso2.carbon.identity.trusted.app.mgt/7.5.122/org.wso2.carbon.identity.trusted.app.mgt-7.5.122.jar returned status 404
7.5.13		2024-09-11T07:28:14Z	
7.5.14		2024-09-12T06:47:38Z	
7.5.15		2024-09-13T04:41:46Z	
7.5.16		2024-09-18T14:55:23Z	
7.5.17		2024-09-18T15:37:55Z	
7.5.18		2024-09-19T06:29:57Z	
7.5.19		2024-09-19T09:33:29Z	
7.5.2		2024-09-04T18:27:29Z	
7.5.20		2024-09-20T03:57:06Z	
7.5.21		2024-09-20T10:09:39Z	
7.5.22		2024-09-24T14:54:45Z	
7.5.23		2024-09-24T15:59:28Z	
7.5.24		2024-09-26T18:36:10Z	
7.5.25		2024-09-28T13:12:13Z	
7.5.26		2024-09-28T19:17:50Z	
7.5.27		2024-09-29T15:27:51Z	
7.5.28		2024-09-29T19:40:53Z	
7.5.29		2024-09-30T08:39:54Z	
7.5.3		2024-09-05T05:40:06Z	
7.5.30		2024-09-30T09:21:09Z	
7.5.31		2024-09-30T10:39:19Z	
7.5.32		2024-10-01T08:38:20Z	
7.5.33		2024-10-02T01:49:51Z	
7.5.34		2024-10-02T06:10:41Z	
7.5.35		2024-10-02T06:49:23Z	
7.5.36		2024-10-02T07:28:17Z	
7.5.37		2024-10-02T10:36:27Z	
7.5.38		2024-10-02T17:48:46Z	
7.5.39			IOException: Tail request on https://maven-central.storage-download.googleapis.com/maven2/org/wso2/carbon/identity/framework/org.wso2.carbon.identity.trusted.app.mgt/7.5.39/org.wso2.carbon.identity.trusted.app.mgt-7.5.39.jar returned status 404
7.5.4		2024-09-05T08:43:12Z	
7.5.40			IOException: Tail request on https://maven-central.storage-download.googleapis.com/maven2/org/wso2/carbon/identity/framework/org.wso2.carbon.identity.trusted.app.mgt/7.5.40/org.wso2.carbon.identity.trusted.app.mgt-7.5.40.jar returned status 404
7.5.41			IOException: Tail request on https://maven-central.storage-download.googleapis.com/maven2/org/wso2/carbon/identity/framework/org.wso2.carbon.identity.trusted.app.mgt/7.5.41/org.wso2.carbon.identity.trusted.app.mgt-7.5.41.jar returned status 404
7.5.42			IOException: Tail request on https://maven-central.storage-download.googleapis.com/maven2/org/wso2/carbon/identity/framework/org.wso2.carbon.identity.trusted.app.mgt/7.5.42/org.wso2.carbon.identity.trusted.app.mgt-7.5.42.jar returned status 404
7.5.43			IOException: Tail request on https://maven-central.storage-download.googleapis.com/maven2/org/wso2/carbon/identity/framework/org.wso2.carbon.identity.trusted.app.mgt/7.5.43/org.wso2.carbon.identity.trusted.app.mgt-7.5.43.jar returned status 404
7.5.44			IOException: Tail request on https://maven-central.storage-download.googleapis.com/maven2/org/wso2/carbon/identity/framework/org.wso2.carbon.identity.trusted.app.mgt/7.5.44/org.wso2.carbon.identity.trusted.app.mgt-7.5.44.jar returned status 404
7.5.45			IOException: Tail request on https://maven-central.storage-download.googleapis.com/maven2/org/wso2/carbon/identity/framework/org.wso2.carbon.identity.trusted.app.mgt/7.5.45/org.wso2.carbon.identity.trusted.app.mgt-7.5.45.jar returned status 404
7.5.46			IOException: Tail request on https://maven-central.storage-download.googleapis.com/maven2/org/wso2/carbon/identity/framework/org.wso2.carbon.identity.trusted.app.mgt/7.5.46/org.wso2.carbon.identity.trusted.app.mgt-7.5.46.jar returned status 404
7.5.47			IOException: Tail request on https://maven-central.storage-download.googleapis.com/maven2/org/wso2/carbon/identity/framework/org.wso2.carbon.identity.trusted.app.mgt/7.5.47/org.wso2.carbon.identity.trusted.app.mgt-7.5.47.jar returned status 404
7.5.48			IOException: Tail request on https://maven-central.storage-download.googleapis.com/maven2/org/wso2/carbon/identity/framework/org.wso2.carbon.identity.trusted.app.mgt/7.5.48/org.wso2.carbon.identity.trusted.app.mgt-7.5.48.jar returned status 404
7.5.49			IOException: Tail request on https://maven-central.storage-download.googleapis.com/maven2/org/wso2/carbon/identity/framework/org.wso2.carbon.identity.trusted.app.mgt/7.5.49/org.wso2.carbon.identity.trusted.app.mgt-7.5.49.jar returned status 404
7.5.5		2024-09-05T11:34:01Z	
7.5.50			IOException: Tail request on https://maven-central.storage-download.googleapis.com/maven2/org/wso2/carbon/identity/framework/org.wso2.carbon.identity.trusted.app.mgt/7.5.50/org.wso2.carbon.identity.trusted.app.mgt-7.5.50.jar returned status 404
7.5.51			IOException: Tail request on https://maven-central.storage-download.googleapis.com/maven2/org/wso2/carbon/identity/framework/org.wso2.carbon.identity.trusted.app.mgt/7.5.51/org.wso2.carbon.identity.trusted.app.mgt-7.5.51.jar returned status 404
7.5.52			IOException: Tail request on https://maven-central.storage-download.googleapis.com/maven2/org/wso2/carbon/identity/framework/org.wso2.carbon.identity.trusted.app.mgt/7.5.52/org.wso2.carbon.identity.trusted.app.mgt-7.5.52.jar returned status 404
7.5.53			IOException: Tail request on https://maven-central.storage-download.googleapis.com/maven2/org/wso2/carbon/identity/framework/org.wso2.carbon.identity.trusted.app.mgt/7.5.53/org.wso2.carbon.identity.trusted.app.mgt-7.5.53.jar returned status 404
7.5.54			IOException: Tail request on https://maven-central.storage-download.googleapis.com/maven2/org/wso2/carbon/identity/framework/org.wso2.carbon.identity.trusted.app.mgt/7.5.54/org.wso2.carbon.identity.trusted.app.mgt-7.5.54.jar returned status 404
7.5.55			IOException: Tail request on https://maven-central.storage-download.googleapis.com/maven2/org/wso2/carbon/identity/framework/org.wso2.carbon.identity.trusted.app.mgt/7.5.55/org.wso2.carbon.identity.trusted.app.mgt-7.5.55.jar returned status 404
7.5.56			IOException: Tail request on https://maven-central.storage-download.googleapis.com/maven2/org/wso2/carbon/identity/framework/org.wso2.carbon.identity.trusted.app.mgt/7.5.56/org.wso2.carbon.identity.trusted.app.mgt-7.5.56.jar returned status 404
7.5.57			IOException: Tail request on https://maven-central.storage-download.googleapis.com/maven2/org/wso2/carbon/identity/framework/org.wso2.carbon.identity.trusted.app.mgt/7.5.57/org.wso2.carbon.identity.trusted.app.mgt-7.5.57.jar returned status 404
7.5.58			IOException: Tail request on https://maven-central.storage-download.googleapis.com/maven2/org/wso2/carbon/identity/framework/org.wso2.carbon.identity.trusted.app.mgt/7.5.58/org.wso2.carbon.identity.trusted.app.mgt-7.5.58.jar returned status 404
7.5.59			IOException: Tail request on https://maven-central.storage-download.googleapis.com/maven2/org/wso2/carbon/identity/framework/org.wso2.carbon.identity.trusted.app.mgt/7.5.59/org.wso2.carbon.identity.trusted.app.mgt-7.5.59.jar returned status 404
7.5.6		2024-09-05T21:32:48Z	
7.5.60			IOException: Tail request on https://maven-central.storage-download.googleapis.com/maven2/org/wso2/carbon/identity/framework/org.wso2.carbon.identity.trusted.app.mgt/7.5.60/org.wso2.carbon.identity.trusted.app.mgt-7.5.60.jar returned status 404
7.5.61			IOException: Tail request on https://maven-central.storage-download.googleapis.com/maven2/org/wso2/carbon/identity/framework/org.wso2.carbon.identity.trusted.app.mgt/7.5.61/org.wso2.carbon.identity.trusted.app.mgt-7.5.61.jar returned status 404
7.5.62			IOException: Tail request on https://maven-central.storage-download.googleapis.com/maven2/org/wso2/carbon/identity/framework/org.wso2.carbon.identity.trusted.app.mgt/7.5.62/org.wso2.carbon.identity.trusted.app.mgt-7.5.62.jar returned status 404
7.5.63			IOException: Tail request on https://maven-central.storage-download.googleapis.com/maven2/org/wso2/carbon/identity/framework/org.wso2.carbon.identity.trusted.app.mgt/7.5.63/org.wso2.carbon.identity.trusted.app.mgt-7.5.63.jar returned status 404
7.5.64			IOException: Tail request on https://maven-central.storage-download.googleapis.com/maven2/org/wso2/carbon/identity/framework/org.wso2.carbon.identity.trusted.app.mgt/7.5.64/org.wso2.carbon.identity.trusted.app.mgt-7.5.64.jar returned status 404
7.5.65			IOException: Tail request on https://maven-central.storage-download.googleapis.com/maven2/org/wso2/carbon/identity/framework/org.wso2.carbon.identity.trusted.app.mgt/7.5.65/org.wso2.carbon.identity.trusted.app.mgt-7.5.65.jar returned status 404
7.5.66			IOException: Tail request on https://maven-central.storage-download.googleapis.com/maven2/org/wso2/carbon/identity/framework/org.wso2.carbon.identity.trusted.app.mgt/7.5.66/org.wso2.carbon.identity.trusted.app.mgt-7.5.66.jar returned status 404
7.5.67			IOException: Tail request on https://maven-central.storage-download.googleapis.com/maven2/org/wso2/carbon/identity/framework/org.wso2.carbon.identity.trusted.app.mgt/7.5.67/org.wso2.carbon.identity.trusted.app.mgt-7.5.67.jar returned status 404
7.5.68			IOException: Tail request on https://maven-central.storage-download.googleapis.com/maven2/org/wso2/carbon/identity/framework/org.wso2.carbon.identity.trusted.app.mgt/7.5.68/org.wso2.carbon.identity.trusted.app.mgt-7.5.68.jar returned status 404
7.5.69			IOException: Tail request on https://maven-central.storage-download.googleapis.com/maven2/org/wso2/carbon/identity/framework/org.wso2.carbon.identity.trusted.app.mgt/7.5.69/org.wso2.carbon.identity.trusted.app.mgt-7.5.69.jar returned status 404
7.5.7		2024-09-06T10:45:59Z	
7.5.70			IOException: Tail request on https://maven-central.storage-download.googleapis.com/maven2/org/wso2/carbon/identity/framework/org.wso2.carbon.identity.trusted.app.mgt/7.5.70/org.wso2.carbon.identity.trusted.app.mgt-7.5.70.jar returned status 404
7.5.71			IOException: Tail request on https://maven-central.storage-download.googleapis.com/maven2/org/wso2/carbon/identity/framework/org.wso2.carbon.identity.trusted.app.mgt/7.5.71/org.wso2.carbon.identity.trusted.app.mgt-7.5.71.jar returned status 404
7.5.72			IOException: Tail request on https://maven-central.storage-download.googleapis.com/maven2/org/wso2/carbon/identity/framework/org.wso2.carbon.identity.trusted.app.mgt/7.5.72/org.wso2.carbon.identity.trusted.app.mgt-7.5.72.jar returned status 404
7.5.73			IOException: Tail request on https://maven-central.storage-download.googleapis.com/maven2/org/wso2/carbon/identity/framework/org.wso2.carbon.identity.trusted.app.mgt/7.5.73/org.wso2.carbon.identity.trusted.app.mgt-7.5.73.jar returned status 404
7.5.74			IOException: Tail request on https://maven-central.storage-download.googleapis.com/maven2/org/wso2/carbon/identity/framework/org.wso2.carbon.identity.trusted.app.mgt/7.5.74/org.wso2.carbon.identity.trusted.app.mgt-7.5.74.jar returned status 404
7.5.75			IOException: Tail request on https://maven-central.storage-download.googleapis.com/maven2/org/wso2/carbon/identity/framework/org.wso2.carbon.identity.trusted.app.mgt/7.5.75/org.wso2.carbon.identity.trusted.app.mgt-7.5.75.jar returned status 404
7.5.76			IOException: Tail request on https://maven-central.storage-download.googleapis.com/maven2/org/wso2/carbon/identity/framework/org.wso2.carbon.identity.trusted.app.mgt/7.5.76/org.wso2.carbon.identity.trusted.app.mgt-7.5.76.jar returned status 404
7.5.77			IOException: Tail request on https://maven-central.storage-download.googleapis.com/maven2/org/wso2/carbon/identity/framework/org.wso2.carbon.identity.trusted.app.mgt/7.5.77/org.wso2.carbon.identity.trusted.app.mgt-7.5.77.jar returned status 404
7.5.78			IOException: Tail request on https://maven-central.storage-download.googleapis.com/maven2/org/wso2/carbon/identity/framework/org.wso2.carbon.identity.trusted.app.mgt/7.5.78/org.wso2.carbon.identity.trusted.app.mgt-7.5.78.jar returned status 404
7.5.79			IOException: Tail request on https://maven-central.storage-download.googleapis.com/maven2/org/wso2/carbon/identity/framework/org.wso2.carbon.identity.trusted.app.mgt/7.5.79/org.wso2.carbon.identity.trusted.app.mgt-7.5.79.jar returned status 404
7.5.8		2024-09-09T07:28:52Z	
7.5.80			IOException: Tail request on https://maven-central.storage-download.googleapis.com/maven2/org/wso2/carbon/identity/framework/org.wso2.carbon.identity.trusted.app.mgt/7.5.80/org.wso2.carbon.identity.trusted.app.mgt-7.5.80.jar returned status 404
7.5.81			IOException: Tail request on https://maven-central.storage-download.googleapis.com/maven2/org/wso2/carbon/identity/framework/org.wso2.carbon.identity.trusted.app.mgt/7.5.81/org.wso2.carbon.identity.trusted.app.mgt-7.5.81.jar returned status 404
7.5.82			IOException: Tail request on https://maven-central.storage-download.googleapis.com/maven2/org/wso2/carbon/identity/framework/org.wso2.carbon.identity.trusted.app.mgt/7.5.82/org.wso2.carbon.identity.trusted.app.mgt-7.5.82.jar returned status 404
7.5.83			IOException: Tail request on https://maven-central.storage-download.googleapis.com/maven2/org/wso2/carbon/identity/framework/org.wso2.carbon.identity.trusted.app.mgt/7.5.83/org.wso2.carbon.identity.trusted.app.mgt-7.5.83.jar returned status 404
7.5.84			IOException: Tail request on https://maven-central.storage-download.googleapis.com/maven2/org/wso2/carbon/identity/framework/org.wso2.carbon.identity.trusted.app.mgt/7.5.84/org.wso2.carbon.identity.trusted.app.mgt-7.5.84.jar returned status 404
7.5.85			IOException: Tail request on https://maven-central.storage-download.googleapis.com/maven2/org/wso2/carbon/identity/framework/org.wso2.carbon.identity.trusted.app.mgt/7.5.85/org.wso2.carbon.identity.trusted.app.mgt-7.5.85.jar returned status 404
7.5.86			IOException: Tail request on https://maven-central.storage-download.googleapis.com/maven2/org/wso2/carbon/identity/framework/org.wso2.carbon.identity.trusted.app.mgt/7.5.86/org.wso2.carbon.identity.trusted.app.mgt-7.5.86.jar returned status 404
7.5.87			IOException: Tail request on https://maven-central.storage-download.googleapis.com/maven2/org/wso2/carbon/identity/framework/org.wso2.carbon.identity.trusted.app.mgt/7.5.87/org.wso2.carbon.identity.trusted.app.mgt-7.5.87.jar returned status 404
7.5.88			IOException: Tail request on https://maven-central.storage-download.googleapis.com/maven2/org/wso2/carbon/identity/framework/org.wso2.carbon.identity.trusted.app.mgt/7.5.88/org.wso2.carbon.identity.trusted.app.mgt-7.5.88.jar returned status 404
7.5.89			IOException: Tail request on https://maven-central.storage-download.googleapis.com/maven2/org/wso2/carbon/identity/framework/org.wso2.carbon.identity.trusted.app.mgt/7.5.89/org.wso2.carbon.identity.trusted.app.mgt-7.5.89.jar returned status 404
7.5.9		2024-09-10T06:24:44Z	
7.5.90			IOException: Tail request on https://maven-central.storage-download.googleapis.com/maven2/org/wso2/carbon/identity/framework/org.wso2.carbon.identity.trusted.app.mgt/7.5.90/org.wso2.carbon.identity.trusted.app.mgt-7.5.90.jar returned status 404
7.5.91			IOException: Tail request on https://maven-central.storage-download.googleapis.com/maven2/org/wso2/carbon/identity/framework/org.wso2.carbon.identity.trusted.app.mgt/7.5.91/org.wso2.carbon.identity.trusted.app.mgt-7.5.91.jar returned status 404
7.5.92			IOException: Tail request on https://maven-central.storage-download.googleapis.com/maven2/org/wso2/carbon/identity/framework/org.wso2.carbon.identity.trusted.app.mgt/7.5.92/org.wso2.carbon.identity.trusted.app.mgt-7.5.92.jar returned status 404
7.5.93			IOException: Tail request on https://maven-central.storage-download.googleapis.com/maven2/org/wso2/carbon/identity/framework/org.wso2.carbon.identity.trusted.app.mgt/7.5.93/org.wso2.carbon.identity.trusted.app.mgt-7.5.93.jar returned status 404
7.5.94			IOException: Tail request on https://maven-central.storage-download.googleapis.com/maven2/org/wso2/carbon/identity/framework/org.wso2.carbon.identity.trusted.app.mgt/7.5.94/org.wso2.carbon.identity.trusted.app.mgt-7.5.94.jar returned status 404
7.5.95			IOException: Tail request on https://maven-central.storage-download.googleapis.com/maven2/org/wso2/carbon/identity/framework/org.wso2.carbon.identity.trusted.app.mgt/7.5.95/org.wso2.carbon.identity.trusted.app.mgt-7.5.95.jar returned status 404
7.5.96			IOException: Tail request on https://maven-central.storage-download.googleapis.com/maven2/org/wso2/carbon/identity/framework/org.wso2.carbon.identity.trusted.app.mgt/7.5.96/org.wso2.carbon.identity.trusted.app.mgt-7.5.96.jar returned status 404
7.5.97			IOException: Tail request on https://maven-central.storage-download.googleapis.com/maven2/org/wso2/carbon/identity/framework/org.wso2.carbon.identity.trusted.app.mgt/7.5.97/org.wso2.carbon.identity.trusted.app.mgt-7.5.97.jar returned status 404
7.5.98			IOException: Tail request on https://maven-central.storage-download.googleapis.com/maven2/org/wso2/carbon/identity/framework/org.wso2.carbon.identity.trusted.app.mgt/7.5.98/org.wso2.carbon.identity.trusted.app.mgt-7.5.98.jar returned status 404
7.5.99			IOException: Tail request on https://maven-central.storage-download.googleapis.com/maven2/org/wso2/carbon/identity/framework/org.wso2.carbon.identity.trusted.app.mgt/7.5.99/org.wso2.carbon.identity.trusted.app.mgt-7.5.99.jar returned status 404
7.6.0			IOException: Tail request on https://maven-central.storage-download.googleapis.com/maven2/org/wso2/carbon/identity/framework/org.wso2.carbon.identity.trusted.app.mgt/7.6.0/org.wso2.carbon.identity.trusted.app.mgt-7.6.0.jar returned status 404
7.6.1			IOException: Tail request on https://maven-central.storage-download.googleapis.com/maven2/org/wso2/carbon/identity/framework/org.wso2.carbon.identity.trusted.app.mgt/7.6.1/org.wso2.carbon.identity.trusted.app.mgt-7.6.1.jar returned status 404
7.6.10			IOException: Tail request on https://maven-central.storage-download.googleapis.com/maven2/org/wso2/carbon/identity/framework/org.wso2.carbon.identity.trusted.app.mgt/7.6.10/org.wso2.carbon.identity.trusted.app.mgt-7.6.10.jar returned status 404
7.6.11			IOException: Tail request on https://maven-central.storage-download.googleapis.com/maven2/org/wso2/carbon/identity/framework/org.wso2.carbon.identity.trusted.app.mgt/7.6.11/org.wso2.carbon.identity.trusted.app.mgt-7.6.11.jar returned status 404
7.6.12			IOException: Tail request on https://maven-central.storage-download.googleapis.com/maven2/org/wso2/carbon/identity/framework/org.wso2.carbon.identity.trusted.app.mgt/7.6.12/org.wso2.carbon.identity.trusted.app.mgt-7.6.12.jar returned status 404
7.6.13			IOException: Tail request on https://maven-central.storage-download.googleapis.com/maven2/org/wso2/carbon/identity/framework/org.wso2.carbon.identity.trusted.app.mgt/7.6.13/org.wso2.carbon.identity.trusted.app.mgt-7.6.13.jar returned status 404
7.6.14			IOException: Tail request on https://maven-central.storage-download.googleapis.com/maven2/org/wso2/carbon/identity/framework/org.wso2.carbon.identity.trusted.app.mgt/7.6.14/org.wso2.carbon.identity.trusted.app.mgt-7.6.14.jar returned status 404
7.6.15			IOException: Tail request on https://maven-central.storage-download.googleapis.com/maven2/org/wso2/carbon/identity/framework/org.wso2.carbon.identity.trusted.app.mgt/7.6.15/org.wso2.carbon.identity.trusted.app.mgt-7.6.15.jar returned status 404
7.6.16			IOException: Tail request on https://maven-central.storage-download.googleapis.com/maven2/org/wso2/carbon/identity/framework/org.wso2.carbon.identity.trusted.app.mgt/7.6.16/org.wso2.carbon.identity.trusted.app.mgt-7.6.16.jar returned status 404
7.6.17			IOException: Tail request on https://maven-central.storage-download.googleapis.com/maven2/org/wso2/carbon/identity/framework/org.wso2.carbon.identity.trusted.app.mgt/7.6.17/org.wso2.carbon.identity.trusted.app.mgt-7.6.17.jar returned status 404
7.6.18			IOException: Tail request on https://maven-central.storage-download.googleapis.com/maven2/org/wso2/carbon/identity/framework/org.wso2.carbon.identity.trusted.app.mgt/7.6.18/org.wso2.carbon.identity.trusted.app.mgt-7.6.18.jar returned status 404
7.6.19			IOException: Tail request on https://maven-central.storage-download.googleapis.com/maven2/org/wso2/carbon/identity/framework/org.wso2.carbon.identity.trusted.app.mgt/7.6.19/org.wso2.carbon.identity.trusted.app.mgt-7.6.19.jar returned status 404
7.6.2		2024-11-11T05:31:53Z	
7.6.20			IOException: Tail request on https://maven-central.storage-download.googleapis.com/maven2/org/wso2/carbon/identity/framework/org.wso2.carbon.identity.trusted.app.mgt/7.6.20/org.wso2.carbon.identity.trusted.app.mgt-7.6.20.jar returned status 404
7.6.3		2024-11-11T07:19:06Z	
7.6.4		2024-11-12T05:41:41Z	
7.6.5		2024-11-12T12:01:49Z	
7.6.6		2024-11-12T13:38:43Z	
7.6.7		2024-11-12T17:52:59Z	
7.6.8			IOException: Tail request on https://maven-central.storage-download.googleapis.com/maven2/org/wso2/carbon/identity/framework/org.wso2.carbon.identity.trusted.app.mgt/7.6.8/org.wso2.carbon.identity.trusted.app.mgt-7.6.8.jar returned status 404
7.6.9			IOException: Tail request on https://maven-central.storage-download.googleapis.com/maven2/org/wso2/carbon/identity/framework/org.wso2.carbon.identity.trusted.app.mgt/7.6.9/org.wso2.carbon.identity.trusted.app.mgt-7.6.9.jar returned status 404
7.7.0			IOException: Tail request on https://maven-central.storage-download.googleapis.com/maven2/org/wso2/carbon/identity/framework/org.wso2.carbon.identity.trusted.app.mgt/7.7.0/org.wso2.carbon.identity.trusted.app.mgt-7.7.0.jar returned status 404
7.7.1			IOException: Tail request on https://maven-central.storage-download.googleapis.com/maven2/org/wso2/carbon/identity/framework/org.wso2.carbon.identity.trusted.app.mgt/7.7.1/org.wso2.carbon.identity.trusted.app.mgt-7.7.1.jar returned status 404
7.7.10			IOException: Tail request on https://maven-central.storage-download.googleapis.com/maven2/org/wso2/carbon/identity/framework/org.wso2.carbon.identity.trusted.app.mgt/7.7.10/org.wso2.carbon.identity.trusted.app.mgt-7.7.10.jar returned status 404
7.7.100		2025-01-20T07:57:29Z	
7.7.101		2025-01-20T09:06:38Z	
7.7.102		2025-01-20T10:15:15Z	
7.7.103		2025-01-20T11:48:56Z	
7.7.104		2025-01-20T13:01:06Z	
7.7.105		2025-01-20T16:55:14Z	
7.7.106		2025-01-20T18:03:22Z	
7.7.107			IOException: Tail request on https://maven-central.storage-download.googleapis.com/maven2/org/wso2/carbon/identity/framework/org.wso2.carbon.identity.trusted.app.mgt/7.7.107/org.wso2.carbon.identity.trusted.app.mgt-7.7.107.jar returned status 404
7.7.108			IOException: Tail request on https://maven-central.storage-download.googleapis.com/maven2/org/wso2/carbon/identity/framework/org.wso2.carbon.identity.trusted.app.mgt/7.7.108/org.wso2.carbon.identity.trusted.app.mgt-7.7.108.jar returned status 404
7.7.109			IOException: Tail request on https://maven-central.storage-download.googleapis.com/maven2/org/wso2/carbon/identity/framework/org.wso2.carbon.identity.trusted.app.mgt/7.7.109/org.wso2.carbon.identity.trusted.app.mgt-7.7.109.jar returned status 404
7.7.11			IOException: Tail request on https://maven-central.storage-download.googleapis.com/maven2/org/wso2/carbon/identity/framework/org.wso2.carbon.identity.trusted.app.mgt/7.7.11/org.wso2.carbon.identity.trusted.app.mgt-7.7.11.jar returned status 404
7.7.110			IOException: Tail request on https://maven-central.storage-download.googleapis.com/maven2/org/wso2/carbon/identity/framework/org.wso2.carbon.identity.trusted.app.mgt/7.7.110/org.wso2.carbon.identity.trusted.app.mgt-7.7.110.jar returned status 404
7.7.111			IOException: Tail request on https://maven-central.storage-download.googleapis.com/maven2/org/wso2/carbon/identity/framework/org.wso2.carbon.identity.trusted.app.mgt/7.7.111/org.wso2.carbon.identity.trusted.app.mgt-7.7.111.jar returned status 404
7.7.112			IOException: Tail request on https://maven-central.storage-download.googleapis.com/maven2/org/wso2/carbon/identity/framework/org.wso2.carbon.identity.trusted.app.mgt/7.7.112/org.wso2.carbon.identity.trusted.app.mgt-7.7.112.jar returned status 404
7.7.113			IOException: Tail request on https://maven-central.storage-download.googleapis.com/maven2/org/wso2/carbon/identity/framework/org.wso2.carbon.identity.trusted.app.mgt/7.7.113/org.wso2.carbon.identity.trusted.app.mgt-7.7.113.jar returned status 404
7.7.114			IOException: Tail request on https://maven-central.storage-download.googleapis.com/maven2/org/wso2/carbon/identity/framework/org.wso2.carbon.identity.trusted.app.mgt/7.7.114/org.wso2.carbon.identity.trusted.app.mgt-7.7.114.jar returned status 404
7.7.115			IOException: Tail request on https://maven-central.storage-download.googleapis.com/maven2/org/wso2/carbon/identity/framework/org.wso2.carbon.identity.trusted.app.mgt/7.7.115/org.wso2.carbon.identity.trusted.app.mgt-7.7.115.jar returned status 404
7.7.116			IOException: Tail request on https://maven-central.storage-download.googleapis.com/maven2/org/wso2/carbon/identity/framework/org.wso2.carbon.identity.trusted.app.mgt/7.7.116/org.wso2.carbon.identity.trusted.app.mgt-7.7.116.jar returned status 404
7.7.117			IOException: Tail request on https://maven-central.storage-download.googleapis.com/maven2/org/wso2/carbon/identity/framework/org.wso2.carbon.identity.trusted.app.mgt/7.7.117/org.wso2.carbon.identity.trusted.app.mgt-7.7.117.jar returned status 404
7.7.118			IOException: Tail request on https://maven-central.storage-download.googleapis.com/maven2/org/wso2/carbon/identity/framework/org.wso2.carbon.identity.trusted.app.mgt/7.7.118/org.wso2.carbon.identity.trusted.app.mgt-7.7.118.jar returned status 404
7.7.119			IOException: Tail request on https://maven-central.storage-download.googleapis.com/maven2/org/wso2/carbon/identity/framework/org.wso2.carbon.identity.trusted.app.mgt/7.7.119/org.wso2.carbon.identity.trusted.app.mgt-7.7.119.jar returned status 404
7.7.12			IOException: Tail request on https://maven-central.storage-download.googleapis.com/maven2/org/wso2/carbon/identity/framework/org.wso2.carbon.identity.trusted.app.mgt/7.7.12/org.wso2.carbon.identity.trusted.app.mgt-7.7.12.jar returned status 404
7.7.120			IOException: Tail request on https://maven-central.storage-download.googleapis.com/maven2/org/wso2/carbon/identity/framework/org.wso2.carbon.identity.trusted.app.mgt/7.7.120/org.wso2.carbon.identity.trusted.app.mgt-7.7.120.jar returned status 404
7.7.121			IOException: Tail request on https://maven-central.storage-download.googleapis.com/maven2/org/wso2/carbon/identity/framework/org.wso2.carbon.identity.trusted.app.mgt/7.7.121/org.wso2.carbon.identity.trusted.app.mgt-7.7.121.jar returned status 404
7.7.122			IOException: Tail request on https://maven-central.storage-download.googleapis.com/maven2/org/wso2/carbon/identity/framework/org.wso2.carbon.identity.trusted.app.mgt/7.7.122/org.wso2.carbon.identity.trusted.app.mgt-7.7.122.jar returned status 404
7.7.123			IOException: Tail request on https://maven-central.storage-download.googleapis.com/maven2/org/wso2/carbon/identity/framework/org.wso2.carbon.identity.trusted.app.mgt/7.7.123/org.wso2.carbon.identity.trusted.app.mgt-7.7.123.jar returned status 404
7.7.124			IOException: Tail request on https://maven-central.storage-download.googleapis.com/maven2/org/wso2/carbon/identity/framework/org.wso2.carbon.identity.trusted.app.mgt/7.7.124/org.wso2.carbon.identity.trusted.app.mgt-7.7.124.jar returned status 404
7.7.125			IOException: Tail request on https://maven-central.storage-download.googleapis.com/maven2/org/wso2/carbon/identity/framework/org.wso2.carbon.identity.trusted.app.mgt/7.7.125/org.wso2.carbon.identity.trusted.app.mgt-7.7.125.jar returned status 404
7.7.126			IOException: Tail request on https://maven-central.storage-download.googleapis.com/maven2/org/wso2/carbon/identity/framework/org.wso2.carbon.identity.trusted.app.mgt/7.7.126/org.wso2.carbon.identity.trusted.app.mgt-7.7.126.jar returned status 404
7.7.127			IOException: Tail request on https://maven-central.storage-download.googleapis.com/maven2/org/wso2/carbon/identity/framework/org.wso2.carbon.identity.trusted.app.mgt/7.7.127/org.wso2.carbon.identity.trusted.app.mgt-7.7.127.jar returned status 404
7.7.128			IOException: Tail request on https://maven-central.storage-download.googleapis.com/maven2/org/wso2/carbon/identity/framework/org.wso2.carbon.identity.trusted.app.mgt/7.7.128/org.wso2.carbon.identity.trusted.app.mgt-7.7.128.jar returned status 404
7.7.129			IOException: Tail request on https://maven-central.storage-download.googleapis.com/maven2/org/wso2/carbon/identity/framework/org.wso2.carbon.identity.trusted.app.mgt/7.7.129/org.wso2.carbon.identity.trusted.app.mgt-7.7.129.jar returned status 404
7.7.13			IOException: Tail request on https://maven-central.storage-download.googleapis.com/maven2/org/wso2/carbon/identity/framework/org.wso2.carbon.identity.trusted.app.mgt/7.7.13/org.wso2.carbon.identity.trusted.app.mgt-7.7.13.jar returned status 404
7.7.130			IOException: Tail request on https://maven-central.storage-download.googleapis.com/maven2/org/wso2/carbon/identity/framework/org.wso2.carbon.identity.trusted.app.mgt/7.7.130/org.wso2.carbon.identity.trusted.app.mgt-7.7.130.jar returned status 404
7.7.131			IOException: Tail request on https://maven-central.storage-download.googleapis.com/maven2/org/wso2/carbon/identity/framework/org.wso2.carbon.identity.trusted.app.mgt/7.7.131/org.wso2.carbon.identity.trusted.app.mgt-7.7.131.jar returned status 404
7.7.132			IOException: Tail request on https://maven-central.storage-download.googleapis.com/maven2/org/wso2/carbon/identity/framework/org.wso2.carbon.identity.trusted.app.mgt/7.7.132/org.wso2.carbon.identity.trusted.app.mgt-7.7.132.jar returned status 404
7.7.133			IOException: Tail request on https://maven-central.storage-download.googleapis.com/maven2/org/wso2/carbon/identity/framework/org.wso2.carbon.identity.trusted.app.mgt/7.7.133/org.wso2.carbon.identity.trusted.app.mgt-7.7.133.jar returned status 404
7.7.134			IOException: Tail request on https://maven-central.storage-download.googleapis.com/maven2/org/wso2/carbon/identity/framework/org.wso2.carbon.identity.trusted.app.mgt/7.7.134/org.wso2.carbon.identity.trusted.app.mgt-7.7.134.jar returned status 404
7.7.135			IOException: Tail request on https://maven-central.storage-download.googleapis.com/maven2/org/wso2/carbon/identity/framework/org.wso2.carbon.identity.trusted.app.mgt/7.7.135/org.wso2.carbon.identity.trusted.app.mgt-7.7.135.jar returned status 404
7.7.136			IOException: Tail request on https://maven-central.storage-download.googleapis.com/maven2/org/wso2/carbon/identity/framework/org.wso2.carbon.identity.trusted.app.mgt/7.7.136/org.wso2.carbon.identity.trusted.app.mgt-7.7.136.jar returned status 404
7.7.137			IOException: Tail request on https://maven-central.storage-download.googleapis.com/maven2/org/wso2/carbon/identity/framework/org.wso2.carbon.identity.trusted.app.mgt/7.7.137/org.wso2.carbon.identity.trusted.app.mgt-7.7.137.jar returned status 404
7.7.138			IOException: Tail request on https://maven-central.storage-download.googleapis.com/maven2/org/wso2/carbon/identity/framework/org.wso2.carbon.identity.trusted.app.mgt/7.7.138/org.wso2.carbon.identity.trusted.app.mgt-7.7.138.jar returned status 404
7.7.139			IOException: Tail request on https://maven-central.storage-download.googleapis.com/maven2/org/wso2/carbon/identity/framework/org.wso2.carbon.identity.trusted.app.mgt/7.7.139/org.wso2.carbon.identity.trusted.app.mgt-7.7.139.jar returned status 404
7.7.14			IOException: Tail request on https://maven-central.storage-download.googleapis.com/maven2/org/wso2/carbon/identity/framework/org.wso2.carbon.identity.trusted.app.mgt/7.7.14/org.wso2.carbon.identity.trusted.app.mgt-7.7.14.jar returned status 404
7.7.140			IOException: Tail request on https://maven-central.storage-download.googleapis.com/maven2/org/wso2/carbon/identity/framework/org.wso2.carbon.identity.trusted.app.mgt/7.7.140/org.wso2.carbon.identity.trusted.app.mgt-7.7.140.jar returned status 404
7.7.141			IOException: Tail request on https://maven-central.storage-download.googleapis.com/maven2/org/wso2/carbon/identity/framework/org.wso2.carbon.identity.trusted.app.mgt/7.7.141/org.wso2.carbon.identity.trusted.app.mgt-7.7.141.jar returned status 404
7.7.142			IOException: Tail request on https://maven-central.storage-download.googleapis.com/maven2/org/wso2/carbon/identity/framework/org.wso2.carbon.identity.trusted.app.mgt/7.7.142/org.wso2.carbon.identity.trusted.app.mgt-7.7.142.jar returned status 404
7.7.143			IOException: Tail request on https://maven-central.storage-download.googleapis.com/maven2/org/wso2/carbon/identity/framework/org.wso2.carbon.identity.trusted.app.mgt/7.7.143/org.wso2.carbon.identity.trusted.app.mgt-7.7.143.jar returned status 404
7.7.144			IOException: Tail request on https://maven-central.storage-download.googleapis.com/maven2/org/wso2/carbon/identity/framework/org.wso2.carbon.identity.trusted.app.mgt/7.7.144/org.wso2.carbon.identity.trusted.app.mgt-7.7.144.jar returned status 404
7.7.145			IOException: Tail request on https://maven-central.storage-download.googleapis.com/maven2/org/wso2/carbon/identity/framework/org.wso2.carbon.identity.trusted.app.mgt/7.7.145/org.wso2.carbon.identity.trusted.app.mgt-7.7.145.jar returned status 404
7.7.146			IOException: Tail request on https://maven-central.storage-download.googleapis.com/maven2/org/wso2/carbon/identity/framework/org.wso2.carbon.identity.trusted.app.mgt/7.7.146/org.wso2.carbon.identity.trusted.app.mgt-7.7.146.jar returned status 404
7.7.147			IOException: Tail request on https://maven-central.storage-download.googleapis.com/maven2/org/wso2/carbon/identity/framework/org.wso2.carbon.identity.trusted.app.mgt/7.7.147/org.wso2.carbon.identity.trusted.app.mgt-7.7.147.jar returned status 404
7.7.148			IOException: Tail request on https://maven-central.storage-download.googleapis.com/maven2/org/wso2/carbon/identity/framework/org.wso2.carbon.identity.trusted.app.mgt/7.7.148/org.wso2.carbon.identity.trusted.app.mgt-7.7.148.jar returned status 404
7.7.149			IOException: Tail request on https://maven-central.storage-download.googleapis.com/maven2/org/wso2/carbon/identity/framework/org.wso2.carbon.identity.trusted.app.mgt/7.7.149/org.wso2.carbon.identity.trusted.app.mgt-7.7.149.jar returned status 404
7.7.15			IOException: Tail request on https://maven-central.storage-download.googleapis.com/maven2/org/wso2/carbon/identity/framework/org.wso2.carbon.identity.trusted.app.mgt/7.7.15/org.wso2.carbon.identity.trusted.app.mgt-7.7.15.jar returned status 404
7.7.150			IOException: Tail request on https://maven-central.storage-download.googleapis.com/maven2/org/wso2/carbon/identity/framework/org.wso2.carbon.identity.trusted.app.mgt/7.7.150/org.wso2.carbon.identity.trusted.app.mgt-7.7.150.jar returned status 404
7.7.151			IOException: Tail request on https://maven-central.storage-download.googleapis.com/maven2/org/wso2/carbon/identity/framework/org.wso2.carbon.identity.trusted.app.mgt/7.7.151/org.wso2.carbon.identity.trusted.app.mgt-7.7.151.jar returned status 404
7.7.152			IOException: Tail request on https://maven-central.storage-download.googleapis.com/maven2/org/wso2/carbon/identity/framework/org.wso2.carbon.identity.trusted.app.mgt/7.7.152/org.wso2.carbon.identity.trusted.app.mgt-7.7.152.jar returned status 404
7.7.153			IOException: Tail request on https://maven-central.storage-download.googleapis.com/maven2/org/wso2/carbon/identity/framework/org.wso2.carbon.identity.trusted.app.mgt/7.7.153/org.wso2.carbon.identity.trusted.app.mgt-7.7.153.jar returned status 404
7.7.154			IOException: Tail request on https://maven-central.storage-download.googleapis.com/maven2/org/wso2/carbon/identity/framework/org.wso2.carbon.identity.trusted.app.mgt/7.7.154/org.wso2.carbon.identity.trusted.app.mgt-7.7.154.jar returned status 404
7.7.155			IOException: Tail request on https://maven-central.storage-download.googleapis.com/maven2/org/wso2/carbon/identity/framework/org.wso2.carbon.identity.trusted.app.mgt/7.7.155/org.wso2.carbon.identity.trusted.app.mgt-7.7.155.jar returned status 404
7.7.156			IOException: Tail request on https://maven-central.storage-download.googleapis.com/maven2/org/wso2/carbon/identity/framework/org.wso2.carbon.identity.trusted.app.mgt/7.7.156/org.wso2.carbon.identity.trusted.app.mgt-7.7.156.jar returned status 404
7.7.157			IOException: Tail request on https://maven-central.storage-download.googleapis.com/maven2/org/wso2/carbon/identity/framework/org.wso2.carbon.identity.trusted.app.mgt/7.7.157/org.wso2.carbon.identity.trusted.app.mgt-7.7.157.jar returned status 404
7.7.158			IOException: Tail request on https://maven-central.storage-download.googleapis.com/maven2/org/wso2/carbon/identity/framework/org.wso2.carbon.identity.trusted.app.mgt/7.7.158/org.wso2.carbon.identity.trusted.app.mgt-7.7.158.jar returned status 404
7.7.159			IOException: Tail request on https://maven-central.storage-download.googleapis.com/maven2/org/wso2/carbon/identity/framework/org.wso2.carbon.identity.trusted.app.mgt/7.7.159/org.wso2.carbon.identity.trusted.app.mgt-7.7.159.jar returned status 404
7.7.16			IOException: Tail request on https://maven-central.storage-download.googleapis.com/maven2/org/wso2/carbon/identity/framework/org.wso2.carbon.identity.trusted.app.mgt/7.7.16/org.wso2.carbon.identity.trusted.app.mgt-7.7.16.jar returned status 404
7.7.160			IOException: Tail request on https://maven-central.storage-download.googleapis.com/maven2/org/wso2/carbon/identity/framework/org.wso2.carbon.identity.trusted.app.mgt/7.7.160/org.wso2.carbon.identity.trusted.app.mgt-7.7.160.jar returned status 404
7.7.161			IOException: Tail request on https://maven-central.storage-download.googleapis.com/maven2/org/wso2/carbon/identity/framework/org.wso2.carbon.identity.trusted.app.mgt/7.7.161/org.wso2.carbon.identity.trusted.app.mgt-7.7.161.jar returned status 404
7.7.162			IOException: Tail request on https://maven-central.storage-download.googleapis.com/maven2/org/wso2/carbon/identity/framework/org.wso2.carbon.identity.trusted.app.mgt/7.7.162/org.wso2.carbon.identity.trusted.app.mgt-7.7.162.jar returned status 404
7.7.163			IOException: Tail request on https://maven-central.storage-download.googleapis.com/maven2/org/wso2/carbon/identity/framework/org.wso2.carbon.identity.trusted.app.mgt/7.7.163/org.wso2.carbon.identity.trusted.app.mgt-7.7.163.jar returned status 404
7.7.164			IOException: Tail request on https://maven-central.storage-download.googleapis.com/maven2/org/wso2/carbon/identity/framework/org.wso2.carbon.identity.trusted.app.mgt/7.7.164/org.wso2.carbon.identity.trusted.app.mgt-7.7.164.jar returned status 404
7.7.165			IOException: Tail request on https://maven-central.storage-download.googleapis.com/maven2/org/wso2/carbon/identity/framework/org.wso2.carbon.identity.trusted.app.mgt/7.7.165/org.wso2.carbon.identity.trusted.app.mgt-7.7.165.jar returned status 404
7.7.166			IOException: Tail request on https://maven-central.storage-download.googleapis.com/maven2/org/wso2/carbon/identity/framework/org.wso2.carbon.identity.trusted.app.mgt/7.7.166/org.wso2.carbon.identity.trusted.app.mgt-7.7.166.jar returned status 404
7.7.167			IOException: Tail request on https://maven-central.storage-download.googleapis.com/maven2/org/wso2/carbon/identity/framework/org.wso2.carbon.identity.trusted.app.mgt/7.7.167/org.wso2.carbon.identity.trusted.app.mgt-7.7.167.jar returned status 404
7.7.168			IOException: Tail request on https://maven-central.storage-download.googleapis.com/maven2/org/wso2/carbon/identity/framework/org.wso2.carbon.identity.trusted.app.mgt/7.7.168/org.wso2.carbon.identity.trusted.app.mgt-7.7.168.jar returned status 404
7.7.169			IOException: Tail request on https://maven-central.storage-download.googleapis.com/maven2/org/wso2/carbon/identity/framework/org.wso2.carbon.identity.trusted.app.mgt/7.7.169/org.wso2.carbon.identity.trusted.app.mgt-7.7.169.jar returned status 404
7.7.17			IOException: Tail request on https://maven-central.storage-download.googleapis.com/maven2/org/wso2/carbon/identity/framework/org.wso2.carbon.identity.trusted.app.mgt/7.7.17/org.wso2.carbon.identity.trusted.app.mgt-7.7.17.jar returned status 404
7.7.170			IOException: Tail request on https://maven-central.storage-download.googleapis.com/maven2/org/wso2/carbon/identity/framework/org.wso2.carbon.identity.trusted.app.mgt/7.7.170/org.wso2.carbon.identity.trusted.app.mgt-7.7.170.jar returned status 404
7.7.171			IOException: Tail request on https://maven-central.storage-download.googleapis.com/maven2/org/wso2/carbon/identity/framework/org.wso2.carbon.identity.trusted.app.mgt/7.7.171/org.wso2.carbon.identity.trusted.app.mgt-7.7.171.jar returned status 404
7.7.172			IOException: Tail request on https://maven-central.storage-download.googleapis.com/maven2/org/wso2/carbon/identity/framework/org.wso2.carbon.identity.trusted.app.mgt/7.7.172/org.wso2.carbon.identity.trusted.app.mgt-7.7.172.jar returned status 404
7.7.173			IOException: Tail request on https://maven-central.storage-download.googleapis.com/maven2/org/wso2/carbon/identity/framework/org.wso2.carbon.identity.trusted.app.mgt/7.7.173/org.wso2.carbon.identity.trusted.app.mgt-7.7.173.jar returned status 404
7.7.174			IOException: Tail request on https://maven-central.storage-download.googleapis.com/maven2/org/wso2/carbon/identity/framework/org.wso2.carbon.identity.trusted.app.mgt/7.7.174/org.wso2.carbon.identity.trusted.app.mgt-7.7.174.jar returned status 404
7.7.175			IOException: Tail request on https://maven-central.storage-download.googleapis.com/maven2/org/wso2/carbon/identity/framework/org.wso2.carbon.identity.trusted.app.mgt/7.7.175/org.wso2.carbon.identity.trusted.app.mgt-7.7.175.jar returned status 404
7.7.176			IOException: Tail request on https://maven-central.storage-download.googleapis.com/maven2/org/wso2/carbon/identity/framework/org.wso2.carbon.identity.trusted.app.mgt/7.7.176/org.wso2.carbon.identity.trusted.app.mgt-7.7.176.jar returned status 404
7.7.177			IOException: Tail request on https://maven-central.storage-download.googleapis.com/maven2/org/wso2/carbon/identity/framework/org.wso2.carbon.identity.trusted.app.mgt/7.7.177/org.wso2.carbon.identity.trusted.app.mgt-7.7.177.jar returned status 404
7.7.178			IOException: Tail request on https://maven-central.storage-download.googleapis.com/maven2/org/wso2/carbon/identity/framework/org.wso2.carbon.identity.trusted.app.mgt/7.7.178/org.wso2.carbon.identity.trusted.app.mgt-7.7.178.jar returned status 404
7.7.179			IOException: Tail request on https://maven-central.storage-download.googleapis.com/maven2/org/wso2/carbon/identity/framework/org.wso2.carbon.identity.trusted.app.mgt/7.7.179/org.wso2.carbon.identity.trusted.app.mgt-7.7.179.jar returned status 404
7.7.18			IOException: Tail request on https://maven-central.storage-download.googleapis.com/maven2/org/wso2/carbon/identity/framework/org.wso2.carbon.identity.trusted.app.mgt/7.7.18/org.wso2.carbon.identity.trusted.app.mgt-7.7.18.jar returned status 404
7.7.180			IOException: Tail request on https://maven-central.storage-download.googleapis.com/maven2/org/wso2/carbon/identity/framework/org.wso2.carbon.identity.trusted.app.mgt/7.7.180/org.wso2.carbon.identity.trusted.app.mgt-7.7.180.jar returned status 404
7.7.181			IOException: Tail request on https://maven-central.storage-download.googleapis.com/maven2/org/wso2/carbon/identity/framework/org.wso2.carbon.identity.trusted.app.mgt/7.7.181/org.wso2.carbon.identity.trusted.app.mgt-7.7.181.jar returned status 404
7.7.182			IOException: Tail request on https://maven-central.storage-download.googleapis.com/maven2/org/wso2/carbon/identity/framework/org.wso2.carbon.identity.trusted.app.mgt/7.7.182/org.wso2.carbon.identity.trusted.app.mgt-7.7.182.jar returned status 404
7.7.183			IOException: Tail request on https://maven-central.storage-download.googleapis.com/maven2/org/wso2/carbon/identity/framework/org.wso2.carbon.identity.trusted.app.mgt/7.7.183/org.wso2.carbon.identity.trusted.app.mgt-7.7.183.jar returned status 404
7.7.184			IOException: Tail request on https://maven-central.storage-download.googleapis.com/maven2/org/wso2/carbon/identity/framework/org.wso2.carbon.identity.trusted.app.mgt/7.7.184/org.wso2.carbon.identity.trusted.app.mgt-7.7.184.jar returned status 404
7.7.185			IOException: Tail request on https://maven-central.storage-download.googleapis.com/maven2/org/wso2/carbon/identity/framework/org.wso2.carbon.identity.trusted.app.mgt/7.7.185/org.wso2.carbon.identity.trusted.app.mgt-7.7.185.jar returned status 404
7.7.186			IOException: Tail request on https://maven-central.storage-download.googleapis.com/maven2/org/wso2/carbon/identity/framework/org.wso2.carbon.identity.trusted.app.mgt/7.7.186/org.wso2.carbon.identity.trusted.app.mgt-7.7.186.jar returned status 404
7.7.187			IOException: Tail request on https://maven-central.storage-download.googleapis.com/maven2/org/wso2/carbon/identity/framework/org.wso2.carbon.identity.trusted.app.mgt/7.7.187/org.wso2.carbon.identity.trusted.app.mgt-7.7.187.jar returned status 404
7.7.188			IOException: Tail request on https://maven-central.storage-download.googleapis.com/maven2/org/wso2/carbon/identity/framework/org.wso2.carbon.identity.trusted.app.mgt/7.7.188/org.wso2.carbon.identity.trusted.app.mgt-7.7.188.jar returned status 404
7.7.189			IOException: Tail request on https://maven-central.storage-download.googleapis.com/maven2/org/wso2/carbon/identity/framework/org.wso2.carbon.identity.trusted.app.mgt/7.7.189/org.wso2.carbon.identity.trusted.app.mgt-7.7.189.jar returned status 404
7.7.19			IOException: Tail request on https://maven-central.storage-download.googleapis.com/maven2/org/wso2/carbon/identity/framework/org.wso2.carbon.identity.trusted.app.mgt/7.7.19/org.wso2.carbon.identity.trusted.app.mgt-7.7.19.jar returned status 404
7.7.190			IOException: Tail request on https://maven-central.storage-download.googleapis.com/maven2/org/wso2/carbon/identity/framework/org.wso2.carbon.identity.trusted.app.mgt/7.7.190/org.wso2.carbon.identity.trusted.app.mgt-7.7.190.jar returned status 404
7.7.191			IOException: Tail request on https://maven-central.storage-download.googleapis.com/maven2/org/wso2/carbon/identity/framework/org.wso2.carbon.identity.trusted.app.mgt/7.7.191/org.wso2.carbon.identity.trusted.app.mgt-7.7.191.jar returned status 404
7.7.192			IOException: Tail request on https://maven-central.storage-download.googleapis.com/maven2/org/wso2/carbon/identity/framework/org.wso2.carbon.identity.trusted.app.mgt/7.7.192/org.wso2.carbon.identity.trusted.app.mgt-7.7.192.jar returned status 404
7.7.193			IOException: Tail request on https://maven-central.storage-download.googleapis.com/maven2/org/wso2/carbon/identity/framework/org.wso2.carbon.identity.trusted.app.mgt/7.7.193/org.wso2.carbon.identity.trusted.app.mgt-7.7.193.jar returned status 404
7.7.194			IOException: Tail request on https://maven-central.storage-download.googleapis.com/maven2/org/wso2/carbon/identity/framework/org.wso2.carbon.identity.trusted.app.mgt/7.7.194/org.wso2.carbon.identity.trusted.app.mgt-7.7.194.jar returned status 404
7.7.195			IOException: Tail request on https://maven-central.storage-download.googleapis.com/maven2/org/wso2/carbon/identity/framework/org.wso2.carbon.identity.trusted.app.mgt/7.7.195/org.wso2.carbon.identity.trusted.app.mgt-7.7.195.jar returned status 404
7.7.196			IOException: Tail request on https://maven-central.storage-download.googleapis.com/maven2/org/wso2/carbon/identity/framework/org.wso2.carbon.identity.trusted.app.mgt/7.7.196/org.wso2.carbon.identity.trusted.app.mgt-7.7.196.jar returned status 404
7.7.197			IOException: Tail request on https://maven-central.storage-download.googleapis.com/maven2/org/wso2/carbon/identity/framework/org.wso2.carbon.identity.trusted.app.mgt/7.7.197/org.wso2.carbon.identity.trusted.app.mgt-7.7.197.jar returned status 404
7.7.198			IOException: Tail request on https://maven-central.storage-download.googleapis.com/maven2/org/wso2/carbon/identity/framework/org.wso2.carbon.identity.trusted.app.mgt/7.7.198/org.wso2.carbon.identity.trusted.app.mgt-7.7.198.jar returned status 404
7.7.199			IOException: Tail request on https://maven-central.storage-download.googleapis.com/maven2/org/wso2/carbon/identity/framework/org.wso2.carbon.identity.trusted.app.mgt/7.7.199/org.wso2.carbon.identity.trusted.app.mgt-7.7.199.jar returned status 404
7.7.2			IOException: Tail request on https://maven-central.storage-download.googleapis.com/maven2/org/wso2/carbon/identity/framework/org.wso2.carbon.identity.trusted.app.mgt/7.7.2/org.wso2.carbon.identity.trusted.app.mgt-7.7.2.jar returned status 404
7.7.20			IOException: Tail request on https://maven-central.storage-download.googleapis.com/maven2/org/wso2/carbon/identity/framework/org.wso2.carbon.identity.trusted.app.mgt/7.7.20/org.wso2.carbon.identity.trusted.app.mgt-7.7.20.jar returned status 404
7.7.200			IOException: Tail request on https://maven-central.storage-download.googleapis.com/maven2/org/wso2/carbon/identity/framework/org.wso2.carbon.identity.trusted.app.mgt/7.7.200/org.wso2.carbon.identity.trusted.app.mgt-7.7.200.jar returned status 404
7.7.201			IOException: Tail request on https://maven-central.storage-download.googleapis.com/maven2/org/wso2/carbon/identity/framework/org.wso2.carbon.identity.trusted.app.mgt/7.7.201/org.wso2.carbon.identity.trusted.app.mgt-7.7.201.jar returned status 404
7.7.202			IOException: Tail request on https://maven-central.storage-download.googleapis.com/maven2/org/wso2/carbon/identity/framework/org.wso2.carbon.identity.trusted.app.mgt/7.7.202/org.wso2.carbon.identity.trusted.app.mgt-7.7.202.jar returned status 404
7.7.203			IOException: Tail request on https://maven-central.storage-download.googleapis.com/maven2/org/wso2/carbon/identity/framework/org.wso2.carbon.identity.trusted.app.mgt/7.7.203/org.wso2.carbon.identity.trusted.app.mgt-7.7.203.jar returned status 404
7.7.204			IOException: Tail request on https://maven-central.storage-download.googleapis.com/maven2/org/wso2/carbon/identity/framework/org.wso2.carbon.identity.trusted.app.mgt/7.7.204/org.wso2.carbon.identity.trusted.app.mgt-7.7.204.jar returned status 404
7.7.205			IOException: Tail request on https://maven-central.storage-download.googleapis.com/maven2/org/wso2/carbon/identity/framework/org.wso2.carbon.identity.trusted.app.mgt/7.7.205/org.wso2.carbon.identity.trusted.app.mgt-7.7.205.jar returned status 404
7.7.206			IOException: Tail request on https://maven-central.storage-download.googleapis.com/maven2/org/wso2/carbon/identity/framework/org.wso2.carbon.identity.trusted.app.mgt/7.7.206/org.wso2.carbon.identity.trusted.app.mgt-7.7.206.jar returned status 404
7.7.207			IOException: Tail request on https://maven-central.storage-download.googleapis.com/maven2/org/wso2/carbon/identity/framework/org.wso2.carbon.identity.trusted.app.mgt/7.7.207/org.wso2.carbon.identity.trusted.app.mgt-7.7.207.jar returned status 404
7.7.208			IOException: Tail request on https://maven-central.storage-download.googleapis.com/maven2/org/wso2/carbon/identity/framework/org.wso2.carbon.identity.trusted.app.mgt/7.7.208/org.wso2.carbon.identity.trusted.app.mgt-7.7.208.jar returned status 404
7.7.209			IOException: Tail request on https://maven-central.storage-download.googleapis.com/maven2/org/wso2/carbon/identity/framework/org.wso2.carbon.identity.trusted.app.mgt/7.7.209/org.wso2.carbon.identity.trusted.app.mgt-7.7.209.jar returned status 404
7.7.21			IOException: Tail request on https://maven-central.storage-download.googleapis.com/maven2/org/wso2/carbon/identity/framework/org.wso2.carbon.identity.trusted.app.mgt/7.7.21/org.wso2.carbon.identity.trusted.app.mgt-7.7.21.jar returned status 404
7.7.210			IOException: Tail request on https://maven-central.storage-download.googleapis.com/maven2/org/wso2/carbon/identity/framework/org.wso2.carbon.identity.trusted.app.mgt/7.7.210/org.wso2.carbon.identity.trusted.app.mgt-7.7.210.jar returned status 404
7.7.211			IOException: Tail request on https://maven-central.storage-download.googleapis.com/maven2/org/wso2/carbon/identity/framework/org.wso2.carbon.identity.trusted.app.mgt/7.7.211/org.wso2.carbon.identity.trusted.app.mgt-7.7.211.jar returned status 404
7.7.212			IOException: Tail request on https://maven-central.storage-download.googleapis.com/maven2/org/wso2/carbon/identity/framework/org.wso2.carbon.identity.trusted.app.mgt/7.7.212/org.wso2.carbon.identity.trusted.app.mgt-7.7.212.jar returned status 404
7.7.213			IOException: Tail request on https://maven-central.storage-download.googleapis.com/maven2/org/wso2/carbon/identity/framework/org.wso2.carbon.identity.trusted.app.mgt/7.7.213/org.wso2.carbon.identity.trusted.app.mgt-7.7.213.jar returned status 404
7.7.214			IOException: Tail request on https://maven-central.storage-download.googleapis.com/maven2/org/wso2/carbon/identity/framework/org.wso2.carbon.identity.trusted.app.mgt/7.7.214/org.wso2.carbon.identity.trusted.app.mgt-7.7.214.jar returned status 404
7.7.215			IOException: Tail request on https://maven-central.storage-download.googleapis.com/maven2/org/wso2/carbon/identity/framework/org.wso2.carbon.identity.trusted.app.mgt/7.7.215/org.wso2.carbon.identity.trusted.app.mgt-7.7.215.jar returned status 404
7.7.216			IOException: Tail request on https://maven-central.storage-download.googleapis.com/maven2/org/wso2/carbon/identity/framework/org.wso2.carbon.identity.trusted.app.mgt/7.7.216/org.wso2.carbon.identity.trusted.app.mgt-7.7.216.jar returned status 404
7.7.217			IOException: Tail request on https://maven-central.storage-download.googleapis.com/maven2/org/wso2/carbon/identity/framework/org.wso2.carbon.identity.trusted.app.mgt/7.7.217/org.wso2.carbon.identity.trusted.app.mgt-7.7.217.jar returned status 404
7.7.218			IOException: Tail request on https://maven-central.storage-download.googleapis.com/maven2/org/wso2/carbon/identity/framework/org.wso2.carbon.identity.trusted.app.mgt/7.7.218/org.wso2.carbon.identity.trusted.app.mgt-7.7.218.jar returned status 404
7.7.219			IOException: Tail request on https://maven-central.storage-download.googleapis.com/maven2/org/wso2/carbon/identity/framework/org.wso2.carbon.identity.trusted.app.mgt/7.7.219/org.wso2.carbon.identity.trusted.app.mgt-7.7.219.jar returned status 404
7.7.22			IOException: Tail request on https://maven-central.storage-download.googleapis.com/maven2/org/wso2/carbon/identity/framework/org.wso2.carbon.identity.trusted.app.mgt/7.7.22/org.wso2.carbon.identity.trusted.app.mgt-7.7.22.jar returned status 404
7.7.220			IOException: Tail request on https://maven-central.storage-download.googleapis.com/maven2/org/wso2/carbon/identity/framework/org.wso2.carbon.identity.trusted.app.mgt/7.7.220/org.wso2.carbon.identity.trusted.app.mgt-7.7.220.jar returned status 404
7.7.221			IOException: Tail request on https://maven-central.storage-download.googleapis.com/maven2/org/wso2/carbon/identity/framework/org.wso2.carbon.identity.trusted.app.mgt/7.7.221/org.wso2.carbon.identity.trusted.app.mgt-7.7.221.jar returned status 404
7.7.222			IOException: Tail request on https://maven-central.storage-download.googleapis.com/maven2/org/wso2/carbon/identity/framework/org.wso2.carbon.identity.trusted.app.mgt/7.7.222/org.wso2.carbon.identity.trusted.app.mgt-7.7.222.jar returned status 404
7.7.223			IOException: Tail request on https://maven-central.storage-download.googleapis.com/maven2/org/wso2/carbon/identity/framework/org.wso2.carbon.identity.trusted.app.mgt/7.7.223/org.wso2.carbon.identity.trusted.app.mgt-7.7.223.jar returned status 404
7.7.224			IOException: Tail request on https://maven-central.storage-download.googleapis.com/maven2/org/wso2/carbon/identity/framework/org.wso2.carbon.identity.trusted.app.mgt/7.7.224/org.wso2.carbon.identity.trusted.app.mgt-7.7.224.jar returned status 404
7.7.225			IOException: Tail request on https://maven-central.storage-download.googleapis.com/maven2/org/wso2/carbon/identity/framework/org.wso2.carbon.identity.trusted.app.mgt/7.7.225/org.wso2.carbon.identity.trusted.app.mgt-7.7.225.jar returned status 404
7.7.226			IOException: Tail request on https://maven-central.storage-download.googleapis.com/maven2/org/wso2/carbon/identity/framework/org.wso2.carbon.identity.trusted.app.mgt/7.7.226/org.wso2.carbon.identity.trusted.app.mgt-7.7.226.jar returned status 404
7.7.227			IOException: Tail request on https://maven-central.storage-download.googleapis.com/maven2/org/wso2/carbon/identity/framework/org.wso2.carbon.identity.trusted.app.mgt/7.7.227/org.wso2.carbon.identity.trusted.app.mgt-7.7.227.jar returned status 404
7.7.228			IOException: Tail request on https://maven-central.storage-download.googleapis.com/maven2/org/wso2/carbon/identity/framework/org.wso2.carbon.identity.trusted.app.mgt/7.7.228/org.wso2.carbon.identity.trusted.app.mgt-7.7.228.jar returned status 404
7.7.229			IOException: Tail request on https://maven-central.storage-download.googleapis.com/maven2/org/wso2/carbon/identity/framework/org.wso2.carbon.identity.trusted.app.mgt/7.7.229/org.wso2.carbon.identity.trusted.app.mgt-7.7.229.jar returned status 404
7.7.23			IOException: Tail request on https://maven-central.storage-download.googleapis.com/maven2/org/wso2/carbon/identity/framework/org.wso2.carbon.identity.trusted.app.mgt/7.7.23/org.wso2.carbon.identity.trusted.app.mgt-7.7.23.jar returned status 404
7.7.230			IOException: Tail request on https://maven-central.storage-download.googleapis.com/maven2/org/wso2/carbon/identity/framework/org.wso2.carbon.identity.trusted.app.mgt/7.7.230/org.wso2.carbon.identity.trusted.app.mgt-7.7.230.jar returned status 404
7.7.231			IOException: Tail request on https://maven-central.storage-download.googleapis.com/maven2/org/wso2/carbon/identity/framework/org.wso2.carbon.identity.trusted.app.mgt/7.7.231/org.wso2.carbon.identity.trusted.app.mgt-7.7.231.jar returned status 404
7.7.232			IOException: Tail request on https://maven-central.storage-download.googleapis.com/maven2/org/wso2/carbon/identity/framework/org.wso2.carbon.identity.trusted.app.mgt/7.7.232/org.wso2.carbon.identity.trusted.app.mgt-7.7.232.jar returned status 404
7.7.233			IOException: Tail request on https://maven-central.storage-download.googleapis.com/maven2/org/wso2/carbon/identity/framework/org.wso2.carbon.identity.trusted.app.mgt/7.7.233/org.wso2.carbon.identity.trusted.app.mgt-7.7.233.jar returned status 404
7.7.234			IOException: Tail request on https://maven-central.storage-download.googleapis.com/maven2/org/wso2/carbon/identity/framework/org.wso2.carbon.identity.trusted.app.mgt/7.7.234/org.wso2.carbon.identity.trusted.app.mgt-7.7.234.jar returned status 404
7.7.235			IOException: Tail request on https://maven-central.storage-download.googleapis.com/maven2/org/wso2/carbon/identity/framework/org.wso2.carbon.identity.trusted.app.mgt/7.7.235/org.wso2.carbon.identity.trusted.app.mgt-7.7.235.jar returned status 404
7.7.236			IOException: Tail request on https://maven-central.storage-download.googleapis.com/maven2/org/wso2/carbon/identity/framework/org.wso2.carbon.identity.trusted.app.mgt/7.7.236/org.wso2.carbon.identity.trusted.app.mgt-7.7.236.jar returned status 404
7.7.237			IOException: Tail request on https://maven-central.storage-download.googleapis.com/maven2/org/wso2/carbon/identity/framework/org.wso2.carbon.identity.trusted.app.mgt/7.7.237/org.wso2.carbon.identity.trusted.app.mgt-7.7.237.jar returned status 404
7.7.238			IOException: Tail request on https://maven-central.storage-download.googleapis.com/maven2/org/wso2/carbon/identity/framework/org.wso2.carbon.identity.trusted.app.mgt/7.7.238/org.wso2.carbon.identity.trusted.app.mgt-7.7.238.jar returned status 404
7.7.239			IOException: Tail request on https://maven-central.storage-download.googleapis.com/maven2/org/wso2/carbon/identity/framework/org.wso2.carbon.identity.trusted.app.mgt/7.7.239/org.wso2.carbon.identity.trusted.app.mgt-7.7.239.jar returned status 404
7.7.24			IOException: Tail request on https://maven-central.storage-download.googleapis.com/maven2/org/wso2/carbon/identity/framework/org.wso2.carbon.identity.trusted.app.mgt/7.7.24/org.wso2.carbon.identity.trusted.app.mgt-7.7.24.jar returned status 404
7.7.240			IOException: Tail request on https://maven-central.storage-download.googleapis.com/maven2/org/wso2/carbon/identity/framework/org.wso2.carbon.identity.trusted.app.mgt/7.7.240/org.wso2.carbon.identity.trusted.app.mgt-7.7.240.jar returned status 404
7.7.241			IOException: Tail request on https://maven-central.storage-download.googleapis.com/maven2/org/wso2/carbon/identity/framework/org.wso2.carbon.identity.trusted.app.mgt/7.7.241/org.wso2.carbon.identity.trusted.app.mgt-7.7.241.jar returned status 404
7.7.242			IOException: Tail request on https://maven-central.storage-download.googleapis.com/maven2/org/wso2/carbon/identity/framework/org.wso2.carbon.identity.trusted.app.mgt/7.7.242/org.wso2.carbon.identity.trusted.app.mgt-7.7.242.jar returned status 404
7.7.243			IOException: Tail request on https://maven-central.storage-download.googleapis.com/maven2/org/wso2/carbon/identity/framework/org.wso2.carbon.identity.trusted.app.mgt/7.7.243/org.wso2.carbon.identity.trusted.app.mgt-7.7.243.jar returned status 404
7.7.244			IOException: Tail request on https://maven-central.storage-download.googleapis.com/maven2/org/wso2/carbon/identity/framework/org.wso2.carbon.identity.trusted.app.mgt/7.7.244/org.wso2.carbon.identity.trusted.app.mgt-7.7.244.jar returned status 404
7.7.245			IOException: Tail request on https://maven-central.storage-download.googleapis.com/maven2/org/wso2/carbon/identity/framework/org.wso2.carbon.identity.trusted.app.mgt/7.7.245/org.wso2.carbon.identity.trusted.app.mgt-7.7.245.jar returned status 404
7.7.246			IOException: Tail request on https://maven-central.storage-download.googleapis.com/maven2/org/wso2/carbon/identity/framework/org.wso2.carbon.identity.trusted.app.mgt/7.7.246/org.wso2.carbon.identity.trusted.app.mgt-7.7.246.jar returned status 404
7.7.247			IOException: Tail request on https://maven-central.storage-download.googleapis.com/maven2/org/wso2/carbon/identity/framework/org.wso2.carbon.identity.trusted.app.mgt/7.7.247/org.wso2.carbon.identity.trusted.app.mgt-7.7.247.jar returned status 404
7.7.248			IOException: Tail request on https://maven-central.storage-download.googleapis.com/maven2/org/wso2/carbon/identity/framework/org.wso2.carbon.identity.trusted.app.mgt/7.7.248/org.wso2.carbon.identity.trusted.app.mgt-7.7.248.jar returned status 404
7.7.249			IOException: Tail request on https://maven-central.storage-download.googleapis.com/maven2/org/wso2/carbon/identity/framework/org.wso2.carbon.identity.trusted.app.mgt/7.7.249/org.wso2.carbon.identity.trusted.app.mgt-7.7.249.jar returned status 404
7.7.25			IOException: Tail request on https://maven-central.storage-download.googleapis.com/maven2/org/wso2/carbon/identity/framework/org.wso2.carbon.identity.trusted.app.mgt/7.7.25/org.wso2.carbon.identity.trusted.app.mgt-7.7.25.jar returned status 404
7.7.250			IOException: Tail request on https://maven-central.storage-download.googleapis.com/maven2/org/wso2/carbon/identity/framework/org.wso2.carbon.identity.trusted.app.mgt/7.7.250/org.wso2.carbon.identity.trusted.app.mgt-7.7.250.jar returned status 404
7.7.251			IOException: Tail request on https://maven-central.storage-download.googleapis.com/maven2/org/wso2/carbon/identity/framework/org.wso2.carbon.identity.trusted.app.mgt/7.7.251/org.wso2.carbon.identity.trusted.app.mgt-7.7.251.jar returned status 404
7.7.252			IOException: Tail request on https://maven-central.storage-download.googleapis.com/maven2/org/wso2/carbon/identity/framework/org.wso2.carbon.identity.trusted.app.mgt/7.7.252/org.wso2.carbon.identity.trusted.app.mgt-7.7.252.jar returned status 404
7.7.253			IOException: Tail request on https://maven-central.storage-download.googleapis.com/maven2/org/wso2/carbon/identity/framework/org.wso2.carbon.identity.trusted.app.mgt/7.7.253/org.wso2.carbon.identity.trusted.app.mgt-7.7.253.jar returned status 404
7.7.254			IOException: Tail request on https://maven-central.storage-download.googleapis.com/maven2/org/wso2/carbon/identity/framework/org.wso2.carbon.identity.trusted.app.mgt/7.7.254/org.wso2.carbon.identity.trusted.app.mgt-7.7.254.jar returned status 404
7.7.255			IOException: Tail request on https://maven-central.storage-download.googleapis.com/maven2/org/wso2/carbon/identity/framework/org.wso2.carbon.identity.trusted.app.mgt/7.7.255/org.wso2.carbon.identity.trusted.app.mgt-7.7.255.jar returned status 404
7.7.256			IOException: Tail request on https://maven-central.storage-download.googleapis.com/maven2/org/wso2/carbon/identity/framework/org.wso2.carbon.identity.trusted.app.mgt/7.7.256/org.wso2.carbon.identity.trusted.app.mgt-7.7.256.jar returned status 404
7.7.257		2025-02-16T20:09:47Z	
7.7.258		2025-02-17T05:05:01Z	
7.7.259		2025-02-17T16:05:02Z	
7.7.26			IOException: Tail request on https://maven-central.storage-download.googleapis.com/maven2/org/wso2/carbon/identity/framework/org.wso2.carbon.identity.trusted.app.mgt/7.7.26/org.wso2.carbon.identity.trusted.app.mgt-7.7.26.jar returned status 404
7.7.260		2025-02-17T17:48:40Z	
7.7.261		2025-02-17T19:03:26Z	
7.7.262		2025-02-17T22:01:37Z	
7.7.263		2025-02-18T01:44:19Z	
7.7.264		2025-02-18T05:16:45Z	
7.7.265		2025-02-18T06:03:26Z	
7.7.266		2025-02-18T08:25:57Z	
7.7.267		2025-02-18T10:40:02Z	
7.7.268		2025-02-18T14:22:49Z	
7.7.269		2025-02-18T15:09:43Z	
7.7.27			IOException: Tail request on https://maven-central.storage-download.googleapis.com/maven2/org/wso2/carbon/identity/framework/org.wso2.carbon.identity.trusted.app.mgt/7.7.27/org.wso2.carbon.identity.trusted.app.mgt-7.7.27.jar returned status 404
7.7.28			IOException: Tail request on https://maven-central.storage-download.googleapis.com/maven2/org/wso2/carbon/identity/framework/org.wso2.carbon.identity.trusted.app.mgt/7.7.28/org.wso2.carbon.identity.trusted.app.mgt-7.7.28.jar returned status 404
7.7.29			IOException: Tail request on https://maven-central.storage-download.googleapis.com/maven2/org/wso2/carbon/identity/framework/org.wso2.carbon.identity.trusted.app.mgt/7.7.29/org.wso2.carbon.identity.trusted.app.mgt-7.7.29.jar returned status 404
7.7.3			IOException: Tail request on https://maven-central.storage-download.googleapis.com/maven2/org/wso2/carbon/identity/framework/org.wso2.carbon.identity.trusted.app.mgt/7.7.3/org.wso2.carbon.identity.trusted.app.mgt-7.7.3.jar returned status 404
7.7.30			IOException: Tail request on https://maven-central.storage-download.googleapis.com/maven2/org/wso2/carbon/identity/framework/org.wso2.carbon.identity.trusted.app.mgt/7.7.30/org.wso2.carbon.identity.trusted.app.mgt-7.7.30.jar returned status 404
7.7.31			IOException: Tail request on https://maven-central.storage-download.googleapis.com/maven2/org/wso2/carbon/identity/framework/org.wso2.carbon.identity.trusted.app.mgt/7.7.31/org.wso2.carbon.identity.trusted.app.mgt-7.7.31.jar returned status 404
7.7.32			IOException: Tail request on https://maven-central.storage-download.googleapis.com/maven2/org/wso2/carbon/identity/framework/org.wso2.carbon.identity.trusted.app.mgt/7.7.32/org.wso2.carbon.identity.trusted.app.mgt-7.7.32.jar returned status 404
7.7.33			IOException: Tail request on https://maven-central.storage-download.googleapis.com/maven2/org/wso2/carbon/identity/framework/org.wso2.carbon.identity.trusted.app.mgt/7.7.33/org.wso2.carbon.identity.trusted.app.mgt-7.7.33.jar returned status 404
7.7.34			IOException: Tail request on https://maven-central.storage-download.googleapis.com/maven2/org/wso2/carbon/identity/framework/org.wso2.carbon.identity.trusted.app.mgt/7.7.34/org.wso2.carbon.identity.trusted.app.mgt-7.7.34.jar returned status 404
7.7.35			IOException: Tail request on https://maven-central.storage-download.googleapis.com/maven2/org/wso2/carbon/identity/framework/org.wso2.carbon.identity.trusted.app.mgt/7.7.35/org.wso2.carbon.identity.trusted.app.mgt-7.7.35.jar returned status 404
7.7.36			IOException: Tail request on https://maven-central.storage-download.googleapis.com/maven2/org/wso2/carbon/identity/framework/org.wso2.carbon.identity.trusted.app.mgt/7.7.36/org.wso2.carbon.identity.trusted.app.mgt-7.7.36.jar returned status 404
7.7.37			IOException: Tail request on https://maven-central.storage-download.googleapis.com/maven2/org/wso2/carbon/identity/framework/org.wso2.carbon.identity.trusted.app.mgt/7.7.37/org.wso2.carbon.identity.trusted.app.mgt-7.7.37.jar returned status 404
7.7.38			IOException: Tail request on https://maven-central.storage-download.googleapis.com/maven2/org/wso2/carbon/identity/framework/org.wso2.carbon.identity.trusted.app.mgt/7.7.38/org.wso2.carbon.identity.trusted.app.mgt-7.7.38.jar returned status 404
7.7.39			IOException: Tail request on https://maven-central.storage-download.googleapis.com/maven2/org/wso2/carbon/identity/framework/org.wso2.carbon.identity.trusted.app.mgt/7.7.39/org.wso2.carbon.identity.trusted.app.mgt-7.7.39.jar returned status 404
7.7.4			IOException: Tail request on https://maven-central.storage-download.googleapis.com/maven2/org/wso2/carbon/identity/framework/org.wso2.carbon.identity.trusted.app.mgt/7.7.4/org.wso2.carbon.identity.trusted.app.mgt-7.7.4.jar returned status 404
7.7.40			IOException: Tail request on https://maven-central.storage-download.googleapis.com/maven2/org/wso2/carbon/identity/framework/org.wso2.carbon.identity.trusted.app.mgt/7.7.40/org.wso2.carbon.identity.trusted.app.mgt-7.7.40.jar returned status 404
7.7.41			IOException: Tail request on https://maven-central.storage-download.googleapis.com/maven2/org/wso2/carbon/identity/framework/org.wso2.carbon.identity.trusted.app.mgt/7.7.41/org.wso2.carbon.identity.trusted.app.mgt-7.7.41.jar returned status 404
7.7.42			IOException: Tail request on https://maven-central.storage-download.googleapis.com/maven2/org/wso2/carbon/identity/framework/org.wso2.carbon.identity.trusted.app.mgt/7.7.42/org.wso2.carbon.identity.trusted.app.mgt-7.7.42.jar returned status 404
7.7.43			IOException: Tail request on https://maven-central.storage-download.googleapis.com/maven2/org/wso2/carbon/identity/framework/org.wso2.carbon.identity.trusted.app.mgt/7.7.43/org.wso2.carbon.identity.trusted.app.mgt-7.7.43.jar returned status 404
7.7.44			IOException: Tail request on https://maven-central.storage-download.googleapis.com/maven2/org/wso2/carbon/identity/framework/org.wso2.carbon.identity.trusted.app.mgt/7.7.44/org.wso2.carbon.identity.trusted.app.mgt-7.7.44.jar returned status 404
7.7.45			IOException: Tail request on https://maven-central.storage-download.googleapis.com/maven2/org/wso2/carbon/identity/framework/org.wso2.carbon.identity.trusted.app.mgt/7.7.45/org.wso2.carbon.identity.trusted.app.mgt-7.7.45.jar returned status 404
7.7.46			IOException: Tail request on https://maven-central.storage-download.googleapis.com/maven2/org/wso2/carbon/identity/framework/org.wso2.carbon.identity.trusted.app.mgt/7.7.46/org.wso2.carbon.identity.trusted.app.mgt-7.7.46.jar returned status 404
7.7.47			IOException: Tail request on https://maven-central.storage-download.googleapis.com/maven2/org/wso2/carbon/identity/framework/org.wso2.carbon.identity.trusted.app.mgt/7.7.47/org.wso2.carbon.identity.trusted.app.mgt-7.7.47.jar returned status 404
7.7.48			IOException: Tail request on https://maven-central.storage-download.googleapis.com/maven2/org/wso2/carbon/identity/framework/org.wso2.carbon.identity.trusted.app.mgt/7.7.48/org.wso2.carbon.identity.trusted.app.mgt-7.7.48.jar returned status 404
7.7.49			IOException: Tail request on https://maven-central.storage-download.googleapis.com/maven2/org/wso2/carbon/identity/framework/org.wso2.carbon.identity.trusted.app.mgt/7.7.49/org.wso2.carbon.identity.trusted.app.mgt-7.7.49.jar returned status 404
7.7.5			IOException: Tail request on https://maven-central.storage-download.googleapis.com/maven2/org/wso2/carbon/identity/framework/org.wso2.carbon.identity.trusted.app.mgt/7.7.5/org.wso2.carbon.identity.trusted.app.mgt-7.7.5.jar returned status 404
7.7.50			IOException: Tail request on https://maven-central.storage-download.googleapis.com/maven2/org/wso2/carbon/identity/framework/org.wso2.carbon.identity.trusted.app.mgt/7.7.50/org.wso2.carbon.identity.trusted.app.mgt-7.7.50.jar returned status 404
7.7.51			IOException: Tail request on https://maven-central.storage-download.googleapis.com/maven2/org/wso2/carbon/identity/framework/org.wso2.carbon.identity.trusted.app.mgt/7.7.51/org.wso2.carbon.identity.trusted.app.mgt-7.7.51.jar returned status 404
7.7.52			IOException: Tail request on https://maven-central.storage-download.googleapis.com/maven2/org/wso2/carbon/identity/framework/org.wso2.carbon.identity.trusted.app.mgt/7.7.52/org.wso2.carbon.identity.trusted.app.mgt-7.7.52.jar returned status 404
7.7.53			IOException: Tail request on https://maven-central.storage-download.googleapis.com/maven2/org/wso2/carbon/identity/framework/org.wso2.carbon.identity.trusted.app.mgt/7.7.53/org.wso2.carbon.identity.trusted.app.mgt-7.7.53.jar returned status 404
7.7.54			IOException: Tail request on https://maven-central.storage-download.googleapis.com/maven2/org/wso2/carbon/identity/framework/org.wso2.carbon.identity.trusted.app.mgt/7.7.54/org.wso2.carbon.identity.trusted.app.mgt-7.7.54.jar returned status 404
7.7.55			IOException: Tail request on https://maven-central.storage-download.googleapis.com/maven2/org/wso2/carbon/identity/framework/org.wso2.carbon.identity.trusted.app.mgt/7.7.55/org.wso2.carbon.identity.trusted.app.mgt-7.7.55.jar returned status 404
7.7.56			IOException: Tail request on https://maven-central.storage-download.googleapis.com/maven2/org/wso2/carbon/identity/framework/org.wso2.carbon.identity.trusted.app.mgt/7.7.56/org.wso2.carbon.identity.trusted.app.mgt-7.7.56.jar returned status 404
7.7.57			IOException: Tail request on https://maven-central.storage-download.googleapis.com/maven2/org/wso2/carbon/identity/framework/org.wso2.carbon.identity.trusted.app.mgt/7.7.57/org.wso2.carbon.identity.trusted.app.mgt-7.7.57.jar returned status 404
7.7.58			IOException: Tail request on https://maven-central.storage-download.googleapis.com/maven2/org/wso2/carbon/identity/framework/org.wso2.carbon.identity.trusted.app.mgt/7.7.58/org.wso2.carbon.identity.trusted.app.mgt-7.7.58.jar returned status 404
7.7.59			IOException: Tail request on https://maven-central.storage-download.googleapis.com/maven2/org/wso2/carbon/identity/framework/org.wso2.carbon.identity.trusted.app.mgt/7.7.59/org.wso2.carbon.identity.trusted.app.mgt-7.7.59.jar returned status 404
7.7.6			IOException: Tail request on https://maven-central.storage-download.googleapis.com/maven2/org/wso2/carbon/identity/framework/org.wso2.carbon.identity.trusted.app.mgt/7.7.6/org.wso2.carbon.identity.trusted.app.mgt-7.7.6.jar returned status 404
7.7.60			IOException: Tail request on https://maven-central.storage-download.googleapis.com/maven2/org/wso2/carbon/identity/framework/org.wso2.carbon.identity.trusted.app.mgt/7.7.60/org.wso2.carbon.identity.trusted.app.mgt-7.7.60.jar returned status 404
7.7.61			IOException: Tail request on https://maven-central.storage-download.googleapis.com/maven2/org/wso2/carbon/identity/framework/org.wso2.carbon.identity.trusted.app.mgt/7.7.61/org.wso2.carbon.identity.trusted.app.mgt-7.7.61.jar returned status 404
7.7.62			IOException: Tail request on https://maven-central.storage-download.googleapis.com/maven2/org/wso2/carbon/identity/framework/org.wso2.carbon.identity.trusted.app.mgt/7.7.62/org.wso2.carbon.identity.trusted.app.mgt-7.7.62.jar returned status 404
7.7.63			IOException: Tail request on https://maven-central.storage-download.googleapis.com/maven2/org/wso2/carbon/identity/framework/org.wso2.carbon.identity.trusted.app.mgt/7.7.63/org.wso2.carbon.identity.trusted.app.mgt-7.7.63.jar returned status 404
7.7.64			IOException: Tail request on https://maven-central.storage-download.googleapis.com/maven2/org/wso2/carbon/identity/framework/org.wso2.carbon.identity.trusted.app.mgt/7.7.64/org.wso2.carbon.identity.trusted.app.mgt-7.7.64.jar returned status 404
7.7.65			IOException: Tail request on https://maven-central.storage-download.googleapis.com/maven2/org/wso2/carbon/identity/framework/org.wso2.carbon.identity.trusted.app.mgt/7.7.65/org.wso2.carbon.identity.trusted.app.mgt-7.7.65.jar returned status 404
7.7.66			IOException: Tail request on https://maven-central.storage-download.googleapis.com/maven2/org/wso2/carbon/identity/framework/org.wso2.carbon.identity.trusted.app.mgt/7.7.66/org.wso2.carbon.identity.trusted.app.mgt-7.7.66.jar returned status 404
7.7.67			IOException: Tail request on https://maven-central.storage-download.googleapis.com/maven2/org/wso2/carbon/identity/framework/org.wso2.carbon.identity.trusted.app.mgt/7.7.67/org.wso2.carbon.identity.trusted.app.mgt-7.7.67.jar returned status 404
7.7.68			IOException: Tail request on https://maven-central.storage-download.googleapis.com/maven2/org/wso2/carbon/identity/framework/org.wso2.carbon.identity.trusted.app.mgt/7.7.68/org.wso2.carbon.identity.trusted.app.mgt-7.7.68.jar returned status 404
7.7.69			IOException: Tail request on https://maven-central.storage-download.googleapis.com/maven2/org/wso2/carbon/identity/framework/org.wso2.carbon.identity.trusted.app.mgt/7.7.69/org.wso2.carbon.identity.trusted.app.mgt-7.7.69.jar returned status 404
7.7.7			IOException: Tail request on https://maven-central.storage-download.googleapis.com/maven2/org/wso2/carbon/identity/framework/org.wso2.carbon.identity.trusted.app.mgt/7.7.7/org.wso2.carbon.identity.trusted.app.mgt-7.7.7.jar returned status 404
7.7.70			IOException: Tail request on https://maven-central.storage-download.googleapis.com/maven2/org/wso2/carbon/identity/framework/org.wso2.carbon.identity.trusted.app.mgt/7.7.70/org.wso2.carbon.identity.trusted.app.mgt-7.7.70.jar returned status 404
7.7.71			IOException: Tail request on https://maven-central.storage-download.googleapis.com/maven2/org/wso2/carbon/identity/framework/org.wso2.carbon.identity.trusted.app.mgt/7.7.71/org.wso2.carbon.identity.trusted.app.mgt-7.7.71.jar returned status 404
7.7.72			IOException: Tail request on https://maven-central.storage-download.googleapis.com/maven2/org/wso2/carbon/identity/framework/org.wso2.carbon.identity.trusted.app.mgt/7.7.72/org.wso2.carbon.identity.trusted.app.mgt-7.7.72.jar returned status 404
7.7.73			IOException: Tail request on https://maven-central.storage-download.googleapis.com/maven2/org/wso2/carbon/identity/framework/org.wso2.carbon.identity.trusted.app.mgt/7.7.73/org.wso2.carbon.identity.trusted.app.mgt-7.7.73.jar returned status 404
7.7.74		2025-01-05T17:43:20Z	
7.7.75		2025-01-06T03:53:40Z	
7.7.76		2025-01-06T05:40:13Z	
7.7.77		2025-01-06T06:22:20Z	
7.7.78		2025-01-06T07:43:20Z	
7.7.79		2025-01-07T01:50:30Z	
7.7.8			IOException: Tail request on https://maven-central.storage-download.googleapis.com/maven2/org/wso2/carbon/identity/framework/org.wso2.carbon.identity.trusted.app.mgt/7.7.8/org.wso2.carbon.identity.trusted.app.mgt-7.7.8.jar returned status 404
7.7.80		2025-01-07T07:48:59Z	
7.7.81		2025-01-07T09:09:02Z	
7.7.82		2025-01-07T12:15:32Z	
7.7.83		2025-01-07T16:46:12Z	
7.7.84		2025-01-08T04:30:12Z	
7.7.85		2025-01-09T11:51:19Z	
7.7.86		2025-01-10T05:21:22Z	
7.7.87		2025-01-11T17:45:55Z	
7.7.88		2025-01-16T06:30:34Z	
7.7.89		2025-01-16T08:56:26Z	
7.7.9			IOException: Tail request on https://maven-central.storage-download.googleapis.com/maven2/org/wso2/carbon/identity/framework/org.wso2.carbon.identity.trusted.app.mgt/7.7.9/org.wso2.carbon.identity.trusted.app.mgt-7.7.9.jar returned status 404
7.7.90		2025-01-16T10:59:42Z	
7.7.91		2025-01-16T12:56:07Z	
7.7.92		2025-01-17T04:02:10Z	
7.7.93		2025-01-17T09:58:47Z	
7.7.94		2025-01-17T11:07:19Z	
7.7.95		2025-01-18T15:29:23Z	
7.7.96		2025-01-19T19:50:01Z	
7.7.97		2025-01-20T04:45:33Z	
7.7.98		2025-01-20T05:55:59Z	
7.7.99		2025-01-20T07:15:48Z	
7.8.0		2025-02-18T16:29:56Z	
7.8.1		2025-02-18T17:14:36Z	
7.8.10			IOException: Tail request on https://maven-central.storage-download.googleapis.com/maven2/org/wso2/carbon/identity/framework/org.wso2.carbon.identity.trusted.app.mgt/7.8.10/org.wso2.carbon.identity.trusted.app.mgt-7.8.10.jar returned status 404
7.8.100		2025-04-06T08:59:38Z	
7.8.101		2025-04-08T06:52:11Z	
7.8.102		2025-04-08T12:29:35Z	
7.8.103		2025-04-08T18:00:13Z	
7.8.104			IOException: Tail request on https://maven-central.storage-download.googleapis.com/maven2/org/wso2/carbon/identity/framework/org.wso2.carbon.identity.trusted.app.mgt/7.8.104/org.wso2.carbon.identity.trusted.app.mgt-7.8.104.jar returned status 404
7.8.105			IOException: Tail request on https://maven-central.storage-download.googleapis.com/maven2/org/wso2/carbon/identity/framework/org.wso2.carbon.identity.trusted.app.mgt/7.8.105/org.wso2.carbon.identity.trusted.app.mgt-7.8.105.jar returned status 404
7.8.106			IOException: Tail request on https://maven-central.storage-download.googleapis.com/maven2/org/wso2/carbon/identity/framework/org.wso2.carbon.identity.trusted.app.mgt/7.8.106/org.wso2.carbon.identity.trusted.app.mgt-7.8.106.jar returned status 404
7.8.107			IOException: Tail request on https://maven-central.storage-download.googleapis.com/maven2/org/wso2/carbon/identity/framework/org.wso2.carbon.identity.trusted.app.mgt/7.8.107/org.wso2.carbon.identity.trusted.app.mgt-7.8.107.jar returned status 404
7.8.108			IOException: Tail request on https://maven-central.storage-download.googleapis.com/maven2/org/wso2/carbon/identity/framework/org.wso2.carbon.identity.trusted.app.mgt/7.8.108/org.wso2.carbon.identity.trusted.app.mgt-7.8.108.jar returned status 404
7.8.109			IOException: Tail request on https://maven-central.storage-download.googleapis.com/maven2/org/wso2/carbon/identity/framework/org.wso2.carbon.identity.trusted.app.mgt/7.8.109/org.wso2.carbon.identity.trusted.app.mgt-7.8.109.jar returned status 404
7.8.11			IOException: Tail request on https://maven-central.storage-download.googleapis.com/maven2/org/wso2/carbon/identity/framework/org.wso2.carbon.identity.trusted.app.mgt/7.8.11/org.wso2.carbon.identity.trusted.app.mgt-7.8.11.jar returned status 404
7.8.110			IOException: Tail request on https://maven-central.storage-download.googleapis.com/maven2/org/wso2/carbon/identity/framework/org.wso2.carbon.identity.trusted.app.mgt/7.8.110/org.wso2.carbon.identity.trusted.app.mgt-7.8.110.jar returned status 404
7.8.111			IOException: Tail request on https://maven-central.storage-download.googleapis.com/maven2/org/wso2/carbon/identity/framework/org.wso2.carbon.identity.trusted.app.mgt/7.8.111/org.wso2.carbon.identity.trusted.app.mgt-7.8.111.jar returned status 404
7.8.112			IOException: Tail request on https://maven-central.storage-download.googleapis.com/maven2/org/wso2/carbon/identity/framework/org.wso2.carbon.identity.trusted.app.mgt/7.8.112/org.wso2.carbon.identity.trusted.app.mgt-7.8.112.jar returned status 404
7.8.113			IOException: Tail request on https://maven-central.storage-download.googleapis.com/maven2/org/wso2/carbon/identity/framework/org.wso2.carbon.identity.trusted.app.mgt/7.8.113/org.wso2.carbon.identity.trusted.app.mgt-7.8.113.jar returned status 404
7.8.114			IOException: Tail request on https://maven-central.storage-download.googleapis.com/maven2/org/wso2/carbon/identity/framework/org.wso2.carbon.identity.trusted.app.mgt/7.8.114/org.wso2.carbon.identity.trusted.app.mgt-7.8.114.jar returned status 404
7.8.115			IOException: Tail request on https://maven-central.storage-download.googleapis.com/maven2/org/wso2/carbon/identity/framework/org.wso2.carbon.identity.trusted.app.mgt/7.8.115/org.wso2.carbon.identity.trusted.app.mgt-7.8.115.jar returned status 404
7.8.116			IOException: Tail request on https://maven-central.storage-download.googleapis.com/maven2/org/wso2/carbon/identity/framework/org.wso2.carbon.identity.trusted.app.mgt/7.8.116/org.wso2.carbon.identity.trusted.app.mgt-7.8.116.jar returned status 404
7.8.117			IOException: Tail request on https://maven-central.storage-download.googleapis.com/maven2/org/wso2/carbon/identity/framework/org.wso2.carbon.identity.trusted.app.mgt/7.8.117/org.wso2.carbon.identity.trusted.app.mgt-7.8.117.jar returned status 404
7.8.118			IOException: Tail request on https://maven-central.storage-download.googleapis.com/maven2/org/wso2/carbon/identity/framework/org.wso2.carbon.identity.trusted.app.mgt/7.8.118/org.wso2.carbon.identity.trusted.app.mgt-7.8.118.jar returned status 404
7.8.119			IOException: Tail request on https://maven-central.storage-download.googleapis.com/maven2/org/wso2/carbon/identity/framework/org.wso2.carbon.identity.trusted.app.mgt/7.8.119/org.wso2.carbon.identity.trusted.app.mgt-7.8.119.jar returned status 404
7.8.12			IOException: Tail request on https://maven-central.storage-download.googleapis.com/maven2/org/wso2/carbon/identity/framework/org.wso2.carbon.identity.trusted.app.mgt/7.8.12/org.wso2.carbon.identity.trusted.app.mgt-7.8.12.jar returned status 404
7.8.120			IOException: Tail request on https://maven-central.storage-download.googleapis.com/maven2/org/wso2/carbon/identity/framework/org.wso2.carbon.identity.trusted.app.mgt/7.8.120/org.wso2.carbon.identity.trusted.app.mgt-7.8.120.jar returned status 404
7.8.121			IOException: Tail request on https://maven-central.storage-download.googleapis.com/maven2/org/wso2/carbon/identity/framework/org.wso2.carbon.identity.trusted.app.mgt/7.8.121/org.wso2.carbon.identity.trusted.app.mgt-7.8.121.jar returned status 404
7.8.122			IOException: Tail request on https://maven-central.storage-download.googleapis.com/maven2/org/wso2/carbon/identity/framework/org.wso2.carbon.identity.trusted.app.mgt/7.8.122/org.wso2.carbon.identity.trusted.app.mgt-7.8.122.jar returned status 404
7.8.123			IOException: Tail request on https://maven-central.storage-download.googleapis.com/maven2/org/wso2/carbon/identity/framework/org.wso2.carbon.identity.trusted.app.mgt/7.8.123/org.wso2.carbon.identity.trusted.app.mgt-7.8.123.jar returned status 404
7.8.124			IOException: Tail request on https://maven-central.storage-download.googleapis.com/maven2/org/wso2/carbon/identity/framework/org.wso2.carbon.identity.trusted.app.mgt/7.8.124/org.wso2.carbon.identity.trusted.app.mgt-7.8.124.jar returned status 404
7.8.125			IOException: Tail request on https://maven-central.storage-download.googleapis.com/maven2/org/wso2/carbon/identity/framework/org.wso2.carbon.identity.trusted.app.mgt/7.8.125/org.wso2.carbon.identity.trusted.app.mgt-7.8.125.jar returned status 404
7.8.126			IOException: Tail request on https://maven-central.storage-download.googleapis.com/maven2/org/wso2/carbon/identity/framework/org.wso2.carbon.identity.trusted.app.mgt/7.8.126/org.wso2.carbon.identity.trusted.app.mgt-7.8.126.jar returned status 404
7.8.127			IOException: Tail request on https://maven-central.storage-download.googleapis.com/maven2/org/wso2/carbon/identity/framework/org.wso2.carbon.identity.trusted.app.mgt/7.8.127/org.wso2.carbon.identity.trusted.app.mgt-7.8.127.jar returned status 404
7.8.128			IOException: Tail request on https://maven-central.storage-download.googleapis.com/maven2/org/wso2/carbon/identity/framework/org.wso2.carbon.identity.trusted.app.mgt/7.8.128/org.wso2.carbon.identity.trusted.app.mgt-7.8.128.jar returned status 404
7.8.129			IOException: Tail request on https://maven-central.storage-download.googleapis.com/maven2/org/wso2/carbon/identity/framework/org.wso2.carbon.identity.trusted.app.mgt/7.8.129/org.wso2.carbon.identity.trusted.app.mgt-7.8.129.jar returned status 404
7.8.13			IOException: Tail request on https://maven-central.storage-download.googleapis.com/maven2/org/wso2/carbon/identity/framework/org.wso2.carbon.identity.trusted.app.mgt/7.8.13/org.wso2.carbon.identity.trusted.app.mgt-7.8.13.jar returned status 404
7.8.130			IOException: Tail request on https://maven-central.storage-download.googleapis.com/maven2/org/wso2/carbon/identity/framework/org.wso2.carbon.identity.trusted.app.mgt/7.8.130/org.wso2.carbon.identity.trusted.app.mgt-7.8.130.jar returned status 404
7.8.131			IOException: Tail request on https://maven-central.storage-download.googleapis.com/maven2/org/wso2/carbon/identity/framework/org.wso2.carbon.identity.trusted.app.mgt/7.8.131/org.wso2.carbon.identity.trusted.app.mgt-7.8.131.jar returned status 404
7.8.132			IOException: Tail request on https://maven-central.storage-download.googleapis.com/maven2/org/wso2/carbon/identity/framework/org.wso2.carbon.identity.trusted.app.mgt/7.8.132/org.wso2.carbon.identity.trusted.app.mgt-7.8.132.jar returned status 404
7.8.133			IOException: Tail request on https://maven-central.storage-download.googleapis.com/maven2/org/wso2/carbon/identity/framework/org.wso2.carbon.identity.trusted.app.mgt/7.8.133/org.wso2.carbon.identity.trusted.app.mgt-7.8.133.jar returned status 404
7.8.134			IOException: Tail request on https://maven-central.storage-download.googleapis.com/maven2/org/wso2/carbon/identity/framework/org.wso2.carbon.identity.trusted.app.mgt/7.8.134/org.wso2.carbon.identity.trusted.app.mgt-7.8.134.jar returned status 404
7.8.135			IOException: Tail request on https://maven-central.storage-download.googleapis.com/maven2/org/wso2/carbon/identity/framework/org.wso2.carbon.identity.trusted.app.mgt/7.8.135/org.wso2.carbon.identity.trusted.app.mgt-7.8.135.jar returned status 404
7.8.136			IOException: Tail request on https://maven-central.storage-download.googleapis.com/maven2/org/wso2/carbon/identity/framework/org.wso2.carbon.identity.trusted.app.mgt/7.8.136/org.wso2.carbon.identity.trusted.app.mgt-7.8.136.jar returned status 404
7.8.137			IOException: Tail request on https://maven-central.storage-download.googleapis.com/maven2/org/wso2/carbon/identity/framework/org.wso2.carbon.identity.trusted.app.mgt/7.8.137/org.wso2.carbon.identity.trusted.app.mgt-7.8.137.jar returned status 404
7.8.138			IOException: Tail request on https://maven-central.storage-download.googleapis.com/maven2/org/wso2/carbon/identity/framework/org.wso2.carbon.identity.trusted.app.mgt/7.8.138/org.wso2.carbon.identity.trusted.app.mgt-7.8.138.jar returned status 404
7.8.139			IOException: Tail request on https://maven-central.storage-download.googleapis.com/maven2/org/wso2/carbon/identity/framework/org.wso2.carbon.identity.trusted.app.mgt/7.8.139/org.wso2.carbon.identity.trusted.app.mgt-7.8.139.jar returned status 404
7.8.14			IOException: Tail request on https://maven-central.storage-download.googleapis.com/maven2/org/wso2/carbon/identity/framework/org.wso2.carbon.identity.trusted.app.mgt/7.8.14/org.wso2.carbon.identity.trusted.app.mgt-7.8.14.jar returned status 404
7.8.140			IOException: Tail request on https://maven-central.storage-download.googleapis.com/maven2/org/wso2/carbon/identity/framework/org.wso2.carbon.identity.trusted.app.mgt/7.8.140/org.wso2.carbon.identity.trusted.app.mgt-7.8.140.jar returned status 404
7.8.141			IOException: Tail request on https://maven-central.storage-download.googleapis.com/maven2/org/wso2/carbon/identity/framework/org.wso2.carbon.identity.trusted.app.mgt/7.8.141/org.wso2.carbon.identity.trusted.app.mgt-7.8.141.jar returned status 404
7.8.142			IOException: Tail request on https://maven-central.storage-download.googleapis.com/maven2/org/wso2/carbon/identity/framework/org.wso2.carbon.identity.trusted.app.mgt/7.8.142/org.wso2.carbon.identity.trusted.app.mgt-7.8.142.jar returned status 404
7.8.143			IOException: Tail request on https://maven-central.storage-download.googleapis.com/maven2/org/wso2/carbon/identity/framework/org.wso2.carbon.identity.trusted.app.mgt/7.8.143/org.wso2.carbon.identity.trusted.app.mgt-7.8.143.jar returned status 404
7.8.144			IOException: Tail request on https://maven-central.storage-download.googleapis.com/maven2/org/wso2/carbon/identity/framework/org.wso2.carbon.identity.trusted.app.mgt/7.8.144/org.wso2.carbon.identity.trusted.app.mgt-7.8.144.jar returned status 404
7.8.145			IOException: Tail request on https://maven-central.storage-download.googleapis.com/maven2/org/wso2/carbon/identity/framework/org.wso2.carbon.identity.trusted.app.mgt/7.8.145/org.wso2.carbon.identity.trusted.app.mgt-7.8.145.jar returned status 404
7.8.146			IOException: Tail request on https://maven-central.storage-download.googleapis.com/maven2/org/wso2/carbon/identity/framework/org.wso2.carbon.identity.trusted.app.mgt/7.8.146/org.wso2.carbon.identity.trusted.app.mgt-7.8.146.jar returned status 404
7.8.147			IOException: Tail request on https://maven-central.storage-download.googleapis.com/maven2/org/wso2/carbon/identity/framework/org.wso2.carbon.identity.trusted.app.mgt/7.8.147/org.wso2.carbon.identity.trusted.app.mgt-7.8.147.jar returned status 404
7.8.148			IOException: Tail request on https://maven-central.storage-download.googleapis.com/maven2/org/wso2/carbon/identity/framework/org.wso2.carbon.identity.trusted.app.mgt/7.8.148/org.wso2.carbon.identity.trusted.app.mgt-7.8.148.jar returned status 404
7.8.149			IOException: Tail request on https://maven-central.storage-download.googleapis.com/maven2/org/wso2/carbon/identity/framework/org.wso2.carbon.identity.trusted.app.mgt/7.8.149/org.wso2.carbon.identity.trusted.app.mgt-7.8.149.jar returned status 404
7.8.15			IOException: Tail request on https://maven-central.storage-download.googleapis.com/maven2/org/wso2/carbon/identity/framework/org.wso2.carbon.identity.trusted.app.mgt/7.8.15/org.wso2.carbon.identity.trusted.app.mgt-7.8.15.jar returned status 404
7.8.150			IOException: Tail request on https://maven-central.storage-download.googleapis.com/maven2/org/wso2/carbon/identity/framework/org.wso2.carbon.identity.trusted.app.mgt/7.8.150/org.wso2.carbon.identity.trusted.app.mgt-7.8.150.jar returned status 404
7.8.151			IOException: Tail request on https://maven-central.storage-download.googleapis.com/maven2/org/wso2/carbon/identity/framework/org.wso2.carbon.identity.trusted.app.mgt/7.8.151/org.wso2.carbon.identity.trusted.app.mgt-7.8.151.jar returned status 404
7.8.152			IOException: Tail request on https://maven-central.storage-download.googleapis.com/maven2/org/wso2/carbon/identity/framework/org.wso2.carbon.identity.trusted.app.mgt/7.8.152/org.wso2.carbon.identity.trusted.app.mgt-7.8.152.jar returned status 404
7.8.153			IOException: Tail request on https://maven-central.storage-download.googleapis.com/maven2/org/wso2/carbon/identity/framework/org.wso2.carbon.identity.trusted.app.mgt/7.8.153/org.wso2.carbon.identity.trusted.app.mgt-7.8.153.jar returned status 404
7.8.154			IOException: Tail request on https://maven-central.storage-download.googleapis.com/maven2/org/wso2/carbon/identity/framework/org.wso2.carbon.identity.trusted.app.mgt/7.8.154/org.wso2.carbon.identity.trusted.app.mgt-7.8.154.jar returned status 404
7.8.155			IOException: Tail request on https://maven-central.storage-download.googleapis.com/maven2/org/wso2/carbon/identity/framework/org.wso2.carbon.identity.trusted.app.mgt/7.8.155/org.wso2.carbon.identity.trusted.app.mgt-7.8.155.jar returned status 404
7.8.156			IOException: Tail request on https://maven-central.storage-download.googleapis.com/maven2/org/wso2/carbon/identity/framework/org.wso2.carbon.identity.trusted.app.mgt/7.8.156/org.wso2.carbon.identity.trusted.app.mgt-7.8.156.jar returned status 404
7.8.157			IOException: Tail request on https://maven-central.storage-download.googleapis.com/maven2/org/wso2/carbon/identity/framework/org.wso2.carbon.identity.trusted.app.mgt/7.8.157/org.wso2.carbon.identity.trusted.app.mgt-7.8.157.jar returned status 404
7.8.158			IOException: Tail request on https://maven-central.storage-download.googleapis.com/maven2/org/wso2/carbon/identity/framework/org.wso2.carbon.identity.trusted.app.mgt/7.8.158/org.wso2.carbon.identity.trusted.app.mgt-7.8.158.jar returned status 404
7.8.159			IOException: Tail request on https://maven-central.storage-download.googleapis.com/maven2/org/wso2/carbon/identity/framework/org.wso2.carbon.identity.trusted.app.mgt/7.8.159/org.wso2.carbon.identity.trusted.app.mgt-7.8.159.jar returned status 404
7.8.16			IOException: Tail request on https://maven-central.storage-download.googleapis.com/maven2/org/wso2/carbon/identity/framework/org.wso2.carbon.identity.trusted.app.mgt/7.8.16/org.wso2.carbon.identity.trusted.app.mgt-7.8.16.jar returned status 404
7.8.160			IOException: Tail request on https://maven-central.storage-download.googleapis.com/maven2/org/wso2/carbon/identity/framework/org.wso2.carbon.identity.trusted.app.mgt/7.8.160/org.wso2.carbon.identity.trusted.app.mgt-7.8.160.jar returned status 404
7.8.161			IOException: Tail request on https://maven-central.storage-download.googleapis.com/maven2/org/wso2/carbon/identity/framework/org.wso2.carbon.identity.trusted.app.mgt/7.8.161/org.wso2.carbon.identity.trusted.app.mgt-7.8.161.jar returned status 404
7.8.162			IOException: Tail request on https://maven-central.storage-download.googleapis.com/maven2/org/wso2/carbon/identity/framework/org.wso2.carbon.identity.trusted.app.mgt/7.8.162/org.wso2.carbon.identity.trusted.app.mgt-7.8.162.jar returned status 404
7.8.163			IOException: Tail request on https://maven-central.storage-download.googleapis.com/maven2/org/wso2/carbon/identity/framework/org.wso2.carbon.identity.trusted.app.mgt/7.8.163/org.wso2.carbon.identity.trusted.app.mgt-7.8.163.jar returned status 404
7.8.164			IOException: Tail request on https://maven-central.storage-download.googleapis.com/maven2/org/wso2/carbon/identity/framework/org.wso2.carbon.identity.trusted.app.mgt/7.8.164/org.wso2.carbon.identity.trusted.app.mgt-7.8.164.jar returned status 404
7.8.165			IOException: Tail request on https://maven-central.storage-download.googleapis.com/maven2/org/wso2/carbon/identity/framework/org.wso2.carbon.identity.trusted.app.mgt/7.8.165/org.wso2.carbon.identity.trusted.app.mgt-7.8.165.jar returned status 404
7.8.166			IOException: Tail request on https://maven-central.storage-download.googleapis.com/maven2/org/wso2/carbon/identity/framework/org.wso2.carbon.identity.trusted.app.mgt/7.8.166/org.wso2.carbon.identity.trusted.app.mgt-7.8.166.jar returned status 404
7.8.167			IOException: Tail request on https://maven-central.storage-download.googleapis.com/maven2/org/wso2/carbon/identity/framework/org.wso2.carbon.identity.trusted.app.mgt/7.8.167/org.wso2.carbon.identity.trusted.app.mgt-7.8.167.jar returned status 404
7.8.168			IOException: Tail request on https://maven-central.storage-download.googleapis.com/maven2/org/wso2/carbon/identity/framework/org.wso2.carbon.identity.trusted.app.mgt/7.8.168/org.wso2.carbon.identity.trusted.app.mgt-7.8.168.jar returned status 404
7.8.169			IOException: Tail request on https://maven-central.storage-download.googleapis.com/maven2/org/wso2/carbon/identity/framework/org.wso2.carbon.identity.trusted.app.mgt/7.8.169/org.wso2.carbon.identity.trusted.app.mgt-7.8.169.jar returned status 404
7.8.17			IOException: Tail request on https://maven-central.storage-download.googleapis.com/maven2/org/wso2/carbon/identity/framework/org.wso2.carbon.identity.trusted.app.mgt/7.8.17/org.wso2.carbon.identity.trusted.app.mgt-7.8.17.jar returned status 404
7.8.170			IOException: Tail request on https://maven-central.storage-download.googleapis.com/maven2/org/wso2/carbon/identity/framework/org.wso2.carbon.identity.trusted.app.mgt/7.8.170/org.wso2.carbon.identity.trusted.app.mgt-7.8.170.jar returned status 404
7.8.171			IOException: Tail request on https://maven-central.storage-download.googleapis.com/maven2/org/wso2/carbon/identity/framework/org.wso2.carbon.identity.trusted.app.mgt/7.8.171/org.wso2.carbon.identity.trusted.app.mgt-7.8.171.jar returned status 404
7.8.172			IOException: Tail request on https://maven-central.storage-download.googleapis.com/maven2/org/wso2/carbon/identity/framework/org.wso2.carbon.identity.trusted.app.mgt/7.8.172/org.wso2.carbon.identity.trusted.app.mgt-7.8.172.jar returned status 404
7.8.173			IOException: Tail request on https://maven-central.storage-download.googleapis.com/maven2/org/wso2/carbon/identity/framework/org.wso2.carbon.identity.trusted.app.mgt/7.8.173/org.wso2.carbon.identity.trusted.app.mgt-7.8.173.jar returned status 404
7.8.174			IOException: Tail request on https://maven-central.storage-download.googleapis.com/maven2/org/wso2/carbon/identity/framework/org.wso2.carbon.identity.trusted.app.mgt/7.8.174/org.wso2.carbon.identity.trusted.app.mgt-7.8.174.jar returned status 404
7.8.175			IOException: Tail request on https://maven-central.storage-download.googleapis.com/maven2/org/wso2/carbon/identity/framework/org.wso2.carbon.identity.trusted.app.mgt/7.8.175/org.wso2.carbon.identity.trusted.app.mgt-7.8.175.jar returned status 404
7.8.176			IOException: Tail request on https://maven-central.storage-download.googleapis.com/maven2/org/wso2/carbon/identity/framework/org.wso2.carbon.identity.trusted.app.mgt/7.8.176/org.wso2.carbon.identity.trusted.app.mgt-7.8.176.jar returned status 404
7.8.177			IOException: Tail request on https://maven-central.storage-download.googleapis.com/maven2/org/wso2/carbon/identity/framework/org.wso2.carbon.identity.trusted.app.mgt/7.8.177/org.wso2.carbon.identity.trusted.app.mgt-7.8.177.jar returned status 404
7.8.178			IOException: Tail request on https://maven-central.storage-download.googleapis.com/maven2/org/wso2/carbon/identity/framework/org.wso2.carbon.identity.trusted.app.mgt/7.8.178/org.wso2.carbon.identity.trusted.app.mgt-7.8.178.jar returned status 404
7.8.179			IOException: Tail request on https://maven-central.storage-download.googleapis.com/maven2/org/wso2/carbon/identity/framework/org.wso2.carbon.identity.trusted.app.mgt/7.8.179/org.wso2.carbon.identity.trusted.app.mgt-7.8.179.jar returned status 404
7.8.18			IOException: Tail request on https://maven-central.storage-download.googleapis.com/maven2/org/wso2/carbon/identity/framework/org.wso2.carbon.identity.trusted.app.mgt/7.8.18/org.wso2.carbon.identity.trusted.app.mgt-7.8.18.jar returned status 404
7.8.180			IOException: Tail request on https://maven-central.storage-download.googleapis.com/maven2/org/wso2/carbon/identity/framework/org.wso2.carbon.identity.trusted.app.mgt/7.8.180/org.wso2.carbon.identity.trusted.app.mgt-7.8.180.jar returned status 404
7.8.181			IOException: Tail request on https://maven-central.storage-download.googleapis.com/maven2/org/wso2/carbon/identity/framework/org.wso2.carbon.identity.trusted.app.mgt/7.8.181/org.wso2.carbon.identity.trusted.app.mgt-7.8.181.jar returned status 404
7.8.182			IOException: Tail request on https://maven-central.storage-download.googleapis.com/maven2/org/wso2/carbon/identity/framework/org.wso2.carbon.identity.trusted.app.mgt/7.8.182/org.wso2.carbon.identity.trusted.app.mgt-7.8.182.jar returned status 404
7.8.183			IOException: Tail request on https://maven-central.storage-download.googleapis.com/maven2/org/wso2/carbon/identity/framework/org.wso2.carbon.identity.trusted.app.mgt/7.8.183/org.wso2.carbon.identity.trusted.app.mgt-7.8.183.jar returned status 404
7.8.184			IOException: Tail request on https://maven-central.storage-download.googleapis.com/maven2/org/wso2/carbon/identity/framework/org.wso2.carbon.identity.trusted.app.mgt/7.8.184/org.wso2.carbon.identity.trusted.app.mgt-7.8.184.jar returned status 404
7.8.185			IOException: Tail request on https://maven-central.storage-download.googleapis.com/maven2/org/wso2/carbon/identity/framework/org.wso2.carbon.identity.trusted.app.mgt/7.8.185/org.wso2.carbon.identity.trusted.app.mgt-7.8.185.jar returned status 404
7.8.186			IOException: Tail request on https://maven-central.storage-download.googleapis.com/maven2/org/wso2/carbon/identity/framework/org.wso2.carbon.identity.trusted.app.mgt/7.8.186/org.wso2.carbon.identity.trusted.app.mgt-7.8.186.jar returned status 404
7.8.187			IOException: Tail request on https://maven-central.storage-download.googleapis.com/maven2/org/wso2/carbon/identity/framework/org.wso2.carbon.identity.trusted.app.mgt/7.8.187/org.wso2.carbon.identity.trusted.app.mgt-7.8.187.jar returned status 404
7.8.188			IOException: Tail request on https://maven-central.storage-download.googleapis.com/maven2/org/wso2/carbon/identity/framework/org.wso2.carbon.identity.trusted.app.mgt/7.8.188/org.wso2.carbon.identity.trusted.app.mgt-7.8.188.jar returned status 404
7.8.189			IOException: Tail request on https://maven-central.storage-download.googleapis.com/maven2/org/wso2/carbon/identity/framework/org.wso2.carbon.identity.trusted.app.mgt/7.8.189/org.wso2.carbon.identity.trusted.app.mgt-7.8.189.jar returned status 404
7.8.19			IOException: Tail request on https://maven-central.storage-download.googleapis.com/maven2/org/wso2/carbon/identity/framework/org.wso2.carbon.identity.trusted.app.mgt/7.8.19/org.wso2.carbon.identity.trusted.app.mgt-7.8.19.jar returned status 404
7.8.190			IOException: Tail request on https://maven-central.storage-download.googleapis.com/maven2/org/wso2/carbon/identity/framework/org.wso2.carbon.identity.trusted.app.mgt/7.8.190/org.wso2.carbon.identity.trusted.app.mgt-7.8.190.jar returned status 404
7.8.191			IOException: Tail request on https://maven-central.storage-download.googleapis.com/maven2/org/wso2/carbon/identity/framework/org.wso2.carbon.identity.trusted.app.mgt/7.8.191/org.wso2.carbon.identity.trusted.app.mgt-7.8.191.jar returned status 404
7.8.192			IOException: Tail request on https://maven-central.storage-download.googleapis.com/maven2/org/wso2/carbon/identity/framework/org.wso2.carbon.identity.trusted.app.mgt/7.8.192/org.wso2.carbon.identity.trusted.app.mgt-7.8.192.jar returned status 404
7.8.193			IOException: Tail request on https://maven-central.storage-download.googleapis.com/maven2/org/wso2/carbon/identity/framework/org.wso2.carbon.identity.trusted.app.mgt/7.8.193/org.wso2.carbon.identity.trusted.app.mgt-7.8.193.jar returned status 404
7.8.194			IOException: Tail request on https://maven-central.storage-download.googleapis.com/maven2/org/wso2/carbon/identity/framework/org.wso2.carbon.identity.trusted.app.mgt/7.8.194/org.wso2.carbon.identity.trusted.app.mgt-7.8.194.jar returned status 404
7.8.195			IOException: Tail request on https://maven-central.storage-download.googleapis.com/maven2/org/wso2/carbon/identity/framework/org.wso2.carbon.identity.trusted.app.mgt/7.8.195/org.wso2.carbon.identity.trusted.app.mgt-7.8.195.jar returned status 404
7.8.196			IOException: Tail request on https://maven-central.storage-download.googleapis.com/maven2/org/wso2/carbon/identity/framework/org.wso2.carbon.identity.trusted.app.mgt/7.8.196/org.wso2.carbon.identity.trusted.app.mgt-7.8.196.jar returned status 404
7.8.197			IOException: Tail request on https://maven-central.storage-download.googleapis.com/maven2/org/wso2/carbon/identity/framework/org.wso2.carbon.identity.trusted.app.mgt/7.8.197/org.wso2.carbon.identity.trusted.app.mgt-7.8.197.jar returned status 404
7.8.198			IOException: Tail request on https://maven-central.storage-download.googleapis.com/maven2/org/wso2/carbon/identity/framework/org.wso2.carbon.identity.trusted.app.mgt/7.8.198/org.wso2.carbon.identity.trusted.app.mgt-7.8.198.jar returned status 404
7.8.199			IOException: Tail request on https://maven-central.storage-download.googleapis.com/maven2/org/wso2/carbon/identity/framework/org.wso2.carbon.identity.trusted.app.mgt/7.8.199/org.wso2.carbon.identity.trusted.app.mgt-7.8.199.jar returned status 404
7.8.2		2025-02-18T18:30:47Z	
7.8.20			IOException: Tail request on https://maven-central.storage-download.googleapis.com/maven2/org/wso2/carbon/identity/framework/org.wso2.carbon.identity.trusted.app.mgt/7.8.20/org.wso2.carbon.identity.trusted.app.mgt-7.8.20.jar returned status 404
7.8.200			IOException: Tail request on https://maven-central.storage-download.googleapis.com/maven2/org/wso2/carbon/identity/framework/org.wso2.carbon.identity.trusted.app.mgt/7.8.200/org.wso2.carbon.identity.trusted.app.mgt-7.8.200.jar returned status 404
7.8.201			IOException: Tail request on https://maven-central.storage-download.googleapis.com/maven2/org/wso2/carbon/identity/framework/org.wso2.carbon.identity.trusted.app.mgt/7.8.201/org.wso2.carbon.identity.trusted.app.mgt-7.8.201.jar returned status 404
7.8.202			IOException: Tail request on https://maven-central.storage-download.googleapis.com/maven2/org/wso2/carbon/identity/framework/org.wso2.carbon.identity.trusted.app.mgt/7.8.202/org.wso2.carbon.identity.trusted.app.mgt-7.8.202.jar returned status 404
7.8.203			IOException: Tail request on https://maven-central.storage-download.googleapis.com/maven2/org/wso2/carbon/identity/framework/org.wso2.carbon.identity.trusted.app.mgt/7.8.203/org.wso2.carbon.identity.trusted.app.mgt-7.8.203.jar returned status 404
7.8.204			IOException: Tail request on https://maven-central.storage-download.googleapis.com/maven2/org/wso2/carbon/identity/framework/org.wso2.carbon.identity.trusted.app.mgt/7.8.204/org.wso2.carbon.identity.trusted.app.mgt-7.8.204.jar returned status 404
7.8.205			IOException: Tail request on https://maven-central.storage-download.googleapis.com/maven2/org/wso2/carbon/identity/framework/org.wso2.carbon.identity.trusted.app.mgt/7.8.205/org.wso2.carbon.identity.trusted.app.mgt-7.8.205.jar returned status 404
7.8.206			IOException: Tail request on https://maven-central.storage-download.googleapis.com/maven2/org/wso2/carbon/identity/framework/org.wso2.carbon.identity.trusted.app.mgt/7.8.206/org.wso2.carbon.identity.trusted.app.mgt-7.8.206.jar returned status 404
7.8.207			IOException: Tail request on https://maven-central.storage-download.googleapis.com/maven2/org/wso2/carbon/identity/framework/org.wso2.carbon.identity.trusted.app.mgt/7.8.207/org.wso2.carbon.identity.trusted.app.mgt-7.8.207.jar returned status 404
7.8.208			IOException: Tail request on https://maven-central.storage-download.googleapis.com/maven2/org/wso2/carbon/identity/framework/org.wso2.carbon.identity.trusted.app.mgt/7.8.208/org.wso2.carbon.identity.trusted.app.mgt-7.8.208.jar returned status 404
7.8.209			IOException: Tail request on https://maven-central.storage-download.googleapis.com/maven2/org/wso2/carbon/identity/framework/org.wso2.carbon.identity.trusted.app.mgt/7.8.209/org.wso2.carbon.identity.trusted.app.mgt-7.8.209.jar returned status 404
7.8.21			IOException: Tail request on https://maven-central.storage-download.googleapis.com/maven2/org/wso2/carbon/identity/framework/org.wso2.carbon.identity.trusted.app.mgt/7.8.21/org.wso2.carbon.identity.trusted.app.mgt-7.8.21.jar returned status 404
7.8.210			IOException: Tail request on https://maven-central.storage-download.googleapis.com/maven2/org/wso2/carbon/identity/framework/org.wso2.carbon.identity.trusted.app.mgt/7.8.210/org.wso2.carbon.identity.trusted.app.mgt-7.8.210.jar returned status 404
7.8.211			IOException: Tail request on https://maven-central.storage-download.googleapis.com/maven2/org/wso2/carbon/identity/framework/org.wso2.carbon.identity.trusted.app.mgt/7.8.211/org.wso2.carbon.identity.trusted.app.mgt-7.8.211.jar returned status 404
7.8.212			IOException: Tail request on https://maven-central.storage-download.googleapis.com/maven2/org/wso2/carbon/identity/framework/org.wso2.carbon.identity.trusted.app.mgt/7.8.212/org.wso2.carbon.identity.trusted.app.mgt-7.8.212.jar returned status 404
7.8.213			IOException: Tail request on https://maven-central.storage-download.googleapis.com/maven2/org/wso2/carbon/identity/framework/org.wso2.carbon.identity.trusted.app.mgt/7.8.213/org.wso2.carbon.identity.trusted.app.mgt-7.8.213.jar returned status 404
7.8.214			IOException: Tail request on https://maven-central.storage-download.googleapis.com/maven2/org/wso2/carbon/identity/framework/org.wso2.carbon.identity.trusted.app.mgt/7.8.214/org.wso2.carbon.identity.trusted.app.mgt-7.8.214.jar returned status 404
7.8.215			IOException: Tail request on https://maven-central.storage-download.googleapis.com/maven2/org/wso2/carbon/identity/framework/org.wso2.carbon.identity.trusted.app.mgt/7.8.215/org.wso2.carbon.identity.trusted.app.mgt-7.8.215.jar returned status 404
7.8.216			IOException: Tail request on https://maven-central.storage-download.googleapis.com/maven2/org/wso2/carbon/identity/framework/org.wso2.carbon.identity.trusted.app.mgt/7.8.216/org.wso2.carbon.identity.trusted.app.mgt-7.8.216.jar returned status 404
7.8.217			IOException: Tail request on https://maven-central.storage-download.googleapis.com/maven2/org/wso2/carbon/identity/framework/org.wso2.carbon.identity.trusted.app.mgt/7.8.217/org.wso2.carbon.identity.trusted.app.mgt-7.8.217.jar returned status 404
7.8.218			IOException: Tail request on https://maven-central.storage-download.googleapis.com/maven2/org/wso2/carbon/identity/framework/org.wso2.carbon.identity.trusted.app.mgt/7.8.218/org.wso2.carbon.identity.trusted.app.mgt-7.8.218.jar returned status 404
7.8.219			IOException: Tail request on https://maven-central.storage-download.googleapis.com/maven2/org/wso2/carbon/identity/framework/org.wso2.carbon.identity.trusted.app.mgt/7.8.219/org.wso2.carbon.identity.trusted.app.mgt-7.8.219.jar returned status 404
7.8.22			IOException: Tail request on https://maven-central.storage-download.googleapis.com/maven2/org/wso2/carbon/identity/framework/org.wso2.carbon.identity.trusted.app.mgt/7.8.22/org.wso2.carbon.identity.trusted.app.mgt-7.8.22.jar returned status 404
7.8.220			IOException: Tail request on https://maven-central.storage-download.googleapis.com/maven2/org/wso2/carbon/identity/framework/org.wso2.carbon.identity.trusted.app.mgt/7.8.220/org.wso2.carbon.identity.trusted.app.mgt-7.8.220.jar returned status 404
7.8.221			IOException: Tail request on https://maven-central.storage-download.googleapis.com/maven2/org/wso2/carbon/identity/framework/org.wso2.carbon.identity.trusted.app.mgt/7.8.221/org.wso2.carbon.identity.trusted.app.mgt-7.8.221.jar returned status 404
7.8.222			IOException: Tail request on https://maven-central.storage-download.googleapis.com/maven2/org/wso2/carbon/identity/framework/org.wso2.carbon.identity.trusted.app.mgt/7.8.222/org.wso2.carbon.identity.trusted.app.mgt-7.8.222.jar returned status 404
7.8.223			IOException: Tail request on https://maven-central.storage-download.googleapis.com/maven2/org/wso2/carbon/identity/framework/org.wso2.carbon.identity.trusted.app.mgt/7.8.223/org.wso2.carbon.identity.trusted.app.mgt-7.8.223.jar returned status 404
7.8.224			IOException: Tail request on https://maven-central.storage-download.googleapis.com/maven2/org/wso2/carbon/identity/framework/org.wso2.carbon.identity.trusted.app.mgt/7.8.224/org.wso2.carbon.identity.trusted.app.mgt-7.8.224.jar returned status 404
7.8.23			IOException: Tail request on https://maven-central.storage-download.googleapis.com/maven2/org/wso2/carbon/identity/framework/org.wso2.carbon.identity.trusted.app.mgt/7.8.23/org.wso2.carbon.identity.trusted.app.mgt-7.8.23.jar returned status 404
7.8.24			IOException: Tail request on https://maven-central.storage-download.googleapis.com/maven2/org/wso2/carbon/identity/framework/org.wso2.carbon.identity.trusted.app.mgt/7.8.24/org.wso2.carbon.identity.trusted.app.mgt-7.8.24.jar returned status 404
7.8.25			IOException: Tail request on https://maven-central.storage-download.googleapis.com/maven2/org/wso2/carbon/identity/framework/org.wso2.carbon.identity.trusted.app.mgt/7.8.25/org.wso2.carbon.identity.trusted.app.mgt-7.8.25.jar returned status 404
7.8.26			IOException: Tail request on https://maven-central.storage-download.googleapis.com/maven2/org/wso2/carbon/identity/framework/org.wso2.carbon.identity.trusted.app.mgt/7.8.26/org.wso2.carbon.identity.trusted.app.mgt-7.8.26.jar returned status 404
7.8.27			IOException: Tail request on https://maven-central.storage-download.googleapis.com/maven2/org/wso2/carbon/identity/framework/org.wso2.carbon.identity.trusted.app.mgt/7.8.27/org.wso2.carbon.identity.trusted.app.mgt-7.8.27.jar returned status 404
7.8.28			IOException: Tail request on https://maven-central.storage-download.googleapis.com/maven2/org/wso2/carbon/identity/framework/org.wso2.carbon.identity.trusted.app.mgt/7.8.28/org.wso2.carbon.identity.trusted.app.mgt-7.8.28.jar returned status 404
7.8.29			IOException: Tail request on https://maven-central.storage-download.googleapis.com/maven2/org/wso2/carbon/identity/framework/org.wso2.carbon.identity.trusted.app.mgt/7.8.29/org.wso2.carbon.identity.trusted.app.mgt-7.8.29.jar returned status 404
7.8.3		2025-02-18T21:08:55Z	
7.8.30			IOException: Tail request on https://maven-central.storage-download.googleapis.com/maven2/org/wso2/carbon/identity/framework/org.wso2.carbon.identity.trusted.app.mgt/7.8.30/org.wso2.carbon.identity.trusted.app.mgt-7.8.30.jar returned status 404
7.8.31			IOException: Tail request on https://maven-central.storage-download.googleapis.com/maven2/org/wso2/carbon/identity/framework/org.wso2.carbon.identity.trusted.app.mgt/7.8.31/org.wso2.carbon.identity.trusted.app.mgt-7.8.31.jar returned status 404
7.8.32			IOException: Tail request on https://maven-central.storage-download.googleapis.com/maven2/org/wso2/carbon/identity/framework/org.wso2.carbon.identity.trusted.app.mgt/7.8.32/org.wso2.carbon.identity.trusted.app.mgt-7.8.32.jar returned status 404
7.8.33			IOException: Tail request on https://maven-central.storage-download.googleapis.com/maven2/org/wso2/carbon/identity/framework/org.wso2.carbon.identity.trusted.app.mgt/7.8.33/org.wso2.carbon.identity.trusted.app.mgt-7.8.33.jar returned status 404
7.8.34			IOException: Tail request on https://maven-central.storage-download.googleapis.com/maven2/org/wso2/carbon/identity/framework/org.wso2.carbon.identity.trusted.app.mgt/7.8.34/org.wso2.carbon.identity.trusted.app.mgt-7.8.34.jar returned status 404
7.8.35			IOException: Tail request on https://maven-central.storage-download.googleapis.com/maven2/org/wso2/carbon/identity/framework/org.wso2.carbon.identity.trusted.app.mgt/7.8.35/org.wso2.carbon.identity.trusted.app.mgt-7.8.35.jar returned status 404
7.8.36			IOException: Tail request on https://maven-central.storage-download.googleapis.com/maven2/org/wso2/carbon/identity/framework/org.wso2.carbon.identity.trusted.app.mgt/7.8.36/org.wso2.carbon.identity.trusted.app.mgt-7.8.36.jar returned status 404
7.8.37			IOException: Tail request on https://maven-central.storage-download.googleapis.com/maven2/org/wso2/carbon/identity/framework/org.wso2.carbon.identity.trusted.app.mgt/7.8.37/org.wso2.carbon.identity.trusted.app.mgt-7.8.37.jar returned status 404
7.8.38			IOException: Tail request on https://maven-central.storage-download.googleapis.com/maven2/org/wso2/carbon/identity/framework/org.wso2.carbon.identity.trusted.app.mgt/7.8.38/org.wso2.carbon.identity.trusted.app.mgt-7.8.38.jar returned status 404
7.8.39			IOException: Tail request on https://maven-central.storage-download.googleapis.com/maven2/org/wso2/carbon/identity/framework/org.wso2.carbon.identity.trusted.app.mgt/7.8.39/org.wso2.carbon.identity.trusted.app.mgt-7.8.39.jar returned status 404
7.8.4			IOException: Tail request on https://maven-central.storage-download.googleapis.com/maven2/org/wso2/carbon/identity/framework/org.wso2.carbon.identity.trusted.app.mgt/7.8.4/org.wso2.carbon.identity.trusted.app.mgt-7.8.4.jar returned status 404
7.8.40			IOException: Tail request on https://maven-central.storage-download.googleapis.com/maven2/org/wso2/carbon/identity/framework/org.wso2.carbon.identity.trusted.app.mgt/7.8.40/org.wso2.carbon.identity.trusted.app.mgt-7.8.40.jar returned status 404
7.8.41			IOException: Tail request on https://maven-central.storage-download.googleapis.com/maven2/org/wso2/carbon/identity/framework/org.wso2.carbon.identity.trusted.app.mgt/7.8.41/org.wso2.carbon.identity.trusted.app.mgt-7.8.41.jar returned status 404
7.8.42			IOException: Tail request on https://maven-central.storage-download.googleapis.com/maven2/org/wso2/carbon/identity/framework/org.wso2.carbon.identity.trusted.app.mgt/7.8.42/org.wso2.carbon.identity.trusted.app.mgt-7.8.42.jar returned status 404
7.8.43			IOException: Tail request on https://maven-central.storage-download.googleapis.com/maven2/org/wso2/carbon/identity/framework/org.wso2.carbon.identity.trusted.app.mgt/7.8.43/org.wso2.carbon.identity.trusted.app.mgt-7.8.43.jar returned status 404
7.8.44			IOException: Tail request on https://maven-central.storage-download.googleapis.com/maven2/org/wso2/carbon/identity/framework/org.wso2.carbon.identity.trusted.app.mgt/7.8.44/org.wso2.carbon.identity.trusted.app.mgt-7.8.44.jar returned status 404
7.8.45			IOException: Tail request on https://maven-central.storage-download.googleapis.com/maven2/org/wso2/carbon/identity/framework/org.wso2.carbon.identity.trusted.app.mgt/7.8.45/org.wso2.carbon.identity.trusted.app.mgt-7.8.45.jar returned status 404
7.8.46			IOException: Tail request on https://maven-central.storage-download.googleapis.com/maven2/org/wso2/carbon/identity/framework/org.wso2.carbon.identity.trusted.app.mgt/7.8.46/org.wso2.carbon.identity.trusted.app.mgt-7.8.46.jar returned status 404
7.8.47			IOException: Tail request on https://maven-central.storage-download.googleapis.com/maven2/org/wso2/carbon/identity/framework/org.wso2.carbon.identity.trusted.app.mgt/7.8.47/org.wso2.carbon.identity.trusted.app.mgt-7.8.47.jar returned status 404
7.8.48			IOException: Tail request on https://maven-central.storage-download.googleapis.com/maven2/org/wso2/carbon/identity/framework/org.wso2.carbon.identity.trusted.app.mgt/7.8.48/org.wso2.carbon.identity.trusted.app.mgt-7.8.48.jar returned status 404
7.8.49			IOException: Tail request on https://maven-central.storage-download.googleapis.com/maven2/org/wso2/carbon/identity/framework/org.wso2.carbon.identity.trusted.app.mgt/7.8.49/org.wso2.carbon.identity.trusted.app.mgt-7.8.49.jar returned status 404
7.8.5			IOException: Tail request on https://maven-central.storage-download.googleapis.com/maven2/org/wso2/carbon/identity/framework/org.wso2.carbon.identity.trusted.app.mgt/7.8.5/org.wso2.carbon.identity.trusted.app.mgt-7.8.5.jar returned status 404
7.8.50			IOException: Tail request on https://maven-central.storage-download.googleapis.com/maven2/org/wso2/carbon/identity/framework/org.wso2.carbon.identity.trusted.app.mgt/7.8.50/org.wso2.carbon.identity.trusted.app.mgt-7.8.50.jar returned status 404
7.8.51			IOException: Tail request on https://maven-central.storage-download.googleapis.com/maven2/org/wso2/carbon/identity/framework/org.wso2.carbon.identity.trusted.app.mgt/7.8.51/org.wso2.carbon.identity.trusted.app.mgt-7.8.51.jar returned status 404
7.8.52			IOException: Tail request on https://maven-central.storage-download.googleapis.com/maven2/org/wso2/carbon/identity/framework/org.wso2.carbon.identity.trusted.app.mgt/7.8.52/org.wso2.carbon.identity.trusted.app.mgt-7.8.52.jar returned status 404
7.8.53			IOException: Tail request on https://maven-central.storage-download.googleapis.com/maven2/org/wso2/carbon/identity/framework/org.wso2.carbon.identity.trusted.app.mgt/7.8.53/org.wso2.carbon.identity.trusted.app.mgt-7.8.53.jar returned status 404
7.8.54			IOException: Tail request on https://maven-central.storage-download.googleapis.com/maven2/org/wso2/carbon/identity/framework/org.wso2.carbon.identity.trusted.app.mgt/7.8.54/org.wso2.carbon.identity.trusted.app.mgt-7.8.54.jar returned status 404
7.8.55			IOException: Tail request on https://maven-central.storage-download.googleapis.com/maven2/org/wso2/carbon/identity/framework/org.wso2.carbon.identity.trusted.app.mgt/7.8.55/org.wso2.carbon.identity.trusted.app.mgt-7.8.55.jar returned status 404
7.8.56			IOException: Tail request on https://maven-central.storage-download.googleapis.com/maven2/org/wso2/carbon/identity/framework/org.wso2.carbon.identity.trusted.app.mgt/7.8.56/org.wso2.carbon.identity.trusted.app.mgt-7.8.56.jar returned status 404
7.8.57			IOException: Tail request on https://maven-central.storage-download.googleapis.com/maven2/org/wso2/carbon/identity/framework/org.wso2.carbon.identity.trusted.app.mgt/7.8.57/org.wso2.carbon.identity.trusted.app.mgt-7.8.57.jar returned status 404
7.8.58			IOException: Tail request on https://maven-central.storage-download.googleapis.com/maven2/org/wso2/carbon/identity/framework/org.wso2.carbon.identity.trusted.app.mgt/7.8.58/org.wso2.carbon.identity.trusted.app.mgt-7.8.58.jar returned status 404
7.8.59			IOException: Tail request on https://maven-central.storage-download.googleapis.com/maven2/org/wso2/carbon/identity/framework/org.wso2.carbon.identity.trusted.app.mgt/7.8.59/org.wso2.carbon.identity.trusted.app.mgt-7.8.59.jar returned status 404
7.8.6			IOException: Tail request on https://maven-central.storage-download.googleapis.com/maven2/org/wso2/carbon/identity/framework/org.wso2.carbon.identity.trusted.app.mgt/7.8.6/org.wso2.carbon.identity.trusted.app.mgt-7.8.6.jar returned status 404
7.8.60			IOException: Tail request on https://maven-central.storage-download.googleapis.com/maven2/org/wso2/carbon/identity/framework/org.wso2.carbon.identity.trusted.app.mgt/7.8.60/org.wso2.carbon.identity.trusted.app.mgt-7.8.60.jar returned status 404
7.8.61			IOException: Tail request on https://maven-central.storage-download.googleapis.com/maven2/org/wso2/carbon/identity/framework/org.wso2.carbon.identity.trusted.app.mgt/7.8.61/org.wso2.carbon.identity.trusted.app.mgt-7.8.61.jar returned status 404
7.8.614		2025-11-16T16:12:06Z	
7.8.615		2025-11-18T12:16:42Z	
7.8.616		2025-11-18T19:29:09Z	
7.8.617		2025-11-19T09:07:46Z	
7.8.618		2025-11-20T03:41:32Z	
7.8.619		2025-11-20T06:13:23Z	
7.8.62			IOException: Tail request on https://maven-central.storage-download.googleapis.com/maven2/org/wso2/carbon/identity/framework/org.wso2.carbon.identity.trusted.app.mgt/7.8.62/org.wso2.carbon.identity.trusted.app.mgt-7.8.62.jar returned status 404
7.8.620		2025-11-20T11:23:06Z	
7.8.621		2025-11-20T13:20:53Z	
7.8.622		2025-11-21T05:35:46Z	
7.8.623		2025-11-21T07:49:53Z	
7.8.624		2025-11-21T10:04:50Z	
7.8.625		2025-11-21T17:12:17Z	
7.8.626		2025-11-24T07:31:39Z	
7.8.627		2025-11-24T11:48:35Z	
7.8.628		2025-11-24T16:45:11Z	
7.8.629		2025-12-03T12:26:16Z	
7.8.63			IOException: Tail request on https://maven-central.storage-download.googleapis.com/maven2/org/wso2/carbon/identity/framework/org.wso2.carbon.identity.trusted.app.mgt/7.8.63/org.wso2.carbon.identity.trusted.app.mgt-7.8.63.jar returned status 404
7.8.630		2025-12-04T19:57:47Z	
7.8.631		2025-12-05T08:44:06Z	
7.8.632		2025-12-06T04:27:48Z	
7.8.633		2025-12-08T10:36:41Z	
7.8.634		2025-12-09T12:35:31Z	
7.8.635		2025-12-09T15:50:09Z	
7.8.636		2025-12-10T04:34:28Z	
7.8.637		2025-12-10T10:04:03Z	
7.8.638		2025-12-10T11:53:16Z	
7.8.639		2025-12-11T03:47:55Z	
7.8.64			IOException: Tail request on https://maven-central.storage-download.googleapis.com/maven2/org/wso2/carbon/identity/framework/org.wso2.carbon.identity.trusted.app.mgt/7.8.64/org.wso2.carbon.identity.trusted.app.mgt-7.8.64.jar returned status 404
7.8.640		2025-12-14T05:37:42Z	
7.8.641		2025-12-15T04:41:41Z	
7.8.642		2025-12-15T05:37:56Z	
7.8.643		2025-12-16T08:37:50Z	
7.8.644		2025-12-20T13:50:17Z	
7.8.645		2025-12-22T07:23:27Z	
7.8.646		2025-12-22T13:41:22Z	
7.8.647		2025-12-23T05:31:50Z	
7.8.648		2026-01-04T15:33:44Z	
7.8.649		2026-01-05T06:21:56Z	
7.8.65			IOException: Tail request on https://maven-central.storage-download.googleapis.com/maven2/org/wso2/carbon/identity/framework/org.wso2.carbon.identity.trusted.app.mgt/7.8.65/org.wso2.carbon.identity.trusted.app.mgt-7.8.65.jar returned status 404
7.8.650		2026-01-05T07:57:25Z	
7.8.651		2026-01-06T07:15:57Z	
7.8.652		2026-01-07T05:13:01Z	
7.8.653		2026-01-07T06:45:41Z	
7.8.654		2026-01-09T07:33:59Z	
7.8.655		2026-01-11T16:18:09Z	
7.8.656		2026-01-11T17:57:13Z	
7.8.657		2026-01-14T07:32:49Z	
7.8.658		2026-01-14T12:39:41Z	
7.8.659		2026-01-18T11:45:07Z	
7.8.66			IOException: Tail request on https://maven-central.storage-download.googleapis.com/maven2/org/wso2/carbon/identity/framework/org.wso2.carbon.identity.trusted.app.mgt/7.8.66/org.wso2.carbon.identity.trusted.app.mgt-7.8.66.jar returned status 404
7.8.660		2026-01-19T05:00:57Z	
7.8.661		2026-01-20T07:05:39Z	
7.8.662		2026-01-20T11:32:26Z	
7.8.663		2026-01-21T08:43:41Z	
7.8.664		2026-01-23T06:56:32Z	
7.8.665		2026-01-26T04:30:22Z	
7.8.666		2026-01-27T05:16:23Z	
7.8.667		2026-01-27T06:13:25Z	
7.8.668		2026-01-28T10:55:43Z	
7.8.669		2026-01-29T11:40:41Z	
7.8.67			IOException: Tail request on https://maven-central.storage-download.googleapis.com/maven2/org/wso2/carbon/identity/framework/org.wso2.carbon.identity.trusted.app.mgt/7.8.67/org.wso2.carbon.identity.trusted.app.mgt-7.8.67.jar returned status 404
7.8.670		2026-02-01T12:11:55Z	
7.8.671		2026-02-03T05:40:19Z	
7.8.672		2026-02-03T07:15:08Z	
7.8.673		2026-02-05T07:50:32Z	
7.8.674		2026-02-05T10:29:42Z	
7.8.675		2026-02-05T12:36:39Z	
7.8.676		2026-02-06T05:17:32Z	
7.8.677		2026-02-07T09:47:39Z	
7.8.678		2026-02-09T10:50:54Z	
7.8.679		2026-02-09T11:50:11Z	
7.8.68			IOException: Tail request on https://maven-central.storage-download.googleapis.com/maven2/org/wso2/carbon/identity/framework/org.wso2.carbon.identity.trusted.app.mgt/7.8.68/org.wso2.carbon.identity.trusted.app.mgt-7.8.68.jar returned status 404
7.8.680		2026-02-10T05:42:46Z	
7.8.681		2026-02-10T17:56:37Z	
7.8.682		2026-02-11T11:15:48Z	
7.8.683		2026-02-11T12:30:13Z	
7.8.684		2026-02-11T18:09:34Z	
7.8.685		2026-02-12T13:00:19Z	
7.8.69			IOException: Tail request on https://maven-central.storage-download.googleapis.com/maven2/org/wso2/carbon/identity/framework/org.wso2.carbon.identity.trusted.app.mgt/7.8.69/org.wso2.carbon.identity.trusted.app.mgt-7.8.69.jar returned status 404
7.8.7			IOException: Tail request on https://maven-central.storage-download.googleapis.com/maven2/org/wso2/carbon/identity/framework/org.wso2.carbon.identity.trusted.app.mgt/7.8.7/org.wso2.carbon.identity.trusted.app.mgt-7.8.7.jar returned status 404
7.8.70			IOException: Tail request on https://maven-central.storage-download.googleapis.com/maven2/org/wso2/carbon/identity/framework/org.wso2.carbon.identity.trusted.app.mgt/7.8.70/org.wso2.carbon.identity.trusted.app.mgt-7.8.70.jar returned status 404
7.8.71			IOException: Tail request on https://maven-central.storage-download.googleapis.com/maven2/org/wso2/carbon/identity/framework/org.wso2.carbon.identity.trusted.app.mgt/7.8.71/org.wso2.carbon.identity.trusted.app.mgt-7.8.71.jar returned status 404
7.8.72			IOException: Tail request on https://maven-central.storage-download.googleapis.com/maven2/org/wso2/carbon/identity/framework/org.wso2.carbon.identity.trusted.app.mgt/7.8.72/org.wso2.carbon.identity.trusted.app.mgt-7.8.72.jar returned status 404
7.8.73			IOException: Tail request on https://maven-central.storage-download.googleapis.com/maven2/org/wso2/carbon/identity/framework/org.wso2.carbon.identity.trusted.app.mgt/7.8.73/org.wso2.carbon.identity.trusted.app.mgt-7.8.73.jar returned status 404
7.8.74			IOException: Tail request on https://maven-central.storage-download.googleapis.com/maven2/org/wso2/carbon/identity/framework/org.wso2.carbon.identity.trusted.app.mgt/7.8.74/org.wso2.carbon.identity.trusted.app.mgt-7.8.74.jar returned status 404
7.8.75			IOException: Tail request on https://maven-central.storage-download.googleapis.com/maven2/org/wso2/carbon/identity/framework/org.wso2.carbon.identity.trusted.app.mgt/7.8.75/org.wso2.carbon.identity.trusted.app.mgt-7.8.75.jar returned status 404
7.8.76			IOException: Tail request on https://maven-central.storage-download.googleapis.com/maven2/org/wso2/carbon/identity/framework/org.wso2.carbon.identity.trusted.app.mgt/7.8.76/org.wso2.carbon.identity.trusted.app.mgt-7.8.76.jar returned status 404
7.8.77			IOException: Tail request on https://maven-central.storage-download.googleapis.com/maven2/org/wso2/carbon/identity/framework/org.wso2.carbon.identity.trusted.app.mgt/7.8.77/org.wso2.carbon.identity.trusted.app.mgt-7.8.77.jar returned status 404
7.8.78			IOException: Tail request on https://maven-central.storage-download.googleapis.com/maven2/org/wso2/carbon/identity/framework/org.wso2.carbon.identity.trusted.app.mgt/7.8.78/org.wso2.carbon.identity.trusted.app.mgt-7.8.78.jar returned status 404
7.8.79			IOException: Tail request on https://maven-central.storage-download.googleapis.com/maven2/org/wso2/carbon/identity/framework/org.wso2.carbon.identity.trusted.app.mgt/7.8.79/org.wso2.carbon.identity.trusted.app.mgt-7.8.79.jar returned status 404
7.8.8			IOException: Tail request on https://maven-central.storage-download.googleapis.com/maven2/org/wso2/carbon/identity/framework/org.wso2.carbon.identity.trusted.app.mgt/7.8.8/org.wso2.carbon.identity.trusted.app.mgt-7.8.8.jar returned status 404
7.8.80			IOException: Tail request on https://maven-central.storage-download.googleapis.com/maven2/org/wso2/carbon/identity/framework/org.wso2.carbon.identity.trusted.app.mgt/7.8.80/org.wso2.carbon.identity.trusted.app.mgt-7.8.80.jar returned status 404
7.8.81			IOException: Tail request on https://maven-central.storage-download.googleapis.com/maven2/org/wso2/carbon/identity/framework/org.wso2.carbon.identity.trusted.app.mgt/7.8.81/org.wso2.carbon.identity.trusted.app.mgt-7.8.81.jar returned status 404
7.8.82			IOException: Tail request on https://maven-central.storage-download.googleapis.com/maven2/org/wso2/carbon/identity/framework/org.wso2.carbon.identity.trusted.app.mgt/7.8.82/org.wso2.carbon.identity.trusted.app.mgt-7.8.82.jar returned status 404
7.8.83			IOException: Tail request on https://maven-central.storage-download.googleapis.com/maven2/org/wso2/carbon/identity/framework/org.wso2.carbon.identity.trusted.app.mgt/7.8.83/org.wso2.carbon.identity.trusted.app.mgt-7.8.83.jar returned status 404
7.8.84			IOException: Tail request on https://maven-central.storage-download.googleapis.com/maven2/org/wso2/carbon/identity/framework/org.wso2.carbon.identity.trusted.app.mgt/7.8.84/org.wso2.carbon.identity.trusted.app.mgt-7.8.84.jar returned status 404
7.8.85			IOException: Tail request on https://maven-central.storage-download.googleapis.com/maven2/org/wso2/carbon/identity/framework/org.wso2.carbon.identity.trusted.app.mgt/7.8.85/org.wso2.carbon.identity.trusted.app.mgt-7.8.85.jar returned status 404
7.8.86			IOException: Tail request on https://maven-central.storage-download.googleapis.com/maven2/org/wso2/carbon/identity/framework/org.wso2.carbon.identity.trusted.app.mgt/7.8.86/org.wso2.carbon.identity.trusted.app.mgt-7.8.86.jar returned status 404
7.8.87			IOException: Tail request on https://maven-central.storage-download.googleapis.com/maven2/org/wso2/carbon/identity/framework/org.wso2.carbon.identity.trusted.app.mgt/7.8.87/org.wso2.carbon.identity.trusted.app.mgt-7.8.87.jar returned status 404
7.8.88			IOException: Tail request on https://maven-central.storage-download.googleapis.com/maven2/org/wso2/carbon/identity/framework/org.wso2.carbon.identity.trusted.app.mgt/7.8.88/org.wso2.carbon.identity.trusted.app.mgt-7.8.88.jar returned status 404
7.8.89			IOException: Tail request on https://maven-central.storage-download.googleapis.com/maven2/org/wso2/carbon/identity/framework/org.wso2.carbon.identity.trusted.app.mgt/7.8.89/org.wso2.carbon.identity.trusted.app.mgt-7.8.89.jar returned status 404
7.8.9			IOException: Tail request on https://maven-central.storage-download.googleapis.com/maven2/org/wso2/carbon/identity/framework/org.wso2.carbon.identity.trusted.app.mgt/7.8.9/org.wso2.carbon.identity.trusted.app.mgt-7.8.9.jar returned status 404
7.8.90			IOException: Tail request on https://maven-central.storage-download.googleapis.com/maven2/org/wso2/carbon/identity/framework/org.wso2.carbon.identity.trusted.app.mgt/7.8.90/org.wso2.carbon.identity.trusted.app.mgt-7.8.90.jar returned status 404
7.8.91			IOException: Tail request on https://maven-central.storage-download.googleapis.com/maven2/org/wso2/carbon/identity/framework/org.wso2.carbon.identity.trusted.app.mgt/7.8.91/org.wso2.carbon.identity.trusted.app.mgt-7.8.91.jar returned status 404
7.8.92		2025-03-30T16:02:11Z	
7.8.93		2025-03-30T23:18:31Z	
7.8.94		2025-03-31T04:31:48Z	
7.8.95		2025-04-01T17:43:57Z	
7.8.96		2025-04-02T16:54:17Z	
7.8.97		2025-04-03T10:02:05Z	
7.8.98		2025-04-03T10:52:00Z	
7.8.99		2025-04-05T17:11:32Z	
