5.10.0		2017-10-12T13:42:50Z	
5.10.1		2017-10-13T09:23:29Z	
5.10.10		2017-10-19T12:11:04Z	
5.10.100		2018-01-09T13:12:08Z	
5.10.101		2018-01-10T15:37:24Z	
5.10.102		2018-01-11T05:11:47Z	
5.10.103		2018-01-11T05:53:18Z	
5.10.104		2018-01-11T08:58:29Z	
5.10.105		2018-01-11T09:35:28Z	
5.10.106		2018-01-15T12:09:08Z	
5.10.107		2018-01-17T19:17:50Z	
5.10.108		2018-01-19T07:08:00Z	
5.10.109		2018-01-24T11:17:38Z	
5.10.11		2017-10-24T06:58:02Z	
5.10.110		2018-01-25T05:44:41Z	
5.10.111		2018-01-29T12:31:55Z	
5.10.112		2018-01-29T14:03:10Z	
5.10.113		2018-02-05T09:11:40Z	
5.10.114		2018-02-05T09:37:48Z	
5.10.115		2018-02-06T06:53:26Z	
5.10.116		2018-02-06T10:02:04Z	
5.10.117		2018-02-07T04:39:37Z	
5.10.118		2018-02-07T05:03:25Z	
5.10.119		2018-02-07T09:32:21Z	
5.10.12		2017-10-24T10:20:55Z	
5.10.120		2018-02-11T13:30:56Z	
5.10.121		2018-02-12T06:41:04Z	
5.10.122		2018-02-13T04:37:24Z	
5.10.123		2018-02-15T16:39:01Z	
5.10.124		2018-02-21T05:52:54Z	
5.10.125		2018-02-21T17:37:07Z	
5.10.126		2018-02-22T08:05:24Z	
5.10.127		2018-02-22T09:25:22Z	
5.10.128		2018-02-23T04:01:41Z	
5.10.129		2018-02-27T12:34:48Z	
5.10.13		2017-10-27T11:25:17Z	
5.10.130		2018-03-06T04:22:45Z	
5.10.131		2018-03-06T08:38:52Z	
5.10.132		2018-03-07T04:13:32Z	
5.10.133		2018-03-10T10:46:56Z	
5.10.134		2018-03-10T11:09:52Z	
5.10.14		2017-10-27T12:15:36Z	
5.10.15		2017-10-27T16:32:56Z	
5.10.16		2017-10-30T14:50:45Z	
5.10.17		2017-11-01T06:43:03Z	
5.10.18		2017-11-06T08:51:30Z	
5.10.19		2017-11-06T12:59:18Z	
5.10.2		2017-10-14T06:34:33Z	
5.10.20		2017-11-07T08:39:44Z	
5.10.21		2017-11-07T12:07:38Z	
5.10.22		2017-11-09T10:05:47Z	
5.10.23		2017-11-10T09:13:31Z	
5.10.24		2017-11-10T17:15:27Z	
5.10.25		2017-11-10T17:46:36Z	
5.10.26		2017-11-13T09:20:30Z	
5.10.27		2017-11-13T09:52:54Z	
5.10.28		2017-11-13T10:26:18Z	
5.10.29		2017-11-15T07:02:11Z	
5.10.3		2017-10-14T08:25:55Z	
5.10.30		2017-11-15T07:56:51Z	
5.10.31		2017-11-15T09:26:28Z	
5.10.32		2017-11-16T04:21:48Z	
5.10.33		2017-11-16T06:19:07Z	
5.10.34		2017-11-20T09:53:00Z	
5.10.35		2017-11-21T10:34:29Z	
5.10.36		2017-11-21T12:12:01Z	
5.10.37		2017-11-22T06:56:36Z	
5.10.38		2017-11-22T10:15:30Z	
5.10.39		2017-11-22T12:03:57Z	
5.10.4		2017-10-15T05:25:21Z	
5.10.40		2017-11-22T13:02:49Z	
5.10.41		2017-11-22T14:18:07Z	
5.10.42		2017-11-23T09:54:48Z	
5.10.43		2017-11-23T10:39:48Z	
5.10.44		2017-11-23T11:13:07Z	
5.10.45		2017-11-23T13:15:22Z	
5.10.46		2017-11-24T04:46:27Z	
5.10.47		2017-11-24T09:25:31Z	
5.10.48		2017-11-24T10:29:23Z	
5.10.49		2017-11-24T11:38:15Z	
5.10.5		2017-10-16T10:37:43Z	
5.10.50		2017-11-24T12:14:00Z	
5.10.51		2017-11-24T12:48:42Z	
5.10.52		2017-11-24T14:40:27Z	
5.10.53		2017-11-24T16:40:07Z	
5.10.54		2017-11-27T08:55:06Z	
5.10.55		2017-11-27T09:26:57Z	
5.10.56		2017-11-27T13:11:41Z	
5.10.57		2017-11-27T14:12:48Z	
5.10.58		2017-11-28T05:20:28Z	
5.10.59		2017-11-28T05:57:08Z	
5.10.6		2017-10-18T05:15:40Z	
5.10.60		2017-11-28T06:59:21Z	
5.10.61		2017-11-28T10:26:12Z	
5.10.62		2017-11-28T11:35:42Z	
5.10.63		2017-11-28T14:11:32Z	
5.10.64		2017-11-28T16:35:36Z	
5.10.65		2017-11-28T17:11:17Z	
5.10.66		2017-11-28T17:44:41Z	
5.10.67		2017-11-29T04:20:19Z	
5.10.68		2017-11-29T05:20:23Z	
5.10.69		2017-11-29T09:26:59Z	
5.10.7		2017-10-18T09:12:43Z	
5.10.70		2017-11-29T12:04:38Z	
5.10.71		2017-11-29T14:08:50Z	
5.10.72		2017-11-29T14:41:29Z	
5.10.73		2017-11-29T17:39:38Z	
5.10.74		2017-11-30T01:40:09Z	
5.10.75		2017-11-30T14:22:39Z	
5.10.76		2017-11-30T15:31:25Z	
5.10.77		2017-11-30T16:19:00Z	
5.10.78		2017-11-30T17:32:13Z	
5.10.79		2017-11-30T19:25:44Z	
5.10.8		2017-10-18T11:21:16Z	
5.10.80		2017-12-01T05:47:21Z	
5.10.81		2017-12-04T07:56:10Z	
5.10.82		2017-12-06T09:32:28Z	
5.10.83		2017-12-06T13:37:58Z	
5.10.84		2017-12-07T06:44:29Z	
5.10.85		2017-12-07T12:26:32Z	
5.10.86		2017-12-07T15:44:00Z	
5.10.87		2017-12-13T13:27:59Z	
5.10.88		2017-12-15T03:10:29Z	
5.10.89		2017-12-19T11:41:31Z	
5.10.9		2017-10-18T12:31:56Z	
5.10.90		2017-12-20T07:24:54Z	
5.10.91		2017-12-20T12:56:39Z	
5.10.92		2017-12-21T04:39:50Z	
5.10.93		2018-01-04T07:50:29Z	
5.10.94		2018-01-04T09:49:45Z	
5.10.95		2018-01-04T10:24:05Z	
5.10.96		2018-01-04T11:24:50Z	
5.10.97		2018-01-04T20:22:46Z	
5.10.98		2018-01-05T18:55:21Z	
5.10.99		2018-01-09T07:28:28Z	
5.11.0		2018-01-08T12:04:03Z	
5.11.1		2018-01-09T13:35:10Z	
5.11.10		2018-01-29T06:30:13Z	
5.11.100		2018-03-05T19:52:54Z	
5.11.101		2018-03-06T04:13:54Z	
5.11.102		2018-03-06T04:34:57Z	
5.11.103		2018-03-06T04:55:10Z	
5.11.104		2018-03-06T07:39:06Z	
5.11.105		2018-03-06T09:33:27Z	
5.11.106		2018-03-06T10:42:54Z	
5.11.107		2018-03-06T11:04:17Z	
5.11.108		2018-03-06T11:24:51Z	
5.11.109		2018-03-06T12:20:35Z	
5.11.11		2018-02-01T08:33:33Z	
5.11.110		2018-03-07T02:36:17Z	
5.11.111		2018-03-07T08:49:32Z	
5.11.112		2018-03-07T10:29:23Z	
5.11.113		2018-03-07T11:45:20Z	
5.11.114		2018-03-07T15:49:50Z	
5.11.115		2018-03-08T08:09:00Z	
5.11.116		2018-03-08T09:10:56Z	
5.11.117		2018-03-08T11:58:15Z	
5.11.118		2018-03-08T12:49:58Z	
5.11.119		2018-03-08T16:20:21Z	
5.11.12		2018-02-01T09:22:17Z	
5.11.120		2018-03-08T18:25:30Z	
5.11.121		2018-03-09T05:34:59Z	
5.11.122		2018-03-09T07:12:16Z	
5.11.123		2018-03-09T08:12:54Z	
5.11.124		2018-03-09T08:36:36Z	
5.11.125		2018-03-09T09:21:53Z	
5.11.126		2018-03-09T09:51:44Z	
5.11.127		2018-03-09T12:33:18Z	
5.11.128		2018-03-09T14:49:45Z	
5.11.129		2018-03-09T16:18:08Z	
5.11.13		2018-02-02T18:35:12Z	
5.11.130		2018-03-09T16:52:43Z	
5.11.131		2018-03-09T19:15:20Z	
5.11.132		2018-03-09T19:40:14Z	
5.11.133		2018-03-10T09:34:48Z	
5.11.134		2018-03-10T10:45:23Z	
5.11.135		2018-03-11T06:41:26Z	
5.11.136		2018-03-12T05:17:56Z	
5.11.137		2018-03-12T11:35:26Z	
5.11.138		2018-03-12T13:41:47Z	
5.11.139		2018-03-12T14:29:55Z	
5.11.14		2018-02-06T10:15:10Z	
5.11.140		2018-03-13T07:31:12Z	
5.11.141		2018-03-13T10:01:21Z	
5.11.142		2018-03-13T10:35:37Z	
5.11.143		2018-03-13T11:00:01Z	
5.11.144		2018-03-13T12:40:38Z	
5.11.145		2018-03-14T14:48:21Z	
5.11.146		2018-03-14T16:29:29Z	
5.11.147		2018-03-14T16:53:05Z	
5.11.148		2018-03-14T17:18:44Z	
5.11.149		2018-03-22T05:29:09Z	
5.11.15		2018-02-07T04:29:21Z	
5.11.150		2018-03-22T06:55:41Z	
5.11.151		2018-03-22T07:17:06Z	
5.11.152		2018-03-22T18:59:48Z	
5.11.153		2018-03-28T10:12:29Z	
5.11.154		2018-03-29T10:15:08Z	
5.11.155		2018-04-02T06:36:16Z	
5.11.156		2018-04-02T15:03:12Z	
5.11.157		2018-04-03T10:55:16Z	
5.11.158		2018-04-03T12:43:37Z	
5.11.159		2018-04-04T05:08:39Z	
5.11.16		2018-02-07T05:57:18Z	
5.11.160		2018-04-04T05:55:58Z	
5.11.161		2018-04-04T11:24:13Z	
5.11.162		2018-04-05T07:11:37Z	
5.11.163		2018-04-05T12:10:23Z	
5.11.164		2018-04-06T02:10:47Z	
5.11.165		2018-04-09T05:20:12Z	
5.11.166		2018-04-09T05:53:25Z	
5.11.167		2018-04-11T15:11:37Z	
5.11.168		2018-04-11T16:52:06Z	
5.11.169		2018-04-12T01:55:03Z	
5.11.17		2018-02-07T18:12:18Z	
5.11.170		2018-04-12T08:57:39Z	
5.11.171		2018-04-16T03:50:30Z	
5.11.172		2018-04-16T04:50:11Z	
5.11.173		2018-04-17T05:29:39Z	
5.11.174		2018-04-17T06:04:51Z	
5.11.175		2018-04-17T06:27:04Z	
5.11.176		2018-04-17T12:18:06Z	
5.11.177		2018-04-18T08:01:40Z	
5.11.178		2018-04-18T13:51:49Z	
5.11.179		2018-04-20T01:32:30Z	
5.11.18		2018-02-08T05:40:34Z	
5.11.180		2018-04-24T02:26:53Z	
5.11.181		2018-04-24T05:06:52Z	
5.11.182		2018-04-24T09:55:14Z	
5.11.183		2018-04-24T10:23:50Z	
5.11.184		2018-04-24T11:31:09Z	
5.11.185		2018-04-24T13:43:39Z	
5.11.186		2018-04-25T09:26:51Z	
5.11.187		2018-04-25T13:03:59Z	
5.11.188		2018-04-25T16:10:58Z	
5.11.189		2018-04-27T04:34:18Z	
5.11.19		2018-02-08T09:06:43Z	
5.11.190		2018-04-28T15:34:31Z	
5.11.191		2018-05-03T09:52:42Z	
5.11.192		2018-05-03T10:43:43Z	
5.11.193		2018-05-09T12:02:41Z	
5.11.194		2018-05-09T12:48:09Z	
5.11.195		2018-05-10T09:52:38Z	
5.11.196		2018-05-10T12:09:46Z	
5.11.197		2018-05-10T14:25:30Z	
5.11.198		2018-05-10T14:46:26Z	
5.11.199		2018-05-11T06:50:46Z	
5.11.2		2018-01-10T09:22:16Z	
5.11.20		2018-02-09T05:29:34Z	
5.11.200		2018-05-14T04:16:22Z	
5.11.201		2018-05-14T05:33:28Z	
5.11.202		2018-05-14T06:16:11Z	
5.11.203		2018-05-14T08:47:18Z	
5.11.204		2018-05-14T09:13:05Z	
5.11.205		2018-05-14T15:16:38Z	
5.11.206		2018-05-15T06:42:59Z	
5.11.207		2018-05-16T01:59:30Z	
5.11.208		2018-05-17T12:14:37Z	
5.11.209		2018-05-17T17:50:32Z	
5.11.21		2018-02-11T16:38:49Z	
5.11.210		2018-05-18T06:56:08Z	
5.11.211		2018-05-18T08:25:42Z	
5.11.212		2018-05-18T08:46:41Z	
5.11.213		2018-05-18T09:44:54Z	
5.11.214		2018-05-18T11:10:27Z	
5.11.215		2018-05-18T13:45:54Z	
5.11.216		2018-05-19T06:23:18Z	
5.11.217		2018-05-19T06:43:18Z	
5.11.218		2018-05-22T10:21:00Z	
5.11.219		2018-05-22T11:17:52Z	
5.11.22		2018-02-11T16:58:14Z	
5.11.220		2018-05-22T14:13:35Z	
5.11.221		2018-05-23T05:39:53Z	
5.11.222		2018-05-23T07:53:15Z	
5.11.223		2018-05-23T10:23:38Z	
5.11.224		2018-05-23T14:06:25Z	
5.11.225		2018-05-24T05:26:02Z	
5.11.226		2018-05-24T05:47:30Z	
5.11.227		2018-05-24T08:30:02Z	
5.11.228		2018-05-25T04:45:48Z	
5.11.229		2018-05-25T09:15:04Z	
5.11.23		2018-02-12T09:29:59Z	
5.11.230		2018-05-27T18:54:55Z	
5.11.231		2018-05-28T00:55:49Z	
5.11.232		2018-05-28T10:11:40Z	
5.11.233		2018-05-30T05:00:46Z	
5.11.234		2018-05-30T10:08:34Z	
5.11.235		2018-05-31T12:39:31Z	
5.11.236		2018-05-31T14:24:55Z	
5.11.237		2018-05-31T14:45:37Z	
5.11.238		2018-06-01T05:46:40Z	
5.11.239		2018-06-01T07:36:11Z	
5.11.24		2018-02-12T09:58:21Z	
5.11.240		2018-06-01T07:55:09Z	
5.11.241		2018-06-01T10:20:22Z	
5.11.242		2018-06-01T10:40:55Z	
5.11.243		2018-06-04T11:45:55Z	
5.11.244		2018-06-05T05:28:29Z	
5.11.245		2018-06-05T10:27:31Z	
5.11.246		2018-06-05T11:50:18Z	
5.11.247		2018-06-05T12:10:50Z	
5.11.248		2018-06-06T09:58:02Z	
5.11.249		2018-06-07T05:26:58Z	
5.11.25		2018-02-12T12:07:43Z	
5.11.250		2018-06-07T06:14:12Z	
5.11.251		2018-06-07T06:58:31Z	
5.11.252		2018-06-07T11:18:27Z	
5.11.253		2018-06-07T14:05:07Z	
5.11.254		2018-06-08T05:20:31Z	
5.11.255		2018-06-12T09:15:35Z	
5.11.256		2018-06-12T09:46:44Z	
5.11.256-23112018		2018-11-23T12:35:17Z	
5.11.257		2018-06-14T12:26:14Z	
5.11.258		2018-06-15T12:37:05Z	
5.11.259		2018-06-18T09:47:22Z	
5.11.26		2018-02-13T19:14:40Z	
5.11.260		2018-06-19T05:38:51Z	
5.11.261		2018-06-20T07:26:38Z	
5.11.262		2018-06-22T06:19:43Z	
5.11.263		2018-06-22T08:16:22Z	
5.11.27		2018-02-13T19:50:40Z	
5.11.28		2018-02-14T01:55:30Z	
5.11.29		2018-02-14T02:44:39Z	
5.11.3		2018-01-10T11:25:41Z	
5.11.30		2018-02-14T05:00:31Z	
5.11.31		2018-02-14T07:25:57Z	
5.11.32		2018-02-14T08:02:49Z	
5.11.33		2018-02-14T10:27:47Z	
5.11.34		2018-02-14T12:31:48Z	
5.11.35		2018-02-14T15:03:40Z	
5.11.36		2018-02-14T17:43:50Z	
5.11.37		2018-02-14T18:20:25Z	
5.11.38		2018-02-14T19:00:38Z	
5.11.39		2018-02-15T02:56:24Z	
5.11.4		2018-01-19T06:33:11Z	
5.11.40		2018-02-15T06:47:28Z	
5.11.41		2018-02-15T10:26:40Z	
5.11.42		2018-02-15T11:50:05Z	
5.11.43		2018-02-15T12:27:45Z	
5.11.44		2018-02-15T15:08:55Z	
5.11.45		2018-02-15T15:47:28Z	
5.11.47		2018-02-15T18:13:16Z	
5.11.48		2018-02-16T08:22:52Z	
5.11.49		2018-02-16T09:54:58Z	
5.11.5		2018-01-19T07:13:31Z	
5.11.50		2018-02-19T02:45:18Z	
5.11.51		2018-02-19T04:54:11Z	
5.11.52		2018-02-19T13:32:25Z	
5.11.53		2018-02-19T15:58:05Z	
5.11.54		2018-02-20T06:38:40Z	
5.11.55		2018-02-20T07:45:36Z	
5.11.56		2018-02-20T08:05:46Z	
5.11.57		2018-02-20T08:41:06Z	
5.11.58		2018-02-20T12:09:25Z	
5.11.59		2018-02-20T13:02:17Z	
5.11.6		2018-01-19T11:16:52Z	
5.11.60		2018-02-20T14:50:53Z	
5.11.61		2018-02-20T15:12:10Z	
5.11.62		2018-02-21T05:09:55Z	
5.11.63		2018-02-21T06:52:13Z	
5.11.64		2018-02-21T12:23:09Z	
5.11.65		2018-02-22T07:50:25Z	
5.11.66		2018-02-22T08:51:58Z	
5.11.67		2018-02-22T09:28:21Z	
5.11.68		2018-02-22T10:34:00Z	
5.11.69		2018-02-23T03:57:17Z	
5.11.7		2018-01-19T12:09:46Z	
5.11.70		2018-02-23T07:39:34Z	
5.11.71		2018-02-26T14:46:02Z	
5.11.72		2018-02-27T06:59:05Z	
5.11.73		2018-02-27T07:19:55Z	
5.11.74		2018-02-27T09:27:23Z	
5.11.75		2018-02-27T13:34:19Z	
5.11.76		2018-02-27T15:40:42Z	
5.11.77		2018-02-27T16:00:20Z	
5.11.78		2018-02-27T16:49:37Z	
5.11.79		2018-02-28T07:05:45Z	
5.11.8		2018-01-21T02:07:14Z	
5.11.80		2018-02-28T14:08:33Z	
5.11.81		2018-02-28T14:50:46Z	
5.11.82		2018-02-28T17:04:02Z	
5.11.83		2018-03-01T07:25:15Z	
5.11.84		2018-03-01T10:06:15Z	
5.11.85		2018-03-01T10:25:45Z	
5.11.86		2018-03-01T14:25:39Z	
5.11.87		2018-03-02T04:48:19Z	
5.11.88		2018-03-02T05:18:08Z	
5.11.89		2018-03-02T10:59:23Z	
5.11.9		2018-01-23T10:54:20Z	
5.11.90		2018-03-02T15:18:10Z	
5.11.91		2018-03-04T06:31:37Z	
5.11.92		2018-03-04T08:33:26Z	
5.11.93		2018-03-05T08:38:45Z	
5.11.94		2018-03-05T09:55:47Z	
5.11.95		2018-03-05T10:16:03Z	
5.11.96		2018-03-05T13:43:50Z	
5.11.97		2018-03-05T14:16:20Z	
5.11.98		2018-03-05T14:40:11Z	
5.11.99		2018-03-05T17:10:36Z	
5.12.0		2018-06-26T06:06:04Z	
5.12.1		2018-06-26T12:26:31Z	
5.12.10		2018-07-02T08:21:24Z	
5.12.100		2018-08-14T12:58:23Z	
5.12.101		2018-08-14T14:56:52Z	
5.12.102		2018-08-15T10:34:43Z	
5.12.103		2018-08-15T11:37:00Z	
5.12.104		2018-08-15T19:38:49Z	
5.12.105		2018-08-16T10:46:28Z	
5.12.106		2018-08-17T10:28:42Z	
5.12.107		2018-08-20T05:01:39Z	
5.12.108		2018-08-20T06:48:24Z	
5.12.109		2018-08-21T06:48:07Z	
5.12.11		2018-07-02T08:41:45Z	
5.12.110		2018-08-22T05:04:14Z	
5.12.111		2018-08-22T12:01:41Z	
5.12.112		2018-08-22T12:58:31Z	
5.12.113		2018-08-22T13:22:32Z	
5.12.114		2018-08-22T16:51:56Z	
5.12.115		2018-08-23T05:18:24Z	
5.12.116		2018-08-23T08:12:09Z	
5.12.117		2018-08-23T10:38:02Z	
5.12.118		2018-08-23T11:16:03Z	
5.12.119		2018-08-27T09:13:43Z	
5.12.12		2018-07-02T11:08:30Z	
5.12.120		2018-08-28T04:01:37Z	
5.12.121		2018-08-28T06:22:41Z	
5.12.122		2018-08-28T09:41:41Z	
5.12.123		2018-08-29T04:22:41Z	
5.12.124		2018-08-29T04:43:32Z	
5.12.125		2018-08-29T16:09:02Z	
5.12.126		2018-08-31T08:39:22Z	
5.12.127		2018-09-03T08:49:24Z	
5.12.128		2018-09-03T09:14:52Z	
5.12.129		2018-09-03T09:36:47Z	
5.12.13		2018-07-02T11:29:11Z	
5.12.130		2018-09-03T11:59:53Z	
5.12.131		2018-09-03T14:01:38Z	
5.12.132		2018-09-03T14:20:42Z	
5.12.133		2018-09-03T14:52:53Z	
5.12.134		2018-09-03T16:30:57Z	
5.12.135		2018-09-04T07:27:46Z	
5.12.136		2018-09-04T13:22:23Z	
5.12.137		2018-09-04T16:43:10Z	
5.12.138		2018-09-05T05:23:10Z	
5.12.139		2018-09-05T10:15:51Z	
5.12.14		2018-07-02T13:03:21Z	
5.12.140		2018-09-05T12:06:56Z	
5.12.141		2018-09-06T01:56:00Z	
5.12.142		2018-09-07T06:39:52Z	
5.12.143		2018-09-07T09:28:10Z	
5.12.144		2018-09-07T11:28:59Z	
5.12.145		2018-09-07T13:25:08Z	
5.12.146		2018-09-07T13:49:44Z	
5.12.147		2018-09-10T14:54:10Z	
5.12.148		2018-09-10T16:10:32Z	
5.12.149		2018-09-10T16:47:49Z	
5.12.15		2018-07-03T04:11:52Z	
5.12.150		2018-09-10T18:06:18Z	
5.12.151		2018-09-11T06:09:46Z	
5.12.152		2018-09-11T14:49:09Z	
5.12.153		2018-09-12T05:04:25Z	
5.12.154		2018-09-18T08:54:56Z	
5.12.155		2018-09-20T05:04:21Z	
5.12.156		2018-09-20T06:11:00Z	
5.12.157		2018-09-20T12:15:46Z	
5.12.158		2018-09-21T05:33:12Z	
5.12.159		2018-09-26T16:27:22Z	
5.12.16		2018-07-03T06:23:43Z	
5.12.160		2018-09-27T13:10:50Z	
5.12.161		2018-09-27T17:24:52Z	
5.12.162		2018-09-28T06:12:29Z	
5.12.163		2018-09-30T15:50:28Z	
5.12.164		2018-09-30T16:12:10Z	
5.12.165		2018-10-01T16:59:31Z	
5.12.166		2018-10-04T06:59:31Z	
5.12.167		2018-10-08T06:07:05Z	
5.12.168		2018-10-08T07:15:09Z	
5.12.169		2018-10-11T10:28:36Z	
5.12.17		2018-07-03T12:14:24Z	
5.12.170		2018-10-12T04:47:32Z	
5.12.171		2018-10-12T12:53:25Z	
5.12.172		2018-10-16T05:12:06Z	
5.12.173		2018-10-17T15:16:47Z	
5.12.174		2018-10-18T13:41:18Z	
5.12.175		2018-10-18T14:13:24Z	
5.12.176		2018-10-18T17:52:14Z	
5.12.177		2018-10-19T05:26:15Z	
5.12.178		2018-10-19T06:48:15Z	
5.12.179		2018-10-19T09:37:31Z	
5.12.18		2018-07-04T20:01:00Z	
5.12.180		2018-10-22T18:52:59Z	
5.12.181		2018-10-23T06:00:34Z	
5.12.182		2018-10-23T11:58:06Z	
5.12.183		2018-10-25T10:28:39Z	
5.12.184		2018-10-26T06:31:09Z	
5.12.185		2018-10-26T10:34:43Z	
5.12.186		2018-10-27T12:45:59Z	
5.12.187		2018-10-27T13:16:42Z	
5.12.188		2018-10-29T07:14:27Z	
5.12.189		2018-10-29T08:45:42Z	
5.12.19		2018-07-05T05:09:44Z	
5.12.190		2018-10-31T05:08:52Z	
5.12.191		2018-11-01T05:25:37Z	
5.12.192		2018-11-01T07:51:04Z	
5.12.193		2018-11-01T09:08:12Z	
5.12.194		2018-11-02T06:44:15Z	
5.12.195		2018-11-02T08:58:07Z	
5.12.196		2018-11-02T10:24:56Z	
5.12.197		2018-11-06T08:35:49Z	
5.12.198		2018-11-07T07:28:14Z	
5.12.199		2018-11-09T04:20:58Z	
5.12.2		2018-06-28T02:11:48Z	
5.12.20		2018-07-05T05:50:52Z	
5.12.200		2018-11-09T04:56:52Z	
5.12.201		2018-11-16T04:46:45Z	
5.12.202		2018-11-16T07:22:30Z	
5.12.203		2018-11-16T12:39:02Z	
5.12.204		2018-11-16T21:09:30Z	
5.12.205		2018-11-20T03:28:40Z	
5.12.206		2018-11-21T07:18:35Z	
5.12.207		2018-11-26T09:06:37Z	
5.12.208		2018-11-27T04:59:25Z	
5.12.209		2018-11-27T12:02:06Z	
5.12.21		2018-07-05T07:12:48Z	
5.12.210		2018-11-27T12:32:35Z	
5.12.211		2018-11-27T13:06:17Z	
5.12.212		2018-11-27T14:04:40Z	
5.12.213		2018-11-28T10:26:01Z	
5.12.214		2018-11-29T06:32:22Z	
5.12.215		2018-11-29T09:49:59Z	
5.12.216		2018-12-01T02:14:49Z	
5.12.217		2018-12-04T07:02:36Z	
5.12.218		2018-12-05T10:31:28Z	
5.12.219		2018-12-05T15:31:01Z	
5.12.22		2018-07-09T07:21:16Z	
5.12.220		2018-12-06T06:37:22Z	
5.12.221		2018-12-06T07:31:52Z	
5.12.222		2018-12-06T17:36:57Z	
5.12.223		2018-12-10T07:18:25Z	
5.12.224		2018-12-10T08:39:34Z	
5.12.225		2018-12-11T05:16:50Z	
5.12.226		2018-12-11T10:13:51Z	
5.12.227		2018-12-12T08:35:58Z	
5.12.228		2018-12-12T10:58:23Z	
5.12.229		2018-12-13T05:01:17Z	
5.12.23		2018-07-09T10:11:21Z	
5.12.230		2018-12-13T12:08:28Z	
5.12.231		2018-12-13T12:42:36Z	
5.12.232		2018-12-14T09:17:21Z	
5.12.233		2018-12-14T09:49:02Z	
5.12.234		2018-12-15T15:39:50Z	
5.12.235		2018-12-17T04:13:00Z	
5.12.236		2018-12-18T09:04:39Z	
5.12.237		2018-12-20T04:52:26Z	
5.12.238		2018-12-21T10:55:36Z	
5.12.239		2018-12-28T04:48:29Z	
5.12.24		2018-07-10T09:27:20Z	
5.12.240		2019-01-02T13:06:43Z	
5.12.241		2019-01-03T08:50:49Z	
5.12.242		2019-01-03T12:20:39Z	
5.12.243		2019-01-10T04:34:19Z	
5.12.244		2019-01-10T09:20:53Z	
5.12.245		2019-01-14T11:29:04Z	
5.12.246		2019-01-17T12:05:06Z	
5.12.247		2019-01-17T12:43:38Z	
5.12.248		2019-01-18T13:05:06Z	
5.12.249		2019-01-18T16:53:21Z	
5.12.25		2018-07-10T15:57:59Z	
5.12.250		2019-01-21T04:22:00Z	
5.12.251		2019-01-21T09:22:42Z	
5.12.252		2019-01-24T14:30:36Z	
5.12.253		2019-01-25T11:36:42Z	
5.12.254		2019-01-26T06:43:53Z	
5.12.255		2019-01-28T12:04:13Z	
5.12.256		2019-01-30T09:41:28Z	
5.12.257		2019-01-30T16:44:26Z	
5.12.258		2019-02-01T07:41:25Z	
5.12.259		2019-02-05T05:39:16Z	
5.12.26		2018-07-11T08:25:53Z	
5.12.260		2019-02-07T11:20:57Z	
5.12.261		2019-02-11T11:06:59Z	
5.12.262		2019-02-13T07:09:56Z	
5.12.263		2019-02-14T10:53:06Z	
5.12.264		2019-02-15T12:56:37Z	
5.12.265		2019-02-21T08:53:35Z	
5.12.266		2019-02-25T04:25:52Z	
5.12.267		2019-02-27T13:57:12Z	
5.12.268		2019-02-28T04:59:56Z	
5.12.269		2019-03-01T06:30:47Z	
5.12.27		2018-07-12T07:36:29Z	
5.12.270		2019-03-04T08:46:20Z	
5.12.271		2019-03-04T13:58:38Z	
5.12.272		2019-03-05T05:48:36Z	
5.12.273		2019-03-05T07:15:40Z	
5.12.274		2019-03-05T08:33:17Z	
5.12.275		2019-03-05T09:44:24Z	
5.12.276		2019-03-06T12:53:46Z	
5.12.277		2019-03-06T13:35:01Z	
5.12.278		2019-03-07T08:37:52Z	
5.12.279		2019-03-07T11:33:17Z	
5.12.28		2018-07-12T17:57:19Z	
5.12.280		2019-03-08T04:30:34Z	
5.12.281		2019-03-08T05:10:24Z	
5.12.282		2019-03-08T10:09:21Z	
5.12.283		2019-03-08T11:54:19Z	
5.12.284		2019-03-10T17:41:14Z	
5.12.285		2019-03-11T04:39:43Z	
5.12.286		2019-03-11T07:17:38Z	
5.12.287		2019-03-11T12:00:33Z	
5.12.288		2019-03-12T09:28:04Z	
5.12.289		2019-03-12T10:55:18Z	
5.12.29		2018-07-13T05:09:14Z	
5.12.290		2019-03-12T14:39:55Z	
5.12.291		2019-03-13T04:46:03Z	
5.12.292		2019-03-13T06:58:28Z	
5.12.293		2019-03-13T08:15:49Z	
5.12.294		2019-03-14T07:18:20Z	
5.12.295		2019-03-14T17:33:52Z	
5.12.296		2019-03-15T04:38:47Z	
5.12.297		2019-03-17T17:25:49Z	
5.12.298		2019-03-18T11:42:51Z	
5.12.299		2019-03-18T12:23:44Z	
5.12.3		2018-06-28T06:10:34Z	
5.12.30		2018-07-13T07:45:06Z	
5.12.300		2019-03-18T13:58:17Z	
5.12.301		2019-03-19T04:12:02Z	
5.12.302		2019-03-19T10:22:09Z	
5.12.303		2019-03-19T12:50:08Z	
5.12.304		2019-03-21T01:41:23Z	
5.12.305		2019-03-22T10:51:38Z	
5.12.306		2019-03-22T12:09:31Z	
5.12.307		2019-03-22T13:37:56Z	
5.12.308		2019-03-22T14:57:43Z	
5.12.309		2019-03-23T05:11:32Z	
5.12.31		2018-07-13T09:25:20Z	
5.12.310		2019-03-23T07:22:12Z	
5.12.311		2019-03-25T07:23:55Z	
5.12.312		2019-03-25T08:09:42Z	
5.12.313		2019-03-26T07:03:20Z	
5.12.314		2019-03-26T09:15:21Z	
5.12.315		2019-03-26T10:40:42Z	
5.12.316		2019-03-26T11:35:09Z	
5.12.317		2019-03-27T07:18:13Z	
5.12.318		2019-03-27T12:14:20Z	
5.12.319		2019-03-27T13:31:12Z	
5.12.32		2018-07-13T13:09:32Z	
5.12.320		2019-03-28T06:18:28Z	
5.12.321		2019-03-28T10:00:49Z	
5.12.322		2019-03-29T04:45:38Z	
5.12.323		2019-03-29T06:42:51Z	
5.12.324		2019-03-29T09:42:40Z	
5.12.325		2019-03-29T10:26:43Z	
5.12.326		2019-04-01T06:40:01Z	
5.12.327		2019-04-01T09:53:21Z	
5.12.328		2019-04-01T10:33:10Z	
5.12.329		2019-04-01T12:16:54Z	
5.12.33		2018-07-13T16:59:54Z	
5.12.330		2019-04-01T16:29:06Z	
5.12.331		2019-04-03T04:30:05Z	
5.12.332		2019-04-03T06:39:12Z	
5.12.333		2019-04-04T08:59:17Z	
5.12.334		2019-04-04T11:41:40Z	
5.12.335		2019-04-04T14:50:10Z	
5.12.336		2019-04-05T10:18:42Z	
5.12.337		2019-04-05T13:33:51Z	
5.12.338		2019-04-07T05:09:22Z	
5.12.339		2019-04-08T09:35:40Z	
5.12.34		2018-07-15T13:57:23Z	
5.12.340		2019-04-08T12:11:03Z	
5.12.341		2019-04-09T09:03:33Z	
5.12.342		2019-04-09T09:49:26Z	
5.12.343		2019-04-09T11:56:58Z	
5.12.344		2019-04-09T13:37:46Z	
5.12.345		2019-04-09T14:40:23Z	
5.12.346		2019-04-09T16:37:54Z	
5.12.347		2019-04-09T18:13:04Z	
5.12.348		2019-04-10T09:49:45Z	
5.12.349		2019-04-10T11:15:10Z	
5.12.35		2018-07-16T06:42:56Z	
5.12.350		2019-04-10T14:15:42Z	
5.12.351		2019-04-10T18:15:59Z	
5.12.352		2019-04-11T05:28:30Z	
5.12.353		2019-04-11T08:32:12Z	
5.12.354		2019-04-11T12:18:16Z	
5.12.355		2019-04-16T15:22:52Z	
5.12.356		2019-04-17T04:14:29Z	
5.12.357		2019-04-18T04:10:44Z	
5.12.358		2019-04-18T05:59:19Z	
5.12.359		2019-04-19T20:20:45Z	
5.12.36		2018-07-16T11:32:44Z	
5.12.360		2019-04-22T03:28:46Z	
5.12.361		2019-04-22T04:03:32Z	
5.12.362		2019-04-22T05:49:59Z	
5.12.363		2019-04-22T13:11:44Z	
5.12.364		2019-04-22T14:52:52Z	
5.12.365		2019-04-23T05:54:53Z	
5.12.366		2019-04-23T08:37:34Z	
5.12.367		2019-04-24T08:21:38Z	
5.12.368		2019-04-25T05:15:25Z	
5.12.369		2019-04-26T11:17:51Z	
5.12.37		2018-07-16T12:49:10Z	
5.12.370		2019-04-26T12:50:28Z	
5.12.371		2019-04-29T10:09:03Z	
5.12.372		2019-05-01T08:13:01Z	
5.12.373		2019-05-02T19:15:59Z	
5.12.374		2019-05-07T02:04:03Z	
5.12.375		2019-05-07T05:40:38Z	
5.12.376		2019-05-07T12:24:41Z	
5.12.377		2019-05-07T19:14:22Z	
5.12.378		2019-05-08T09:57:16Z	
5.12.379		2019-05-08T17:12:29Z	
5.12.38		2018-07-16T13:23:59Z	
5.12.380		2019-05-09T04:55:58Z	
5.12.381		2019-05-09T06:02:54Z	
5.12.382		2019-05-09T08:01:12Z	
5.12.383		2019-05-09T13:14:27Z	
5.12.384		2019-05-09T16:39:11Z	
5.12.385		2019-05-11T20:35:32Z	
5.12.386		2019-05-12T11:58:58Z	
5.12.387		2019-05-13T06:51:23Z	
5.12.388		2019-05-17T19:59:37Z	
5.12.389		2019-05-21T13:17:32Z	
5.12.39		2018-07-16T13:42:06Z	
5.12.390		2019-05-23T07:32:00Z	
5.12.391		2019-05-24T13:16:57Z	
5.12.392		2019-05-28T05:44:52Z	
5.12.393		2019-05-29T09:35:15Z	
5.12.394		2019-05-29T12:37:21Z	
5.12.395		2019-05-30T15:25:00Z	
5.12.396		2019-06-04T06:24:14Z	
5.12.397		2019-06-04T08:31:16Z	
5.12.398		2019-06-11T02:13:50Z	
5.12.399			IOException: Tail request on https://maven-central.storage-download.googleapis.com/maven2/org/wso2/carbon/identity/framework/org.wso2.carbon.identity.user.store.configuration.ui/5.12.399/org.wso2.carbon.identity.user.store.configuration.ui-5.12.399.jar returned status 404
5.12.4		2018-06-29T06:44:28Z	
5.12.40		2018-07-16T14:16:54Z	
5.12.400			IOException: Tail request on https://maven-central.storage-download.googleapis.com/maven2/org/wso2/carbon/identity/framework/org.wso2.carbon.identity.user.store.configuration.ui/5.12.400/org.wso2.carbon.identity.user.store.configuration.ui-5.12.400.jar returned status 404
5.12.401			IOException: Tail request on https://maven-central.storage-download.googleapis.com/maven2/org/wso2/carbon/identity/framework/org.wso2.carbon.identity.user.store.configuration.ui/5.12.401/org.wso2.carbon.identity.user.store.configuration.ui-5.12.401.jar returned status 404
5.12.402			IOException: Tail request on https://maven-central.storage-download.googleapis.com/maven2/org/wso2/carbon/identity/framework/org.wso2.carbon.identity.user.store.configuration.ui/5.12.402/org.wso2.carbon.identity.user.store.configuration.ui-5.12.402.jar returned status 404
5.12.403			IOException: Tail request on https://maven-central.storage-download.googleapis.com/maven2/org/wso2/carbon/identity/framework/org.wso2.carbon.identity.user.store.configuration.ui/5.12.403/org.wso2.carbon.identity.user.store.configuration.ui-5.12.403.jar returned status 404
5.12.404			IOException: Tail request on https://maven-central.storage-download.googleapis.com/maven2/org/wso2/carbon/identity/framework/org.wso2.carbon.identity.user.store.configuration.ui/5.12.404/org.wso2.carbon.identity.user.store.configuration.ui-5.12.404.jar returned status 404
5.12.41		2018-07-16T14:45:40Z	
5.12.42		2018-07-16T15:02:58Z	
5.12.43		2018-07-16T16:19:40Z	
5.12.44		2018-07-16T17:20:48Z	
5.12.45		2018-07-16T18:11:01Z	
5.12.46		2018-07-17T06:36:11Z	
5.12.47		2018-07-17T07:22:24Z	
5.12.48		2018-07-17T08:06:17Z	
5.12.49		2018-07-17T09:42:29Z	
5.12.5		2018-06-29T09:55:17Z	
5.12.51		2018-07-19T07:29:29Z	
5.12.52		2018-07-20T08:26:01Z	
5.12.53		2018-07-22T13:06:51Z	
5.12.54		2018-07-23T04:57:44Z	
5.12.55		2018-07-23T05:20:17Z	
5.12.56		2018-07-23T16:45:02Z	
5.12.57		2018-07-24T04:59:43Z	
5.12.58		2018-07-24T05:30:06Z	
5.12.59		2018-07-24T05:51:52Z	
5.12.6		2018-06-29T12:21:13Z	
5.12.60		2018-07-24T09:14:54Z	
5.12.61		2018-07-24T14:17:39Z	
5.12.62		2018-07-25T05:59:29Z	
5.12.63		2018-07-25T06:27:11Z	
5.12.64		2018-07-25T12:13:53Z	
5.12.65		2018-07-25T13:58:00Z	
5.12.66		2018-07-25T14:17:52Z	
5.12.67		2018-07-26T07:38:53Z	
5.12.68		2018-07-26T08:10:56Z	
5.12.69		2018-07-26T08:52:41Z	
5.12.7		2018-07-02T04:40:59Z	
5.12.70		2018-07-26T09:33:49Z	
5.12.71		2018-07-26T12:22:56Z	
5.12.72		2018-07-26T13:03:35Z	
5.12.73		2018-07-27T19:35:36Z	
5.12.74		2018-07-30T04:42:24Z	
5.12.75		2018-07-30T05:02:46Z	
5.12.76		2018-07-31T04:31:08Z	
5.12.77		2018-07-31T06:07:32Z	
5.12.78		2018-07-31T14:16:22Z	
5.12.79		2018-07-31T15:48:47Z	
5.12.8		2018-07-02T05:11:58Z	
5.12.80		2018-08-01T02:18:04Z	
5.12.81		2018-08-01T06:08:28Z	
5.12.82		2018-08-01T14:27:37Z	
5.12.83		2018-08-01T16:17:04Z	
5.12.84		2018-08-01T17:12:10Z	
5.12.85		2018-08-02T07:25:09Z	
5.12.86		2018-08-02T09:51:56Z	
5.12.87		2018-08-02T10:22:33Z	
5.12.88		2018-08-02T12:38:24Z	
5.12.89		2018-08-02T16:16:14Z	
5.12.9		2018-07-02T05:41:02Z	
5.12.90		2018-08-04T01:53:58Z	
5.12.91		2018-08-06T14:36:42Z	
5.12.92		2018-08-06T16:52:56Z	
5.12.93		2018-08-08T15:54:38Z	
5.12.94		2018-08-08T19:12:43Z	
5.12.95		2018-08-09T08:36:59Z	
5.12.96		2018-08-09T09:13:01Z	
5.12.97		2018-08-09T10:05:30Z	
5.12.98		2018-08-09T11:37:25Z	
5.12.99		2018-08-13T09:32:48Z	
5.13.0			IOException: Tail request on https://maven-central.storage-download.googleapis.com/maven2/org/wso2/carbon/identity/framework/org.wso2.carbon.identity.user.store.configuration.ui/5.13.0/org.wso2.carbon.identity.user.store.configuration.ui-5.13.0.jar returned status 404
5.13.1			IOException: Tail request on https://maven-central.storage-download.googleapis.com/maven2/org/wso2/carbon/identity/framework/org.wso2.carbon.identity.user.store.configuration.ui/5.13.1/org.wso2.carbon.identity.user.store.configuration.ui-5.13.1.jar returned status 404
5.13.10			IOException: Tail request on https://maven-central.storage-download.googleapis.com/maven2/org/wso2/carbon/identity/framework/org.wso2.carbon.identity.user.store.configuration.ui/5.13.10/org.wso2.carbon.identity.user.store.configuration.ui-5.13.10.jar returned status 404
5.13.11			IOException: Tail request on https://maven-central.storage-download.googleapis.com/maven2/org/wso2/carbon/identity/framework/org.wso2.carbon.identity.user.store.configuration.ui/5.13.11/org.wso2.carbon.identity.user.store.configuration.ui-5.13.11.jar returned status 404
5.13.12			IOException: Tail request on https://maven-central.storage-download.googleapis.com/maven2/org/wso2/carbon/identity/framework/org.wso2.carbon.identity.user.store.configuration.ui/5.13.12/org.wso2.carbon.identity.user.store.configuration.ui-5.13.12.jar returned status 404
5.13.13			IOException: Tail request on https://maven-central.storage-download.googleapis.com/maven2/org/wso2/carbon/identity/framework/org.wso2.carbon.identity.user.store.configuration.ui/5.13.13/org.wso2.carbon.identity.user.store.configuration.ui-5.13.13.jar returned status 404
5.13.14			IOException: Tail request on https://maven-central.storage-download.googleapis.com/maven2/org/wso2/carbon/identity/framework/org.wso2.carbon.identity.user.store.configuration.ui/5.13.14/org.wso2.carbon.identity.user.store.configuration.ui-5.13.14.jar returned status 404
5.13.15			IOException: Tail request on https://maven-central.storage-download.googleapis.com/maven2/org/wso2/carbon/identity/framework/org.wso2.carbon.identity.user.store.configuration.ui/5.13.15/org.wso2.carbon.identity.user.store.configuration.ui-5.13.15.jar returned status 404
5.13.16			IOException: Tail request on https://maven-central.storage-download.googleapis.com/maven2/org/wso2/carbon/identity/framework/org.wso2.carbon.identity.user.store.configuration.ui/5.13.16/org.wso2.carbon.identity.user.store.configuration.ui-5.13.16.jar returned status 404
5.13.17			IOException: Tail request on https://maven-central.storage-download.googleapis.com/maven2/org/wso2/carbon/identity/framework/org.wso2.carbon.identity.user.store.configuration.ui/5.13.17/org.wso2.carbon.identity.user.store.configuration.ui-5.13.17.jar returned status 404
5.13.18			IOException: Tail request on https://maven-central.storage-download.googleapis.com/maven2/org/wso2/carbon/identity/framework/org.wso2.carbon.identity.user.store.configuration.ui/5.13.18/org.wso2.carbon.identity.user.store.configuration.ui-5.13.18.jar returned status 404
5.13.19			IOException: Tail request on https://maven-central.storage-download.googleapis.com/maven2/org/wso2/carbon/identity/framework/org.wso2.carbon.identity.user.store.configuration.ui/5.13.19/org.wso2.carbon.identity.user.store.configuration.ui-5.13.19.jar returned status 404
5.13.2			IOException: Tail request on https://maven-central.storage-download.googleapis.com/maven2/org/wso2/carbon/identity/framework/org.wso2.carbon.identity.user.store.configuration.ui/5.13.2/org.wso2.carbon.identity.user.store.configuration.ui-5.13.2.jar returned status 404
5.13.20			IOException: Tail request on https://maven-central.storage-download.googleapis.com/maven2/org/wso2/carbon/identity/framework/org.wso2.carbon.identity.user.store.configuration.ui/5.13.20/org.wso2.carbon.identity.user.store.configuration.ui-5.13.20.jar returned status 404
5.13.21			IOException: Tail request on https://maven-central.storage-download.googleapis.com/maven2/org/wso2/carbon/identity/framework/org.wso2.carbon.identity.user.store.configuration.ui/5.13.21/org.wso2.carbon.identity.user.store.configuration.ui-5.13.21.jar returned status 404
5.13.22			IOException: Tail request on https://maven-central.storage-download.googleapis.com/maven2/org/wso2/carbon/identity/framework/org.wso2.carbon.identity.user.store.configuration.ui/5.13.22/org.wso2.carbon.identity.user.store.configuration.ui-5.13.22.jar returned status 404
5.13.23			IOException: Tail request on https://maven-central.storage-download.googleapis.com/maven2/org/wso2/carbon/identity/framework/org.wso2.carbon.identity.user.store.configuration.ui/5.13.23/org.wso2.carbon.identity.user.store.configuration.ui-5.13.23.jar returned status 404
5.13.24			IOException: Tail request on https://maven-central.storage-download.googleapis.com/maven2/org/wso2/carbon/identity/framework/org.wso2.carbon.identity.user.store.configuration.ui/5.13.24/org.wso2.carbon.identity.user.store.configuration.ui-5.13.24.jar returned status 404
5.13.25			IOException: Tail request on https://maven-central.storage-download.googleapis.com/maven2/org/wso2/carbon/identity/framework/org.wso2.carbon.identity.user.store.configuration.ui/5.13.25/org.wso2.carbon.identity.user.store.configuration.ui-5.13.25.jar returned status 404
5.13.26			IOException: Tail request on https://maven-central.storage-download.googleapis.com/maven2/org/wso2/carbon/identity/framework/org.wso2.carbon.identity.user.store.configuration.ui/5.13.26/org.wso2.carbon.identity.user.store.configuration.ui-5.13.26.jar returned status 404
5.13.27			IOException: Tail request on https://maven-central.storage-download.googleapis.com/maven2/org/wso2/carbon/identity/framework/org.wso2.carbon.identity.user.store.configuration.ui/5.13.27/org.wso2.carbon.identity.user.store.configuration.ui-5.13.27.jar returned status 404
5.13.28			IOException: Tail request on https://maven-central.storage-download.googleapis.com/maven2/org/wso2/carbon/identity/framework/org.wso2.carbon.identity.user.store.configuration.ui/5.13.28/org.wso2.carbon.identity.user.store.configuration.ui-5.13.28.jar returned status 404
5.13.29			IOException: Tail request on https://maven-central.storage-download.googleapis.com/maven2/org/wso2/carbon/identity/framework/org.wso2.carbon.identity.user.store.configuration.ui/5.13.29/org.wso2.carbon.identity.user.store.configuration.ui-5.13.29.jar returned status 404
5.13.3			IOException: Tail request on https://maven-central.storage-download.googleapis.com/maven2/org/wso2/carbon/identity/framework/org.wso2.carbon.identity.user.store.configuration.ui/5.13.3/org.wso2.carbon.identity.user.store.configuration.ui-5.13.3.jar returned status 404
5.13.30			IOException: Tail request on https://maven-central.storage-download.googleapis.com/maven2/org/wso2/carbon/identity/framework/org.wso2.carbon.identity.user.store.configuration.ui/5.13.30/org.wso2.carbon.identity.user.store.configuration.ui-5.13.30.jar returned status 404
5.13.31			IOException: Tail request on https://maven-central.storage-download.googleapis.com/maven2/org/wso2/carbon/identity/framework/org.wso2.carbon.identity.user.store.configuration.ui/5.13.31/org.wso2.carbon.identity.user.store.configuration.ui-5.13.31.jar returned status 404
5.13.32			IOException: Tail request on https://maven-central.storage-download.googleapis.com/maven2/org/wso2/carbon/identity/framework/org.wso2.carbon.identity.user.store.configuration.ui/5.13.32/org.wso2.carbon.identity.user.store.configuration.ui-5.13.32.jar returned status 404
5.13.33			IOException: Tail request on https://maven-central.storage-download.googleapis.com/maven2/org/wso2/carbon/identity/framework/org.wso2.carbon.identity.user.store.configuration.ui/5.13.33/org.wso2.carbon.identity.user.store.configuration.ui-5.13.33.jar returned status 404
5.13.34			IOException: Tail request on https://maven-central.storage-download.googleapis.com/maven2/org/wso2/carbon/identity/framework/org.wso2.carbon.identity.user.store.configuration.ui/5.13.34/org.wso2.carbon.identity.user.store.configuration.ui-5.13.34.jar returned status 404
5.13.35			IOException: Tail request on https://maven-central.storage-download.googleapis.com/maven2/org/wso2/carbon/identity/framework/org.wso2.carbon.identity.user.store.configuration.ui/5.13.35/org.wso2.carbon.identity.user.store.configuration.ui-5.13.35.jar returned status 404
5.13.36			IOException: Tail request on https://maven-central.storage-download.googleapis.com/maven2/org/wso2/carbon/identity/framework/org.wso2.carbon.identity.user.store.configuration.ui/5.13.36/org.wso2.carbon.identity.user.store.configuration.ui-5.13.36.jar returned status 404
5.13.37			IOException: Tail request on https://maven-central.storage-download.googleapis.com/maven2/org/wso2/carbon/identity/framework/org.wso2.carbon.identity.user.store.configuration.ui/5.13.37/org.wso2.carbon.identity.user.store.configuration.ui-5.13.37.jar returned status 404
5.13.38			IOException: Tail request on https://maven-central.storage-download.googleapis.com/maven2/org/wso2/carbon/identity/framework/org.wso2.carbon.identity.user.store.configuration.ui/5.13.38/org.wso2.carbon.identity.user.store.configuration.ui-5.13.38.jar returned status 404
5.13.39			IOException: Tail request on https://maven-central.storage-download.googleapis.com/maven2/org/wso2/carbon/identity/framework/org.wso2.carbon.identity.user.store.configuration.ui/5.13.39/org.wso2.carbon.identity.user.store.configuration.ui-5.13.39.jar returned status 404
5.13.4			IOException: Tail request on https://maven-central.storage-download.googleapis.com/maven2/org/wso2/carbon/identity/framework/org.wso2.carbon.identity.user.store.configuration.ui/5.13.4/org.wso2.carbon.identity.user.store.configuration.ui-5.13.4.jar returned status 404
5.13.40			IOException: Tail request on https://maven-central.storage-download.googleapis.com/maven2/org/wso2/carbon/identity/framework/org.wso2.carbon.identity.user.store.configuration.ui/5.13.40/org.wso2.carbon.identity.user.store.configuration.ui-5.13.40.jar returned status 404
5.13.41			IOException: Tail request on https://maven-central.storage-download.googleapis.com/maven2/org/wso2/carbon/identity/framework/org.wso2.carbon.identity.user.store.configuration.ui/5.13.41/org.wso2.carbon.identity.user.store.configuration.ui-5.13.41.jar returned status 404
5.13.42			IOException: Tail request on https://maven-central.storage-download.googleapis.com/maven2/org/wso2/carbon/identity/framework/org.wso2.carbon.identity.user.store.configuration.ui/5.13.42/org.wso2.carbon.identity.user.store.configuration.ui-5.13.42.jar returned status 404
5.13.43			IOException: Tail request on https://maven-central.storage-download.googleapis.com/maven2/org/wso2/carbon/identity/framework/org.wso2.carbon.identity.user.store.configuration.ui/5.13.43/org.wso2.carbon.identity.user.store.configuration.ui-5.13.43.jar returned status 404
5.13.44			IOException: Tail request on https://maven-central.storage-download.googleapis.com/maven2/org/wso2/carbon/identity/framework/org.wso2.carbon.identity.user.store.configuration.ui/5.13.44/org.wso2.carbon.identity.user.store.configuration.ui-5.13.44.jar returned status 404
5.13.45			IOException: Tail request on https://maven-central.storage-download.googleapis.com/maven2/org/wso2/carbon/identity/framework/org.wso2.carbon.identity.user.store.configuration.ui/5.13.45/org.wso2.carbon.identity.user.store.configuration.ui-5.13.45.jar returned status 404
5.13.46			IOException: Tail request on https://maven-central.storage-download.googleapis.com/maven2/org/wso2/carbon/identity/framework/org.wso2.carbon.identity.user.store.configuration.ui/5.13.46/org.wso2.carbon.identity.user.store.configuration.ui-5.13.46.jar returned status 404
5.13.47			IOException: Tail request on https://maven-central.storage-download.googleapis.com/maven2/org/wso2/carbon/identity/framework/org.wso2.carbon.identity.user.store.configuration.ui/5.13.47/org.wso2.carbon.identity.user.store.configuration.ui-5.13.47.jar returned status 404
5.13.48			IOException: Tail request on https://maven-central.storage-download.googleapis.com/maven2/org/wso2/carbon/identity/framework/org.wso2.carbon.identity.user.store.configuration.ui/5.13.48/org.wso2.carbon.identity.user.store.configuration.ui-5.13.48.jar returned status 404
5.13.49			IOException: Tail request on https://maven-central.storage-download.googleapis.com/maven2/org/wso2/carbon/identity/framework/org.wso2.carbon.identity.user.store.configuration.ui/5.13.49/org.wso2.carbon.identity.user.store.configuration.ui-5.13.49.jar returned status 404
5.13.5			IOException: Tail request on https://maven-central.storage-download.googleapis.com/maven2/org/wso2/carbon/identity/framework/org.wso2.carbon.identity.user.store.configuration.ui/5.13.5/org.wso2.carbon.identity.user.store.configuration.ui-5.13.5.jar returned status 404
5.13.50			IOException: Tail request on https://maven-central.storage-download.googleapis.com/maven2/org/wso2/carbon/identity/framework/org.wso2.carbon.identity.user.store.configuration.ui/5.13.50/org.wso2.carbon.identity.user.store.configuration.ui-5.13.50.jar returned status 404
5.13.51			IOException: Tail request on https://maven-central.storage-download.googleapis.com/maven2/org/wso2/carbon/identity/framework/org.wso2.carbon.identity.user.store.configuration.ui/5.13.51/org.wso2.carbon.identity.user.store.configuration.ui-5.13.51.jar returned status 404
5.13.52			IOException: Tail request on https://maven-central.storage-download.googleapis.com/maven2/org/wso2/carbon/identity/framework/org.wso2.carbon.identity.user.store.configuration.ui/5.13.52/org.wso2.carbon.identity.user.store.configuration.ui-5.13.52.jar returned status 404
5.13.53			IOException: Tail request on https://maven-central.storage-download.googleapis.com/maven2/org/wso2/carbon/identity/framework/org.wso2.carbon.identity.user.store.configuration.ui/5.13.53/org.wso2.carbon.identity.user.store.configuration.ui-5.13.53.jar returned status 404
5.13.54			IOException: Tail request on https://maven-central.storage-download.googleapis.com/maven2/org/wso2/carbon/identity/framework/org.wso2.carbon.identity.user.store.configuration.ui/5.13.54/org.wso2.carbon.identity.user.store.configuration.ui-5.13.54.jar returned status 404
5.13.55			IOException: Tail request on https://maven-central.storage-download.googleapis.com/maven2/org/wso2/carbon/identity/framework/org.wso2.carbon.identity.user.store.configuration.ui/5.13.55/org.wso2.carbon.identity.user.store.configuration.ui-5.13.55.jar returned status 404
5.13.56			IOException: Tail request on https://maven-central.storage-download.googleapis.com/maven2/org/wso2/carbon/identity/framework/org.wso2.carbon.identity.user.store.configuration.ui/5.13.56/org.wso2.carbon.identity.user.store.configuration.ui-5.13.56.jar returned status 404
5.13.57			IOException: Tail request on https://maven-central.storage-download.googleapis.com/maven2/org/wso2/carbon/identity/framework/org.wso2.carbon.identity.user.store.configuration.ui/5.13.57/org.wso2.carbon.identity.user.store.configuration.ui-5.13.57.jar returned status 404
5.13.58			IOException: Tail request on https://maven-central.storage-download.googleapis.com/maven2/org/wso2/carbon/identity/framework/org.wso2.carbon.identity.user.store.configuration.ui/5.13.58/org.wso2.carbon.identity.user.store.configuration.ui-5.13.58.jar returned status 404
5.13.59			IOException: Tail request on https://maven-central.storage-download.googleapis.com/maven2/org/wso2/carbon/identity/framework/org.wso2.carbon.identity.user.store.configuration.ui/5.13.59/org.wso2.carbon.identity.user.store.configuration.ui-5.13.59.jar returned status 404
5.13.6			IOException: Tail request on https://maven-central.storage-download.googleapis.com/maven2/org/wso2/carbon/identity/framework/org.wso2.carbon.identity.user.store.configuration.ui/5.13.6/org.wso2.carbon.identity.user.store.configuration.ui-5.13.6.jar returned status 404
5.13.60			IOException: Tail request on https://maven-central.storage-download.googleapis.com/maven2/org/wso2/carbon/identity/framework/org.wso2.carbon.identity.user.store.configuration.ui/5.13.60/org.wso2.carbon.identity.user.store.configuration.ui-5.13.60.jar returned status 404
5.13.61			IOException: Tail request on https://maven-central.storage-download.googleapis.com/maven2/org/wso2/carbon/identity/framework/org.wso2.carbon.identity.user.store.configuration.ui/5.13.61/org.wso2.carbon.identity.user.store.configuration.ui-5.13.61.jar returned status 404
5.13.62			IOException: Tail request on https://maven-central.storage-download.googleapis.com/maven2/org/wso2/carbon/identity/framework/org.wso2.carbon.identity.user.store.configuration.ui/5.13.62/org.wso2.carbon.identity.user.store.configuration.ui-5.13.62.jar returned status 404
5.13.63			IOException: Tail request on https://maven-central.storage-download.googleapis.com/maven2/org/wso2/carbon/identity/framework/org.wso2.carbon.identity.user.store.configuration.ui/5.13.63/org.wso2.carbon.identity.user.store.configuration.ui-5.13.63.jar returned status 404
5.13.64			IOException: Tail request on https://maven-central.storage-download.googleapis.com/maven2/org/wso2/carbon/identity/framework/org.wso2.carbon.identity.user.store.configuration.ui/5.13.64/org.wso2.carbon.identity.user.store.configuration.ui-5.13.64.jar returned status 404
5.13.65			IOException: Tail request on https://maven-central.storage-download.googleapis.com/maven2/org/wso2/carbon/identity/framework/org.wso2.carbon.identity.user.store.configuration.ui/5.13.65/org.wso2.carbon.identity.user.store.configuration.ui-5.13.65.jar returned status 404
5.13.66			IOException: Tail request on https://maven-central.storage-download.googleapis.com/maven2/org/wso2/carbon/identity/framework/org.wso2.carbon.identity.user.store.configuration.ui/5.13.66/org.wso2.carbon.identity.user.store.configuration.ui-5.13.66.jar returned status 404
5.13.67			IOException: Tail request on https://maven-central.storage-download.googleapis.com/maven2/org/wso2/carbon/identity/framework/org.wso2.carbon.identity.user.store.configuration.ui/5.13.67/org.wso2.carbon.identity.user.store.configuration.ui-5.13.67.jar returned status 404
5.13.68			IOException: Tail request on https://maven-central.storage-download.googleapis.com/maven2/org/wso2/carbon/identity/framework/org.wso2.carbon.identity.user.store.configuration.ui/5.13.68/org.wso2.carbon.identity.user.store.configuration.ui-5.13.68.jar returned status 404
5.13.69			IOException: Tail request on https://maven-central.storage-download.googleapis.com/maven2/org/wso2/carbon/identity/framework/org.wso2.carbon.identity.user.store.configuration.ui/5.13.69/org.wso2.carbon.identity.user.store.configuration.ui-5.13.69.jar returned status 404
5.13.7			IOException: Tail request on https://maven-central.storage-download.googleapis.com/maven2/org/wso2/carbon/identity/framework/org.wso2.carbon.identity.user.store.configuration.ui/5.13.7/org.wso2.carbon.identity.user.store.configuration.ui-5.13.7.jar returned status 404
5.13.70			IOException: Tail request on https://maven-central.storage-download.googleapis.com/maven2/org/wso2/carbon/identity/framework/org.wso2.carbon.identity.user.store.configuration.ui/5.13.70/org.wso2.carbon.identity.user.store.configuration.ui-5.13.70.jar returned status 404
5.13.71			IOException: Tail request on https://maven-central.storage-download.googleapis.com/maven2/org/wso2/carbon/identity/framework/org.wso2.carbon.identity.user.store.configuration.ui/5.13.71/org.wso2.carbon.identity.user.store.configuration.ui-5.13.71.jar returned status 404
5.13.72			IOException: Tail request on https://maven-central.storage-download.googleapis.com/maven2/org/wso2/carbon/identity/framework/org.wso2.carbon.identity.user.store.configuration.ui/5.13.72/org.wso2.carbon.identity.user.store.configuration.ui-5.13.72.jar returned status 404
5.13.73			IOException: Tail request on https://maven-central.storage-download.googleapis.com/maven2/org/wso2/carbon/identity/framework/org.wso2.carbon.identity.user.store.configuration.ui/5.13.73/org.wso2.carbon.identity.user.store.configuration.ui-5.13.73.jar returned status 404
5.13.8			IOException: Tail request on https://maven-central.storage-download.googleapis.com/maven2/org/wso2/carbon/identity/framework/org.wso2.carbon.identity.user.store.configuration.ui/5.13.8/org.wso2.carbon.identity.user.store.configuration.ui-5.13.8.jar returned status 404
5.13.9			IOException: Tail request on https://maven-central.storage-download.googleapis.com/maven2/org/wso2/carbon/identity/framework/org.wso2.carbon.identity.user.store.configuration.ui/5.13.9/org.wso2.carbon.identity.user.store.configuration.ui-5.13.9.jar returned status 404
5.14.0			IOException: Tail request on https://maven-central.storage-download.googleapis.com/maven2/org/wso2/carbon/identity/framework/org.wso2.carbon.identity.user.store.configuration.ui/5.14.0/org.wso2.carbon.identity.user.store.configuration.ui-5.14.0.jar returned status 404
5.14.1			IOException: Tail request on https://maven-central.storage-download.googleapis.com/maven2/org/wso2/carbon/identity/framework/org.wso2.carbon.identity.user.store.configuration.ui/5.14.1/org.wso2.carbon.identity.user.store.configuration.ui-5.14.1.jar returned status 404
5.14.10			IOException: Tail request on https://maven-central.storage-download.googleapis.com/maven2/org/wso2/carbon/identity/framework/org.wso2.carbon.identity.user.store.configuration.ui/5.14.10/org.wso2.carbon.identity.user.store.configuration.ui-5.14.10.jar returned status 404
5.14.100		2019-10-09T09:02:23Z	
5.14.101		2019-10-09T12:38:31Z	
5.14.102		2019-10-11T16:53:10Z	
5.14.103		2019-10-13T17:50:31Z	
5.14.104		2019-10-18T02:51:46Z	
5.14.105		2019-10-22T12:20:27Z	
5.14.106		2019-10-23T16:05:41Z	
5.14.107		2019-10-24T10:01:14Z	
5.14.108		2019-10-26T14:28:29Z	
5.14.109		2019-10-27T07:45:49Z	
5.14.11			IOException: Tail request on https://maven-central.storage-download.googleapis.com/maven2/org/wso2/carbon/identity/framework/org.wso2.carbon.identity.user.store.configuration.ui/5.14.11/org.wso2.carbon.identity.user.store.configuration.ui-5.14.11.jar returned status 404
5.14.110			IOException: Tail request on https://maven-central.storage-download.googleapis.com/maven2/org/wso2/carbon/identity/framework/org.wso2.carbon.identity.user.store.configuration.ui/5.14.110/org.wso2.carbon.identity.user.store.configuration.ui-5.14.110.jar returned status 404
5.14.111			IOException: Tail request on https://maven-central.storage-download.googleapis.com/maven2/org/wso2/carbon/identity/framework/org.wso2.carbon.identity.user.store.configuration.ui/5.14.111/org.wso2.carbon.identity.user.store.configuration.ui-5.14.111.jar returned status 404
5.14.112			IOException: Tail request on https://maven-central.storage-download.googleapis.com/maven2/org/wso2/carbon/identity/framework/org.wso2.carbon.identity.user.store.configuration.ui/5.14.112/org.wso2.carbon.identity.user.store.configuration.ui-5.14.112.jar returned status 404
5.14.113			IOException: Tail request on https://maven-central.storage-download.googleapis.com/maven2/org/wso2/carbon/identity/framework/org.wso2.carbon.identity.user.store.configuration.ui/5.14.113/org.wso2.carbon.identity.user.store.configuration.ui-5.14.113.jar returned status 404
5.14.114			IOException: Tail request on https://maven-central.storage-download.googleapis.com/maven2/org/wso2/carbon/identity/framework/org.wso2.carbon.identity.user.store.configuration.ui/5.14.114/org.wso2.carbon.identity.user.store.configuration.ui-5.14.114.jar returned status 404
5.14.115			IOException: Tail request on https://maven-central.storage-download.googleapis.com/maven2/org/wso2/carbon/identity/framework/org.wso2.carbon.identity.user.store.configuration.ui/5.14.115/org.wso2.carbon.identity.user.store.configuration.ui-5.14.115.jar returned status 404
5.14.116			IOException: Tail request on https://maven-central.storage-download.googleapis.com/maven2/org/wso2/carbon/identity/framework/org.wso2.carbon.identity.user.store.configuration.ui/5.14.116/org.wso2.carbon.identity.user.store.configuration.ui-5.14.116.jar returned status 404
5.14.117			IOException: Tail request on https://maven-central.storage-download.googleapis.com/maven2/org/wso2/carbon/identity/framework/org.wso2.carbon.identity.user.store.configuration.ui/5.14.117/org.wso2.carbon.identity.user.store.configuration.ui-5.14.117.jar returned status 404
5.14.118			IOException: Tail request on https://maven-central.storage-download.googleapis.com/maven2/org/wso2/carbon/identity/framework/org.wso2.carbon.identity.user.store.configuration.ui/5.14.118/org.wso2.carbon.identity.user.store.configuration.ui-5.14.118.jar returned status 404
5.14.119			IOException: Tail request on https://maven-central.storage-download.googleapis.com/maven2/org/wso2/carbon/identity/framework/org.wso2.carbon.identity.user.store.configuration.ui/5.14.119/org.wso2.carbon.identity.user.store.configuration.ui-5.14.119.jar returned status 404
5.14.12			IOException: Tail request on https://maven-central.storage-download.googleapis.com/maven2/org/wso2/carbon/identity/framework/org.wso2.carbon.identity.user.store.configuration.ui/5.14.12/org.wso2.carbon.identity.user.store.configuration.ui-5.14.12.jar returned status 404
5.14.120			IOException: Tail request on https://maven-central.storage-download.googleapis.com/maven2/org/wso2/carbon/identity/framework/org.wso2.carbon.identity.user.store.configuration.ui/5.14.120/org.wso2.carbon.identity.user.store.configuration.ui-5.14.120.jar returned status 404
5.14.121			IOException: Tail request on https://maven-central.storage-download.googleapis.com/maven2/org/wso2/carbon/identity/framework/org.wso2.carbon.identity.user.store.configuration.ui/5.14.121/org.wso2.carbon.identity.user.store.configuration.ui-5.14.121.jar returned status 404
5.14.122			IOException: Tail request on https://maven-central.storage-download.googleapis.com/maven2/org/wso2/carbon/identity/framework/org.wso2.carbon.identity.user.store.configuration.ui/5.14.122/org.wso2.carbon.identity.user.store.configuration.ui-5.14.122.jar returned status 404
5.14.123			IOException: Tail request on https://maven-central.storage-download.googleapis.com/maven2/org/wso2/carbon/identity/framework/org.wso2.carbon.identity.user.store.configuration.ui/5.14.123/org.wso2.carbon.identity.user.store.configuration.ui-5.14.123.jar returned status 404
5.14.124			IOException: Tail request on https://maven-central.storage-download.googleapis.com/maven2/org/wso2/carbon/identity/framework/org.wso2.carbon.identity.user.store.configuration.ui/5.14.124/org.wso2.carbon.identity.user.store.configuration.ui-5.14.124.jar returned status 404
5.14.125			IOException: Tail request on https://maven-central.storage-download.googleapis.com/maven2/org/wso2/carbon/identity/framework/org.wso2.carbon.identity.user.store.configuration.ui/5.14.125/org.wso2.carbon.identity.user.store.configuration.ui-5.14.125.jar returned status 404
5.14.126			IOException: Tail request on https://maven-central.storage-download.googleapis.com/maven2/org/wso2/carbon/identity/framework/org.wso2.carbon.identity.user.store.configuration.ui/5.14.126/org.wso2.carbon.identity.user.store.configuration.ui-5.14.126.jar returned status 404
5.14.127			IOException: Tail request on https://maven-central.storage-download.googleapis.com/maven2/org/wso2/carbon/identity/framework/org.wso2.carbon.identity.user.store.configuration.ui/5.14.127/org.wso2.carbon.identity.user.store.configuration.ui-5.14.127.jar returned status 404
5.14.128			IOException: Tail request on https://maven-central.storage-download.googleapis.com/maven2/org/wso2/carbon/identity/framework/org.wso2.carbon.identity.user.store.configuration.ui/5.14.128/org.wso2.carbon.identity.user.store.configuration.ui-5.14.128.jar returned status 404
5.14.129			IOException: Tail request on https://maven-central.storage-download.googleapis.com/maven2/org/wso2/carbon/identity/framework/org.wso2.carbon.identity.user.store.configuration.ui/5.14.129/org.wso2.carbon.identity.user.store.configuration.ui-5.14.129.jar returned status 404
5.14.13			IOException: Tail request on https://maven-central.storage-download.googleapis.com/maven2/org/wso2/carbon/identity/framework/org.wso2.carbon.identity.user.store.configuration.ui/5.14.13/org.wso2.carbon.identity.user.store.configuration.ui-5.14.13.jar returned status 404
5.14.130			IOException: Tail request on https://maven-central.storage-download.googleapis.com/maven2/org/wso2/carbon/identity/framework/org.wso2.carbon.identity.user.store.configuration.ui/5.14.130/org.wso2.carbon.identity.user.store.configuration.ui-5.14.130.jar returned status 404
5.14.131			IOException: Tail request on https://maven-central.storage-download.googleapis.com/maven2/org/wso2/carbon/identity/framework/org.wso2.carbon.identity.user.store.configuration.ui/5.14.131/org.wso2.carbon.identity.user.store.configuration.ui-5.14.131.jar returned status 404
5.14.132			IOException: Tail request on https://maven-central.storage-download.googleapis.com/maven2/org/wso2/carbon/identity/framework/org.wso2.carbon.identity.user.store.configuration.ui/5.14.132/org.wso2.carbon.identity.user.store.configuration.ui-5.14.132.jar returned status 404
5.14.133			IOException: Tail request on https://maven-central.storage-download.googleapis.com/maven2/org/wso2/carbon/identity/framework/org.wso2.carbon.identity.user.store.configuration.ui/5.14.133/org.wso2.carbon.identity.user.store.configuration.ui-5.14.133.jar returned status 404
5.14.134			IOException: Tail request on https://maven-central.storage-download.googleapis.com/maven2/org/wso2/carbon/identity/framework/org.wso2.carbon.identity.user.store.configuration.ui/5.14.134/org.wso2.carbon.identity.user.store.configuration.ui-5.14.134.jar returned status 404
5.14.135			IOException: Tail request on https://maven-central.storage-download.googleapis.com/maven2/org/wso2/carbon/identity/framework/org.wso2.carbon.identity.user.store.configuration.ui/5.14.135/org.wso2.carbon.identity.user.store.configuration.ui-5.14.135.jar returned status 404
5.14.136			IOException: Tail request on https://maven-central.storage-download.googleapis.com/maven2/org/wso2/carbon/identity/framework/org.wso2.carbon.identity.user.store.configuration.ui/5.14.136/org.wso2.carbon.identity.user.store.configuration.ui-5.14.136.jar returned status 404
5.14.137			IOException: Tail request on https://maven-central.storage-download.googleapis.com/maven2/org/wso2/carbon/identity/framework/org.wso2.carbon.identity.user.store.configuration.ui/5.14.137/org.wso2.carbon.identity.user.store.configuration.ui-5.14.137.jar returned status 404
5.14.138			IOException: Tail request on https://maven-central.storage-download.googleapis.com/maven2/org/wso2/carbon/identity/framework/org.wso2.carbon.identity.user.store.configuration.ui/5.14.138/org.wso2.carbon.identity.user.store.configuration.ui-5.14.138.jar returned status 404
5.14.139			IOException: Tail request on https://maven-central.storage-download.googleapis.com/maven2/org/wso2/carbon/identity/framework/org.wso2.carbon.identity.user.store.configuration.ui/5.14.139/org.wso2.carbon.identity.user.store.configuration.ui-5.14.139.jar returned status 404
5.14.14			IOException: Tail request on https://maven-central.storage-download.googleapis.com/maven2/org/wso2/carbon/identity/framework/org.wso2.carbon.identity.user.store.configuration.ui/5.14.14/org.wso2.carbon.identity.user.store.configuration.ui-5.14.14.jar returned status 404
5.14.140			IOException: Tail request on https://maven-central.storage-download.googleapis.com/maven2/org/wso2/carbon/identity/framework/org.wso2.carbon.identity.user.store.configuration.ui/5.14.140/org.wso2.carbon.identity.user.store.configuration.ui-5.14.140.jar returned status 404
5.14.141			IOException: Tail request on https://maven-central.storage-download.googleapis.com/maven2/org/wso2/carbon/identity/framework/org.wso2.carbon.identity.user.store.configuration.ui/5.14.141/org.wso2.carbon.identity.user.store.configuration.ui-5.14.141.jar returned status 404
5.14.142			IOException: Tail request on https://maven-central.storage-download.googleapis.com/maven2/org/wso2/carbon/identity/framework/org.wso2.carbon.identity.user.store.configuration.ui/5.14.142/org.wso2.carbon.identity.user.store.configuration.ui-5.14.142.jar returned status 404
5.14.143			IOException: Tail request on https://maven-central.storage-download.googleapis.com/maven2/org/wso2/carbon/identity/framework/org.wso2.carbon.identity.user.store.configuration.ui/5.14.143/org.wso2.carbon.identity.user.store.configuration.ui-5.14.143.jar returned status 404
5.14.144			IOException: Tail request on https://maven-central.storage-download.googleapis.com/maven2/org/wso2/carbon/identity/framework/org.wso2.carbon.identity.user.store.configuration.ui/5.14.144/org.wso2.carbon.identity.user.store.configuration.ui-5.14.144.jar returned status 404
5.14.145			IOException: Tail request on https://maven-central.storage-download.googleapis.com/maven2/org/wso2/carbon/identity/framework/org.wso2.carbon.identity.user.store.configuration.ui/5.14.145/org.wso2.carbon.identity.user.store.configuration.ui-5.14.145.jar returned status 404
5.14.146			IOException: Tail request on https://maven-central.storage-download.googleapis.com/maven2/org/wso2/carbon/identity/framework/org.wso2.carbon.identity.user.store.configuration.ui/5.14.146/org.wso2.carbon.identity.user.store.configuration.ui-5.14.146.jar returned status 404
5.14.15			IOException: Tail request on https://maven-central.storage-download.googleapis.com/maven2/org/wso2/carbon/identity/framework/org.wso2.carbon.identity.user.store.configuration.ui/5.14.15/org.wso2.carbon.identity.user.store.configuration.ui-5.14.15.jar returned status 404
5.14.16			IOException: Tail request on https://maven-central.storage-download.googleapis.com/maven2/org/wso2/carbon/identity/framework/org.wso2.carbon.identity.user.store.configuration.ui/5.14.16/org.wso2.carbon.identity.user.store.configuration.ui-5.14.16.jar returned status 404
5.14.17			IOException: Tail request on https://maven-central.storage-download.googleapis.com/maven2/org/wso2/carbon/identity/framework/org.wso2.carbon.identity.user.store.configuration.ui/5.14.17/org.wso2.carbon.identity.user.store.configuration.ui-5.14.17.jar returned status 404
5.14.18			IOException: Tail request on https://maven-central.storage-download.googleapis.com/maven2/org/wso2/carbon/identity/framework/org.wso2.carbon.identity.user.store.configuration.ui/5.14.18/org.wso2.carbon.identity.user.store.configuration.ui-5.14.18.jar returned status 404
5.14.19			IOException: Tail request on https://maven-central.storage-download.googleapis.com/maven2/org/wso2/carbon/identity/framework/org.wso2.carbon.identity.user.store.configuration.ui/5.14.19/org.wso2.carbon.identity.user.store.configuration.ui-5.14.19.jar returned status 404
5.14.2			IOException: Tail request on https://maven-central.storage-download.googleapis.com/maven2/org/wso2/carbon/identity/framework/org.wso2.carbon.identity.user.store.configuration.ui/5.14.2/org.wso2.carbon.identity.user.store.configuration.ui-5.14.2.jar returned status 404
5.14.20			IOException: Tail request on https://maven-central.storage-download.googleapis.com/maven2/org/wso2/carbon/identity/framework/org.wso2.carbon.identity.user.store.configuration.ui/5.14.20/org.wso2.carbon.identity.user.store.configuration.ui-5.14.20.jar returned status 404
5.14.21			IOException: Tail request on https://maven-central.storage-download.googleapis.com/maven2/org/wso2/carbon/identity/framework/org.wso2.carbon.identity.user.store.configuration.ui/5.14.21/org.wso2.carbon.identity.user.store.configuration.ui-5.14.21.jar returned status 404
5.14.22			IOException: Tail request on https://maven-central.storage-download.googleapis.com/maven2/org/wso2/carbon/identity/framework/org.wso2.carbon.identity.user.store.configuration.ui/5.14.22/org.wso2.carbon.identity.user.store.configuration.ui-5.14.22.jar returned status 404
5.14.23			IOException: Tail request on https://maven-central.storage-download.googleapis.com/maven2/org/wso2/carbon/identity/framework/org.wso2.carbon.identity.user.store.configuration.ui/5.14.23/org.wso2.carbon.identity.user.store.configuration.ui-5.14.23.jar returned status 404
5.14.24			IOException: Tail request on https://maven-central.storage-download.googleapis.com/maven2/org/wso2/carbon/identity/framework/org.wso2.carbon.identity.user.store.configuration.ui/5.14.24/org.wso2.carbon.identity.user.store.configuration.ui-5.14.24.jar returned status 404
5.14.25			IOException: Tail request on https://maven-central.storage-download.googleapis.com/maven2/org/wso2/carbon/identity/framework/org.wso2.carbon.identity.user.store.configuration.ui/5.14.25/org.wso2.carbon.identity.user.store.configuration.ui-5.14.25.jar returned status 404
5.14.26			IOException: Tail request on https://maven-central.storage-download.googleapis.com/maven2/org/wso2/carbon/identity/framework/org.wso2.carbon.identity.user.store.configuration.ui/5.14.26/org.wso2.carbon.identity.user.store.configuration.ui-5.14.26.jar returned status 404
5.14.27			IOException: Tail request on https://maven-central.storage-download.googleapis.com/maven2/org/wso2/carbon/identity/framework/org.wso2.carbon.identity.user.store.configuration.ui/5.14.27/org.wso2.carbon.identity.user.store.configuration.ui-5.14.27.jar returned status 404
5.14.28			IOException: Tail request on https://maven-central.storage-download.googleapis.com/maven2/org/wso2/carbon/identity/framework/org.wso2.carbon.identity.user.store.configuration.ui/5.14.28/org.wso2.carbon.identity.user.store.configuration.ui-5.14.28.jar returned status 404
5.14.29			IOException: Tail request on https://maven-central.storage-download.googleapis.com/maven2/org/wso2/carbon/identity/framework/org.wso2.carbon.identity.user.store.configuration.ui/5.14.29/org.wso2.carbon.identity.user.store.configuration.ui-5.14.29.jar returned status 404
5.14.3			IOException: Tail request on https://maven-central.storage-download.googleapis.com/maven2/org/wso2/carbon/identity/framework/org.wso2.carbon.identity.user.store.configuration.ui/5.14.3/org.wso2.carbon.identity.user.store.configuration.ui-5.14.3.jar returned status 404
5.14.30			IOException: Tail request on https://maven-central.storage-download.googleapis.com/maven2/org/wso2/carbon/identity/framework/org.wso2.carbon.identity.user.store.configuration.ui/5.14.30/org.wso2.carbon.identity.user.store.configuration.ui-5.14.30.jar returned status 404
5.14.31			IOException: Tail request on https://maven-central.storage-download.googleapis.com/maven2/org/wso2/carbon/identity/framework/org.wso2.carbon.identity.user.store.configuration.ui/5.14.31/org.wso2.carbon.identity.user.store.configuration.ui-5.14.31.jar returned status 404
5.14.32			IOException: Tail request on https://maven-central.storage-download.googleapis.com/maven2/org/wso2/carbon/identity/framework/org.wso2.carbon.identity.user.store.configuration.ui/5.14.32/org.wso2.carbon.identity.user.store.configuration.ui-5.14.32.jar returned status 404
5.14.33			IOException: Tail request on https://maven-central.storage-download.googleapis.com/maven2/org/wso2/carbon/identity/framework/org.wso2.carbon.identity.user.store.configuration.ui/5.14.33/org.wso2.carbon.identity.user.store.configuration.ui-5.14.33.jar returned status 404
5.14.34			IOException: Tail request on https://maven-central.storage-download.googleapis.com/maven2/org/wso2/carbon/identity/framework/org.wso2.carbon.identity.user.store.configuration.ui/5.14.34/org.wso2.carbon.identity.user.store.configuration.ui-5.14.34.jar returned status 404
5.14.35			IOException: Tail request on https://maven-central.storage-download.googleapis.com/maven2/org/wso2/carbon/identity/framework/org.wso2.carbon.identity.user.store.configuration.ui/5.14.35/org.wso2.carbon.identity.user.store.configuration.ui-5.14.35.jar returned status 404
5.14.36			IOException: Tail request on https://maven-central.storage-download.googleapis.com/maven2/org/wso2/carbon/identity/framework/org.wso2.carbon.identity.user.store.configuration.ui/5.14.36/org.wso2.carbon.identity.user.store.configuration.ui-5.14.36.jar returned status 404
5.14.37			IOException: Tail request on https://maven-central.storage-download.googleapis.com/maven2/org/wso2/carbon/identity/framework/org.wso2.carbon.identity.user.store.configuration.ui/5.14.37/org.wso2.carbon.identity.user.store.configuration.ui-5.14.37.jar returned status 404
5.14.38			IOException: Tail request on https://maven-central.storage-download.googleapis.com/maven2/org/wso2/carbon/identity/framework/org.wso2.carbon.identity.user.store.configuration.ui/5.14.38/org.wso2.carbon.identity.user.store.configuration.ui-5.14.38.jar returned status 404
5.14.39			IOException: Tail request on https://maven-central.storage-download.googleapis.com/maven2/org/wso2/carbon/identity/framework/org.wso2.carbon.identity.user.store.configuration.ui/5.14.39/org.wso2.carbon.identity.user.store.configuration.ui-5.14.39.jar returned status 404
5.14.4			IOException: Tail request on https://maven-central.storage-download.googleapis.com/maven2/org/wso2/carbon/identity/framework/org.wso2.carbon.identity.user.store.configuration.ui/5.14.4/org.wso2.carbon.identity.user.store.configuration.ui-5.14.4.jar returned status 404
5.14.40			IOException: Tail request on https://maven-central.storage-download.googleapis.com/maven2/org/wso2/carbon/identity/framework/org.wso2.carbon.identity.user.store.configuration.ui/5.14.40/org.wso2.carbon.identity.user.store.configuration.ui-5.14.40.jar returned status 404
5.14.41			IOException: Tail request on https://maven-central.storage-download.googleapis.com/maven2/org/wso2/carbon/identity/framework/org.wso2.carbon.identity.user.store.configuration.ui/5.14.41/org.wso2.carbon.identity.user.store.configuration.ui-5.14.41.jar returned status 404
5.14.42			IOException: Tail request on https://maven-central.storage-download.googleapis.com/maven2/org/wso2/carbon/identity/framework/org.wso2.carbon.identity.user.store.configuration.ui/5.14.42/org.wso2.carbon.identity.user.store.configuration.ui-5.14.42.jar returned status 404
5.14.43			IOException: Tail request on https://maven-central.storage-download.googleapis.com/maven2/org/wso2/carbon/identity/framework/org.wso2.carbon.identity.user.store.configuration.ui/5.14.43/org.wso2.carbon.identity.user.store.configuration.ui-5.14.43.jar returned status 404
5.14.44			IOException: Tail request on https://maven-central.storage-download.googleapis.com/maven2/org/wso2/carbon/identity/framework/org.wso2.carbon.identity.user.store.configuration.ui/5.14.44/org.wso2.carbon.identity.user.store.configuration.ui-5.14.44.jar returned status 404
5.14.45			IOException: Tail request on https://maven-central.storage-download.googleapis.com/maven2/org/wso2/carbon/identity/framework/org.wso2.carbon.identity.user.store.configuration.ui/5.14.45/org.wso2.carbon.identity.user.store.configuration.ui-5.14.45.jar returned status 404
5.14.46			IOException: Tail request on https://maven-central.storage-download.googleapis.com/maven2/org/wso2/carbon/identity/framework/org.wso2.carbon.identity.user.store.configuration.ui/5.14.46/org.wso2.carbon.identity.user.store.configuration.ui-5.14.46.jar returned status 404
5.14.47			IOException: Tail request on https://maven-central.storage-download.googleapis.com/maven2/org/wso2/carbon/identity/framework/org.wso2.carbon.identity.user.store.configuration.ui/5.14.47/org.wso2.carbon.identity.user.store.configuration.ui-5.14.47.jar returned status 404
5.14.48			IOException: Tail request on https://maven-central.storage-download.googleapis.com/maven2/org/wso2/carbon/identity/framework/org.wso2.carbon.identity.user.store.configuration.ui/5.14.48/org.wso2.carbon.identity.user.store.configuration.ui-5.14.48.jar returned status 404
5.14.49			IOException: Tail request on https://maven-central.storage-download.googleapis.com/maven2/org/wso2/carbon/identity/framework/org.wso2.carbon.identity.user.store.configuration.ui/5.14.49/org.wso2.carbon.identity.user.store.configuration.ui-5.14.49.jar returned status 404
5.14.5			IOException: Tail request on https://maven-central.storage-download.googleapis.com/maven2/org/wso2/carbon/identity/framework/org.wso2.carbon.identity.user.store.configuration.ui/5.14.5/org.wso2.carbon.identity.user.store.configuration.ui-5.14.5.jar returned status 404
5.14.50			IOException: Tail request on https://maven-central.storage-download.googleapis.com/maven2/org/wso2/carbon/identity/framework/org.wso2.carbon.identity.user.store.configuration.ui/5.14.50/org.wso2.carbon.identity.user.store.configuration.ui-5.14.50.jar returned status 404
5.14.51			IOException: Tail request on https://maven-central.storage-download.googleapis.com/maven2/org/wso2/carbon/identity/framework/org.wso2.carbon.identity.user.store.configuration.ui/5.14.51/org.wso2.carbon.identity.user.store.configuration.ui-5.14.51.jar returned status 404
5.14.52			IOException: Tail request on https://maven-central.storage-download.googleapis.com/maven2/org/wso2/carbon/identity/framework/org.wso2.carbon.identity.user.store.configuration.ui/5.14.52/org.wso2.carbon.identity.user.store.configuration.ui-5.14.52.jar returned status 404
5.14.53			IOException: Tail request on https://maven-central.storage-download.googleapis.com/maven2/org/wso2/carbon/identity/framework/org.wso2.carbon.identity.user.store.configuration.ui/5.14.53/org.wso2.carbon.identity.user.store.configuration.ui-5.14.53.jar returned status 404
5.14.54			IOException: Tail request on https://maven-central.storage-download.googleapis.com/maven2/org/wso2/carbon/identity/framework/org.wso2.carbon.identity.user.store.configuration.ui/5.14.54/org.wso2.carbon.identity.user.store.configuration.ui-5.14.54.jar returned status 404
5.14.55			IOException: Tail request on https://maven-central.storage-download.googleapis.com/maven2/org/wso2/carbon/identity/framework/org.wso2.carbon.identity.user.store.configuration.ui/5.14.55/org.wso2.carbon.identity.user.store.configuration.ui-5.14.55.jar returned status 404
5.14.56			IOException: Tail request on https://maven-central.storage-download.googleapis.com/maven2/org/wso2/carbon/identity/framework/org.wso2.carbon.identity.user.store.configuration.ui/5.14.56/org.wso2.carbon.identity.user.store.configuration.ui-5.14.56.jar returned status 404
5.14.57			IOException: Tail request on https://maven-central.storage-download.googleapis.com/maven2/org/wso2/carbon/identity/framework/org.wso2.carbon.identity.user.store.configuration.ui/5.14.57/org.wso2.carbon.identity.user.store.configuration.ui-5.14.57.jar returned status 404
5.14.58			IOException: Tail request on https://maven-central.storage-download.googleapis.com/maven2/org/wso2/carbon/identity/framework/org.wso2.carbon.identity.user.store.configuration.ui/5.14.58/org.wso2.carbon.identity.user.store.configuration.ui-5.14.58.jar returned status 404
5.14.59			IOException: Tail request on https://maven-central.storage-download.googleapis.com/maven2/org/wso2/carbon/identity/framework/org.wso2.carbon.identity.user.store.configuration.ui/5.14.59/org.wso2.carbon.identity.user.store.configuration.ui-5.14.59.jar returned status 404
5.14.6			IOException: Tail request on https://maven-central.storage-download.googleapis.com/maven2/org/wso2/carbon/identity/framework/org.wso2.carbon.identity.user.store.configuration.ui/5.14.6/org.wso2.carbon.identity.user.store.configuration.ui-5.14.6.jar returned status 404
5.14.60			IOException: Tail request on https://maven-central.storage-download.googleapis.com/maven2/org/wso2/carbon/identity/framework/org.wso2.carbon.identity.user.store.configuration.ui/5.14.60/org.wso2.carbon.identity.user.store.configuration.ui-5.14.60.jar returned status 404
5.14.61			IOException: Tail request on https://maven-central.storage-download.googleapis.com/maven2/org/wso2/carbon/identity/framework/org.wso2.carbon.identity.user.store.configuration.ui/5.14.61/org.wso2.carbon.identity.user.store.configuration.ui-5.14.61.jar returned status 404
5.14.62			IOException: Tail request on https://maven-central.storage-download.googleapis.com/maven2/org/wso2/carbon/identity/framework/org.wso2.carbon.identity.user.store.configuration.ui/5.14.62/org.wso2.carbon.identity.user.store.configuration.ui-5.14.62.jar returned status 404
5.14.63			IOException: Tail request on https://maven-central.storage-download.googleapis.com/maven2/org/wso2/carbon/identity/framework/org.wso2.carbon.identity.user.store.configuration.ui/5.14.63/org.wso2.carbon.identity.user.store.configuration.ui-5.14.63.jar returned status 404
5.14.64			IOException: Tail request on https://maven-central.storage-download.googleapis.com/maven2/org/wso2/carbon/identity/framework/org.wso2.carbon.identity.user.store.configuration.ui/5.14.64/org.wso2.carbon.identity.user.store.configuration.ui-5.14.64.jar returned status 404
5.14.65			IOException: Tail request on https://maven-central.storage-download.googleapis.com/maven2/org/wso2/carbon/identity/framework/org.wso2.carbon.identity.user.store.configuration.ui/5.14.65/org.wso2.carbon.identity.user.store.configuration.ui-5.14.65.jar returned status 404
5.14.66			IOException: Tail request on https://maven-central.storage-download.googleapis.com/maven2/org/wso2/carbon/identity/framework/org.wso2.carbon.identity.user.store.configuration.ui/5.14.66/org.wso2.carbon.identity.user.store.configuration.ui-5.14.66.jar returned status 404
5.14.67			IOException: Tail request on https://maven-central.storage-download.googleapis.com/maven2/org/wso2/carbon/identity/framework/org.wso2.carbon.identity.user.store.configuration.ui/5.14.67/org.wso2.carbon.identity.user.store.configuration.ui-5.14.67.jar returned status 404
5.14.68			IOException: Tail request on https://maven-central.storage-download.googleapis.com/maven2/org/wso2/carbon/identity/framework/org.wso2.carbon.identity.user.store.configuration.ui/5.14.68/org.wso2.carbon.identity.user.store.configuration.ui-5.14.68.jar returned status 404
5.14.69			IOException: Tail request on https://maven-central.storage-download.googleapis.com/maven2/org/wso2/carbon/identity/framework/org.wso2.carbon.identity.user.store.configuration.ui/5.14.69/org.wso2.carbon.identity.user.store.configuration.ui-5.14.69.jar returned status 404
5.14.7			IOException: Tail request on https://maven-central.storage-download.googleapis.com/maven2/org/wso2/carbon/identity/framework/org.wso2.carbon.identity.user.store.configuration.ui/5.14.7/org.wso2.carbon.identity.user.store.configuration.ui-5.14.7.jar returned status 404
5.14.70			IOException: Tail request on https://maven-central.storage-download.googleapis.com/maven2/org/wso2/carbon/identity/framework/org.wso2.carbon.identity.user.store.configuration.ui/5.14.70/org.wso2.carbon.identity.user.store.configuration.ui-5.14.70.jar returned status 404
5.14.71			IOException: Tail request on https://maven-central.storage-download.googleapis.com/maven2/org/wso2/carbon/identity/framework/org.wso2.carbon.identity.user.store.configuration.ui/5.14.71/org.wso2.carbon.identity.user.store.configuration.ui-5.14.71.jar returned status 404
5.14.72			IOException: Tail request on https://maven-central.storage-download.googleapis.com/maven2/org/wso2/carbon/identity/framework/org.wso2.carbon.identity.user.store.configuration.ui/5.14.72/org.wso2.carbon.identity.user.store.configuration.ui-5.14.72.jar returned status 404
5.14.73			IOException: Tail request on https://maven-central.storage-download.googleapis.com/maven2/org/wso2/carbon/identity/framework/org.wso2.carbon.identity.user.store.configuration.ui/5.14.73/org.wso2.carbon.identity.user.store.configuration.ui-5.14.73.jar returned status 404
5.14.74			IOException: Tail request on https://maven-central.storage-download.googleapis.com/maven2/org/wso2/carbon/identity/framework/org.wso2.carbon.identity.user.store.configuration.ui/5.14.74/org.wso2.carbon.identity.user.store.configuration.ui-5.14.74.jar returned status 404
5.14.75			IOException: Tail request on https://maven-central.storage-download.googleapis.com/maven2/org/wso2/carbon/identity/framework/org.wso2.carbon.identity.user.store.configuration.ui/5.14.75/org.wso2.carbon.identity.user.store.configuration.ui-5.14.75.jar returned status 404
5.14.76			IOException: Tail request on https://maven-central.storage-download.googleapis.com/maven2/org/wso2/carbon/identity/framework/org.wso2.carbon.identity.user.store.configuration.ui/5.14.76/org.wso2.carbon.identity.user.store.configuration.ui-5.14.76.jar returned status 404
5.14.77			IOException: Tail request on https://maven-central.storage-download.googleapis.com/maven2/org/wso2/carbon/identity/framework/org.wso2.carbon.identity.user.store.configuration.ui/5.14.77/org.wso2.carbon.identity.user.store.configuration.ui-5.14.77.jar returned status 404
5.14.78		2019-09-24T13:47:10Z	
5.14.79		2019-09-25T08:52:17Z	
5.14.8			IOException: Tail request on https://maven-central.storage-download.googleapis.com/maven2/org/wso2/carbon/identity/framework/org.wso2.carbon.identity.user.store.configuration.ui/5.14.8/org.wso2.carbon.identity.user.store.configuration.ui-5.14.8.jar returned status 404
5.14.80		2019-09-25T09:47:23Z	
5.14.81		2019-09-25T13:18:39Z	
5.14.82		2019-09-25T14:22:28Z	
5.14.83		2019-09-25T17:13:24Z	
5.14.84		2019-09-26T05:21:52Z	
5.14.85		2019-09-26T06:58:30Z	
5.14.86		2019-09-26T13:16:18Z	
5.14.87		2019-09-26T18:43:45Z	
5.14.88		2019-09-26T19:45:16Z	
5.14.89		2019-09-27T07:18:11Z	
5.14.9			IOException: Tail request on https://maven-central.storage-download.googleapis.com/maven2/org/wso2/carbon/identity/framework/org.wso2.carbon.identity.user.store.configuration.ui/5.14.9/org.wso2.carbon.identity.user.store.configuration.ui-5.14.9.jar returned status 404
5.14.90		2019-09-27T08:10:36Z	
5.14.91		2019-09-27T09:05:40Z	
5.14.92		2019-09-27T15:04:48Z	
5.14.93		2019-09-27T15:56:33Z	
5.14.94		2019-09-27T17:36:32Z	
5.14.95		2019-09-30T15:25:31Z	
5.14.96		2019-09-30T16:48:44Z	
5.14.97		2019-10-01T15:12:51Z	
5.14.98		2019-10-08T12:19:15Z	
5.14.99		2019-10-09T05:10:59Z	
5.15.0			IOException: Tail request on https://maven-central.storage-download.googleapis.com/maven2/org/wso2/carbon/identity/framework/org.wso2.carbon.identity.user.store.configuration.ui/5.15.0/org.wso2.carbon.identity.user.store.configuration.ui-5.15.0.jar returned status 404
5.15.1			IOException: Tail request on https://maven-central.storage-download.googleapis.com/maven2/org/wso2/carbon/identity/framework/org.wso2.carbon.identity.user.store.configuration.ui/5.15.1/org.wso2.carbon.identity.user.store.configuration.ui-5.15.1.jar returned status 404
5.15.10			IOException: Tail request on https://maven-central.storage-download.googleapis.com/maven2/org/wso2/carbon/identity/framework/org.wso2.carbon.identity.user.store.configuration.ui/5.15.10/org.wso2.carbon.identity.user.store.configuration.ui-5.15.10.jar returned status 404
5.15.11			IOException: Tail request on https://maven-central.storage-download.googleapis.com/maven2/org/wso2/carbon/identity/framework/org.wso2.carbon.identity.user.store.configuration.ui/5.15.11/org.wso2.carbon.identity.user.store.configuration.ui-5.15.11.jar returned status 404
5.15.12			IOException: Tail request on https://maven-central.storage-download.googleapis.com/maven2/org/wso2/carbon/identity/framework/org.wso2.carbon.identity.user.store.configuration.ui/5.15.12/org.wso2.carbon.identity.user.store.configuration.ui-5.15.12.jar returned status 404
5.15.13			IOException: Tail request on https://maven-central.storage-download.googleapis.com/maven2/org/wso2/carbon/identity/framework/org.wso2.carbon.identity.user.store.configuration.ui/5.15.13/org.wso2.carbon.identity.user.store.configuration.ui-5.15.13.jar returned status 404
5.15.14			IOException: Tail request on https://maven-central.storage-download.googleapis.com/maven2/org/wso2/carbon/identity/framework/org.wso2.carbon.identity.user.store.configuration.ui/5.15.14/org.wso2.carbon.identity.user.store.configuration.ui-5.15.14.jar returned status 404
5.15.15			IOException: Tail request on https://maven-central.storage-download.googleapis.com/maven2/org/wso2/carbon/identity/framework/org.wso2.carbon.identity.user.store.configuration.ui/5.15.15/org.wso2.carbon.identity.user.store.configuration.ui-5.15.15.jar returned status 404
5.15.16			IOException: Tail request on https://maven-central.storage-download.googleapis.com/maven2/org/wso2/carbon/identity/framework/org.wso2.carbon.identity.user.store.configuration.ui/5.15.16/org.wso2.carbon.identity.user.store.configuration.ui-5.15.16.jar returned status 404
5.15.17			IOException: Tail request on https://maven-central.storage-download.googleapis.com/maven2/org/wso2/carbon/identity/framework/org.wso2.carbon.identity.user.store.configuration.ui/5.15.17/org.wso2.carbon.identity.user.store.configuration.ui-5.15.17.jar returned status 404
5.15.18			IOException: Tail request on https://maven-central.storage-download.googleapis.com/maven2/org/wso2/carbon/identity/framework/org.wso2.carbon.identity.user.store.configuration.ui/5.15.18/org.wso2.carbon.identity.user.store.configuration.ui-5.15.18.jar returned status 404
5.15.19			IOException: Tail request on https://maven-central.storage-download.googleapis.com/maven2/org/wso2/carbon/identity/framework/org.wso2.carbon.identity.user.store.configuration.ui/5.15.19/org.wso2.carbon.identity.user.store.configuration.ui-5.15.19.jar returned status 404
5.15.2			IOException: Tail request on https://maven-central.storage-download.googleapis.com/maven2/org/wso2/carbon/identity/framework/org.wso2.carbon.identity.user.store.configuration.ui/5.15.2/org.wso2.carbon.identity.user.store.configuration.ui-5.15.2.jar returned status 404
5.15.20			IOException: Tail request on https://maven-central.storage-download.googleapis.com/maven2/org/wso2/carbon/identity/framework/org.wso2.carbon.identity.user.store.configuration.ui/5.15.20/org.wso2.carbon.identity.user.store.configuration.ui-5.15.20.jar returned status 404
5.15.21			IOException: Tail request on https://maven-central.storage-download.googleapis.com/maven2/org/wso2/carbon/identity/framework/org.wso2.carbon.identity.user.store.configuration.ui/5.15.21/org.wso2.carbon.identity.user.store.configuration.ui-5.15.21.jar returned status 404
5.15.22			IOException: Tail request on https://maven-central.storage-download.googleapis.com/maven2/org/wso2/carbon/identity/framework/org.wso2.carbon.identity.user.store.configuration.ui/5.15.22/org.wso2.carbon.identity.user.store.configuration.ui-5.15.22.jar returned status 404
5.15.23			IOException: Tail request on https://maven-central.storage-download.googleapis.com/maven2/org/wso2/carbon/identity/framework/org.wso2.carbon.identity.user.store.configuration.ui/5.15.23/org.wso2.carbon.identity.user.store.configuration.ui-5.15.23.jar returned status 404
5.15.24			IOException: Tail request on https://maven-central.storage-download.googleapis.com/maven2/org/wso2/carbon/identity/framework/org.wso2.carbon.identity.user.store.configuration.ui/5.15.24/org.wso2.carbon.identity.user.store.configuration.ui-5.15.24.jar returned status 404
5.15.25			IOException: Tail request on https://maven-central.storage-download.googleapis.com/maven2/org/wso2/carbon/identity/framework/org.wso2.carbon.identity.user.store.configuration.ui/5.15.25/org.wso2.carbon.identity.user.store.configuration.ui-5.15.25.jar returned status 404
5.15.26			IOException: Tail request on https://maven-central.storage-download.googleapis.com/maven2/org/wso2/carbon/identity/framework/org.wso2.carbon.identity.user.store.configuration.ui/5.15.26/org.wso2.carbon.identity.user.store.configuration.ui-5.15.26.jar returned status 404
5.15.27			IOException: Tail request on https://maven-central.storage-download.googleapis.com/maven2/org/wso2/carbon/identity/framework/org.wso2.carbon.identity.user.store.configuration.ui/5.15.27/org.wso2.carbon.identity.user.store.configuration.ui-5.15.27.jar returned status 404
5.15.28			IOException: Tail request on https://maven-central.storage-download.googleapis.com/maven2/org/wso2/carbon/identity/framework/org.wso2.carbon.identity.user.store.configuration.ui/5.15.28/org.wso2.carbon.identity.user.store.configuration.ui-5.15.28.jar returned status 404
5.15.29			IOException: Tail request on https://maven-central.storage-download.googleapis.com/maven2/org/wso2/carbon/identity/framework/org.wso2.carbon.identity.user.store.configuration.ui/5.15.29/org.wso2.carbon.identity.user.store.configuration.ui-5.15.29.jar returned status 404
5.15.3			IOException: Tail request on https://maven-central.storage-download.googleapis.com/maven2/org/wso2/carbon/identity/framework/org.wso2.carbon.identity.user.store.configuration.ui/5.15.3/org.wso2.carbon.identity.user.store.configuration.ui-5.15.3.jar returned status 404
5.15.30			IOException: Tail request on https://maven-central.storage-download.googleapis.com/maven2/org/wso2/carbon/identity/framework/org.wso2.carbon.identity.user.store.configuration.ui/5.15.30/org.wso2.carbon.identity.user.store.configuration.ui-5.15.30.jar returned status 404
5.15.31			IOException: Tail request on https://maven-central.storage-download.googleapis.com/maven2/org/wso2/carbon/identity/framework/org.wso2.carbon.identity.user.store.configuration.ui/5.15.31/org.wso2.carbon.identity.user.store.configuration.ui-5.15.31.jar returned status 404
5.15.32			IOException: Tail request on https://maven-central.storage-download.googleapis.com/maven2/org/wso2/carbon/identity/framework/org.wso2.carbon.identity.user.store.configuration.ui/5.15.32/org.wso2.carbon.identity.user.store.configuration.ui-5.15.32.jar returned status 404
5.15.33			IOException: Tail request on https://maven-central.storage-download.googleapis.com/maven2/org/wso2/carbon/identity/framework/org.wso2.carbon.identity.user.store.configuration.ui/5.15.33/org.wso2.carbon.identity.user.store.configuration.ui-5.15.33.jar returned status 404
5.15.34		2019-12-05T05:54:43Z	
5.15.35		2019-12-05T12:38:35Z	
5.15.36		2019-12-05T15:15:41Z	
5.15.37		2019-12-06T09:11:27Z	
5.15.38		2019-12-06T10:17:28Z	
5.15.39		2019-12-06T11:21:33Z	
5.15.4			IOException: Tail request on https://maven-central.storage-download.googleapis.com/maven2/org/wso2/carbon/identity/framework/org.wso2.carbon.identity.user.store.configuration.ui/5.15.4/org.wso2.carbon.identity.user.store.configuration.ui-5.15.4.jar returned status 404
5.15.40		2019-12-09T04:58:14Z	
5.15.41		2019-12-09T06:43:50Z	
5.15.42		2019-12-09T12:53:04Z	
5.15.43		2019-12-10T04:43:58Z	
5.15.44		2019-12-10T12:33:27Z	
5.15.45		2019-12-10T13:46:05Z	
5.15.46		2019-12-10T19:10:25Z	
5.15.47		2019-12-11T06:47:14Z	
5.15.48		2019-12-11T21:37:18Z	
5.15.49		2019-12-12T05:36:06Z	
5.15.5			IOException: Tail request on https://maven-central.storage-download.googleapis.com/maven2/org/wso2/carbon/identity/framework/org.wso2.carbon.identity.user.store.configuration.ui/5.15.5/org.wso2.carbon.identity.user.store.configuration.ui-5.15.5.jar returned status 404
5.15.50		2019-12-12T08:25:03Z	
5.15.51		2019-12-12T10:51:50Z	
5.15.52		2019-12-12T18:17:54Z	
5.15.53		2019-12-13T11:27:43Z	
5.15.54		2019-12-15T04:30:35Z	
5.15.55		2019-12-15T05:23:12Z	
5.15.56		2019-12-16T13:04:37Z	
5.15.57		2019-12-16T16:10:26Z	
5.15.58		2019-12-17T03:52:55Z	
5.15.59		2019-12-17T06:14:01Z	
5.15.6			IOException: Tail request on https://maven-central.storage-download.googleapis.com/maven2/org/wso2/carbon/identity/framework/org.wso2.carbon.identity.user.store.configuration.ui/5.15.6/org.wso2.carbon.identity.user.store.configuration.ui-5.15.6.jar returned status 404
5.15.60		2019-12-17T12:00:15Z	
5.15.61		2019-12-17T13:15:12Z	
5.15.62		2019-12-18T10:58:16Z	
5.15.63		2019-12-18T18:19:43Z	
5.15.64		2019-12-19T04:33:59Z	
5.15.65		2019-12-19T05:29:14Z	
5.15.7			IOException: Tail request on https://maven-central.storage-download.googleapis.com/maven2/org/wso2/carbon/identity/framework/org.wso2.carbon.identity.user.store.configuration.ui/5.15.7/org.wso2.carbon.identity.user.store.configuration.ui-5.15.7.jar returned status 404
5.15.8			IOException: Tail request on https://maven-central.storage-download.googleapis.com/maven2/org/wso2/carbon/identity/framework/org.wso2.carbon.identity.user.store.configuration.ui/5.15.8/org.wso2.carbon.identity.user.store.configuration.ui-5.15.8.jar returned status 404
5.15.9			IOException: Tail request on https://maven-central.storage-download.googleapis.com/maven2/org/wso2/carbon/identity/framework/org.wso2.carbon.identity.user.store.configuration.ui/5.15.9/org.wso2.carbon.identity.user.store.configuration.ui-5.15.9.jar returned status 404
5.16.0		2019-12-19T10:33:49Z	
5.16.1			IOException: Tail request on https://maven-central.storage-download.googleapis.com/maven2/org/wso2/carbon/identity/framework/org.wso2.carbon.identity.user.store.configuration.ui/5.16.1/org.wso2.carbon.identity.user.store.configuration.ui-5.16.1.jar returned status 404
5.16.10			IOException: Tail request on https://maven-central.storage-download.googleapis.com/maven2/org/wso2/carbon/identity/framework/org.wso2.carbon.identity.user.store.configuration.ui/5.16.10/org.wso2.carbon.identity.user.store.configuration.ui-5.16.10.jar returned status 404
5.16.100		2020-02-24T13:12:54Z	
5.16.101		2020-02-24T14:43:40Z	
5.16.102		2020-02-24T16:44:07Z	
5.16.103		2020-02-25T05:51:01Z	
5.16.104		2020-02-25T09:47:04Z	
5.16.105		2020-02-25T12:21:27Z	
5.16.106		2020-02-25T15:31:13Z	
5.16.107		2020-02-26T06:34:27Z	
5.16.108		2020-02-26T14:33:26Z	
5.16.109		2020-02-26T17:03:42Z	
5.16.11			IOException: Tail request on https://maven-central.storage-download.googleapis.com/maven2/org/wso2/carbon/identity/framework/org.wso2.carbon.identity.user.store.configuration.ui/5.16.11/org.wso2.carbon.identity.user.store.configuration.ui-5.16.11.jar returned status 404
5.16.110		2020-02-26T19:14:07Z	
5.16.111		2020-02-27T04:52:13Z	
5.16.112		2020-02-27T08:17:15Z	
5.16.113		2020-02-27T09:09:14Z	
5.16.114		2020-02-27T16:51:00Z	
5.16.115		2020-02-28T07:30:19Z	
5.16.116		2020-02-28T09:34:19Z	
5.16.117		2020-02-28T11:06:20Z	
5.16.118		2020-02-28T11:51:46Z	
5.16.119		2020-03-02T05:00:24Z	
5.16.12			IOException: Tail request on https://maven-central.storage-download.googleapis.com/maven2/org/wso2/carbon/identity/framework/org.wso2.carbon.identity.user.store.configuration.ui/5.16.12/org.wso2.carbon.identity.user.store.configuration.ui-5.16.12.jar returned status 404
5.16.120		2020-03-02T07:36:51Z	
5.16.13			IOException: Tail request on https://maven-central.storage-download.googleapis.com/maven2/org/wso2/carbon/identity/framework/org.wso2.carbon.identity.user.store.configuration.ui/5.16.13/org.wso2.carbon.identity.user.store.configuration.ui-5.16.13.jar returned status 404
5.16.14			IOException: Tail request on https://maven-central.storage-download.googleapis.com/maven2/org/wso2/carbon/identity/framework/org.wso2.carbon.identity.user.store.configuration.ui/5.16.14/org.wso2.carbon.identity.user.store.configuration.ui-5.16.14.jar returned status 404
5.16.15			IOException: Tail request on https://maven-central.storage-download.googleapis.com/maven2/org/wso2/carbon/identity/framework/org.wso2.carbon.identity.user.store.configuration.ui/5.16.15/org.wso2.carbon.identity.user.store.configuration.ui-5.16.15.jar returned status 404
5.16.16			IOException: Tail request on https://maven-central.storage-download.googleapis.com/maven2/org/wso2/carbon/identity/framework/org.wso2.carbon.identity.user.store.configuration.ui/5.16.16/org.wso2.carbon.identity.user.store.configuration.ui-5.16.16.jar returned status 404
5.16.17			IOException: Tail request on https://maven-central.storage-download.googleapis.com/maven2/org/wso2/carbon/identity/framework/org.wso2.carbon.identity.user.store.configuration.ui/5.16.17/org.wso2.carbon.identity.user.store.configuration.ui-5.16.17.jar returned status 404
5.16.18			IOException: Tail request on https://maven-central.storage-download.googleapis.com/maven2/org/wso2/carbon/identity/framework/org.wso2.carbon.identity.user.store.configuration.ui/5.16.18/org.wso2.carbon.identity.user.store.configuration.ui-5.16.18.jar returned status 404
5.16.19			IOException: Tail request on https://maven-central.storage-download.googleapis.com/maven2/org/wso2/carbon/identity/framework/org.wso2.carbon.identity.user.store.configuration.ui/5.16.19/org.wso2.carbon.identity.user.store.configuration.ui-5.16.19.jar returned status 404
5.16.2			IOException: Tail request on https://maven-central.storage-download.googleapis.com/maven2/org/wso2/carbon/identity/framework/org.wso2.carbon.identity.user.store.configuration.ui/5.16.2/org.wso2.carbon.identity.user.store.configuration.ui-5.16.2.jar returned status 404
5.16.20			IOException: Tail request on https://maven-central.storage-download.googleapis.com/maven2/org/wso2/carbon/identity/framework/org.wso2.carbon.identity.user.store.configuration.ui/5.16.20/org.wso2.carbon.identity.user.store.configuration.ui-5.16.20.jar returned status 404
5.16.21			IOException: Tail request on https://maven-central.storage-download.googleapis.com/maven2/org/wso2/carbon/identity/framework/org.wso2.carbon.identity.user.store.configuration.ui/5.16.21/org.wso2.carbon.identity.user.store.configuration.ui-5.16.21.jar returned status 404
5.16.22			IOException: Tail request on https://maven-central.storage-download.googleapis.com/maven2/org/wso2/carbon/identity/framework/org.wso2.carbon.identity.user.store.configuration.ui/5.16.22/org.wso2.carbon.identity.user.store.configuration.ui-5.16.22.jar returned status 404
5.16.23			IOException: Tail request on https://maven-central.storage-download.googleapis.com/maven2/org/wso2/carbon/identity/framework/org.wso2.carbon.identity.user.store.configuration.ui/5.16.23/org.wso2.carbon.identity.user.store.configuration.ui-5.16.23.jar returned status 404
5.16.24			IOException: Tail request on https://maven-central.storage-download.googleapis.com/maven2/org/wso2/carbon/identity/framework/org.wso2.carbon.identity.user.store.configuration.ui/5.16.24/org.wso2.carbon.identity.user.store.configuration.ui-5.16.24.jar returned status 404
5.16.25			IOException: Tail request on https://maven-central.storage-download.googleapis.com/maven2/org/wso2/carbon/identity/framework/org.wso2.carbon.identity.user.store.configuration.ui/5.16.25/org.wso2.carbon.identity.user.store.configuration.ui-5.16.25.jar returned status 404
5.16.26			IOException: Tail request on https://maven-central.storage-download.googleapis.com/maven2/org/wso2/carbon/identity/framework/org.wso2.carbon.identity.user.store.configuration.ui/5.16.26/org.wso2.carbon.identity.user.store.configuration.ui-5.16.26.jar returned status 404
5.16.27			IOException: Tail request on https://maven-central.storage-download.googleapis.com/maven2/org/wso2/carbon/identity/framework/org.wso2.carbon.identity.user.store.configuration.ui/5.16.27/org.wso2.carbon.identity.user.store.configuration.ui-5.16.27.jar returned status 404
5.16.28			IOException: Tail request on https://maven-central.storage-download.googleapis.com/maven2/org/wso2/carbon/identity/framework/org.wso2.carbon.identity.user.store.configuration.ui/5.16.28/org.wso2.carbon.identity.user.store.configuration.ui-5.16.28.jar returned status 404
5.16.29			IOException: Tail request on https://maven-central.storage-download.googleapis.com/maven2/org/wso2/carbon/identity/framework/org.wso2.carbon.identity.user.store.configuration.ui/5.16.29/org.wso2.carbon.identity.user.store.configuration.ui-5.16.29.jar returned status 404
5.16.3			IOException: Tail request on https://maven-central.storage-download.googleapis.com/maven2/org/wso2/carbon/identity/framework/org.wso2.carbon.identity.user.store.configuration.ui/5.16.3/org.wso2.carbon.identity.user.store.configuration.ui-5.16.3.jar returned status 404
5.16.30			IOException: Tail request on https://maven-central.storage-download.googleapis.com/maven2/org/wso2/carbon/identity/framework/org.wso2.carbon.identity.user.store.configuration.ui/5.16.30/org.wso2.carbon.identity.user.store.configuration.ui-5.16.30.jar returned status 404
5.16.33			IOException: Tail request on https://maven-central.storage-download.googleapis.com/maven2/org/wso2/carbon/identity/framework/org.wso2.carbon.identity.user.store.configuration.ui/5.16.33/org.wso2.carbon.identity.user.store.configuration.ui-5.16.33.jar returned status 404
5.16.35			IOException: Tail request on https://maven-central.storage-download.googleapis.com/maven2/org/wso2/carbon/identity/framework/org.wso2.carbon.identity.user.store.configuration.ui/5.16.35/org.wso2.carbon.identity.user.store.configuration.ui-5.16.35.jar returned status 404
5.16.37			IOException: Tail request on https://maven-central.storage-download.googleapis.com/maven2/org/wso2/carbon/identity/framework/org.wso2.carbon.identity.user.store.configuration.ui/5.16.37/org.wso2.carbon.identity.user.store.configuration.ui-5.16.37.jar returned status 404
5.16.38			IOException: Tail request on https://maven-central.storage-download.googleapis.com/maven2/org/wso2/carbon/identity/framework/org.wso2.carbon.identity.user.store.configuration.ui/5.16.38/org.wso2.carbon.identity.user.store.configuration.ui-5.16.38.jar returned status 404
5.16.39			IOException: Tail request on https://maven-central.storage-download.googleapis.com/maven2/org/wso2/carbon/identity/framework/org.wso2.carbon.identity.user.store.configuration.ui/5.16.39/org.wso2.carbon.identity.user.store.configuration.ui-5.16.39.jar returned status 404
5.16.4			IOException: Tail request on https://maven-central.storage-download.googleapis.com/maven2/org/wso2/carbon/identity/framework/org.wso2.carbon.identity.user.store.configuration.ui/5.16.4/org.wso2.carbon.identity.user.store.configuration.ui-5.16.4.jar returned status 404
5.16.40			IOException: Tail request on https://maven-central.storage-download.googleapis.com/maven2/org/wso2/carbon/identity/framework/org.wso2.carbon.identity.user.store.configuration.ui/5.16.40/org.wso2.carbon.identity.user.store.configuration.ui-5.16.40.jar returned status 404
5.16.41			IOException: Tail request on https://maven-central.storage-download.googleapis.com/maven2/org/wso2/carbon/identity/framework/org.wso2.carbon.identity.user.store.configuration.ui/5.16.41/org.wso2.carbon.identity.user.store.configuration.ui-5.16.41.jar returned status 404
5.16.42			IOException: Tail request on https://maven-central.storage-download.googleapis.com/maven2/org/wso2/carbon/identity/framework/org.wso2.carbon.identity.user.store.configuration.ui/5.16.42/org.wso2.carbon.identity.user.store.configuration.ui-5.16.42.jar returned status 404
5.16.43			IOException: Tail request on https://maven-central.storage-download.googleapis.com/maven2/org/wso2/carbon/identity/framework/org.wso2.carbon.identity.user.store.configuration.ui/5.16.43/org.wso2.carbon.identity.user.store.configuration.ui-5.16.43.jar returned status 404
5.16.44			IOException: Tail request on https://maven-central.storage-download.googleapis.com/maven2/org/wso2/carbon/identity/framework/org.wso2.carbon.identity.user.store.configuration.ui/5.16.44/org.wso2.carbon.identity.user.store.configuration.ui-5.16.44.jar returned status 404
5.16.45			IOException: Tail request on https://maven-central.storage-download.googleapis.com/maven2/org/wso2/carbon/identity/framework/org.wso2.carbon.identity.user.store.configuration.ui/5.16.45/org.wso2.carbon.identity.user.store.configuration.ui-5.16.45.jar returned status 404
5.16.46			IOException: Tail request on https://maven-central.storage-download.googleapis.com/maven2/org/wso2/carbon/identity/framework/org.wso2.carbon.identity.user.store.configuration.ui/5.16.46/org.wso2.carbon.identity.user.store.configuration.ui-5.16.46.jar returned status 404
5.16.47			IOException: Tail request on https://maven-central.storage-download.googleapis.com/maven2/org/wso2/carbon/identity/framework/org.wso2.carbon.identity.user.store.configuration.ui/5.16.47/org.wso2.carbon.identity.user.store.configuration.ui-5.16.47.jar returned status 404
5.16.48			IOException: Tail request on https://maven-central.storage-download.googleapis.com/maven2/org/wso2/carbon/identity/framework/org.wso2.carbon.identity.user.store.configuration.ui/5.16.48/org.wso2.carbon.identity.user.store.configuration.ui-5.16.48.jar returned status 404
5.16.49			IOException: Tail request on https://maven-central.storage-download.googleapis.com/maven2/org/wso2/carbon/identity/framework/org.wso2.carbon.identity.user.store.configuration.ui/5.16.49/org.wso2.carbon.identity.user.store.configuration.ui-5.16.49.jar returned status 404
5.16.5			IOException: Tail request on https://maven-central.storage-download.googleapis.com/maven2/org/wso2/carbon/identity/framework/org.wso2.carbon.identity.user.store.configuration.ui/5.16.5/org.wso2.carbon.identity.user.store.configuration.ui-5.16.5.jar returned status 404
5.16.50			IOException: Tail request on https://maven-central.storage-download.googleapis.com/maven2/org/wso2/carbon/identity/framework/org.wso2.carbon.identity.user.store.configuration.ui/5.16.50/org.wso2.carbon.identity.user.store.configuration.ui-5.16.50.jar returned status 404
5.16.51			IOException: Tail request on https://maven-central.storage-download.googleapis.com/maven2/org/wso2/carbon/identity/framework/org.wso2.carbon.identity.user.store.configuration.ui/5.16.51/org.wso2.carbon.identity.user.store.configuration.ui-5.16.51.jar returned status 404
5.16.52			IOException: Tail request on https://maven-central.storage-download.googleapis.com/maven2/org/wso2/carbon/identity/framework/org.wso2.carbon.identity.user.store.configuration.ui/5.16.52/org.wso2.carbon.identity.user.store.configuration.ui-5.16.52.jar returned status 404
5.16.53			IOException: Tail request on https://maven-central.storage-download.googleapis.com/maven2/org/wso2/carbon/identity/framework/org.wso2.carbon.identity.user.store.configuration.ui/5.16.53/org.wso2.carbon.identity.user.store.configuration.ui-5.16.53.jar returned status 404
5.16.54			IOException: Tail request on https://maven-central.storage-download.googleapis.com/maven2/org/wso2/carbon/identity/framework/org.wso2.carbon.identity.user.store.configuration.ui/5.16.54/org.wso2.carbon.identity.user.store.configuration.ui-5.16.54.jar returned status 404
5.16.55			IOException: Tail request on https://maven-central.storage-download.googleapis.com/maven2/org/wso2/carbon/identity/framework/org.wso2.carbon.identity.user.store.configuration.ui/5.16.55/org.wso2.carbon.identity.user.store.configuration.ui-5.16.55.jar returned status 404
5.16.56			IOException: Tail request on https://maven-central.storage-download.googleapis.com/maven2/org/wso2/carbon/identity/framework/org.wso2.carbon.identity.user.store.configuration.ui/5.16.56/org.wso2.carbon.identity.user.store.configuration.ui-5.16.56.jar returned status 404
5.16.57			IOException: Tail request on https://maven-central.storage-download.googleapis.com/maven2/org/wso2/carbon/identity/framework/org.wso2.carbon.identity.user.store.configuration.ui/5.16.57/org.wso2.carbon.identity.user.store.configuration.ui-5.16.57.jar returned status 404
5.16.58			IOException: Tail request on https://maven-central.storage-download.googleapis.com/maven2/org/wso2/carbon/identity/framework/org.wso2.carbon.identity.user.store.configuration.ui/5.16.58/org.wso2.carbon.identity.user.store.configuration.ui-5.16.58.jar returned status 404
5.16.59			IOException: Tail request on https://maven-central.storage-download.googleapis.com/maven2/org/wso2/carbon/identity/framework/org.wso2.carbon.identity.user.store.configuration.ui/5.16.59/org.wso2.carbon.identity.user.store.configuration.ui-5.16.59.jar returned status 404
5.16.6			IOException: Tail request on https://maven-central.storage-download.googleapis.com/maven2/org/wso2/carbon/identity/framework/org.wso2.carbon.identity.user.store.configuration.ui/5.16.6/org.wso2.carbon.identity.user.store.configuration.ui-5.16.6.jar returned status 404
5.16.60			IOException: Tail request on https://maven-central.storage-download.googleapis.com/maven2/org/wso2/carbon/identity/framework/org.wso2.carbon.identity.user.store.configuration.ui/5.16.60/org.wso2.carbon.identity.user.store.configuration.ui-5.16.60.jar returned status 404
5.16.61			IOException: Tail request on https://maven-central.storage-download.googleapis.com/maven2/org/wso2/carbon/identity/framework/org.wso2.carbon.identity.user.store.configuration.ui/5.16.61/org.wso2.carbon.identity.user.store.configuration.ui-5.16.61.jar returned status 404
5.16.62			IOException: Tail request on https://maven-central.storage-download.googleapis.com/maven2/org/wso2/carbon/identity/framework/org.wso2.carbon.identity.user.store.configuration.ui/5.16.62/org.wso2.carbon.identity.user.store.configuration.ui-5.16.62.jar returned status 404
5.16.63		2020-02-07T10:43:35Z	
5.16.64		2020-02-07T11:52:02Z	
5.16.65		2020-02-07T12:52:28Z	
5.16.66		2020-02-07T13:56:09Z	
5.16.67		2020-02-10T09:07:34Z	
5.16.68		2020-02-10T11:56:59Z	
5.16.69		2020-02-10T14:24:51Z	
5.16.7			IOException: Tail request on https://maven-central.storage-download.googleapis.com/maven2/org/wso2/carbon/identity/framework/org.wso2.carbon.identity.user.store.configuration.ui/5.16.7/org.wso2.carbon.identity.user.store.configuration.ui-5.16.7.jar returned status 404
5.16.70		2020-02-11T08:43:58Z	
5.16.71		2020-02-12T05:25:26Z	
5.16.72		2020-02-12T07:53:46Z	
5.16.73		2020-02-12T10:48:10Z	
5.16.74		2020-02-12T14:01:07Z	
5.16.75		2020-02-13T04:25:27Z	
5.16.76		2020-02-13T11:04:36Z	
5.16.77		2020-02-13T11:54:16Z	
5.16.78		2020-02-13T17:55:03Z	
5.16.79		2020-02-14T04:03:30Z	
5.16.8			IOException: Tail request on https://maven-central.storage-download.googleapis.com/maven2/org/wso2/carbon/identity/framework/org.wso2.carbon.identity.user.store.configuration.ui/5.16.8/org.wso2.carbon.identity.user.store.configuration.ui-5.16.8.jar returned status 404
5.16.80		2020-02-14T06:45:19Z	
5.16.81		2020-02-14T12:33:37Z	
5.16.82		2020-02-14T13:37:40Z	
5.16.83		2020-02-15T06:06:51Z	
5.16.84		2020-02-15T09:58:50Z	
5.16.85		2020-02-15T14:08:17Z	
5.16.86		2020-02-17T06:34:28Z	
5.16.87		2020-02-17T08:47:59Z	
5.16.88		2020-02-17T13:30:12Z	
5.16.89		2020-02-17T15:06:07Z	
5.16.9			IOException: Tail request on https://maven-central.storage-download.googleapis.com/maven2/org/wso2/carbon/identity/framework/org.wso2.carbon.identity.user.store.configuration.ui/5.16.9/org.wso2.carbon.identity.user.store.configuration.ui-5.16.9.jar returned status 404
5.16.90		2020-02-18T08:45:50Z	
5.16.91		2020-02-18T10:33:22Z	
5.16.92		2020-02-18T13:01:09Z	
5.16.93		2020-02-19T19:01:23Z	
5.16.94		2020-02-20T12:22:25Z	
5.16.95		2020-02-20T18:39:24Z	
5.16.96		2020-02-24T06:10:19Z	
5.16.97		2020-02-24T08:23:38Z	
5.16.98		2020-02-24T10:15:42Z	
5.16.99		2020-02-24T11:02:16Z	
5.17.0		2020-03-02T12:08:18Z	
5.17.1		2020-03-03T04:02:00Z	
5.17.10		2020-03-20T11:25:24Z	
5.17.100		2020-06-02T17:32:56Z	
5.17.101		2020-06-03T06:18:10Z	
5.17.102		2020-06-08T13:41:18Z	
5.17.103		2020-06-09T06:04:55Z	
5.17.104		2020-06-09T08:39:50Z	
5.17.105		2020-06-11T06:50:52Z	
5.17.106		2020-06-11T17:03:54Z	
5.17.107		2020-06-12T04:53:26Z	
5.17.108		2020-06-12T07:23:26Z	
5.17.109		2020-06-12T16:54:00Z	
5.17.11		2020-03-23T18:01:18Z	
5.17.110		2020-06-15T17:11:29Z	
5.17.111		2020-06-16T15:19:26Z	
5.17.112		2020-06-17T15:15:29Z	
5.17.113		2020-06-18T12:11:48Z	
5.17.114		2020-06-18T16:04:55Z	
5.17.115		2020-06-19T10:50:55Z	
5.17.116		2020-06-20T11:51:47Z	
5.17.117		2020-06-22T09:33:23Z	
5.17.12		2020-03-25T11:20:08Z	
5.17.13		2020-03-26T03:39:58Z	
5.17.14		2020-03-26T04:44:45Z	
5.17.15		2020-03-27T06:11:56Z	
5.17.16		2020-03-27T09:12:54Z	
5.17.17		2020-03-27T13:00:40Z	
5.17.18		2020-03-31T09:00:38Z	
5.17.19		2020-03-31T12:44:12Z	
5.17.2		2020-03-03T13:45:03Z	
5.17.20		2020-04-01T07:48:54Z	
5.17.21		2020-04-01T11:41:43Z	
5.17.22		2020-04-01T13:50:13Z	
5.17.23		2020-04-02T15:05:49Z	
5.17.24		2020-04-02T17:16:01Z	
5.17.25		2020-04-03T03:13:21Z	
5.17.26		2020-04-03T05:03:23Z	
5.17.27		2020-04-06T06:10:08Z	
5.17.28		2020-04-09T06:29:05Z	
5.17.29		2020-04-09T09:53:33Z	
5.17.3		2020-03-04T05:13:58Z	
5.17.30		2020-04-09T13:59:16Z	
5.17.31		2020-04-10T04:56:31Z	
5.17.32		2020-04-10T10:22:09Z	
5.17.33		2020-04-10T12:11:47Z	
5.17.34		2020-04-10T20:22:31Z	
5.17.35		2020-04-11T13:21:10Z	
5.17.36		2020-04-11T18:43:51Z	
5.17.37		2020-04-15T12:26:18Z	
5.17.38		2020-04-15T15:53:32Z	
5.17.39		2020-04-15T18:57:04Z	
5.17.4		2020-03-06T11:31:50Z	
5.17.40		2020-04-16T06:19:27Z	
5.17.41		2020-04-16T12:17:27Z	
5.17.42		2020-04-17T06:47:45Z	
5.17.43		2020-04-17T09:00:05Z	
5.17.44		2020-04-20T08:32:59Z	
5.17.45		2020-04-21T02:37:05Z	
5.17.46		2020-04-21T07:02:52Z	
5.17.47		2020-04-21T09:53:27Z	
5.17.48		2020-04-21T18:06:29Z	
5.17.49		2020-04-22T07:12:02Z	
5.17.5		2020-03-08T09:44:02Z	
5.17.50		2020-04-22T13:34:32Z	
5.17.51		2020-04-23T06:28:07Z	
5.17.52		2020-04-23T12:01:30Z	
5.17.53		2020-04-23T15:19:30Z	
5.17.54		2020-04-24T02:34:19Z	
5.17.55		2020-04-24T07:20:34Z	
5.17.56		2020-04-24T09:29:15Z	
5.17.57		2020-04-24T12:44:29Z	
5.17.58		2020-04-24T14:43:44Z	
5.17.59		2020-04-28T05:19:17Z	
5.17.6		2020-03-13T11:55:54Z	
5.17.60		2020-04-28T07:26:29Z	
5.17.61		2020-04-28T15:16:48Z	
5.17.62		2020-04-29T03:05:07Z	
5.17.63		2020-04-29T05:17:05Z	
5.17.64		2020-04-29T11:41:26Z	
5.17.65		2020-04-29T12:33:48Z	
5.17.66		2020-04-29T14:48:59Z	
5.17.67		2020-04-30T09:29:58Z	
5.17.68		2020-04-30T16:46:31Z	
5.17.69		2020-05-02T01:15:48Z	
5.17.7		2020-03-18T04:10:50Z	
5.17.70		2020-05-04T04:41:13Z	
5.17.71		2020-05-04T09:33:05Z	
5.17.72		2020-05-04T15:56:52Z	
5.17.73		2020-05-04T19:26:12Z	
5.17.74		2020-05-05T13:42:32Z	
5.17.75		2020-05-05T16:25:27Z	
5.17.76		2020-05-06T03:50:48Z	
5.17.77		2020-05-11T04:57:13Z	
5.17.78		2020-05-11T12:49:42Z	
5.17.79		2020-05-12T08:16:34Z	
5.17.8		2020-03-18T11:08:16Z	
5.17.80		2020-05-12T11:09:00Z	
5.17.81		2020-05-13T02:15:06Z	
5.17.82		2020-05-13T05:14:44Z	
5.17.83		2020-05-13T15:49:29Z	
5.17.84		2020-05-15T06:23:12Z	
5.17.85		2020-05-18T07:56:01Z	
5.17.86		2020-05-18T10:48:56Z	
5.17.87		2020-05-18T19:13:39Z	
5.17.88		2020-05-18T23:01:23Z	
5.17.89		2020-05-19T09:34:27Z	
5.17.9		2020-03-19T06:08:42Z	
5.17.90		2020-05-19T17:29:48Z	
5.17.91		2020-05-20T04:29:47Z	
5.17.92		2020-05-20T06:38:44Z	
5.17.93		2020-05-20T14:52:30Z	
5.17.94		2020-05-21T09:29:48Z	
5.17.95		2020-05-22T10:38:40Z	
5.17.96		2020-05-25T12:55:52Z	
5.17.97		2020-05-28T13:06:59Z	
5.17.98		2020-06-01T05:12:46Z	
5.17.99		2020-06-01T17:23:40Z	
5.18.0		2020-06-24T08:09:58Z	
5.18.1		2020-06-25T07:41:06Z	
5.18.10		2020-07-06T10:53:47Z	
5.18.100		2020-09-24T07:09:03Z	
5.18.101		2020-09-28T08:49:17Z	
5.18.102		2020-09-28T10:57:37Z	
5.18.103		2020-09-29T07:08:56Z	
5.18.104		2020-09-29T12:27:23Z	
5.18.105		2020-09-30T04:22:00Z	
5.18.106		2020-09-30T07:25:02Z	
5.18.107		2020-10-01T14:42:03Z	
5.18.108		2020-10-02T05:18:52Z	
5.18.109		2020-10-02T08:50:21Z	
5.18.11		2020-07-08T06:53:52Z	
5.18.110		2020-10-02T10:24:51Z	
5.18.111		2020-10-05T04:27:48Z	
5.18.112		2020-10-06T03:08:59Z	
5.18.113		2020-10-07T04:21:14Z	
5.18.114		2020-10-07T11:02:19Z	
5.18.115		2020-10-08T13:48:29Z	
5.18.116		2020-10-08T19:13:10Z	
5.18.117		2020-10-09T00:09:11Z	
5.18.118		2020-10-09T05:26:01Z	
5.18.119		2020-10-09T08:03:31Z	
5.18.12		2020-07-09T11:23:28Z	
5.18.120		2020-10-09T18:25:12Z	
5.18.121		2020-10-11T06:05:40Z	
5.18.122		2020-10-13T07:27:59Z	
5.18.123		2020-10-13T09:23:29Z	
5.18.124		2020-10-13T13:32:28Z	
5.18.125		2020-10-13T17:11:01Z	
5.18.126		2020-10-13T22:15:07Z	
5.18.127		2020-10-14T04:39:55Z	
5.18.128		2020-10-14T10:51:27Z	
5.18.129		2020-10-14T16:53:55Z	
5.18.13		2020-07-09T13:30:20Z	
5.18.130		2020-10-15T07:03:54Z	
5.18.131		2020-10-15T16:17:29Z	
5.18.132		2020-10-16T05:08:49Z	
5.18.133		2020-10-19T07:20:38Z	
5.18.134		2020-10-20T04:55:54Z	
5.18.135		2020-10-21T05:17:24Z	
5.18.136		2020-10-21T14:35:10Z	
5.18.137		2020-10-22T04:58:06Z	
5.18.138		2020-10-23T07:54:56Z	
5.18.139		2020-10-23T11:07:58Z	
5.18.14		2020-07-09T16:47:57Z	
5.18.140		2020-10-25T15:43:11Z	
5.18.141		2020-10-26T05:52:48Z	
5.18.142		2020-10-26T10:27:14Z	
5.18.143		2020-10-26T14:30:12Z	
5.18.144		2020-10-27T18:28:45Z	
5.18.145		2020-10-28T05:01:26Z	
5.18.146		2020-10-28T09:03:08Z	
5.18.147		2020-10-28T13:03:41Z	
5.18.148		2020-10-28T17:10:23Z	
5.18.149		2020-10-29T04:36:14Z	
5.18.15		2020-07-09T19:10:56Z	
5.18.150		2020-10-29T10:01:58Z	
5.18.151		2020-10-31T22:23:01Z	
5.18.152		2020-11-02T05:47:50Z	
5.18.153		2020-11-02T09:13:14Z	
5.18.154		2020-11-02T18:21:06Z	
5.18.155		2020-11-03T05:12:03Z	
5.18.156		2020-11-03T08:02:07Z	
5.18.157		2020-11-03T12:03:47Z	
5.18.158		2020-11-03T20:11:45Z	
5.18.159		2020-11-04T09:47:58Z	
5.18.16		2020-07-09T22:57:41Z	
5.18.160		2020-11-04T15:30:14Z	
5.18.161		2020-11-05T04:24:09Z	
5.18.162		2020-11-05T06:16:55Z	
5.18.164		2020-11-06T03:43:26Z	
5.18.165		2020-11-06T05:20:39Z	
5.18.167		2020-11-06T14:11:58Z	
5.18.168		2020-11-07T05:47:39Z	
5.18.169		2020-11-07T07:07:22Z	
5.18.17		2020-07-09T23:56:18Z	
5.18.170		2020-11-07T18:07:04Z	
5.18.171		2020-11-09T05:46:28Z	
5.18.172		2020-11-09T08:52:02Z	
5.18.173		2020-11-09T11:35:04Z	
5.18.174		2020-11-10T08:03:01Z	
5.18.175		2020-11-10T14:51:38Z	
5.18.176		2020-11-10T20:20:43Z	
5.18.177		2020-11-11T09:59:22Z	
5.18.178		2020-11-11T13:23:48Z	
5.18.179		2020-11-11T16:16:01Z	
5.18.18		2020-07-13T10:43:50Z	
5.18.180		2020-11-11T23:26:18Z	
5.18.181		2020-11-12T05:27:51Z	
5.18.182		2020-11-12T17:30:36Z	
5.18.183		2020-11-13T05:52:54Z	
5.18.184		2020-11-13T10:33:27Z	
5.18.185		2020-11-13T12:51:09Z	
5.18.186		2020-11-13T17:00:11Z	
5.18.187		2020-11-14T03:41:03Z	
5.18.188		2020-11-24T15:00:06Z	
5.18.189		2020-11-25T04:50:04Z	
5.18.19		2020-07-14T06:48:52Z	
5.18.190		2020-11-25T14:18:49Z	
5.18.191		2020-11-27T18:07:41Z	
5.18.192		2020-12-02T03:13:26Z	
5.18.193		2020-12-02T09:26:53Z	
5.18.194		2020-12-03T10:39:15Z	
5.18.195		2020-12-03T13:55:14Z	
5.18.196		2020-12-07T04:15:42Z	
5.18.197		2020-12-09T13:03:33Z	
5.18.198		2020-12-10T09:27:26Z	
5.18.199		2020-12-11T15:02:19Z	
5.18.2		2020-06-25T10:35:50Z	
5.18.20		2020-07-15T10:37:21Z	
5.18.200		2020-12-13T08:52:00Z	
5.18.201		2020-12-14T11:40:28Z	
5.18.202		2020-12-14T15:30:15Z	
5.18.203		2020-12-15T18:57:35Z	
5.18.204		2020-12-16T06:09:07Z	
5.18.205		2020-12-16T20:32:35Z	
5.18.206		2020-12-17T09:36:18Z	
5.18.207		2020-12-18T10:43:42Z	
5.18.208		2020-12-21T08:55:03Z	
5.18.209		2020-12-22T15:52:15Z	
5.18.21		2020-07-15T14:13:28Z	
5.18.210		2020-12-23T07:34:24Z	
5.18.211		2020-12-23T10:09:28Z	
5.18.212		2020-12-23T14:23:28Z	
5.18.213		2020-12-23T20:29:29Z	
5.18.214		2020-12-24T08:12:21Z	
5.18.215		2021-01-03T11:02:28Z	
5.18.216		2021-01-06T07:44:16Z	
5.18.217		2021-01-07T07:13:50Z	
5.18.218		2021-01-07T14:33:19Z	
5.18.219		2021-01-12T06:06:16Z	
5.18.22		2020-07-16T05:20:32Z	
5.18.220		2021-01-12T12:30:46Z	
5.18.221		2021-01-13T14:30:04Z	
5.18.222		2021-01-13T16:50:43Z	
5.18.223		2021-01-15T05:58:39Z	
5.18.224		2021-01-15T09:41:44Z	
5.18.225		2021-01-15T14:40:32Z	
5.18.226		2021-01-18T10:07:22Z	
5.18.227		2021-01-19T05:05:08Z	
5.18.228		2021-01-19T10:48:53Z	
5.18.229		2021-01-19T15:27:26Z	
5.18.23		2020-07-16T09:49:04Z	
5.18.230		2021-01-19T18:03:39Z	
5.18.231		2021-01-20T16:53:38Z	
5.18.232		2021-01-21T03:57:57Z	
5.18.233		2021-01-21T10:40:50Z	
5.18.234		2021-01-21T15:39:01Z	
5.18.235		2022-01-26T05:04:38Z	
5.18.236		2022-02-02T04:09:35Z	
5.18.237		2022-02-10T05:23:43Z	
5.18.238		2022-02-10T08:17:53Z	
5.18.239		2022-02-14T04:22:07Z	
5.18.24		2020-07-17T08:50:17Z	
5.18.240		2022-02-14T12:30:07Z	
5.18.241		2022-02-14T19:24:56Z	
5.18.242		2022-02-25T03:58:38Z	
5.18.243		2022-02-25T14:44:23Z	
5.18.244		2022-03-02T13:26:33Z	
5.18.245			IOException: Tail request on https://maven-central.storage-download.googleapis.com/maven2/org/wso2/carbon/identity/framework/org.wso2.carbon.identity.user.store.configuration.ui/5.18.245/org.wso2.carbon.identity.user.store.configuration.ui-5.18.245.jar returned status 404
5.18.246			IOException: Tail request on https://maven-central.storage-download.googleapis.com/maven2/org/wso2/carbon/identity/framework/org.wso2.carbon.identity.user.store.configuration.ui/5.18.246/org.wso2.carbon.identity.user.store.configuration.ui-5.18.246.jar returned status 404
5.18.247			IOException: Tail request on https://maven-central.storage-download.googleapis.com/maven2/org/wso2/carbon/identity/framework/org.wso2.carbon.identity.user.store.configuration.ui/5.18.247/org.wso2.carbon.identity.user.store.configuration.ui-5.18.247.jar returned status 404
5.18.248			IOException: Tail request on https://maven-central.storage-download.googleapis.com/maven2/org/wso2/carbon/identity/framework/org.wso2.carbon.identity.user.store.configuration.ui/5.18.248/org.wso2.carbon.identity.user.store.configuration.ui-5.18.248.jar returned status 404
5.18.249			IOException: Tail request on https://maven-central.storage-download.googleapis.com/maven2/org/wso2/carbon/identity/framework/org.wso2.carbon.identity.user.store.configuration.ui/5.18.249/org.wso2.carbon.identity.user.store.configuration.ui-5.18.249.jar returned status 404
5.18.25		2020-07-17T11:17:33Z	
5.18.250			IOException: Tail request on https://maven-central.storage-download.googleapis.com/maven2/org/wso2/carbon/identity/framework/org.wso2.carbon.identity.user.store.configuration.ui/5.18.250/org.wso2.carbon.identity.user.store.configuration.ui-5.18.250.jar returned status 404
5.18.251			IOException: Tail request on https://maven-central.storage-download.googleapis.com/maven2/org/wso2/carbon/identity/framework/org.wso2.carbon.identity.user.store.configuration.ui/5.18.251/org.wso2.carbon.identity.user.store.configuration.ui-5.18.251.jar returned status 404
5.18.253		2022-08-31T03:46:03Z	
5.18.254			IOException: Tail request on https://maven-central.storage-download.googleapis.com/maven2/org/wso2/carbon/identity/framework/org.wso2.carbon.identity.user.store.configuration.ui/5.18.254/org.wso2.carbon.identity.user.store.configuration.ui-5.18.254.jar returned status 404
5.18.26		2020-07-20T07:57:41Z	
5.18.27		2020-07-20T15:08:54Z	
5.18.28		2020-07-23T08:04:42Z	
5.18.29		2020-07-24T05:26:00Z	
5.18.3		2020-06-26T07:38:42Z	
5.18.30		2020-07-24T12:40:21Z	
5.18.31		2020-07-28T09:20:01Z	
5.18.32		2020-07-30T09:38:29Z	
5.18.33		2020-07-31T10:04:20Z	
5.18.34		2020-08-05T08:22:07Z	
5.18.35		2020-08-05T17:43:36Z	
5.18.36		2020-08-06T03:41:30Z	
5.18.37		2020-08-06T05:42:02Z	
5.18.38		2020-08-06T10:40:42Z	
5.18.39		2020-08-06T12:41:57Z	
5.18.4		2020-06-30T22:42:58Z	
5.18.40		2020-08-06T13:50:50Z	
5.18.41		2020-08-07T09:19:49Z	
5.18.42		2020-08-09T06:13:16Z	
5.18.43		2020-08-10T04:46:39Z	
5.18.44		2020-08-10T07:19:03Z	
5.18.45		2020-08-10T10:01:37Z	
5.18.46		2020-08-11T05:52:24Z	
5.18.47		2020-08-11T09:57:48Z	
5.18.48		2020-08-11T13:28:17Z	
5.18.49		2020-08-11T17:41:42Z	
5.18.5		2020-07-01T01:46:15Z	
5.18.50		2020-08-12T09:29:18Z	
5.18.51		2020-08-12T12:26:07Z	
5.18.52		2020-08-13T16:16:49Z	
5.18.53		2020-08-14T09:48:02Z	
5.18.54		2020-08-15T18:54:35Z	
5.18.55		2020-08-16T07:43:47Z	
5.18.56		2020-08-16T13:26:55Z	
5.18.57		2020-08-17T04:13:26Z	
5.18.58		2020-08-17T06:24:19Z	
5.18.59		2020-08-17T23:58:08Z	
5.18.6		2020-07-02T05:09:15Z	
5.18.60		2020-08-18T11:20:05Z	
5.18.61		2020-08-19T05:59:50Z	
5.18.62		2020-08-19T17:02:42Z	
5.18.63		2020-08-20T04:26:26Z	
5.18.64		2020-08-20T08:41:55Z	
5.18.65		2020-08-20T09:42:00Z	
5.18.66		2020-08-20T12:31:10Z	
5.18.67		2020-08-23T08:04:38Z	
5.18.68		2020-08-24T04:35:04Z	
5.18.69		2020-08-24T10:21:36Z	
5.18.7		2020-07-02T09:05:44Z	
5.18.70		2020-08-26T05:26:50Z	
5.18.71		2020-08-27T14:51:00Z	
5.18.72		2020-08-31T08:09:26Z	
5.18.73		2020-08-31T11:23:44Z	
5.18.74		2020-09-02T08:57:21Z	
5.18.75		2020-09-04T06:34:11Z	
5.18.76		2020-09-05T04:43:59Z	
5.18.77		2020-09-06T08:03:28Z	
5.18.78		2020-09-07T08:55:08Z	
5.18.79		2020-09-07T15:01:40Z	
5.18.8		2020-07-02T11:28:33Z	
5.18.80		2020-09-08T04:48:35Z	
5.18.81		2020-09-08T17:55:26Z	
5.18.82		2020-09-09T06:38:36Z	
5.18.83		2020-09-09T13:06:14Z	
5.18.84		2020-09-09T14:25:25Z	
5.18.85		2020-09-10T09:47:00Z	
5.18.86		2020-09-11T03:50:54Z	
5.18.87		2020-09-11T11:14:09Z	
5.18.88		2020-09-14T05:05:20Z	
5.18.89		2020-09-16T11:38:41Z	
5.18.9		2020-07-03T08:50:00Z	
5.18.90		2020-09-17T03:15:20Z	
5.18.91		2020-09-17T10:14:25Z	
5.18.92		2020-09-17T11:15:42Z	
5.18.93		2020-09-17T16:10:51Z	
5.18.94		2020-09-17T19:45:21Z	
5.18.95		2020-09-18T04:07:28Z	
5.18.96		2020-09-18T13:34:07Z	
5.18.97		2020-09-22T06:15:12Z	
5.18.98		2020-09-22T11:52:57Z	
5.18.99		2020-09-23T17:37:41Z	
5.19.0		2021-01-21T18:37:51Z	
5.19.1		2021-01-22T04:53:05Z	
5.19.10		2021-02-02T08:07:26Z	
5.19.11		2021-02-03T11:41:43Z	
5.19.12		2021-02-05T07:51:11Z	
5.19.13		2021-02-05T11:44:05Z	
5.19.14		2021-02-05T20:04:03Z	
5.19.15		2021-02-06T18:39:01Z	
5.19.16		2021-02-07T10:13:29Z	
5.19.17		2021-02-07T11:36:45Z	
5.19.18		2021-02-08T04:54:15Z	
5.19.19		2021-02-08T12:08:24Z	
5.19.2		2021-01-25T08:00:51Z	
5.19.20		2021-02-09T04:50:26Z	
5.19.21		2021-02-10T06:08:17Z	
5.19.22		2021-02-11T01:07:56Z	
5.19.23		2021-02-11T05:05:41Z	
5.19.24		2021-02-11T11:41:37Z	
5.19.25		2021-02-11T20:17:15Z	
5.19.26		2021-02-12T11:28:03Z	
5.19.27		2021-02-12T18:22:50Z	
5.19.28		2021-02-13T13:40:51Z	
5.19.29		2021-02-13T17:29:00Z	
5.19.3		2021-01-26T15:15:33Z	
5.19.30		2021-02-14T03:58:35Z	
5.19.31		2021-02-14T16:04:11Z	
5.19.32		2021-02-14T22:47:26Z	
5.19.33		2021-02-16T12:27:58Z	
5.19.34		2021-02-16T16:58:51Z	
5.19.35		2021-02-17T10:55:55Z	
5.19.36		2021-02-18T06:53:59Z	
5.19.37		2021-02-19T08:39:19Z	
5.19.38		2021-02-23T05:05:53Z	
5.19.39		2021-02-23T22:17:33Z	
5.19.4		2021-01-27T05:57:17Z	
5.19.40		2021-02-24T07:08:22Z	
5.19.41		2021-02-24T13:37:09Z	
5.19.42		2021-02-26T09:11:33Z	
5.19.43		2021-03-02T12:31:33Z	
5.19.44		2021-03-03T09:36:21Z	
5.19.45		2021-03-08T09:38:46Z	
5.19.46		2021-03-09T13:18:48Z	
5.19.47		2021-03-09T16:30:15Z	
5.19.48		2021-03-09T18:48:21Z	
5.19.49		2021-03-10T10:01:45Z	
5.19.5		2021-01-27T08:55:31Z	
5.19.50		2021-03-10T16:23:14Z	
5.19.51		2021-03-11T06:13:42Z	
5.19.52		2021-03-12T06:43:30Z	
5.19.53		2021-03-14T16:41:53Z	
5.19.54		2021-03-15T07:18:49Z	
5.19.55		2021-03-16T10:44:29Z	
5.19.56		2021-03-17T16:38:26Z	
5.19.57		2021-03-18T03:51:59Z	
5.19.58		2021-03-18T17:28:41Z	
5.19.6		2021-01-27T13:48:09Z	
5.19.7		2021-01-29T07:06:16Z	
5.19.8		2021-01-29T10:37:23Z	
5.19.9		2021-01-29T13:28:37Z	
5.20.0		2021-03-22T07:33:26Z	
5.20.1		2021-03-23T08:00:21Z	
5.20.10		2021-03-30T14:28:44Z	
5.20.100		2021-07-01T04:42:48Z	
5.20.101		2021-07-01T08:46:00Z	
5.20.102		2021-07-02T08:13:40Z	
5.20.103		2021-07-05T06:38:28Z	
5.20.104		2021-07-08T07:27:33Z	
5.20.105		2021-07-08T14:34:31Z	
5.20.106		2021-07-08T19:11:36Z	
5.20.107		2021-07-09T07:26:53Z	
5.20.108		2021-07-12T04:36:37Z	
5.20.109		2021-07-12T10:33:27Z	
5.20.11		2021-03-31T00:06:17Z	
5.20.110		2021-07-12T18:27:00Z	
5.20.111		2021-07-13T03:48:51Z	
5.20.112		2021-07-13T10:06:58Z	
5.20.113		2021-07-13T12:31:07Z	
5.20.114		2021-07-14T12:35:52Z	
5.20.115		2021-07-15T09:06:13Z	
5.20.116		2021-07-15T19:40:44Z	
5.20.117		2021-07-16T07:00:24Z	
5.20.118		2021-07-16T13:37:29Z	
5.20.119		2021-07-16T17:25:59Z	
5.20.12		2021-04-05T11:53:07Z	
5.20.120		2021-07-16T21:19:34Z	
5.20.121		2021-07-21T07:03:57Z	
5.20.122		2021-07-21T12:50:43Z	
5.20.123		2021-07-21T17:13:57Z	
5.20.124		2021-07-22T11:02:42Z	
5.20.125		2021-07-22T13:14:42Z	
5.20.126		2021-07-26T06:25:11Z	
5.20.127		2021-07-28T05:08:13Z	
5.20.128		2021-07-28T20:51:11Z	
5.20.129		2021-07-29T10:17:14Z	
5.20.13		2021-04-06T07:26:30Z	
5.20.130		2021-07-29T13:23:54Z	
5.20.131		2021-08-02T04:32:18Z	
5.20.132		2021-08-02T13:05:11Z	
5.20.133		2021-08-02T17:23:24Z	
5.20.134		2021-08-03T10:16:59Z	
5.20.135		2021-08-03T13:49:27Z	
5.20.136		2021-08-05T09:18:04Z	
5.20.137		2021-08-05T12:13:22Z	
5.20.138		2021-08-06T08:33:55Z	
5.20.139		2021-08-07T05:25:32Z	
5.20.14		2021-04-06T14:23:33Z	
5.20.140		2021-08-09T07:01:27Z	
5.20.141		2021-08-09T12:13:02Z	
5.20.142		2021-08-09T17:57:17Z	
5.20.143		2021-08-10T06:14:09Z	
5.20.144		2021-08-10T12:09:37Z	
5.20.145		2021-08-10T19:27:44Z	
5.20.146		2021-08-11T12:34:22Z	
5.20.147		2021-08-12T04:18:57Z	
5.20.148		2021-08-12T13:06:36Z	
5.20.149		2021-08-13T07:10:17Z	
5.20.15		2021-04-07T05:19:21Z	
5.20.150		2021-08-13T10:13:03Z	
5.20.151		2021-08-16T06:50:12Z	
5.20.152		2021-08-16T11:22:01Z	
5.20.153		2021-08-17T07:33:45Z	
5.20.154		2021-08-17T12:14:24Z	
5.20.155		2021-08-18T06:02:45Z	
5.20.156		2021-08-18T09:13:45Z	
5.20.157		2021-08-18T17:45:58Z	
5.20.158		2021-08-19T12:15:52Z	
5.20.159		2021-08-19T21:11:28Z	
5.20.16		2021-04-07T12:54:53Z	
5.20.160		2021-08-20T06:08:13Z	
5.20.161		2021-08-20T11:39:33Z	
5.20.162		2021-08-21T15:52:18Z	
5.20.163		2021-08-23T16:40:25Z	
5.20.164		2021-08-25T11:06:06Z	
5.20.165		2021-08-26T04:46:19Z	
5.20.166		2021-08-26T09:52:26Z	
5.20.167		2021-08-27T01:45:16Z	
5.20.168		2021-08-28T14:39:09Z	
5.20.169		2021-08-30T06:10:35Z	
5.20.17		2021-04-17T02:56:17Z	
5.20.170		2021-08-30T13:01:56Z	
5.20.171		2021-08-31T04:44:08Z	
5.20.172		2021-08-31T11:42:10Z	
5.20.173		2021-08-31T17:45:45Z	
5.20.174		2021-09-01T05:21:09Z	
5.20.175		2021-09-01T16:57:58Z	
5.20.176		2021-09-02T04:08:46Z	
5.20.177		2021-09-02T10:59:04Z	
5.20.178		2021-09-02T16:47:47Z	
5.20.179		2021-09-02T18:32:25Z	
5.20.18		2021-04-17T05:46:53Z	
5.20.180		2021-09-03T05:45:43Z	
5.20.181		2021-09-03T13:18:09Z	
5.20.182		2021-09-03T18:45:38Z	
5.20.183		2021-09-06T04:21:02Z	
5.20.184		2021-09-06T08:25:06Z	
5.20.185		2021-09-06T17:02:16Z	
5.20.186		2021-09-10T06:30:28Z	
5.20.187		2021-09-13T06:08:43Z	
5.20.188		2021-09-13T09:06:46Z	
5.20.189		2021-09-14T12:20:31Z	
5.20.19		2021-04-17T19:34:46Z	
5.20.190		2021-09-15T08:52:54Z	
5.20.191		2021-09-15T15:51:47Z	
5.20.192		2021-09-16T14:09:27Z	
5.20.193		2021-09-17T03:18:33Z	
5.20.194		2021-09-17T08:01:46Z	
5.20.195		2021-09-20T11:24:49Z	
5.20.196		2021-09-21T05:59:40Z	
5.20.197		2021-09-21T12:32:15Z	
5.20.198		2021-09-21T15:51:11Z	
5.20.199		2021-09-21T18:52:04Z	
5.20.20		2021-04-18T15:14:50Z	
5.20.200		2021-09-22T03:25:37Z	
5.20.201		2021-09-22T05:58:57Z	
5.20.202		2021-09-23T13:57:44Z	
5.20.203		2021-09-24T05:59:57Z	
5.20.204		2021-09-24T10:11:16Z	
5.20.205		2021-09-24T21:12:29Z	
5.20.206		2021-09-26T11:13:12Z	
5.20.207		2021-09-27T15:26:26Z	
5.20.208		2021-09-28T07:50:15Z	
5.20.209		2021-09-29T11:44:13Z	
5.20.21		2021-04-18T18:51:27Z	
5.20.210		2021-09-30T04:54:52Z	
5.20.211		2021-09-30T12:01:55Z	
5.20.212		2021-10-04T04:21:52Z	
5.20.213		2021-10-04T05:26:16Z	
5.20.214		2021-10-04T06:55:28Z	
5.20.215		2021-10-04T11:44:08Z	
5.20.216		2021-10-04T15:06:39Z	
5.20.217		2021-10-05T11:07:55Z	
5.20.218		2021-10-05T13:31:01Z	
5.20.219		2021-10-05T14:19:12Z	
5.20.22		2021-04-19T17:48:27Z	
5.20.220		2021-10-05T18:51:26Z	
5.20.221		2021-10-06T09:35:30Z	
5.20.222		2021-10-07T05:01:44Z	
5.20.223		2021-10-07T09:12:15Z	
5.20.224		2021-10-07T12:26:45Z	
5.20.225		2021-10-08T03:43:40Z	
5.20.226		2021-10-09T19:52:44Z	
5.20.227		2021-10-10T08:01:22Z	
5.20.228		2021-10-10T15:50:03Z	
5.20.229		2021-10-11T07:03:53Z	
5.20.23		2021-04-20T06:09:42Z	
5.20.230		2021-10-11T14:40:52Z	
5.20.231		2021-10-11T20:25:41Z	
5.20.232		2021-10-12T04:32:41Z	
5.20.233		2021-10-12T06:55:33Z	
5.20.234		2021-10-14T15:47:02Z	
5.20.235		2021-10-15T09:47:35Z	
5.20.236		2021-10-15T15:40:08Z	
5.20.237		2021-10-16T07:23:34Z	
5.20.238		2021-10-18T05:00:08Z	
5.20.239		2021-10-21T04:23:30Z	
5.20.24		2021-04-20T10:02:30Z	
5.20.240		2021-10-21T08:03:26Z	
5.20.241		2021-10-22T07:20:08Z	
5.20.242		2021-10-22T12:07:57Z	
5.20.243		2021-10-25T03:56:42Z	
5.20.244		2021-10-26T12:51:08Z	
5.20.245		2021-10-26T15:36:26Z	
5.20.246		2021-11-04T10:20:14Z	
5.20.247		2021-11-05T09:13:43Z	
5.20.248		2021-11-05T10:37:58Z	
5.20.249		2021-11-05T14:11:47Z	
5.20.25		2021-04-21T07:48:37Z	
5.20.250		2021-11-09T07:35:42Z	
5.20.251		2021-11-09T10:57:37Z	
5.20.252		2021-11-10T02:31:26Z	
5.20.253		2021-11-11T03:36:34Z	
5.20.254		2021-11-12T19:08:01Z	
5.20.255		2021-11-18T05:31:21Z	
5.20.256		2021-11-19T04:55:39Z	
5.20.257		2021-11-22T14:11:44Z	
5.20.258		2021-11-23T02:12:32Z	
5.20.259		2021-11-23T04:10:00Z	
5.20.26		2021-04-21T11:41:38Z	
5.20.260		2021-11-25T09:17:17Z	
5.20.261		2021-11-25T10:40:10Z	
5.20.262		2021-11-26T15:57:28Z	
5.20.263		2021-11-26T18:18:40Z	
5.20.264		2021-11-29T02:58:30Z	
5.20.265		2021-11-30T05:54:08Z	
5.20.266		2021-12-02T06:58:27Z	
5.20.267		2021-12-06T02:09:44Z	
5.20.268		2021-12-06T16:28:28Z	
5.20.269		2021-12-07T08:26:36Z	
5.20.27		2021-04-21T15:12:15Z	
5.20.270		2021-12-07T14:13:58Z	
5.20.271		2021-12-11T13:22:51Z	
5.20.272		2021-12-13T06:38:26Z	
5.20.273		2021-12-13T11:55:53Z	
5.20.274		2021-12-16T07:08:55Z	
5.20.275		2021-12-16T08:57:14Z	
5.20.276		2021-12-17T06:50:19Z	
5.20.277		2021-12-17T09:21:39Z	
5.20.278		2021-12-21T15:12:53Z	
5.20.279		2021-12-22T06:02:46Z	
5.20.28		2021-04-21T18:20:39Z	
5.20.280		2021-12-22T08:11:30Z	
5.20.281		2021-12-27T13:51:31Z	
5.20.282		2022-01-05T16:21:59Z	
5.20.283		2022-01-06T05:18:05Z	
5.20.284		2022-01-06T14:02:42Z	
5.20.285		2022-01-07T04:38:35Z	
5.20.286		2022-01-07T15:23:19Z	
5.20.287		2022-01-10T04:33:35Z	
5.20.288		2022-01-11T06:20:34Z	
5.20.289		2022-01-13T04:52:34Z	
5.20.29		2021-04-22T06:47:33Z	
5.20.290		2022-01-13T16:50:49Z	
5.20.291		2022-01-13T20:01:43Z	
5.20.292		2022-01-18T05:22:23Z	
5.20.293		2022-01-18T11:41:24Z	
5.20.294		2022-01-18T16:48:07Z	
5.20.295		2022-01-19T06:12:58Z	
5.20.296		2022-01-20T05:59:05Z	
5.20.297		2022-01-21T04:07:36Z	
5.20.298		2022-01-24T09:53:05Z	
5.20.299		2022-01-24T12:26:28Z	
5.20.3		2021-03-24T10:41:34Z	
5.20.30		2021-04-22T10:37:05Z	
5.20.300		2022-01-25T07:55:38Z	
5.20.301		2022-01-28T08:46:47Z	
5.20.302		2022-01-28T11:14:18Z	
5.20.303		2022-01-31T03:04:15Z	
5.20.304		2022-01-31T11:24:07Z	
5.20.305		2022-01-31T14:40:02Z	
5.20.306		2022-02-01T06:13:00Z	
5.20.307		2022-02-01T18:31:23Z	
5.20.308		2022-02-03T05:21:23Z	
5.20.309		2022-02-09T03:43:28Z	
5.20.31		2021-04-23T07:30:32Z	
5.20.310		2022-02-09T13:43:01Z	
5.20.311		2022-02-10T05:46:29Z	
5.20.312		2022-02-10T09:38:59Z	
5.20.313		2022-02-13T15:23:06Z	
5.20.314		2022-02-13T16:14:33Z	
5.20.315		2022-02-15T10:52:45Z	
5.20.316		2022-02-17T07:01:30Z	
5.20.317		2022-02-17T09:33:27Z	
5.20.318		2022-02-18T04:19:37Z	
5.20.319		2022-02-21T08:20:18Z	
5.20.32		2021-04-23T17:52:25Z	
5.20.320		2022-02-24T08:14:42Z	
5.20.321		2022-02-28T09:56:30Z	
5.20.322		2022-03-01T12:54:18Z	
5.20.323		2022-03-03T05:15:14Z	
5.20.324		2022-03-03T09:06:02Z	
5.20.325			IOException: Tail request on https://maven-central.storage-download.googleapis.com/maven2/org/wso2/carbon/identity/framework/org.wso2.carbon.identity.user.store.configuration.ui/5.20.325/org.wso2.carbon.identity.user.store.configuration.ui-5.20.325.jar returned status 404
5.20.326			IOException: Tail request on https://maven-central.storage-download.googleapis.com/maven2/org/wso2/carbon/identity/framework/org.wso2.carbon.identity.user.store.configuration.ui/5.20.326/org.wso2.carbon.identity.user.store.configuration.ui-5.20.326.jar returned status 404
5.20.327			IOException: Tail request on https://maven-central.storage-download.googleapis.com/maven2/org/wso2/carbon/identity/framework/org.wso2.carbon.identity.user.store.configuration.ui/5.20.327/org.wso2.carbon.identity.user.store.configuration.ui-5.20.327.jar returned status 404
5.20.328			IOException: Tail request on https://maven-central.storage-download.googleapis.com/maven2/org/wso2/carbon/identity/framework/org.wso2.carbon.identity.user.store.configuration.ui/5.20.328/org.wso2.carbon.identity.user.store.configuration.ui-5.20.328.jar returned status 404
5.20.329			IOException: Tail request on https://maven-central.storage-download.googleapis.com/maven2/org/wso2/carbon/identity/framework/org.wso2.carbon.identity.user.store.configuration.ui/5.20.329/org.wso2.carbon.identity.user.store.configuration.ui-5.20.329.jar returned status 404
5.20.33		2021-04-26T06:52:48Z	
5.20.330			IOException: Tail request on https://maven-central.storage-download.googleapis.com/maven2/org/wso2/carbon/identity/framework/org.wso2.carbon.identity.user.store.configuration.ui/5.20.330/org.wso2.carbon.identity.user.store.configuration.ui-5.20.330.jar returned status 404
5.20.331			IOException: Tail request on https://maven-central.storage-download.googleapis.com/maven2/org/wso2/carbon/identity/framework/org.wso2.carbon.identity.user.store.configuration.ui/5.20.331/org.wso2.carbon.identity.user.store.configuration.ui-5.20.331.jar returned status 404
5.20.332			IOException: Tail request on https://maven-central.storage-download.googleapis.com/maven2/org/wso2/carbon/identity/framework/org.wso2.carbon.identity.user.store.configuration.ui/5.20.332/org.wso2.carbon.identity.user.store.configuration.ui-5.20.332.jar returned status 404
5.20.333			IOException: Tail request on https://maven-central.storage-download.googleapis.com/maven2/org/wso2/carbon/identity/framework/org.wso2.carbon.identity.user.store.configuration.ui/5.20.333/org.wso2.carbon.identity.user.store.configuration.ui-5.20.333.jar returned status 404
5.20.334			IOException: Tail request on https://maven-central.storage-download.googleapis.com/maven2/org/wso2/carbon/identity/framework/org.wso2.carbon.identity.user.store.configuration.ui/5.20.334/org.wso2.carbon.identity.user.store.configuration.ui-5.20.334.jar returned status 404
5.20.335			IOException: Tail request on https://maven-central.storage-download.googleapis.com/maven2/org/wso2/carbon/identity/framework/org.wso2.carbon.identity.user.store.configuration.ui/5.20.335/org.wso2.carbon.identity.user.store.configuration.ui-5.20.335.jar returned status 404
5.20.336			IOException: Tail request on https://maven-central.storage-download.googleapis.com/maven2/org/wso2/carbon/identity/framework/org.wso2.carbon.identity.user.store.configuration.ui/5.20.336/org.wso2.carbon.identity.user.store.configuration.ui-5.20.336.jar returned status 404
5.20.337			IOException: Tail request on https://maven-central.storage-download.googleapis.com/maven2/org/wso2/carbon/identity/framework/org.wso2.carbon.identity.user.store.configuration.ui/5.20.337/org.wso2.carbon.identity.user.store.configuration.ui-5.20.337.jar returned status 404
5.20.338			IOException: Tail request on https://maven-central.storage-download.googleapis.com/maven2/org/wso2/carbon/identity/framework/org.wso2.carbon.identity.user.store.configuration.ui/5.20.338/org.wso2.carbon.identity.user.store.configuration.ui-5.20.338.jar returned status 404
5.20.339			IOException: Tail request on https://maven-central.storage-download.googleapis.com/maven2/org/wso2/carbon/identity/framework/org.wso2.carbon.identity.user.store.configuration.ui/5.20.339/org.wso2.carbon.identity.user.store.configuration.ui-5.20.339.jar returned status 404
5.20.34		2021-04-26T19:02:59Z	
5.20.340			IOException: Tail request on https://maven-central.storage-download.googleapis.com/maven2/org/wso2/carbon/identity/framework/org.wso2.carbon.identity.user.store.configuration.ui/5.20.340/org.wso2.carbon.identity.user.store.configuration.ui-5.20.340.jar returned status 404
5.20.341			IOException: Tail request on https://maven-central.storage-download.googleapis.com/maven2/org/wso2/carbon/identity/framework/org.wso2.carbon.identity.user.store.configuration.ui/5.20.341/org.wso2.carbon.identity.user.store.configuration.ui-5.20.341.jar returned status 404
5.20.342			IOException: Tail request on https://maven-central.storage-download.googleapis.com/maven2/org/wso2/carbon/identity/framework/org.wso2.carbon.identity.user.store.configuration.ui/5.20.342/org.wso2.carbon.identity.user.store.configuration.ui-5.20.342.jar returned status 404
5.20.343			IOException: Tail request on https://maven-central.storage-download.googleapis.com/maven2/org/wso2/carbon/identity/framework/org.wso2.carbon.identity.user.store.configuration.ui/5.20.343/org.wso2.carbon.identity.user.store.configuration.ui-5.20.343.jar returned status 404
5.20.344			IOException: Tail request on https://maven-central.storage-download.googleapis.com/maven2/org/wso2/carbon/identity/framework/org.wso2.carbon.identity.user.store.configuration.ui/5.20.344/org.wso2.carbon.identity.user.store.configuration.ui-5.20.344.jar returned status 404
5.20.345			IOException: Tail request on https://maven-central.storage-download.googleapis.com/maven2/org/wso2/carbon/identity/framework/org.wso2.carbon.identity.user.store.configuration.ui/5.20.345/org.wso2.carbon.identity.user.store.configuration.ui-5.20.345.jar returned status 404
5.20.346			IOException: Tail request on https://maven-central.storage-download.googleapis.com/maven2/org/wso2/carbon/identity/framework/org.wso2.carbon.identity.user.store.configuration.ui/5.20.346/org.wso2.carbon.identity.user.store.configuration.ui-5.20.346.jar returned status 404
5.20.347			IOException: Tail request on https://maven-central.storage-download.googleapis.com/maven2/org/wso2/carbon/identity/framework/org.wso2.carbon.identity.user.store.configuration.ui/5.20.347/org.wso2.carbon.identity.user.store.configuration.ui-5.20.347.jar returned status 404
5.20.349			IOException: Tail request on https://maven-central.storage-download.googleapis.com/maven2/org/wso2/carbon/identity/framework/org.wso2.carbon.identity.user.store.configuration.ui/5.20.349/org.wso2.carbon.identity.user.store.configuration.ui-5.20.349.jar returned status 404
5.20.35		2021-04-29T04:36:33Z	
5.20.350			IOException: Tail request on https://maven-central.storage-download.googleapis.com/maven2/org/wso2/carbon/identity/framework/org.wso2.carbon.identity.user.store.configuration.ui/5.20.350/org.wso2.carbon.identity.user.store.configuration.ui-5.20.350.jar returned status 404
5.20.351			IOException: Tail request on https://maven-central.storage-download.googleapis.com/maven2/org/wso2/carbon/identity/framework/org.wso2.carbon.identity.user.store.configuration.ui/5.20.351/org.wso2.carbon.identity.user.store.configuration.ui-5.20.351.jar returned status 404
5.20.352			IOException: Tail request on https://maven-central.storage-download.googleapis.com/maven2/org/wso2/carbon/identity/framework/org.wso2.carbon.identity.user.store.configuration.ui/5.20.352/org.wso2.carbon.identity.user.store.configuration.ui-5.20.352.jar returned status 404
5.20.353			IOException: Tail request on https://maven-central.storage-download.googleapis.com/maven2/org/wso2/carbon/identity/framework/org.wso2.carbon.identity.user.store.configuration.ui/5.20.353/org.wso2.carbon.identity.user.store.configuration.ui-5.20.353.jar returned status 404
5.20.354			IOException: Tail request on https://maven-central.storage-download.googleapis.com/maven2/org/wso2/carbon/identity/framework/org.wso2.carbon.identity.user.store.configuration.ui/5.20.354/org.wso2.carbon.identity.user.store.configuration.ui-5.20.354.jar returned status 404
5.20.355			IOException: Tail request on https://maven-central.storage-download.googleapis.com/maven2/org/wso2/carbon/identity/framework/org.wso2.carbon.identity.user.store.configuration.ui/5.20.355/org.wso2.carbon.identity.user.store.configuration.ui-5.20.355.jar returned status 404
5.20.356			IOException: Tail request on https://maven-central.storage-download.googleapis.com/maven2/org/wso2/carbon/identity/framework/org.wso2.carbon.identity.user.store.configuration.ui/5.20.356/org.wso2.carbon.identity.user.store.configuration.ui-5.20.356.jar returned status 404
5.20.357			IOException: Tail request on https://maven-central.storage-download.googleapis.com/maven2/org/wso2/carbon/identity/framework/org.wso2.carbon.identity.user.store.configuration.ui/5.20.357/org.wso2.carbon.identity.user.store.configuration.ui-5.20.357.jar returned status 404
5.20.358			IOException: Tail request on https://maven-central.storage-download.googleapis.com/maven2/org/wso2/carbon/identity/framework/org.wso2.carbon.identity.user.store.configuration.ui/5.20.358/org.wso2.carbon.identity.user.store.configuration.ui-5.20.358.jar returned status 404
5.20.359			IOException: Tail request on https://maven-central.storage-download.googleapis.com/maven2/org/wso2/carbon/identity/framework/org.wso2.carbon.identity.user.store.configuration.ui/5.20.359/org.wso2.carbon.identity.user.store.configuration.ui-5.20.359.jar returned status 404
5.20.36		2021-05-03T04:42:56Z	
5.20.360			IOException: Tail request on https://maven-central.storage-download.googleapis.com/maven2/org/wso2/carbon/identity/framework/org.wso2.carbon.identity.user.store.configuration.ui/5.20.360/org.wso2.carbon.identity.user.store.configuration.ui-5.20.360.jar returned status 404
5.20.361			IOException: Tail request on https://maven-central.storage-download.googleapis.com/maven2/org/wso2/carbon/identity/framework/org.wso2.carbon.identity.user.store.configuration.ui/5.20.361/org.wso2.carbon.identity.user.store.configuration.ui-5.20.361.jar returned status 404
5.20.362			IOException: Tail request on https://maven-central.storage-download.googleapis.com/maven2/org/wso2/carbon/identity/framework/org.wso2.carbon.identity.user.store.configuration.ui/5.20.362/org.wso2.carbon.identity.user.store.configuration.ui-5.20.362.jar returned status 404
5.20.363			IOException: Tail request on https://maven-central.storage-download.googleapis.com/maven2/org/wso2/carbon/identity/framework/org.wso2.carbon.identity.user.store.configuration.ui/5.20.363/org.wso2.carbon.identity.user.store.configuration.ui-5.20.363.jar returned status 404
5.20.364			IOException: Tail request on https://maven-central.storage-download.googleapis.com/maven2/org/wso2/carbon/identity/framework/org.wso2.carbon.identity.user.store.configuration.ui/5.20.364/org.wso2.carbon.identity.user.store.configuration.ui-5.20.364.jar returned status 404
5.20.365			IOException: Tail request on https://maven-central.storage-download.googleapis.com/maven2/org/wso2/carbon/identity/framework/org.wso2.carbon.identity.user.store.configuration.ui/5.20.365/org.wso2.carbon.identity.user.store.configuration.ui-5.20.365.jar returned status 404
5.20.366			IOException: Tail request on https://maven-central.storage-download.googleapis.com/maven2/org/wso2/carbon/identity/framework/org.wso2.carbon.identity.user.store.configuration.ui/5.20.366/org.wso2.carbon.identity.user.store.configuration.ui-5.20.366.jar returned status 404
5.20.367			IOException: Tail request on https://maven-central.storage-download.googleapis.com/maven2/org/wso2/carbon/identity/framework/org.wso2.carbon.identity.user.store.configuration.ui/5.20.367/org.wso2.carbon.identity.user.store.configuration.ui-5.20.367.jar returned status 404
5.20.368			IOException: Tail request on https://maven-central.storage-download.googleapis.com/maven2/org/wso2/carbon/identity/framework/org.wso2.carbon.identity.user.store.configuration.ui/5.20.368/org.wso2.carbon.identity.user.store.configuration.ui-5.20.368.jar returned status 404
5.20.369			IOException: Tail request on https://maven-central.storage-download.googleapis.com/maven2/org/wso2/carbon/identity/framework/org.wso2.carbon.identity.user.store.configuration.ui/5.20.369/org.wso2.carbon.identity.user.store.configuration.ui-5.20.369.jar returned status 404
5.20.37		2021-05-04T15:33:45Z	
5.20.370			IOException: Tail request on https://maven-central.storage-download.googleapis.com/maven2/org/wso2/carbon/identity/framework/org.wso2.carbon.identity.user.store.configuration.ui/5.20.370/org.wso2.carbon.identity.user.store.configuration.ui-5.20.370.jar returned status 404
5.20.371			IOException: Tail request on https://maven-central.storage-download.googleapis.com/maven2/org/wso2/carbon/identity/framework/org.wso2.carbon.identity.user.store.configuration.ui/5.20.371/org.wso2.carbon.identity.user.store.configuration.ui-5.20.371.jar returned status 404
5.20.372			IOException: Tail request on https://maven-central.storage-download.googleapis.com/maven2/org/wso2/carbon/identity/framework/org.wso2.carbon.identity.user.store.configuration.ui/5.20.372/org.wso2.carbon.identity.user.store.configuration.ui-5.20.372.jar returned status 404
5.20.373			IOException: Tail request on https://maven-central.storage-download.googleapis.com/maven2/org/wso2/carbon/identity/framework/org.wso2.carbon.identity.user.store.configuration.ui/5.20.373/org.wso2.carbon.identity.user.store.configuration.ui-5.20.373.jar returned status 404
5.20.374			IOException: Tail request on https://maven-central.storage-download.googleapis.com/maven2/org/wso2/carbon/identity/framework/org.wso2.carbon.identity.user.store.configuration.ui/5.20.374/org.wso2.carbon.identity.user.store.configuration.ui-5.20.374.jar returned status 404
5.20.375			IOException: Tail request on https://maven-central.storage-download.googleapis.com/maven2/org/wso2/carbon/identity/framework/org.wso2.carbon.identity.user.store.configuration.ui/5.20.375/org.wso2.carbon.identity.user.store.configuration.ui-5.20.375.jar returned status 404
5.20.376			IOException: Tail request on https://maven-central.storage-download.googleapis.com/maven2/org/wso2/carbon/identity/framework/org.wso2.carbon.identity.user.store.configuration.ui/5.20.376/org.wso2.carbon.identity.user.store.configuration.ui-5.20.376.jar returned status 404
5.20.377			IOException: Tail request on https://maven-central.storage-download.googleapis.com/maven2/org/wso2/carbon/identity/framework/org.wso2.carbon.identity.user.store.configuration.ui/5.20.377/org.wso2.carbon.identity.user.store.configuration.ui-5.20.377.jar returned status 404
5.20.378			IOException: Tail request on https://maven-central.storage-download.googleapis.com/maven2/org/wso2/carbon/identity/framework/org.wso2.carbon.identity.user.store.configuration.ui/5.20.378/org.wso2.carbon.identity.user.store.configuration.ui-5.20.378.jar returned status 404
5.20.379			IOException: Tail request on https://maven-central.storage-download.googleapis.com/maven2/org/wso2/carbon/identity/framework/org.wso2.carbon.identity.user.store.configuration.ui/5.20.379/org.wso2.carbon.identity.user.store.configuration.ui-5.20.379.jar returned status 404
5.20.38		2021-05-06T16:21:21Z	
5.20.380			IOException: Tail request on https://maven-central.storage-download.googleapis.com/maven2/org/wso2/carbon/identity/framework/org.wso2.carbon.identity.user.store.configuration.ui/5.20.380/org.wso2.carbon.identity.user.store.configuration.ui-5.20.380.jar returned status 404
5.20.381			IOException: Tail request on https://maven-central.storage-download.googleapis.com/maven2/org/wso2/carbon/identity/framework/org.wso2.carbon.identity.user.store.configuration.ui/5.20.381/org.wso2.carbon.identity.user.store.configuration.ui-5.20.381.jar returned status 404
5.20.382			IOException: Tail request on https://maven-central.storage-download.googleapis.com/maven2/org/wso2/carbon/identity/framework/org.wso2.carbon.identity.user.store.configuration.ui/5.20.382/org.wso2.carbon.identity.user.store.configuration.ui-5.20.382.jar returned status 404
5.20.383			IOException: Tail request on https://maven-central.storage-download.googleapis.com/maven2/org/wso2/carbon/identity/framework/org.wso2.carbon.identity.user.store.configuration.ui/5.20.383/org.wso2.carbon.identity.user.store.configuration.ui-5.20.383.jar returned status 404
5.20.384			IOException: Tail request on https://maven-central.storage-download.googleapis.com/maven2/org/wso2/carbon/identity/framework/org.wso2.carbon.identity.user.store.configuration.ui/5.20.384/org.wso2.carbon.identity.user.store.configuration.ui-5.20.384.jar returned status 404
5.20.385			IOException: Tail request on https://maven-central.storage-download.googleapis.com/maven2/org/wso2/carbon/identity/framework/org.wso2.carbon.identity.user.store.configuration.ui/5.20.385/org.wso2.carbon.identity.user.store.configuration.ui-5.20.385.jar returned status 404
5.20.386			IOException: Tail request on https://maven-central.storage-download.googleapis.com/maven2/org/wso2/carbon/identity/framework/org.wso2.carbon.identity.user.store.configuration.ui/5.20.386/org.wso2.carbon.identity.user.store.configuration.ui-5.20.386.jar returned status 404
5.20.387			IOException: Tail request on https://maven-central.storage-download.googleapis.com/maven2/org/wso2/carbon/identity/framework/org.wso2.carbon.identity.user.store.configuration.ui/5.20.387/org.wso2.carbon.identity.user.store.configuration.ui-5.20.387.jar returned status 404
5.20.388			IOException: Tail request on https://maven-central.storage-download.googleapis.com/maven2/org/wso2/carbon/identity/framework/org.wso2.carbon.identity.user.store.configuration.ui/5.20.388/org.wso2.carbon.identity.user.store.configuration.ui-5.20.388.jar returned status 404
5.20.389			IOException: Tail request on https://maven-central.storage-download.googleapis.com/maven2/org/wso2/carbon/identity/framework/org.wso2.carbon.identity.user.store.configuration.ui/5.20.389/org.wso2.carbon.identity.user.store.configuration.ui-5.20.389.jar returned status 404
5.20.39		2021-05-07T01:29:39Z	
5.20.390			IOException: Tail request on https://maven-central.storage-download.googleapis.com/maven2/org/wso2/carbon/identity/framework/org.wso2.carbon.identity.user.store.configuration.ui/5.20.390/org.wso2.carbon.identity.user.store.configuration.ui-5.20.390.jar returned status 404
5.20.391			IOException: Tail request on https://maven-central.storage-download.googleapis.com/maven2/org/wso2/carbon/identity/framework/org.wso2.carbon.identity.user.store.configuration.ui/5.20.391/org.wso2.carbon.identity.user.store.configuration.ui-5.20.391.jar returned status 404
5.20.392			IOException: Tail request on https://maven-central.storage-download.googleapis.com/maven2/org/wso2/carbon/identity/framework/org.wso2.carbon.identity.user.store.configuration.ui/5.20.392/org.wso2.carbon.identity.user.store.configuration.ui-5.20.392.jar returned status 404
5.20.393			IOException: Tail request on https://maven-central.storage-download.googleapis.com/maven2/org/wso2/carbon/identity/framework/org.wso2.carbon.identity.user.store.configuration.ui/5.20.393/org.wso2.carbon.identity.user.store.configuration.ui-5.20.393.jar returned status 404
5.20.394			IOException: Tail request on https://maven-central.storage-download.googleapis.com/maven2/org/wso2/carbon/identity/framework/org.wso2.carbon.identity.user.store.configuration.ui/5.20.394/org.wso2.carbon.identity.user.store.configuration.ui-5.20.394.jar returned status 404
5.20.395			IOException: Tail request on https://maven-central.storage-download.googleapis.com/maven2/org/wso2/carbon/identity/framework/org.wso2.carbon.identity.user.store.configuration.ui/5.20.395/org.wso2.carbon.identity.user.store.configuration.ui-5.20.395.jar returned status 404
5.20.396			IOException: Tail request on https://maven-central.storage-download.googleapis.com/maven2/org/wso2/carbon/identity/framework/org.wso2.carbon.identity.user.store.configuration.ui/5.20.396/org.wso2.carbon.identity.user.store.configuration.ui-5.20.396.jar returned status 404
5.20.397			IOException: Tail request on https://maven-central.storage-download.googleapis.com/maven2/org/wso2/carbon/identity/framework/org.wso2.carbon.identity.user.store.configuration.ui/5.20.397/org.wso2.carbon.identity.user.store.configuration.ui-5.20.397.jar returned status 404
5.20.398			IOException: Tail request on https://maven-central.storage-download.googleapis.com/maven2/org/wso2/carbon/identity/framework/org.wso2.carbon.identity.user.store.configuration.ui/5.20.398/org.wso2.carbon.identity.user.store.configuration.ui-5.20.398.jar returned status 404
5.20.399			IOException: Tail request on https://maven-central.storage-download.googleapis.com/maven2/org/wso2/carbon/identity/framework/org.wso2.carbon.identity.user.store.configuration.ui/5.20.399/org.wso2.carbon.identity.user.store.configuration.ui-5.20.399.jar returned status 404
5.20.4		2021-03-25T12:07:27Z	
5.20.40		2021-05-07T17:25:22Z	
5.20.400			IOException: Tail request on https://maven-central.storage-download.googleapis.com/maven2/org/wso2/carbon/identity/framework/org.wso2.carbon.identity.user.store.configuration.ui/5.20.400/org.wso2.carbon.identity.user.store.configuration.ui-5.20.400.jar returned status 404
5.20.401			IOException: Tail request on https://maven-central.storage-download.googleapis.com/maven2/org/wso2/carbon/identity/framework/org.wso2.carbon.identity.user.store.configuration.ui/5.20.401/org.wso2.carbon.identity.user.store.configuration.ui-5.20.401.jar returned status 404
5.20.402			IOException: Tail request on https://maven-central.storage-download.googleapis.com/maven2/org/wso2/carbon/identity/framework/org.wso2.carbon.identity.user.store.configuration.ui/5.20.402/org.wso2.carbon.identity.user.store.configuration.ui-5.20.402.jar returned status 404
5.20.403			IOException: Tail request on https://maven-central.storage-download.googleapis.com/maven2/org/wso2/carbon/identity/framework/org.wso2.carbon.identity.user.store.configuration.ui/5.20.403/org.wso2.carbon.identity.user.store.configuration.ui-5.20.403.jar returned status 404
5.20.404			IOException: Tail request on https://maven-central.storage-download.googleapis.com/maven2/org/wso2/carbon/identity/framework/org.wso2.carbon.identity.user.store.configuration.ui/5.20.404/org.wso2.carbon.identity.user.store.configuration.ui-5.20.404.jar returned status 404
5.20.405			IOException: Tail request on https://maven-central.storage-download.googleapis.com/maven2/org/wso2/carbon/identity/framework/org.wso2.carbon.identity.user.store.configuration.ui/5.20.405/org.wso2.carbon.identity.user.store.configuration.ui-5.20.405.jar returned status 404
5.20.406			IOException: Tail request on https://maven-central.storage-download.googleapis.com/maven2/org/wso2/carbon/identity/framework/org.wso2.carbon.identity.user.store.configuration.ui/5.20.406/org.wso2.carbon.identity.user.store.configuration.ui-5.20.406.jar returned status 404
5.20.407			IOException: Tail request on https://maven-central.storage-download.googleapis.com/maven2/org/wso2/carbon/identity/framework/org.wso2.carbon.identity.user.store.configuration.ui/5.20.407/org.wso2.carbon.identity.user.store.configuration.ui-5.20.407.jar returned status 404
5.20.408			IOException: Tail request on https://maven-central.storage-download.googleapis.com/maven2/org/wso2/carbon/identity/framework/org.wso2.carbon.identity.user.store.configuration.ui/5.20.408/org.wso2.carbon.identity.user.store.configuration.ui-5.20.408.jar returned status 404
5.20.409			IOException: Tail request on https://maven-central.storage-download.googleapis.com/maven2/org/wso2/carbon/identity/framework/org.wso2.carbon.identity.user.store.configuration.ui/5.20.409/org.wso2.carbon.identity.user.store.configuration.ui-5.20.409.jar returned status 404
5.20.41		2021-05-10T06:12:59Z	
5.20.410			IOException: Tail request on https://maven-central.storage-download.googleapis.com/maven2/org/wso2/carbon/identity/framework/org.wso2.carbon.identity.user.store.configuration.ui/5.20.410/org.wso2.carbon.identity.user.store.configuration.ui-5.20.410.jar returned status 404
5.20.411			IOException: Tail request on https://maven-central.storage-download.googleapis.com/maven2/org/wso2/carbon/identity/framework/org.wso2.carbon.identity.user.store.configuration.ui/5.20.411/org.wso2.carbon.identity.user.store.configuration.ui-5.20.411.jar returned status 404
5.20.412			IOException: Tail request on https://maven-central.storage-download.googleapis.com/maven2/org/wso2/carbon/identity/framework/org.wso2.carbon.identity.user.store.configuration.ui/5.20.412/org.wso2.carbon.identity.user.store.configuration.ui-5.20.412.jar returned status 404
5.20.413			IOException: Tail request on https://maven-central.storage-download.googleapis.com/maven2/org/wso2/carbon/identity/framework/org.wso2.carbon.identity.user.store.configuration.ui/5.20.413/org.wso2.carbon.identity.user.store.configuration.ui-5.20.413.jar returned status 404
5.20.414			IOException: Tail request on https://maven-central.storage-download.googleapis.com/maven2/org/wso2/carbon/identity/framework/org.wso2.carbon.identity.user.store.configuration.ui/5.20.414/org.wso2.carbon.identity.user.store.configuration.ui-5.20.414.jar returned status 404
5.20.415			IOException: Tail request on https://maven-central.storage-download.googleapis.com/maven2/org/wso2/carbon/identity/framework/org.wso2.carbon.identity.user.store.configuration.ui/5.20.415/org.wso2.carbon.identity.user.store.configuration.ui-5.20.415.jar returned status 404
5.20.416			IOException: Tail request on https://maven-central.storage-download.googleapis.com/maven2/org/wso2/carbon/identity/framework/org.wso2.carbon.identity.user.store.configuration.ui/5.20.416/org.wso2.carbon.identity.user.store.configuration.ui-5.20.416.jar returned status 404
5.20.417			IOException: Tail request on https://maven-central.storage-download.googleapis.com/maven2/org/wso2/carbon/identity/framework/org.wso2.carbon.identity.user.store.configuration.ui/5.20.417/org.wso2.carbon.identity.user.store.configuration.ui-5.20.417.jar returned status 404
5.20.418			IOException: Tail request on https://maven-central.storage-download.googleapis.com/maven2/org/wso2/carbon/identity/framework/org.wso2.carbon.identity.user.store.configuration.ui/5.20.418/org.wso2.carbon.identity.user.store.configuration.ui-5.20.418.jar returned status 404
5.20.419			IOException: Tail request on https://maven-central.storage-download.googleapis.com/maven2/org/wso2/carbon/identity/framework/org.wso2.carbon.identity.user.store.configuration.ui/5.20.419/org.wso2.carbon.identity.user.store.configuration.ui-5.20.419.jar returned status 404
5.20.42		2021-05-11T06:59:27Z	
5.20.420			IOException: Tail request on https://maven-central.storage-download.googleapis.com/maven2/org/wso2/carbon/identity/framework/org.wso2.carbon.identity.user.store.configuration.ui/5.20.420/org.wso2.carbon.identity.user.store.configuration.ui-5.20.420.jar returned status 404
5.20.421			IOException: Tail request on https://maven-central.storage-download.googleapis.com/maven2/org/wso2/carbon/identity/framework/org.wso2.carbon.identity.user.store.configuration.ui/5.20.421/org.wso2.carbon.identity.user.store.configuration.ui-5.20.421.jar returned status 404
5.20.422			IOException: Tail request on https://maven-central.storage-download.googleapis.com/maven2/org/wso2/carbon/identity/framework/org.wso2.carbon.identity.user.store.configuration.ui/5.20.422/org.wso2.carbon.identity.user.store.configuration.ui-5.20.422.jar returned status 404
5.20.423			IOException: Tail request on https://maven-central.storage-download.googleapis.com/maven2/org/wso2/carbon/identity/framework/org.wso2.carbon.identity.user.store.configuration.ui/5.20.423/org.wso2.carbon.identity.user.store.configuration.ui-5.20.423.jar returned status 404
5.20.424			IOException: Tail request on https://maven-central.storage-download.googleapis.com/maven2/org/wso2/carbon/identity/framework/org.wso2.carbon.identity.user.store.configuration.ui/5.20.424/org.wso2.carbon.identity.user.store.configuration.ui-5.20.424.jar returned status 404
5.20.425			IOException: Tail request on https://maven-central.storage-download.googleapis.com/maven2/org/wso2/carbon/identity/framework/org.wso2.carbon.identity.user.store.configuration.ui/5.20.425/org.wso2.carbon.identity.user.store.configuration.ui-5.20.425.jar returned status 404
5.20.426			IOException: Tail request on https://maven-central.storage-download.googleapis.com/maven2/org/wso2/carbon/identity/framework/org.wso2.carbon.identity.user.store.configuration.ui/5.20.426/org.wso2.carbon.identity.user.store.configuration.ui-5.20.426.jar returned status 404
5.20.427			IOException: Tail request on https://maven-central.storage-download.googleapis.com/maven2/org/wso2/carbon/identity/framework/org.wso2.carbon.identity.user.store.configuration.ui/5.20.427/org.wso2.carbon.identity.user.store.configuration.ui-5.20.427.jar returned status 404
5.20.428			IOException: Tail request on https://maven-central.storage-download.googleapis.com/maven2/org/wso2/carbon/identity/framework/org.wso2.carbon.identity.user.store.configuration.ui/5.20.428/org.wso2.carbon.identity.user.store.configuration.ui-5.20.428.jar returned status 404
5.20.429			IOException: Tail request on https://maven-central.storage-download.googleapis.com/maven2/org/wso2/carbon/identity/framework/org.wso2.carbon.identity.user.store.configuration.ui/5.20.429/org.wso2.carbon.identity.user.store.configuration.ui-5.20.429.jar returned status 404
5.20.43		2021-05-11T11:57:19Z	
5.20.430			IOException: Tail request on https://maven-central.storage-download.googleapis.com/maven2/org/wso2/carbon/identity/framework/org.wso2.carbon.identity.user.store.configuration.ui/5.20.430/org.wso2.carbon.identity.user.store.configuration.ui-5.20.430.jar returned status 404
5.20.431			IOException: Tail request on https://maven-central.storage-download.googleapis.com/maven2/org/wso2/carbon/identity/framework/org.wso2.carbon.identity.user.store.configuration.ui/5.20.431/org.wso2.carbon.identity.user.store.configuration.ui-5.20.431.jar returned status 404
5.20.432			IOException: Tail request on https://maven-central.storage-download.googleapis.com/maven2/org/wso2/carbon/identity/framework/org.wso2.carbon.identity.user.store.configuration.ui/5.20.432/org.wso2.carbon.identity.user.store.configuration.ui-5.20.432.jar returned status 404
5.20.433			IOException: Tail request on https://maven-central.storage-download.googleapis.com/maven2/org/wso2/carbon/identity/framework/org.wso2.carbon.identity.user.store.configuration.ui/5.20.433/org.wso2.carbon.identity.user.store.configuration.ui-5.20.433.jar returned status 404
5.20.434			IOException: Tail request on https://maven-central.storage-download.googleapis.com/maven2/org/wso2/carbon/identity/framework/org.wso2.carbon.identity.user.store.configuration.ui/5.20.434/org.wso2.carbon.identity.user.store.configuration.ui-5.20.434.jar returned status 404
5.20.435			IOException: Tail request on https://maven-central.storage-download.googleapis.com/maven2/org/wso2/carbon/identity/framework/org.wso2.carbon.identity.user.store.configuration.ui/5.20.435/org.wso2.carbon.identity.user.store.configuration.ui-5.20.435.jar returned status 404
5.20.436			IOException: Tail request on https://maven-central.storage-download.googleapis.com/maven2/org/wso2/carbon/identity/framework/org.wso2.carbon.identity.user.store.configuration.ui/5.20.436/org.wso2.carbon.identity.user.store.configuration.ui-5.20.436.jar returned status 404
5.20.437			IOException: Tail request on https://maven-central.storage-download.googleapis.com/maven2/org/wso2/carbon/identity/framework/org.wso2.carbon.identity.user.store.configuration.ui/5.20.437/org.wso2.carbon.identity.user.store.configuration.ui-5.20.437.jar returned status 404
5.20.438			IOException: Tail request on https://maven-central.storage-download.googleapis.com/maven2/org/wso2/carbon/identity/framework/org.wso2.carbon.identity.user.store.configuration.ui/5.20.438/org.wso2.carbon.identity.user.store.configuration.ui-5.20.438.jar returned status 404
5.20.439			IOException: Tail request on https://maven-central.storage-download.googleapis.com/maven2/org/wso2/carbon/identity/framework/org.wso2.carbon.identity.user.store.configuration.ui/5.20.439/org.wso2.carbon.identity.user.store.configuration.ui-5.20.439.jar returned status 404
5.20.44		2021-05-11T15:27:22Z	
5.20.440			IOException: Tail request on https://maven-central.storage-download.googleapis.com/maven2/org/wso2/carbon/identity/framework/org.wso2.carbon.identity.user.store.configuration.ui/5.20.440/org.wso2.carbon.identity.user.store.configuration.ui-5.20.440.jar returned status 404
5.20.441			IOException: Tail request on https://maven-central.storage-download.googleapis.com/maven2/org/wso2/carbon/identity/framework/org.wso2.carbon.identity.user.store.configuration.ui/5.20.441/org.wso2.carbon.identity.user.store.configuration.ui-5.20.441.jar returned status 404
5.20.442			IOException: Tail request on https://maven-central.storage-download.googleapis.com/maven2/org/wso2/carbon/identity/framework/org.wso2.carbon.identity.user.store.configuration.ui/5.20.442/org.wso2.carbon.identity.user.store.configuration.ui-5.20.442.jar returned status 404
5.20.443			IOException: Tail request on https://maven-central.storage-download.googleapis.com/maven2/org/wso2/carbon/identity/framework/org.wso2.carbon.identity.user.store.configuration.ui/5.20.443/org.wso2.carbon.identity.user.store.configuration.ui-5.20.443.jar returned status 404
5.20.444			IOException: Tail request on https://maven-central.storage-download.googleapis.com/maven2/org/wso2/carbon/identity/framework/org.wso2.carbon.identity.user.store.configuration.ui/5.20.444/org.wso2.carbon.identity.user.store.configuration.ui-5.20.444.jar returned status 404
5.20.445			IOException: Tail request on https://maven-central.storage-download.googleapis.com/maven2/org/wso2/carbon/identity/framework/org.wso2.carbon.identity.user.store.configuration.ui/5.20.445/org.wso2.carbon.identity.user.store.configuration.ui-5.20.445.jar returned status 404
5.20.446			IOException: Tail request on https://maven-central.storage-download.googleapis.com/maven2/org/wso2/carbon/identity/framework/org.wso2.carbon.identity.user.store.configuration.ui/5.20.446/org.wso2.carbon.identity.user.store.configuration.ui-5.20.446.jar returned status 404
5.20.447			IOException: Tail request on https://maven-central.storage-download.googleapis.com/maven2/org/wso2/carbon/identity/framework/org.wso2.carbon.identity.user.store.configuration.ui/5.20.447/org.wso2.carbon.identity.user.store.configuration.ui-5.20.447.jar returned status 404
5.20.448		2022-08-07T05:17:50Z	
5.20.45		2021-05-12T14:05:52Z	
5.20.46		2021-05-13T08:57:37Z	
5.20.47		2021-05-13T16:10:08Z	
5.20.48		2021-05-14T04:28:26Z	
5.20.49		2021-05-14T09:48:02Z	
5.20.5		2021-03-25T20:30:58Z	
5.20.50		2021-05-16T02:32:36Z	
5.20.51		2021-05-16T12:09:00Z	
5.20.52		2021-05-17T09:21:42Z	
5.20.53		2021-05-17T16:47:47Z	
5.20.54		2021-05-18T06:57:14Z	
5.20.55		2021-05-18T12:57:12Z	
5.20.56		2021-05-18T17:17:59Z	
5.20.57		2021-05-19T07:07:50Z	
5.20.58		2021-05-19T12:58:18Z	
5.20.59		2021-05-20T04:24:19Z	
5.20.6		2021-03-26T05:02:32Z	
5.20.60		2021-05-20T12:18:33Z	
5.20.61		2021-05-21T02:00:12Z	
5.20.62		2021-05-21T05:46:51Z	
5.20.63		2021-05-24T09:25:20Z	
5.20.64		2021-05-24T16:50:47Z	
5.20.65		2021-05-25T05:27:18Z	
5.20.66		2021-05-25T10:50:29Z	
5.20.67		2021-05-28T04:15:57Z	
5.20.68		2021-05-28T10:19:58Z	
5.20.69		2021-05-31T11:35:59Z	
5.20.7		2021-03-29T06:09:38Z	
5.20.70		2021-06-01T06:54:58Z	
5.20.71		2021-06-01T11:49:38Z	
5.20.72		2021-06-01T15:20:50Z	
5.20.73		2021-06-03T14:07:06Z	
5.20.74		2021-06-04T13:40:38Z	
5.20.75		2021-06-07T04:55:46Z	
5.20.76		2021-06-07T10:51:59Z	
5.20.77		2021-06-07T14:28:00Z	
5.20.78		2021-06-08T17:01:42Z	
5.20.79		2021-06-09T08:03:06Z	
5.20.8		2021-03-29T14:22:11Z	
5.20.80		2021-06-09T11:15:37Z	
5.20.81		2021-06-10T05:47:35Z	
5.20.82		2021-06-11T21:10:21Z	
5.20.83		2021-06-14T19:12:23Z	
5.20.84		2021-06-15T06:38:51Z	
5.20.85		2021-06-15T11:37:02Z	
5.20.86		2021-06-20T08:25:38Z	
5.20.87		2021-06-21T06:27:43Z	
5.20.88		2021-06-21T12:19:39Z	
5.20.89		2021-06-22T04:20:53Z	
5.20.9		2021-03-30T03:35:09Z	
5.20.90		2021-06-22T17:04:41Z	
5.20.91		2021-06-23T05:36:03Z	
5.20.92		2021-06-23T16:14:23Z	
5.20.93		2021-06-25T17:51:54Z	
5.20.94		2021-06-28T11:15:25Z	
5.20.95		2021-06-29T04:19:16Z	
5.20.96		2021-06-29T17:49:08Z	
5.20.97		2021-06-30T11:53:30Z	
5.20.98		2021-06-30T17:07:24Z	
5.20.99		2021-06-30T20:43:31Z	
5.21.0			IOException: Tail request on https://maven-central.storage-download.googleapis.com/maven2/org/wso2/carbon/identity/framework/org.wso2.carbon.identity.user.store.configuration.ui/5.21.0/org.wso2.carbon.identity.user.store.configuration.ui-5.21.0.jar returned status 404
5.21.1			IOException: Tail request on https://maven-central.storage-download.googleapis.com/maven2/org/wso2/carbon/identity/framework/org.wso2.carbon.identity.user.store.configuration.ui/5.21.1/org.wso2.carbon.identity.user.store.configuration.ui-5.21.1.jar returned status 404
5.21.10		2022-07-18T05:38:26Z	
5.21.11		2022-07-18T08:25:40Z	
5.21.12		2022-07-18T13:25:07Z	
5.21.13		2022-07-18T14:45:37Z	
5.21.14		2022-07-18T18:45:48Z	
5.21.15		2022-07-19T02:23:18Z	
5.21.16		2022-07-19T07:13:20Z	
5.21.17		2022-07-19T09:35:03Z	
5.21.18		2022-07-19T11:07:28Z	
5.21.19		2022-07-19T12:38:22Z	
5.21.2			IOException: Tail request on https://maven-central.storage-download.googleapis.com/maven2/org/wso2/carbon/identity/framework/org.wso2.carbon.identity.user.store.configuration.ui/5.21.2/org.wso2.carbon.identity.user.store.configuration.ui-5.21.2.jar returned status 404
5.21.20		2022-07-19T13:19:06Z	
5.21.21		2022-07-19T18:21:54Z	
5.21.22		2022-07-20T14:07:09Z	
5.21.23		2022-07-20T15:59:50Z	
5.21.24		2022-07-21T02:08:48Z	
5.21.25		2022-07-21T02:50:21Z	
5.21.26		2022-07-21T05:09:12Z	
5.21.27		2022-07-21T07:29:16Z	
5.21.28		2022-07-21T09:18:38Z	
5.21.29		2022-07-21T11:51:43Z	
5.21.3			IOException: Tail request on https://maven-central.storage-download.googleapis.com/maven2/org/wso2/carbon/identity/framework/org.wso2.carbon.identity.user.store.configuration.ui/5.21.3/org.wso2.carbon.identity.user.store.configuration.ui-5.21.3.jar returned status 404
5.21.30		2022-07-22T10:11:19Z	
5.21.31		2022-07-25T04:48:18Z	
5.21.32		2022-07-25T05:30:35Z	
5.21.33		2022-07-25T13:07:24Z	
5.21.34		2022-07-26T03:33:21Z	
5.21.35		2022-07-26T04:15:58Z	
5.21.36		2022-07-27T10:55:02Z	
5.21.37		2022-07-27T12:21:19Z	
5.21.38		2022-07-28T02:18:46Z	
5.21.39		2022-07-28T03:48:22Z	
5.21.4			IOException: Tail request on https://maven-central.storage-download.googleapis.com/maven2/org/wso2/carbon/identity/framework/org.wso2.carbon.identity.user.store.configuration.ui/5.21.4/org.wso2.carbon.identity.user.store.configuration.ui-5.21.4.jar returned status 404
5.21.40		2022-07-28T10:15:33Z	
5.21.41		2022-07-28T10:55:06Z	
5.21.42			IOException: Tail request on https://maven-central.storage-download.googleapis.com/maven2/org/wso2/carbon/identity/framework/org.wso2.carbon.identity.user.store.configuration.ui/5.21.42/org.wso2.carbon.identity.user.store.configuration.ui-5.21.42.jar returned status 404
5.21.43			IOException: Tail request on https://maven-central.storage-download.googleapis.com/maven2/org/wso2/carbon/identity/framework/org.wso2.carbon.identity.user.store.configuration.ui/5.21.43/org.wso2.carbon.identity.user.store.configuration.ui-5.21.43.jar returned status 404
5.21.44			IOException: Tail request on https://maven-central.storage-download.googleapis.com/maven2/org/wso2/carbon/identity/framework/org.wso2.carbon.identity.user.store.configuration.ui/5.21.44/org.wso2.carbon.identity.user.store.configuration.ui-5.21.44.jar returned status 404
5.21.45			IOException: Tail request on https://maven-central.storage-download.googleapis.com/maven2/org/wso2/carbon/identity/framework/org.wso2.carbon.identity.user.store.configuration.ui/5.21.45/org.wso2.carbon.identity.user.store.configuration.ui-5.21.45.jar returned status 404
5.21.46			IOException: Tail request on https://maven-central.storage-download.googleapis.com/maven2/org/wso2/carbon/identity/framework/org.wso2.carbon.identity.user.store.configuration.ui/5.21.46/org.wso2.carbon.identity.user.store.configuration.ui-5.21.46.jar returned status 404
5.21.47			IOException: Tail request on https://maven-central.storage-download.googleapis.com/maven2/org/wso2/carbon/identity/framework/org.wso2.carbon.identity.user.store.configuration.ui/5.21.47/org.wso2.carbon.identity.user.store.configuration.ui-5.21.47.jar returned status 404
5.21.48			IOException: Tail request on https://maven-central.storage-download.googleapis.com/maven2/org/wso2/carbon/identity/framework/org.wso2.carbon.identity.user.store.configuration.ui/5.21.48/org.wso2.carbon.identity.user.store.configuration.ui-5.21.48.jar returned status 404
5.21.49			IOException: Tail request on https://maven-central.storage-download.googleapis.com/maven2/org/wso2/carbon/identity/framework/org.wso2.carbon.identity.user.store.configuration.ui/5.21.49/org.wso2.carbon.identity.user.store.configuration.ui-5.21.49.jar returned status 404
5.21.5			IOException: Tail request on https://maven-central.storage-download.googleapis.com/maven2/org/wso2/carbon/identity/framework/org.wso2.carbon.identity.user.store.configuration.ui/5.21.5/org.wso2.carbon.identity.user.store.configuration.ui-5.21.5.jar returned status 404
5.21.50			IOException: Tail request on https://maven-central.storage-download.googleapis.com/maven2/org/wso2/carbon/identity/framework/org.wso2.carbon.identity.user.store.configuration.ui/5.21.50/org.wso2.carbon.identity.user.store.configuration.ui-5.21.50.jar returned status 404
5.21.51			IOException: Tail request on https://maven-central.storage-download.googleapis.com/maven2/org/wso2/carbon/identity/framework/org.wso2.carbon.identity.user.store.configuration.ui/5.21.51/org.wso2.carbon.identity.user.store.configuration.ui-5.21.51.jar returned status 404
5.21.52			IOException: Tail request on https://maven-central.storage-download.googleapis.com/maven2/org/wso2/carbon/identity/framework/org.wso2.carbon.identity.user.store.configuration.ui/5.21.52/org.wso2.carbon.identity.user.store.configuration.ui-5.21.52.jar returned status 404
5.21.53			IOException: Tail request on https://maven-central.storage-download.googleapis.com/maven2/org/wso2/carbon/identity/framework/org.wso2.carbon.identity.user.store.configuration.ui/5.21.53/org.wso2.carbon.identity.user.store.configuration.ui-5.21.53.jar returned status 404
5.21.54			IOException: Tail request on https://maven-central.storage-download.googleapis.com/maven2/org/wso2/carbon/identity/framework/org.wso2.carbon.identity.user.store.configuration.ui/5.21.54/org.wso2.carbon.identity.user.store.configuration.ui-5.21.54.jar returned status 404
5.21.55			IOException: Tail request on https://maven-central.storage-download.googleapis.com/maven2/org/wso2/carbon/identity/framework/org.wso2.carbon.identity.user.store.configuration.ui/5.21.55/org.wso2.carbon.identity.user.store.configuration.ui-5.21.55.jar returned status 404
5.21.56			IOException: Tail request on https://maven-central.storage-download.googleapis.com/maven2/org/wso2/carbon/identity/framework/org.wso2.carbon.identity.user.store.configuration.ui/5.21.56/org.wso2.carbon.identity.user.store.configuration.ui-5.21.56.jar returned status 404
5.21.57			IOException: Tail request on https://maven-central.storage-download.googleapis.com/maven2/org/wso2/carbon/identity/framework/org.wso2.carbon.identity.user.store.configuration.ui/5.21.57/org.wso2.carbon.identity.user.store.configuration.ui-5.21.57.jar returned status 404
5.21.58			IOException: Tail request on https://maven-central.storage-download.googleapis.com/maven2/org/wso2/carbon/identity/framework/org.wso2.carbon.identity.user.store.configuration.ui/5.21.58/org.wso2.carbon.identity.user.store.configuration.ui-5.21.58.jar returned status 404
5.21.59			IOException: Tail request on https://maven-central.storage-download.googleapis.com/maven2/org/wso2/carbon/identity/framework/org.wso2.carbon.identity.user.store.configuration.ui/5.21.59/org.wso2.carbon.identity.user.store.configuration.ui-5.21.59.jar returned status 404
5.21.6		2022-07-08T10:12:04Z	
5.21.60			IOException: Tail request on https://maven-central.storage-download.googleapis.com/maven2/org/wso2/carbon/identity/framework/org.wso2.carbon.identity.user.store.configuration.ui/5.21.60/org.wso2.carbon.identity.user.store.configuration.ui-5.21.60.jar returned status 404
5.21.61			IOException: Tail request on https://maven-central.storage-download.googleapis.com/maven2/org/wso2/carbon/identity/framework/org.wso2.carbon.identity.user.store.configuration.ui/5.21.61/org.wso2.carbon.identity.user.store.configuration.ui-5.21.61.jar returned status 404
5.21.62			IOException: Tail request on https://maven-central.storage-download.googleapis.com/maven2/org/wso2/carbon/identity/framework/org.wso2.carbon.identity.user.store.configuration.ui/5.21.62/org.wso2.carbon.identity.user.store.configuration.ui-5.21.62.jar returned status 404
5.21.63			IOException: Tail request on https://maven-central.storage-download.googleapis.com/maven2/org/wso2/carbon/identity/framework/org.wso2.carbon.identity.user.store.configuration.ui/5.21.63/org.wso2.carbon.identity.user.store.configuration.ui-5.21.63.jar returned status 404
5.21.64			IOException: Tail request on https://maven-central.storage-download.googleapis.com/maven2/org/wso2/carbon/identity/framework/org.wso2.carbon.identity.user.store.configuration.ui/5.21.64/org.wso2.carbon.identity.user.store.configuration.ui-5.21.64.jar returned status 404
5.21.65			IOException: Tail request on https://maven-central.storage-download.googleapis.com/maven2/org/wso2/carbon/identity/framework/org.wso2.carbon.identity.user.store.configuration.ui/5.21.65/org.wso2.carbon.identity.user.store.configuration.ui-5.21.65.jar returned status 404
5.21.66			IOException: Tail request on https://maven-central.storage-download.googleapis.com/maven2/org/wso2/carbon/identity/framework/org.wso2.carbon.identity.user.store.configuration.ui/5.21.66/org.wso2.carbon.identity.user.store.configuration.ui-5.21.66.jar returned status 404
5.21.67			IOException: Tail request on https://maven-central.storage-download.googleapis.com/maven2/org/wso2/carbon/identity/framework/org.wso2.carbon.identity.user.store.configuration.ui/5.21.67/org.wso2.carbon.identity.user.store.configuration.ui-5.21.67.jar returned status 404
5.21.68			IOException: Tail request on https://maven-central.storage-download.googleapis.com/maven2/org/wso2/carbon/identity/framework/org.wso2.carbon.identity.user.store.configuration.ui/5.21.68/org.wso2.carbon.identity.user.store.configuration.ui-5.21.68.jar returned status 404
5.21.7		2022-07-11T15:59:40Z	
5.21.8		2022-07-15T08:58:37Z	
5.21.9		2022-07-18T04:18:28Z	
5.22.0		2022-08-05T11:03:13Z	
5.22.1		2022-08-05T12:22:53Z	
5.22.2		2022-08-05T16:54:12Z	
5.22.3		2022-08-06T03:57:17Z	
5.23.0		2022-08-07T06:01:00Z	
5.23.1		2022-08-07T18:24:49Z	
5.23.10		2022-08-09T14:15:07Z	
5.23.11		2022-08-10T11:05:08Z	
5.23.12		2022-08-10T13:45:50Z	
5.23.13		2022-08-15T05:41:42Z	
5.23.14		2022-08-15T06:26:39Z	
5.23.15		2022-08-15T11:25:09Z	
5.23.16		2022-08-15T15:36:48Z	
5.23.17		2022-08-15T17:36:33Z	
5.23.18		2022-08-16T07:02:27Z	
5.23.19		2022-08-16T08:36:49Z	
5.23.2		2022-08-08T03:00:05Z	
5.23.20		2022-08-16T11:49:56Z	
5.23.21		2022-08-16T22:16:10Z	
5.23.22		2022-08-22T08:30:12Z	
5.23.23		2022-08-23T08:46:52Z	
5.23.24		2022-08-24T11:24:27Z	
5.23.25		2022-08-24T18:53:45Z	
5.23.26		2022-08-25T03:42:35Z	
5.23.28		2022-08-25T09:24:03Z	
5.23.29		2022-08-25T18:47:59Z	
5.23.3		2022-08-08T04:24:24Z	
5.23.30		2022-08-26T11:16:17Z	
5.23.31		2022-08-30T04:01:38Z	
5.23.32		2022-08-30T09:42:26Z	
5.23.33		2022-08-30T17:30:09Z	
5.23.34		2022-08-31T09:33:37Z	
5.23.35		2022-08-31T11:15:28Z	
5.23.36		2022-08-31T14:42:45Z	
5.23.37		2022-09-01T04:04:47Z	
5.23.38		2022-09-02T04:29:43Z	
5.23.39		2022-09-02T08:33:38Z	
5.23.4		2022-08-08T05:44:50Z	
5.23.40		2022-09-05T04:26:55Z	
5.23.41		2022-09-05T12:06:47Z	
5.23.42		2022-09-06T13:29:00Z	
5.23.43		2022-09-07T09:54:20Z	
5.23.44		2022-09-08T06:37:51Z	
5.23.45		2022-09-09T05:26:10Z	
5.23.46		2022-09-12T10:58:18Z	
5.23.47		2022-09-13T05:26:44Z	
5.23.48		2022-09-14T02:28:19Z	
5.23.49		2022-09-14T14:04:02Z	
5.23.5		2022-08-08T07:09:44Z	
5.23.50		2022-09-16T06:52:40Z	
5.23.51		2022-09-18T19:59:02Z	
5.23.52		2022-09-21T07:26:04Z	
5.23.53		2022-09-23T06:21:19Z	
5.23.54		2022-09-23T08:44:19Z	
5.23.55		2022-09-24T00:20:06Z	
5.23.56		2022-09-26T06:37:48Z	
5.23.57		2022-09-26T08:07:19Z	
5.23.6		2022-08-08T13:46:24Z	
5.23.7		2022-08-08T15:27:54Z	
5.23.8		2022-08-08T17:00:33Z	
5.23.9		2022-08-09T12:22:53Z	
5.24.0		2022-10-27T13:01:57Z	
5.24.1		2022-10-27T19:23:31Z	
5.24.10		2023-04-18T10:42:06Z	
5.24.2		2022-10-31T15:09:42Z	
5.24.3		2022-11-01T04:36:48Z	
5.24.4			IOException: Tail request on https://maven-central.storage-download.googleapis.com/maven2/org/wso2/carbon/identity/framework/org.wso2.carbon.identity.user.store.configuration.ui/5.24.4/org.wso2.carbon.identity.user.store.configuration.ui-5.24.4.jar returned status 404
5.24.5		2023-01-27T08:26:14Z	
5.24.6		2023-02-07T03:31:23Z	
5.24.7		2023-02-08T04:07:07Z	
5.24.8		2023-02-21T09:58:43Z	
5.24.9		2023-04-12T04:03:44Z	
5.25.0		2022-09-26T11:01:48Z	
5.25.1		2022-09-26T13:58:17Z	
5.25.10		2022-10-17T04:20:51Z	
5.25.100		2023-02-01T05:48:37Z	
5.25.101		2023-02-01T11:56:49Z	
5.25.102		2023-02-02T04:11:34Z	
5.25.103		2023-02-08T02:07:17Z	
5.25.104		2023-02-08T16:54:52Z	
5.25.105		2023-02-08T18:55:14Z	
5.25.106		2023-02-10T15:32:57Z	
5.25.107		2023-02-13T05:39:07Z	
5.25.108		2023-02-13T07:37:39Z	
5.25.109		2023-02-14T04:00:12Z	
5.25.11		2022-10-17T06:33:23Z	
5.25.110		2023-02-15T04:31:03Z	
5.25.111		2023-02-16T11:50:06Z	
5.25.112		2023-02-16T17:52:39Z	
5.25.113		2023-02-20T13:49:44Z	
5.25.114		2023-02-21T04:11:40Z	
5.25.115		2023-02-21T16:03:23Z	
5.25.116			IOException: Tail request on https://maven-central.storage-download.googleapis.com/maven2/org/wso2/carbon/identity/framework/org.wso2.carbon.identity.user.store.configuration.ui/5.25.116/org.wso2.carbon.identity.user.store.configuration.ui-5.25.116.jar returned status 404
5.25.117			IOException: Tail request on https://maven-central.storage-download.googleapis.com/maven2/org/wso2/carbon/identity/framework/org.wso2.carbon.identity.user.store.configuration.ui/5.25.117/org.wso2.carbon.identity.user.store.configuration.ui-5.25.117.jar returned status 404
5.25.118			IOException: Tail request on https://maven-central.storage-download.googleapis.com/maven2/org/wso2/carbon/identity/framework/org.wso2.carbon.identity.user.store.configuration.ui/5.25.118/org.wso2.carbon.identity.user.store.configuration.ui-5.25.118.jar returned status 404
5.25.119			IOException: Tail request on https://maven-central.storage-download.googleapis.com/maven2/org/wso2/carbon/identity/framework/org.wso2.carbon.identity.user.store.configuration.ui/5.25.119/org.wso2.carbon.identity.user.store.configuration.ui-5.25.119.jar returned status 404
5.25.12		2022-10-18T07:31:12Z	
5.25.120		2023-02-27T06:33:06Z	
5.25.121		2023-02-27T12:18:53Z	
5.25.122		2023-02-28T04:28:00Z	
5.25.123		2023-02-28T05:47:43Z	
5.25.124		2023-02-28T06:24:44Z	
5.25.125		2023-03-02T07:21:42Z	
5.25.126		2023-03-02T15:10:17Z	
5.25.127		2023-03-03T10:26:06Z	
5.25.128		2023-03-03T12:33:10Z	
5.25.129		2023-03-09T04:25:34Z	
5.25.13		2022-10-18T10:40:37Z	
5.25.130		2023-03-09T06:47:16Z	
5.25.131		2023-03-13T09:18:40Z	
5.25.132		2023-03-14T06:06:35Z	
5.25.133		2023-03-14T14:42:04Z	
5.25.134		2023-03-15T18:39:20Z	
5.25.135		2023-03-20T04:51:37Z	
5.25.136		2023-03-20T06:52:21Z	
5.25.137		2023-03-20T10:47:57Z	
5.25.138		2023-03-21T06:16:45Z	
5.25.139		2023-03-24T02:29:24Z	
5.25.14		2022-10-18T15:18:24Z	
5.25.140		2023-03-24T11:03:00Z	
5.25.141		2023-03-24T15:06:44Z	
5.25.142		2023-03-26T16:27:11Z	
5.25.143		2023-03-28T04:12:31Z	
5.25.144		2023-03-30T03:47:57Z	
5.25.145		2023-03-30T05:34:05Z	
5.25.146		2023-03-31T06:03:49Z	
5.25.147		2023-04-03T06:09:53Z	
5.25.148		2023-04-03T06:50:14Z	
5.25.149		2023-04-04T17:19:34Z	
5.25.15		2022-10-19T15:53:28Z	
5.25.150		2023-04-06T03:23:26Z	
5.25.151		2023-04-07T04:18:23Z	
5.25.152		2023-04-11T12:34:21Z	
5.25.153		2023-04-12T05:31:22Z	
5.25.154		2023-04-12T11:32:10Z	
5.25.155		2023-04-12T15:22:23Z	
5.25.156		2023-04-17T08:45:37Z	
5.25.157		2023-04-17T14:11:17Z	
5.25.158		2023-04-19T09:55:04Z	
5.25.159		2023-04-19T13:34:24Z	
5.25.16		2022-10-20T02:52:11Z	
5.25.160		2023-04-20T06:19:42Z	
5.25.161		2023-04-20T13:34:25Z	
5.25.162		2023-04-20T14:39:30Z	
5.25.163		2023-04-22T18:19:27Z	
5.25.164		2023-04-24T03:39:09Z	
5.25.165		2023-04-24T13:19:59Z	
5.25.166		2023-04-24T19:23:20Z	
5.25.167			IOException: Tail request on https://maven-central.storage-download.googleapis.com/maven2/org/wso2/carbon/identity/framework/org.wso2.carbon.identity.user.store.configuration.ui/5.25.167/org.wso2.carbon.identity.user.store.configuration.ui-5.25.167.jar returned status 404
5.25.168			IOException: Tail request on https://maven-central.storage-download.googleapis.com/maven2/org/wso2/carbon/identity/framework/org.wso2.carbon.identity.user.store.configuration.ui/5.25.168/org.wso2.carbon.identity.user.store.configuration.ui-5.25.168.jar returned status 404
5.25.169			IOException: Tail request on https://maven-central.storage-download.googleapis.com/maven2/org/wso2/carbon/identity/framework/org.wso2.carbon.identity.user.store.configuration.ui/5.25.169/org.wso2.carbon.identity.user.store.configuration.ui-5.25.169.jar returned status 404
5.25.17		2022-10-22T16:46:56Z	
5.25.170			IOException: Tail request on https://maven-central.storage-download.googleapis.com/maven2/org/wso2/carbon/identity/framework/org.wso2.carbon.identity.user.store.configuration.ui/5.25.170/org.wso2.carbon.identity.user.store.configuration.ui-5.25.170.jar returned status 404
5.25.171			IOException: Tail request on https://maven-central.storage-download.googleapis.com/maven2/org/wso2/carbon/identity/framework/org.wso2.carbon.identity.user.store.configuration.ui/5.25.171/org.wso2.carbon.identity.user.store.configuration.ui-5.25.171.jar returned status 404
5.25.172			IOException: Tail request on https://maven-central.storage-download.googleapis.com/maven2/org/wso2/carbon/identity/framework/org.wso2.carbon.identity.user.store.configuration.ui/5.25.172/org.wso2.carbon.identity.user.store.configuration.ui-5.25.172.jar returned status 404
5.25.173			IOException: Tail request on https://maven-central.storage-download.googleapis.com/maven2/org/wso2/carbon/identity/framework/org.wso2.carbon.identity.user.store.configuration.ui/5.25.173/org.wso2.carbon.identity.user.store.configuration.ui-5.25.173.jar returned status 404
5.25.174			IOException: Tail request on https://maven-central.storage-download.googleapis.com/maven2/org/wso2/carbon/identity/framework/org.wso2.carbon.identity.user.store.configuration.ui/5.25.174/org.wso2.carbon.identity.user.store.configuration.ui-5.25.174.jar returned status 404
5.25.175			IOException: Tail request on https://maven-central.storage-download.googleapis.com/maven2/org/wso2/carbon/identity/framework/org.wso2.carbon.identity.user.store.configuration.ui/5.25.175/org.wso2.carbon.identity.user.store.configuration.ui-5.25.175.jar returned status 404
5.25.177			IOException: Tail request on https://maven-central.storage-download.googleapis.com/maven2/org/wso2/carbon/identity/framework/org.wso2.carbon.identity.user.store.configuration.ui/5.25.177/org.wso2.carbon.identity.user.store.configuration.ui-5.25.177.jar returned status 404
5.25.178			IOException: Tail request on https://maven-central.storage-download.googleapis.com/maven2/org/wso2/carbon/identity/framework/org.wso2.carbon.identity.user.store.configuration.ui/5.25.178/org.wso2.carbon.identity.user.store.configuration.ui-5.25.178.jar returned status 404
5.25.179			IOException: Tail request on https://maven-central.storage-download.googleapis.com/maven2/org/wso2/carbon/identity/framework/org.wso2.carbon.identity.user.store.configuration.ui/5.25.179/org.wso2.carbon.identity.user.store.configuration.ui-5.25.179.jar returned status 404
5.25.18		2022-10-24T08:25:11Z	
5.25.180			IOException: Tail request on https://maven-central.storage-download.googleapis.com/maven2/org/wso2/carbon/identity/framework/org.wso2.carbon.identity.user.store.configuration.ui/5.25.180/org.wso2.carbon.identity.user.store.configuration.ui-5.25.180.jar returned status 404
5.25.181			IOException: Tail request on https://maven-central.storage-download.googleapis.com/maven2/org/wso2/carbon/identity/framework/org.wso2.carbon.identity.user.store.configuration.ui/5.25.181/org.wso2.carbon.identity.user.store.configuration.ui-5.25.181.jar returned status 404
5.25.182			IOException: Tail request on https://maven-central.storage-download.googleapis.com/maven2/org/wso2/carbon/identity/framework/org.wso2.carbon.identity.user.store.configuration.ui/5.25.182/org.wso2.carbon.identity.user.store.configuration.ui-5.25.182.jar returned status 404
5.25.183			IOException: Tail request on https://maven-central.storage-download.googleapis.com/maven2/org/wso2/carbon/identity/framework/org.wso2.carbon.identity.user.store.configuration.ui/5.25.183/org.wso2.carbon.identity.user.store.configuration.ui-5.25.183.jar returned status 404
5.25.184			IOException: Tail request on https://maven-central.storage-download.googleapis.com/maven2/org/wso2/carbon/identity/framework/org.wso2.carbon.identity.user.store.configuration.ui/5.25.184/org.wso2.carbon.identity.user.store.configuration.ui-5.25.184.jar returned status 404
5.25.185			IOException: Tail request on https://maven-central.storage-download.googleapis.com/maven2/org/wso2/carbon/identity/framework/org.wso2.carbon.identity.user.store.configuration.ui/5.25.185/org.wso2.carbon.identity.user.store.configuration.ui-5.25.185.jar returned status 404
5.25.186			IOException: Tail request on https://maven-central.storage-download.googleapis.com/maven2/org/wso2/carbon/identity/framework/org.wso2.carbon.identity.user.store.configuration.ui/5.25.186/org.wso2.carbon.identity.user.store.configuration.ui-5.25.186.jar returned status 404
5.25.187			IOException: Tail request on https://maven-central.storage-download.googleapis.com/maven2/org/wso2/carbon/identity/framework/org.wso2.carbon.identity.user.store.configuration.ui/5.25.187/org.wso2.carbon.identity.user.store.configuration.ui-5.25.187.jar returned status 404
5.25.188			IOException: Tail request on https://maven-central.storage-download.googleapis.com/maven2/org/wso2/carbon/identity/framework/org.wso2.carbon.identity.user.store.configuration.ui/5.25.188/org.wso2.carbon.identity.user.store.configuration.ui-5.25.188.jar returned status 404
5.25.189			IOException: Tail request on https://maven-central.storage-download.googleapis.com/maven2/org/wso2/carbon/identity/framework/org.wso2.carbon.identity.user.store.configuration.ui/5.25.189/org.wso2.carbon.identity.user.store.configuration.ui-5.25.189.jar returned status 404
5.25.19		2022-10-25T11:16:57Z	
5.25.190			IOException: Tail request on https://maven-central.storage-download.googleapis.com/maven2/org/wso2/carbon/identity/framework/org.wso2.carbon.identity.user.store.configuration.ui/5.25.190/org.wso2.carbon.identity.user.store.configuration.ui-5.25.190.jar returned status 404
5.25.191			IOException: Tail request on https://maven-central.storage-download.googleapis.com/maven2/org/wso2/carbon/identity/framework/org.wso2.carbon.identity.user.store.configuration.ui/5.25.191/org.wso2.carbon.identity.user.store.configuration.ui-5.25.191.jar returned status 404
5.25.192			IOException: Tail request on https://maven-central.storage-download.googleapis.com/maven2/org/wso2/carbon/identity/framework/org.wso2.carbon.identity.user.store.configuration.ui/5.25.192/org.wso2.carbon.identity.user.store.configuration.ui-5.25.192.jar returned status 404
5.25.193			IOException: Tail request on https://maven-central.storage-download.googleapis.com/maven2/org/wso2/carbon/identity/framework/org.wso2.carbon.identity.user.store.configuration.ui/5.25.193/org.wso2.carbon.identity.user.store.configuration.ui-5.25.193.jar returned status 404
5.25.194			IOException: Tail request on https://maven-central.storage-download.googleapis.com/maven2/org/wso2/carbon/identity/framework/org.wso2.carbon.identity.user.store.configuration.ui/5.25.194/org.wso2.carbon.identity.user.store.configuration.ui-5.25.194.jar returned status 404
5.25.195			IOException: Tail request on https://maven-central.storage-download.googleapis.com/maven2/org/wso2/carbon/identity/framework/org.wso2.carbon.identity.user.store.configuration.ui/5.25.195/org.wso2.carbon.identity.user.store.configuration.ui-5.25.195.jar returned status 404
5.25.196			IOException: Tail request on https://maven-central.storage-download.googleapis.com/maven2/org/wso2/carbon/identity/framework/org.wso2.carbon.identity.user.store.configuration.ui/5.25.196/org.wso2.carbon.identity.user.store.configuration.ui-5.25.196.jar returned status 404
5.25.197			IOException: Tail request on https://maven-central.storage-download.googleapis.com/maven2/org/wso2/carbon/identity/framework/org.wso2.carbon.identity.user.store.configuration.ui/5.25.197/org.wso2.carbon.identity.user.store.configuration.ui-5.25.197.jar returned status 404
5.25.198			IOException: Tail request on https://maven-central.storage-download.googleapis.com/maven2/org/wso2/carbon/identity/framework/org.wso2.carbon.identity.user.store.configuration.ui/5.25.198/org.wso2.carbon.identity.user.store.configuration.ui-5.25.198.jar returned status 404
5.25.199			IOException: Tail request on https://maven-central.storage-download.googleapis.com/maven2/org/wso2/carbon/identity/framework/org.wso2.carbon.identity.user.store.configuration.ui/5.25.199/org.wso2.carbon.identity.user.store.configuration.ui-5.25.199.jar returned status 404
5.25.2		2022-09-28T03:48:17Z	
5.25.20		2022-10-26T07:24:21Z	
5.25.200			IOException: Tail request on https://maven-central.storage-download.googleapis.com/maven2/org/wso2/carbon/identity/framework/org.wso2.carbon.identity.user.store.configuration.ui/5.25.200/org.wso2.carbon.identity.user.store.configuration.ui-5.25.200.jar returned status 404
5.25.201			IOException: Tail request on https://maven-central.storage-download.googleapis.com/maven2/org/wso2/carbon/identity/framework/org.wso2.carbon.identity.user.store.configuration.ui/5.25.201/org.wso2.carbon.identity.user.store.configuration.ui-5.25.201.jar returned status 404
5.25.202			IOException: Tail request on https://maven-central.storage-download.googleapis.com/maven2/org/wso2/carbon/identity/framework/org.wso2.carbon.identity.user.store.configuration.ui/5.25.202/org.wso2.carbon.identity.user.store.configuration.ui-5.25.202.jar returned status 404
5.25.203			IOException: Tail request on https://maven-central.storage-download.googleapis.com/maven2/org/wso2/carbon/identity/framework/org.wso2.carbon.identity.user.store.configuration.ui/5.25.203/org.wso2.carbon.identity.user.store.configuration.ui-5.25.203.jar returned status 404
5.25.204			IOException: Tail request on https://maven-central.storage-download.googleapis.com/maven2/org/wso2/carbon/identity/framework/org.wso2.carbon.identity.user.store.configuration.ui/5.25.204/org.wso2.carbon.identity.user.store.configuration.ui-5.25.204.jar returned status 404
5.25.205			IOException: Tail request on https://maven-central.storage-download.googleapis.com/maven2/org/wso2/carbon/identity/framework/org.wso2.carbon.identity.user.store.configuration.ui/5.25.205/org.wso2.carbon.identity.user.store.configuration.ui-5.25.205.jar returned status 404
5.25.206			IOException: Tail request on https://maven-central.storage-download.googleapis.com/maven2/org/wso2/carbon/identity/framework/org.wso2.carbon.identity.user.store.configuration.ui/5.25.206/org.wso2.carbon.identity.user.store.configuration.ui-5.25.206.jar returned status 404
5.25.207			IOException: Tail request on https://maven-central.storage-download.googleapis.com/maven2/org/wso2/carbon/identity/framework/org.wso2.carbon.identity.user.store.configuration.ui/5.25.207/org.wso2.carbon.identity.user.store.configuration.ui-5.25.207.jar returned status 404
5.25.208			IOException: Tail request on https://maven-central.storage-download.googleapis.com/maven2/org/wso2/carbon/identity/framework/org.wso2.carbon.identity.user.store.configuration.ui/5.25.208/org.wso2.carbon.identity.user.store.configuration.ui-5.25.208.jar returned status 404
5.25.209			IOException: Tail request on https://maven-central.storage-download.googleapis.com/maven2/org/wso2/carbon/identity/framework/org.wso2.carbon.identity.user.store.configuration.ui/5.25.209/org.wso2.carbon.identity.user.store.configuration.ui-5.25.209.jar returned status 404
5.25.21		2022-10-26T09:22:25Z	
5.25.210			IOException: Tail request on https://maven-central.storage-download.googleapis.com/maven2/org/wso2/carbon/identity/framework/org.wso2.carbon.identity.user.store.configuration.ui/5.25.210/org.wso2.carbon.identity.user.store.configuration.ui-5.25.210.jar returned status 404
5.25.211			IOException: Tail request on https://maven-central.storage-download.googleapis.com/maven2/org/wso2/carbon/identity/framework/org.wso2.carbon.identity.user.store.configuration.ui/5.25.211/org.wso2.carbon.identity.user.store.configuration.ui-5.25.211.jar returned status 404
5.25.212			IOException: Tail request on https://maven-central.storage-download.googleapis.com/maven2/org/wso2/carbon/identity/framework/org.wso2.carbon.identity.user.store.configuration.ui/5.25.212/org.wso2.carbon.identity.user.store.configuration.ui-5.25.212.jar returned status 404
5.25.213			IOException: Tail request on https://maven-central.storage-download.googleapis.com/maven2/org/wso2/carbon/identity/framework/org.wso2.carbon.identity.user.store.configuration.ui/5.25.213/org.wso2.carbon.identity.user.store.configuration.ui-5.25.213.jar returned status 404
5.25.214			IOException: Tail request on https://maven-central.storage-download.googleapis.com/maven2/org/wso2/carbon/identity/framework/org.wso2.carbon.identity.user.store.configuration.ui/5.25.214/org.wso2.carbon.identity.user.store.configuration.ui-5.25.214.jar returned status 404
5.25.215			IOException: Tail request on https://maven-central.storage-download.googleapis.com/maven2/org/wso2/carbon/identity/framework/org.wso2.carbon.identity.user.store.configuration.ui/5.25.215/org.wso2.carbon.identity.user.store.configuration.ui-5.25.215.jar returned status 404
5.25.216			IOException: Tail request on https://maven-central.storage-download.googleapis.com/maven2/org/wso2/carbon/identity/framework/org.wso2.carbon.identity.user.store.configuration.ui/5.25.216/org.wso2.carbon.identity.user.store.configuration.ui-5.25.216.jar returned status 404
5.25.217			IOException: Tail request on https://maven-central.storage-download.googleapis.com/maven2/org/wso2/carbon/identity/framework/org.wso2.carbon.identity.user.store.configuration.ui/5.25.217/org.wso2.carbon.identity.user.store.configuration.ui-5.25.217.jar returned status 404
5.25.218			IOException: Tail request on https://maven-central.storage-download.googleapis.com/maven2/org/wso2/carbon/identity/framework/org.wso2.carbon.identity.user.store.configuration.ui/5.25.218/org.wso2.carbon.identity.user.store.configuration.ui-5.25.218.jar returned status 404
5.25.219			IOException: Tail request on https://maven-central.storage-download.googleapis.com/maven2/org/wso2/carbon/identity/framework/org.wso2.carbon.identity.user.store.configuration.ui/5.25.219/org.wso2.carbon.identity.user.store.configuration.ui-5.25.219.jar returned status 404
5.25.22		2022-10-31T04:45:29Z	
5.25.220			IOException: Tail request on https://maven-central.storage-download.googleapis.com/maven2/org/wso2/carbon/identity/framework/org.wso2.carbon.identity.user.store.configuration.ui/5.25.220/org.wso2.carbon.identity.user.store.configuration.ui-5.25.220.jar returned status 404
5.25.221			IOException: Tail request on https://maven-central.storage-download.googleapis.com/maven2/org/wso2/carbon/identity/framework/org.wso2.carbon.identity.user.store.configuration.ui/5.25.221/org.wso2.carbon.identity.user.store.configuration.ui-5.25.221.jar returned status 404
5.25.222			IOException: Tail request on https://maven-central.storage-download.googleapis.com/maven2/org/wso2/carbon/identity/framework/org.wso2.carbon.identity.user.store.configuration.ui/5.25.222/org.wso2.carbon.identity.user.store.configuration.ui-5.25.222.jar returned status 404
5.25.223			IOException: Tail request on https://maven-central.storage-download.googleapis.com/maven2/org/wso2/carbon/identity/framework/org.wso2.carbon.identity.user.store.configuration.ui/5.25.223/org.wso2.carbon.identity.user.store.configuration.ui-5.25.223.jar returned status 404
5.25.224			IOException: Tail request on https://maven-central.storage-download.googleapis.com/maven2/org/wso2/carbon/identity/framework/org.wso2.carbon.identity.user.store.configuration.ui/5.25.224/org.wso2.carbon.identity.user.store.configuration.ui-5.25.224.jar returned status 404
5.25.225			IOException: Tail request on https://maven-central.storage-download.googleapis.com/maven2/org/wso2/carbon/identity/framework/org.wso2.carbon.identity.user.store.configuration.ui/5.25.225/org.wso2.carbon.identity.user.store.configuration.ui-5.25.225.jar returned status 404
5.25.226			IOException: Tail request on https://maven-central.storage-download.googleapis.com/maven2/org/wso2/carbon/identity/framework/org.wso2.carbon.identity.user.store.configuration.ui/5.25.226/org.wso2.carbon.identity.user.store.configuration.ui-5.25.226.jar returned status 404
5.25.227			IOException: Tail request on https://maven-central.storage-download.googleapis.com/maven2/org/wso2/carbon/identity/framework/org.wso2.carbon.identity.user.store.configuration.ui/5.25.227/org.wso2.carbon.identity.user.store.configuration.ui-5.25.227.jar returned status 404
5.25.228			IOException: Tail request on https://maven-central.storage-download.googleapis.com/maven2/org/wso2/carbon/identity/framework/org.wso2.carbon.identity.user.store.configuration.ui/5.25.228/org.wso2.carbon.identity.user.store.configuration.ui-5.25.228.jar returned status 404
5.25.229			IOException: Tail request on https://maven-central.storage-download.googleapis.com/maven2/org/wso2/carbon/identity/framework/org.wso2.carbon.identity.user.store.configuration.ui/5.25.229/org.wso2.carbon.identity.user.store.configuration.ui-5.25.229.jar returned status 404
5.25.23		2022-11-01T04:10:25Z	
5.25.230			IOException: Tail request on https://maven-central.storage-download.googleapis.com/maven2/org/wso2/carbon/identity/framework/org.wso2.carbon.identity.user.store.configuration.ui/5.25.230/org.wso2.carbon.identity.user.store.configuration.ui-5.25.230.jar returned status 404
5.25.231			IOException: Tail request on https://maven-central.storage-download.googleapis.com/maven2/org/wso2/carbon/identity/framework/org.wso2.carbon.identity.user.store.configuration.ui/5.25.231/org.wso2.carbon.identity.user.store.configuration.ui-5.25.231.jar returned status 404
5.25.232			IOException: Tail request on https://maven-central.storage-download.googleapis.com/maven2/org/wso2/carbon/identity/framework/org.wso2.carbon.identity.user.store.configuration.ui/5.25.232/org.wso2.carbon.identity.user.store.configuration.ui-5.25.232.jar returned status 404
5.25.233			IOException: Tail request on https://maven-central.storage-download.googleapis.com/maven2/org/wso2/carbon/identity/framework/org.wso2.carbon.identity.user.store.configuration.ui/5.25.233/org.wso2.carbon.identity.user.store.configuration.ui-5.25.233.jar returned status 404
5.25.234			IOException: Tail request on https://maven-central.storage-download.googleapis.com/maven2/org/wso2/carbon/identity/framework/org.wso2.carbon.identity.user.store.configuration.ui/5.25.234/org.wso2.carbon.identity.user.store.configuration.ui-5.25.234.jar returned status 404
5.25.235			IOException: Tail request on https://maven-central.storage-download.googleapis.com/maven2/org/wso2/carbon/identity/framework/org.wso2.carbon.identity.user.store.configuration.ui/5.25.235/org.wso2.carbon.identity.user.store.configuration.ui-5.25.235.jar returned status 404
5.25.236			IOException: Tail request on https://maven-central.storage-download.googleapis.com/maven2/org/wso2/carbon/identity/framework/org.wso2.carbon.identity.user.store.configuration.ui/5.25.236/org.wso2.carbon.identity.user.store.configuration.ui-5.25.236.jar returned status 404
5.25.237			IOException: Tail request on https://maven-central.storage-download.googleapis.com/maven2/org/wso2/carbon/identity/framework/org.wso2.carbon.identity.user.store.configuration.ui/5.25.237/org.wso2.carbon.identity.user.store.configuration.ui-5.25.237.jar returned status 404
5.25.238			IOException: Tail request on https://maven-central.storage-download.googleapis.com/maven2/org/wso2/carbon/identity/framework/org.wso2.carbon.identity.user.store.configuration.ui/5.25.238/org.wso2.carbon.identity.user.store.configuration.ui-5.25.238.jar returned status 404
5.25.239			IOException: Tail request on https://maven-central.storage-download.googleapis.com/maven2/org/wso2/carbon/identity/framework/org.wso2.carbon.identity.user.store.configuration.ui/5.25.239/org.wso2.carbon.identity.user.store.configuration.ui-5.25.239.jar returned status 404
5.25.24		2022-11-02T09:41:37Z	
5.25.240			IOException: Tail request on https://maven-central.storage-download.googleapis.com/maven2/org/wso2/carbon/identity/framework/org.wso2.carbon.identity.user.store.configuration.ui/5.25.240/org.wso2.carbon.identity.user.store.configuration.ui-5.25.240.jar returned status 404
5.25.241			IOException: Tail request on https://maven-central.storage-download.googleapis.com/maven2/org/wso2/carbon/identity/framework/org.wso2.carbon.identity.user.store.configuration.ui/5.25.241/org.wso2.carbon.identity.user.store.configuration.ui-5.25.241.jar returned status 404
5.25.242			IOException: Tail request on https://maven-central.storage-download.googleapis.com/maven2/org/wso2/carbon/identity/framework/org.wso2.carbon.identity.user.store.configuration.ui/5.25.242/org.wso2.carbon.identity.user.store.configuration.ui-5.25.242.jar returned status 404
5.25.243			IOException: Tail request on https://maven-central.storage-download.googleapis.com/maven2/org/wso2/carbon/identity/framework/org.wso2.carbon.identity.user.store.configuration.ui/5.25.243/org.wso2.carbon.identity.user.store.configuration.ui-5.25.243.jar returned status 404
5.25.245			IOException: Tail request on https://maven-central.storage-download.googleapis.com/maven2/org/wso2/carbon/identity/framework/org.wso2.carbon.identity.user.store.configuration.ui/5.25.245/org.wso2.carbon.identity.user.store.configuration.ui-5.25.245.jar returned status 404
5.25.246			IOException: Tail request on https://maven-central.storage-download.googleapis.com/maven2/org/wso2/carbon/identity/framework/org.wso2.carbon.identity.user.store.configuration.ui/5.25.246/org.wso2.carbon.identity.user.store.configuration.ui-5.25.246.jar returned status 404
5.25.247			IOException: Tail request on https://maven-central.storage-download.googleapis.com/maven2/org/wso2/carbon/identity/framework/org.wso2.carbon.identity.user.store.configuration.ui/5.25.247/org.wso2.carbon.identity.user.store.configuration.ui-5.25.247.jar returned status 404
5.25.248			IOException: Tail request on https://maven-central.storage-download.googleapis.com/maven2/org/wso2/carbon/identity/framework/org.wso2.carbon.identity.user.store.configuration.ui/5.25.248/org.wso2.carbon.identity.user.store.configuration.ui-5.25.248.jar returned status 404
5.25.249			IOException: Tail request on https://maven-central.storage-download.googleapis.com/maven2/org/wso2/carbon/identity/framework/org.wso2.carbon.identity.user.store.configuration.ui/5.25.249/org.wso2.carbon.identity.user.store.configuration.ui-5.25.249.jar returned status 404
5.25.25		2022-11-03T08:25:53Z	
5.25.250			IOException: Tail request on https://maven-central.storage-download.googleapis.com/maven2/org/wso2/carbon/identity/framework/org.wso2.carbon.identity.user.store.configuration.ui/5.25.250/org.wso2.carbon.identity.user.store.configuration.ui-5.25.250.jar returned status 404
5.25.251			IOException: Tail request on https://maven-central.storage-download.googleapis.com/maven2/org/wso2/carbon/identity/framework/org.wso2.carbon.identity.user.store.configuration.ui/5.25.251/org.wso2.carbon.identity.user.store.configuration.ui-5.25.251.jar returned status 404
5.25.252			IOException: Tail request on https://maven-central.storage-download.googleapis.com/maven2/org/wso2/carbon/identity/framework/org.wso2.carbon.identity.user.store.configuration.ui/5.25.252/org.wso2.carbon.identity.user.store.configuration.ui-5.25.252.jar returned status 404
5.25.253			IOException: Tail request on https://maven-central.storage-download.googleapis.com/maven2/org/wso2/carbon/identity/framework/org.wso2.carbon.identity.user.store.configuration.ui/5.25.253/org.wso2.carbon.identity.user.store.configuration.ui-5.25.253.jar returned status 404
5.25.254			IOException: Tail request on https://maven-central.storage-download.googleapis.com/maven2/org/wso2/carbon/identity/framework/org.wso2.carbon.identity.user.store.configuration.ui/5.25.254/org.wso2.carbon.identity.user.store.configuration.ui-5.25.254.jar returned status 404
5.25.255			IOException: Tail request on https://maven-central.storage-download.googleapis.com/maven2/org/wso2/carbon/identity/framework/org.wso2.carbon.identity.user.store.configuration.ui/5.25.255/org.wso2.carbon.identity.user.store.configuration.ui-5.25.255.jar returned status 404
5.25.256			IOException: Tail request on https://maven-central.storage-download.googleapis.com/maven2/org/wso2/carbon/identity/framework/org.wso2.carbon.identity.user.store.configuration.ui/5.25.256/org.wso2.carbon.identity.user.store.configuration.ui-5.25.256.jar returned status 404
5.25.257			IOException: Tail request on https://maven-central.storage-download.googleapis.com/maven2/org/wso2/carbon/identity/framework/org.wso2.carbon.identity.user.store.configuration.ui/5.25.257/org.wso2.carbon.identity.user.store.configuration.ui-5.25.257.jar returned status 404
5.25.258			IOException: Tail request on https://maven-central.storage-download.googleapis.com/maven2/org/wso2/carbon/identity/framework/org.wso2.carbon.identity.user.store.configuration.ui/5.25.258/org.wso2.carbon.identity.user.store.configuration.ui-5.25.258.jar returned status 404
5.25.259			IOException: Tail request on https://maven-central.storage-download.googleapis.com/maven2/org/wso2/carbon/identity/framework/org.wso2.carbon.identity.user.store.configuration.ui/5.25.259/org.wso2.carbon.identity.user.store.configuration.ui-5.25.259.jar returned status 404
5.25.26		2022-11-08T06:24:39Z	
5.25.260			IOException: Tail request on https://maven-central.storage-download.googleapis.com/maven2/org/wso2/carbon/identity/framework/org.wso2.carbon.identity.user.store.configuration.ui/5.25.260/org.wso2.carbon.identity.user.store.configuration.ui-5.25.260.jar returned status 404
5.25.261			IOException: Tail request on https://maven-central.storage-download.googleapis.com/maven2/org/wso2/carbon/identity/framework/org.wso2.carbon.identity.user.store.configuration.ui/5.25.261/org.wso2.carbon.identity.user.store.configuration.ui-5.25.261.jar returned status 404
5.25.262			IOException: Tail request on https://maven-central.storage-download.googleapis.com/maven2/org/wso2/carbon/identity/framework/org.wso2.carbon.identity.user.store.configuration.ui/5.25.262/org.wso2.carbon.identity.user.store.configuration.ui-5.25.262.jar returned status 404
5.25.263			IOException: Tail request on https://maven-central.storage-download.googleapis.com/maven2/org/wso2/carbon/identity/framework/org.wso2.carbon.identity.user.store.configuration.ui/5.25.263/org.wso2.carbon.identity.user.store.configuration.ui-5.25.263.jar returned status 404
5.25.264			IOException: Tail request on https://maven-central.storage-download.googleapis.com/maven2/org/wso2/carbon/identity/framework/org.wso2.carbon.identity.user.store.configuration.ui/5.25.264/org.wso2.carbon.identity.user.store.configuration.ui-5.25.264.jar returned status 404
5.25.265			IOException: Tail request on https://maven-central.storage-download.googleapis.com/maven2/org/wso2/carbon/identity/framework/org.wso2.carbon.identity.user.store.configuration.ui/5.25.265/org.wso2.carbon.identity.user.store.configuration.ui-5.25.265.jar returned status 404
5.25.266			IOException: Tail request on https://maven-central.storage-download.googleapis.com/maven2/org/wso2/carbon/identity/framework/org.wso2.carbon.identity.user.store.configuration.ui/5.25.266/org.wso2.carbon.identity.user.store.configuration.ui-5.25.266.jar returned status 404
5.25.267			IOException: Tail request on https://maven-central.storage-download.googleapis.com/maven2/org/wso2/carbon/identity/framework/org.wso2.carbon.identity.user.store.configuration.ui/5.25.267/org.wso2.carbon.identity.user.store.configuration.ui-5.25.267.jar returned status 404
5.25.268			IOException: Tail request on https://maven-central.storage-download.googleapis.com/maven2/org/wso2/carbon/identity/framework/org.wso2.carbon.identity.user.store.configuration.ui/5.25.268/org.wso2.carbon.identity.user.store.configuration.ui-5.25.268.jar returned status 404
5.25.269			IOException: Tail request on https://maven-central.storage-download.googleapis.com/maven2/org/wso2/carbon/identity/framework/org.wso2.carbon.identity.user.store.configuration.ui/5.25.269/org.wso2.carbon.identity.user.store.configuration.ui-5.25.269.jar returned status 404
5.25.27		2022-11-08T17:53:23Z	
5.25.270			IOException: Tail request on https://maven-central.storage-download.googleapis.com/maven2/org/wso2/carbon/identity/framework/org.wso2.carbon.identity.user.store.configuration.ui/5.25.270/org.wso2.carbon.identity.user.store.configuration.ui-5.25.270.jar returned status 404
5.25.271			IOException: Tail request on https://maven-central.storage-download.googleapis.com/maven2/org/wso2/carbon/identity/framework/org.wso2.carbon.identity.user.store.configuration.ui/5.25.271/org.wso2.carbon.identity.user.store.configuration.ui-5.25.271.jar returned status 404
5.25.272			IOException: Tail request on https://maven-central.storage-download.googleapis.com/maven2/org/wso2/carbon/identity/framework/org.wso2.carbon.identity.user.store.configuration.ui/5.25.272/org.wso2.carbon.identity.user.store.configuration.ui-5.25.272.jar returned status 404
5.25.273			IOException: Tail request on https://maven-central.storage-download.googleapis.com/maven2/org/wso2/carbon/identity/framework/org.wso2.carbon.identity.user.store.configuration.ui/5.25.273/org.wso2.carbon.identity.user.store.configuration.ui-5.25.273.jar returned status 404
5.25.274			IOException: Tail request on https://maven-central.storage-download.googleapis.com/maven2/org/wso2/carbon/identity/framework/org.wso2.carbon.identity.user.store.configuration.ui/5.25.274/org.wso2.carbon.identity.user.store.configuration.ui-5.25.274.jar returned status 404
5.25.275			IOException: Tail request on https://maven-central.storage-download.googleapis.com/maven2/org/wso2/carbon/identity/framework/org.wso2.carbon.identity.user.store.configuration.ui/5.25.275/org.wso2.carbon.identity.user.store.configuration.ui-5.25.275.jar returned status 404
5.25.276			IOException: Tail request on https://maven-central.storage-download.googleapis.com/maven2/org/wso2/carbon/identity/framework/org.wso2.carbon.identity.user.store.configuration.ui/5.25.276/org.wso2.carbon.identity.user.store.configuration.ui-5.25.276.jar returned status 404
5.25.277			IOException: Tail request on https://maven-central.storage-download.googleapis.com/maven2/org/wso2/carbon/identity/framework/org.wso2.carbon.identity.user.store.configuration.ui/5.25.277/org.wso2.carbon.identity.user.store.configuration.ui-5.25.277.jar returned status 404
5.25.278			IOException: Tail request on https://maven-central.storage-download.googleapis.com/maven2/org/wso2/carbon/identity/framework/org.wso2.carbon.identity.user.store.configuration.ui/5.25.278/org.wso2.carbon.identity.user.store.configuration.ui-5.25.278.jar returned status 404
5.25.279			IOException: Tail request on https://maven-central.storage-download.googleapis.com/maven2/org/wso2/carbon/identity/framework/org.wso2.carbon.identity.user.store.configuration.ui/5.25.279/org.wso2.carbon.identity.user.store.configuration.ui-5.25.279.jar returned status 404
5.25.28		2022-11-09T17:33:10Z	
5.25.280			IOException: Tail request on https://maven-central.storage-download.googleapis.com/maven2/org/wso2/carbon/identity/framework/org.wso2.carbon.identity.user.store.configuration.ui/5.25.280/org.wso2.carbon.identity.user.store.configuration.ui-5.25.280.jar returned status 404
5.25.281			IOException: Tail request on https://maven-central.storage-download.googleapis.com/maven2/org/wso2/carbon/identity/framework/org.wso2.carbon.identity.user.store.configuration.ui/5.25.281/org.wso2.carbon.identity.user.store.configuration.ui-5.25.281.jar returned status 404
5.25.282			IOException: Tail request on https://maven-central.storage-download.googleapis.com/maven2/org/wso2/carbon/identity/framework/org.wso2.carbon.identity.user.store.configuration.ui/5.25.282/org.wso2.carbon.identity.user.store.configuration.ui-5.25.282.jar returned status 404
5.25.283			IOException: Tail request on https://maven-central.storage-download.googleapis.com/maven2/org/wso2/carbon/identity/framework/org.wso2.carbon.identity.user.store.configuration.ui/5.25.283/org.wso2.carbon.identity.user.store.configuration.ui-5.25.283.jar returned status 404
5.25.284			IOException: Tail request on https://maven-central.storage-download.googleapis.com/maven2/org/wso2/carbon/identity/framework/org.wso2.carbon.identity.user.store.configuration.ui/5.25.284/org.wso2.carbon.identity.user.store.configuration.ui-5.25.284.jar returned status 404
5.25.285			IOException: Tail request on https://maven-central.storage-download.googleapis.com/maven2/org/wso2/carbon/identity/framework/org.wso2.carbon.identity.user.store.configuration.ui/5.25.285/org.wso2.carbon.identity.user.store.configuration.ui-5.25.285.jar returned status 404
5.25.286			IOException: Tail request on https://maven-central.storage-download.googleapis.com/maven2/org/wso2/carbon/identity/framework/org.wso2.carbon.identity.user.store.configuration.ui/5.25.286/org.wso2.carbon.identity.user.store.configuration.ui-5.25.286.jar returned status 404
5.25.287			IOException: Tail request on https://maven-central.storage-download.googleapis.com/maven2/org/wso2/carbon/identity/framework/org.wso2.carbon.identity.user.store.configuration.ui/5.25.287/org.wso2.carbon.identity.user.store.configuration.ui-5.25.287.jar returned status 404
5.25.288			IOException: Tail request on https://maven-central.storage-download.googleapis.com/maven2/org/wso2/carbon/identity/framework/org.wso2.carbon.identity.user.store.configuration.ui/5.25.288/org.wso2.carbon.identity.user.store.configuration.ui-5.25.288.jar returned status 404
5.25.289			IOException: Tail request on https://maven-central.storage-download.googleapis.com/maven2/org/wso2/carbon/identity/framework/org.wso2.carbon.identity.user.store.configuration.ui/5.25.289/org.wso2.carbon.identity.user.store.configuration.ui-5.25.289.jar returned status 404
5.25.29		2022-11-14T08:44:16Z	
5.25.290			IOException: Tail request on https://maven-central.storage-download.googleapis.com/maven2/org/wso2/carbon/identity/framework/org.wso2.carbon.identity.user.store.configuration.ui/5.25.290/org.wso2.carbon.identity.user.store.configuration.ui-5.25.290.jar returned status 404
5.25.291			IOException: Tail request on https://maven-central.storage-download.googleapis.com/maven2/org/wso2/carbon/identity/framework/org.wso2.carbon.identity.user.store.configuration.ui/5.25.291/org.wso2.carbon.identity.user.store.configuration.ui-5.25.291.jar returned status 404
5.25.292			IOException: Tail request on https://maven-central.storage-download.googleapis.com/maven2/org/wso2/carbon/identity/framework/org.wso2.carbon.identity.user.store.configuration.ui/5.25.292/org.wso2.carbon.identity.user.store.configuration.ui-5.25.292.jar returned status 404
5.25.293			IOException: Tail request on https://maven-central.storage-download.googleapis.com/maven2/org/wso2/carbon/identity/framework/org.wso2.carbon.identity.user.store.configuration.ui/5.25.293/org.wso2.carbon.identity.user.store.configuration.ui-5.25.293.jar returned status 404
5.25.294			IOException: Tail request on https://maven-central.storage-download.googleapis.com/maven2/org/wso2/carbon/identity/framework/org.wso2.carbon.identity.user.store.configuration.ui/5.25.294/org.wso2.carbon.identity.user.store.configuration.ui-5.25.294.jar returned status 404
5.25.295			IOException: Tail request on https://maven-central.storage-download.googleapis.com/maven2/org/wso2/carbon/identity/framework/org.wso2.carbon.identity.user.store.configuration.ui/5.25.295/org.wso2.carbon.identity.user.store.configuration.ui-5.25.295.jar returned status 404
5.25.296			IOException: Tail request on https://maven-central.storage-download.googleapis.com/maven2/org/wso2/carbon/identity/framework/org.wso2.carbon.identity.user.store.configuration.ui/5.25.296/org.wso2.carbon.identity.user.store.configuration.ui-5.25.296.jar returned status 404
5.25.297			IOException: Tail request on https://maven-central.storage-download.googleapis.com/maven2/org/wso2/carbon/identity/framework/org.wso2.carbon.identity.user.store.configuration.ui/5.25.297/org.wso2.carbon.identity.user.store.configuration.ui-5.25.297.jar returned status 404
5.25.298			IOException: Tail request on https://maven-central.storage-download.googleapis.com/maven2/org/wso2/carbon/identity/framework/org.wso2.carbon.identity.user.store.configuration.ui/5.25.298/org.wso2.carbon.identity.user.store.configuration.ui-5.25.298.jar returned status 404
5.25.299			IOException: Tail request on https://maven-central.storage-download.googleapis.com/maven2/org/wso2/carbon/identity/framework/org.wso2.carbon.identity.user.store.configuration.ui/5.25.299/org.wso2.carbon.identity.user.store.configuration.ui-5.25.299.jar returned status 404
5.25.3		2022-10-03T04:33:55Z	
5.25.30		2022-11-14T11:58:45Z	
5.25.300			IOException: Tail request on https://maven-central.storage-download.googleapis.com/maven2/org/wso2/carbon/identity/framework/org.wso2.carbon.identity.user.store.configuration.ui/5.25.300/org.wso2.carbon.identity.user.store.configuration.ui-5.25.300.jar returned status 404
5.25.301			IOException: Tail request on https://maven-central.storage-download.googleapis.com/maven2/org/wso2/carbon/identity/framework/org.wso2.carbon.identity.user.store.configuration.ui/5.25.301/org.wso2.carbon.identity.user.store.configuration.ui-5.25.301.jar returned status 404
5.25.302			IOException: Tail request on https://maven-central.storage-download.googleapis.com/maven2/org/wso2/carbon/identity/framework/org.wso2.carbon.identity.user.store.configuration.ui/5.25.302/org.wso2.carbon.identity.user.store.configuration.ui-5.25.302.jar returned status 404
5.25.303			IOException: Tail request on https://maven-central.storage-download.googleapis.com/maven2/org/wso2/carbon/identity/framework/org.wso2.carbon.identity.user.store.configuration.ui/5.25.303/org.wso2.carbon.identity.user.store.configuration.ui-5.25.303.jar returned status 404
5.25.304			IOException: Tail request on https://maven-central.storage-download.googleapis.com/maven2/org/wso2/carbon/identity/framework/org.wso2.carbon.identity.user.store.configuration.ui/5.25.304/org.wso2.carbon.identity.user.store.configuration.ui-5.25.304.jar returned status 404
5.25.305			IOException: Tail request on https://maven-central.storage-download.googleapis.com/maven2/org/wso2/carbon/identity/framework/org.wso2.carbon.identity.user.store.configuration.ui/5.25.305/org.wso2.carbon.identity.user.store.configuration.ui-5.25.305.jar returned status 404
5.25.306			IOException: Tail request on https://maven-central.storage-download.googleapis.com/maven2/org/wso2/carbon/identity/framework/org.wso2.carbon.identity.user.store.configuration.ui/5.25.306/org.wso2.carbon.identity.user.store.configuration.ui-5.25.306.jar returned status 404
5.25.307			IOException: Tail request on https://maven-central.storage-download.googleapis.com/maven2/org/wso2/carbon/identity/framework/org.wso2.carbon.identity.user.store.configuration.ui/5.25.307/org.wso2.carbon.identity.user.store.configuration.ui-5.25.307.jar returned status 404
5.25.308			IOException: Tail request on https://maven-central.storage-download.googleapis.com/maven2/org/wso2/carbon/identity/framework/org.wso2.carbon.identity.user.store.configuration.ui/5.25.308/org.wso2.carbon.identity.user.store.configuration.ui-5.25.308.jar returned status 404
5.25.309			IOException: Tail request on https://maven-central.storage-download.googleapis.com/maven2/org/wso2/carbon/identity/framework/org.wso2.carbon.identity.user.store.configuration.ui/5.25.309/org.wso2.carbon.identity.user.store.configuration.ui-5.25.309.jar returned status 404
5.25.31		2022-11-15T05:54:16Z	
5.25.310			IOException: Tail request on https://maven-central.storage-download.googleapis.com/maven2/org/wso2/carbon/identity/framework/org.wso2.carbon.identity.user.store.configuration.ui/5.25.310/org.wso2.carbon.identity.user.store.configuration.ui-5.25.310.jar returned status 404
5.25.311			IOException: Tail request on https://maven-central.storage-download.googleapis.com/maven2/org/wso2/carbon/identity/framework/org.wso2.carbon.identity.user.store.configuration.ui/5.25.311/org.wso2.carbon.identity.user.store.configuration.ui-5.25.311.jar returned status 404
5.25.312			IOException: Tail request on https://maven-central.storage-download.googleapis.com/maven2/org/wso2/carbon/identity/framework/org.wso2.carbon.identity.user.store.configuration.ui/5.25.312/org.wso2.carbon.identity.user.store.configuration.ui-5.25.312.jar returned status 404
5.25.313			IOException: Tail request on https://maven-central.storage-download.googleapis.com/maven2/org/wso2/carbon/identity/framework/org.wso2.carbon.identity.user.store.configuration.ui/5.25.313/org.wso2.carbon.identity.user.store.configuration.ui-5.25.313.jar returned status 404
5.25.314			IOException: Tail request on https://maven-central.storage-download.googleapis.com/maven2/org/wso2/carbon/identity/framework/org.wso2.carbon.identity.user.store.configuration.ui/5.25.314/org.wso2.carbon.identity.user.store.configuration.ui-5.25.314.jar returned status 404
5.25.315			IOException: Tail request on https://maven-central.storage-download.googleapis.com/maven2/org/wso2/carbon/identity/framework/org.wso2.carbon.identity.user.store.configuration.ui/5.25.315/org.wso2.carbon.identity.user.store.configuration.ui-5.25.315.jar returned status 404
5.25.316			IOException: Tail request on https://maven-central.storage-download.googleapis.com/maven2/org/wso2/carbon/identity/framework/org.wso2.carbon.identity.user.store.configuration.ui/5.25.316/org.wso2.carbon.identity.user.store.configuration.ui-5.25.316.jar returned status 404
5.25.317			IOException: Tail request on https://maven-central.storage-download.googleapis.com/maven2/org/wso2/carbon/identity/framework/org.wso2.carbon.identity.user.store.configuration.ui/5.25.317/org.wso2.carbon.identity.user.store.configuration.ui-5.25.317.jar returned status 404
5.25.318			IOException: Tail request on https://maven-central.storage-download.googleapis.com/maven2/org/wso2/carbon/identity/framework/org.wso2.carbon.identity.user.store.configuration.ui/5.25.318/org.wso2.carbon.identity.user.store.configuration.ui-5.25.318.jar returned status 404
5.25.319			IOException: Tail request on https://maven-central.storage-download.googleapis.com/maven2/org/wso2/carbon/identity/framework/org.wso2.carbon.identity.user.store.configuration.ui/5.25.319/org.wso2.carbon.identity.user.store.configuration.ui-5.25.319.jar returned status 404
5.25.32		2022-11-15T09:26:40Z	
5.25.320			IOException: Tail request on https://maven-central.storage-download.googleapis.com/maven2/org/wso2/carbon/identity/framework/org.wso2.carbon.identity.user.store.configuration.ui/5.25.320/org.wso2.carbon.identity.user.store.configuration.ui-5.25.320.jar returned status 404
5.25.321			IOException: Tail request on https://maven-central.storage-download.googleapis.com/maven2/org/wso2/carbon/identity/framework/org.wso2.carbon.identity.user.store.configuration.ui/5.25.321/org.wso2.carbon.identity.user.store.configuration.ui-5.25.321.jar returned status 404
5.25.322			IOException: Tail request on https://maven-central.storage-download.googleapis.com/maven2/org/wso2/carbon/identity/framework/org.wso2.carbon.identity.user.store.configuration.ui/5.25.322/org.wso2.carbon.identity.user.store.configuration.ui-5.25.322.jar returned status 404
5.25.323			IOException: Tail request on https://maven-central.storage-download.googleapis.com/maven2/org/wso2/carbon/identity/framework/org.wso2.carbon.identity.user.store.configuration.ui/5.25.323/org.wso2.carbon.identity.user.store.configuration.ui-5.25.323.jar returned status 404
5.25.324			IOException: Tail request on https://maven-central.storage-download.googleapis.com/maven2/org/wso2/carbon/identity/framework/org.wso2.carbon.identity.user.store.configuration.ui/5.25.324/org.wso2.carbon.identity.user.store.configuration.ui-5.25.324.jar returned status 404
5.25.325			IOException: Tail request on https://maven-central.storage-download.googleapis.com/maven2/org/wso2/carbon/identity/framework/org.wso2.carbon.identity.user.store.configuration.ui/5.25.325/org.wso2.carbon.identity.user.store.configuration.ui-5.25.325.jar returned status 404
5.25.326			IOException: Tail request on https://maven-central.storage-download.googleapis.com/maven2/org/wso2/carbon/identity/framework/org.wso2.carbon.identity.user.store.configuration.ui/5.25.326/org.wso2.carbon.identity.user.store.configuration.ui-5.25.326.jar returned status 404
5.25.327			IOException: Tail request on https://maven-central.storage-download.googleapis.com/maven2/org/wso2/carbon/identity/framework/org.wso2.carbon.identity.user.store.configuration.ui/5.25.327/org.wso2.carbon.identity.user.store.configuration.ui-5.25.327.jar returned status 404
5.25.328			IOException: Tail request on https://maven-central.storage-download.googleapis.com/maven2/org/wso2/carbon/identity/framework/org.wso2.carbon.identity.user.store.configuration.ui/5.25.328/org.wso2.carbon.identity.user.store.configuration.ui-5.25.328.jar returned status 404
5.25.329			IOException: Tail request on https://maven-central.storage-download.googleapis.com/maven2/org/wso2/carbon/identity/framework/org.wso2.carbon.identity.user.store.configuration.ui/5.25.329/org.wso2.carbon.identity.user.store.configuration.ui-5.25.329.jar returned status 404
5.25.33		2022-11-15T13:08:24Z	
5.25.330			IOException: Tail request on https://maven-central.storage-download.googleapis.com/maven2/org/wso2/carbon/identity/framework/org.wso2.carbon.identity.user.store.configuration.ui/5.25.330/org.wso2.carbon.identity.user.store.configuration.ui-5.25.330.jar returned status 404
5.25.331			IOException: Tail request on https://maven-central.storage-download.googleapis.com/maven2/org/wso2/carbon/identity/framework/org.wso2.carbon.identity.user.store.configuration.ui/5.25.331/org.wso2.carbon.identity.user.store.configuration.ui-5.25.331.jar returned status 404
5.25.332			IOException: Tail request on https://maven-central.storage-download.googleapis.com/maven2/org/wso2/carbon/identity/framework/org.wso2.carbon.identity.user.store.configuration.ui/5.25.332/org.wso2.carbon.identity.user.store.configuration.ui-5.25.332.jar returned status 404
5.25.333			IOException: Tail request on https://maven-central.storage-download.googleapis.com/maven2/org/wso2/carbon/identity/framework/org.wso2.carbon.identity.user.store.configuration.ui/5.25.333/org.wso2.carbon.identity.user.store.configuration.ui-5.25.333.jar returned status 404
5.25.334			IOException: Tail request on https://maven-central.storage-download.googleapis.com/maven2/org/wso2/carbon/identity/framework/org.wso2.carbon.identity.user.store.configuration.ui/5.25.334/org.wso2.carbon.identity.user.store.configuration.ui-5.25.334.jar returned status 404
5.25.335			IOException: Tail request on https://maven-central.storage-download.googleapis.com/maven2/org/wso2/carbon/identity/framework/org.wso2.carbon.identity.user.store.configuration.ui/5.25.335/org.wso2.carbon.identity.user.store.configuration.ui-5.25.335.jar returned status 404
5.25.336			IOException: Tail request on https://maven-central.storage-download.googleapis.com/maven2/org/wso2/carbon/identity/framework/org.wso2.carbon.identity.user.store.configuration.ui/5.25.336/org.wso2.carbon.identity.user.store.configuration.ui-5.25.336.jar returned status 404
5.25.337		2023-09-18T04:33:09Z	
5.25.338		2023-09-18T06:59:36Z	
5.25.339		2023-09-18T08:12:16Z	
5.25.34		2022-11-17T04:33:47Z	
5.25.340		2023-09-18T10:31:28Z	
5.25.341		2023-09-19T03:16:52Z	
5.25.342		2023-09-19T05:30:05Z	
5.25.343		2023-09-19T08:13:35Z	
5.25.344		2023-09-19T10:05:18Z	
5.25.345		2023-09-19T12:31:09Z	
5.25.346			IOException: Tail request on https://maven-central.storage-download.googleapis.com/maven2/org/wso2/carbon/identity/framework/org.wso2.carbon.identity.user.store.configuration.ui/5.25.346/org.wso2.carbon.identity.user.store.configuration.ui-5.25.346.jar returned status 404
5.25.347			IOException: Tail request on https://maven-central.storage-download.googleapis.com/maven2/org/wso2/carbon/identity/framework/org.wso2.carbon.identity.user.store.configuration.ui/5.25.347/org.wso2.carbon.identity.user.store.configuration.ui-5.25.347.jar returned status 404
5.25.348			IOException: Tail request on https://maven-central.storage-download.googleapis.com/maven2/org/wso2/carbon/identity/framework/org.wso2.carbon.identity.user.store.configuration.ui/5.25.348/org.wso2.carbon.identity.user.store.configuration.ui-5.25.348.jar returned status 404
5.25.349			IOException: Tail request on https://maven-central.storage-download.googleapis.com/maven2/org/wso2/carbon/identity/framework/org.wso2.carbon.identity.user.store.configuration.ui/5.25.349/org.wso2.carbon.identity.user.store.configuration.ui-5.25.349.jar returned status 404
5.25.35		2022-11-18T08:54:34Z	
5.25.350			IOException: Tail request on https://maven-central.storage-download.googleapis.com/maven2/org/wso2/carbon/identity/framework/org.wso2.carbon.identity.user.store.configuration.ui/5.25.350/org.wso2.carbon.identity.user.store.configuration.ui-5.25.350.jar returned status 404
5.25.351			IOException: Tail request on https://maven-central.storage-download.googleapis.com/maven2/org/wso2/carbon/identity/framework/org.wso2.carbon.identity.user.store.configuration.ui/5.25.351/org.wso2.carbon.identity.user.store.configuration.ui-5.25.351.jar returned status 404
5.25.352			IOException: Tail request on https://maven-central.storage-download.googleapis.com/maven2/org/wso2/carbon/identity/framework/org.wso2.carbon.identity.user.store.configuration.ui/5.25.352/org.wso2.carbon.identity.user.store.configuration.ui-5.25.352.jar returned status 404
5.25.353			IOException: Tail request on https://maven-central.storage-download.googleapis.com/maven2/org/wso2/carbon/identity/framework/org.wso2.carbon.identity.user.store.configuration.ui/5.25.353/org.wso2.carbon.identity.user.store.configuration.ui-5.25.353.jar returned status 404
5.25.354			IOException: Tail request on https://maven-central.storage-download.googleapis.com/maven2/org/wso2/carbon/identity/framework/org.wso2.carbon.identity.user.store.configuration.ui/5.25.354/org.wso2.carbon.identity.user.store.configuration.ui-5.25.354.jar returned status 404
5.25.355			IOException: Tail request on https://maven-central.storage-download.googleapis.com/maven2/org/wso2/carbon/identity/framework/org.wso2.carbon.identity.user.store.configuration.ui/5.25.355/org.wso2.carbon.identity.user.store.configuration.ui-5.25.355.jar returned status 404
5.25.356			IOException: Tail request on https://maven-central.storage-download.googleapis.com/maven2/org/wso2/carbon/identity/framework/org.wso2.carbon.identity.user.store.configuration.ui/5.25.356/org.wso2.carbon.identity.user.store.configuration.ui-5.25.356.jar returned status 404
5.25.357			IOException: Tail request on https://maven-central.storage-download.googleapis.com/maven2/org/wso2/carbon/identity/framework/org.wso2.carbon.identity.user.store.configuration.ui/5.25.357/org.wso2.carbon.identity.user.store.configuration.ui-5.25.357.jar returned status 404
5.25.358			IOException: Tail request on https://maven-central.storage-download.googleapis.com/maven2/org/wso2/carbon/identity/framework/org.wso2.carbon.identity.user.store.configuration.ui/5.25.358/org.wso2.carbon.identity.user.store.configuration.ui-5.25.358.jar returned status 404
5.25.359			IOException: Tail request on https://maven-central.storage-download.googleapis.com/maven2/org/wso2/carbon/identity/framework/org.wso2.carbon.identity.user.store.configuration.ui/5.25.359/org.wso2.carbon.identity.user.store.configuration.ui-5.25.359.jar returned status 404
5.25.36		2022-11-18T13:54:55Z	
5.25.360			IOException: Tail request on https://maven-central.storage-download.googleapis.com/maven2/org/wso2/carbon/identity/framework/org.wso2.carbon.identity.user.store.configuration.ui/5.25.360/org.wso2.carbon.identity.user.store.configuration.ui-5.25.360.jar returned status 404
5.25.361			IOException: Tail request on https://maven-central.storage-download.googleapis.com/maven2/org/wso2/carbon/identity/framework/org.wso2.carbon.identity.user.store.configuration.ui/5.25.361/org.wso2.carbon.identity.user.store.configuration.ui-5.25.361.jar returned status 404
5.25.362			IOException: Tail request on https://maven-central.storage-download.googleapis.com/maven2/org/wso2/carbon/identity/framework/org.wso2.carbon.identity.user.store.configuration.ui/5.25.362/org.wso2.carbon.identity.user.store.configuration.ui-5.25.362.jar returned status 404
5.25.363			IOException: Tail request on https://maven-central.storage-download.googleapis.com/maven2/org/wso2/carbon/identity/framework/org.wso2.carbon.identity.user.store.configuration.ui/5.25.363/org.wso2.carbon.identity.user.store.configuration.ui-5.25.363.jar returned status 404
5.25.364			IOException: Tail request on https://maven-central.storage-download.googleapis.com/maven2/org/wso2/carbon/identity/framework/org.wso2.carbon.identity.user.store.configuration.ui/5.25.364/org.wso2.carbon.identity.user.store.configuration.ui-5.25.364.jar returned status 404
5.25.365			IOException: Tail request on https://maven-central.storage-download.googleapis.com/maven2/org/wso2/carbon/identity/framework/org.wso2.carbon.identity.user.store.configuration.ui/5.25.365/org.wso2.carbon.identity.user.store.configuration.ui-5.25.365.jar returned status 404
5.25.366			IOException: Tail request on https://maven-central.storage-download.googleapis.com/maven2/org/wso2/carbon/identity/framework/org.wso2.carbon.identity.user.store.configuration.ui/5.25.366/org.wso2.carbon.identity.user.store.configuration.ui-5.25.366.jar returned status 404
5.25.367			IOException: Tail request on https://maven-central.storage-download.googleapis.com/maven2/org/wso2/carbon/identity/framework/org.wso2.carbon.identity.user.store.configuration.ui/5.25.367/org.wso2.carbon.identity.user.store.configuration.ui-5.25.367.jar returned status 404
5.25.368			IOException: Tail request on https://maven-central.storage-download.googleapis.com/maven2/org/wso2/carbon/identity/framework/org.wso2.carbon.identity.user.store.configuration.ui/5.25.368/org.wso2.carbon.identity.user.store.configuration.ui-5.25.368.jar returned status 404
5.25.369			IOException: Tail request on https://maven-central.storage-download.googleapis.com/maven2/org/wso2/carbon/identity/framework/org.wso2.carbon.identity.user.store.configuration.ui/5.25.369/org.wso2.carbon.identity.user.store.configuration.ui-5.25.369.jar returned status 404
5.25.37		2022-11-21T06:26:37Z	
5.25.370			IOException: Tail request on https://maven-central.storage-download.googleapis.com/maven2/org/wso2/carbon/identity/framework/org.wso2.carbon.identity.user.store.configuration.ui/5.25.370/org.wso2.carbon.identity.user.store.configuration.ui-5.25.370.jar returned status 404
5.25.371			IOException: Tail request on https://maven-central.storage-download.googleapis.com/maven2/org/wso2/carbon/identity/framework/org.wso2.carbon.identity.user.store.configuration.ui/5.25.371/org.wso2.carbon.identity.user.store.configuration.ui-5.25.371.jar returned status 404
5.25.372			IOException: Tail request on https://maven-central.storage-download.googleapis.com/maven2/org/wso2/carbon/identity/framework/org.wso2.carbon.identity.user.store.configuration.ui/5.25.372/org.wso2.carbon.identity.user.store.configuration.ui-5.25.372.jar returned status 404
5.25.373			IOException: Tail request on https://maven-central.storage-download.googleapis.com/maven2/org/wso2/carbon/identity/framework/org.wso2.carbon.identity.user.store.configuration.ui/5.25.373/org.wso2.carbon.identity.user.store.configuration.ui-5.25.373.jar returned status 404
5.25.374			IOException: Tail request on https://maven-central.storage-download.googleapis.com/maven2/org/wso2/carbon/identity/framework/org.wso2.carbon.identity.user.store.configuration.ui/5.25.374/org.wso2.carbon.identity.user.store.configuration.ui-5.25.374.jar returned status 404
5.25.375			IOException: Tail request on https://maven-central.storage-download.googleapis.com/maven2/org/wso2/carbon/identity/framework/org.wso2.carbon.identity.user.store.configuration.ui/5.25.375/org.wso2.carbon.identity.user.store.configuration.ui-5.25.375.jar returned status 404
5.25.376			IOException: Tail request on https://maven-central.storage-download.googleapis.com/maven2/org/wso2/carbon/identity/framework/org.wso2.carbon.identity.user.store.configuration.ui/5.25.376/org.wso2.carbon.identity.user.store.configuration.ui-5.25.376.jar returned status 404
5.25.377			IOException: Tail request on https://maven-central.storage-download.googleapis.com/maven2/org/wso2/carbon/identity/framework/org.wso2.carbon.identity.user.store.configuration.ui/5.25.377/org.wso2.carbon.identity.user.store.configuration.ui-5.25.377.jar returned status 404
5.25.378			IOException: Tail request on https://maven-central.storage-download.googleapis.com/maven2/org/wso2/carbon/identity/framework/org.wso2.carbon.identity.user.store.configuration.ui/5.25.378/org.wso2.carbon.identity.user.store.configuration.ui-5.25.378.jar returned status 404
5.25.379			IOException: Tail request on https://maven-central.storage-download.googleapis.com/maven2/org/wso2/carbon/identity/framework/org.wso2.carbon.identity.user.store.configuration.ui/5.25.379/org.wso2.carbon.identity.user.store.configuration.ui-5.25.379.jar returned status 404
5.25.38		2022-11-21T10:21:05Z	
5.25.380			IOException: Tail request on https://maven-central.storage-download.googleapis.com/maven2/org/wso2/carbon/identity/framework/org.wso2.carbon.identity.user.store.configuration.ui/5.25.380/org.wso2.carbon.identity.user.store.configuration.ui-5.25.380.jar returned status 404
5.25.381			IOException: Tail request on https://maven-central.storage-download.googleapis.com/maven2/org/wso2/carbon/identity/framework/org.wso2.carbon.identity.user.store.configuration.ui/5.25.381/org.wso2.carbon.identity.user.store.configuration.ui-5.25.381.jar returned status 404
5.25.382			IOException: Tail request on https://maven-central.storage-download.googleapis.com/maven2/org/wso2/carbon/identity/framework/org.wso2.carbon.identity.user.store.configuration.ui/5.25.382/org.wso2.carbon.identity.user.store.configuration.ui-5.25.382.jar returned status 404
5.25.383			IOException: Tail request on https://maven-central.storage-download.googleapis.com/maven2/org/wso2/carbon/identity/framework/org.wso2.carbon.identity.user.store.configuration.ui/5.25.383/org.wso2.carbon.identity.user.store.configuration.ui-5.25.383.jar returned status 404
5.25.384			IOException: Tail request on https://maven-central.storage-download.googleapis.com/maven2/org/wso2/carbon/identity/framework/org.wso2.carbon.identity.user.store.configuration.ui/5.25.384/org.wso2.carbon.identity.user.store.configuration.ui-5.25.384.jar returned status 404
5.25.385			IOException: Tail request on https://maven-central.storage-download.googleapis.com/maven2/org/wso2/carbon/identity/framework/org.wso2.carbon.identity.user.store.configuration.ui/5.25.385/org.wso2.carbon.identity.user.store.configuration.ui-5.25.385.jar returned status 404
5.25.386			IOException: Tail request on https://maven-central.storage-download.googleapis.com/maven2/org/wso2/carbon/identity/framework/org.wso2.carbon.identity.user.store.configuration.ui/5.25.386/org.wso2.carbon.identity.user.store.configuration.ui-5.25.386.jar returned status 404
5.25.387			IOException: Tail request on https://maven-central.storage-download.googleapis.com/maven2/org/wso2/carbon/identity/framework/org.wso2.carbon.identity.user.store.configuration.ui/5.25.387/org.wso2.carbon.identity.user.store.configuration.ui-5.25.387.jar returned status 404
5.25.388			IOException: Tail request on https://maven-central.storage-download.googleapis.com/maven2/org/wso2/carbon/identity/framework/org.wso2.carbon.identity.user.store.configuration.ui/5.25.388/org.wso2.carbon.identity.user.store.configuration.ui-5.25.388.jar returned status 404
5.25.389			IOException: Tail request on https://maven-central.storage-download.googleapis.com/maven2/org/wso2/carbon/identity/framework/org.wso2.carbon.identity.user.store.configuration.ui/5.25.389/org.wso2.carbon.identity.user.store.configuration.ui-5.25.389.jar returned status 404
5.25.39		2022-11-21T15:58:52Z	
5.25.390			IOException: Tail request on https://maven-central.storage-download.googleapis.com/maven2/org/wso2/carbon/identity/framework/org.wso2.carbon.identity.user.store.configuration.ui/5.25.390/org.wso2.carbon.identity.user.store.configuration.ui-5.25.390.jar returned status 404
5.25.391			IOException: Tail request on https://maven-central.storage-download.googleapis.com/maven2/org/wso2/carbon/identity/framework/org.wso2.carbon.identity.user.store.configuration.ui/5.25.391/org.wso2.carbon.identity.user.store.configuration.ui-5.25.391.jar returned status 404
5.25.392			IOException: Tail request on https://maven-central.storage-download.googleapis.com/maven2/org/wso2/carbon/identity/framework/org.wso2.carbon.identity.user.store.configuration.ui/5.25.392/org.wso2.carbon.identity.user.store.configuration.ui-5.25.392.jar returned status 404
5.25.393			IOException: Tail request on https://maven-central.storage-download.googleapis.com/maven2/org/wso2/carbon/identity/framework/org.wso2.carbon.identity.user.store.configuration.ui/5.25.393/org.wso2.carbon.identity.user.store.configuration.ui-5.25.393.jar returned status 404
5.25.394			IOException: Tail request on https://maven-central.storage-download.googleapis.com/maven2/org/wso2/carbon/identity/framework/org.wso2.carbon.identity.user.store.configuration.ui/5.25.394/org.wso2.carbon.identity.user.store.configuration.ui-5.25.394.jar returned status 404
5.25.395			IOException: Tail request on https://maven-central.storage-download.googleapis.com/maven2/org/wso2/carbon/identity/framework/org.wso2.carbon.identity.user.store.configuration.ui/5.25.395/org.wso2.carbon.identity.user.store.configuration.ui-5.25.395.jar returned status 404
5.25.396			IOException: Tail request on https://maven-central.storage-download.googleapis.com/maven2/org/wso2/carbon/identity/framework/org.wso2.carbon.identity.user.store.configuration.ui/5.25.396/org.wso2.carbon.identity.user.store.configuration.ui-5.25.396.jar returned status 404
5.25.397			IOException: Tail request on https://maven-central.storage-download.googleapis.com/maven2/org/wso2/carbon/identity/framework/org.wso2.carbon.identity.user.store.configuration.ui/5.25.397/org.wso2.carbon.identity.user.store.configuration.ui-5.25.397.jar returned status 404
5.25.398			IOException: Tail request on https://maven-central.storage-download.googleapis.com/maven2/org/wso2/carbon/identity/framework/org.wso2.carbon.identity.user.store.configuration.ui/5.25.398/org.wso2.carbon.identity.user.store.configuration.ui-5.25.398.jar returned status 404
5.25.399			IOException: Tail request on https://maven-central.storage-download.googleapis.com/maven2/org/wso2/carbon/identity/framework/org.wso2.carbon.identity.user.store.configuration.ui/5.25.399/org.wso2.carbon.identity.user.store.configuration.ui-5.25.399.jar returned status 404
5.25.4		2022-10-03T09:30:56Z	
5.25.40		2022-11-23T06:38:10Z	
5.25.400			IOException: Tail request on https://maven-central.storage-download.googleapis.com/maven2/org/wso2/carbon/identity/framework/org.wso2.carbon.identity.user.store.configuration.ui/5.25.400/org.wso2.carbon.identity.user.store.configuration.ui-5.25.400.jar returned status 404
5.25.401			IOException: Tail request on https://maven-central.storage-download.googleapis.com/maven2/org/wso2/carbon/identity/framework/org.wso2.carbon.identity.user.store.configuration.ui/5.25.401/org.wso2.carbon.identity.user.store.configuration.ui-5.25.401.jar returned status 404
5.25.402			IOException: Tail request on https://maven-central.storage-download.googleapis.com/maven2/org/wso2/carbon/identity/framework/org.wso2.carbon.identity.user.store.configuration.ui/5.25.402/org.wso2.carbon.identity.user.store.configuration.ui-5.25.402.jar returned status 404
5.25.403			IOException: Tail request on https://maven-central.storage-download.googleapis.com/maven2/org/wso2/carbon/identity/framework/org.wso2.carbon.identity.user.store.configuration.ui/5.25.403/org.wso2.carbon.identity.user.store.configuration.ui-5.25.403.jar returned status 404
5.25.404			IOException: Tail request on https://maven-central.storage-download.googleapis.com/maven2/org/wso2/carbon/identity/framework/org.wso2.carbon.identity.user.store.configuration.ui/5.25.404/org.wso2.carbon.identity.user.store.configuration.ui-5.25.404.jar returned status 404
5.25.405			IOException: Tail request on https://maven-central.storage-download.googleapis.com/maven2/org/wso2/carbon/identity/framework/org.wso2.carbon.identity.user.store.configuration.ui/5.25.405/org.wso2.carbon.identity.user.store.configuration.ui-5.25.405.jar returned status 404
5.25.406			IOException: Tail request on https://maven-central.storage-download.googleapis.com/maven2/org/wso2/carbon/identity/framework/org.wso2.carbon.identity.user.store.configuration.ui/5.25.406/org.wso2.carbon.identity.user.store.configuration.ui-5.25.406.jar returned status 404
5.25.407			IOException: Tail request on https://maven-central.storage-download.googleapis.com/maven2/org/wso2/carbon/identity/framework/org.wso2.carbon.identity.user.store.configuration.ui/5.25.407/org.wso2.carbon.identity.user.store.configuration.ui-5.25.407.jar returned status 404
5.25.408			IOException: Tail request on https://maven-central.storage-download.googleapis.com/maven2/org/wso2/carbon/identity/framework/org.wso2.carbon.identity.user.store.configuration.ui/5.25.408/org.wso2.carbon.identity.user.store.configuration.ui-5.25.408.jar returned status 404
5.25.409			IOException: Tail request on https://maven-central.storage-download.googleapis.com/maven2/org/wso2/carbon/identity/framework/org.wso2.carbon.identity.user.store.configuration.ui/5.25.409/org.wso2.carbon.identity.user.store.configuration.ui-5.25.409.jar returned status 404
5.25.41		2022-11-23T09:03:10Z	
5.25.410			IOException: Tail request on https://maven-central.storage-download.googleapis.com/maven2/org/wso2/carbon/identity/framework/org.wso2.carbon.identity.user.store.configuration.ui/5.25.410/org.wso2.carbon.identity.user.store.configuration.ui-5.25.410.jar returned status 404
5.25.411			IOException: Tail request on https://maven-central.storage-download.googleapis.com/maven2/org/wso2/carbon/identity/framework/org.wso2.carbon.identity.user.store.configuration.ui/5.25.411/org.wso2.carbon.identity.user.store.configuration.ui-5.25.411.jar returned status 404
5.25.412			IOException: Tail request on https://maven-central.storage-download.googleapis.com/maven2/org/wso2/carbon/identity/framework/org.wso2.carbon.identity.user.store.configuration.ui/5.25.412/org.wso2.carbon.identity.user.store.configuration.ui-5.25.412.jar returned status 404
5.25.413			IOException: Tail request on https://maven-central.storage-download.googleapis.com/maven2/org/wso2/carbon/identity/framework/org.wso2.carbon.identity.user.store.configuration.ui/5.25.413/org.wso2.carbon.identity.user.store.configuration.ui-5.25.413.jar returned status 404
5.25.414			IOException: Tail request on https://maven-central.storage-download.googleapis.com/maven2/org/wso2/carbon/identity/framework/org.wso2.carbon.identity.user.store.configuration.ui/5.25.414/org.wso2.carbon.identity.user.store.configuration.ui-5.25.414.jar returned status 404
5.25.415			IOException: Tail request on https://maven-central.storage-download.googleapis.com/maven2/org/wso2/carbon/identity/framework/org.wso2.carbon.identity.user.store.configuration.ui/5.25.415/org.wso2.carbon.identity.user.store.configuration.ui-5.25.415.jar returned status 404
5.25.416			IOException: Tail request on https://maven-central.storage-download.googleapis.com/maven2/org/wso2/carbon/identity/framework/org.wso2.carbon.identity.user.store.configuration.ui/5.25.416/org.wso2.carbon.identity.user.store.configuration.ui-5.25.416.jar returned status 404
5.25.417			IOException: Tail request on https://maven-central.storage-download.googleapis.com/maven2/org/wso2/carbon/identity/framework/org.wso2.carbon.identity.user.store.configuration.ui/5.25.417/org.wso2.carbon.identity.user.store.configuration.ui-5.25.417.jar returned status 404
5.25.418			IOException: Tail request on https://maven-central.storage-download.googleapis.com/maven2/org/wso2/carbon/identity/framework/org.wso2.carbon.identity.user.store.configuration.ui/5.25.418/org.wso2.carbon.identity.user.store.configuration.ui-5.25.418.jar returned status 404
5.25.419			IOException: Tail request on https://maven-central.storage-download.googleapis.com/maven2/org/wso2/carbon/identity/framework/org.wso2.carbon.identity.user.store.configuration.ui/5.25.419/org.wso2.carbon.identity.user.store.configuration.ui-5.25.419.jar returned status 404
5.25.42		2022-11-23T12:44:30Z	
5.25.420			IOException: Tail request on https://maven-central.storage-download.googleapis.com/maven2/org/wso2/carbon/identity/framework/org.wso2.carbon.identity.user.store.configuration.ui/5.25.420/org.wso2.carbon.identity.user.store.configuration.ui-5.25.420.jar returned status 404
5.25.421			IOException: Tail request on https://maven-central.storage-download.googleapis.com/maven2/org/wso2/carbon/identity/framework/org.wso2.carbon.identity.user.store.configuration.ui/5.25.421/org.wso2.carbon.identity.user.store.configuration.ui-5.25.421.jar returned status 404
5.25.422			IOException: Tail request on https://maven-central.storage-download.googleapis.com/maven2/org/wso2/carbon/identity/framework/org.wso2.carbon.identity.user.store.configuration.ui/5.25.422/org.wso2.carbon.identity.user.store.configuration.ui-5.25.422.jar returned status 404
5.25.423			IOException: Tail request on https://maven-central.storage-download.googleapis.com/maven2/org/wso2/carbon/identity/framework/org.wso2.carbon.identity.user.store.configuration.ui/5.25.423/org.wso2.carbon.identity.user.store.configuration.ui-5.25.423.jar returned status 404
5.25.424			IOException: Tail request on https://maven-central.storage-download.googleapis.com/maven2/org/wso2/carbon/identity/framework/org.wso2.carbon.identity.user.store.configuration.ui/5.25.424/org.wso2.carbon.identity.user.store.configuration.ui-5.25.424.jar returned status 404
5.25.425			IOException: Tail request on https://maven-central.storage-download.googleapis.com/maven2/org/wso2/carbon/identity/framework/org.wso2.carbon.identity.user.store.configuration.ui/5.25.425/org.wso2.carbon.identity.user.store.configuration.ui-5.25.425.jar returned status 404
5.25.426			IOException: Tail request on https://maven-central.storage-download.googleapis.com/maven2/org/wso2/carbon/identity/framework/org.wso2.carbon.identity.user.store.configuration.ui/5.25.426/org.wso2.carbon.identity.user.store.configuration.ui-5.25.426.jar returned status 404
5.25.427			IOException: Tail request on https://maven-central.storage-download.googleapis.com/maven2/org/wso2/carbon/identity/framework/org.wso2.carbon.identity.user.store.configuration.ui/5.25.427/org.wso2.carbon.identity.user.store.configuration.ui-5.25.427.jar returned status 404
5.25.428			IOException: Tail request on https://maven-central.storage-download.googleapis.com/maven2/org/wso2/carbon/identity/framework/org.wso2.carbon.identity.user.store.configuration.ui/5.25.428/org.wso2.carbon.identity.user.store.configuration.ui-5.25.428.jar returned status 404
5.25.429			IOException: Tail request on https://maven-central.storage-download.googleapis.com/maven2/org/wso2/carbon/identity/framework/org.wso2.carbon.identity.user.store.configuration.ui/5.25.429/org.wso2.carbon.identity.user.store.configuration.ui-5.25.429.jar returned status 404
5.25.43		2022-11-24T03:31:33Z	
5.25.430			IOException: Tail request on https://maven-central.storage-download.googleapis.com/maven2/org/wso2/carbon/identity/framework/org.wso2.carbon.identity.user.store.configuration.ui/5.25.430/org.wso2.carbon.identity.user.store.configuration.ui-5.25.430.jar returned status 404
5.25.431			IOException: Tail request on https://maven-central.storage-download.googleapis.com/maven2/org/wso2/carbon/identity/framework/org.wso2.carbon.identity.user.store.configuration.ui/5.25.431/org.wso2.carbon.identity.user.store.configuration.ui-5.25.431.jar returned status 404
5.25.432			IOException: Tail request on https://maven-central.storage-download.googleapis.com/maven2/org/wso2/carbon/identity/framework/org.wso2.carbon.identity.user.store.configuration.ui/5.25.432/org.wso2.carbon.identity.user.store.configuration.ui-5.25.432.jar returned status 404
5.25.433			IOException: Tail request on https://maven-central.storage-download.googleapis.com/maven2/org/wso2/carbon/identity/framework/org.wso2.carbon.identity.user.store.configuration.ui/5.25.433/org.wso2.carbon.identity.user.store.configuration.ui-5.25.433.jar returned status 404
5.25.434			IOException: Tail request on https://maven-central.storage-download.googleapis.com/maven2/org/wso2/carbon/identity/framework/org.wso2.carbon.identity.user.store.configuration.ui/5.25.434/org.wso2.carbon.identity.user.store.configuration.ui-5.25.434.jar returned status 404
5.25.435			IOException: Tail request on https://maven-central.storage-download.googleapis.com/maven2/org/wso2/carbon/identity/framework/org.wso2.carbon.identity.user.store.configuration.ui/5.25.435/org.wso2.carbon.identity.user.store.configuration.ui-5.25.435.jar returned status 404
5.25.436			IOException: Tail request on https://maven-central.storage-download.googleapis.com/maven2/org/wso2/carbon/identity/framework/org.wso2.carbon.identity.user.store.configuration.ui/5.25.436/org.wso2.carbon.identity.user.store.configuration.ui-5.25.436.jar returned status 404
5.25.437			IOException: Tail request on https://maven-central.storage-download.googleapis.com/maven2/org/wso2/carbon/identity/framework/org.wso2.carbon.identity.user.store.configuration.ui/5.25.437/org.wso2.carbon.identity.user.store.configuration.ui-5.25.437.jar returned status 404
5.25.438			IOException: Tail request on https://maven-central.storage-download.googleapis.com/maven2/org/wso2/carbon/identity/framework/org.wso2.carbon.identity.user.store.configuration.ui/5.25.438/org.wso2.carbon.identity.user.store.configuration.ui-5.25.438.jar returned status 404
5.25.439			IOException: Tail request on https://maven-central.storage-download.googleapis.com/maven2/org/wso2/carbon/identity/framework/org.wso2.carbon.identity.user.store.configuration.ui/5.25.439/org.wso2.carbon.identity.user.store.configuration.ui-5.25.439.jar returned status 404
5.25.44		2022-11-25T09:40:27Z	
5.25.440			IOException: Tail request on https://maven-central.storage-download.googleapis.com/maven2/org/wso2/carbon/identity/framework/org.wso2.carbon.identity.user.store.configuration.ui/5.25.440/org.wso2.carbon.identity.user.store.configuration.ui-5.25.440.jar returned status 404
5.25.441			IOException: Tail request on https://maven-central.storage-download.googleapis.com/maven2/org/wso2/carbon/identity/framework/org.wso2.carbon.identity.user.store.configuration.ui/5.25.441/org.wso2.carbon.identity.user.store.configuration.ui-5.25.441.jar returned status 404
5.25.442			IOException: Tail request on https://maven-central.storage-download.googleapis.com/maven2/org/wso2/carbon/identity/framework/org.wso2.carbon.identity.user.store.configuration.ui/5.25.442/org.wso2.carbon.identity.user.store.configuration.ui-5.25.442.jar returned status 404
5.25.443			IOException: Tail request on https://maven-central.storage-download.googleapis.com/maven2/org/wso2/carbon/identity/framework/org.wso2.carbon.identity.user.store.configuration.ui/5.25.443/org.wso2.carbon.identity.user.store.configuration.ui-5.25.443.jar returned status 404
5.25.444			IOException: Tail request on https://maven-central.storage-download.googleapis.com/maven2/org/wso2/carbon/identity/framework/org.wso2.carbon.identity.user.store.configuration.ui/5.25.444/org.wso2.carbon.identity.user.store.configuration.ui-5.25.444.jar returned status 404
5.25.445			IOException: Tail request on https://maven-central.storage-download.googleapis.com/maven2/org/wso2/carbon/identity/framework/org.wso2.carbon.identity.user.store.configuration.ui/5.25.445/org.wso2.carbon.identity.user.store.configuration.ui-5.25.445.jar returned status 404
5.25.446			IOException: Tail request on https://maven-central.storage-download.googleapis.com/maven2/org/wso2/carbon/identity/framework/org.wso2.carbon.identity.user.store.configuration.ui/5.25.446/org.wso2.carbon.identity.user.store.configuration.ui-5.25.446.jar returned status 404
5.25.447			IOException: Tail request on https://maven-central.storage-download.googleapis.com/maven2/org/wso2/carbon/identity/framework/org.wso2.carbon.identity.user.store.configuration.ui/5.25.447/org.wso2.carbon.identity.user.store.configuration.ui-5.25.447.jar returned status 404
5.25.448			IOException: Tail request on https://maven-central.storage-download.googleapis.com/maven2/org/wso2/carbon/identity/framework/org.wso2.carbon.identity.user.store.configuration.ui/5.25.448/org.wso2.carbon.identity.user.store.configuration.ui-5.25.448.jar returned status 404
5.25.449			IOException: Tail request on https://maven-central.storage-download.googleapis.com/maven2/org/wso2/carbon/identity/framework/org.wso2.carbon.identity.user.store.configuration.ui/5.25.449/org.wso2.carbon.identity.user.store.configuration.ui-5.25.449.jar returned status 404
5.25.45		2022-11-25T12:43:06Z	
5.25.450			IOException: Tail request on https://maven-central.storage-download.googleapis.com/maven2/org/wso2/carbon/identity/framework/org.wso2.carbon.identity.user.store.configuration.ui/5.25.450/org.wso2.carbon.identity.user.store.configuration.ui-5.25.450.jar returned status 404
5.25.451			IOException: Tail request on https://maven-central.storage-download.googleapis.com/maven2/org/wso2/carbon/identity/framework/org.wso2.carbon.identity.user.store.configuration.ui/5.25.451/org.wso2.carbon.identity.user.store.configuration.ui-5.25.451.jar returned status 404
5.25.452			IOException: Tail request on https://maven-central.storage-download.googleapis.com/maven2/org/wso2/carbon/identity/framework/org.wso2.carbon.identity.user.store.configuration.ui/5.25.452/org.wso2.carbon.identity.user.store.configuration.ui-5.25.452.jar returned status 404
5.25.453			IOException: Tail request on https://maven-central.storage-download.googleapis.com/maven2/org/wso2/carbon/identity/framework/org.wso2.carbon.identity.user.store.configuration.ui/5.25.453/org.wso2.carbon.identity.user.store.configuration.ui-5.25.453.jar returned status 404
5.25.454			IOException: Tail request on https://maven-central.storage-download.googleapis.com/maven2/org/wso2/carbon/identity/framework/org.wso2.carbon.identity.user.store.configuration.ui/5.25.454/org.wso2.carbon.identity.user.store.configuration.ui-5.25.454.jar returned status 404
5.25.455			IOException: Tail request on https://maven-central.storage-download.googleapis.com/maven2/org/wso2/carbon/identity/framework/org.wso2.carbon.identity.user.store.configuration.ui/5.25.455/org.wso2.carbon.identity.user.store.configuration.ui-5.25.455.jar returned status 404
5.25.456			IOException: Tail request on https://maven-central.storage-download.googleapis.com/maven2/org/wso2/carbon/identity/framework/org.wso2.carbon.identity.user.store.configuration.ui/5.25.456/org.wso2.carbon.identity.user.store.configuration.ui-5.25.456.jar returned status 404
5.25.457			IOException: Tail request on https://maven-central.storage-download.googleapis.com/maven2/org/wso2/carbon/identity/framework/org.wso2.carbon.identity.user.store.configuration.ui/5.25.457/org.wso2.carbon.identity.user.store.configuration.ui-5.25.457.jar returned status 404
5.25.458			IOException: Tail request on https://maven-central.storage-download.googleapis.com/maven2/org/wso2/carbon/identity/framework/org.wso2.carbon.identity.user.store.configuration.ui/5.25.458/org.wso2.carbon.identity.user.store.configuration.ui-5.25.458.jar returned status 404
5.25.459			IOException: Tail request on https://maven-central.storage-download.googleapis.com/maven2/org/wso2/carbon/identity/framework/org.wso2.carbon.identity.user.store.configuration.ui/5.25.459/org.wso2.carbon.identity.user.store.configuration.ui-5.25.459.jar returned status 404
5.25.46		2022-11-28T04:40:01Z	
5.25.460			IOException: Tail request on https://maven-central.storage-download.googleapis.com/maven2/org/wso2/carbon/identity/framework/org.wso2.carbon.identity.user.store.configuration.ui/5.25.460/org.wso2.carbon.identity.user.store.configuration.ui-5.25.460.jar returned status 404
5.25.461			IOException: Tail request on https://maven-central.storage-download.googleapis.com/maven2/org/wso2/carbon/identity/framework/org.wso2.carbon.identity.user.store.configuration.ui/5.25.461/org.wso2.carbon.identity.user.store.configuration.ui-5.25.461.jar returned status 404
5.25.462			IOException: Tail request on https://maven-central.storage-download.googleapis.com/maven2/org/wso2/carbon/identity/framework/org.wso2.carbon.identity.user.store.configuration.ui/5.25.462/org.wso2.carbon.identity.user.store.configuration.ui-5.25.462.jar returned status 404
5.25.463			IOException: Tail request on https://maven-central.storage-download.googleapis.com/maven2/org/wso2/carbon/identity/framework/org.wso2.carbon.identity.user.store.configuration.ui/5.25.463/org.wso2.carbon.identity.user.store.configuration.ui-5.25.463.jar returned status 404
5.25.464			IOException: Tail request on https://maven-central.storage-download.googleapis.com/maven2/org/wso2/carbon/identity/framework/org.wso2.carbon.identity.user.store.configuration.ui/5.25.464/org.wso2.carbon.identity.user.store.configuration.ui-5.25.464.jar returned status 404
5.25.465			IOException: Tail request on https://maven-central.storage-download.googleapis.com/maven2/org/wso2/carbon/identity/framework/org.wso2.carbon.identity.user.store.configuration.ui/5.25.465/org.wso2.carbon.identity.user.store.configuration.ui-5.25.465.jar returned status 404
5.25.466			IOException: Tail request on https://maven-central.storage-download.googleapis.com/maven2/org/wso2/carbon/identity/framework/org.wso2.carbon.identity.user.store.configuration.ui/5.25.466/org.wso2.carbon.identity.user.store.configuration.ui-5.25.466.jar returned status 404
5.25.467			IOException: Tail request on https://maven-central.storage-download.googleapis.com/maven2/org/wso2/carbon/identity/framework/org.wso2.carbon.identity.user.store.configuration.ui/5.25.467/org.wso2.carbon.identity.user.store.configuration.ui-5.25.467.jar returned status 404
5.25.468			IOException: Tail request on https://maven-central.storage-download.googleapis.com/maven2/org/wso2/carbon/identity/framework/org.wso2.carbon.identity.user.store.configuration.ui/5.25.468/org.wso2.carbon.identity.user.store.configuration.ui-5.25.468.jar returned status 404
5.25.47		2022-11-28T16:15:52Z	
5.25.48		2022-11-28T19:32:40Z	
5.25.49		2022-11-29T05:27:29Z	
5.25.5		2022-10-05T08:58:40Z	
5.25.50		2022-11-29T12:54:26Z	
5.25.51		2022-11-30T01:35:24Z	
5.25.52		2022-11-30T06:30:38Z	
5.25.53			IOException: Tail request on https://maven-central.storage-download.googleapis.com/maven2/org/wso2/carbon/identity/framework/org.wso2.carbon.identity.user.store.configuration.ui/5.25.53/org.wso2.carbon.identity.user.store.configuration.ui-5.25.53.jar returned status 404
5.25.54			IOException: Tail request on https://maven-central.storage-download.googleapis.com/maven2/org/wso2/carbon/identity/framework/org.wso2.carbon.identity.user.store.configuration.ui/5.25.54/org.wso2.carbon.identity.user.store.configuration.ui-5.25.54.jar returned status 404
5.25.55			IOException: Tail request on https://maven-central.storage-download.googleapis.com/maven2/org/wso2/carbon/identity/framework/org.wso2.carbon.identity.user.store.configuration.ui/5.25.55/org.wso2.carbon.identity.user.store.configuration.ui-5.25.55.jar returned status 404
5.25.56			IOException: Tail request on https://maven-central.storage-download.googleapis.com/maven2/org/wso2/carbon/identity/framework/org.wso2.carbon.identity.user.store.configuration.ui/5.25.56/org.wso2.carbon.identity.user.store.configuration.ui-5.25.56.jar returned status 404
5.25.57			IOException: Tail request on https://maven-central.storage-download.googleapis.com/maven2/org/wso2/carbon/identity/framework/org.wso2.carbon.identity.user.store.configuration.ui/5.25.57/org.wso2.carbon.identity.user.store.configuration.ui-5.25.57.jar returned status 404
5.25.58			IOException: Tail request on https://maven-central.storage-download.googleapis.com/maven2/org/wso2/carbon/identity/framework/org.wso2.carbon.identity.user.store.configuration.ui/5.25.58/org.wso2.carbon.identity.user.store.configuration.ui-5.25.58.jar returned status 404
5.25.59			IOException: Tail request on https://maven-central.storage-download.googleapis.com/maven2/org/wso2/carbon/identity/framework/org.wso2.carbon.identity.user.store.configuration.ui/5.25.59/org.wso2.carbon.identity.user.store.configuration.ui-5.25.59.jar returned status 404
5.25.6		2022-10-06T09:11:49Z	
5.25.60			IOException: Tail request on https://maven-central.storage-download.googleapis.com/maven2/org/wso2/carbon/identity/framework/org.wso2.carbon.identity.user.store.configuration.ui/5.25.60/org.wso2.carbon.identity.user.store.configuration.ui-5.25.60.jar returned status 404
5.25.61			IOException: Tail request on https://maven-central.storage-download.googleapis.com/maven2/org/wso2/carbon/identity/framework/org.wso2.carbon.identity.user.store.configuration.ui/5.25.61/org.wso2.carbon.identity.user.store.configuration.ui-5.25.61.jar returned status 404
5.25.62			IOException: Tail request on https://maven-central.storage-download.googleapis.com/maven2/org/wso2/carbon/identity/framework/org.wso2.carbon.identity.user.store.configuration.ui/5.25.62/org.wso2.carbon.identity.user.store.configuration.ui-5.25.62.jar returned status 404
5.25.63			IOException: Tail request on https://maven-central.storage-download.googleapis.com/maven2/org/wso2/carbon/identity/framework/org.wso2.carbon.identity.user.store.configuration.ui/5.25.63/org.wso2.carbon.identity.user.store.configuration.ui-5.25.63.jar returned status 404
5.25.64			IOException: Tail request on https://maven-central.storage-download.googleapis.com/maven2/org/wso2/carbon/identity/framework/org.wso2.carbon.identity.user.store.configuration.ui/5.25.64/org.wso2.carbon.identity.user.store.configuration.ui-5.25.64.jar returned status 404
5.25.65			IOException: Tail request on https://maven-central.storage-download.googleapis.com/maven2/org/wso2/carbon/identity/framework/org.wso2.carbon.identity.user.store.configuration.ui/5.25.65/org.wso2.carbon.identity.user.store.configuration.ui-5.25.65.jar returned status 404
5.25.650		2024-01-08T04:56:00Z	
5.25.651		2024-01-08T08:15:18Z	
5.25.652		2024-01-09T09:01:33Z	
5.25.653		2024-01-09T10:37:12Z	
5.25.655		2024-01-10T11:53:36Z	
5.25.656		2024-01-11T04:40:04Z	
5.25.657		2024-01-11T05:27:01Z	
5.25.658		2024-01-11T10:53:34Z	
5.25.659		2024-01-11T11:33:13Z	
5.25.66			IOException: Tail request on https://maven-central.storage-download.googleapis.com/maven2/org/wso2/carbon/identity/framework/org.wso2.carbon.identity.user.store.configuration.ui/5.25.66/org.wso2.carbon.identity.user.store.configuration.ui-5.25.66.jar returned status 404
5.25.660		2024-01-11T13:53:15Z	
5.25.661		2024-01-12T05:47:15Z	
5.25.662		2024-01-12T07:11:38Z	
5.25.663		2024-01-12T10:27:59Z	
5.25.664		2024-01-12T12:14:38Z	
5.25.665		2024-01-12T15:30:14Z	
5.25.666		2024-01-12T20:01:20Z	
5.25.667		2024-01-15T10:51:29Z	
5.25.668		2024-01-16T06:50:45Z	
5.25.669		2024-01-16T08:48:41Z	
5.25.67			IOException: Tail request on https://maven-central.storage-download.googleapis.com/maven2/org/wso2/carbon/identity/framework/org.wso2.carbon.identity.user.store.configuration.ui/5.25.67/org.wso2.carbon.identity.user.store.configuration.ui-5.25.67.jar returned status 404
5.25.670		2024-01-16T13:43:59Z	
5.25.671		2024-01-17T05:32:22Z	
5.25.672		2024-01-17T06:43:08Z	
5.25.673		2024-01-17T07:21:49Z	
5.25.674		2024-01-17T08:52:01Z	
5.25.675		2024-01-17T10:12:05Z	
5.25.676		2024-01-17T10:50:53Z	
5.25.677		2024-01-17T11:55:17Z	
5.25.678		2024-01-17T13:02:45Z	
5.25.679		2024-01-17T16:38:27Z	
5.25.68			IOException: Tail request on https://maven-central.storage-download.googleapis.com/maven2/org/wso2/carbon/identity/framework/org.wso2.carbon.identity.user.store.configuration.ui/5.25.68/org.wso2.carbon.identity.user.store.configuration.ui-5.25.68.jar returned status 404
5.25.685		2024-02-08T03:56:22Z	
5.25.686		2024-02-08T04:40:48Z	
5.25.687		2024-02-09T08:37:33Z	
5.25.69			IOException: Tail request on https://maven-central.storage-download.googleapis.com/maven2/org/wso2/carbon/identity/framework/org.wso2.carbon.identity.user.store.configuration.ui/5.25.69/org.wso2.carbon.identity.user.store.configuration.ui-5.25.69.jar returned status 404
5.25.694		2024-03-03T05:02:00Z	
5.25.697		2024-03-20T16:06:42Z	
5.25.698		2024-03-21T16:21:06Z	
5.25.7		2022-10-07T12:54:49Z	
5.25.70			IOException: Tail request on https://maven-central.storage-download.googleapis.com/maven2/org/wso2/carbon/identity/framework/org.wso2.carbon.identity.user.store.configuration.ui/5.25.70/org.wso2.carbon.identity.user.store.configuration.ui-5.25.70.jar returned status 404
5.25.706		2024-06-12T05:32:33Z	
5.25.71			IOException: Tail request on https://maven-central.storage-download.googleapis.com/maven2/org/wso2/carbon/identity/framework/org.wso2.carbon.identity.user.store.configuration.ui/5.25.71/org.wso2.carbon.identity.user.store.configuration.ui-5.25.71.jar returned status 404
5.25.712		2024-08-27T12:21:51Z	
5.25.713		2024-09-06T07:21:46Z	
5.25.714		2024-10-02T08:38:59Z	
5.25.72			IOException: Tail request on https://maven-central.storage-download.googleapis.com/maven2/org/wso2/carbon/identity/framework/org.wso2.carbon.identity.user.store.configuration.ui/5.25.72/org.wso2.carbon.identity.user.store.configuration.ui-5.25.72.jar returned status 404
5.25.73			IOException: Tail request on https://maven-central.storage-download.googleapis.com/maven2/org/wso2/carbon/identity/framework/org.wso2.carbon.identity.user.store.configuration.ui/5.25.73/org.wso2.carbon.identity.user.store.configuration.ui-5.25.73.jar returned status 404
5.25.737		2025-12-03T07:33:14Z	
5.25.738		2026-02-18T19:25:23Z	
5.25.739		2026-02-24T05:35:03Z	
5.25.74			IOException: Tail request on https://maven-central.storage-download.googleapis.com/maven2/org/wso2/carbon/identity/framework/org.wso2.carbon.identity.user.store.configuration.ui/5.25.74/org.wso2.carbon.identity.user.store.configuration.ui-5.25.74.jar returned status 404
5.25.740		2026-02-24T06:39:40Z	
5.25.75			IOException: Tail request on https://maven-central.storage-download.googleapis.com/maven2/org/wso2/carbon/identity/framework/org.wso2.carbon.identity.user.store.configuration.ui/5.25.75/org.wso2.carbon.identity.user.store.configuration.ui-5.25.75.jar returned status 404
5.25.76			IOException: Tail request on https://maven-central.storage-download.googleapis.com/maven2/org/wso2/carbon/identity/framework/org.wso2.carbon.identity.user.store.configuration.ui/5.25.76/org.wso2.carbon.identity.user.store.configuration.ui-5.25.76.jar returned status 404
5.25.77		2023-01-05T12:45:31Z	
5.25.78		2023-01-09T11:01:33Z	
5.25.79		2023-01-13T10:33:46Z	
5.25.8		2022-10-11T20:26:08Z	
5.25.80		2023-01-13T11:24:30Z	
5.25.81		2023-01-13T17:55:55Z	
5.25.82		2023-01-17T09:48:39Z	
5.25.83		2023-01-18T07:06:01Z	
5.25.84		2023-01-19T08:24:37Z	
5.25.85		2023-01-19T09:44:20Z	
5.25.86		2023-01-20T04:37:01Z	
5.25.87		2023-01-23T05:59:53Z	
5.25.88		2023-01-23T15:27:47Z	
5.25.89		2023-01-24T02:12:04Z	
5.25.9		2022-10-13T18:25:33Z	
5.25.90		2023-01-24T04:36:32Z	
5.25.91		2023-01-24T06:45:28Z	
5.25.92		2023-01-24T10:03:32Z	
5.25.93		2023-01-24T14:25:09Z	
5.25.94		2023-01-26T05:04:18Z	
5.25.95		2023-01-26T10:14:05Z	
5.25.96		2023-01-30T03:26:04Z	
5.25.97		2023-01-30T11:28:32Z	
5.25.98		2023-01-31T05:23:39Z	
5.25.99		2023-01-31T17:37:26Z	
5.27.0		2026-02-12T06:03:08Z	
5.27.1		2026-02-24T05:29:06Z	
5.27.10		2026-03-16T05:43:12Z	
5.27.11		2026-03-18T05:47:09Z	
5.27.12		2026-03-18T10:25:56Z	
5.27.13		2026-04-04T18:27:34Z	
5.27.14		2026-04-06T11:02:28Z	
5.27.15		2026-04-08T13:12:19Z	
5.27.16		2026-04-09T08:00:50Z	
5.27.17		2026-04-09T09:19:43Z	
5.27.18		2026-04-13T09:58:51Z	
5.27.19		2026-04-16T08:01:26Z	
5.27.2		2026-02-25T10:36:15Z	
5.27.20		2026-04-16T10:58:34Z	
5.27.21		2026-04-17T10:16:46Z	
5.27.3		2026-02-26T05:57:08Z	
5.27.4		2026-02-26T07:01:54Z	
5.27.5		2026-02-26T07:36:21Z	
5.27.6		2026-02-26T08:08:23Z	
5.27.7		2026-03-10T14:37:45Z	
5.27.8		2026-03-12T07:25:52Z	
5.27.9		2026-03-13T05:36:18Z	
5.5.0		2016-10-03T11:42:08Z	
5.5.1		2016-10-04T05:23:43Z	
5.5.10		2016-10-18T10:48:15Z	
5.5.11		2016-10-27T05:28:33Z	
5.5.2		2016-10-06T10:14:22Z	
5.5.3		2016-10-08T10:13:49Z	
5.5.4		2016-10-09T06:18:42Z	
5.5.5		2016-10-09T15:34:11Z	
5.5.6		2016-10-10T12:06:53Z	
5.5.7		2016-10-10T13:47:37Z	
5.5.8		2016-10-12T10:52:25Z	
5.5.9		2016-10-18T06:00:38Z	
5.6.0		2016-10-31T14:54:56Z	
5.6.1		2016-11-01T00:27:09Z	
5.6.10		2016-11-11T06:55:43Z	
5.6.11		2016-11-14T08:01:31Z	
5.6.12		2016-11-14T08:41:25Z	
5.6.13		2016-11-14T16:02:50Z	
5.6.14		2016-11-14T19:47:31Z	
5.6.15		2016-11-20T05:39:51Z	
5.6.16		2016-11-22T05:45:40Z	
5.6.17		2016-11-23T05:38:08Z	
5.6.18		2016-11-23T11:17:40Z	
5.6.19		2016-11-26T04:28:33Z	
5.6.2		2016-11-02T13:08:39Z	
5.6.20		2016-11-27T05:23:01Z	
5.6.21		2016-11-29T06:05:49Z	
5.6.22		2016-11-29T16:42:47Z	
5.6.23		2016-11-30T06:50:52Z	
5.6.24		2016-11-30T20:16:29Z	
5.6.25		2016-12-01T05:31:01Z	
5.6.26		2016-12-03T16:04:23Z	
5.6.27		2016-12-04T04:37:14Z	
5.6.28		2016-12-04T13:53:45Z	
5.6.29		2016-12-04T15:04:38Z	
5.6.3		2016-11-02T16:49:31Z	
5.6.30		2016-12-05T10:15:05Z	
5.6.31		2016-12-05T14:38:05Z	
5.6.32		2016-12-05T18:08:40Z	
5.6.33		2016-12-05T19:32:09Z	
5.6.34		2016-12-05T20:54:16Z	
5.6.35		2016-12-05T23:49:22Z	
5.6.36		2016-12-06T16:05:58Z	
5.6.37		2016-12-09T05:28:39Z	
5.6.38		2016-12-09T06:45:27Z	
5.6.39		2016-12-09T11:30:04Z	
5.6.4		2016-11-03T01:31:06Z	
5.6.40		2016-12-09T12:43:12Z	
5.6.41		2016-12-09T15:09:46Z	
5.6.42		2016-12-11T08:11:50Z	
5.6.43		2016-12-11T14:21:25Z	
5.6.44		2016-12-12T06:20:30Z	
5.6.45		2016-12-12T10:13:29Z	
5.6.46		2016-12-12T12:16:11Z	
5.6.47		2016-12-12T13:02:39Z	
5.6.48		2016-12-14T12:40:46Z	
5.6.49		2016-12-14T13:27:15Z	
5.6.5		2016-11-03T03:33:54Z	
5.6.50		2016-12-14T15:49:22Z	
5.6.51		2016-12-14T19:07:28Z	
5.6.52		2016-12-15T06:47:56Z	
5.6.54		2016-12-15T20:09:38Z	
5.6.56		2016-12-16T07:16:33Z	
5.6.58		2016-12-16T17:10:21Z	
5.6.59		2016-12-16T18:25:59Z	
5.6.6		2016-11-09T07:17:27Z	
5.6.60		2016-12-17T08:53:45Z	
5.6.61		2016-12-17T11:21:20Z	
5.6.62		2016-12-17T13:48:43Z	
5.6.63		2016-12-17T16:16:43Z	
5.6.64		2016-12-17T18:46:41Z	
5.6.65		2016-12-18T00:15:31Z	
5.6.66		2016-12-18T12:32:10Z	
5.6.67		2016-12-18T14:59:58Z	
5.6.68		2016-12-18T17:30:02Z	
5.6.69		2016-12-19T06:42:25Z	
5.6.7		2016-11-09T08:37:26Z	
5.6.70		2016-12-19T17:35:42Z	
5.6.71		2016-12-20T02:52:37Z	
5.6.72		2016-12-20T06:31:26Z	
5.6.73		2016-12-20T07:51:28Z	
5.6.74		2016-12-20T08:27:49Z	
5.6.75		2016-12-20T13:46:44Z	
5.6.76		2016-12-20T14:07:11Z	
5.6.77		2016-12-20T15:05:44Z	
5.6.78		2016-12-21T02:55:12Z	
5.6.79		2016-12-21T05:11:34Z	
5.6.8		2016-11-10T02:24:11Z	
5.6.81		2016-12-21T07:20:04Z	
5.6.82		2016-12-21T09:36:18Z	
5.6.83		2016-12-21T10:58:49Z	
5.6.84		2016-12-21T11:34:34Z	
5.6.85		2016-12-21T13:48:15Z	
5.6.86		2016-12-21T14:44:52Z	
5.6.88		2016-12-21T21:25:00Z	
5.6.89		2016-12-22T00:37:20Z	
5.6.9		2016-11-10T09:30:56Z	
5.6.90		2016-12-22T07:46:35Z	
5.6.91		2016-12-22T09:00:46Z	
5.6.92		2016-12-22T09:21:21Z	
5.6.93		2016-12-22T10:05:46Z	
5.6.94		2016-12-22T13:39:50Z	
5.6.95		2016-12-22T17:11:03Z	
5.6.96		2016-12-22T18:56:00Z	
5.6.97		2016-12-22T19:25:39Z	
5.6.98		2016-12-22T20:13:51Z	
5.7.0		2016-12-22T22:07:47Z	
5.7.1		2016-12-23T09:15:23Z	
5.7.10		2017-03-09T14:06:13Z	
5.7.11		2017-03-16T18:54:00Z	
5.7.12		2017-04-06T12:18:44Z	
5.7.13		2017-04-18T12:25:10Z	
5.7.14		2017-04-18T13:31:32Z	
5.7.15		2017-04-19T12:23:20Z	
5.7.16		2017-04-19T15:07:38Z	
5.7.17		2017-04-26T12:27:52Z	
5.7.18		2017-04-27T08:09:38Z	
5.7.19		2017-05-02T13:54:53Z	
5.7.2		2017-01-03T12:33:08Z	
5.7.20		2017-05-04T05:48:41Z	
5.7.21		2017-05-05T05:59:36Z	
5.7.22		2017-05-05T14:26:51Z	
5.7.23		2017-05-08T12:15:32Z	
5.7.24		2017-05-19T08:56:32Z	
5.7.25		2017-05-22T07:22:59Z	
5.7.26		2017-05-22T08:58:51Z	
5.7.27		2017-05-22T11:01:43Z	
5.7.28		2017-05-22T12:51:11Z	
5.7.29		2017-05-23T07:50:51Z	
5.7.3		2017-01-03T15:12:29Z	
5.7.4		2017-01-03T17:08:25Z	
5.7.5		2017-01-03T18:34:08Z	
5.7.6		2017-02-07T12:03:09Z	
5.7.7		2017-02-27T09:47:59Z	
5.7.8		2017-03-03T18:54:58Z	
5.7.9		2017-03-08T04:55:32Z	
5.8.0		2017-05-25T12:53:53Z	
5.8.1		2017-05-29T16:35:23Z	
5.8.10		2017-06-12T10:37:48Z	
5.8.100		2017-08-31T16:02:24Z	
5.8.101		2017-08-31T16:54:54Z	
5.8.102		2017-08-31T18:38:33Z	
5.8.103		2017-08-31T20:04:30Z	
5.8.104		2017-09-01T06:19:30Z	
5.8.105		2017-09-01T07:30:08Z	
5.8.106		2017-09-01T10:28:49Z	
5.8.107		2017-09-01T16:28:24Z	
5.8.108		2017-09-02T14:44:45Z	
5.8.109		2017-09-04T15:56:38Z	
5.8.11		2017-06-13T07:01:11Z	
5.8.110		2017-09-04T16:25:23Z	
5.8.111		2017-09-07T06:42:47Z	
5.8.112		2017-09-07T07:46:42Z	
5.8.113		2017-09-07T11:23:01Z	
5.8.114		2017-09-11T05:57:49Z	
5.8.115		2017-09-11T07:58:17Z	
5.8.116		2017-09-12T10:27:19Z	
5.8.117		2017-09-12T16:49:48Z	
5.8.118		2017-09-20T02:31:56Z	
5.8.119		2017-09-20T06:45:23Z	
5.8.12		2017-06-14T13:44:33Z	
5.8.120		2017-09-20T07:11:07Z	
5.8.121		2017-09-20T07:36:26Z	
5.8.122		2017-09-20T09:24:00Z	
5.8.123		2017-09-20T11:34:01Z	
5.8.124		2017-09-21T10:55:07Z	
5.8.125		2017-09-21T11:52:37Z	
5.8.126		2017-09-21T12:21:18Z	
5.8.127		2017-09-21T14:40:51Z	
5.8.128		2017-09-25T06:02:04Z	
5.8.129		2017-09-25T07:39:00Z	
5.8.13		2017-06-15T13:04:34Z	
5.8.130		2017-09-25T15:11:06Z	
5.8.131		2017-09-25T16:31:37Z	
5.8.132		2017-09-26T04:01:39Z	
5.8.133		2017-09-26T14:21:13Z	
5.8.134		2017-09-27T13:05:50Z	
5.8.135		2017-09-28T16:36:59Z	
5.8.136		2017-09-29T03:09:15Z	
5.8.137		2017-09-29T06:41:56Z	
5.8.138		2017-09-29T11:55:03Z	
5.8.139		2017-09-29T15:13:06Z	
5.8.14		2017-06-16T10:05:56Z	
5.8.140		2017-10-02T06:46:11Z	
5.8.141		2017-10-03T05:34:35Z	
5.8.142		2017-10-03T06:24:03Z	
5.8.143		2017-10-04T06:24:16Z	
5.8.144		2017-10-04T11:22:29Z	
5.8.145		2017-10-04T13:09:04Z	
5.8.146		2017-10-04T15:49:03Z	
5.8.147		2017-10-06T09:24:21Z	
5.8.148		2017-10-06T13:18:30Z	
5.8.149		2017-10-08T12:12:20Z	
5.8.15		2017-06-16T11:17:05Z	
5.8.150		2017-10-09T11:56:53Z	
5.8.151		2017-10-09T13:08:29Z	
5.8.152		2017-10-09T14:00:05Z	
5.8.153		2017-10-10T04:36:21Z	
5.8.154		2017-10-10T05:27:32Z	
5.8.155		2017-10-10T05:59:35Z	
5.8.16		2017-06-21T09:28:29Z	
5.8.17		2017-06-21T14:14:42Z	
5.8.18		2017-06-21T15:02:35Z	
5.8.19		2017-06-22T11:25:19Z	
5.8.2		2017-05-31T13:23:57Z	
5.8.20		2017-06-23T09:49:32Z	
5.8.21		2017-07-03T08:40:40Z	
5.8.22		2017-07-04T07:51:54Z	
5.8.23		2017-07-04T11:37:19Z	
5.8.24		2017-07-05T09:15:20Z	
5.8.25		2017-07-06T09:25:01Z	
5.8.26		2017-07-07T08:57:39Z	
5.8.27		2017-07-10T07:55:50Z	
5.8.28		2017-07-10T13:17:47Z	
5.8.29		2017-07-10T15:16:02Z	
5.8.3		2017-06-01T05:49:38Z	
5.8.30		2017-07-13T05:13:11Z	
5.8.31		2017-07-19T07:03:18Z	
5.8.32		2017-07-19T12:19:16Z	
5.8.33		2017-07-21T06:43:02Z	
5.8.34		2017-07-24T06:57:56Z	
5.8.35		2017-07-24T07:37:34Z	
5.8.36		2017-07-24T11:10:38Z	
5.8.37		2017-07-25T12:13:03Z	
5.8.38		2017-07-25T12:56:51Z	
5.8.39		2017-07-26T10:16:00Z	
5.8.4		2017-06-01T14:09:09Z	
5.8.40		2017-07-26T11:05:21Z	
5.8.41		2017-07-27T07:18:35Z	
5.8.42		2017-07-31T08:33:54Z	
5.8.43		2017-07-31T13:13:26Z	
5.8.44		2017-07-31T15:51:17Z	
5.8.45		2017-08-01T09:10:25Z	
5.8.46		2017-08-02T06:02:20Z	
5.8.47		2017-08-02T09:44:32Z	
5.8.48		2017-08-02T15:48:34Z	
5.8.49		2017-08-03T06:09:52Z	
5.8.5		2017-06-05T10:16:26Z	
5.8.50		2017-08-03T07:00:09Z	
5.8.51		2017-08-03T11:10:19Z	
5.8.52		2017-08-04T10:48:29Z	
5.8.53		2017-08-07T06:44:25Z	
5.8.54		2017-08-08T06:20:07Z	
5.8.55		2017-08-08T08:49:49Z	
5.8.56		2017-08-08T10:47:02Z	
5.8.57		2017-08-08T11:19:02Z	
5.8.58		2017-08-08T11:47:22Z	
5.8.59		2017-08-08T13:15:41Z	
5.8.6		2017-06-06T06:32:41Z	
5.8.60		2017-08-10T05:47:32Z	
5.8.61		2017-08-11T09:10:03Z	
5.8.62		2017-08-14T06:58:08Z	
5.8.63		2017-08-14T10:28:39Z	
5.8.64		2017-08-15T08:17:35Z	
5.8.65		2017-08-15T12:12:32Z	
5.8.66		2017-08-17T13:57:32Z	
5.8.67		2017-08-17T15:37:40Z	
5.8.68		2017-08-17T21:57:25Z	
5.8.69		2017-08-18T11:21:22Z	
5.8.7		2017-06-06T08:53:32Z	
5.8.70		2017-08-18T11:50:48Z	
5.8.71		2017-08-20T08:05:35Z	
5.8.72		2017-08-20T18:05:11Z	
5.8.73		2017-08-20T18:54:37Z	
5.8.74		2017-08-21T06:22:01Z	
5.8.75		2017-08-22T06:30:44Z	
5.8.76		2017-08-22T09:00:30Z	
5.8.77		2017-08-22T10:24:46Z	
5.8.78		2017-08-23T14:57:17Z	
5.8.79		2017-08-28T07:32:01Z	
5.8.8		2017-06-06T13:27:12Z	
5.8.80		2017-08-28T12:51:04Z	
5.8.81		2017-08-28T19:44:32Z	
5.8.82		2017-08-29T05:08:58Z	
5.8.83		2017-08-29T10:58:31Z	
5.8.84		2017-08-29T15:54:24Z	
5.8.85		2017-08-29T19:09:53Z	
5.8.86		2017-08-30T06:23:55Z	
5.8.87		2017-08-30T08:55:19Z	
5.8.88		2017-08-30T10:18:56Z	
5.8.89		2017-08-30T11:18:14Z	
5.8.9		2017-06-12T06:59:10Z	
5.8.90		2017-08-30T12:21:30Z	
5.8.91		2017-08-30T13:13:36Z	
5.8.92		2017-08-30T13:56:06Z	
5.8.93		2017-08-31T09:08:21Z	
5.8.94		2017-08-31T09:48:13Z	
5.8.95		2017-08-31T10:30:36Z	
5.8.96		2017-08-31T11:41:48Z	
5.8.97		2017-08-31T12:43:55Z	
5.8.98		2017-08-31T13:54:36Z	
5.8.99		2017-08-31T14:52:55Z	
5.9.0		2017-10-12T11:29:48Z	
6.0.0		2023-03-16T08:06:33Z	
6.0.1		2023-03-16T09:49:05Z	
6.0.10		2023-04-18T06:49:23Z	
6.0.11		2023-04-19T16:49:02Z	
6.0.12		2023-04-19T17:26:16Z	
6.0.13		2023-04-20T16:30:49Z	
6.0.15		2023-04-24T12:21:15Z	
6.0.2		2023-03-20T11:10:47Z	
6.0.3		2023-04-03T07:30:44Z	
6.0.4		2023-04-10T08:29:05Z	
6.0.5		2023-04-11T12:31:24Z	
6.0.6		2023-04-12T04:31:48Z	
6.0.7		2023-04-12T08:39:28Z	
6.0.8		2023-04-12T15:38:39Z	
6.0.9		2023-04-17T14:12:55Z	
7.0.105		2024-03-18T04:52:09Z	
7.0.106		2024-03-18T09:43:44Z	
7.0.107		2024-03-19T10:58:36Z	
7.0.109		2024-03-21T05:02:33Z	
7.0.110		2024-03-21T07:58:07Z	
7.0.28		2024-02-06T04:57:19Z	
7.0.29		2024-02-06T08:14:52Z	
7.0.30		2024-02-06T11:43:10Z	
7.0.31		2024-02-06T13:09:41Z	
7.0.32		2024-02-06T17:54:06Z	
7.0.33		2024-02-07T10:20:59Z	
7.0.34		2024-02-07T11:08:22Z	
7.0.35		2024-02-07T14:38:26Z	
7.0.36		2024-02-08T01:29:00Z	
7.0.37		2024-02-08T04:02:19Z	
7.0.38		2024-02-08T07:55:02Z	
7.0.39		2024-02-08T09:05:34Z	
7.0.40		2024-02-08T09:45:06Z	
7.0.41		2024-02-08T11:43:24Z	
7.0.42		2024-02-08T14:04:15Z	
7.0.43		2024-02-08T15:21:52Z	
7.0.44		2024-02-09T01:52:23Z	
7.0.45		2024-02-09T04:38:49Z	
7.0.46		2024-02-09T10:08:04Z	
7.0.80		2024-03-04T02:45:04Z	
7.0.81		2024-03-04T09:07:51Z	
7.0.82		2024-03-04T10:37:50Z	
7.0.83		2024-03-04T11:18:49Z	
7.1.10		2024-04-12T05:10:28Z	
7.1.11		2024-04-12T10:41:16Z	
7.1.12		2024-04-13T16:34:29Z	
7.1.13		2024-04-15T01:36:35Z	
7.1.14		2024-04-15T05:45:34Z	
7.1.15		2024-04-15T17:23:12Z	
7.1.16		2024-04-16T03:21:22Z	
7.1.17		2024-04-16T04:36:56Z	
7.1.18		2024-04-16T06:18:14Z	
7.1.19		2024-04-16T09:33:19Z	
7.1.20		2024-04-16T10:22:11Z	
7.1.21		2024-04-16T12:07:44Z	
7.1.22		2024-04-16T17:33:09Z	
7.1.23		2024-04-17T05:23:41Z	
7.1.24		2024-04-17T07:11:34Z	
7.1.25		2024-04-17T08:48:37Z	
7.1.26		2024-04-17T14:15:04Z	
7.1.27		2024-04-18T03:06:34Z	
7.1.28		2024-04-18T06:58:32Z	
7.1.29		2024-04-18T08:08:46Z	
7.1.30		2024-04-19T10:43:59Z	
7.1.31		2024-04-19T14:09:12Z	
7.1.32		2024-04-20T09:46:42Z	
7.1.33		2024-04-20T11:37:58Z	
7.1.34		2024-04-20T16:38:22Z	
7.1.35		2024-04-21T08:49:10Z	
7.1.36		2024-04-22T06:18:18Z	
7.1.37		2024-04-23T11:55:25Z	
7.1.38		2024-04-24T05:13:20Z	
7.1.39		2024-04-24T09:54:35Z	
7.1.40		2024-04-25T08:36:19Z	
7.1.41		2024-04-25T17:59:54Z	
7.1.42		2024-04-26T07:45:15Z	
7.1.43		2024-04-26T08:56:39Z	
7.1.44		2024-04-28T13:34:00Z	
7.1.45		2024-04-30T05:56:14Z	
7.1.46		2024-05-01T14:04:31Z	
7.1.47		2024-05-02T03:43:10Z	
7.1.48		2024-05-02T06:23:35Z	
7.1.49		2024-05-02T08:59:28Z	
7.1.50		2024-05-02T10:55:56Z	
7.1.51		2024-05-02T13:51:41Z	
7.1.54		2024-05-06T09:24:25Z	
7.1.55		2024-05-07T14:14:16Z	
7.1.56		2024-05-08T05:05:57Z	
7.1.57		2024-05-08T07:43:55Z	
7.1.7		2024-04-08T16:19:16Z	
7.1.8		2024-04-09T03:05:45Z	
7.1.9		2024-04-10T08:17:13Z	
7.10.0		2026-02-12T14:41:33Z	
7.10.1		2026-02-13T07:36:36Z	
7.10.10		2026-02-18T05:14:43Z	
7.10.100		2026-03-20T09:37:06Z	
7.10.101		2026-03-21T06:50:59Z	
7.10.102		2026-03-23T06:48:46Z	
7.10.103		2026-03-23T09:43:47Z	
7.10.104		2026-03-23T13:43:23Z	
7.10.106		2026-03-24T12:45:41Z	
7.10.107		2026-03-25T07:48:23Z	
7.10.108		2026-03-25T09:35:48Z	
7.10.109		2026-03-25T16:37:48Z	
7.10.11		2026-02-18T09:08:44Z	
7.10.110		2026-03-26T05:11:59Z	
7.10.111		2026-03-27T06:34:55Z	
7.10.112		2026-03-27T09:33:35Z	
7.10.113		2026-03-27T11:39:52Z	
7.10.114		2026-03-27T13:10:57Z	
7.10.115		2026-03-28T02:36:04Z	
7.10.116		2026-03-29T06:38:16Z	
7.10.117		2026-03-30T03:53:41Z	
7.10.118		2026-03-30T06:13:19Z	
7.10.119		2026-03-30T10:04:31Z	
7.10.12		2026-02-19T02:07:23Z	
7.10.120		2026-03-30T16:50:22Z	
7.10.121		2026-03-31T02:28:28Z	
7.10.122		2026-03-31T08:25:35Z	
7.10.124		2026-03-31T16:24:49Z	
7.10.125		2026-04-01T06:50:03Z	
7.10.126		2026-04-02T07:15:38Z	
7.10.127		2026-04-02T17:11:03Z	
7.10.128		2026-04-02T19:20:31Z	
7.10.129		2026-04-03T06:51:41Z	
7.10.13		2026-02-19T06:21:18Z	
7.10.130		2026-04-04T07:27:29Z	
7.10.131		2026-04-06T06:02:52Z	
7.10.132		2026-04-06T10:02:20Z	
7.10.133		2026-04-06T12:16:39Z	
7.10.134		2026-04-07T01:12:18Z	
7.10.135		2026-04-07T05:16:44Z	
7.10.136		2026-04-07T11:09:53Z	
7.10.137		2026-04-07T18:45:25Z	
7.10.138		2026-04-07T20:14:11Z	
7.10.139		2026-04-08T11:38:14Z	
7.10.14		2026-02-20T04:42:33Z	
7.10.140		2026-04-08T14:08:44Z	
7.10.141		2026-04-08T15:32:21Z	
7.10.142		2026-04-09T06:08:46Z	
7.10.143		2026-04-09T11:50:32Z	
7.10.144		2026-04-11T07:13:39Z	
7.10.145		2026-04-16T07:23:03Z	
7.10.146		2026-04-16T10:26:31Z	
7.10.147		2026-04-17T03:39:35Z	
7.10.148		2026-04-19T14:10:31Z	
7.10.149		2026-04-20T14:30:05Z	
7.10.15		2026-02-20T06:48:32Z	
7.10.150		2026-04-21T06:08:30Z	
7.10.151		2026-04-21T09:50:45Z	
7.10.152		2026-04-22T04:50:32Z	
7.10.153		2026-04-23T07:27:35Z	
7.10.154		2026-04-23T09:54:34Z	
7.10.155		2026-04-23T10:48:32Z	
7.10.156		2026-04-24T01:36:41Z	
7.10.157		2026-04-28T06:21:20Z	
7.10.158		2026-04-28T08:27:24Z	
7.10.16		2026-02-20T07:39:22Z	
7.10.17		2026-02-20T11:31:52Z	
7.10.18		2026-02-20T15:53:31Z	
7.10.19		2026-02-21T05:17:32Z	
7.10.2		2026-02-16T05:10:29Z	
7.10.20		2026-02-21T06:13:14Z	
7.10.21		2026-02-21T08:16:51Z	
7.10.22		2026-02-22T17:20:21Z	
7.10.23		2026-02-23T07:18:30Z	
7.10.24		2026-02-23T10:38:17Z	
7.10.25		2026-02-23T12:14:14Z	
7.10.26		2026-02-24T12:15:47Z	
7.10.27		2026-02-24T13:36:12Z	
7.10.28		2026-02-24T17:45:36Z	
7.10.29		2026-02-25T05:42:16Z	
7.10.3		2026-02-16T06:04:47Z	
7.10.30		2026-02-25T06:44:43Z	
7.10.31		2026-02-25T07:45:20Z	
7.10.32		2026-02-25T09:47:19Z	
7.10.33		2026-02-25T11:57:02Z	
7.10.34		2026-02-27T05:28:04Z	
7.10.35		2026-02-27T12:05:59Z	
7.10.36		2026-03-02T10:25:25Z	
7.10.37		2026-03-03T05:53:22Z	
7.10.38		2026-03-03T06:49:01Z	
7.10.39		2026-03-03T08:25:17Z	
7.10.4		2026-02-16T15:43:40Z	
7.10.40		2026-03-03T09:50:20Z	
7.10.41		2026-03-03T11:44:22Z	
7.10.42		2026-03-03T13:43:17Z	
7.10.43		2026-03-04T05:27:44Z	
7.10.44		2026-03-04T06:55:11Z	
7.10.45		2026-03-05T04:34:41Z	
7.10.46		2026-03-05T06:32:11Z	
7.10.47		2026-03-05T12:16:33Z	
7.10.48		2026-03-05T16:27:08Z	
7.10.49		2026-03-06T04:56:07Z	
7.10.5		2026-02-17T07:30:20Z	
7.10.50		2026-03-06T07:12:39Z	
7.10.51		2026-03-06T08:11:37Z	
7.10.52		2026-03-06T11:13:14Z	
7.10.53		2026-03-06T18:55:19Z	
7.10.55		2026-03-08T09:58:05Z	
7.10.56		2026-03-08T10:53:43Z	
7.10.57		2026-03-08T12:37:22Z	
7.10.58		2026-03-08T15:40:52Z	
7.10.59		2026-03-09T07:02:11Z	
7.10.6		2026-02-17T09:10:45Z	
7.10.60		2026-03-09T11:11:33Z	
7.10.61		2026-03-09T15:03:10Z	
7.10.62		2026-03-09T18:50:43Z	
7.10.63		2026-03-09T20:25:56Z	
7.10.64		2026-03-10T05:29:12Z	
7.10.65		2026-03-10T07:05:25Z	
7.10.66		2026-03-10T08:56:41Z	
7.10.67		2026-03-10T11:24:55Z	
7.10.68		2026-03-10T13:44:08Z	
7.10.69		2026-03-10T15:17:49Z	
7.10.7		2026-02-17T11:11:39Z	
7.10.70		2026-03-10T18:49:01Z	
7.10.73		2026-03-11T11:18:56Z	
7.10.74		2026-03-11T16:18:57Z	
7.10.75		2026-03-11T17:53:08Z	
7.10.76		2026-03-11T19:54:51Z	
7.10.77		2026-03-12T07:56:47Z	
7.10.78		2026-03-12T09:52:30Z	
7.10.79		2026-03-13T05:28:12Z	
7.10.8		2026-02-17T12:23:24Z	
7.10.80		2026-03-13T11:29:30Z	
7.10.81		2026-03-13T13:24:40Z	
7.10.82		2026-03-15T05:19:48Z	
7.10.83		2026-03-16T03:22:54Z	
7.10.84		2026-03-16T04:19:37Z	
7.10.85		2026-03-16T09:47:52Z	
7.10.86		2026-03-16T10:45:29Z	
7.10.87		2026-03-16T15:50:03Z	
7.10.88		2026-03-17T05:14:26Z	
7.10.89		2026-03-17T06:12:04Z	
7.10.9		2026-02-17T13:14:52Z	
7.10.90		2026-03-17T07:43:17Z	
7.10.91		2026-03-17T19:56:05Z	
7.10.92		2026-03-18T01:26:20Z	
7.10.93		2026-03-18T05:05:47Z	
7.10.94		2026-03-18T09:48:08Z	
7.10.95		2026-03-18T12:52:23Z	
7.10.96		2026-03-18T13:50:56Z	
7.10.97		2026-03-19T01:58:50Z	
7.10.98		2026-03-19T04:26:26Z	
7.10.99		2026-03-19T08:23:22Z	
7.11.0		2026-03-16T02:09:21Z	
7.11.1		2026-03-16T03:35:52Z	
7.11.10		2026-03-19T05:43:15Z	
7.11.100		2026-05-27T20:04:15Z	
7.11.101		2026-05-28T10:47:00Z	
7.11.102		2026-05-29T04:59:51Z	
7.11.103		2026-05-31T08:06:42Z	
7.11.104		2026-06-01T01:54:14Z	
7.11.105		2026-06-01T19:30:54Z	
7.11.106		2026-06-02T04:56:03Z	
7.11.107		2026-06-02T06:43:38Z	
7.11.108		2026-06-02T09:07:57Z	
7.11.109		2026-06-03T09:15:22Z	
7.11.11		2026-03-19T07:15:04Z	
7.11.110		2026-06-05T11:42:58Z	
7.11.111		2026-06-05T13:27:13Z	
7.11.112		2026-06-07T18:05:41Z	
7.11.113		2026-06-09T05:43:18Z	
7.11.114		2026-06-09T06:43:15Z	
7.11.115		2026-06-09T09:32:54Z	
7.11.116		2026-06-10T11:36:13Z	
7.11.117		2026-06-10T16:55:57Z	
7.11.118		2026-06-10T20:51:20Z	
7.11.119		2026-06-11T12:21:11Z	
7.11.12		2026-03-20T05:05:59Z	
7.11.120		2026-06-11T13:14:41Z	
7.11.121		2026-06-12T05:32:04Z	
7.11.122		2026-06-12T09:04:18Z	
7.11.123		2026-06-12T11:18:00Z	
7.11.124		2026-06-12T13:07:43Z	
7.11.125		2026-06-15T03:51:33Z	
7.11.126		2026-06-16T15:27:02Z	
7.11.127		2026-06-18T06:26:19Z	
7.11.128		2026-06-18T10:46:26Z	
7.11.129		2026-06-18T13:36:51Z	
7.11.13		2026-03-24T06:35:08Z	
7.11.130		2026-06-19T07:47:31Z	
7.11.131		2026-06-19T09:18:35Z	
7.11.132		2026-06-19T11:53:17Z	
7.11.133		2026-06-19T13:17:08Z	
7.11.134		2026-06-19T15:30:24Z	
7.11.135		2026-06-23T06:09:20Z	
7.11.136		2026-06-23T07:40:20Z	
7.11.137		2026-06-23T09:15:18Z	
7.11.138		2026-06-24T09:31:33Z	
7.11.139		2026-06-25T12:22:27Z	
7.11.14		2026-03-24T17:15:45Z	
7.11.140		2026-06-26T05:37:23Z	
7.11.141		2026-06-26T09:44:51Z	
7.11.142		2026-06-26T18:12:42Z	
7.11.143		2026-06-30T12:12:04Z	
7.11.144		2026-07-01T06:23:42Z	
7.11.145		2026-07-01T12:49:45Z	
7.11.146		2026-07-02T11:04:56Z	
7.11.147		2026-07-03T09:33:38Z	
7.11.148		2026-07-03T11:04:47Z	
7.11.15		2026-03-25T04:21:53Z	
7.11.16		2026-03-25T11:10:58Z	
7.11.17		2026-03-25T17:06:01Z	
7.11.18		2026-03-26T05:34:12Z	
7.11.19		2026-03-26T07:02:32Z	
7.11.2		2026-03-16T04:33:37Z	
7.11.20		2026-03-28T02:58:06Z	
7.11.21		2026-03-29T06:54:03Z	
7.11.22		2026-03-30T04:04:23Z	
7.11.23		2026-03-30T06:01:30Z	
7.11.24		2026-03-31T08:07:59Z	
7.11.25		2026-03-31T09:21:49Z	
7.11.26		2026-03-31T16:26:39Z	
7.11.27		2026-04-01T08:07:25Z	
7.11.28		2026-04-01T10:50:34Z	
7.11.29		2026-04-02T02:36:21Z	
7.11.3		2026-03-17T05:01:31Z	
7.11.30		2026-04-02T07:16:31Z	
7.11.31		2026-04-06T06:34:08Z	
7.11.32		2026-04-06T07:28:07Z	
7.11.33		2026-04-06T10:48:53Z	
7.11.34		2026-04-06T11:45:24Z	
7.11.35		2026-04-07T02:52:43Z	
7.11.36		2026-04-07T04:43:13Z	
7.11.37		2026-04-07T05:39:30Z	
7.11.38		2026-04-08T06:04:51Z	
7.11.39		2026-04-08T12:21:54Z	
7.11.4		2026-03-17T05:57:44Z	
7.11.40		2026-04-09T10:50:58Z	
7.11.41		2026-04-16T06:31:00Z	
7.11.42		2026-04-16T08:09:32Z	
7.11.43		2026-04-16T10:43:58Z	
7.11.44		2026-04-19T03:01:49Z	
7.11.45		2026-04-20T11:01:45Z	
7.11.46		2026-04-20T14:33:13Z	
7.11.47		2026-04-21T06:13:25Z	
7.11.48		2026-04-21T11:57:46Z	
7.11.49		2026-04-22T05:44:54Z	
7.11.5		2026-03-17T06:53:07Z	
7.11.50		2026-04-23T10:02:06Z	
7.11.51		2026-04-24T05:36:53Z	
7.11.52		2026-04-24T06:31:22Z	
7.11.53		2026-04-27T13:00:50Z	
7.11.54		2026-04-27T18:21:28Z	
7.11.55		2026-04-28T05:09:45Z	
7.11.56		2026-04-28T10:47:52Z	
7.11.57		2026-04-28T13:50:46Z	
7.11.58		2026-04-28T15:20:37Z	
7.11.59		2026-04-29T07:20:49Z	
7.11.6		2026-03-18T05:17:34Z	
7.11.60		2026-04-29T11:59:33Z	
7.11.61		2026-04-29T14:26:41Z	
7.11.62		2026-04-30T06:03:23Z	
7.11.63		2026-04-30T06:59:31Z	
7.11.64		2026-04-30T15:42:46Z	
7.11.65		2026-05-01T06:14:18Z	
7.11.66		2026-05-03T19:25:13Z	
7.11.67		2026-05-04T10:23:52Z	
7.11.68		2026-05-05T04:44:15Z	
7.11.69		2026-05-05T09:04:33Z	
7.11.7		2026-03-18T08:37:30Z	
7.11.70		2026-05-06T08:16:19Z	
7.11.71		2026-05-07T04:23:45Z	
7.11.72		2026-05-07T06:10:51Z	
7.11.73		2026-05-08T10:29:40Z	
7.11.74		2026-05-09T15:49:13Z	
7.11.75		2026-05-11T10:25:40Z	
7.11.76		2026-05-11T12:01:46Z	
7.11.77		2026-05-12T06:28:01Z	
7.11.78		2026-05-12T10:23:54Z	
7.11.79		2026-05-13T05:30:07Z	
7.11.8		2026-03-18T13:45:56Z	
7.11.80		2026-05-13T07:25:21Z	
7.11.81		2026-05-13T09:36:55Z	
7.11.82		2026-05-14T08:09:39Z	
7.11.83		2026-05-14T09:39:35Z	
7.11.84		2026-05-19T04:48:38Z	
7.11.85		2026-05-19T09:43:58Z	
7.11.86		2026-05-20T16:46:01Z	
7.11.87		2026-05-21T05:15:43Z	
7.11.88		2026-05-21T07:28:15Z	
7.11.89		2026-05-21T11:26:20Z	
7.11.9		2026-03-18T16:37:30Z	
7.11.90		2026-05-21T17:59:39Z	
7.11.91		2026-05-22T04:57:57Z	
7.11.92		2026-05-22T15:12:39Z	
7.11.93		2026-05-23T21:14:25Z	
7.11.94		2026-05-25T13:31:36Z	
7.11.95		2026-05-25T16:56:56Z	
7.11.96		2026-05-27T05:20:24Z	
7.11.97		2026-05-27T06:16:46Z	
7.11.98		2026-05-27T09:03:44Z	
7.11.99		2026-05-27T11:23:53Z	
7.2.0		2024-05-08T16:38:00Z	
7.2.1		2024-05-10T05:17:14Z	
7.2.10		2024-05-14T06:03:09Z	
7.2.11		2024-05-14T08:42:46Z	
7.2.12		2024-05-14T09:23:32Z	
7.2.13		2024-05-15T02:13:02Z	
7.2.14		2024-05-15T06:12:38Z	
7.2.15		2024-05-15T08:11:22Z	
7.2.16		2024-05-15T16:03:59Z	
7.2.17		2024-05-16T04:42:46Z	
7.2.18		2024-05-16T06:51:42Z	
7.2.19		2024-05-16T07:33:33Z	
7.2.2		2024-05-10T08:45:19Z	
7.2.20		2024-05-17T03:09:22Z	
7.2.21		2024-05-17T05:39:29Z	
7.2.22		2024-05-17T07:32:57Z	
7.2.23		2024-05-17T08:31:39Z	
7.2.24		2024-05-17T11:42:39Z	
7.2.3		2024-05-13T04:50:15Z	
7.2.4		2024-05-13T05:37:34Z	
7.2.42		2024-06-03T10:04:51Z	
7.2.43		2024-06-06T15:39:40Z	
7.2.44		2024-06-07T03:04:33Z	
7.2.45		2024-06-10T10:03:46Z	
7.2.5		2024-05-13T07:43:16Z	
7.2.6		2024-05-13T12:59:32Z	
7.2.7		2024-05-13T14:12:44Z	
7.2.8		2024-05-13T14:54:53Z	
7.2.9		2024-05-14T04:49:58Z	
7.3.1		2024-06-12T11:08:39Z	
7.3.2		2024-06-13T08:53:40Z	
7.3.3		2024-06-14T04:22:34Z	
7.3.34		2024-07-15T11:16:32Z	
7.3.35		2024-07-15T14:20:19Z	
7.3.4		2024-06-14T09:24:20Z	
7.3.5		2024-06-17T06:56:28Z	
7.3.6		2024-06-17T09:31:23Z	
7.4.13		2024-08-27T05:22:34Z	
7.4.14		2024-08-28T04:52:32Z	
7.4.15		2024-08-29T04:12:43Z	
7.4.16		2024-09-02T04:12:23Z	
7.5.0		2024-09-03T01:26:03Z	
7.5.1		2024-09-04T17:21:51Z	
7.5.10		2024-09-10T07:29:03Z	
7.5.11		2024-09-10T11:57:42Z	
7.5.12		2024-09-10T12:36:09Z	
7.5.13		2024-09-11T07:25:20Z	
7.5.14		2024-09-12T06:44:35Z	
7.5.15		2024-09-13T04:38:45Z	
7.5.16		2024-09-18T14:52:27Z	
7.5.17		2024-09-18T15:34:53Z	
7.5.18		2024-09-19T06:26:45Z	
7.5.19		2024-09-19T09:30:28Z	
7.5.2		2024-09-04T18:24:46Z	
7.5.20		2024-09-20T03:54:02Z	
7.5.21		2024-09-20T10:06:40Z	
7.5.22		2024-09-24T14:51:44Z	
7.5.23		2024-09-24T15:56:30Z	
7.5.24		2024-09-26T18:33:15Z	
7.5.25		2024-09-28T13:09:18Z	
7.5.26		2024-09-28T19:14:50Z	
7.5.27		2024-09-29T15:24:53Z	
7.5.28		2024-09-29T19:37:48Z	
7.5.29		2024-09-30T08:36:52Z	
7.5.3		2024-09-05T05:37:27Z	
7.5.30		2024-09-30T09:18:06Z	
7.5.31		2024-09-30T10:36:16Z	
7.5.32		2024-10-01T08:35:03Z	
7.5.33		2024-10-02T01:46:41Z	
7.5.34		2024-10-02T06:07:36Z	
7.5.35		2024-10-02T06:46:27Z	
7.5.36		2024-10-02T07:25:17Z	
7.5.37		2024-10-02T10:33:27Z	
7.5.38		2024-10-02T17:45:40Z	
7.5.4		2024-09-05T08:40:32Z	
7.5.5		2024-09-05T11:31:11Z	
7.5.6		2024-09-05T21:29:44Z	
7.5.7		2024-09-06T10:43:04Z	
7.5.8		2024-09-09T07:25:54Z	
7.5.9		2024-09-10T06:21:49Z	
7.6.2		2024-11-11T05:28:48Z	
7.6.3		2024-11-11T07:16:02Z	
7.6.4		2024-11-12T05:38:39Z	
7.6.5		2024-11-12T11:58:46Z	
7.6.6		2024-11-12T13:35:33Z	
7.6.7		2024-11-12T17:49:56Z	
7.7.100		2025-01-20T07:54:24Z	
7.7.101		2025-01-20T09:03:31Z	
7.7.102		2025-01-20T10:12:06Z	
7.7.103		2025-01-20T11:45:50Z	
7.7.104		2025-01-20T12:58:00Z	
7.7.105		2025-01-20T16:52:09Z	
7.7.106		2025-01-20T18:00:14Z	
7.7.257		2025-02-16T20:06:32Z	
7.7.258		2025-02-17T05:01:50Z	
7.7.259		2025-02-17T16:01:56Z	
7.7.260		2025-02-17T17:45:27Z	
7.7.261		2025-02-17T19:00:14Z	
7.7.262		2025-02-17T21:58:27Z	
7.7.263		2025-02-18T01:41:08Z	
7.7.264		2025-02-18T05:13:36Z	
7.7.265		2025-02-18T06:00:12Z	
7.7.266		2025-02-18T08:22:34Z	
7.7.267		2025-02-18T10:36:38Z	
7.7.268		2025-02-18T14:19:38Z	
7.7.269		2025-02-18T15:06:30Z	
7.7.74		2025-01-05T17:40:16Z	
7.7.75		2025-01-06T03:50:29Z	
7.7.76		2025-01-06T05:37:08Z	
7.7.77		2025-01-06T06:19:13Z	
7.7.78		2025-01-06T07:39:23Z	
7.7.79		2025-01-07T01:47:26Z	
7.7.80		2025-01-07T07:45:45Z	
7.7.81		2025-01-07T09:05:25Z	
7.7.82		2025-01-07T12:12:28Z	
7.7.83		2025-01-07T16:43:06Z	
7.7.84		2025-01-08T04:27:03Z	
7.7.85		2025-01-09T11:48:14Z	
7.7.86		2025-01-10T05:18:17Z	
7.7.87		2025-01-11T17:42:46Z	
7.7.88		2025-01-16T06:27:29Z	
7.7.89		2025-01-16T08:53:18Z	
7.7.90		2025-01-16T10:56:35Z	
7.7.91		2025-01-16T12:53:00Z	
7.7.92		2025-01-17T03:58:41Z	
7.7.93		2025-01-17T09:55:37Z	
7.7.94		2025-01-17T11:04:14Z	
7.7.95		2025-01-18T15:26:17Z	
7.7.96		2025-01-19T19:46:53Z	
7.7.97		2025-01-20T04:42:25Z	
7.7.98		2025-01-20T05:52:53Z	
7.7.99		2025-01-20T07:12:41Z	
7.8.0		2025-02-18T16:26:32Z	
7.8.1		2025-02-18T17:11:22Z	
7.8.100		2025-04-06T08:56:24Z	
7.8.101		2025-04-08T06:49:00Z	
7.8.102		2025-04-08T12:26:21Z	
7.8.103		2025-04-08T17:57:01Z	
7.8.2		2025-02-18T18:27:17Z	
7.8.3		2025-02-18T21:05:30Z	
7.8.614		2025-11-16T16:09:20Z	
7.8.615		2025-11-18T12:13:49Z	
7.8.616		2025-11-18T19:26:16Z	
7.8.617		2025-11-19T09:04:44Z	
7.8.618		2025-11-20T03:38:30Z	
7.8.619		2025-11-20T06:10:04Z	
7.8.620		2025-11-20T11:20:15Z	
7.8.621		2025-11-20T13:18:01Z	
7.8.622		2025-11-21T05:32:51Z	
7.8.623		2025-11-21T07:47:02Z	
7.8.624		2025-11-21T10:01:54Z	
7.8.625		2025-11-21T17:09:22Z	
7.8.626		2025-11-24T07:28:49Z	
7.8.627		2025-11-24T11:45:43Z	
7.8.628		2025-11-24T16:40:56Z	
7.8.629		2025-12-03T12:21:28Z	
7.8.630		2025-12-04T19:47:56Z	
7.8.631		2025-12-05T08:41:14Z	
7.8.632		2025-12-06T04:21:56Z	
7.8.633		2025-12-08T10:33:49Z	
7.8.634		2025-12-09T12:28:04Z	
7.8.635		2025-12-09T15:47:17Z	
7.8.636		2025-12-10T04:31:33Z	
7.8.637		2025-12-10T10:01:11Z	
7.8.638		2025-12-10T11:46:24Z	
7.8.639		2025-12-11T03:45:00Z	
7.8.640		2025-12-14T05:34:49Z	
7.8.641		2025-12-15T04:38:49Z	
7.8.642		2025-12-15T05:35:04Z	
7.8.643		2025-12-16T08:34:56Z	
7.8.644		2025-12-20T13:47:24Z	
7.8.645		2025-12-22T07:20:34Z	
7.8.646		2025-12-22T13:37:21Z	
7.8.647		2025-12-23T05:28:57Z	
7.8.648		2026-01-04T15:30:53Z	
7.8.649		2026-01-05T06:19:06Z	
7.8.650		2026-01-05T07:54:32Z	
7.8.651		2026-01-06T07:13:07Z	
7.8.652		2026-01-07T05:10:09Z	
7.8.653		2026-01-07T06:42:48Z	
7.8.654		2026-01-09T07:30:49Z	
7.8.655		2026-01-11T16:15:18Z	
7.8.656		2026-01-11T17:54:20Z	
7.8.657		2026-01-14T07:29:59Z	
7.8.658		2026-01-14T12:36:47Z	
7.8.659		2026-01-18T11:42:07Z	
7.8.660		2026-01-19T04:58:01Z	
7.8.661		2026-01-20T07:02:44Z	
7.8.662		2026-01-20T11:29:34Z	
7.8.663		2026-01-21T08:40:43Z	
7.8.664		2026-01-23T06:53:36Z	
7.8.665		2026-01-26T04:27:29Z	
7.8.666		2026-01-27T05:13:32Z	
7.8.667		2026-01-27T06:10:33Z	
7.8.668		2026-01-28T10:52:43Z	
7.8.669		2026-01-29T11:37:48Z	
7.8.670		2026-02-01T12:08:58Z	
7.8.671		2026-02-03T05:37:26Z	
7.8.672		2026-02-03T07:12:15Z	
7.8.673		2026-02-05T07:47:41Z	
7.8.674		2026-02-05T10:26:35Z	
7.8.675		2026-02-05T12:33:48Z	
7.8.676		2026-02-06T05:14:40Z	
7.8.677		2026-02-07T09:44:47Z	
7.8.678		2026-02-09T10:47:59Z	
7.8.679		2026-02-09T11:47:19Z	
7.8.680		2026-02-10T05:39:53Z	
7.8.681		2026-02-10T17:53:33Z	
7.8.682		2026-02-11T11:13:01Z	
7.8.683		2026-02-11T12:27:17Z	
7.8.684		2026-02-11T18:06:41Z	
7.8.685		2026-02-12T12:57:26Z	
7.8.92		2025-03-30T15:59:01Z	
7.8.93		2025-03-30T23:15:21Z	
7.8.94		2025-03-31T04:28:40Z	
7.8.95		2025-04-01T17:40:40Z	
7.8.96		2025-04-02T16:51:08Z	
7.8.97		2025-04-03T09:58:51Z	
7.8.98		2025-04-03T10:48:50Z	
7.8.99		2025-04-05T17:08:23Z	
