2025.04.01.184033-1915641			IOException: Tail request on https://maven-central.storage-download.googleapis.com/maven2/com/squareup/misk/vitess/vitess-database/com.squareup.misk.vitess.vitess-database.gradle.plugin/2025.04.01.184033-1915641/com.squareup.misk.vitess.vitess-database.gradle.plugin-2025.04.01.184033-1915641.jar returned status 404
2025.04.01.191209-88c25ca			IOException: Tail request on https://maven-central.storage-download.googleapis.com/maven2/com/squareup/misk/vitess/vitess-database/com.squareup.misk.vitess.vitess-database.gradle.plugin/2025.04.01.191209-88c25ca/com.squareup.misk.vitess.vitess-database.gradle.plugin-2025.04.01.191209-88c25ca.jar returned status 404
2025.04.01.200928-57a263a			IOException: Tail request on https://maven-central.storage-download.googleapis.com/maven2/com/squareup/misk/vitess/vitess-database/com.squareup.misk.vitess.vitess-database.gradle.plugin/2025.04.01.200928-57a263a/com.squareup.misk.vitess.vitess-database.gradle.plugin-2025.04.01.200928-57a263a.jar returned status 404
2025.04.01.235859-f4b2334			IOException: Tail request on https://maven-central.storage-download.googleapis.com/maven2/com/squareup/misk/vitess/vitess-database/com.squareup.misk.vitess.vitess-database.gradle.plugin/2025.04.01.235859-f4b2334/com.squareup.misk.vitess.vitess-database.gradle.plugin-2025.04.01.235859-f4b2334.jar returned status 404
2025.04.02.124500-1ebb756			IOException: Tail request on https://maven-central.storage-download.googleapis.com/maven2/com/squareup/misk/vitess/vitess-database/com.squareup.misk.vitess.vitess-database.gradle.plugin/2025.04.02.124500-1ebb756/com.squareup.misk.vitess.vitess-database.gradle.plugin-2025.04.02.124500-1ebb756.jar returned status 404
2025.04.02.171644-7a1350f			IOException: Tail request on https://maven-central.storage-download.googleapis.com/maven2/com/squareup/misk/vitess/vitess-database/com.squareup.misk.vitess.vitess-database.gradle.plugin/2025.04.02.171644-7a1350f/com.squareup.misk.vitess.vitess-database.gradle.plugin-2025.04.02.171644-7a1350f.jar returned status 404
2025.04.02.182333-80b2694			IOException: Tail request on https://maven-central.storage-download.googleapis.com/maven2/com/squareup/misk/vitess/vitess-database/com.squareup.misk.vitess.vitess-database.gradle.plugin/2025.04.02.182333-80b2694/com.squareup.misk.vitess.vitess-database.gradle.plugin-2025.04.02.182333-80b2694.jar returned status 404
2025.04.02.195630-a61d550			IOException: Tail request on https://maven-central.storage-download.googleapis.com/maven2/com/squareup/misk/vitess/vitess-database/com.squareup.misk.vitess.vitess-database.gradle.plugin/2025.04.02.195630-a61d550/com.squareup.misk.vitess.vitess-database.gradle.plugin-2025.04.02.195630-a61d550.jar returned status 404
2025.04.02.210401-915293c			IOException: Tail request on https://maven-central.storage-download.googleapis.com/maven2/com/squareup/misk/vitess/vitess-database/com.squareup.misk.vitess.vitess-database.gradle.plugin/2025.04.02.210401-915293c/com.squareup.misk.vitess.vitess-database.gradle.plugin-2025.04.02.210401-915293c.jar returned status 404
2025.04.03.151535-b69ab0e			IOException: Tail request on https://maven-central.storage-download.googleapis.com/maven2/com/squareup/misk/vitess/vitess-database/com.squareup.misk.vitess.vitess-database.gradle.plugin/2025.04.03.151535-b69ab0e/com.squareup.misk.vitess.vitess-database.gradle.plugin-2025.04.03.151535-b69ab0e.jar returned status 404
2025.04.03.153131-9025605			IOException: Tail request on https://maven-central.storage-download.googleapis.com/maven2/com/squareup/misk/vitess/vitess-database/com.squareup.misk.vitess.vitess-database.gradle.plugin/2025.04.03.153131-9025605/com.squareup.misk.vitess.vitess-database.gradle.plugin-2025.04.03.153131-9025605.jar returned status 404
2025.04.04.114411-d80e5d9			IOException: Tail request on https://maven-central.storage-download.googleapis.com/maven2/com/squareup/misk/vitess/vitess-database/com.squareup.misk.vitess.vitess-database.gradle.plugin/2025.04.04.114411-d80e5d9/com.squareup.misk.vitess.vitess-database.gradle.plugin-2025.04.04.114411-d80e5d9.jar returned status 404
2025.04.04.132805-43bcba0			IOException: Tail request on https://maven-central.storage-download.googleapis.com/maven2/com/squareup/misk/vitess/vitess-database/com.squareup.misk.vitess.vitess-database.gradle.plugin/2025.04.04.132805-43bcba0/com.squareup.misk.vitess.vitess-database.gradle.plugin-2025.04.04.132805-43bcba0.jar returned status 404
2025.04.04.161400-1ce0b62			IOException: Tail request on https://maven-central.storage-download.googleapis.com/maven2/com/squareup/misk/vitess/vitess-database/com.squareup.misk.vitess.vitess-database.gradle.plugin/2025.04.04.161400-1ce0b62/com.squareup.misk.vitess.vitess-database.gradle.plugin-2025.04.04.161400-1ce0b62.jar returned status 404
2025.04.07.134512-cd5a9ea			IOException: Tail request on https://maven-central.storage-download.googleapis.com/maven2/com/squareup/misk/vitess/vitess-database/com.squareup.misk.vitess.vitess-database.gradle.plugin/2025.04.07.134512-cd5a9ea/com.squareup.misk.vitess.vitess-database.gradle.plugin-2025.04.07.134512-cd5a9ea.jar returned status 404
2025.04.07.162316-b3b11f7			IOException: Tail request on https://maven-central.storage-download.googleapis.com/maven2/com/squareup/misk/vitess/vitess-database/com.squareup.misk.vitess.vitess-database.gradle.plugin/2025.04.07.162316-b3b11f7/com.squareup.misk.vitess.vitess-database.gradle.plugin-2025.04.07.162316-b3b11f7.jar returned status 404
2025.04.07.195645-2d2cea0			IOException: Tail request on https://maven-central.storage-download.googleapis.com/maven2/com/squareup/misk/vitess/vitess-database/com.squareup.misk.vitess.vitess-database.gradle.plugin/2025.04.07.195645-2d2cea0/com.squareup.misk.vitess.vitess-database.gradle.plugin-2025.04.07.195645-2d2cea0.jar returned status 404
2025.04.08.141334-a953aa8			IOException: Tail request on https://maven-central.storage-download.googleapis.com/maven2/com/squareup/misk/vitess/vitess-database/com.squareup.misk.vitess.vitess-database.gradle.plugin/2025.04.08.141334-a953aa8/com.squareup.misk.vitess.vitess-database.gradle.plugin-2025.04.08.141334-a953aa8.jar returned status 404
2025.04.08.212004-14f1a29			IOException: Tail request on https://maven-central.storage-download.googleapis.com/maven2/com/squareup/misk/vitess/vitess-database/com.squareup.misk.vitess.vitess-database.gradle.plugin/2025.04.08.212004-14f1a29/com.squareup.misk.vitess.vitess-database.gradle.plugin-2025.04.08.212004-14f1a29.jar returned status 404
2025.04.09.202256-90dc722			IOException: Tail request on https://maven-central.storage-download.googleapis.com/maven2/com/squareup/misk/vitess/vitess-database/com.squareup.misk.vitess.vitess-database.gradle.plugin/2025.04.09.202256-90dc722/com.squareup.misk.vitess.vitess-database.gradle.plugin-2025.04.09.202256-90dc722.jar returned status 404
2025.04.10.155641-fdf5b6c			IOException: Tail request on https://maven-central.storage-download.googleapis.com/maven2/com/squareup/misk/vitess/vitess-database/com.squareup.misk.vitess.vitess-database.gradle.plugin/2025.04.10.155641-fdf5b6c/com.squareup.misk.vitess.vitess-database.gradle.plugin-2025.04.10.155641-fdf5b6c.jar returned status 404
2025.04.10.204955-5b7fc62			IOException: Tail request on https://maven-central.storage-download.googleapis.com/maven2/com/squareup/misk/vitess/vitess-database/com.squareup.misk.vitess.vitess-database.gradle.plugin/2025.04.10.204955-5b7fc62/com.squareup.misk.vitess.vitess-database.gradle.plugin-2025.04.10.204955-5b7fc62.jar returned status 404
2025.04.11.203513-d84dd5e			IOException: Tail request on https://maven-central.storage-download.googleapis.com/maven2/com/squareup/misk/vitess/vitess-database/com.squareup.misk.vitess.vitess-database.gradle.plugin/2025.04.11.203513-d84dd5e/com.squareup.misk.vitess.vitess-database.gradle.plugin-2025.04.11.203513-d84dd5e.jar returned status 404
2025.04.11.210459-e21afc3			IOException: Tail request on https://maven-central.storage-download.googleapis.com/maven2/com/squareup/misk/vitess/vitess-database/com.squareup.misk.vitess.vitess-database.gradle.plugin/2025.04.11.210459-e21afc3/com.squareup.misk.vitess.vitess-database.gradle.plugin-2025.04.11.210459-e21afc3.jar returned status 404
2025.04.11.221911-bd60810			IOException: Tail request on https://maven-central.storage-download.googleapis.com/maven2/com/squareup/misk/vitess/vitess-database/com.squareup.misk.vitess.vitess-database.gradle.plugin/2025.04.11.221911-bd60810/com.squareup.misk.vitess.vitess-database.gradle.plugin-2025.04.11.221911-bd60810.jar returned status 404
2025.04.14.012240-710e0d9			IOException: Tail request on https://maven-central.storage-download.googleapis.com/maven2/com/squareup/misk/vitess/vitess-database/com.squareup.misk.vitess.vitess-database.gradle.plugin/2025.04.14.012240-710e0d9/com.squareup.misk.vitess.vitess-database.gradle.plugin-2025.04.14.012240-710e0d9.jar returned status 404
2025.04.14.135005-fc20d69			IOException: Tail request on https://maven-central.storage-download.googleapis.com/maven2/com/squareup/misk/vitess/vitess-database/com.squareup.misk.vitess.vitess-database.gradle.plugin/2025.04.14.135005-fc20d69/com.squareup.misk.vitess.vitess-database.gradle.plugin-2025.04.14.135005-fc20d69.jar returned status 404
2025.04.14.222955-4dbd317			IOException: Tail request on https://maven-central.storage-download.googleapis.com/maven2/com/squareup/misk/vitess/vitess-database/com.squareup.misk.vitess.vitess-database.gradle.plugin/2025.04.14.222955-4dbd317/com.squareup.misk.vitess.vitess-database.gradle.plugin-2025.04.14.222955-4dbd317.jar returned status 404
2025.04.15.141348-3f9c82e			IOException: Tail request on https://maven-central.storage-download.googleapis.com/maven2/com/squareup/misk/vitess/vitess-database/com.squareup.misk.vitess.vitess-database.gradle.plugin/2025.04.15.141348-3f9c82e/com.squareup.misk.vitess.vitess-database.gradle.plugin-2025.04.15.141348-3f9c82e.jar returned status 404
2025.04.15.173134-e7f1549			IOException: Tail request on https://maven-central.storage-download.googleapis.com/maven2/com/squareup/misk/vitess/vitess-database/com.squareup.misk.vitess.vitess-database.gradle.plugin/2025.04.15.173134-e7f1549/com.squareup.misk.vitess.vitess-database.gradle.plugin-2025.04.15.173134-e7f1549.jar returned status 404
2025.04.15.190850-edc10ed			IOException: Tail request on https://maven-central.storage-download.googleapis.com/maven2/com/squareup/misk/vitess/vitess-database/com.squareup.misk.vitess.vitess-database.gradle.plugin/2025.04.15.190850-edc10ed/com.squareup.misk.vitess.vitess-database.gradle.plugin-2025.04.15.190850-edc10ed.jar returned status 404
2025.04.16.110632-aaa75cf			IOException: Tail request on https://maven-central.storage-download.googleapis.com/maven2/com/squareup/misk/vitess/vitess-database/com.squareup.misk.vitess.vitess-database.gradle.plugin/2025.04.16.110632-aaa75cf/com.squareup.misk.vitess.vitess-database.gradle.plugin-2025.04.16.110632-aaa75cf.jar returned status 404
2025.04.16.165130-c4e8d60			IOException: Tail request on https://maven-central.storage-download.googleapis.com/maven2/com/squareup/misk/vitess/vitess-database/com.squareup.misk.vitess.vitess-database.gradle.plugin/2025.04.16.165130-c4e8d60/com.squareup.misk.vitess.vitess-database.gradle.plugin-2025.04.16.165130-c4e8d60.jar returned status 404
2025.04.16.210958-554a97b			IOException: Tail request on https://maven-central.storage-download.googleapis.com/maven2/com/squareup/misk/vitess/vitess-database/com.squareup.misk.vitess.vitess-database.gradle.plugin/2025.04.16.210958-554a97b/com.squareup.misk.vitess.vitess-database.gradle.plugin-2025.04.16.210958-554a97b.jar returned status 404
2025.04.18.010200-b4024c8			IOException: Tail request on https://maven-central.storage-download.googleapis.com/maven2/com/squareup/misk/vitess/vitess-database/com.squareup.misk.vitess.vitess-database.gradle.plugin/2025.04.18.010200-b4024c8/com.squareup.misk.vitess.vitess-database.gradle.plugin-2025.04.18.010200-b4024c8.jar returned status 404
2025.04.18.205229-1494a46			IOException: Tail request on https://maven-central.storage-download.googleapis.com/maven2/com/squareup/misk/vitess/vitess-database/com.squareup.misk.vitess.vitess-database.gradle.plugin/2025.04.18.205229-1494a46/com.squareup.misk.vitess.vitess-database.gradle.plugin-2025.04.18.205229-1494a46.jar returned status 404
2025.04.21.131031-2bcdc66			IOException: Tail request on https://maven-central.storage-download.googleapis.com/maven2/com/squareup/misk/vitess/vitess-database/com.squareup.misk.vitess.vitess-database.gradle.plugin/2025.04.21.131031-2bcdc66/com.squareup.misk.vitess.vitess-database.gradle.plugin-2025.04.21.131031-2bcdc66.jar returned status 404
2025.04.21.131752-85a6014			IOException: Tail request on https://maven-central.storage-download.googleapis.com/maven2/com/squareup/misk/vitess/vitess-database/com.squareup.misk.vitess.vitess-database.gradle.plugin/2025.04.21.131752-85a6014/com.squareup.misk.vitess.vitess-database.gradle.plugin-2025.04.21.131752-85a6014.jar returned status 404
2025.04.21.180826-e20ccf6			IOException: Tail request on https://maven-central.storage-download.googleapis.com/maven2/com/squareup/misk/vitess/vitess-database/com.squareup.misk.vitess.vitess-database.gradle.plugin/2025.04.21.180826-e20ccf6/com.squareup.misk.vitess.vitess-database.gradle.plugin-2025.04.21.180826-e20ccf6.jar returned status 404
2025.04.21.223051-6bca9fd			IOException: Tail request on https://maven-central.storage-download.googleapis.com/maven2/com/squareup/misk/vitess/vitess-database/com.squareup.misk.vitess.vitess-database.gradle.plugin/2025.04.21.223051-6bca9fd/com.squareup.misk.vitess.vitess-database.gradle.plugin-2025.04.21.223051-6bca9fd.jar returned status 404
2025.04.22.140539-f19829d			IOException: Tail request on https://maven-central.storage-download.googleapis.com/maven2/com/squareup/misk/vitess/vitess-database/com.squareup.misk.vitess.vitess-database.gradle.plugin/2025.04.22.140539-f19829d/com.squareup.misk.vitess.vitess-database.gradle.plugin-2025.04.22.140539-f19829d.jar returned status 404
2025.04.22.171550-cce2982			IOException: Tail request on https://maven-central.storage-download.googleapis.com/maven2/com/squareup/misk/vitess/vitess-database/com.squareup.misk.vitess.vitess-database.gradle.plugin/2025.04.22.171550-cce2982/com.squareup.misk.vitess.vitess-database.gradle.plugin-2025.04.22.171550-cce2982.jar returned status 404
2025.04.22.175657-dd26d95			IOException: Tail request on https://maven-central.storage-download.googleapis.com/maven2/com/squareup/misk/vitess/vitess-database/com.squareup.misk.vitess.vitess-database.gradle.plugin/2025.04.22.175657-dd26d95/com.squareup.misk.vitess.vitess-database.gradle.plugin-2025.04.22.175657-dd26d95.jar returned status 404
2025.04.23.145440-9c0a2a6			IOException: Tail request on https://maven-central.storage-download.googleapis.com/maven2/com/squareup/misk/vitess/vitess-database/com.squareup.misk.vitess.vitess-database.gradle.plugin/2025.04.23.145440-9c0a2a6/com.squareup.misk.vitess.vitess-database.gradle.plugin-2025.04.23.145440-9c0a2a6.jar returned status 404
2025.04.27.230742-6035cb3			IOException: Tail request on https://maven-central.storage-download.googleapis.com/maven2/com/squareup/misk/vitess/vitess-database/com.squareup.misk.vitess.vitess-database.gradle.plugin/2025.04.27.230742-6035cb3/com.squareup.misk.vitess.vitess-database.gradle.plugin-2025.04.27.230742-6035cb3.jar returned status 404
2025.04.28.024311-8a5bdcc			IOException: Tail request on https://maven-central.storage-download.googleapis.com/maven2/com/squareup/misk/vitess/vitess-database/com.squareup.misk.vitess.vitess-database.gradle.plugin/2025.04.28.024311-8a5bdcc/com.squareup.misk.vitess.vitess-database.gradle.plugin-2025.04.28.024311-8a5bdcc.jar returned status 404
2025.04.28.114721-1e25179			IOException: Tail request on https://maven-central.storage-download.googleapis.com/maven2/com/squareup/misk/vitess/vitess-database/com.squareup.misk.vitess.vitess-database.gradle.plugin/2025.04.28.114721-1e25179/com.squareup.misk.vitess.vitess-database.gradle.plugin-2025.04.28.114721-1e25179.jar returned status 404
2025.04.28.155153-6883a61			IOException: Tail request on https://maven-central.storage-download.googleapis.com/maven2/com/squareup/misk/vitess/vitess-database/com.squareup.misk.vitess.vitess-database.gradle.plugin/2025.04.28.155153-6883a61/com.squareup.misk.vitess.vitess-database.gradle.plugin-2025.04.28.155153-6883a61.jar returned status 404
2025.04.28.203816-9b5ed38			IOException: Tail request on https://maven-central.storage-download.googleapis.com/maven2/com/squareup/misk/vitess/vitess-database/com.squareup.misk.vitess.vitess-database.gradle.plugin/2025.04.28.203816-9b5ed38/com.squareup.misk.vitess.vitess-database.gradle.plugin-2025.04.28.203816-9b5ed38.jar returned status 404
2025.04.28.231800-8fc0296			IOException: Tail request on https://maven-central.storage-download.googleapis.com/maven2/com/squareup/misk/vitess/vitess-database/com.squareup.misk.vitess.vitess-database.gradle.plugin/2025.04.28.231800-8fc0296/com.squareup.misk.vitess.vitess-database.gradle.plugin-2025.04.28.231800-8fc0296.jar returned status 404
2025.04.29.071058-3c3c9d2			IOException: Tail request on https://maven-central.storage-download.googleapis.com/maven2/com/squareup/misk/vitess/vitess-database/com.squareup.misk.vitess.vitess-database.gradle.plugin/2025.04.29.071058-3c3c9d2/com.squareup.misk.vitess.vitess-database.gradle.plugin-2025.04.29.071058-3c3c9d2.jar returned status 404
2025.04.30.182728-7288ba1			IOException: Tail request on https://maven-central.storage-download.googleapis.com/maven2/com/squareup/misk/vitess/vitess-database/com.squareup.misk.vitess.vitess-database.gradle.plugin/2025.04.30.182728-7288ba1/com.squareup.misk.vitess.vitess-database.gradle.plugin-2025.04.30.182728-7288ba1.jar returned status 404
2025.05.01.193640-82510a4			IOException: Tail request on https://maven-central.storage-download.googleapis.com/maven2/com/squareup/misk/vitess/vitess-database/com.squareup.misk.vitess.vitess-database.gradle.plugin/2025.05.01.193640-82510a4/com.squareup.misk.vitess.vitess-database.gradle.plugin-2025.05.01.193640-82510a4.jar returned status 404
2025.05.01.231241-15abcc3			IOException: Tail request on https://maven-central.storage-download.googleapis.com/maven2/com/squareup/misk/vitess/vitess-database/com.squareup.misk.vitess.vitess-database.gradle.plugin/2025.05.01.231241-15abcc3/com.squareup.misk.vitess.vitess-database.gradle.plugin-2025.05.01.231241-15abcc3.jar returned status 404
2025.05.02.170248-78d08e3			IOException: Tail request on https://maven-central.storage-download.googleapis.com/maven2/com/squareup/misk/vitess/vitess-database/com.squareup.misk.vitess.vitess-database.gradle.plugin/2025.05.02.170248-78d08e3/com.squareup.misk.vitess.vitess-database.gradle.plugin-2025.05.02.170248-78d08e3.jar returned status 404
2025.05.02.190554-0cef185			IOException: Tail request on https://maven-central.storage-download.googleapis.com/maven2/com/squareup/misk/vitess/vitess-database/com.squareup.misk.vitess.vitess-database.gradle.plugin/2025.05.02.190554-0cef185/com.squareup.misk.vitess.vitess-database.gradle.plugin-2025.05.02.190554-0cef185.jar returned status 404
2025.05.02.220048-fae57e8			IOException: Tail request on https://maven-central.storage-download.googleapis.com/maven2/com/squareup/misk/vitess/vitess-database/com.squareup.misk.vitess.vitess-database.gradle.plugin/2025.05.02.220048-fae57e8/com.squareup.misk.vitess.vitess-database.gradle.plugin-2025.05.02.220048-fae57e8.jar returned status 404
2025.05.02.222809-f712db2			IOException: Tail request on https://maven-central.storage-download.googleapis.com/maven2/com/squareup/misk/vitess/vitess-database/com.squareup.misk.vitess.vitess-database.gradle.plugin/2025.05.02.222809-f712db2/com.squareup.misk.vitess.vitess-database.gradle.plugin-2025.05.02.222809-f712db2.jar returned status 404
2025.05.05.145425-c327194			IOException: Tail request on https://maven-central.storage-download.googleapis.com/maven2/com/squareup/misk/vitess/vitess-database/com.squareup.misk.vitess.vitess-database.gradle.plugin/2025.05.05.145425-c327194/com.squareup.misk.vitess.vitess-database.gradle.plugin-2025.05.05.145425-c327194.jar returned status 404
2025.05.05.153412-60aa451			IOException: Tail request on https://maven-central.storage-download.googleapis.com/maven2/com/squareup/misk/vitess/vitess-database/com.squareup.misk.vitess.vitess-database.gradle.plugin/2025.05.05.153412-60aa451/com.squareup.misk.vitess.vitess-database.gradle.plugin-2025.05.05.153412-60aa451.jar returned status 404
2025.05.05.192009-3b29aa5			IOException: Tail request on https://maven-central.storage-download.googleapis.com/maven2/com/squareup/misk/vitess/vitess-database/com.squareup.misk.vitess.vitess-database.gradle.plugin/2025.05.05.192009-3b29aa5/com.squareup.misk.vitess.vitess-database.gradle.plugin-2025.05.05.192009-3b29aa5.jar returned status 404
2025.05.06.132950-738ccb1			IOException: Tail request on https://maven-central.storage-download.googleapis.com/maven2/com/squareup/misk/vitess/vitess-database/com.squareup.misk.vitess.vitess-database.gradle.plugin/2025.05.06.132950-738ccb1/com.squareup.misk.vitess.vitess-database.gradle.plugin-2025.05.06.132950-738ccb1.jar returned status 404
2025.05.06.160528-ae61202			IOException: Tail request on https://maven-central.storage-download.googleapis.com/maven2/com/squareup/misk/vitess/vitess-database/com.squareup.misk.vitess.vitess-database.gradle.plugin/2025.05.06.160528-ae61202/com.squareup.misk.vitess.vitess-database.gradle.plugin-2025.05.06.160528-ae61202.jar returned status 404
2025.05.06.174739-4bf5568			IOException: Tail request on https://maven-central.storage-download.googleapis.com/maven2/com/squareup/misk/vitess/vitess-database/com.squareup.misk.vitess.vitess-database.gradle.plugin/2025.05.06.174739-4bf5568/com.squareup.misk.vitess.vitess-database.gradle.plugin-2025.05.06.174739-4bf5568.jar returned status 404
2025.05.07.021127-b2a4d11			IOException: Tail request on https://maven-central.storage-download.googleapis.com/maven2/com/squareup/misk/vitess/vitess-database/com.squareup.misk.vitess.vitess-database.gradle.plugin/2025.05.07.021127-b2a4d11/com.squareup.misk.vitess.vitess-database.gradle.plugin-2025.05.07.021127-b2a4d11.jar returned status 404
2025.05.07.150211-129b52d			IOException: Tail request on https://maven-central.storage-download.googleapis.com/maven2/com/squareup/misk/vitess/vitess-database/com.squareup.misk.vitess.vitess-database.gradle.plugin/2025.05.07.150211-129b52d/com.squareup.misk.vitess.vitess-database.gradle.plugin-2025.05.07.150211-129b52d.jar returned status 404
2025.05.07.163015-36c5fd5			IOException: Tail request on https://maven-central.storage-download.googleapis.com/maven2/com/squareup/misk/vitess/vitess-database/com.squareup.misk.vitess.vitess-database.gradle.plugin/2025.05.07.163015-36c5fd5/com.squareup.misk.vitess.vitess-database.gradle.plugin-2025.05.07.163015-36c5fd5.jar returned status 404
2025.05.07.175734-9a2b69c			IOException: Tail request on https://maven-central.storage-download.googleapis.com/maven2/com/squareup/misk/vitess/vitess-database/com.squareup.misk.vitess.vitess-database.gradle.plugin/2025.05.07.175734-9a2b69c/com.squareup.misk.vitess.vitess-database.gradle.plugin-2025.05.07.175734-9a2b69c.jar returned status 404
2025.05.07.212523-266231f			IOException: Tail request on https://maven-central.storage-download.googleapis.com/maven2/com/squareup/misk/vitess/vitess-database/com.squareup.misk.vitess.vitess-database.gradle.plugin/2025.05.07.212523-266231f/com.squareup.misk.vitess.vitess-database.gradle.plugin-2025.05.07.212523-266231f.jar returned status 404
2025.05.08.192753-98ced47			IOException: Tail request on https://maven-central.storage-download.googleapis.com/maven2/com/squareup/misk/vitess/vitess-database/com.squareup.misk.vitess.vitess-database.gradle.plugin/2025.05.08.192753-98ced47/com.squareup.misk.vitess.vitess-database.gradle.plugin-2025.05.08.192753-98ced47.jar returned status 404
2025.05.08.201840-de6826b			IOException: Tail request on https://maven-central.storage-download.googleapis.com/maven2/com/squareup/misk/vitess/vitess-database/com.squareup.misk.vitess.vitess-database.gradle.plugin/2025.05.08.201840-de6826b/com.squareup.misk.vitess.vitess-database.gradle.plugin-2025.05.08.201840-de6826b.jar returned status 404
2025.05.09.100938-c05fed2			IOException: Tail request on https://maven-central.storage-download.googleapis.com/maven2/com/squareup/misk/vitess/vitess-database/com.squareup.misk.vitess.vitess-database.gradle.plugin/2025.05.09.100938-c05fed2/com.squareup.misk.vitess.vitess-database.gradle.plugin-2025.05.09.100938-c05fed2.jar returned status 404
2025.05.09.142831-306a2e9			IOException: Tail request on https://maven-central.storage-download.googleapis.com/maven2/com/squareup/misk/vitess/vitess-database/com.squareup.misk.vitess.vitess-database.gradle.plugin/2025.05.09.142831-306a2e9/com.squareup.misk.vitess.vitess-database.gradle.plugin-2025.05.09.142831-306a2e9.jar returned status 404
2025.05.09.191522-295ad47			IOException: Tail request on https://maven-central.storage-download.googleapis.com/maven2/com/squareup/misk/vitess/vitess-database/com.squareup.misk.vitess.vitess-database.gradle.plugin/2025.05.09.191522-295ad47/com.squareup.misk.vitess.vitess-database.gradle.plugin-2025.05.09.191522-295ad47.jar returned status 404
2025.05.09.220158-c596073			IOException: Tail request on https://maven-central.storage-download.googleapis.com/maven2/com/squareup/misk/vitess/vitess-database/com.squareup.misk.vitess.vitess-database.gradle.plugin/2025.05.09.220158-c596073/com.squareup.misk.vitess.vitess-database.gradle.plugin-2025.05.09.220158-c596073.jar returned status 404
2025.05.11.033149-486251d			IOException: Tail request on https://maven-central.storage-download.googleapis.com/maven2/com/squareup/misk/vitess/vitess-database/com.squareup.misk.vitess.vitess-database.gradle.plugin/2025.05.11.033149-486251d/com.squareup.misk.vitess.vitess-database.gradle.plugin-2025.05.11.033149-486251d.jar returned status 404
2025.05.12.134151-fe3b2a9			IOException: Tail request on https://maven-central.storage-download.googleapis.com/maven2/com/squareup/misk/vitess/vitess-database/com.squareup.misk.vitess.vitess-database.gradle.plugin/2025.05.12.134151-fe3b2a9/com.squareup.misk.vitess.vitess-database.gradle.plugin-2025.05.12.134151-fe3b2a9.jar returned status 404
2025.05.14.004032-102a042			IOException: Tail request on https://maven-central.storage-download.googleapis.com/maven2/com/squareup/misk/vitess/vitess-database/com.squareup.misk.vitess.vitess-database.gradle.plugin/2025.05.14.004032-102a042/com.squareup.misk.vitess.vitess-database.gradle.plugin-2025.05.14.004032-102a042.jar returned status 404
2025.05.14.171253-56b3b95			IOException: Tail request on https://maven-central.storage-download.googleapis.com/maven2/com/squareup/misk/vitess/vitess-database/com.squareup.misk.vitess.vitess-database.gradle.plugin/2025.05.14.171253-56b3b95/com.squareup.misk.vitess.vitess-database.gradle.plugin-2025.05.14.171253-56b3b95.jar returned status 404
2025.05.14.204930-c18856f			IOException: Tail request on https://maven-central.storage-download.googleapis.com/maven2/com/squareup/misk/vitess/vitess-database/com.squareup.misk.vitess.vitess-database.gradle.plugin/2025.05.14.204930-c18856f/com.squareup.misk.vitess.vitess-database.gradle.plugin-2025.05.14.204930-c18856f.jar returned status 404
2025.05.14.225818-a959497			IOException: Tail request on https://maven-central.storage-download.googleapis.com/maven2/com/squareup/misk/vitess/vitess-database/com.squareup.misk.vitess.vitess-database.gradle.plugin/2025.05.14.225818-a959497/com.squareup.misk.vitess.vitess-database.gradle.plugin-2025.05.14.225818-a959497.jar returned status 404
2025.05.19.004611-964f386			IOException: Tail request on https://maven-central.storage-download.googleapis.com/maven2/com/squareup/misk/vitess/vitess-database/com.squareup.misk.vitess.vitess-database.gradle.plugin/2025.05.19.004611-964f386/com.squareup.misk.vitess.vitess-database.gradle.plugin-2025.05.19.004611-964f386.jar returned status 404
2025.05.19.190155-3217f9a			IOException: Tail request on https://maven-central.storage-download.googleapis.com/maven2/com/squareup/misk/vitess/vitess-database/com.squareup.misk.vitess.vitess-database.gradle.plugin/2025.05.19.190155-3217f9a/com.squareup.misk.vitess.vitess-database.gradle.plugin-2025.05.19.190155-3217f9a.jar returned status 404
2025.05.19.232239-e38d806			IOException: Tail request on https://maven-central.storage-download.googleapis.com/maven2/com/squareup/misk/vitess/vitess-database/com.squareup.misk.vitess.vitess-database.gradle.plugin/2025.05.19.232239-e38d806/com.squareup.misk.vitess.vitess-database.gradle.plugin-2025.05.19.232239-e38d806.jar returned status 404
2025.05.20.144233-cc06ce5			IOException: Tail request on https://maven-central.storage-download.googleapis.com/maven2/com/squareup/misk/vitess/vitess-database/com.squareup.misk.vitess.vitess-database.gradle.plugin/2025.05.20.144233-cc06ce5/com.squareup.misk.vitess.vitess-database.gradle.plugin-2025.05.20.144233-cc06ce5.jar returned status 404
2025.05.20.160622-14f3393			IOException: Tail request on https://maven-central.storage-download.googleapis.com/maven2/com/squareup/misk/vitess/vitess-database/com.squareup.misk.vitess.vitess-database.gradle.plugin/2025.05.20.160622-14f3393/com.squareup.misk.vitess.vitess-database.gradle.plugin-2025.05.20.160622-14f3393.jar returned status 404
2025.05.20.181931-f65b576			IOException: Tail request on https://maven-central.storage-download.googleapis.com/maven2/com/squareup/misk/vitess/vitess-database/com.squareup.misk.vitess.vitess-database.gradle.plugin/2025.05.20.181931-f65b576/com.squareup.misk.vitess.vitess-database.gradle.plugin-2025.05.20.181931-f65b576.jar returned status 404
2025.05.20.195540-de99545			IOException: Tail request on https://maven-central.storage-download.googleapis.com/maven2/com/squareup/misk/vitess/vitess-database/com.squareup.misk.vitess.vitess-database.gradle.plugin/2025.05.20.195540-de99545/com.squareup.misk.vitess.vitess-database.gradle.plugin-2025.05.20.195540-de99545.jar returned status 404
2025.05.21.101048-cdd02b0			IOException: Tail request on https://maven-central.storage-download.googleapis.com/maven2/com/squareup/misk/vitess/vitess-database/com.squareup.misk.vitess.vitess-database.gradle.plugin/2025.05.21.101048-cdd02b0/com.squareup.misk.vitess.vitess-database.gradle.plugin-2025.05.21.101048-cdd02b0.jar returned status 404
2025.05.21.142614-d3a955f			IOException: Tail request on https://maven-central.storage-download.googleapis.com/maven2/com/squareup/misk/vitess/vitess-database/com.squareup.misk.vitess.vitess-database.gradle.plugin/2025.05.21.142614-d3a955f/com.squareup.misk.vitess.vitess-database.gradle.plugin-2025.05.21.142614-d3a955f.jar returned status 404
2025.05.21.175802-df6eaf6			IOException: Tail request on https://maven-central.storage-download.googleapis.com/maven2/com/squareup/misk/vitess/vitess-database/com.squareup.misk.vitess.vitess-database.gradle.plugin/2025.05.21.175802-df6eaf6/com.squareup.misk.vitess.vitess-database.gradle.plugin-2025.05.21.175802-df6eaf6.jar returned status 404
2025.05.21.175816-a170b94			IOException: Tail request on https://maven-central.storage-download.googleapis.com/maven2/com/squareup/misk/vitess/vitess-database/com.squareup.misk.vitess.vitess-database.gradle.plugin/2025.05.21.175816-a170b94/com.squareup.misk.vitess.vitess-database.gradle.plugin-2025.05.21.175816-a170b94.jar returned status 404
2025.05.21.195452-6076072			IOException: Tail request on https://maven-central.storage-download.googleapis.com/maven2/com/squareup/misk/vitess/vitess-database/com.squareup.misk.vitess.vitess-database.gradle.plugin/2025.05.21.195452-6076072/com.squareup.misk.vitess.vitess-database.gradle.plugin-2025.05.21.195452-6076072.jar returned status 404
2025.05.22.152455-189de09			IOException: Tail request on https://maven-central.storage-download.googleapis.com/maven2/com/squareup/misk/vitess/vitess-database/com.squareup.misk.vitess.vitess-database.gradle.plugin/2025.05.22.152455-189de09/com.squareup.misk.vitess.vitess-database.gradle.plugin-2025.05.22.152455-189de09.jar returned status 404
2025.05.22.163533-2a48c7f			IOException: Tail request on https://maven-central.storage-download.googleapis.com/maven2/com/squareup/misk/vitess/vitess-database/com.squareup.misk.vitess.vitess-database.gradle.plugin/2025.05.22.163533-2a48c7f/com.squareup.misk.vitess.vitess-database.gradle.plugin-2025.05.22.163533-2a48c7f.jar returned status 404
2025.05.22.163547-8e20fde			IOException: Tail request on https://maven-central.storage-download.googleapis.com/maven2/com/squareup/misk/vitess/vitess-database/com.squareup.misk.vitess.vitess-database.gradle.plugin/2025.05.22.163547-8e20fde/com.squareup.misk.vitess.vitess-database.gradle.plugin-2025.05.22.163547-8e20fde.jar returned status 404
2025.05.22.213357-84b79ec			IOException: Tail request on https://maven-central.storage-download.googleapis.com/maven2/com/squareup/misk/vitess/vitess-database/com.squareup.misk.vitess.vitess-database.gradle.plugin/2025.05.22.213357-84b79ec/com.squareup.misk.vitess.vitess-database.gradle.plugin-2025.05.22.213357-84b79ec.jar returned status 404
2025.05.23.001623-25ce618			IOException: Tail request on https://maven-central.storage-download.googleapis.com/maven2/com/squareup/misk/vitess/vitess-database/com.squareup.misk.vitess.vitess-database.gradle.plugin/2025.05.23.001623-25ce618/com.squareup.misk.vitess.vitess-database.gradle.plugin-2025.05.23.001623-25ce618.jar returned status 404
2025.05.23.002942-6f6e398			IOException: Tail request on https://maven-central.storage-download.googleapis.com/maven2/com/squareup/misk/vitess/vitess-database/com.squareup.misk.vitess.vitess-database.gradle.plugin/2025.05.23.002942-6f6e398/com.squareup.misk.vitess.vitess-database.gradle.plugin-2025.05.23.002942-6f6e398.jar returned status 404
2025.05.23.101649-e787f22			IOException: Tail request on https://maven-central.storage-download.googleapis.com/maven2/com/squareup/misk/vitess/vitess-database/com.squareup.misk.vitess.vitess-database.gradle.plugin/2025.05.23.101649-e787f22/com.squareup.misk.vitess.vitess-database.gradle.plugin-2025.05.23.101649-e787f22.jar returned status 404
2025.05.23.143628-a3e8b01			IOException: Tail request on https://maven-central.storage-download.googleapis.com/maven2/com/squareup/misk/vitess/vitess-database/com.squareup.misk.vitess.vitess-database.gradle.plugin/2025.05.23.143628-a3e8b01/com.squareup.misk.vitess.vitess-database.gradle.plugin-2025.05.23.143628-a3e8b01.jar returned status 404
2025.05.23.191107-402fd66			IOException: Tail request on https://maven-central.storage-download.googleapis.com/maven2/com/squareup/misk/vitess/vitess-database/com.squareup.misk.vitess.vitess-database.gradle.plugin/2025.05.23.191107-402fd66/com.squareup.misk.vitess.vitess-database.gradle.plugin-2025.05.23.191107-402fd66.jar returned status 404
2025.05.25.160724-9ed1ebf			IOException: Tail request on https://maven-central.storage-download.googleapis.com/maven2/com/squareup/misk/vitess/vitess-database/com.squareup.misk.vitess.vitess-database.gradle.plugin/2025.05.25.160724-9ed1ebf/com.squareup.misk.vitess.vitess-database.gradle.plugin-2025.05.25.160724-9ed1ebf.jar returned status 404
2025.05.26.101822-1643eb9			IOException: Tail request on https://maven-central.storage-download.googleapis.com/maven2/com/squareup/misk/vitess/vitess-database/com.squareup.misk.vitess.vitess-database.gradle.plugin/2025.05.26.101822-1643eb9/com.squareup.misk.vitess.vitess-database.gradle.plugin-2025.05.26.101822-1643eb9.jar returned status 404
2025.05.26.101837-8a842bb			IOException: Tail request on https://maven-central.storage-download.googleapis.com/maven2/com/squareup/misk/vitess/vitess-database/com.squareup.misk.vitess.vitess-database.gradle.plugin/2025.05.26.101837-8a842bb/com.squareup.misk.vitess.vitess-database.gradle.plugin-2025.05.26.101837-8a842bb.jar returned status 404
2025.05.27.160432-0262474			IOException: Tail request on https://maven-central.storage-download.googleapis.com/maven2/com/squareup/misk/vitess/vitess-database/com.squareup.misk.vitess.vitess-database.gradle.plugin/2025.05.27.160432-0262474/com.squareup.misk.vitess.vitess-database.gradle.plugin-2025.05.27.160432-0262474.jar returned status 404
2025.05.27.200112-a38c925			IOException: Tail request on https://maven-central.storage-download.googleapis.com/maven2/com/squareup/misk/vitess/vitess-database/com.squareup.misk.vitess.vitess-database.gradle.plugin/2025.05.27.200112-a38c925/com.squareup.misk.vitess.vitess-database.gradle.plugin-2025.05.27.200112-a38c925.jar returned status 404
2025.05.29.152548-4694e6a			IOException: Tail request on https://maven-central.storage-download.googleapis.com/maven2/com/squareup/misk/vitess/vitess-database/com.squareup.misk.vitess.vitess-database.gradle.plugin/2025.05.29.152548-4694e6a/com.squareup.misk.vitess.vitess-database.gradle.plugin-2025.05.29.152548-4694e6a.jar returned status 404
2025.05.29.181802-28fc67f			IOException: Tail request on https://maven-central.storage-download.googleapis.com/maven2/com/squareup/misk/vitess/vitess-database/com.squareup.misk.vitess.vitess-database.gradle.plugin/2025.05.29.181802-28fc67f/com.squareup.misk.vitess.vitess-database.gradle.plugin-2025.05.29.181802-28fc67f.jar returned status 404
2025.05.29.194553-2aab5fb			IOException: Tail request on https://maven-central.storage-download.googleapis.com/maven2/com/squareup/misk/vitess/vitess-database/com.squareup.misk.vitess.vitess-database.gradle.plugin/2025.05.29.194553-2aab5fb/com.squareup.misk.vitess.vitess-database.gradle.plugin-2025.05.29.194553-2aab5fb.jar returned status 404
2025.05.29.205440-1e71e29			IOException: Tail request on https://maven-central.storage-download.googleapis.com/maven2/com/squareup/misk/vitess/vitess-database/com.squareup.misk.vitess.vitess-database.gradle.plugin/2025.05.29.205440-1e71e29/com.squareup.misk.vitess.vitess-database.gradle.plugin-2025.05.29.205440-1e71e29.jar returned status 404
2025.06.02.165423-68b962d			IOException: Tail request on https://maven-central.storage-download.googleapis.com/maven2/com/squareup/misk/vitess/vitess-database/com.squareup.misk.vitess.vitess-database.gradle.plugin/2025.06.02.165423-68b962d/com.squareup.misk.vitess.vitess-database.gradle.plugin-2025.06.02.165423-68b962d.jar returned status 404
2025.06.02.211800-dfd9f84			IOException: Tail request on https://maven-central.storage-download.googleapis.com/maven2/com/squareup/misk/vitess/vitess-database/com.squareup.misk.vitess.vitess-database.gradle.plugin/2025.06.02.211800-dfd9f84/com.squareup.misk.vitess.vitess-database.gradle.plugin-2025.06.02.211800-dfd9f84.jar returned status 404
2025.06.03.124134-dbc2a76			IOException: Tail request on https://maven-central.storage-download.googleapis.com/maven2/com/squareup/misk/vitess/vitess-database/com.squareup.misk.vitess.vitess-database.gradle.plugin/2025.06.03.124134-dbc2a76/com.squareup.misk.vitess.vitess-database.gradle.plugin-2025.06.03.124134-dbc2a76.jar returned status 404
2025.06.03.134703-4876601			IOException: Tail request on https://maven-central.storage-download.googleapis.com/maven2/com/squareup/misk/vitess/vitess-database/com.squareup.misk.vitess.vitess-database.gradle.plugin/2025.06.03.134703-4876601/com.squareup.misk.vitess.vitess-database.gradle.plugin-2025.06.03.134703-4876601.jar returned status 404
2025.06.03.151014-cf8de51			IOException: Tail request on https://maven-central.storage-download.googleapis.com/maven2/com/squareup/misk/vitess/vitess-database/com.squareup.misk.vitess.vitess-database.gradle.plugin/2025.06.03.151014-cf8de51/com.squareup.misk.vitess.vitess-database.gradle.plugin-2025.06.03.151014-cf8de51.jar returned status 404
2025.06.03.153150-8377278			IOException: Tail request on https://maven-central.storage-download.googleapis.com/maven2/com/squareup/misk/vitess/vitess-database/com.squareup.misk.vitess.vitess-database.gradle.plugin/2025.06.03.153150-8377278/com.squareup.misk.vitess.vitess-database.gradle.plugin-2025.06.03.153150-8377278.jar returned status 404
2025.06.03.161336-a14ce45			IOException: Tail request on https://maven-central.storage-download.googleapis.com/maven2/com/squareup/misk/vitess/vitess-database/com.squareup.misk.vitess.vitess-database.gradle.plugin/2025.06.03.161336-a14ce45/com.squareup.misk.vitess.vitess-database.gradle.plugin-2025.06.03.161336-a14ce45.jar returned status 404
2025.06.03.182934-790a8b3			IOException: Tail request on https://maven-central.storage-download.googleapis.com/maven2/com/squareup/misk/vitess/vitess-database/com.squareup.misk.vitess.vitess-database.gradle.plugin/2025.06.03.182934-790a8b3/com.squareup.misk.vitess.vitess-database.gradle.plugin-2025.06.03.182934-790a8b3.jar returned status 404
2025.06.03.191242-5f79c5e			IOException: Tail request on https://maven-central.storage-download.googleapis.com/maven2/com/squareup/misk/vitess/vitess-database/com.squareup.misk.vitess.vitess-database.gradle.plugin/2025.06.03.191242-5f79c5e/com.squareup.misk.vitess.vitess-database.gradle.plugin-2025.06.03.191242-5f79c5e.jar returned status 404
2025.06.04.051116-d28a946			IOException: Tail request on https://maven-central.storage-download.googleapis.com/maven2/com/squareup/misk/vitess/vitess-database/com.squareup.misk.vitess.vitess-database.gradle.plugin/2025.06.04.051116-d28a946/com.squareup.misk.vitess.vitess-database.gradle.plugin-2025.06.04.051116-d28a946.jar returned status 404
2025.06.05.100657-d32f88d			IOException: Tail request on https://maven-central.storage-download.googleapis.com/maven2/com/squareup/misk/vitess/vitess-database/com.squareup.misk.vitess.vitess-database.gradle.plugin/2025.06.05.100657-d32f88d/com.squareup.misk.vitess.vitess-database.gradle.plugin-2025.06.05.100657-d32f88d.jar returned status 404
2025.06.06.101018-151e9a5			IOException: Tail request on https://maven-central.storage-download.googleapis.com/maven2/com/squareup/misk/vitess/vitess-database/com.squareup.misk.vitess.vitess-database.gradle.plugin/2025.06.06.101018-151e9a5/com.squareup.misk.vitess.vitess-database.gradle.plugin-2025.06.06.101018-151e9a5.jar returned status 404
2025.06.06.143122-dc4d91a			IOException: Tail request on https://maven-central.storage-download.googleapis.com/maven2/com/squareup/misk/vitess/vitess-database/com.squareup.misk.vitess.vitess-database.gradle.plugin/2025.06.06.143122-dc4d91a/com.squareup.misk.vitess.vitess-database.gradle.plugin-2025.06.06.143122-dc4d91a.jar returned status 404
2025.06.06.173927-a1a6e8f			IOException: Tail request on https://maven-central.storage-download.googleapis.com/maven2/com/squareup/misk/vitess/vitess-database/com.squareup.misk.vitess.vitess-database.gradle.plugin/2025.06.06.173927-a1a6e8f/com.squareup.misk.vitess.vitess-database.gradle.plugin-2025.06.06.173927-a1a6e8f.jar returned status 404
2025.06.06.211644-651e7ec			IOException: Tail request on https://maven-central.storage-download.googleapis.com/maven2/com/squareup/misk/vitess/vitess-database/com.squareup.misk.vitess.vitess-database.gradle.plugin/2025.06.06.211644-651e7ec/com.squareup.misk.vitess.vitess-database.gradle.plugin-2025.06.06.211644-651e7ec.jar returned status 404
2025.06.09.143041-cd61242			IOException: Tail request on https://maven-central.storage-download.googleapis.com/maven2/com/squareup/misk/vitess/vitess-database/com.squareup.misk.vitess.vitess-database.gradle.plugin/2025.06.09.143041-cd61242/com.squareup.misk.vitess.vitess-database.gradle.plugin-2025.06.09.143041-cd61242.jar returned status 404
2025.06.09.213612-1433311			IOException: Tail request on https://maven-central.storage-download.googleapis.com/maven2/com/squareup/misk/vitess/vitess-database/com.squareup.misk.vitess.vitess-database.gradle.plugin/2025.06.09.213612-1433311/com.squareup.misk.vitess.vitess-database.gradle.plugin-2025.06.09.213612-1433311.jar returned status 404
2025.06.10.052526-ca70aa5			IOException: Tail request on https://maven-central.storage-download.googleapis.com/maven2/com/squareup/misk/vitess/vitess-database/com.squareup.misk.vitess.vitess-database.gradle.plugin/2025.06.10.052526-ca70aa5/com.squareup.misk.vitess.vitess-database.gradle.plugin-2025.06.10.052526-ca70aa5.jar returned status 404
2025.06.10.132110-28a6c61			IOException: Tail request on https://maven-central.storage-download.googleapis.com/maven2/com/squareup/misk/vitess/vitess-database/com.squareup.misk.vitess.vitess-database.gradle.plugin/2025.06.10.132110-28a6c61/com.squareup.misk.vitess.vitess-database.gradle.plugin-2025.06.10.132110-28a6c61.jar returned status 404
2025.06.10.165533-28fe452			IOException: Tail request on https://maven-central.storage-download.googleapis.com/maven2/com/squareup/misk/vitess/vitess-database/com.squareup.misk.vitess.vitess-database.gradle.plugin/2025.06.10.165533-28fe452/com.squareup.misk.vitess.vitess-database.gradle.plugin-2025.06.10.165533-28fe452.jar returned status 404
2025.06.11.065240-57b7195			IOException: Tail request on https://maven-central.storage-download.googleapis.com/maven2/com/squareup/misk/vitess/vitess-database/com.squareup.misk.vitess.vitess-database.gradle.plugin/2025.06.11.065240-57b7195/com.squareup.misk.vitess.vitess-database.gradle.plugin-2025.06.11.065240-57b7195.jar returned status 404
2025.06.11.200650-47fe3b6			IOException: Tail request on https://maven-central.storage-download.googleapis.com/maven2/com/squareup/misk/vitess/vitess-database/com.squareup.misk.vitess.vitess-database.gradle.plugin/2025.06.11.200650-47fe3b6/com.squareup.misk.vitess.vitess-database.gradle.plugin-2025.06.11.200650-47fe3b6.jar returned status 404
2025.06.11.203250-590e858			IOException: Tail request on https://maven-central.storage-download.googleapis.com/maven2/com/squareup/misk/vitess/vitess-database/com.squareup.misk.vitess.vitess-database.gradle.plugin/2025.06.11.203250-590e858/com.squareup.misk.vitess.vitess-database.gradle.plugin-2025.06.11.203250-590e858.jar returned status 404
2025.06.11.203305-4a61277			IOException: Tail request on https://maven-central.storage-download.googleapis.com/maven2/com/squareup/misk/vitess/vitess-database/com.squareup.misk.vitess.vitess-database.gradle.plugin/2025.06.11.203305-4a61277/com.squareup.misk.vitess.vitess-database.gradle.plugin-2025.06.11.203305-4a61277.jar returned status 404
2025.07.24.205305-8178cff			IOException: Tail request on https://maven-central.storage-download.googleapis.com/maven2/com/squareup/misk/vitess/vitess-database/com.squareup.misk.vitess.vitess-database.gradle.plugin/2025.07.24.205305-8178cff/com.squareup.misk.vitess.vitess-database.gradle.plugin-2025.07.24.205305-8178cff.jar returned status 404
2025.07.25.011628-1ca33aa			IOException: Tail request on https://maven-central.storage-download.googleapis.com/maven2/com/squareup/misk/vitess/vitess-database/com.squareup.misk.vitess.vitess-database.gradle.plugin/2025.07.25.011628-1ca33aa/com.squareup.misk.vitess.vitess-database.gradle.plugin-2025.07.25.011628-1ca33aa.jar returned status 404
2025.07.25.115542-c2c85a0			IOException: Tail request on https://maven-central.storage-download.googleapis.com/maven2/com/squareup/misk/vitess/vitess-database/com.squareup.misk.vitess.vitess-database.gradle.plugin/2025.07.25.115542-c2c85a0/com.squareup.misk.vitess.vitess-database.gradle.plugin-2025.07.25.115542-c2c85a0.jar returned status 404
2025.07.25.134059-369d78b			IOException: Tail request on https://maven-central.storage-download.googleapis.com/maven2/com/squareup/misk/vitess/vitess-database/com.squareup.misk.vitess.vitess-database.gradle.plugin/2025.07.25.134059-369d78b/com.squareup.misk.vitess.vitess-database.gradle.plugin-2025.07.25.134059-369d78b.jar returned status 404
2025.07.25.145602-753224f			IOException: Tail request on https://maven-central.storage-download.googleapis.com/maven2/com/squareup/misk/vitess/vitess-database/com.squareup.misk.vitess.vitess-database.gradle.plugin/2025.07.25.145602-753224f/com.squareup.misk.vitess.vitess-database.gradle.plugin-2025.07.25.145602-753224f.jar returned status 404
2025.07.25.191509-bd9c089			IOException: Tail request on https://maven-central.storage-download.googleapis.com/maven2/com/squareup/misk/vitess/vitess-database/com.squareup.misk.vitess.vitess-database.gradle.plugin/2025.07.25.191509-bd9c089/com.squareup.misk.vitess.vitess-database.gradle.plugin-2025.07.25.191509-bd9c089.jar returned status 404
2025.07.28.010103-7c1aed7			IOException: Tail request on https://maven-central.storage-download.googleapis.com/maven2/com/squareup/misk/vitess/vitess-database/com.squareup.misk.vitess.vitess-database.gradle.plugin/2025.07.28.010103-7c1aed7/com.squareup.misk.vitess.vitess-database.gradle.plugin-2025.07.28.010103-7c1aed7.jar returned status 404
2025.07.28.130947-2489043			IOException: Tail request on https://maven-central.storage-download.googleapis.com/maven2/com/squareup/misk/vitess/vitess-database/com.squareup.misk.vitess.vitess-database.gradle.plugin/2025.07.28.130947-2489043/com.squareup.misk.vitess.vitess-database.gradle.plugin-2025.07.28.130947-2489043.jar returned status 404
2025.07.28.144236-3cb5622			IOException: Tail request on https://maven-central.storage-download.googleapis.com/maven2/com/squareup/misk/vitess/vitess-database/com.squareup.misk.vitess.vitess-database.gradle.plugin/2025.07.28.144236-3cb5622/com.squareup.misk.vitess.vitess-database.gradle.plugin-2025.07.28.144236-3cb5622.jar returned status 404
2025.07.28.164242-b838462			IOException: Tail request on https://maven-central.storage-download.googleapis.com/maven2/com/squareup/misk/vitess/vitess-database/com.squareup.misk.vitess.vitess-database.gradle.plugin/2025.07.28.164242-b838462/com.squareup.misk.vitess.vitess-database.gradle.plugin-2025.07.28.164242-b838462.jar returned status 404
2025.07.28.164255-11cc719			IOException: Tail request on https://maven-central.storage-download.googleapis.com/maven2/com/squareup/misk/vitess/vitess-database/com.squareup.misk.vitess.vitess-database.gradle.plugin/2025.07.28.164255-11cc719/com.squareup.misk.vitess.vitess-database.gradle.plugin-2025.07.28.164255-11cc719.jar returned status 404
2025.07.28.173311-f514123			IOException: Tail request on https://maven-central.storage-download.googleapis.com/maven2/com/squareup/misk/vitess/vitess-database/com.squareup.misk.vitess.vitess-database.gradle.plugin/2025.07.28.173311-f514123/com.squareup.misk.vitess.vitess-database.gradle.plugin-2025.07.28.173311-f514123.jar returned status 404
2025.07.29.141027-915a5ed			IOException: Tail request on https://maven-central.storage-download.googleapis.com/maven2/com/squareup/misk/vitess/vitess-database/com.squareup.misk.vitess.vitess-database.gradle.plugin/2025.07.29.141027-915a5ed/com.squareup.misk.vitess.vitess-database.gradle.plugin-2025.07.29.141027-915a5ed.jar returned status 404
2025.07.30.023708-fb5215b			IOException: Tail request on https://maven-central.storage-download.googleapis.com/maven2/com/squareup/misk/vitess/vitess-database/com.squareup.misk.vitess.vitess-database.gradle.plugin/2025.07.30.023708-fb5215b/com.squareup.misk.vitess.vitess-database.gradle.plugin-2025.07.30.023708-fb5215b.jar returned status 404
2025.07.30.133600-ca34edd			IOException: Tail request on https://maven-central.storage-download.googleapis.com/maven2/com/squareup/misk/vitess/vitess-database/com.squareup.misk.vitess.vitess-database.gradle.plugin/2025.07.30.133600-ca34edd/com.squareup.misk.vitess.vitess-database.gradle.plugin-2025.07.30.133600-ca34edd.jar returned status 404
2025.07.30.135203-22aeb8a			IOException: Tail request on https://maven-central.storage-download.googleapis.com/maven2/com/squareup/misk/vitess/vitess-database/com.squareup.misk.vitess.vitess-database.gradle.plugin/2025.07.30.135203-22aeb8a/com.squareup.misk.vitess.vitess-database.gradle.plugin-2025.07.30.135203-22aeb8a.jar returned status 404
2025.07.30.145520-ed3cdfa			IOException: Tail request on https://maven-central.storage-download.googleapis.com/maven2/com/squareup/misk/vitess/vitess-database/com.squareup.misk.vitess.vitess-database.gradle.plugin/2025.07.30.145520-ed3cdfa/com.squareup.misk.vitess.vitess-database.gradle.plugin-2025.07.30.145520-ed3cdfa.jar returned status 404
2025.07.30.152053-d079641			IOException: Tail request on https://maven-central.storage-download.googleapis.com/maven2/com/squareup/misk/vitess/vitess-database/com.squareup.misk.vitess.vitess-database.gradle.plugin/2025.07.30.152053-d079641/com.squareup.misk.vitess.vitess-database.gradle.plugin-2025.07.30.152053-d079641.jar returned status 404
2025.07.30.211227-cdff65e			IOException: Tail request on https://maven-central.storage-download.googleapis.com/maven2/com/squareup/misk/vitess/vitess-database/com.squareup.misk.vitess.vitess-database.gradle.plugin/2025.07.30.211227-cdff65e/com.squareup.misk.vitess.vitess-database.gradle.plugin-2025.07.30.211227-cdff65e.jar returned status 404
2025.07.31.121904-05006c8			IOException: Tail request on https://maven-central.storage-download.googleapis.com/maven2/com/squareup/misk/vitess/vitess-database/com.squareup.misk.vitess.vitess-database.gradle.plugin/2025.07.31.121904-05006c8/com.squareup.misk.vitess.vitess-database.gradle.plugin-2025.07.31.121904-05006c8.jar returned status 404
2025.07.31.141422-e5ed830			IOException: Tail request on https://maven-central.storage-download.googleapis.com/maven2/com/squareup/misk/vitess/vitess-database/com.squareup.misk.vitess.vitess-database.gradle.plugin/2025.07.31.141422-e5ed830/com.squareup.misk.vitess.vitess-database.gradle.plugin-2025.07.31.141422-e5ed830.jar returned status 404
2025.07.31.145542-11cfcd2			IOException: Tail request on https://maven-central.storage-download.googleapis.com/maven2/com/squareup/misk/vitess/vitess-database/com.squareup.misk.vitess.vitess-database.gradle.plugin/2025.07.31.145542-11cfcd2/com.squareup.misk.vitess.vitess-database.gradle.plugin-2025.07.31.145542-11cfcd2.jar returned status 404
2025.07.31.154204-77a2264			IOException: Tail request on https://maven-central.storage-download.googleapis.com/maven2/com/squareup/misk/vitess/vitess-database/com.squareup.misk.vitess.vitess-database.gradle.plugin/2025.07.31.154204-77a2264/com.squareup.misk.vitess.vitess-database.gradle.plugin-2025.07.31.154204-77a2264.jar returned status 404
2025.07.31.162102-68eb8ff			IOException: Tail request on https://maven-central.storage-download.googleapis.com/maven2/com/squareup/misk/vitess/vitess-database/com.squareup.misk.vitess.vitess-database.gradle.plugin/2025.07.31.162102-68eb8ff/com.squareup.misk.vitess.vitess-database.gradle.plugin-2025.07.31.162102-68eb8ff.jar returned status 404
2025.07.31.213947-514912f			IOException: Tail request on https://maven-central.storage-download.googleapis.com/maven2/com/squareup/misk/vitess/vitess-database/com.squareup.misk.vitess.vitess-database.gradle.plugin/2025.07.31.213947-514912f/com.squareup.misk.vitess.vitess-database.gradle.plugin-2025.07.31.213947-514912f.jar returned status 404
2025.08.01.102836-90afb48			IOException: Tail request on https://maven-central.storage-download.googleapis.com/maven2/com/squareup/misk/vitess/vitess-database/com.squareup.misk.vitess.vitess-database.gradle.plugin/2025.08.01.102836-90afb48/com.squareup.misk.vitess.vitess-database.gradle.plugin-2025.08.01.102836-90afb48.jar returned status 404
2025.08.04.214233-e48a27e			IOException: Tail request on https://maven-central.storage-download.googleapis.com/maven2/com/squareup/misk/vitess/vitess-database/com.squareup.misk.vitess.vitess-database.gradle.plugin/2025.08.04.214233-e48a27e/com.squareup.misk.vitess.vitess-database.gradle.plugin-2025.08.04.214233-e48a27e.jar returned status 404
2025.08.05.111709-c1791a4			IOException: Tail request on https://maven-central.storage-download.googleapis.com/maven2/com/squareup/misk/vitess/vitess-database/com.squareup.misk.vitess.vitess-database.gradle.plugin/2025.08.05.111709-c1791a4/com.squareup.misk.vitess.vitess-database.gradle.plugin-2025.08.05.111709-c1791a4.jar returned status 404
2025.08.06.014952-3b7858b			IOException: Tail request on https://maven-central.storage-download.googleapis.com/maven2/com/squareup/misk/vitess/vitess-database/com.squareup.misk.vitess.vitess-database.gradle.plugin/2025.08.06.014952-3b7858b/com.squareup.misk.vitess.vitess-database.gradle.plugin-2025.08.06.014952-3b7858b.jar returned status 404
2025.08.06.102746-6e9bbd2			IOException: Tail request on https://maven-central.storage-download.googleapis.com/maven2/com/squareup/misk/vitess/vitess-database/com.squareup.misk.vitess.vitess-database.gradle.plugin/2025.08.06.102746-6e9bbd2/com.squareup.misk.vitess.vitess-database.gradle.plugin-2025.08.06.102746-6e9bbd2.jar returned status 404
2025.08.06.142029-bb1fde8			IOException: Tail request on https://maven-central.storage-download.googleapis.com/maven2/com/squareup/misk/vitess/vitess-database/com.squareup.misk.vitess.vitess-database.gradle.plugin/2025.08.06.142029-bb1fde8/com.squareup.misk.vitess.vitess-database.gradle.plugin-2025.08.06.142029-bb1fde8.jar returned status 404
2025.08.06.151106-7585dae			IOException: Tail request on https://maven-central.storage-download.googleapis.com/maven2/com/squareup/misk/vitess/vitess-database/com.squareup.misk.vitess.vitess-database.gradle.plugin/2025.08.06.151106-7585dae/com.squareup.misk.vitess.vitess-database.gradle.plugin-2025.08.06.151106-7585dae.jar returned status 404
2025.08.06.225110-5b65cb9			IOException: Tail request on https://maven-central.storage-download.googleapis.com/maven2/com/squareup/misk/vitess/vitess-database/com.squareup.misk.vitess.vitess-database.gradle.plugin/2025.08.06.225110-5b65cb9/com.squareup.misk.vitess.vitess-database.gradle.plugin-2025.08.06.225110-5b65cb9.jar returned status 404
2025.08.07.142709-b2b6e6c			IOException: Tail request on https://maven-central.storage-download.googleapis.com/maven2/com/squareup/misk/vitess/vitess-database/com.squareup.misk.vitess.vitess-database.gradle.plugin/2025.08.07.142709-b2b6e6c/com.squareup.misk.vitess.vitess-database.gradle.plugin-2025.08.07.142709-b2b6e6c.jar returned status 404
2025.08.07.162532-52b8ca6			IOException: Tail request on https://maven-central.storage-download.googleapis.com/maven2/com/squareup/misk/vitess/vitess-database/com.squareup.misk.vitess.vitess-database.gradle.plugin/2025.08.07.162532-52b8ca6/com.squareup.misk.vitess.vitess-database.gradle.plugin-2025.08.07.162532-52b8ca6.jar returned status 404
2025.08.07.210022-f15e5a0			IOException: Tail request on https://maven-central.storage-download.googleapis.com/maven2/com/squareup/misk/vitess/vitess-database/com.squareup.misk.vitess.vitess-database.gradle.plugin/2025.08.07.210022-f15e5a0/com.squareup.misk.vitess.vitess-database.gradle.plugin-2025.08.07.210022-f15e5a0.jar returned status 404
2025.08.07.214316-13bb005			IOException: Tail request on https://maven-central.storage-download.googleapis.com/maven2/com/squareup/misk/vitess/vitess-database/com.squareup.misk.vitess.vitess-database.gradle.plugin/2025.08.07.214316-13bb005/com.squareup.misk.vitess.vitess-database.gradle.plugin-2025.08.07.214316-13bb005.jar returned status 404
2025.08.08.053046-3999f88			IOException: Tail request on https://maven-central.storage-download.googleapis.com/maven2/com/squareup/misk/vitess/vitess-database/com.squareup.misk.vitess.vitess-database.gradle.plugin/2025.08.08.053046-3999f88/com.squareup.misk.vitess.vitess-database.gradle.plugin-2025.08.08.053046-3999f88.jar returned status 404
2025.08.08.100635-5aa9c39			IOException: Tail request on https://maven-central.storage-download.googleapis.com/maven2/com/squareup/misk/vitess/vitess-database/com.squareup.misk.vitess.vitess-database.gradle.plugin/2025.08.08.100635-5aa9c39/com.squareup.misk.vitess.vitess-database.gradle.plugin-2025.08.08.100635-5aa9c39.jar returned status 404
2025.08.08.120309-f9b3da6			IOException: Tail request on https://maven-central.storage-download.googleapis.com/maven2/com/squareup/misk/vitess/vitess-database/com.squareup.misk.vitess.vitess-database.gradle.plugin/2025.08.08.120309-f9b3da6/com.squareup.misk.vitess.vitess-database.gradle.plugin-2025.08.08.120309-f9b3da6.jar returned status 404
2025.08.08.152309-f7fe0b1			IOException: Tail request on https://maven-central.storage-download.googleapis.com/maven2/com/squareup/misk/vitess/vitess-database/com.squareup.misk.vitess.vitess-database.gradle.plugin/2025.08.08.152309-f7fe0b1/com.squareup.misk.vitess.vitess-database.gradle.plugin-2025.08.08.152309-f7fe0b1.jar returned status 404
2025.08.10.204908-bf1ba9d			IOException: Tail request on https://maven-central.storage-download.googleapis.com/maven2/com/squareup/misk/vitess/vitess-database/com.squareup.misk.vitess.vitess-database.gradle.plugin/2025.08.10.204908-bf1ba9d/com.squareup.misk.vitess.vitess-database.gradle.plugin-2025.08.10.204908-bf1ba9d.jar returned status 404
2025.08.11.145328-f561445			IOException: Tail request on https://maven-central.storage-download.googleapis.com/maven2/com/squareup/misk/vitess/vitess-database/com.squareup.misk.vitess.vitess-database.gradle.plugin/2025.08.11.145328-f561445/com.squareup.misk.vitess.vitess-database.gradle.plugin-2025.08.11.145328-f561445.jar returned status 404
2025.08.11.220518-cac9e55			IOException: Tail request on https://maven-central.storage-download.googleapis.com/maven2/com/squareup/misk/vitess/vitess-database/com.squareup.misk.vitess.vitess-database.gradle.plugin/2025.08.11.220518-cac9e55/com.squareup.misk.vitess.vitess-database.gradle.plugin-2025.08.11.220518-cac9e55.jar returned status 404
2025.08.11.223919-fef986b			IOException: Tail request on https://maven-central.storage-download.googleapis.com/maven2/com/squareup/misk/vitess/vitess-database/com.squareup.misk.vitess.vitess-database.gradle.plugin/2025.08.11.223919-fef986b/com.squareup.misk.vitess.vitess-database.gradle.plugin-2025.08.11.223919-fef986b.jar returned status 404
2025.08.12.091218-a6a4f1b			IOException: Tail request on https://maven-central.storage-download.googleapis.com/maven2/com/squareup/misk/vitess/vitess-database/com.squareup.misk.vitess.vitess-database.gradle.plugin/2025.08.12.091218-a6a4f1b/com.squareup.misk.vitess.vitess-database.gradle.plugin-2025.08.12.091218-a6a4f1b.jar returned status 404
2025.08.12.183253-cae0e6c			IOException: Tail request on https://maven-central.storage-download.googleapis.com/maven2/com/squareup/misk/vitess/vitess-database/com.squareup.misk.vitess.vitess-database.gradle.plugin/2025.08.12.183253-cae0e6c/com.squareup.misk.vitess.vitess-database.gradle.plugin-2025.08.12.183253-cae0e6c.jar returned status 404
2025.08.12.202400-aa01f88			IOException: Tail request on https://maven-central.storage-download.googleapis.com/maven2/com/squareup/misk/vitess/vitess-database/com.squareup.misk.vitess.vitess-database.gradle.plugin/2025.08.12.202400-aa01f88/com.squareup.misk.vitess.vitess-database.gradle.plugin-2025.08.12.202400-aa01f88.jar returned status 404
2025.08.13.010945-23384bf			IOException: Tail request on https://maven-central.storage-download.googleapis.com/maven2/com/squareup/misk/vitess/vitess-database/com.squareup.misk.vitess.vitess-database.gradle.plugin/2025.08.13.010945-23384bf/com.squareup.misk.vitess.vitess-database.gradle.plugin-2025.08.13.010945-23384bf.jar returned status 404
2025.08.13.204324-d02481c			IOException: Tail request on https://maven-central.storage-download.googleapis.com/maven2/com/squareup/misk/vitess/vitess-database/com.squareup.misk.vitess.vitess-database.gradle.plugin/2025.08.13.204324-d02481c/com.squareup.misk.vitess.vitess-database.gradle.plugin-2025.08.13.204324-d02481c.jar returned status 404
2025.08.14.063635-1fd415a			IOException: Tail request on https://maven-central.storage-download.googleapis.com/maven2/com/squareup/misk/vitess/vitess-database/com.squareup.misk.vitess.vitess-database.gradle.plugin/2025.08.14.063635-1fd415a/com.squareup.misk.vitess.vitess-database.gradle.plugin-2025.08.14.063635-1fd415a.jar returned status 404
2025.08.14.100953-8889244			IOException: Tail request on https://maven-central.storage-download.googleapis.com/maven2/com/squareup/misk/vitess/vitess-database/com.squareup.misk.vitess.vitess-database.gradle.plugin/2025.08.14.100953-8889244/com.squareup.misk.vitess.vitess-database.gradle.plugin-2025.08.14.100953-8889244.jar returned status 404
2025.08.14.140641-becc7f3			IOException: Tail request on https://maven-central.storage-download.googleapis.com/maven2/com/squareup/misk/vitess/vitess-database/com.squareup.misk.vitess.vitess-database.gradle.plugin/2025.08.14.140641-becc7f3/com.squareup.misk.vitess.vitess-database.gradle.plugin-2025.08.14.140641-becc7f3.jar returned status 404
2025.08.15.011417-24173b7			IOException: Tail request on https://maven-central.storage-download.googleapis.com/maven2/com/squareup/misk/vitess/vitess-database/com.squareup.misk.vitess.vitess-database.gradle.plugin/2025.08.15.011417-24173b7/com.squareup.misk.vitess.vitess-database.gradle.plugin-2025.08.15.011417-24173b7.jar returned status 404
2025.08.15.014720-97e03a4			IOException: Tail request on https://maven-central.storage-download.googleapis.com/maven2/com/squareup/misk/vitess/vitess-database/com.squareup.misk.vitess.vitess-database.gradle.plugin/2025.08.15.014720-97e03a4/com.squareup.misk.vitess.vitess-database.gradle.plugin-2025.08.15.014720-97e03a4.jar returned status 404
2025.08.15.043753-08121fc			IOException: Tail request on https://maven-central.storage-download.googleapis.com/maven2/com/squareup/misk/vitess/vitess-database/com.squareup.misk.vitess.vitess-database.gradle.plugin/2025.08.15.043753-08121fc/com.squareup.misk.vitess.vitess-database.gradle.plugin-2025.08.15.043753-08121fc.jar returned status 404
2025.08.15.045554-3579373			IOException: Tail request on https://maven-central.storage-download.googleapis.com/maven2/com/squareup/misk/vitess/vitess-database/com.squareup.misk.vitess.vitess-database.gradle.plugin/2025.08.15.045554-3579373/com.squareup.misk.vitess.vitess-database.gradle.plugin-2025.08.15.045554-3579373.jar returned status 404
2025.08.15.100739-a26a9b8			IOException: Tail request on https://maven-central.storage-download.googleapis.com/maven2/com/squareup/misk/vitess/vitess-database/com.squareup.misk.vitess.vitess-database.gradle.plugin/2025.08.15.100739-a26a9b8/com.squareup.misk.vitess.vitess-database.gradle.plugin-2025.08.15.100739-a26a9b8.jar returned status 404
2025.08.18.141915-00eb9c8			IOException: Tail request on https://maven-central.storage-download.googleapis.com/maven2/com/squareup/misk/vitess/vitess-database/com.squareup.misk.vitess.vitess-database.gradle.plugin/2025.08.18.141915-00eb9c8/com.squareup.misk.vitess.vitess-database.gradle.plugin-2025.08.18.141915-00eb9c8.jar returned status 404
2025.08.18.204742-cb03250			IOException: Tail request on https://maven-central.storage-download.googleapis.com/maven2/com/squareup/misk/vitess/vitess-database/com.squareup.misk.vitess.vitess-database.gradle.plugin/2025.08.18.204742-cb03250/com.squareup.misk.vitess.vitess-database.gradle.plugin-2025.08.18.204742-cb03250.jar returned status 404
2025.08.18.212639-1808f41			IOException: Tail request on https://maven-central.storage-download.googleapis.com/maven2/com/squareup/misk/vitess/vitess-database/com.squareup.misk.vitess.vitess-database.gradle.plugin/2025.08.18.212639-1808f41/com.squareup.misk.vitess.vitess-database.gradle.plugin-2025.08.18.212639-1808f41.jar returned status 404
2025.08.18.214050-a3aad47			IOException: Tail request on https://maven-central.storage-download.googleapis.com/maven2/com/squareup/misk/vitess/vitess-database/com.squareup.misk.vitess.vitess-database.gradle.plugin/2025.08.18.214050-a3aad47/com.squareup.misk.vitess.vitess-database.gradle.plugin-2025.08.18.214050-a3aad47.jar returned status 404
2025.08.19.093556-9a9e98f			IOException: Tail request on https://maven-central.storage-download.googleapis.com/maven2/com/squareup/misk/vitess/vitess-database/com.squareup.misk.vitess.vitess-database.gradle.plugin/2025.08.19.093556-9a9e98f/com.squareup.misk.vitess.vitess-database.gradle.plugin-2025.08.19.093556-9a9e98f.jar returned status 404
2025.08.19.224518-b275b22			IOException: Tail request on https://maven-central.storage-download.googleapis.com/maven2/com/squareup/misk/vitess/vitess-database/com.squareup.misk.vitess.vitess-database.gradle.plugin/2025.08.19.224518-b275b22/com.squareup.misk.vitess.vitess-database.gradle.plugin-2025.08.19.224518-b275b22.jar returned status 404
2025.08.20.034702-3dbd3f0			IOException: Tail request on https://maven-central.storage-download.googleapis.com/maven2/com/squareup/misk/vitess/vitess-database/com.squareup.misk.vitess.vitess-database.gradle.plugin/2025.08.20.034702-3dbd3f0/com.squareup.misk.vitess.vitess-database.gradle.plugin-2025.08.20.034702-3dbd3f0.jar returned status 404
2025.08.20.135126-8bbf9d6			IOException: Tail request on https://maven-central.storage-download.googleapis.com/maven2/com/squareup/misk/vitess/vitess-database/com.squareup.misk.vitess.vitess-database.gradle.plugin/2025.08.20.135126-8bbf9d6/com.squareup.misk.vitess.vitess-database.gradle.plugin-2025.08.20.135126-8bbf9d6.jar returned status 404
2025.08.20.164649-0985ac1			IOException: Tail request on https://maven-central.storage-download.googleapis.com/maven2/com/squareup/misk/vitess/vitess-database/com.squareup.misk.vitess.vitess-database.gradle.plugin/2025.08.20.164649-0985ac1/com.squareup.misk.vitess.vitess-database.gradle.plugin-2025.08.20.164649-0985ac1.jar returned status 404
2025.08.21.170132-3fed8ea			IOException: Tail request on https://maven-central.storage-download.googleapis.com/maven2/com/squareup/misk/vitess/vitess-database/com.squareup.misk.vitess.vitess-database.gradle.plugin/2025.08.21.170132-3fed8ea/com.squareup.misk.vitess.vitess-database.gradle.plugin-2025.08.21.170132-3fed8ea.jar returned status 404
2025.08.21.175517-979c750			IOException: Tail request on https://maven-central.storage-download.googleapis.com/maven2/com/squareup/misk/vitess/vitess-database/com.squareup.misk.vitess.vitess-database.gradle.plugin/2025.08.21.175517-979c750/com.squareup.misk.vitess.vitess-database.gradle.plugin-2025.08.21.175517-979c750.jar returned status 404
2025.08.21.175927-4fda1d0			IOException: Tail request on https://maven-central.storage-download.googleapis.com/maven2/com/squareup/misk/vitess/vitess-database/com.squareup.misk.vitess.vitess-database.gradle.plugin/2025.08.21.175927-4fda1d0/com.squareup.misk.vitess.vitess-database.gradle.plugin-2025.08.21.175927-4fda1d0.jar returned status 404
2025.08.22.102821-cdfef8e			IOException: Tail request on https://maven-central.storage-download.googleapis.com/maven2/com/squareup/misk/vitess/vitess-database/com.squareup.misk.vitess.vitess-database.gradle.plugin/2025.08.22.102821-cdfef8e/com.squareup.misk.vitess.vitess-database.gradle.plugin-2025.08.22.102821-cdfef8e.jar returned status 404
2025.08.22.134523-f3719a9			IOException: Tail request on https://maven-central.storage-download.googleapis.com/maven2/com/squareup/misk/vitess/vitess-database/com.squareup.misk.vitess.vitess-database.gradle.plugin/2025.08.22.134523-f3719a9/com.squareup.misk.vitess.vitess-database.gradle.plugin-2025.08.22.134523-f3719a9.jar returned status 404
2025.08.22.224215-f6ea5fb			IOException: Tail request on https://maven-central.storage-download.googleapis.com/maven2/com/squareup/misk/vitess/vitess-database/com.squareup.misk.vitess.vitess-database.gradle.plugin/2025.08.22.224215-f6ea5fb/com.squareup.misk.vitess.vitess-database.gradle.plugin-2025.08.22.224215-f6ea5fb.jar returned status 404
2025.08.22.224832-0fc208e			IOException: Tail request on https://maven-central.storage-download.googleapis.com/maven2/com/squareup/misk/vitess/vitess-database/com.squareup.misk.vitess.vitess-database.gradle.plugin/2025.08.22.224832-0fc208e/com.squareup.misk.vitess.vitess-database.gradle.plugin-2025.08.22.224832-0fc208e.jar returned status 404
2025.08.25.021255-b531f7d			IOException: Tail request on https://maven-central.storage-download.googleapis.com/maven2/com/squareup/misk/vitess/vitess-database/com.squareup.misk.vitess.vitess-database.gradle.plugin/2025.08.25.021255-b531f7d/com.squareup.misk.vitess.vitess-database.gradle.plugin-2025.08.25.021255-b531f7d.jar returned status 404
2025.08.25.022850-c468bd2			IOException: Tail request on https://maven-central.storage-download.googleapis.com/maven2/com/squareup/misk/vitess/vitess-database/com.squareup.misk.vitess.vitess-database.gradle.plugin/2025.08.25.022850-c468bd2/com.squareup.misk.vitess.vitess-database.gradle.plugin-2025.08.25.022850-c468bd2.jar returned status 404
2025.08.25.142500-585751c			IOException: Tail request on https://maven-central.storage-download.googleapis.com/maven2/com/squareup/misk/vitess/vitess-database/com.squareup.misk.vitess.vitess-database.gradle.plugin/2025.08.25.142500-585751c/com.squareup.misk.vitess.vitess-database.gradle.plugin-2025.08.25.142500-585751c.jar returned status 404
2025.08.25.155545-ea3a94b			IOException: Tail request on https://maven-central.storage-download.googleapis.com/maven2/com/squareup/misk/vitess/vitess-database/com.squareup.misk.vitess.vitess-database.gradle.plugin/2025.08.25.155545-ea3a94b/com.squareup.misk.vitess.vitess-database.gradle.plugin-2025.08.25.155545-ea3a94b.jar returned status 404
2025.08.25.212702-65c7d06			IOException: Tail request on https://maven-central.storage-download.googleapis.com/maven2/com/squareup/misk/vitess/vitess-database/com.squareup.misk.vitess.vitess-database.gradle.plugin/2025.08.25.212702-65c7d06/com.squareup.misk.vitess.vitess-database.gradle.plugin-2025.08.25.212702-65c7d06.jar returned status 404
2025.08.25.223404-a9a363f			IOException: Tail request on https://maven-central.storage-download.googleapis.com/maven2/com/squareup/misk/vitess/vitess-database/com.squareup.misk.vitess.vitess-database.gradle.plugin/2025.08.25.223404-a9a363f/com.squareup.misk.vitess.vitess-database.gradle.plugin-2025.08.25.223404-a9a363f.jar returned status 404
2025.08.26.015837-4d23ce9			IOException: Tail request on https://maven-central.storage-download.googleapis.com/maven2/com/squareup/misk/vitess/vitess-database/com.squareup.misk.vitess.vitess-database.gradle.plugin/2025.08.26.015837-4d23ce9/com.squareup.misk.vitess.vitess-database.gradle.plugin-2025.08.26.015837-4d23ce9.jar returned status 404
2025.08.26.212949-e5235be			IOException: Tail request on https://maven-central.storage-download.googleapis.com/maven2/com/squareup/misk/vitess/vitess-database/com.squareup.misk.vitess.vitess-database.gradle.plugin/2025.08.26.212949-e5235be/com.squareup.misk.vitess.vitess-database.gradle.plugin-2025.08.26.212949-e5235be.jar returned status 404
2025.08.27.001811-b0f26d7			IOException: Tail request on https://maven-central.storage-download.googleapis.com/maven2/com/squareup/misk/vitess/vitess-database/com.squareup.misk.vitess.vitess-database.gradle.plugin/2025.08.27.001811-b0f26d7/com.squareup.misk.vitess.vitess-database.gradle.plugin-2025.08.27.001811-b0f26d7.jar returned status 404
2025.08.27.004800-fe19d17			IOException: Tail request on https://maven-central.storage-download.googleapis.com/maven2/com/squareup/misk/vitess/vitess-database/com.squareup.misk.vitess.vitess-database.gradle.plugin/2025.08.27.004800-fe19d17/com.squareup.misk.vitess.vitess-database.gradle.plugin-2025.08.27.004800-fe19d17.jar returned status 404
2025.08.27.151137-416d3e6			IOException: Tail request on https://maven-central.storage-download.googleapis.com/maven2/com/squareup/misk/vitess/vitess-database/com.squareup.misk.vitess.vitess-database.gradle.plugin/2025.08.27.151137-416d3e6/com.squareup.misk.vitess.vitess-database.gradle.plugin-2025.08.27.151137-416d3e6.jar returned status 404
2025.08.27.170536-b4f3224			IOException: Tail request on https://maven-central.storage-download.googleapis.com/maven2/com/squareup/misk/vitess/vitess-database/com.squareup.misk.vitess.vitess-database.gradle.plugin/2025.08.27.170536-b4f3224/com.squareup.misk.vitess.vitess-database.gradle.plugin-2025.08.27.170536-b4f3224.jar returned status 404
2025.08.27.202754-355cc3b			IOException: Tail request on https://maven-central.storage-download.googleapis.com/maven2/com/squareup/misk/vitess/vitess-database/com.squareup.misk.vitess.vitess-database.gradle.plugin/2025.08.27.202754-355cc3b/com.squareup.misk.vitess.vitess-database.gradle.plugin-2025.08.27.202754-355cc3b.jar returned status 404
2025.08.27.213615-69ee0ed			IOException: Tail request on https://maven-central.storage-download.googleapis.com/maven2/com/squareup/misk/vitess/vitess-database/com.squareup.misk.vitess.vitess-database.gradle.plugin/2025.08.27.213615-69ee0ed/com.squareup.misk.vitess.vitess-database.gradle.plugin-2025.08.27.213615-69ee0ed.jar returned status 404
2025.08.28.013539-6a502b0			IOException: Tail request on https://maven-central.storage-download.googleapis.com/maven2/com/squareup/misk/vitess/vitess-database/com.squareup.misk.vitess.vitess-database.gradle.plugin/2025.08.28.013539-6a502b0/com.squareup.misk.vitess.vitess-database.gradle.plugin-2025.08.28.013539-6a502b0.jar returned status 404
2025.08.28.024218-a896fbb			IOException: Tail request on https://maven-central.storage-download.googleapis.com/maven2/com/squareup/misk/vitess/vitess-database/com.squareup.misk.vitess.vitess-database.gradle.plugin/2025.08.28.024218-a896fbb/com.squareup.misk.vitess.vitess-database.gradle.plugin-2025.08.28.024218-a896fbb.jar returned status 404
2025.08.28.034730-39fd6aa			IOException: Tail request on https://maven-central.storage-download.googleapis.com/maven2/com/squareup/misk/vitess/vitess-database/com.squareup.misk.vitess.vitess-database.gradle.plugin/2025.08.28.034730-39fd6aa/com.squareup.misk.vitess.vitess-database.gradle.plugin-2025.08.28.034730-39fd6aa.jar returned status 404
2025.08.28.102905-9b9de39			IOException: Tail request on https://maven-central.storage-download.googleapis.com/maven2/com/squareup/misk/vitess/vitess-database/com.squareup.misk.vitess.vitess-database.gradle.plugin/2025.08.28.102905-9b9de39/com.squareup.misk.vitess.vitess-database.gradle.plugin-2025.08.28.102905-9b9de39.jar returned status 404
2025.08.28.145110-fb65b83			IOException: Tail request on https://maven-central.storage-download.googleapis.com/maven2/com/squareup/misk/vitess/vitess-database/com.squareup.misk.vitess.vitess-database.gradle.plugin/2025.08.28.145110-fb65b83/com.squareup.misk.vitess.vitess-database.gradle.plugin-2025.08.28.145110-fb65b83.jar returned status 404
2025.08.29.044742-0e1884b			IOException: Tail request on https://maven-central.storage-download.googleapis.com/maven2/com/squareup/misk/vitess/vitess-database/com.squareup.misk.vitess.vitess-database.gradle.plugin/2025.08.29.044742-0e1884b/com.squareup.misk.vitess.vitess-database.gradle.plugin-2025.08.29.044742-0e1884b.jar returned status 404
2025.08.29.161027-b231638			IOException: Tail request on https://maven-central.storage-download.googleapis.com/maven2/com/squareup/misk/vitess/vitess-database/com.squareup.misk.vitess.vitess-database.gradle.plugin/2025.08.29.161027-b231638/com.squareup.misk.vitess.vitess-database.gradle.plugin-2025.08.29.161027-b231638.jar returned status 404
2025.08.29.174439-76deed8			IOException: Tail request on https://maven-central.storage-download.googleapis.com/maven2/com/squareup/misk/vitess/vitess-database/com.squareup.misk.vitess.vitess-database.gradle.plugin/2025.08.29.174439-76deed8/com.squareup.misk.vitess.vitess-database.gradle.plugin-2025.08.29.174439-76deed8.jar returned status 404
2025.08.29.182507-d579c8a			IOException: Tail request on https://maven-central.storage-download.googleapis.com/maven2/com/squareup/misk/vitess/vitess-database/com.squareup.misk.vitess.vitess-database.gradle.plugin/2025.08.29.182507-d579c8a/com.squareup.misk.vitess.vitess-database.gradle.plugin-2025.08.29.182507-d579c8a.jar returned status 404
2025.09.01.012948-3c95ce4			IOException: Tail request on https://maven-central.storage-download.googleapis.com/maven2/com/squareup/misk/vitess/vitess-database/com.squareup.misk.vitess.vitess-database.gradle.plugin/2025.09.01.012948-3c95ce4/com.squareup.misk.vitess.vitess-database.gradle.plugin-2025.09.01.012948-3c95ce4.jar returned status 404
2025.09.01.112706-581a91b			IOException: Tail request on https://maven-central.storage-download.googleapis.com/maven2/com/squareup/misk/vitess/vitess-database/com.squareup.misk.vitess.vitess-database.gradle.plugin/2025.09.01.112706-581a91b/com.squareup.misk.vitess.vitess-database.gradle.plugin-2025.09.01.112706-581a91b.jar returned status 404
2025.09.02.033849-cef569e			IOException: Tail request on https://maven-central.storage-download.googleapis.com/maven2/com/squareup/misk/vitess/vitess-database/com.squareup.misk.vitess.vitess-database.gradle.plugin/2025.09.02.033849-cef569e/com.squareup.misk.vitess.vitess-database.gradle.plugin-2025.09.02.033849-cef569e.jar returned status 404
2025.09.02.150107-7182101			IOException: Tail request on https://maven-central.storage-download.googleapis.com/maven2/com/squareup/misk/vitess/vitess-database/com.squareup.misk.vitess.vitess-database.gradle.plugin/2025.09.02.150107-7182101/com.squareup.misk.vitess.vitess-database.gradle.plugin-2025.09.02.150107-7182101.jar returned status 404
2025.09.02.160854-b53b5bd			IOException: Tail request on https://maven-central.storage-download.googleapis.com/maven2/com/squareup/misk/vitess/vitess-database/com.squareup.misk.vitess.vitess-database.gradle.plugin/2025.09.02.160854-b53b5bd/com.squareup.misk.vitess.vitess-database.gradle.plugin-2025.09.02.160854-b53b5bd.jar returned status 404
2025.09.02.163506-a68a8a3			IOException: Tail request on https://maven-central.storage-download.googleapis.com/maven2/com/squareup/misk/vitess/vitess-database/com.squareup.misk.vitess.vitess-database.gradle.plugin/2025.09.02.163506-a68a8a3/com.squareup.misk.vitess.vitess-database.gradle.plugin-2025.09.02.163506-a68a8a3.jar returned status 404
2025.09.02.233304-4c69619			IOException: Tail request on https://maven-central.storage-download.googleapis.com/maven2/com/squareup/misk/vitess/vitess-database/com.squareup.misk.vitess.vitess-database.gradle.plugin/2025.09.02.233304-4c69619/com.squareup.misk.vitess.vitess-database.gradle.plugin-2025.09.02.233304-4c69619.jar returned status 404
2025.09.03.004459-e500a01			IOException: Tail request on https://maven-central.storage-download.googleapis.com/maven2/com/squareup/misk/vitess/vitess-database/com.squareup.misk.vitess.vitess-database.gradle.plugin/2025.09.03.004459-e500a01/com.squareup.misk.vitess.vitess-database.gradle.plugin-2025.09.03.004459-e500a01.jar returned status 404
2025.09.03.141155-1aedee7			IOException: Tail request on https://maven-central.storage-download.googleapis.com/maven2/com/squareup/misk/vitess/vitess-database/com.squareup.misk.vitess.vitess-database.gradle.plugin/2025.09.03.141155-1aedee7/com.squareup.misk.vitess.vitess-database.gradle.plugin-2025.09.03.141155-1aedee7.jar returned status 404
2025.09.03.163849-437a8a7			IOException: Tail request on https://maven-central.storage-download.googleapis.com/maven2/com/squareup/misk/vitess/vitess-database/com.squareup.misk.vitess.vitess-database.gradle.plugin/2025.09.03.163849-437a8a7/com.squareup.misk.vitess.vitess-database.gradle.plugin-2025.09.03.163849-437a8a7.jar returned status 404
2025.09.03.174612-3de22b0			IOException: Tail request on https://maven-central.storage-download.googleapis.com/maven2/com/squareup/misk/vitess/vitess-database/com.squareup.misk.vitess.vitess-database.gradle.plugin/2025.09.03.174612-3de22b0/com.squareup.misk.vitess.vitess-database.gradle.plugin-2025.09.03.174612-3de22b0.jar returned status 404
2025.09.03.175614-87e04b5			IOException: Tail request on https://maven-central.storage-download.googleapis.com/maven2/com/squareup/misk/vitess/vitess-database/com.squareup.misk.vitess.vitess-database.gradle.plugin/2025.09.03.175614-87e04b5/com.squareup.misk.vitess.vitess-database.gradle.plugin-2025.09.03.175614-87e04b5.jar returned status 404
2025.09.03.220355-71e5a9f			IOException: Tail request on https://maven-central.storage-download.googleapis.com/maven2/com/squareup/misk/vitess/vitess-database/com.squareup.misk.vitess.vitess-database.gradle.plugin/2025.09.03.220355-71e5a9f/com.squareup.misk.vitess.vitess-database.gradle.plugin-2025.09.03.220355-71e5a9f.jar returned status 404
2025.09.03.222547-47f1da5			IOException: Tail request on https://maven-central.storage-download.googleapis.com/maven2/com/squareup/misk/vitess/vitess-database/com.squareup.misk.vitess.vitess-database.gradle.plugin/2025.09.03.222547-47f1da5/com.squareup.misk.vitess.vitess-database.gradle.plugin-2025.09.03.222547-47f1da5.jar returned status 404
2025.09.04.034909-5b31e76			IOException: Tail request on https://maven-central.storage-download.googleapis.com/maven2/com/squareup/misk/vitess/vitess-database/com.squareup.misk.vitess.vitess-database.gradle.plugin/2025.09.04.034909-5b31e76/com.squareup.misk.vitess.vitess-database.gradle.plugin-2025.09.04.034909-5b31e76.jar returned status 404
2025.09.04.124417-951ed0f			IOException: Tail request on https://maven-central.storage-download.googleapis.com/maven2/com/squareup/misk/vitess/vitess-database/com.squareup.misk.vitess.vitess-database.gradle.plugin/2025.09.04.124417-951ed0f/com.squareup.misk.vitess.vitess-database.gradle.plugin-2025.09.04.124417-951ed0f.jar returned status 404
2025.09.04.133547-ad090f3			IOException: Tail request on https://maven-central.storage-download.googleapis.com/maven2/com/squareup/misk/vitess/vitess-database/com.squareup.misk.vitess.vitess-database.gradle.plugin/2025.09.04.133547-ad090f3/com.squareup.misk.vitess.vitess-database.gradle.plugin-2025.09.04.133547-ad090f3.jar returned status 404
2025.09.04.140848-f0e141b			IOException: Tail request on https://maven-central.storage-download.googleapis.com/maven2/com/squareup/misk/vitess/vitess-database/com.squareup.misk.vitess.vitess-database.gradle.plugin/2025.09.04.140848-f0e141b/com.squareup.misk.vitess.vitess-database.gradle.plugin-2025.09.04.140848-f0e141b.jar returned status 404
2025.09.04.141956-4dfd061			IOException: Tail request on https://maven-central.storage-download.googleapis.com/maven2/com/squareup/misk/vitess/vitess-database/com.squareup.misk.vitess.vitess-database.gradle.plugin/2025.09.04.141956-4dfd061/com.squareup.misk.vitess.vitess-database.gradle.plugin-2025.09.04.141956-4dfd061.jar returned status 404
2025.09.05.142709-e436b23			IOException: Tail request on https://maven-central.storage-download.googleapis.com/maven2/com/squareup/misk/vitess/vitess-database/com.squareup.misk.vitess.vitess-database.gradle.plugin/2025.09.05.142709-e436b23/com.squareup.misk.vitess.vitess-database.gradle.plugin-2025.09.05.142709-e436b23.jar returned status 404
2025.09.09.014023-8934a49			IOException: Tail request on https://maven-central.storage-download.googleapis.com/maven2/com/squareup/misk/vitess/vitess-database/com.squareup.misk.vitess.vitess-database.gradle.plugin/2025.09.09.014023-8934a49/com.squareup.misk.vitess.vitess-database.gradle.plugin-2025.09.09.014023-8934a49.jar returned status 404
2025.09.09.051655-a4d0c3d			IOException: Tail request on https://maven-central.storage-download.googleapis.com/maven2/com/squareup/misk/vitess/vitess-database/com.squareup.misk.vitess.vitess-database.gradle.plugin/2025.09.09.051655-a4d0c3d/com.squareup.misk.vitess.vitess-database.gradle.plugin-2025.09.09.051655-a4d0c3d.jar returned status 404
2025.09.09.134322-2ab73bd			IOException: Tail request on https://maven-central.storage-download.googleapis.com/maven2/com/squareup/misk/vitess/vitess-database/com.squareup.misk.vitess.vitess-database.gradle.plugin/2025.09.09.134322-2ab73bd/com.squareup.misk.vitess.vitess-database.gradle.plugin-2025.09.09.134322-2ab73bd.jar returned status 404
2025.09.09.183805-1517882			IOException: Tail request on https://maven-central.storage-download.googleapis.com/maven2/com/squareup/misk/vitess/vitess-database/com.squareup.misk.vitess.vitess-database.gradle.plugin/2025.09.09.183805-1517882/com.squareup.misk.vitess.vitess-database.gradle.plugin-2025.09.09.183805-1517882.jar returned status 404
2025.09.10.093542-4da1fc6			IOException: Tail request on https://maven-central.storage-download.googleapis.com/maven2/com/squareup/misk/vitess/vitess-database/com.squareup.misk.vitess.vitess-database.gradle.plugin/2025.09.10.093542-4da1fc6/com.squareup.misk.vitess.vitess-database.gradle.plugin-2025.09.10.093542-4da1fc6.jar returned status 404
2025.09.10.153909-ee86ef2			IOException: Tail request on https://maven-central.storage-download.googleapis.com/maven2/com/squareup/misk/vitess/vitess-database/com.squareup.misk.vitess.vitess-database.gradle.plugin/2025.09.10.153909-ee86ef2/com.squareup.misk.vitess.vitess-database.gradle.plugin-2025.09.10.153909-ee86ef2.jar returned status 404
2025.09.11.103427-2a4f1ff			IOException: Tail request on https://maven-central.storage-download.googleapis.com/maven2/com/squareup/misk/vitess/vitess-database/com.squareup.misk.vitess.vitess-database.gradle.plugin/2025.09.11.103427-2a4f1ff/com.squareup.misk.vitess.vitess-database.gradle.plugin-2025.09.11.103427-2a4f1ff.jar returned status 404
2025.09.11.124503-a4feecf			IOException: Tail request on https://maven-central.storage-download.googleapis.com/maven2/com/squareup/misk/vitess/vitess-database/com.squareup.misk.vitess.vitess-database.gradle.plugin/2025.09.11.124503-a4feecf/com.squareup.misk.vitess.vitess-database.gradle.plugin-2025.09.11.124503-a4feecf.jar returned status 404
2025.09.11.184519-9ffbc71			IOException: Tail request on https://maven-central.storage-download.googleapis.com/maven2/com/squareup/misk/vitess/vitess-database/com.squareup.misk.vitess.vitess-database.gradle.plugin/2025.09.11.184519-9ffbc71/com.squareup.misk.vitess.vitess-database.gradle.plugin-2025.09.11.184519-9ffbc71.jar returned status 404
2025.09.12.054935-faa8fba			IOException: Tail request on https://maven-central.storage-download.googleapis.com/maven2/com/squareup/misk/vitess/vitess-database/com.squareup.misk.vitess.vitess-database.gradle.plugin/2025.09.12.054935-faa8fba/com.squareup.misk.vitess.vitess-database.gradle.plugin-2025.09.12.054935-faa8fba.jar returned status 404
2025.09.12.140112-a507e11			IOException: Tail request on https://maven-central.storage-download.googleapis.com/maven2/com/squareup/misk/vitess/vitess-database/com.squareup.misk.vitess.vitess-database.gradle.plugin/2025.09.12.140112-a507e11/com.squareup.misk.vitess.vitess-database.gradle.plugin-2025.09.12.140112-a507e11.jar returned status 404
2025.09.12.141635-aa03716			IOException: Tail request on https://maven-central.storage-download.googleapis.com/maven2/com/squareup/misk/vitess/vitess-database/com.squareup.misk.vitess.vitess-database.gradle.plugin/2025.09.12.141635-aa03716/com.squareup.misk.vitess.vitess-database.gradle.plugin-2025.09.12.141635-aa03716.jar returned status 404
2025.09.14.162933-8eee74e			IOException: Tail request on https://maven-central.storage-download.googleapis.com/maven2/com/squareup/misk/vitess/vitess-database/com.squareup.misk.vitess.vitess-database.gradle.plugin/2025.09.14.162933-8eee74e/com.squareup.misk.vitess.vitess-database.gradle.plugin-2025.09.14.162933-8eee74e.jar returned status 404
2025.09.15.015236-9794cc0			IOException: Tail request on https://maven-central.storage-download.googleapis.com/maven2/com/squareup/misk/vitess/vitess-database/com.squareup.misk.vitess.vitess-database.gradle.plugin/2025.09.15.015236-9794cc0/com.squareup.misk.vitess.vitess-database.gradle.plugin-2025.09.15.015236-9794cc0.jar returned status 404
2025.09.15.201028-1b1f803			IOException: Tail request on https://maven-central.storage-download.googleapis.com/maven2/com/squareup/misk/vitess/vitess-database/com.squareup.misk.vitess.vitess-database.gradle.plugin/2025.09.15.201028-1b1f803/com.squareup.misk.vitess.vitess-database.gradle.plugin-2025.09.15.201028-1b1f803.jar returned status 404
2025.09.17.143121-24a667e			IOException: Tail request on https://maven-central.storage-download.googleapis.com/maven2/com/squareup/misk/vitess/vitess-database/com.squareup.misk.vitess.vitess-database.gradle.plugin/2025.09.17.143121-24a667e/com.squareup.misk.vitess.vitess-database.gradle.plugin-2025.09.17.143121-24a667e.jar returned status 404
2025.09.17.164841-e000537			IOException: Tail request on https://maven-central.storage-download.googleapis.com/maven2/com/squareup/misk/vitess/vitess-database/com.squareup.misk.vitess.vitess-database.gradle.plugin/2025.09.17.164841-e000537/com.squareup.misk.vitess.vitess-database.gradle.plugin-2025.09.17.164841-e000537.jar returned status 404
2025.09.17.174501-85dc6a8			IOException: Tail request on https://maven-central.storage-download.googleapis.com/maven2/com/squareup/misk/vitess/vitess-database/com.squareup.misk.vitess.vitess-database.gradle.plugin/2025.09.17.174501-85dc6a8/com.squareup.misk.vitess.vitess-database.gradle.plugin-2025.09.17.174501-85dc6a8.jar returned status 404
2025.09.18.140406-f1ff40a			IOException: Tail request on https://maven-central.storage-download.googleapis.com/maven2/com/squareup/misk/vitess/vitess-database/com.squareup.misk.vitess.vitess-database.gradle.plugin/2025.09.18.140406-f1ff40a/com.squareup.misk.vitess.vitess-database.gradle.plugin-2025.09.18.140406-f1ff40a.jar returned status 404
2025.09.18.145000-cb31980			IOException: Tail request on https://maven-central.storage-download.googleapis.com/maven2/com/squareup/misk/vitess/vitess-database/com.squareup.misk.vitess.vitess-database.gradle.plugin/2025.09.18.145000-cb31980/com.squareup.misk.vitess.vitess-database.gradle.plugin-2025.09.18.145000-cb31980.jar returned status 404
2025.09.18.152438-42f3636			IOException: Tail request on https://maven-central.storage-download.googleapis.com/maven2/com/squareup/misk/vitess/vitess-database/com.squareup.misk.vitess.vitess-database.gradle.plugin/2025.09.18.152438-42f3636/com.squareup.misk.vitess.vitess-database.gradle.plugin-2025.09.18.152438-42f3636.jar returned status 404
2025.09.19.103533-4ccc90e			IOException: Tail request on https://maven-central.storage-download.googleapis.com/maven2/com/squareup/misk/vitess/vitess-database/com.squareup.misk.vitess.vitess-database.gradle.plugin/2025.09.19.103533-4ccc90e/com.squareup.misk.vitess.vitess-database.gradle.plugin-2025.09.19.103533-4ccc90e.jar returned status 404
2025.09.19.183043-c05fd75			IOException: Tail request on https://maven-central.storage-download.googleapis.com/maven2/com/squareup/misk/vitess/vitess-database/com.squareup.misk.vitess.vitess-database.gradle.plugin/2025.09.19.183043-c05fd75/com.squareup.misk.vitess.vitess-database.gradle.plugin-2025.09.19.183043-c05fd75.jar returned status 404
2025.09.19.194448-739dda7			IOException: Tail request on https://maven-central.storage-download.googleapis.com/maven2/com/squareup/misk/vitess/vitess-database/com.squareup.misk.vitess.vitess-database.gradle.plugin/2025.09.19.194448-739dda7/com.squareup.misk.vitess.vitess-database.gradle.plugin-2025.09.19.194448-739dda7.jar returned status 404
2025.09.19.204155-e5a6013			IOException: Tail request on https://maven-central.storage-download.googleapis.com/maven2/com/squareup/misk/vitess/vitess-database/com.squareup.misk.vitess.vitess-database.gradle.plugin/2025.09.19.204155-e5a6013/com.squareup.misk.vitess.vitess-database.gradle.plugin-2025.09.19.204155-e5a6013.jar returned status 404
2025.09.21.163315-e0abc39			IOException: Tail request on https://maven-central.storage-download.googleapis.com/maven2/com/squareup/misk/vitess/vitess-database/com.squareup.misk.vitess.vitess-database.gradle.plugin/2025.09.21.163315-e0abc39/com.squareup.misk.vitess.vitess-database.gradle.plugin-2025.09.21.163315-e0abc39.jar returned status 404
2025.09.22.121653-70849a9			IOException: Tail request on https://maven-central.storage-download.googleapis.com/maven2/com/squareup/misk/vitess/vitess-database/com.squareup.misk.vitess.vitess-database.gradle.plugin/2025.09.22.121653-70849a9/com.squareup.misk.vitess.vitess-database.gradle.plugin-2025.09.22.121653-70849a9.jar returned status 404
2025.09.23.064848-4f064f3			IOException: Tail request on https://maven-central.storage-download.googleapis.com/maven2/com/squareup/misk/vitess/vitess-database/com.squareup.misk.vitess.vitess-database.gradle.plugin/2025.09.23.064848-4f064f3/com.squareup.misk.vitess.vitess-database.gradle.plugin-2025.09.23.064848-4f064f3.jar returned status 404
2025.09.23.103255-3c93abd			IOException: Tail request on https://maven-central.storage-download.googleapis.com/maven2/com/squareup/misk/vitess/vitess-database/com.squareup.misk.vitess.vitess-database.gradle.plugin/2025.09.23.103255-3c93abd/com.squareup.misk.vitess.vitess-database.gradle.plugin-2025.09.23.103255-3c93abd.jar returned status 404
2025.09.23.160141-a349963			IOException: Tail request on https://maven-central.storage-download.googleapis.com/maven2/com/squareup/misk/vitess/vitess-database/com.squareup.misk.vitess.vitess-database.gradle.plugin/2025.09.23.160141-a349963/com.squareup.misk.vitess.vitess-database.gradle.plugin-2025.09.23.160141-a349963.jar returned status 404
2025.09.24.104930-15b751f			IOException: Tail request on https://maven-central.storage-download.googleapis.com/maven2/com/squareup/misk/vitess/vitess-database/com.squareup.misk.vitess.vitess-database.gradle.plugin/2025.09.24.104930-15b751f/com.squareup.misk.vitess.vitess-database.gradle.plugin-2025.09.24.104930-15b751f.jar returned status 404
2025.09.24.155826-e4058da			IOException: Tail request on https://maven-central.storage-download.googleapis.com/maven2/com/squareup/misk/vitess/vitess-database/com.squareup.misk.vitess.vitess-database.gradle.plugin/2025.09.24.155826-e4058da/com.squareup.misk.vitess.vitess-database.gradle.plugin-2025.09.24.155826-e4058da.jar returned status 404
2025.09.24.171815-0820f26			IOException: Tail request on https://maven-central.storage-download.googleapis.com/maven2/com/squareup/misk/vitess/vitess-database/com.squareup.misk.vitess.vitess-database.gradle.plugin/2025.09.24.171815-0820f26/com.squareup.misk.vitess.vitess-database.gradle.plugin-2025.09.24.171815-0820f26.jar returned status 404
2025.09.25.124431-1e43280			IOException: Tail request on https://maven-central.storage-download.googleapis.com/maven2/com/squareup/misk/vitess/vitess-database/com.squareup.misk.vitess.vitess-database.gradle.plugin/2025.09.25.124431-1e43280/com.squareup.misk.vitess.vitess-database.gradle.plugin-2025.09.25.124431-1e43280.jar returned status 404
2025.09.25.200858-c557109			IOException: Tail request on https://maven-central.storage-download.googleapis.com/maven2/com/squareup/misk/vitess/vitess-database/com.squareup.misk.vitess.vitess-database.gradle.plugin/2025.09.25.200858-c557109/com.squareup.misk.vitess.vitess-database.gradle.plugin-2025.09.25.200858-c557109.jar returned status 404
2025.09.25.202705-094c7d1			IOException: Tail request on https://maven-central.storage-download.googleapis.com/maven2/com/squareup/misk/vitess/vitess-database/com.squareup.misk.vitess.vitess-database.gradle.plugin/2025.09.25.202705-094c7d1/com.squareup.misk.vitess.vitess-database.gradle.plugin-2025.09.25.202705-094c7d1.jar returned status 404
2025.09.30.112121-039db7a			IOException: Tail request on https://maven-central.storage-download.googleapis.com/maven2/com/squareup/misk/vitess/vitess-database/com.squareup.misk.vitess.vitess-database.gradle.plugin/2025.09.30.112121-039db7a/com.squareup.misk.vitess.vitess-database.gradle.plugin-2025.09.30.112121-039db7a.jar returned status 404
2025.09.30.200723-d1f9e31			IOException: Tail request on https://maven-central.storage-download.googleapis.com/maven2/com/squareup/misk/vitess/vitess-database/com.squareup.misk.vitess.vitess-database.gradle.plugin/2025.09.30.200723-d1f9e31/com.squareup.misk.vitess.vitess-database.gradle.plugin-2025.09.30.200723-d1f9e31.jar returned status 404
2025.09.30.212938-a82d176			IOException: Tail request on https://maven-central.storage-download.googleapis.com/maven2/com/squareup/misk/vitess/vitess-database/com.squareup.misk.vitess.vitess-database.gradle.plugin/2025.09.30.212938-a82d176/com.squareup.misk.vitess.vitess-database.gradle.plugin-2025.09.30.212938-a82d176.jar returned status 404
2025.10.01.004513-1a75f57			IOException: Tail request on https://maven-central.storage-download.googleapis.com/maven2/com/squareup/misk/vitess/vitess-database/com.squareup.misk.vitess.vitess-database.gradle.plugin/2025.10.01.004513-1a75f57/com.squareup.misk.vitess.vitess-database.gradle.plugin-2025.10.01.004513-1a75f57.jar returned status 404
2025.10.01.043340-bcbd65b			IOException: Tail request on https://maven-central.storage-download.googleapis.com/maven2/com/squareup/misk/vitess/vitess-database/com.squareup.misk.vitess.vitess-database.gradle.plugin/2025.10.01.043340-bcbd65b/com.squareup.misk.vitess.vitess-database.gradle.plugin-2025.10.01.043340-bcbd65b.jar returned status 404
2025.10.01.191725-e4074b6			IOException: Tail request on https://maven-central.storage-download.googleapis.com/maven2/com/squareup/misk/vitess/vitess-database/com.squareup.misk.vitess.vitess-database.gradle.plugin/2025.10.01.191725-e4074b6/com.squareup.misk.vitess.vitess-database.gradle.plugin-2025.10.01.191725-e4074b6.jar returned status 404
2025.10.01.194108-1c293df			IOException: Tail request on https://maven-central.storage-download.googleapis.com/maven2/com/squareup/misk/vitess/vitess-database/com.squareup.misk.vitess.vitess-database.gradle.plugin/2025.10.01.194108-1c293df/com.squareup.misk.vitess.vitess-database.gradle.plugin-2025.10.01.194108-1c293df.jar returned status 404
2025.10.01.205738-e76e21d			IOException: Tail request on https://maven-central.storage-download.googleapis.com/maven2/com/squareup/misk/vitess/vitess-database/com.squareup.misk.vitess.vitess-database.gradle.plugin/2025.10.01.205738-e76e21d/com.squareup.misk.vitess.vitess-database.gradle.plugin-2025.10.01.205738-e76e21d.jar returned status 404
2025.10.02.001830-0d2c5d6			IOException: Tail request on https://maven-central.storage-download.googleapis.com/maven2/com/squareup/misk/vitess/vitess-database/com.squareup.misk.vitess.vitess-database.gradle.plugin/2025.10.02.001830-0d2c5d6/com.squareup.misk.vitess.vitess-database.gradle.plugin-2025.10.02.001830-0d2c5d6.jar returned status 404
2025.10.02.231525-a96460a			IOException: Tail request on https://maven-central.storage-download.googleapis.com/maven2/com/squareup/misk/vitess/vitess-database/com.squareup.misk.vitess.vitess-database.gradle.plugin/2025.10.02.231525-a96460a/com.squareup.misk.vitess.vitess-database.gradle.plugin-2025.10.02.231525-a96460a.jar returned status 404
2025.10.02.232937-b804b3a			IOException: Tail request on https://maven-central.storage-download.googleapis.com/maven2/com/squareup/misk/vitess/vitess-database/com.squareup.misk.vitess.vitess-database.gradle.plugin/2025.10.02.232937-b804b3a/com.squareup.misk.vitess.vitess-database.gradle.plugin-2025.10.02.232937-b804b3a.jar returned status 404
2025.10.03.051854-846413f			IOException: Tail request on https://maven-central.storage-download.googleapis.com/maven2/com/squareup/misk/vitess/vitess-database/com.squareup.misk.vitess.vitess-database.gradle.plugin/2025.10.03.051854-846413f/com.squareup.misk.vitess.vitess-database.gradle.plugin-2025.10.03.051854-846413f.jar returned status 404
2025.10.03.130214-492e062			IOException: Tail request on https://maven-central.storage-download.googleapis.com/maven2/com/squareup/misk/vitess/vitess-database/com.squareup.misk.vitess.vitess-database.gradle.plugin/2025.10.03.130214-492e062/com.squareup.misk.vitess.vitess-database.gradle.plugin-2025.10.03.130214-492e062.jar returned status 404
2025.10.03.131512-cf41689			IOException: Tail request on https://maven-central.storage-download.googleapis.com/maven2/com/squareup/misk/vitess/vitess-database/com.squareup.misk.vitess.vitess-database.gradle.plugin/2025.10.03.131512-cf41689/com.squareup.misk.vitess.vitess-database.gradle.plugin-2025.10.03.131512-cf41689.jar returned status 404
2025.10.05.224537-11bc1c9			IOException: Tail request on https://maven-central.storage-download.googleapis.com/maven2/com/squareup/misk/vitess/vitess-database/com.squareup.misk.vitess.vitess-database.gradle.plugin/2025.10.05.224537-11bc1c9/com.squareup.misk.vitess.vitess-database.gradle.plugin-2025.10.05.224537-11bc1c9.jar returned status 404
2025.10.06.005338-f691a64			IOException: Tail request on https://maven-central.storage-download.googleapis.com/maven2/com/squareup/misk/vitess/vitess-database/com.squareup.misk.vitess.vitess-database.gradle.plugin/2025.10.06.005338-f691a64/com.squareup.misk.vitess.vitess-database.gradle.plugin-2025.10.06.005338-f691a64.jar returned status 404
2025.10.06.045017-58fcce5			IOException: Tail request on https://maven-central.storage-download.googleapis.com/maven2/com/squareup/misk/vitess/vitess-database/com.squareup.misk.vitess.vitess-database.gradle.plugin/2025.10.06.045017-58fcce5/com.squareup.misk.vitess.vitess-database.gradle.plugin-2025.10.06.045017-58fcce5.jar returned status 404
2025.10.06.052850-70dd742			IOException: Tail request on https://maven-central.storage-download.googleapis.com/maven2/com/squareup/misk/vitess/vitess-database/com.squareup.misk.vitess.vitess-database.gradle.plugin/2025.10.06.052850-70dd742/com.squareup.misk.vitess.vitess-database.gradle.plugin-2025.10.06.052850-70dd742.jar returned status 404
2025.10.06.060810-d3574e3			IOException: Tail request on https://maven-central.storage-download.googleapis.com/maven2/com/squareup/misk/vitess/vitess-database/com.squareup.misk.vitess.vitess-database.gradle.plugin/2025.10.06.060810-d3574e3/com.squareup.misk.vitess.vitess-database.gradle.plugin-2025.10.06.060810-d3574e3.jar returned status 404
2025.10.06.172126-e33c1d4			IOException: Tail request on https://maven-central.storage-download.googleapis.com/maven2/com/squareup/misk/vitess/vitess-database/com.squareup.misk.vitess.vitess-database.gradle.plugin/2025.10.06.172126-e33c1d4/com.squareup.misk.vitess.vitess-database.gradle.plugin-2025.10.06.172126-e33c1d4.jar returned status 404
2025.10.06.184105-b5ceb0c			IOException: Tail request on https://maven-central.storage-download.googleapis.com/maven2/com/squareup/misk/vitess/vitess-database/com.squareup.misk.vitess.vitess-database.gradle.plugin/2025.10.06.184105-b5ceb0c/com.squareup.misk.vitess.vitess-database.gradle.plugin-2025.10.06.184105-b5ceb0c.jar returned status 404
2025.10.07.021642-ad37d5e			IOException: Tail request on https://maven-central.storage-download.googleapis.com/maven2/com/squareup/misk/vitess/vitess-database/com.squareup.misk.vitess.vitess-database.gradle.plugin/2025.10.07.021642-ad37d5e/com.squareup.misk.vitess.vitess-database.gradle.plugin-2025.10.07.021642-ad37d5e.jar returned status 404
2025.10.07.035629-2e5030b			IOException: Tail request on https://maven-central.storage-download.googleapis.com/maven2/com/squareup/misk/vitess/vitess-database/com.squareup.misk.vitess.vitess-database.gradle.plugin/2025.10.07.035629-2e5030b/com.squareup.misk.vitess.vitess-database.gradle.plugin-2025.10.07.035629-2e5030b.jar returned status 404
2025.10.07.140906-2cccd73			IOException: Tail request on https://maven-central.storage-download.googleapis.com/maven2/com/squareup/misk/vitess/vitess-database/com.squareup.misk.vitess.vitess-database.gradle.plugin/2025.10.07.140906-2cccd73/com.squareup.misk.vitess.vitess-database.gradle.plugin-2025.10.07.140906-2cccd73.jar returned status 404
2025.10.07.143500-3431319			IOException: Tail request on https://maven-central.storage-download.googleapis.com/maven2/com/squareup/misk/vitess/vitess-database/com.squareup.misk.vitess.vitess-database.gradle.plugin/2025.10.07.143500-3431319/com.squareup.misk.vitess.vitess-database.gradle.plugin-2025.10.07.143500-3431319.jar returned status 404
2025.10.07.203916-3ed7273			IOException: Tail request on https://maven-central.storage-download.googleapis.com/maven2/com/squareup/misk/vitess/vitess-database/com.squareup.misk.vitess.vitess-database.gradle.plugin/2025.10.07.203916-3ed7273/com.squareup.misk.vitess.vitess-database.gradle.plugin-2025.10.07.203916-3ed7273.jar returned status 404
2025.10.08.045216-80ac0af			IOException: Tail request on https://maven-central.storage-download.googleapis.com/maven2/com/squareup/misk/vitess/vitess-database/com.squareup.misk.vitess.vitess-database.gradle.plugin/2025.10.08.045216-80ac0af/com.squareup.misk.vitess.vitess-database.gradle.plugin-2025.10.08.045216-80ac0af.jar returned status 404
2025.10.08.230217-21d3d4f			IOException: Tail request on https://maven-central.storage-download.googleapis.com/maven2/com/squareup/misk/vitess/vitess-database/com.squareup.misk.vitess.vitess-database.gradle.plugin/2025.10.08.230217-21d3d4f/com.squareup.misk.vitess.vitess-database.gradle.plugin-2025.10.08.230217-21d3d4f.jar returned status 404
2025.10.09.021433-4cd057d			IOException: Tail request on https://maven-central.storage-download.googleapis.com/maven2/com/squareup/misk/vitess/vitess-database/com.squareup.misk.vitess.vitess-database.gradle.plugin/2025.10.09.021433-4cd057d/com.squareup.misk.vitess.vitess-database.gradle.plugin-2025.10.09.021433-4cd057d.jar returned status 404
2025.10.09.174346-7764ac1			IOException: Tail request on https://maven-central.storage-download.googleapis.com/maven2/com/squareup/misk/vitess/vitess-database/com.squareup.misk.vitess.vitess-database.gradle.plugin/2025.10.09.174346-7764ac1/com.squareup.misk.vitess.vitess-database.gradle.plugin-2025.10.09.174346-7764ac1.jar returned status 404
2025.10.14.152530-6082287			IOException: Tail request on https://maven-central.storage-download.googleapis.com/maven2/com/squareup/misk/vitess/vitess-database/com.squareup.misk.vitess.vitess-database.gradle.plugin/2025.10.14.152530-6082287/com.squareup.misk.vitess.vitess-database.gradle.plugin-2025.10.14.152530-6082287.jar returned status 404
2025.10.14.191112-71bc86b			IOException: Tail request on https://maven-central.storage-download.googleapis.com/maven2/com/squareup/misk/vitess/vitess-database/com.squareup.misk.vitess.vitess-database.gradle.plugin/2025.10.14.191112-71bc86b/com.squareup.misk.vitess.vitess-database.gradle.plugin-2025.10.14.191112-71bc86b.jar returned status 404
2025.10.15.063241-9754974			IOException: Tail request on https://maven-central.storage-download.googleapis.com/maven2/com/squareup/misk/vitess/vitess-database/com.squareup.misk.vitess.vitess-database.gradle.plugin/2025.10.15.063241-9754974/com.squareup.misk.vitess.vitess-database.gradle.plugin-2025.10.15.063241-9754974.jar returned status 404
2025.10.15.162549-1e8309b			IOException: Tail request on https://maven-central.storage-download.googleapis.com/maven2/com/squareup/misk/vitess/vitess-database/com.squareup.misk.vitess.vitess-database.gradle.plugin/2025.10.15.162549-1e8309b/com.squareup.misk.vitess.vitess-database.gradle.plugin-2025.10.15.162549-1e8309b.jar returned status 404
2025.10.15.180330-823864f			IOException: Tail request on https://maven-central.storage-download.googleapis.com/maven2/com/squareup/misk/vitess/vitess-database/com.squareup.misk.vitess.vitess-database.gradle.plugin/2025.10.15.180330-823864f/com.squareup.misk.vitess.vitess-database.gradle.plugin-2025.10.15.180330-823864f.jar returned status 404
2025.10.15.194321-7825a59			IOException: Tail request on https://maven-central.storage-download.googleapis.com/maven2/com/squareup/misk/vitess/vitess-database/com.squareup.misk.vitess.vitess-database.gradle.plugin/2025.10.15.194321-7825a59/com.squareup.misk.vitess.vitess-database.gradle.plugin-2025.10.15.194321-7825a59.jar returned status 404
2025.10.16.001147-7c7cc79			IOException: Tail request on https://maven-central.storage-download.googleapis.com/maven2/com/squareup/misk/vitess/vitess-database/com.squareup.misk.vitess.vitess-database.gradle.plugin/2025.10.16.001147-7c7cc79/com.squareup.misk.vitess.vitess-database.gradle.plugin-2025.10.16.001147-7c7cc79.jar returned status 404
2025.10.16.025035-af89ade			IOException: Tail request on https://maven-central.storage-download.googleapis.com/maven2/com/squareup/misk/vitess/vitess-database/com.squareup.misk.vitess.vitess-database.gradle.plugin/2025.10.16.025035-af89ade/com.squareup.misk.vitess.vitess-database.gradle.plugin-2025.10.16.025035-af89ade.jar returned status 404
2025.10.16.135405-7ea1561			IOException: Tail request on https://maven-central.storage-download.googleapis.com/maven2/com/squareup/misk/vitess/vitess-database/com.squareup.misk.vitess.vitess-database.gradle.plugin/2025.10.16.135405-7ea1561/com.squareup.misk.vitess.vitess-database.gradle.plugin-2025.10.16.135405-7ea1561.jar returned status 404
2025.10.16.141203-5593008			IOException: Tail request on https://maven-central.storage-download.googleapis.com/maven2/com/squareup/misk/vitess/vitess-database/com.squareup.misk.vitess.vitess-database.gradle.plugin/2025.10.16.141203-5593008/com.squareup.misk.vitess.vitess-database.gradle.plugin-2025.10.16.141203-5593008.jar returned status 404
2025.10.16.142827-77bbe71			IOException: Tail request on https://maven-central.storage-download.googleapis.com/maven2/com/squareup/misk/vitess/vitess-database/com.squareup.misk.vitess.vitess-database.gradle.plugin/2025.10.16.142827-77bbe71/com.squareup.misk.vitess.vitess-database.gradle.plugin-2025.10.16.142827-77bbe71.jar returned status 404
2025.10.16.173221-95013b6			IOException: Tail request on https://maven-central.storage-download.googleapis.com/maven2/com/squareup/misk/vitess/vitess-database/com.squareup.misk.vitess.vitess-database.gradle.plugin/2025.10.16.173221-95013b6/com.squareup.misk.vitess.vitess-database.gradle.plugin-2025.10.16.173221-95013b6.jar returned status 404
2025.10.16.192114-707d735			IOException: Tail request on https://maven-central.storage-download.googleapis.com/maven2/com/squareup/misk/vitess/vitess-database/com.squareup.misk.vitess.vitess-database.gradle.plugin/2025.10.16.192114-707d735/com.squareup.misk.vitess.vitess-database.gradle.plugin-2025.10.16.192114-707d735.jar returned status 404
2025.10.16.235536-7244a83			IOException: Tail request on https://maven-central.storage-download.googleapis.com/maven2/com/squareup/misk/vitess/vitess-database/com.squareup.misk.vitess.vitess-database.gradle.plugin/2025.10.16.235536-7244a83/com.squareup.misk.vitess.vitess-database.gradle.plugin-2025.10.16.235536-7244a83.jar returned status 404
2025.10.17.001048-10d7d66			IOException: Tail request on https://maven-central.storage-download.googleapis.com/maven2/com/squareup/misk/vitess/vitess-database/com.squareup.misk.vitess.vitess-database.gradle.plugin/2025.10.17.001048-10d7d66/com.squareup.misk.vitess.vitess-database.gradle.plugin-2025.10.17.001048-10d7d66.jar returned status 404
2025.10.20.052751-d40d86b			IOException: Tail request on https://maven-central.storage-download.googleapis.com/maven2/com/squareup/misk/vitess/vitess-database/com.squareup.misk.vitess.vitess-database.gradle.plugin/2025.10.20.052751-d40d86b/com.squareup.misk.vitess.vitess-database.gradle.plugin-2025.10.20.052751-d40d86b.jar returned status 404
2025.10.20.054855-7b410ea			IOException: Tail request on https://maven-central.storage-download.googleapis.com/maven2/com/squareup/misk/vitess/vitess-database/com.squareup.misk.vitess.vitess-database.gradle.plugin/2025.10.20.054855-7b410ea/com.squareup.misk.vitess.vitess-database.gradle.plugin-2025.10.20.054855-7b410ea.jar returned status 404
2025.10.21.162206-a48f88b			IOException: Tail request on https://maven-central.storage-download.googleapis.com/maven2/com/squareup/misk/vitess/vitess-database/com.squareup.misk.vitess.vitess-database.gradle.plugin/2025.10.21.162206-a48f88b/com.squareup.misk.vitess.vitess-database.gradle.plugin-2025.10.21.162206-a48f88b.jar returned status 404
2025.10.21.191246-3ff03e8			IOException: Tail request on https://maven-central.storage-download.googleapis.com/maven2/com/squareup/misk/vitess/vitess-database/com.squareup.misk.vitess.vitess-database.gradle.plugin/2025.10.21.191246-3ff03e8/com.squareup.misk.vitess.vitess-database.gradle.plugin-2025.10.21.191246-3ff03e8.jar returned status 404
2025.10.21.221408-915e7d2			IOException: Tail request on https://maven-central.storage-download.googleapis.com/maven2/com/squareup/misk/vitess/vitess-database/com.squareup.misk.vitess.vitess-database.gradle.plugin/2025.10.21.221408-915e7d2/com.squareup.misk.vitess.vitess-database.gradle.plugin-2025.10.21.221408-915e7d2.jar returned status 404
2025.10.22.132348-1e81e8a			IOException: Tail request on https://maven-central.storage-download.googleapis.com/maven2/com/squareup/misk/vitess/vitess-database/com.squareup.misk.vitess.vitess-database.gradle.plugin/2025.10.22.132348-1e81e8a/com.squareup.misk.vitess.vitess-database.gradle.plugin-2025.10.22.132348-1e81e8a.jar returned status 404
2025.10.22.142402-2f1c5ee			IOException: Tail request on https://maven-central.storage-download.googleapis.com/maven2/com/squareup/misk/vitess/vitess-database/com.squareup.misk.vitess.vitess-database.gradle.plugin/2025.10.22.142402-2f1c5ee/com.squareup.misk.vitess.vitess-database.gradle.plugin-2025.10.22.142402-2f1c5ee.jar returned status 404
2025.10.22.143814-f968848			IOException: Tail request on https://maven-central.storage-download.googleapis.com/maven2/com/squareup/misk/vitess/vitess-database/com.squareup.misk.vitess.vitess-database.gradle.plugin/2025.10.22.143814-f968848/com.squareup.misk.vitess.vitess-database.gradle.plugin-2025.10.22.143814-f968848.jar returned status 404
2025.10.22.205734-d40e9c0			IOException: Tail request on https://maven-central.storage-download.googleapis.com/maven2/com/squareup/misk/vitess/vitess-database/com.squareup.misk.vitess.vitess-database.gradle.plugin/2025.10.22.205734-d40e9c0/com.squareup.misk.vitess.vitess-database.gradle.plugin-2025.10.22.205734-d40e9c0.jar returned status 404
2025.10.22.230209-4bbb751			IOException: Tail request on https://maven-central.storage-download.googleapis.com/maven2/com/squareup/misk/vitess/vitess-database/com.squareup.misk.vitess.vitess-database.gradle.plugin/2025.10.22.230209-4bbb751/com.squareup.misk.vitess.vitess-database.gradle.plugin-2025.10.22.230209-4bbb751.jar returned status 404
2025.10.23.043319-55680b7			IOException: Tail request on https://maven-central.storage-download.googleapis.com/maven2/com/squareup/misk/vitess/vitess-database/com.squareup.misk.vitess.vitess-database.gradle.plugin/2025.10.23.043319-55680b7/com.squareup.misk.vitess.vitess-database.gradle.plugin-2025.10.23.043319-55680b7.jar returned status 404
2025.10.23.151354-6721cd6			IOException: Tail request on https://maven-central.storage-download.googleapis.com/maven2/com/squareup/misk/vitess/vitess-database/com.squareup.misk.vitess.vitess-database.gradle.plugin/2025.10.23.151354-6721cd6/com.squareup.misk.vitess.vitess-database.gradle.plugin-2025.10.23.151354-6721cd6.jar returned status 404
2025.10.23.160802-96495ac			IOException: Tail request on https://maven-central.storage-download.googleapis.com/maven2/com/squareup/misk/vitess/vitess-database/com.squareup.misk.vitess.vitess-database.gradle.plugin/2025.10.23.160802-96495ac/com.squareup.misk.vitess.vitess-database.gradle.plugin-2025.10.23.160802-96495ac.jar returned status 404
2025.10.23.162540-e1ca777			IOException: Tail request on https://maven-central.storage-download.googleapis.com/maven2/com/squareup/misk/vitess/vitess-database/com.squareup.misk.vitess.vitess-database.gradle.plugin/2025.10.23.162540-e1ca777/com.squareup.misk.vitess.vitess-database.gradle.plugin-2025.10.23.162540-e1ca777.jar returned status 404
2025.10.23.165250-3969d8d			IOException: Tail request on https://maven-central.storage-download.googleapis.com/maven2/com/squareup/misk/vitess/vitess-database/com.squareup.misk.vitess.vitess-database.gradle.plugin/2025.10.23.165250-3969d8d/com.squareup.misk.vitess.vitess-database.gradle.plugin-2025.10.23.165250-3969d8d.jar returned status 404
2025.10.23.191203-32e7163			IOException: Tail request on https://maven-central.storage-download.googleapis.com/maven2/com/squareup/misk/vitess/vitess-database/com.squareup.misk.vitess.vitess-database.gradle.plugin/2025.10.23.191203-32e7163/com.squareup.misk.vitess.vitess-database.gradle.plugin-2025.10.23.191203-32e7163.jar returned status 404
2025.10.23.230345-19a5ed4			IOException: Tail request on https://maven-central.storage-download.googleapis.com/maven2/com/squareup/misk/vitess/vitess-database/com.squareup.misk.vitess.vitess-database.gradle.plugin/2025.10.23.230345-19a5ed4/com.squareup.misk.vitess.vitess-database.gradle.plugin-2025.10.23.230345-19a5ed4.jar returned status 404
2025.10.24.151638-5696a5e			IOException: Tail request on https://maven-central.storage-download.googleapis.com/maven2/com/squareup/misk/vitess/vitess-database/com.squareup.misk.vitess.vitess-database.gradle.plugin/2025.10.24.151638-5696a5e/com.squareup.misk.vitess.vitess-database.gradle.plugin-2025.10.24.151638-5696a5e.jar returned status 404
2025.10.24.195454-ec502c8			IOException: Tail request on https://maven-central.storage-download.googleapis.com/maven2/com/squareup/misk/vitess/vitess-database/com.squareup.misk.vitess.vitess-database.gradle.plugin/2025.10.24.195454-ec502c8/com.squareup.misk.vitess.vitess-database.gradle.plugin-2025.10.24.195454-ec502c8.jar returned status 404
2025.10.27.132758-38f82a3			IOException: Tail request on https://maven-central.storage-download.googleapis.com/maven2/com/squareup/misk/vitess/vitess-database/com.squareup.misk.vitess.vitess-database.gradle.plugin/2025.10.27.132758-38f82a3/com.squareup.misk.vitess.vitess-database.gradle.plugin-2025.10.27.132758-38f82a3.jar returned status 404
2025.10.27.222307-10758d6			IOException: Tail request on https://maven-central.storage-download.googleapis.com/maven2/com/squareup/misk/vitess/vitess-database/com.squareup.misk.vitess.vitess-database.gradle.plugin/2025.10.27.222307-10758d6/com.squareup.misk.vitess.vitess-database.gradle.plugin-2025.10.27.222307-10758d6.jar returned status 404
2025.10.28.015017-5ac17cb			IOException: Tail request on https://maven-central.storage-download.googleapis.com/maven2/com/squareup/misk/vitess/vitess-database/com.squareup.misk.vitess.vitess-database.gradle.plugin/2025.10.28.015017-5ac17cb/com.squareup.misk.vitess.vitess-database.gradle.plugin-2025.10.28.015017-5ac17cb.jar returned status 404
2025.10.28.213524-2b29efc			IOException: Tail request on https://maven-central.storage-download.googleapis.com/maven2/com/squareup/misk/vitess/vitess-database/com.squareup.misk.vitess.vitess-database.gradle.plugin/2025.10.28.213524-2b29efc/com.squareup.misk.vitess.vitess-database.gradle.plugin-2025.10.28.213524-2b29efc.jar returned status 404
2025.10.29.170221-33bf400			IOException: Tail request on https://maven-central.storage-download.googleapis.com/maven2/com/squareup/misk/vitess/vitess-database/com.squareup.misk.vitess.vitess-database.gradle.plugin/2025.10.29.170221-33bf400/com.squareup.misk.vitess.vitess-database.gradle.plugin-2025.10.29.170221-33bf400.jar returned status 404
2025.10.29.173829-1b7ca3d			IOException: Tail request on https://maven-central.storage-download.googleapis.com/maven2/com/squareup/misk/vitess/vitess-database/com.squareup.misk.vitess.vitess-database.gradle.plugin/2025.10.29.173829-1b7ca3d/com.squareup.misk.vitess.vitess-database.gradle.plugin-2025.10.29.173829-1b7ca3d.jar returned status 404
2025.10.29.180452-100b79d			IOException: Tail request on https://maven-central.storage-download.googleapis.com/maven2/com/squareup/misk/vitess/vitess-database/com.squareup.misk.vitess.vitess-database.gradle.plugin/2025.10.29.180452-100b79d/com.squareup.misk.vitess.vitess-database.gradle.plugin-2025.10.29.180452-100b79d.jar returned status 404
2025.10.29.182742-7e984a2			IOException: Tail request on https://maven-central.storage-download.googleapis.com/maven2/com/squareup/misk/vitess/vitess-database/com.squareup.misk.vitess.vitess-database.gradle.plugin/2025.10.29.182742-7e984a2/com.squareup.misk.vitess.vitess-database.gradle.plugin-2025.10.29.182742-7e984a2.jar returned status 404
2025.10.29.184537-84a81f8			IOException: Tail request on https://maven-central.storage-download.googleapis.com/maven2/com/squareup/misk/vitess/vitess-database/com.squareup.misk.vitess.vitess-database.gradle.plugin/2025.10.29.184537-84a81f8/com.squareup.misk.vitess.vitess-database.gradle.plugin-2025.10.29.184537-84a81f8.jar returned status 404
2025.10.29.192456-4756ab8			IOException: Tail request on https://maven-central.storage-download.googleapis.com/maven2/com/squareup/misk/vitess/vitess-database/com.squareup.misk.vitess.vitess-database.gradle.plugin/2025.10.29.192456-4756ab8/com.squareup.misk.vitess.vitess-database.gradle.plugin-2025.10.29.192456-4756ab8.jar returned status 404
2025.10.30.161505-1b86e2a			IOException: Tail request on https://maven-central.storage-download.googleapis.com/maven2/com/squareup/misk/vitess/vitess-database/com.squareup.misk.vitess.vitess-database.gradle.plugin/2025.10.30.161505-1b86e2a/com.squareup.misk.vitess.vitess-database.gradle.plugin-2025.10.30.161505-1b86e2a.jar returned status 404
2025.10.30.163041-44f927b			IOException: Tail request on https://maven-central.storage-download.googleapis.com/maven2/com/squareup/misk/vitess/vitess-database/com.squareup.misk.vitess.vitess-database.gradle.plugin/2025.10.30.163041-44f927b/com.squareup.misk.vitess.vitess-database.gradle.plugin-2025.10.30.163041-44f927b.jar returned status 404
2025.10.30.164410-a6a8524			IOException: Tail request on https://maven-central.storage-download.googleapis.com/maven2/com/squareup/misk/vitess/vitess-database/com.squareup.misk.vitess.vitess-database.gradle.plugin/2025.10.30.164410-a6a8524/com.squareup.misk.vitess.vitess-database.gradle.plugin-2025.10.30.164410-a6a8524.jar returned status 404
2025.10.30.185859-37b6d12			IOException: Tail request on https://maven-central.storage-download.googleapis.com/maven2/com/squareup/misk/vitess/vitess-database/com.squareup.misk.vitess.vitess-database.gradle.plugin/2025.10.30.185859-37b6d12/com.squareup.misk.vitess.vitess-database.gradle.plugin-2025.10.30.185859-37b6d12.jar returned status 404
2025.10.30.215657-dfc49f0			IOException: Tail request on https://maven-central.storage-download.googleapis.com/maven2/com/squareup/misk/vitess/vitess-database/com.squareup.misk.vitess.vitess-database.gradle.plugin/2025.10.30.215657-dfc49f0/com.squareup.misk.vitess.vitess-database.gradle.plugin-2025.10.30.215657-dfc49f0.jar returned status 404
2025.10.31.153548-1819433			IOException: Tail request on https://maven-central.storage-download.googleapis.com/maven2/com/squareup/misk/vitess/vitess-database/com.squareup.misk.vitess.vitess-database.gradle.plugin/2025.10.31.153548-1819433/com.squareup.misk.vitess.vitess-database.gradle.plugin-2025.10.31.153548-1819433.jar returned status 404
2025.11.03.142801-38e690b			IOException: Tail request on https://maven-central.storage-download.googleapis.com/maven2/com/squareup/misk/vitess/vitess-database/com.squareup.misk.vitess.vitess-database.gradle.plugin/2025.11.03.142801-38e690b/com.squareup.misk.vitess.vitess-database.gradle.plugin-2025.11.03.142801-38e690b.jar returned status 404
2025.11.03.144224-40afe27			IOException: Tail request on https://maven-central.storage-download.googleapis.com/maven2/com/squareup/misk/vitess/vitess-database/com.squareup.misk.vitess.vitess-database.gradle.plugin/2025.11.03.144224-40afe27/com.squareup.misk.vitess.vitess-database.gradle.plugin-2025.11.03.144224-40afe27.jar returned status 404
2025.11.05.160243-7b48600			IOException: Tail request on https://maven-central.storage-download.googleapis.com/maven2/com/squareup/misk/vitess/vitess-database/com.squareup.misk.vitess.vitess-database.gradle.plugin/2025.11.05.160243-7b48600/com.squareup.misk.vitess.vitess-database.gradle.plugin-2025.11.05.160243-7b48600.jar returned status 404
2025.11.06.210609-805abb3			IOException: Tail request on https://maven-central.storage-download.googleapis.com/maven2/com/squareup/misk/vitess/vitess-database/com.squareup.misk.vitess.vitess-database.gradle.plugin/2025.11.06.210609-805abb3/com.squareup.misk.vitess.vitess-database.gradle.plugin-2025.11.06.210609-805abb3.jar returned status 404
2025.11.07.022242-7a0b199			IOException: Tail request on https://maven-central.storage-download.googleapis.com/maven2/com/squareup/misk/vitess/vitess-database/com.squareup.misk.vitess.vitess-database.gradle.plugin/2025.11.07.022242-7a0b199/com.squareup.misk.vitess.vitess-database.gradle.plugin-2025.11.07.022242-7a0b199.jar returned status 404
2025.11.07.032400-49826c5			IOException: Tail request on https://maven-central.storage-download.googleapis.com/maven2/com/squareup/misk/vitess/vitess-database/com.squareup.misk.vitess.vitess-database.gradle.plugin/2025.11.07.032400-49826c5/com.squareup.misk.vitess.vitess-database.gradle.plugin-2025.11.07.032400-49826c5.jar returned status 404
2025.11.07.155228-61d8eef			IOException: Tail request on https://maven-central.storage-download.googleapis.com/maven2/com/squareup/misk/vitess/vitess-database/com.squareup.misk.vitess.vitess-database.gradle.plugin/2025.11.07.155228-61d8eef/com.squareup.misk.vitess.vitess-database.gradle.plugin-2025.11.07.155228-61d8eef.jar returned status 404
2025.11.07.175142-d63a190			IOException: Tail request on https://maven-central.storage-download.googleapis.com/maven2/com/squareup/misk/vitess/vitess-database/com.squareup.misk.vitess.vitess-database.gradle.plugin/2025.11.07.175142-d63a190/com.squareup.misk.vitess.vitess-database.gradle.plugin-2025.11.07.175142-d63a190.jar returned status 404
2025.11.08.032902-3a229e9			IOException: Tail request on https://maven-central.storage-download.googleapis.com/maven2/com/squareup/misk/vitess/vitess-database/com.squareup.misk.vitess.vitess-database.gradle.plugin/2025.11.08.032902-3a229e9/com.squareup.misk.vitess.vitess-database.gradle.plugin-2025.11.08.032902-3a229e9.jar returned status 404
2025.11.10.152258-b07a455			IOException: Tail request on https://maven-central.storage-download.googleapis.com/maven2/com/squareup/misk/vitess/vitess-database/com.squareup.misk.vitess.vitess-database.gradle.plugin/2025.11.10.152258-b07a455/com.squareup.misk.vitess.vitess-database.gradle.plugin-2025.11.10.152258-b07a455.jar returned status 404
2025.11.10.153444-7ad2447			IOException: Tail request on https://maven-central.storage-download.googleapis.com/maven2/com/squareup/misk/vitess/vitess-database/com.squareup.misk.vitess.vitess-database.gradle.plugin/2025.11.10.153444-7ad2447/com.squareup.misk.vitess.vitess-database.gradle.plugin-2025.11.10.153444-7ad2447.jar returned status 404
2025.11.10.181029-d6615f3			IOException: Tail request on https://maven-central.storage-download.googleapis.com/maven2/com/squareup/misk/vitess/vitess-database/com.squareup.misk.vitess.vitess-database.gradle.plugin/2025.11.10.181029-d6615f3/com.squareup.misk.vitess.vitess-database.gradle.plugin-2025.11.10.181029-d6615f3.jar returned status 404
2025.11.10.192423-7ef5ceb			IOException: Tail request on https://maven-central.storage-download.googleapis.com/maven2/com/squareup/misk/vitess/vitess-database/com.squareup.misk.vitess.vitess-database.gradle.plugin/2025.11.10.192423-7ef5ceb/com.squareup.misk.vitess.vitess-database.gradle.plugin-2025.11.10.192423-7ef5ceb.jar returned status 404
2025.11.10.222635-2f7cd24			IOException: Tail request on https://maven-central.storage-download.googleapis.com/maven2/com/squareup/misk/vitess/vitess-database/com.squareup.misk.vitess.vitess-database.gradle.plugin/2025.11.10.222635-2f7cd24/com.squareup.misk.vitess.vitess-database.gradle.plugin-2025.11.10.222635-2f7cd24.jar returned status 404
2025.11.11.000655-c3f957c			IOException: Tail request on https://maven-central.storage-download.googleapis.com/maven2/com/squareup/misk/vitess/vitess-database/com.squareup.misk.vitess.vitess-database.gradle.plugin/2025.11.11.000655-c3f957c/com.squareup.misk.vitess.vitess-database.gradle.plugin-2025.11.11.000655-c3f957c.jar returned status 404
2025.11.11.053643-0285b4a			IOException: Tail request on https://maven-central.storage-download.googleapis.com/maven2/com/squareup/misk/vitess/vitess-database/com.squareup.misk.vitess.vitess-database.gradle.plugin/2025.11.11.053643-0285b4a/com.squareup.misk.vitess.vitess-database.gradle.plugin-2025.11.11.053643-0285b4a.jar returned status 404
2025.11.11.141840-60369b5			IOException: Tail request on https://maven-central.storage-download.googleapis.com/maven2/com/squareup/misk/vitess/vitess-database/com.squareup.misk.vitess.vitess-database.gradle.plugin/2025.11.11.141840-60369b5/com.squareup.misk.vitess.vitess-database.gradle.plugin-2025.11.11.141840-60369b5.jar returned status 404
2025.11.11.180500-3b142e8			IOException: Tail request on https://maven-central.storage-download.googleapis.com/maven2/com/squareup/misk/vitess/vitess-database/com.squareup.misk.vitess.vitess-database.gradle.plugin/2025.11.11.180500-3b142e8/com.squareup.misk.vitess.vitess-database.gradle.plugin-2025.11.11.180500-3b142e8.jar returned status 404
2025.11.11.190136-3a2b2b6			IOException: Tail request on https://maven-central.storage-download.googleapis.com/maven2/com/squareup/misk/vitess/vitess-database/com.squareup.misk.vitess.vitess-database.gradle.plugin/2025.11.11.190136-3a2b2b6/com.squareup.misk.vitess.vitess-database.gradle.plugin-2025.11.11.190136-3a2b2b6.jar returned status 404
2025.11.11.190332-75fbca6			IOException: Tail request on https://maven-central.storage-download.googleapis.com/maven2/com/squareup/misk/vitess/vitess-database/com.squareup.misk.vitess.vitess-database.gradle.plugin/2025.11.11.190332-75fbca6/com.squareup.misk.vitess.vitess-database.gradle.plugin-2025.11.11.190332-75fbca6.jar returned status 404
2025.11.11.195957-97a44b0			IOException: Tail request on https://maven-central.storage-download.googleapis.com/maven2/com/squareup/misk/vitess/vitess-database/com.squareup.misk.vitess.vitess-database.gradle.plugin/2025.11.11.195957-97a44b0/com.squareup.misk.vitess.vitess-database.gradle.plugin-2025.11.11.195957-97a44b0.jar returned status 404
2025.11.13.151247-0fcc33e			IOException: Tail request on https://maven-central.storage-download.googleapis.com/maven2/com/squareup/misk/vitess/vitess-database/com.squareup.misk.vitess.vitess-database.gradle.plugin/2025.11.13.151247-0fcc33e/com.squareup.misk.vitess.vitess-database.gradle.plugin-2025.11.13.151247-0fcc33e.jar returned status 404
2025.11.13.220418-e3dba40			IOException: Tail request on https://maven-central.storage-download.googleapis.com/maven2/com/squareup/misk/vitess/vitess-database/com.squareup.misk.vitess.vitess-database.gradle.plugin/2025.11.13.220418-e3dba40/com.squareup.misk.vitess.vitess-database.gradle.plugin-2025.11.13.220418-e3dba40.jar returned status 404
2025.11.14.181200-658b984			IOException: Tail request on https://maven-central.storage-download.googleapis.com/maven2/com/squareup/misk/vitess/vitess-database/com.squareup.misk.vitess.vitess-database.gradle.plugin/2025.11.14.181200-658b984/com.squareup.misk.vitess.vitess-database.gradle.plugin-2025.11.14.181200-658b984.jar returned status 404
2025.11.14.190506-c028231			IOException: Tail request on https://maven-central.storage-download.googleapis.com/maven2/com/squareup/misk/vitess/vitess-database/com.squareup.misk.vitess.vitess-database.gradle.plugin/2025.11.14.190506-c028231/com.squareup.misk.vitess.vitess-database.gradle.plugin-2025.11.14.190506-c028231.jar returned status 404
2025.11.15.014123-a2c7462			IOException: Tail request on https://maven-central.storage-download.googleapis.com/maven2/com/squareup/misk/vitess/vitess-database/com.squareup.misk.vitess.vitess-database.gradle.plugin/2025.11.15.014123-a2c7462/com.squareup.misk.vitess.vitess-database.gradle.plugin-2025.11.15.014123-a2c7462.jar returned status 404
2025.11.17.145525-d6629aa			IOException: Tail request on https://maven-central.storage-download.googleapis.com/maven2/com/squareup/misk/vitess/vitess-database/com.squareup.misk.vitess.vitess-database.gradle.plugin/2025.11.17.145525-d6629aa/com.squareup.misk.vitess.vitess-database.gradle.plugin-2025.11.17.145525-d6629aa.jar returned status 404
2025.11.17.172800-bedf1bb			IOException: Tail request on https://maven-central.storage-download.googleapis.com/maven2/com/squareup/misk/vitess/vitess-database/com.squareup.misk.vitess.vitess-database.gradle.plugin/2025.11.17.172800-bedf1bb/com.squareup.misk.vitess.vitess-database.gradle.plugin-2025.11.17.172800-bedf1bb.jar returned status 404
2025.11.17.190301-e2dd5dd			IOException: Tail request on https://maven-central.storage-download.googleapis.com/maven2/com/squareup/misk/vitess/vitess-database/com.squareup.misk.vitess.vitess-database.gradle.plugin/2025.11.17.190301-e2dd5dd/com.squareup.misk.vitess.vitess-database.gradle.plugin-2025.11.17.190301-e2dd5dd.jar returned status 404
2025.11.18.144124-89ef16f			IOException: Tail request on https://maven-central.storage-download.googleapis.com/maven2/com/squareup/misk/vitess/vitess-database/com.squareup.misk.vitess.vitess-database.gradle.plugin/2025.11.18.144124-89ef16f/com.squareup.misk.vitess.vitess-database.gradle.plugin-2025.11.18.144124-89ef16f.jar returned status 404
2025.11.20.210811-0dfe41e			IOException: Tail request on https://maven-central.storage-download.googleapis.com/maven2/com/squareup/misk/vitess/vitess-database/com.squareup.misk.vitess.vitess-database.gradle.plugin/2025.11.20.210811-0dfe41e/com.squareup.misk.vitess.vitess-database.gradle.plugin-2025.11.20.210811-0dfe41e.jar returned status 404
2025.11.20.211706-576a6be			IOException: Tail request on https://maven-central.storage-download.googleapis.com/maven2/com/squareup/misk/vitess/vitess-database/com.squareup.misk.vitess.vitess-database.gradle.plugin/2025.11.20.211706-576a6be/com.squareup.misk.vitess.vitess-database.gradle.plugin-2025.11.20.211706-576a6be.jar returned status 404
2025.11.20.224641-febaecd			IOException: Tail request on https://maven-central.storage-download.googleapis.com/maven2/com/squareup/misk/vitess/vitess-database/com.squareup.misk.vitess.vitess-database.gradle.plugin/2025.11.20.224641-febaecd/com.squareup.misk.vitess.vitess-database.gradle.plugin-2025.11.20.224641-febaecd.jar returned status 404
2025.11.21.151458-d6c63c5			IOException: Tail request on https://maven-central.storage-download.googleapis.com/maven2/com/squareup/misk/vitess/vitess-database/com.squareup.misk.vitess.vitess-database.gradle.plugin/2025.11.21.151458-d6c63c5/com.squareup.misk.vitess.vitess-database.gradle.plugin-2025.11.21.151458-d6c63c5.jar returned status 404
2025.11.21.182044-8f73181			IOException: Tail request on https://maven-central.storage-download.googleapis.com/maven2/com/squareup/misk/vitess/vitess-database/com.squareup.misk.vitess.vitess-database.gradle.plugin/2025.11.21.182044-8f73181/com.squareup.misk.vitess.vitess-database.gradle.plugin-2025.11.21.182044-8f73181.jar returned status 404
2025.11.21.193913-e0dba9b			IOException: Tail request on https://maven-central.storage-download.googleapis.com/maven2/com/squareup/misk/vitess/vitess-database/com.squareup.misk.vitess.vitess-database.gradle.plugin/2025.11.21.193913-e0dba9b/com.squareup.misk.vitess.vitess-database.gradle.plugin-2025.11.21.193913-e0dba9b.jar returned status 404
2025.11.21.194619-8f3173b			IOException: Tail request on https://maven-central.storage-download.googleapis.com/maven2/com/squareup/misk/vitess/vitess-database/com.squareup.misk.vitess.vitess-database.gradle.plugin/2025.11.21.194619-8f3173b/com.squareup.misk.vitess.vitess-database.gradle.plugin-2025.11.21.194619-8f3173b.jar returned status 404
2025.11.21.194729-841e0fa			IOException: Tail request on https://maven-central.storage-download.googleapis.com/maven2/com/squareup/misk/vitess/vitess-database/com.squareup.misk.vitess.vitess-database.gradle.plugin/2025.11.21.194729-841e0fa/com.squareup.misk.vitess.vitess-database.gradle.plugin-2025.11.21.194729-841e0fa.jar returned status 404
2025.11.24.232858-f5bb7b9			IOException: Tail request on https://maven-central.storage-download.googleapis.com/maven2/com/squareup/misk/vitess/vitess-database/com.squareup.misk.vitess.vitess-database.gradle.plugin/2025.11.24.232858-f5bb7b9/com.squareup.misk.vitess.vitess-database.gradle.plugin-2025.11.24.232858-f5bb7b9.jar returned status 404
2025.11.25.030114-ce34d7d			IOException: Tail request on https://maven-central.storage-download.googleapis.com/maven2/com/squareup/misk/vitess/vitess-database/com.squareup.misk.vitess.vitess-database.gradle.plugin/2025.11.25.030114-ce34d7d/com.squareup.misk.vitess.vitess-database.gradle.plugin-2025.11.25.030114-ce34d7d.jar returned status 404
2025.11.25.171426-50047b6			IOException: Tail request on https://maven-central.storage-download.googleapis.com/maven2/com/squareup/misk/vitess/vitess-database/com.squareup.misk.vitess.vitess-database.gradle.plugin/2025.11.25.171426-50047b6/com.squareup.misk.vitess.vitess-database.gradle.plugin-2025.11.25.171426-50047b6.jar returned status 404
2025.11.25.195841-49d53e1			IOException: Tail request on https://maven-central.storage-download.googleapis.com/maven2/com/squareup/misk/vitess/vitess-database/com.squareup.misk.vitess.vitess-database.gradle.plugin/2025.11.25.195841-49d53e1/com.squareup.misk.vitess.vitess-database.gradle.plugin-2025.11.25.195841-49d53e1.jar returned status 404
2025.11.25.213003-280b33c			IOException: Tail request on https://maven-central.storage-download.googleapis.com/maven2/com/squareup/misk/vitess/vitess-database/com.squareup.misk.vitess.vitess-database.gradle.plugin/2025.11.25.213003-280b33c/com.squareup.misk.vitess.vitess-database.gradle.plugin-2025.11.25.213003-280b33c.jar returned status 404
2025.11.25.214256-f5214ec			IOException: Tail request on https://maven-central.storage-download.googleapis.com/maven2/com/squareup/misk/vitess/vitess-database/com.squareup.misk.vitess.vitess-database.gradle.plugin/2025.11.25.214256-f5214ec/com.squareup.misk.vitess.vitess-database.gradle.plugin-2025.11.25.214256-f5214ec.jar returned status 404
2025.11.26.015301-16eeeaa			IOException: Tail request on https://maven-central.storage-download.googleapis.com/maven2/com/squareup/misk/vitess/vitess-database/com.squareup.misk.vitess.vitess-database.gradle.plugin/2025.11.26.015301-16eeeaa/com.squareup.misk.vitess.vitess-database.gradle.plugin-2025.11.26.015301-16eeeaa.jar returned status 404
2025.11.26.155736-9435a31			IOException: Tail request on https://maven-central.storage-download.googleapis.com/maven2/com/squareup/misk/vitess/vitess-database/com.squareup.misk.vitess.vitess-database.gradle.plugin/2025.11.26.155736-9435a31/com.squareup.misk.vitess.vitess-database.gradle.plugin-2025.11.26.155736-9435a31.jar returned status 404
2025.11.27.163014-940211c			IOException: Tail request on https://maven-central.storage-download.googleapis.com/maven2/com/squareup/misk/vitess/vitess-database/com.squareup.misk.vitess.vitess-database.gradle.plugin/2025.11.27.163014-940211c/com.squareup.misk.vitess.vitess-database.gradle.plugin-2025.11.27.163014-940211c.jar returned status 404
2025.11.27.190306-cbed28c			IOException: Tail request on https://maven-central.storage-download.googleapis.com/maven2/com/squareup/misk/vitess/vitess-database/com.squareup.misk.vitess.vitess-database.gradle.plugin/2025.11.27.190306-cbed28c/com.squareup.misk.vitess.vitess-database.gradle.plugin-2025.11.27.190306-cbed28c.jar returned status 404
2025.12.01.183251-5ac78cc			IOException: Tail request on https://maven-central.storage-download.googleapis.com/maven2/com/squareup/misk/vitess/vitess-database/com.squareup.misk.vitess.vitess-database.gradle.plugin/2025.12.01.183251-5ac78cc/com.squareup.misk.vitess.vitess-database.gradle.plugin-2025.12.01.183251-5ac78cc.jar returned status 404
2025.12.01.214354-518d2fc			IOException: Tail request on https://maven-central.storage-download.googleapis.com/maven2/com/squareup/misk/vitess/vitess-database/com.squareup.misk.vitess.vitess-database.gradle.plugin/2025.12.01.214354-518d2fc/com.squareup.misk.vitess.vitess-database.gradle.plugin-2025.12.01.214354-518d2fc.jar returned status 404
2025.12.01.224937-add75ea			IOException: Tail request on https://maven-central.storage-download.googleapis.com/maven2/com/squareup/misk/vitess/vitess-database/com.squareup.misk.vitess.vitess-database.gradle.plugin/2025.12.01.224937-add75ea/com.squareup.misk.vitess.vitess-database.gradle.plugin-2025.12.01.224937-add75ea.jar returned status 404
2025.12.01.230117-caebf43			IOException: Tail request on https://maven-central.storage-download.googleapis.com/maven2/com/squareup/misk/vitess/vitess-database/com.squareup.misk.vitess.vitess-database.gradle.plugin/2025.12.01.230117-caebf43/com.squareup.misk.vitess.vitess-database.gradle.plugin-2025.12.01.230117-caebf43.jar returned status 404
2025.12.01.231005-71eaefe			IOException: Tail request on https://maven-central.storage-download.googleapis.com/maven2/com/squareup/misk/vitess/vitess-database/com.squareup.misk.vitess.vitess-database.gradle.plugin/2025.12.01.231005-71eaefe/com.squareup.misk.vitess.vitess-database.gradle.plugin-2025.12.01.231005-71eaefe.jar returned status 404
2025.12.02.003132-e41261e			IOException: Tail request on https://maven-central.storage-download.googleapis.com/maven2/com/squareup/misk/vitess/vitess-database/com.squareup.misk.vitess.vitess-database.gradle.plugin/2025.12.02.003132-e41261e/com.squareup.misk.vitess.vitess-database.gradle.plugin-2025.12.02.003132-e41261e.jar returned status 404
2025.12.02.185916-0992092			IOException: Tail request on https://maven-central.storage-download.googleapis.com/maven2/com/squareup/misk/vitess/vitess-database/com.squareup.misk.vitess.vitess-database.gradle.plugin/2025.12.02.185916-0992092/com.squareup.misk.vitess.vitess-database.gradle.plugin-2025.12.02.185916-0992092.jar returned status 404
2025.12.02.202109-49ac24a			IOException: Tail request on https://maven-central.storage-download.googleapis.com/maven2/com/squareup/misk/vitess/vitess-database/com.squareup.misk.vitess.vitess-database.gradle.plugin/2025.12.02.202109-49ac24a/com.squareup.misk.vitess.vitess-database.gradle.plugin-2025.12.02.202109-49ac24a.jar returned status 404
2025.12.02.223510-7e2b422			IOException: Tail request on https://maven-central.storage-download.googleapis.com/maven2/com/squareup/misk/vitess/vitess-database/com.squareup.misk.vitess.vitess-database.gradle.plugin/2025.12.02.223510-7e2b422/com.squareup.misk.vitess.vitess-database.gradle.plugin-2025.12.02.223510-7e2b422.jar returned status 404
2025.12.03.160727-127a078			IOException: Tail request on https://maven-central.storage-download.googleapis.com/maven2/com/squareup/misk/vitess/vitess-database/com.squareup.misk.vitess.vitess-database.gradle.plugin/2025.12.03.160727-127a078/com.squareup.misk.vitess.vitess-database.gradle.plugin-2025.12.03.160727-127a078.jar returned status 404
2025.12.03.191103-3c2fb1d			IOException: Tail request on https://maven-central.storage-download.googleapis.com/maven2/com/squareup/misk/vitess/vitess-database/com.squareup.misk.vitess.vitess-database.gradle.plugin/2025.12.03.191103-3c2fb1d/com.squareup.misk.vitess.vitess-database.gradle.plugin-2025.12.03.191103-3c2fb1d.jar returned status 404
2025.12.03.201945-8c75916			IOException: Tail request on https://maven-central.storage-download.googleapis.com/maven2/com/squareup/misk/vitess/vitess-database/com.squareup.misk.vitess.vitess-database.gradle.plugin/2025.12.03.201945-8c75916/com.squareup.misk.vitess.vitess-database.gradle.plugin-2025.12.03.201945-8c75916.jar returned status 404
2025.12.04.013219-a4ef788			IOException: Tail request on https://maven-central.storage-download.googleapis.com/maven2/com/squareup/misk/vitess/vitess-database/com.squareup.misk.vitess.vitess-database.gradle.plugin/2025.12.04.013219-a4ef788/com.squareup.misk.vitess.vitess-database.gradle.plugin-2025.12.04.013219-a4ef788.jar returned status 404
2025.12.04.015742-bcd10a3			IOException: Tail request on https://maven-central.storage-download.googleapis.com/maven2/com/squareup/misk/vitess/vitess-database/com.squareup.misk.vitess.vitess-database.gradle.plugin/2025.12.04.015742-bcd10a3/com.squareup.misk.vitess.vitess-database.gradle.plugin-2025.12.04.015742-bcd10a3.jar returned status 404
2025.12.04.204050-02eb229			IOException: Tail request on https://maven-central.storage-download.googleapis.com/maven2/com/squareup/misk/vitess/vitess-database/com.squareup.misk.vitess.vitess-database.gradle.plugin/2025.12.04.204050-02eb229/com.squareup.misk.vitess.vitess-database.gradle.plugin-2025.12.04.204050-02eb229.jar returned status 404
2025.12.07.225437-d89e306			IOException: Tail request on https://maven-central.storage-download.googleapis.com/maven2/com/squareup/misk/vitess/vitess-database/com.squareup.misk.vitess.vitess-database.gradle.plugin/2025.12.07.225437-d89e306/com.squareup.misk.vitess.vitess-database.gradle.plugin-2025.12.07.225437-d89e306.jar returned status 404
2025.12.10.045522-87aa12c			IOException: Tail request on https://maven-central.storage-download.googleapis.com/maven2/com/squareup/misk/vitess/vitess-database/com.squareup.misk.vitess.vitess-database.gradle.plugin/2025.12.10.045522-87aa12c/com.squareup.misk.vitess.vitess-database.gradle.plugin-2025.12.10.045522-87aa12c.jar returned status 404
2025.12.10.170644-17c285f			IOException: Tail request on https://maven-central.storage-download.googleapis.com/maven2/com/squareup/misk/vitess/vitess-database/com.squareup.misk.vitess.vitess-database.gradle.plugin/2025.12.10.170644-17c285f/com.squareup.misk.vitess.vitess-database.gradle.plugin-2025.12.10.170644-17c285f.jar returned status 404
2025.12.11.063509-07274bc			IOException: Tail request on https://maven-central.storage-download.googleapis.com/maven2/com/squareup/misk/vitess/vitess-database/com.squareup.misk.vitess.vitess-database.gradle.plugin/2025.12.11.063509-07274bc/com.squareup.misk.vitess.vitess-database.gradle.plugin-2025.12.11.063509-07274bc.jar returned status 404
2025.12.11.161037-e466634			IOException: Tail request on https://maven-central.storage-download.googleapis.com/maven2/com/squareup/misk/vitess/vitess-database/com.squareup.misk.vitess.vitess-database.gradle.plugin/2025.12.11.161037-e466634/com.squareup.misk.vitess.vitess-database.gradle.plugin-2025.12.11.161037-e466634.jar returned status 404
2025.12.11.185406-a413e25			IOException: Tail request on https://maven-central.storage-download.googleapis.com/maven2/com/squareup/misk/vitess/vitess-database/com.squareup.misk.vitess.vitess-database.gradle.plugin/2025.12.11.185406-a413e25/com.squareup.misk.vitess.vitess-database.gradle.plugin-2025.12.11.185406-a413e25.jar returned status 404
2025.12.15.152919-562fc1b			IOException: Tail request on https://maven-central.storage-download.googleapis.com/maven2/com/squareup/misk/vitess/vitess-database/com.squareup.misk.vitess.vitess-database.gradle.plugin/2025.12.15.152919-562fc1b/com.squareup.misk.vitess.vitess-database.gradle.plugin-2025.12.15.152919-562fc1b.jar returned status 404
2025.12.15.203250-ab30fc7			IOException: Tail request on https://maven-central.storage-download.googleapis.com/maven2/com/squareup/misk/vitess/vitess-database/com.squareup.misk.vitess.vitess-database.gradle.plugin/2025.12.15.203250-ab30fc7/com.squareup.misk.vitess.vitess-database.gradle.plugin-2025.12.15.203250-ab30fc7.jar returned status 404
2025.12.16.202418-e6c0286			IOException: Tail request on https://maven-central.storage-download.googleapis.com/maven2/com/squareup/misk/vitess/vitess-database/com.squareup.misk.vitess.vitess-database.gradle.plugin/2025.12.16.202418-e6c0286/com.squareup.misk.vitess.vitess-database.gradle.plugin-2025.12.16.202418-e6c0286.jar returned status 404
2025.12.16.210259-c23b6c5			IOException: Tail request on https://maven-central.storage-download.googleapis.com/maven2/com/squareup/misk/vitess/vitess-database/com.squareup.misk.vitess.vitess-database.gradle.plugin/2025.12.16.210259-c23b6c5/com.squareup.misk.vitess.vitess-database.gradle.plugin-2025.12.16.210259-c23b6c5.jar returned status 404
2025.12.16.222340-169120d			IOException: Tail request on https://maven-central.storage-download.googleapis.com/maven2/com/squareup/misk/vitess/vitess-database/com.squareup.misk.vitess.vitess-database.gradle.plugin/2025.12.16.222340-169120d/com.squareup.misk.vitess.vitess-database.gradle.plugin-2025.12.16.222340-169120d.jar returned status 404
2025.12.17.151014-b02f52d			IOException: Tail request on https://maven-central.storage-download.googleapis.com/maven2/com/squareup/misk/vitess/vitess-database/com.squareup.misk.vitess.vitess-database.gradle.plugin/2025.12.17.151014-b02f52d/com.squareup.misk.vitess.vitess-database.gradle.plugin-2025.12.17.151014-b02f52d.jar returned status 404
2025.12.18.010313-dade186			IOException: Tail request on https://maven-central.storage-download.googleapis.com/maven2/com/squareup/misk/vitess/vitess-database/com.squareup.misk.vitess.vitess-database.gradle.plugin/2025.12.18.010313-dade186/com.squareup.misk.vitess.vitess-database.gradle.plugin-2025.12.18.010313-dade186.jar returned status 404
2025.12.18.170727-2e128dc			IOException: Tail request on https://maven-central.storage-download.googleapis.com/maven2/com/squareup/misk/vitess/vitess-database/com.squareup.misk.vitess.vitess-database.gradle.plugin/2025.12.18.170727-2e128dc/com.squareup.misk.vitess.vitess-database.gradle.plugin-2025.12.18.170727-2e128dc.jar returned status 404
2025.12.18.190627-2b05cda			IOException: Tail request on https://maven-central.storage-download.googleapis.com/maven2/com/squareup/misk/vitess/vitess-database/com.squareup.misk.vitess.vitess-database.gradle.plugin/2025.12.18.190627-2b05cda/com.squareup.misk.vitess.vitess-database.gradle.plugin-2025.12.18.190627-2b05cda.jar returned status 404
2025.12.19.154140-b689988			IOException: Tail request on https://maven-central.storage-download.googleapis.com/maven2/com/squareup/misk/vitess/vitess-database/com.squareup.misk.vitess.vitess-database.gradle.plugin/2025.12.19.154140-b689988/com.squareup.misk.vitess.vitess-database.gradle.plugin-2025.12.19.154140-b689988.jar returned status 404
2025.12.20.012729-0508ba2			IOException: Tail request on https://maven-central.storage-download.googleapis.com/maven2/com/squareup/misk/vitess/vitess-database/com.squareup.misk.vitess.vitess-database.gradle.plugin/2025.12.20.012729-0508ba2/com.squareup.misk.vitess.vitess-database.gradle.plugin-2025.12.20.012729-0508ba2.jar returned status 404
2025.12.22.170005-34841c2			IOException: Tail request on https://maven-central.storage-download.googleapis.com/maven2/com/squareup/misk/vitess/vitess-database/com.squareup.misk.vitess.vitess-database.gradle.plugin/2025.12.22.170005-34841c2/com.squareup.misk.vitess.vitess-database.gradle.plugin-2025.12.22.170005-34841c2.jar returned status 404
2025.12.22.224606-9c8b82a			IOException: Tail request on https://maven-central.storage-download.googleapis.com/maven2/com/squareup/misk/vitess/vitess-database/com.squareup.misk.vitess.vitess-database.gradle.plugin/2025.12.22.224606-9c8b82a/com.squareup.misk.vitess.vitess-database.gradle.plugin-2025.12.22.224606-9c8b82a.jar returned status 404
2026.01.04.163534-d1af60c			IOException: Tail request on https://maven-central.storage-download.googleapis.com/maven2/com/squareup/misk/vitess/vitess-database/com.squareup.misk.vitess.vitess-database.gradle.plugin/2026.01.04.163534-d1af60c/com.squareup.misk.vitess.vitess-database.gradle.plugin-2026.01.04.163534-d1af60c.jar returned status 404
2026.01.06.041650-5d285a7			IOException: Tail request on https://maven-central.storage-download.googleapis.com/maven2/com/squareup/misk/vitess/vitess-database/com.squareup.misk.vitess.vitess-database.gradle.plugin/2026.01.06.041650-5d285a7/com.squareup.misk.vitess.vitess-database.gradle.plugin-2026.01.06.041650-5d285a7.jar returned status 404
2026.01.06.182307-5502ad2			IOException: Tail request on https://maven-central.storage-download.googleapis.com/maven2/com/squareup/misk/vitess/vitess-database/com.squareup.misk.vitess.vitess-database.gradle.plugin/2026.01.06.182307-5502ad2/com.squareup.misk.vitess.vitess-database.gradle.plugin-2026.01.06.182307-5502ad2.jar returned status 404
2026.01.06.195348-bdaa8c8			IOException: Tail request on https://maven-central.storage-download.googleapis.com/maven2/com/squareup/misk/vitess/vitess-database/com.squareup.misk.vitess.vitess-database.gradle.plugin/2026.01.06.195348-bdaa8c8/com.squareup.misk.vitess.vitess-database.gradle.plugin-2026.01.06.195348-bdaa8c8.jar returned status 404
2026.01.06.195501-3dd7086			IOException: Tail request on https://maven-central.storage-download.googleapis.com/maven2/com/squareup/misk/vitess/vitess-database/com.squareup.misk.vitess.vitess-database.gradle.plugin/2026.01.06.195501-3dd7086/com.squareup.misk.vitess.vitess-database.gradle.plugin-2026.01.06.195501-3dd7086.jar returned status 404
2026.01.06.200549-ed63e02			IOException: Tail request on https://maven-central.storage-download.googleapis.com/maven2/com/squareup/misk/vitess/vitess-database/com.squareup.misk.vitess.vitess-database.gradle.plugin/2026.01.06.200549-ed63e02/com.squareup.misk.vitess.vitess-database.gradle.plugin-2026.01.06.200549-ed63e02.jar returned status 404
2026.01.07.154210-2912721			IOException: Tail request on https://maven-central.storage-download.googleapis.com/maven2/com/squareup/misk/vitess/vitess-database/com.squareup.misk.vitess.vitess-database.gradle.plugin/2026.01.07.154210-2912721/com.squareup.misk.vitess.vitess-database.gradle.plugin-2026.01.07.154210-2912721.jar returned status 404
2026.01.08.211816-91f1923			IOException: Tail request on https://maven-central.storage-download.googleapis.com/maven2/com/squareup/misk/vitess/vitess-database/com.squareup.misk.vitess.vitess-database.gradle.plugin/2026.01.08.211816-91f1923/com.squareup.misk.vitess.vitess-database.gradle.plugin-2026.01.08.211816-91f1923.jar returned status 404
2026.01.12.201209-ae9b3be			IOException: Tail request on https://maven-central.storage-download.googleapis.com/maven2/com/squareup/misk/vitess/vitess-database/com.squareup.misk.vitess.vitess-database.gradle.plugin/2026.01.12.201209-ae9b3be/com.squareup.misk.vitess.vitess-database.gradle.plugin-2026.01.12.201209-ae9b3be.jar returned status 404
2026.01.13.041158-38b0745			IOException: Tail request on https://maven-central.storage-download.googleapis.com/maven2/com/squareup/misk/vitess/vitess-database/com.squareup.misk.vitess.vitess-database.gradle.plugin/2026.01.13.041158-38b0745/com.squareup.misk.vitess.vitess-database.gradle.plugin-2026.01.13.041158-38b0745.jar returned status 404
2026.01.13.223858-f7f0f34			IOException: Tail request on https://maven-central.storage-download.googleapis.com/maven2/com/squareup/misk/vitess/vitess-database/com.squareup.misk.vitess.vitess-database.gradle.plugin/2026.01.13.223858-f7f0f34/com.squareup.misk.vitess.vitess-database.gradle.plugin-2026.01.13.223858-f7f0f34.jar returned status 404
2026.01.20.043315-ec05da2			IOException: Tail request on https://maven-central.storage-download.googleapis.com/maven2/com/squareup/misk/vitess/vitess-database/com.squareup.misk.vitess.vitess-database.gradle.plugin/2026.01.20.043315-ec05da2/com.squareup.misk.vitess.vitess-database.gradle.plugin-2026.01.20.043315-ec05da2.jar returned status 404
2026.01.21.185212-38a9544			IOException: Tail request on https://maven-central.storage-download.googleapis.com/maven2/com/squareup/misk/vitess/vitess-database/com.squareup.misk.vitess.vitess-database.gradle.plugin/2026.01.21.185212-38a9544/com.squareup.misk.vitess.vitess-database.gradle.plugin-2026.01.21.185212-38a9544.jar returned status 404
2026.01.21.191808-6d59508			IOException: Tail request on https://maven-central.storage-download.googleapis.com/maven2/com/squareup/misk/vitess/vitess-database/com.squareup.misk.vitess.vitess-database.gradle.plugin/2026.01.21.191808-6d59508/com.squareup.misk.vitess.vitess-database.gradle.plugin-2026.01.21.191808-6d59508.jar returned status 404
2026.01.26.211156-745cee9			IOException: Tail request on https://maven-central.storage-download.googleapis.com/maven2/com/squareup/misk/vitess/vitess-database/com.squareup.misk.vitess.vitess-database.gradle.plugin/2026.01.26.211156-745cee9/com.squareup.misk.vitess.vitess-database.gradle.plugin-2026.01.26.211156-745cee9.jar returned status 404
2026.01.27.031605-0eeaf8d			IOException: Tail request on https://maven-central.storage-download.googleapis.com/maven2/com/squareup/misk/vitess/vitess-database/com.squareup.misk.vitess.vitess-database.gradle.plugin/2026.01.27.031605-0eeaf8d/com.squareup.misk.vitess.vitess-database.gradle.plugin-2026.01.27.031605-0eeaf8d.jar returned status 404
2026.01.27.211212-9ca2675			IOException: Tail request on https://maven-central.storage-download.googleapis.com/maven2/com/squareup/misk/vitess/vitess-database/com.squareup.misk.vitess.vitess-database.gradle.plugin/2026.01.27.211212-9ca2675/com.squareup.misk.vitess.vitess-database.gradle.plugin-2026.01.27.211212-9ca2675.jar returned status 404
2026.01.28.223633-2dd7633			IOException: Tail request on https://maven-central.storage-download.googleapis.com/maven2/com/squareup/misk/vitess/vitess-database/com.squareup.misk.vitess.vitess-database.gradle.plugin/2026.01.28.223633-2dd7633/com.squareup.misk.vitess.vitess-database.gradle.plugin-2026.01.28.223633-2dd7633.jar returned status 404
2026.01.29.201535-5d084fc			IOException: Tail request on https://maven-central.storage-download.googleapis.com/maven2/com/squareup/misk/vitess/vitess-database/com.squareup.misk.vitess.vitess-database.gradle.plugin/2026.01.29.201535-5d084fc/com.squareup.misk.vitess.vitess-database.gradle.plugin-2026.01.29.201535-5d084fc.jar returned status 404
2026.02.02.012107-06f2b56			IOException: Tail request on https://maven-central.storage-download.googleapis.com/maven2/com/squareup/misk/vitess/vitess-database/com.squareup.misk.vitess.vitess-database.gradle.plugin/2026.02.02.012107-06f2b56/com.squareup.misk.vitess.vitess-database.gradle.plugin-2026.02.02.012107-06f2b56.jar returned status 404
2026.02.02.175004-3b0c515			IOException: Tail request on https://maven-central.storage-download.googleapis.com/maven2/com/squareup/misk/vitess/vitess-database/com.squareup.misk.vitess.vitess-database.gradle.plugin/2026.02.02.175004-3b0c515/com.squareup.misk.vitess.vitess-database.gradle.plugin-2026.02.02.175004-3b0c515.jar returned status 404
2026.02.02.233540-8d4b07b			IOException: Tail request on https://maven-central.storage-download.googleapis.com/maven2/com/squareup/misk/vitess/vitess-database/com.squareup.misk.vitess.vitess-database.gradle.plugin/2026.02.02.233540-8d4b07b/com.squareup.misk.vitess.vitess-database.gradle.plugin-2026.02.02.233540-8d4b07b.jar returned status 404
2026.02.03.021805-b158528			IOException: Tail request on https://maven-central.storage-download.googleapis.com/maven2/com/squareup/misk/vitess/vitess-database/com.squareup.misk.vitess.vitess-database.gradle.plugin/2026.02.03.021805-b158528/com.squareup.misk.vitess.vitess-database.gradle.plugin-2026.02.03.021805-b158528.jar returned status 404
2026.02.03.161807-aae6838			IOException: Tail request on https://maven-central.storage-download.googleapis.com/maven2/com/squareup/misk/vitess/vitess-database/com.squareup.misk.vitess.vitess-database.gradle.plugin/2026.02.03.161807-aae6838/com.squareup.misk.vitess.vitess-database.gradle.plugin-2026.02.03.161807-aae6838.jar returned status 404
2026.02.03.204959-5a1dc92			IOException: Tail request on https://maven-central.storage-download.googleapis.com/maven2/com/squareup/misk/vitess/vitess-database/com.squareup.misk.vitess.vitess-database.gradle.plugin/2026.02.03.204959-5a1dc92/com.squareup.misk.vitess.vitess-database.gradle.plugin-2026.02.03.204959-5a1dc92.jar returned status 404
2026.02.10.164122-212cd12			IOException: Tail request on https://maven-central.storage-download.googleapis.com/maven2/com/squareup/misk/vitess/vitess-database/com.squareup.misk.vitess.vitess-database.gradle.plugin/2026.02.10.164122-212cd12/com.squareup.misk.vitess.vitess-database.gradle.plugin-2026.02.10.164122-212cd12.jar returned status 404
2026.02.10.201737-aebc832			IOException: Tail request on https://maven-central.storage-download.googleapis.com/maven2/com/squareup/misk/vitess/vitess-database/com.squareup.misk.vitess.vitess-database.gradle.plugin/2026.02.10.201737-aebc832/com.squareup.misk.vitess.vitess-database.gradle.plugin-2026.02.10.201737-aebc832.jar returned status 404
2026.02.10.202144-ca53203			IOException: Tail request on https://maven-central.storage-download.googleapis.com/maven2/com/squareup/misk/vitess/vitess-database/com.squareup.misk.vitess.vitess-database.gradle.plugin/2026.02.10.202144-ca53203/com.squareup.misk.vitess.vitess-database.gradle.plugin-2026.02.10.202144-ca53203.jar returned status 404
2026.02.10.221457-26aae7c			IOException: Tail request on https://maven-central.storage-download.googleapis.com/maven2/com/squareup/misk/vitess/vitess-database/com.squareup.misk.vitess.vitess-database.gradle.plugin/2026.02.10.221457-26aae7c/com.squareup.misk.vitess.vitess-database.gradle.plugin-2026.02.10.221457-26aae7c.jar returned status 404
2026.02.10.221635-73aac40			IOException: Tail request on https://maven-central.storage-download.googleapis.com/maven2/com/squareup/misk/vitess/vitess-database/com.squareup.misk.vitess.vitess-database.gradle.plugin/2026.02.10.221635-73aac40/com.squareup.misk.vitess.vitess-database.gradle.plugin-2026.02.10.221635-73aac40.jar returned status 404
2026.02.11.135206-f53befc			IOException: Tail request on https://maven-central.storage-download.googleapis.com/maven2/com/squareup/misk/vitess/vitess-database/com.squareup.misk.vitess.vitess-database.gradle.plugin/2026.02.11.135206-f53befc/com.squareup.misk.vitess.vitess-database.gradle.plugin-2026.02.11.135206-f53befc.jar returned status 404
2026.02.12.144539-fae6a0b			IOException: Tail request on https://maven-central.storage-download.googleapis.com/maven2/com/squareup/misk/vitess/vitess-database/com.squareup.misk.vitess.vitess-database.gradle.plugin/2026.02.12.144539-fae6a0b/com.squareup.misk.vitess.vitess-database.gradle.plugin-2026.02.12.144539-fae6a0b.jar returned status 404
2026.02.12.160202-834a9f8			IOException: Tail request on https://maven-central.storage-download.googleapis.com/maven2/com/squareup/misk/vitess/vitess-database/com.squareup.misk.vitess.vitess-database.gradle.plugin/2026.02.12.160202-834a9f8/com.squareup.misk.vitess.vitess-database.gradle.plugin-2026.02.12.160202-834a9f8.jar returned status 404
2026.02.12.214942-08a35e2			IOException: Tail request on https://maven-central.storage-download.googleapis.com/maven2/com/squareup/misk/vitess/vitess-database/com.squareup.misk.vitess.vitess-database.gradle.plugin/2026.02.12.214942-08a35e2/com.squareup.misk.vitess.vitess-database.gradle.plugin-2026.02.12.214942-08a35e2.jar returned status 404
2026.02.14.023725-1db1eee			IOException: Tail request on https://maven-central.storage-download.googleapis.com/maven2/com/squareup/misk/vitess/vitess-database/com.squareup.misk.vitess.vitess-database.gradle.plugin/2026.02.14.023725-1db1eee/com.squareup.misk.vitess.vitess-database.gradle.plugin-2026.02.14.023725-1db1eee.jar returned status 404
2026.02.17.045205-66b9464			IOException: Tail request on https://maven-central.storage-download.googleapis.com/maven2/com/squareup/misk/vitess/vitess-database/com.squareup.misk.vitess.vitess-database.gradle.plugin/2026.02.17.045205-66b9464/com.squareup.misk.vitess.vitess-database.gradle.plugin-2026.02.17.045205-66b9464.jar returned status 404
2026.02.17.052330-d516761			IOException: Tail request on https://maven-central.storage-download.googleapis.com/maven2/com/squareup/misk/vitess/vitess-database/com.squareup.misk.vitess.vitess-database.gradle.plugin/2026.02.17.052330-d516761/com.squareup.misk.vitess.vitess-database.gradle.plugin-2026.02.17.052330-d516761.jar returned status 404
2026.02.17.220858-584868a			IOException: Tail request on https://maven-central.storage-download.googleapis.com/maven2/com/squareup/misk/vitess/vitess-database/com.squareup.misk.vitess.vitess-database.gradle.plugin/2026.02.17.220858-584868a/com.squareup.misk.vitess.vitess-database.gradle.plugin-2026.02.17.220858-584868a.jar returned status 404
2026.02.17.234634-21dfc04			IOException: Tail request on https://maven-central.storage-download.googleapis.com/maven2/com/squareup/misk/vitess/vitess-database/com.squareup.misk.vitess.vitess-database.gradle.plugin/2026.02.17.234634-21dfc04/com.squareup.misk.vitess.vitess-database.gradle.plugin-2026.02.17.234634-21dfc04.jar returned status 404
2026.02.18.173134-bf5e689			IOException: Tail request on https://maven-central.storage-download.googleapis.com/maven2/com/squareup/misk/vitess/vitess-database/com.squareup.misk.vitess.vitess-database.gradle.plugin/2026.02.18.173134-bf5e689/com.squareup.misk.vitess.vitess-database.gradle.plugin-2026.02.18.173134-bf5e689.jar returned status 404
2026.02.19.193101-07cb24d			IOException: Tail request on https://maven-central.storage-download.googleapis.com/maven2/com/squareup/misk/vitess/vitess-database/com.squareup.misk.vitess.vitess-database.gradle.plugin/2026.02.19.193101-07cb24d/com.squareup.misk.vitess.vitess-database.gradle.plugin-2026.02.19.193101-07cb24d.jar returned status 404
2026.02.19.220226-ffabdfc			IOException: Tail request on https://maven-central.storage-download.googleapis.com/maven2/com/squareup/misk/vitess/vitess-database/com.squareup.misk.vitess.vitess-database.gradle.plugin/2026.02.19.220226-ffabdfc/com.squareup.misk.vitess.vitess-database.gradle.plugin-2026.02.19.220226-ffabdfc.jar returned status 404
2026.02.19.221444-5584a37			IOException: Tail request on https://maven-central.storage-download.googleapis.com/maven2/com/squareup/misk/vitess/vitess-database/com.squareup.misk.vitess.vitess-database.gradle.plugin/2026.02.19.221444-5584a37/com.squareup.misk.vitess.vitess-database.gradle.plugin-2026.02.19.221444-5584a37.jar returned status 404
2026.02.23.162104-a5b2d82			IOException: Tail request on https://maven-central.storage-download.googleapis.com/maven2/com/squareup/misk/vitess/vitess-database/com.squareup.misk.vitess.vitess-database.gradle.plugin/2026.02.23.162104-a5b2d82/com.squareup.misk.vitess.vitess-database.gradle.plugin-2026.02.23.162104-a5b2d82.jar returned status 404
2026.02.23.214122-d027048			IOException: Tail request on https://maven-central.storage-download.googleapis.com/maven2/com/squareup/misk/vitess/vitess-database/com.squareup.misk.vitess.vitess-database.gradle.plugin/2026.02.23.214122-d027048/com.squareup.misk.vitess.vitess-database.gradle.plugin-2026.02.23.214122-d027048.jar returned status 404
2026.02.24.133039-644cbe5			IOException: Tail request on https://maven-central.storage-download.googleapis.com/maven2/com/squareup/misk/vitess/vitess-database/com.squareup.misk.vitess.vitess-database.gradle.plugin/2026.02.24.133039-644cbe5/com.squareup.misk.vitess.vitess-database.gradle.plugin-2026.02.24.133039-644cbe5.jar returned status 404
2026.02.24.175905-15ffdb4			IOException: Tail request on https://maven-central.storage-download.googleapis.com/maven2/com/squareup/misk/vitess/vitess-database/com.squareup.misk.vitess.vitess-database.gradle.plugin/2026.02.24.175905-15ffdb4/com.squareup.misk.vitess.vitess-database.gradle.plugin-2026.02.24.175905-15ffdb4.jar returned status 404
2026.02.26.204055-0e40dbd			IOException: Tail request on https://maven-central.storage-download.googleapis.com/maven2/com/squareup/misk/vitess/vitess-database/com.squareup.misk.vitess.vitess-database.gradle.plugin/2026.02.26.204055-0e40dbd/com.squareup.misk.vitess.vitess-database.gradle.plugin-2026.02.26.204055-0e40dbd.jar returned status 404
2026.03.06.171816-72c39ba			IOException: Tail request on https://maven-central.storage-download.googleapis.com/maven2/com/squareup/misk/vitess/vitess-database/com.squareup.misk.vitess.vitess-database.gradle.plugin/2026.03.06.171816-72c39ba/com.squareup.misk.vitess.vitess-database.gradle.plugin-2026.03.06.171816-72c39ba.jar returned status 404
2026.03.06.233340-29415f1			IOException: Tail request on https://maven-central.storage-download.googleapis.com/maven2/com/squareup/misk/vitess/vitess-database/com.squareup.misk.vitess.vitess-database.gradle.plugin/2026.03.06.233340-29415f1/com.squareup.misk.vitess.vitess-database.gradle.plugin-2026.03.06.233340-29415f1.jar returned status 404
2026.03.10.182522-aa6ea14			IOException: Tail request on https://maven-central.storage-download.googleapis.com/maven2/com/squareup/misk/vitess/vitess-database/com.squareup.misk.vitess.vitess-database.gradle.plugin/2026.03.10.182522-aa6ea14/com.squareup.misk.vitess.vitess-database.gradle.plugin-2026.03.10.182522-aa6ea14.jar returned status 404
2026.03.11.220604-e7dfa1e			IOException: Tail request on https://maven-central.storage-download.googleapis.com/maven2/com/squareup/misk/vitess/vitess-database/com.squareup.misk.vitess.vitess-database.gradle.plugin/2026.03.11.220604-e7dfa1e/com.squareup.misk.vitess.vitess-database.gradle.plugin-2026.03.11.220604-e7dfa1e.jar returned status 404
2026.03.11.221308-ba13a6c			IOException: Tail request on https://maven-central.storage-download.googleapis.com/maven2/com/squareup/misk/vitess/vitess-database/com.squareup.misk.vitess.vitess-database.gradle.plugin/2026.03.11.221308-ba13a6c/com.squareup.misk.vitess.vitess-database.gradle.plugin-2026.03.11.221308-ba13a6c.jar returned status 404
2026.03.12.054535-5f07141			IOException: Tail request on https://maven-central.storage-download.googleapis.com/maven2/com/squareup/misk/vitess/vitess-database/com.squareup.misk.vitess.vitess-database.gradle.plugin/2026.03.12.054535-5f07141/com.squareup.misk.vitess.vitess-database.gradle.plugin-2026.03.12.054535-5f07141.jar returned status 404
2026.03.12.140825-e9eb3c8			IOException: Tail request on https://maven-central.storage-download.googleapis.com/maven2/com/squareup/misk/vitess/vitess-database/com.squareup.misk.vitess.vitess-database.gradle.plugin/2026.03.12.140825-e9eb3c8/com.squareup.misk.vitess.vitess-database.gradle.plugin-2026.03.12.140825-e9eb3c8.jar returned status 404
2026.03.12.215957-4b2a6e4			IOException: Tail request on https://maven-central.storage-download.googleapis.com/maven2/com/squareup/misk/vitess/vitess-database/com.squareup.misk.vitess.vitess-database.gradle.plugin/2026.03.12.215957-4b2a6e4/com.squareup.misk.vitess.vitess-database.gradle.plugin-2026.03.12.215957-4b2a6e4.jar returned status 404
2026.03.13.032430-9602860			IOException: Tail request on https://maven-central.storage-download.googleapis.com/maven2/com/squareup/misk/vitess/vitess-database/com.squareup.misk.vitess.vitess-database.gradle.plugin/2026.03.13.032430-9602860/com.squareup.misk.vitess.vitess-database.gradle.plugin-2026.03.13.032430-9602860.jar returned status 404
2026.03.13.135028-aeef173			IOException: Tail request on https://maven-central.storage-download.googleapis.com/maven2/com/squareup/misk/vitess/vitess-database/com.squareup.misk.vitess.vitess-database.gradle.plugin/2026.03.13.135028-aeef173/com.squareup.misk.vitess.vitess-database.gradle.plugin-2026.03.13.135028-aeef173.jar returned status 404
2026.03.13.235452-09056a1			IOException: Tail request on https://maven-central.storage-download.googleapis.com/maven2/com/squareup/misk/vitess/vitess-database/com.squareup.misk.vitess.vitess-database.gradle.plugin/2026.03.13.235452-09056a1/com.squareup.misk.vitess.vitess-database.gradle.plugin-2026.03.13.235452-09056a1.jar returned status 404
2026.03.16.141459-b036f67			IOException: Tail request on https://maven-central.storage-download.googleapis.com/maven2/com/squareup/misk/vitess/vitess-database/com.squareup.misk.vitess.vitess-database.gradle.plugin/2026.03.16.141459-b036f67/com.squareup.misk.vitess.vitess-database.gradle.plugin-2026.03.16.141459-b036f67.jar returned status 404
2026.03.17.165206-770a6f5			IOException: Tail request on https://maven-central.storage-download.googleapis.com/maven2/com/squareup/misk/vitess/vitess-database/com.squareup.misk.vitess.vitess-database.gradle.plugin/2026.03.17.165206-770a6f5/com.squareup.misk.vitess.vitess-database.gradle.plugin-2026.03.17.165206-770a6f5.jar returned status 404
2026.03.19.144402-97c0613			IOException: Tail request on https://maven-central.storage-download.googleapis.com/maven2/com/squareup/misk/vitess/vitess-database/com.squareup.misk.vitess.vitess-database.gradle.plugin/2026.03.19.144402-97c0613/com.squareup.misk.vitess.vitess-database.gradle.plugin-2026.03.19.144402-97c0613.jar returned status 404
2026.03.19.180705-f87ffc7			IOException: Tail request on https://maven-central.storage-download.googleapis.com/maven2/com/squareup/misk/vitess/vitess-database/com.squareup.misk.vitess.vitess-database.gradle.plugin/2026.03.19.180705-f87ffc7/com.squareup.misk.vitess.vitess-database.gradle.plugin-2026.03.19.180705-f87ffc7.jar returned status 404
2026.03.21.040222-1573f1e			IOException: Tail request on https://maven-central.storage-download.googleapis.com/maven2/com/squareup/misk/vitess/vitess-database/com.squareup.misk.vitess.vitess-database.gradle.plugin/2026.03.21.040222-1573f1e/com.squareup.misk.vitess.vitess-database.gradle.plugin-2026.03.21.040222-1573f1e.jar returned status 404
2026.03.23.012728-aac670d			IOException: Tail request on https://maven-central.storage-download.googleapis.com/maven2/com/squareup/misk/vitess/vitess-database/com.squareup.misk.vitess.vitess-database.gradle.plugin/2026.03.23.012728-aac670d/com.squareup.misk.vitess.vitess-database.gradle.plugin-2026.03.23.012728-aac670d.jar returned status 404
2026.03.23.013741-61a419c			IOException: Tail request on https://maven-central.storage-download.googleapis.com/maven2/com/squareup/misk/vitess/vitess-database/com.squareup.misk.vitess.vitess-database.gradle.plugin/2026.03.23.013741-61a419c/com.squareup.misk.vitess.vitess-database.gradle.plugin-2026.03.23.013741-61a419c.jar returned status 404
2026.03.23.015754-7c7299e			IOException: Tail request on https://maven-central.storage-download.googleapis.com/maven2/com/squareup/misk/vitess/vitess-database/com.squareup.misk.vitess.vitess-database.gradle.plugin/2026.03.23.015754-7c7299e/com.squareup.misk.vitess.vitess-database.gradle.plugin-2026.03.23.015754-7c7299e.jar returned status 404
2026.03.23.140538-053a0b9			IOException: Tail request on https://maven-central.storage-download.googleapis.com/maven2/com/squareup/misk/vitess/vitess-database/com.squareup.misk.vitess.vitess-database.gradle.plugin/2026.03.23.140538-053a0b9/com.squareup.misk.vitess.vitess-database.gradle.plugin-2026.03.23.140538-053a0b9.jar returned status 404
2026.03.23.172900-0f2f8cc			IOException: Tail request on https://maven-central.storage-download.googleapis.com/maven2/com/squareup/misk/vitess/vitess-database/com.squareup.misk.vitess.vitess-database.gradle.plugin/2026.03.23.172900-0f2f8cc/com.squareup.misk.vitess.vitess-database.gradle.plugin-2026.03.23.172900-0f2f8cc.jar returned status 404
2026.03.23.234737-93e1363			IOException: Tail request on https://maven-central.storage-download.googleapis.com/maven2/com/squareup/misk/vitess/vitess-database/com.squareup.misk.vitess.vitess-database.gradle.plugin/2026.03.23.234737-93e1363/com.squareup.misk.vitess.vitess-database.gradle.plugin-2026.03.23.234737-93e1363.jar returned status 404
2026.03.23.235553-ede4bde			IOException: Tail request on https://maven-central.storage-download.googleapis.com/maven2/com/squareup/misk/vitess/vitess-database/com.squareup.misk.vitess.vitess-database.gradle.plugin/2026.03.23.235553-ede4bde/com.squareup.misk.vitess.vitess-database.gradle.plugin-2026.03.23.235553-ede4bde.jar returned status 404
2026.03.24.021929-9be2dd1			IOException: Tail request on https://maven-central.storage-download.googleapis.com/maven2/com/squareup/misk/vitess/vitess-database/com.squareup.misk.vitess.vitess-database.gradle.plugin/2026.03.24.021929-9be2dd1/com.squareup.misk.vitess.vitess-database.gradle.plugin-2026.03.24.021929-9be2dd1.jar returned status 404
2026.03.24.022847-60c7bfc			IOException: Tail request on https://maven-central.storage-download.googleapis.com/maven2/com/squareup/misk/vitess/vitess-database/com.squareup.misk.vitess.vitess-database.gradle.plugin/2026.03.24.022847-60c7bfc/com.squareup.misk.vitess.vitess-database.gradle.plugin-2026.03.24.022847-60c7bfc.jar returned status 404
2026.03.24.043838-93ee0ef			IOException: Tail request on https://maven-central.storage-download.googleapis.com/maven2/com/squareup/misk/vitess/vitess-database/com.squareup.misk.vitess.vitess-database.gradle.plugin/2026.03.24.043838-93ee0ef/com.squareup.misk.vitess.vitess-database.gradle.plugin-2026.03.24.043838-93ee0ef.jar returned status 404
2026.03.24.051311-8fafc6a			IOException: Tail request on https://maven-central.storage-download.googleapis.com/maven2/com/squareup/misk/vitess/vitess-database/com.squareup.misk.vitess.vitess-database.gradle.plugin/2026.03.24.051311-8fafc6a/com.squareup.misk.vitess.vitess-database.gradle.plugin-2026.03.24.051311-8fafc6a.jar returned status 404
2026.03.25.123043-1c0b0d9			IOException: Tail request on https://maven-central.storage-download.googleapis.com/maven2/com/squareup/misk/vitess/vitess-database/com.squareup.misk.vitess.vitess-database.gradle.plugin/2026.03.25.123043-1c0b0d9/com.squareup.misk.vitess.vitess-database.gradle.plugin-2026.03.25.123043-1c0b0d9.jar returned status 404
2026.03.25.201139-6d75ca9			IOException: Tail request on https://maven-central.storage-download.googleapis.com/maven2/com/squareup/misk/vitess/vitess-database/com.squareup.misk.vitess.vitess-database.gradle.plugin/2026.03.25.201139-6d75ca9/com.squareup.misk.vitess.vitess-database.gradle.plugin-2026.03.25.201139-6d75ca9.jar returned status 404
2026.03.26.232208-8c9336b			IOException: Tail request on https://maven-central.storage-download.googleapis.com/maven2/com/squareup/misk/vitess/vitess-database/com.squareup.misk.vitess.vitess-database.gradle.plugin/2026.03.26.232208-8c9336b/com.squareup.misk.vitess.vitess-database.gradle.plugin-2026.03.26.232208-8c9336b.jar returned status 404
2026.03.30.144532-473f5c0			IOException: Tail request on https://maven-central.storage-download.googleapis.com/maven2/com/squareup/misk/vitess/vitess-database/com.squareup.misk.vitess.vitess-database.gradle.plugin/2026.03.30.144532-473f5c0/com.squareup.misk.vitess.vitess-database.gradle.plugin-2026.03.30.144532-473f5c0.jar returned status 404
2026.03.30.155832-5423eb1			IOException: Tail request on https://maven-central.storage-download.googleapis.com/maven2/com/squareup/misk/vitess/vitess-database/com.squareup.misk.vitess.vitess-database.gradle.plugin/2026.03.30.155832-5423eb1/com.squareup.misk.vitess.vitess-database.gradle.plugin-2026.03.30.155832-5423eb1.jar returned status 404
2026.03.31.220029-ed8546b			IOException: Tail request on https://maven-central.storage-download.googleapis.com/maven2/com/squareup/misk/vitess/vitess-database/com.squareup.misk.vitess.vitess-database.gradle.plugin/2026.03.31.220029-ed8546b/com.squareup.misk.vitess.vitess-database.gradle.plugin-2026.03.31.220029-ed8546b.jar returned status 404
2026.04.01.025651-0f78c26			IOException: Tail request on https://maven-central.storage-download.googleapis.com/maven2/com/squareup/misk/vitess/vitess-database/com.squareup.misk.vitess.vitess-database.gradle.plugin/2026.04.01.025651-0f78c26/com.squareup.misk.vitess.vitess-database.gradle.plugin-2026.04.01.025651-0f78c26.jar returned status 404
2026.04.01.165629-448a83d			IOException: Tail request on https://maven-central.storage-download.googleapis.com/maven2/com/squareup/misk/vitess/vitess-database/com.squareup.misk.vitess.vitess-database.gradle.plugin/2026.04.01.165629-448a83d/com.squareup.misk.vitess.vitess-database.gradle.plugin-2026.04.01.165629-448a83d.jar returned status 404
2026.04.02.034037-9711d31			IOException: Tail request on https://maven-central.storage-download.googleapis.com/maven2/com/squareup/misk/vitess/vitess-database/com.squareup.misk.vitess.vitess-database.gradle.plugin/2026.04.02.034037-9711d31/com.squareup.misk.vitess.vitess-database.gradle.plugin-2026.04.02.034037-9711d31.jar returned status 404
2026.04.02.063214-4cb84d8			IOException: Tail request on https://maven-central.storage-download.googleapis.com/maven2/com/squareup/misk/vitess/vitess-database/com.squareup.misk.vitess.vitess-database.gradle.plugin/2026.04.02.063214-4cb84d8/com.squareup.misk.vitess.vitess-database.gradle.plugin-2026.04.02.063214-4cb84d8.jar returned status 404
2026.04.03.011609-13ce21b			IOException: Tail request on https://maven-central.storage-download.googleapis.com/maven2/com/squareup/misk/vitess/vitess-database/com.squareup.misk.vitess.vitess-database.gradle.plugin/2026.04.03.011609-13ce21b/com.squareup.misk.vitess.vitess-database.gradle.plugin-2026.04.03.011609-13ce21b.jar returned status 404
2026.04.03.201429-3420f5d			IOException: Tail request on https://maven-central.storage-download.googleapis.com/maven2/com/squareup/misk/vitess/vitess-database/com.squareup.misk.vitess.vitess-database.gradle.plugin/2026.04.03.201429-3420f5d/com.squareup.misk.vitess.vitess-database.gradle.plugin-2026.04.03.201429-3420f5d.jar returned status 404
2026.04.07.201317-9b662d4			IOException: Tail request on https://maven-central.storage-download.googleapis.com/maven2/com/squareup/misk/vitess/vitess-database/com.squareup.misk.vitess.vitess-database.gradle.plugin/2026.04.07.201317-9b662d4/com.squareup.misk.vitess.vitess-database.gradle.plugin-2026.04.07.201317-9b662d4.jar returned status 404
2026.04.08.004134-99d0287			IOException: Tail request on https://maven-central.storage-download.googleapis.com/maven2/com/squareup/misk/vitess/vitess-database/com.squareup.misk.vitess.vitess-database.gradle.plugin/2026.04.08.004134-99d0287/com.squareup.misk.vitess.vitess-database.gradle.plugin-2026.04.08.004134-99d0287.jar returned status 404
2026.04.08.184003-a20df7c			IOException: Tail request on https://maven-central.storage-download.googleapis.com/maven2/com/squareup/misk/vitess/vitess-database/com.squareup.misk.vitess.vitess-database.gradle.plugin/2026.04.08.184003-a20df7c/com.squareup.misk.vitess.vitess-database.gradle.plugin-2026.04.08.184003-a20df7c.jar returned status 404
2026.04.09.161800-39fe658			IOException: Tail request on https://maven-central.storage-download.googleapis.com/maven2/com/squareup/misk/vitess/vitess-database/com.squareup.misk.vitess.vitess-database.gradle.plugin/2026.04.09.161800-39fe658/com.squareup.misk.vitess.vitess-database.gradle.plugin-2026.04.09.161800-39fe658.jar returned status 404
2026.04.09.202754-924cd3a			IOException: Tail request on https://maven-central.storage-download.googleapis.com/maven2/com/squareup/misk/vitess/vitess-database/com.squareup.misk.vitess.vitess-database.gradle.plugin/2026.04.09.202754-924cd3a/com.squareup.misk.vitess.vitess-database.gradle.plugin-2026.04.09.202754-924cd3a.jar returned status 404
2026.04.10.025724-2e9e286			IOException: Tail request on https://maven-central.storage-download.googleapis.com/maven2/com/squareup/misk/vitess/vitess-database/com.squareup.misk.vitess.vitess-database.gradle.plugin/2026.04.10.025724-2e9e286/com.squareup.misk.vitess.vitess-database.gradle.plugin-2026.04.10.025724-2e9e286.jar returned status 404
2026.04.15.204000-ed3de39			IOException: Tail request on https://maven-central.storage-download.googleapis.com/maven2/com/squareup/misk/vitess/vitess-database/com.squareup.misk.vitess.vitess-database.gradle.plugin/2026.04.15.204000-ed3de39/com.squareup.misk.vitess.vitess-database.gradle.plugin-2026.04.15.204000-ed3de39.jar returned status 404
2026.04.21.220425-1d6abef			IOException: Tail request on https://maven-central.storage-download.googleapis.com/maven2/com/squareup/misk/vitess/vitess-database/com.squareup.misk.vitess.vitess-database.gradle.plugin/2026.04.21.220425-1d6abef/com.squareup.misk.vitess.vitess-database.gradle.plugin-2026.04.21.220425-1d6abef.jar returned status 404
2026.04.22.062957-07a00b8			IOException: Tail request on https://maven-central.storage-download.googleapis.com/maven2/com/squareup/misk/vitess/vitess-database/com.squareup.misk.vitess.vitess-database.gradle.plugin/2026.04.22.062957-07a00b8/com.squareup.misk.vitess.vitess-database.gradle.plugin-2026.04.22.062957-07a00b8.jar returned status 404
2026.04.22.213831-7ae7828			IOException: Tail request on https://maven-central.storage-download.googleapis.com/maven2/com/squareup/misk/vitess/vitess-database/com.squareup.misk.vitess.vitess-database.gradle.plugin/2026.04.22.213831-7ae7828/com.squareup.misk.vitess.vitess-database.gradle.plugin-2026.04.22.213831-7ae7828.jar returned status 404
2026.04.29.010705-6cc9a2b			IOException: Tail request on https://maven-central.storage-download.googleapis.com/maven2/com/squareup/misk/vitess/vitess-database/com.squareup.misk.vitess.vitess-database.gradle.plugin/2026.04.29.010705-6cc9a2b/com.squareup.misk.vitess.vitess-database.gradle.plugin-2026.04.29.010705-6cc9a2b.jar returned status 404
2026.04.30.011718-34dddbb			IOException: Tail request on https://maven-central.storage-download.googleapis.com/maven2/com/squareup/misk/vitess/vitess-database/com.squareup.misk.vitess.vitess-database.gradle.plugin/2026.04.30.011718-34dddbb/com.squareup.misk.vitess.vitess-database.gradle.plugin-2026.04.30.011718-34dddbb.jar returned status 404
2026.04.30.143643-71f0313			IOException: Tail request on https://maven-central.storage-download.googleapis.com/maven2/com/squareup/misk/vitess/vitess-database/com.squareup.misk.vitess.vitess-database.gradle.plugin/2026.04.30.143643-71f0313/com.squareup.misk.vitess.vitess-database.gradle.plugin-2026.04.30.143643-71f0313.jar returned status 404
2026.05.01.161808-bc802df			IOException: Tail request on https://maven-central.storage-download.googleapis.com/maven2/com/squareup/misk/vitess/vitess-database/com.squareup.misk.vitess.vitess-database.gradle.plugin/2026.05.01.161808-bc802df/com.squareup.misk.vitess.vitess-database.gradle.plugin-2026.05.01.161808-bc802df.jar returned status 404
2026.05.01.173758-249bd47			IOException: Tail request on https://maven-central.storage-download.googleapis.com/maven2/com/squareup/misk/vitess/vitess-database/com.squareup.misk.vitess.vitess-database.gradle.plugin/2026.05.01.173758-249bd47/com.squareup.misk.vitess.vitess-database.gradle.plugin-2026.05.01.173758-249bd47.jar returned status 404
2026.05.01.181208-dd17b66			IOException: Tail request on https://maven-central.storage-download.googleapis.com/maven2/com/squareup/misk/vitess/vitess-database/com.squareup.misk.vitess.vitess-database.gradle.plugin/2026.05.01.181208-dd17b66/com.squareup.misk.vitess.vitess-database.gradle.plugin-2026.05.01.181208-dd17b66.jar returned status 404
2026.05.04.142235-d3ec106			IOException: Tail request on https://maven-central.storage-download.googleapis.com/maven2/com/squareup/misk/vitess/vitess-database/com.squareup.misk.vitess.vitess-database.gradle.plugin/2026.05.04.142235-d3ec106/com.squareup.misk.vitess.vitess-database.gradle.plugin-2026.05.04.142235-d3ec106.jar returned status 404
2026.05.06.171111-14fa108			IOException: Tail request on https://maven-central.storage-download.googleapis.com/maven2/com/squareup/misk/vitess/vitess-database/com.squareup.misk.vitess.vitess-database.gradle.plugin/2026.05.06.171111-14fa108/com.squareup.misk.vitess.vitess-database.gradle.plugin-2026.05.06.171111-14fa108.jar returned status 404
2026.05.07.144914-0380182			IOException: Tail request on https://maven-central.storage-download.googleapis.com/maven2/com/squareup/misk/vitess/vitess-database/com.squareup.misk.vitess.vitess-database.gradle.plugin/2026.05.07.144914-0380182/com.squareup.misk.vitess.vitess-database.gradle.plugin-2026.05.07.144914-0380182.jar returned status 404
2026.05.07.232508-e7fa200			IOException: Tail request on https://maven-central.storage-download.googleapis.com/maven2/com/squareup/misk/vitess/vitess-database/com.squareup.misk.vitess.vitess-database.gradle.plugin/2026.05.07.232508-e7fa200/com.squareup.misk.vitess.vitess-database.gradle.plugin-2026.05.07.232508-e7fa200.jar returned status 404
2026.05.11.051434-ee96058			IOException: Tail request on https://maven-central.storage-download.googleapis.com/maven2/com/squareup/misk/vitess/vitess-database/com.squareup.misk.vitess.vitess-database.gradle.plugin/2026.05.11.051434-ee96058/com.squareup.misk.vitess.vitess-database.gradle.plugin-2026.05.11.051434-ee96058.jar returned status 404
2026.05.13.045147-e294b5e			IOException: Tail request on https://maven-central.storage-download.googleapis.com/maven2/com/squareup/misk/vitess/vitess-database/com.squareup.misk.vitess.vitess-database.gradle.plugin/2026.05.13.045147-e294b5e/com.squareup.misk.vitess.vitess-database.gradle.plugin-2026.05.13.045147-e294b5e.jar returned status 404
2026.05.13.125856-d2c17c0			IOException: Tail request on https://maven-central.storage-download.googleapis.com/maven2/com/squareup/misk/vitess/vitess-database/com.squareup.misk.vitess.vitess-database.gradle.plugin/2026.05.13.125856-d2c17c0/com.squareup.misk.vitess.vitess-database.gradle.plugin-2026.05.13.125856-d2c17c0.jar returned status 404
2026.05.13.181125-7402c7e			IOException: Tail request on https://maven-central.storage-download.googleapis.com/maven2/com/squareup/misk/vitess/vitess-database/com.squareup.misk.vitess.vitess-database.gradle.plugin/2026.05.13.181125-7402c7e/com.squareup.misk.vitess.vitess-database.gradle.plugin-2026.05.13.181125-7402c7e.jar returned status 404
2026.05.14.142257-8de94c8			IOException: Tail request on https://maven-central.storage-download.googleapis.com/maven2/com/squareup/misk/vitess/vitess-database/com.squareup.misk.vitess.vitess-database.gradle.plugin/2026.05.14.142257-8de94c8/com.squareup.misk.vitess.vitess-database.gradle.plugin-2026.05.14.142257-8de94c8.jar returned status 404
2026.05.15.052459-8b04f79			IOException: Tail request on https://maven-central.storage-download.googleapis.com/maven2/com/squareup/misk/vitess/vitess-database/com.squareup.misk.vitess.vitess-database.gradle.plugin/2026.05.15.052459-8b04f79/com.squareup.misk.vitess.vitess-database.gradle.plugin-2026.05.15.052459-8b04f79.jar returned status 404
2026.05.18.222251-7e84271			IOException: Tail request on https://maven-central.storage-download.googleapis.com/maven2/com/squareup/misk/vitess/vitess-database/com.squareup.misk.vitess.vitess-database.gradle.plugin/2026.05.18.222251-7e84271/com.squareup.misk.vitess.vitess-database.gradle.plugin-2026.05.18.222251-7e84271.jar returned status 404
2026.05.19.041518-a638b03			IOException: Tail request on https://maven-central.storage-download.googleapis.com/maven2/com/squareup/misk/vitess/vitess-database/com.squareup.misk.vitess.vitess-database.gradle.plugin/2026.05.19.041518-a638b03/com.squareup.misk.vitess.vitess-database.gradle.plugin-2026.05.19.041518-a638b03.jar returned status 404
2026.05.22.182457-55a5ba4		2026-05-22T18:59:53Z	IOException: Tail request on https://maven-central.storage-download.googleapis.com/maven2/com/squareup/misk/vitess/vitess-database/com.squareup.misk.vitess.vitess-database.gradle.plugin/2026.05.22.182457-55a5ba4/com.squareup.misk.vitess.vitess-database.gradle.plugin-2026.05.22.182457-55a5ba4.jar returned status 404
2026.05.28.002540-d17a6fd		2026-05-28T01:00:52Z	IOException: Tail request on https://maven-central.storage-download.googleapis.com/maven2/com/squareup/misk/vitess/vitess-database/com.squareup.misk.vitess.vitess-database.gradle.plugin/2026.05.28.002540-d17a6fd/com.squareup.misk.vitess.vitess-database.gradle.plugin-2026.05.28.002540-d17a6fd.jar returned status 404
2026.05.30.235949-9f75c59		2026-05-31T00:34:29Z	IOException: Tail request on https://maven-central.storage-download.googleapis.com/maven2/com/squareup/misk/vitess/vitess-database/com.squareup.misk.vitess.vitess-database.gradle.plugin/2026.05.30.235949-9f75c59/com.squareup.misk.vitess.vitess-database.gradle.plugin-2026.05.30.235949-9f75c59.jar returned status 404
2026.06.04.000606-392fbd3		2026-06-04T00:41:16Z	IOException: Tail request on https://maven-central.storage-download.googleapis.com/maven2/com/squareup/misk/vitess/vitess-database/com.squareup.misk.vitess.vitess-database.gradle.plugin/2026.06.04.000606-392fbd3/com.squareup.misk.vitess.vitess-database.gradle.plugin-2026.06.04.000606-392fbd3.jar returned status 404
2026.06.04.023526-fe1a8b0		2026-06-04T03:11:01Z	IOException: Tail request on https://maven-central.storage-download.googleapis.com/maven2/com/squareup/misk/vitess/vitess-database/com.squareup.misk.vitess.vitess-database.gradle.plugin/2026.06.04.023526-fe1a8b0/com.squareup.misk.vitess.vitess-database.gradle.plugin-2026.06.04.023526-fe1a8b0.jar returned status 404
2026.06.04.160442-17c0850		2026-06-04T16:40:32Z	IOException: Tail request on https://maven-central.storage-download.googleapis.com/maven2/com/squareup/misk/vitess/vitess-database/com.squareup.misk.vitess.vitess-database.gradle.plugin/2026.06.04.160442-17c0850/com.squareup.misk.vitess.vitess-database.gradle.plugin-2026.06.04.160442-17c0850.jar returned status 404
2026.06.07.172759-f7c1dd6		2026-06-07T18:04:12Z	IOException: Tail request on https://maven-central.storage-download.googleapis.com/maven2/com/squareup/misk/vitess/vitess-database/com.squareup.misk.vitess.vitess-database.gradle.plugin/2026.06.07.172759-f7c1dd6/com.squareup.misk.vitess.vitess-database.gradle.plugin-2026.06.07.172759-f7c1dd6.jar returned status 404
2026.06.07.233243-412689e		2026-06-08T00:07:27Z	IOException: Tail request on https://maven-central.storage-download.googleapis.com/maven2/com/squareup/misk/vitess/vitess-database/com.squareup.misk.vitess.vitess-database.gradle.plugin/2026.06.07.233243-412689e/com.squareup.misk.vitess.vitess-database.gradle.plugin-2026.06.07.233243-412689e.jar returned status 404
2026.06.08.122019-7dee98c		2026-06-08T13:47:29Z	IOException: Tail request on https://maven-central.storage-download.googleapis.com/maven2/com/squareup/misk/vitess/vitess-database/com.squareup.misk.vitess.vitess-database.gradle.plugin/2026.06.08.122019-7dee98c/com.squareup.misk.vitess.vitess-database.gradle.plugin-2026.06.08.122019-7dee98c.jar returned status 404
2026.06.08.184310-90dc179		2026-06-08T19:16:20Z	IOException: Tail request on https://maven-central.storage-download.googleapis.com/maven2/com/squareup/misk/vitess/vitess-database/com.squareup.misk.vitess.vitess-database.gradle.plugin/2026.06.08.184310-90dc179/com.squareup.misk.vitess.vitess-database.gradle.plugin-2026.06.08.184310-90dc179.jar returned status 404
2026.06.09.132638-46c2bd7		2026-06-09T14:01:09Z	IOException: Tail request on https://maven-central.storage-download.googleapis.com/maven2/com/squareup/misk/vitess/vitess-database/com.squareup.misk.vitess.vitess-database.gradle.plugin/2026.06.09.132638-46c2bd7/com.squareup.misk.vitess.vitess-database.gradle.plugin-2026.06.09.132638-46c2bd7.jar returned status 404
2026.06.09.200150-d5d1cee		2026-06-09T20:38:28Z	IOException: Tail request on https://maven-central.storage-download.googleapis.com/maven2/com/squareup/misk/vitess/vitess-database/com.squareup.misk.vitess.vitess-database.gradle.plugin/2026.06.09.200150-d5d1cee/com.squareup.misk.vitess.vitess-database.gradle.plugin-2026.06.09.200150-d5d1cee.jar returned status 404
2026.06.10.030014-e87697b		2026-06-10T03:36:10Z	IOException: Tail request on https://maven-central.storage-download.googleapis.com/maven2/com/squareup/misk/vitess/vitess-database/com.squareup.misk.vitess.vitess-database.gradle.plugin/2026.06.10.030014-e87697b/com.squareup.misk.vitess.vitess-database.gradle.plugin-2026.06.10.030014-e87697b.jar returned status 404
2026.06.11.142252-deacc9b		2026-06-11T14:57:07Z	IOException: Tail request on https://maven-central.storage-download.googleapis.com/maven2/com/squareup/misk/vitess/vitess-database/com.squareup.misk.vitess.vitess-database.gradle.plugin/2026.06.11.142252-deacc9b/com.squareup.misk.vitess.vitess-database.gradle.plugin-2026.06.11.142252-deacc9b.jar returned status 404
2026.06.12.174016-085a3e9		2026-06-12T18:17:35Z	IOException: Tail request on https://maven-central.storage-download.googleapis.com/maven2/com/squareup/misk/vitess/vitess-database/com.squareup.misk.vitess.vitess-database.gradle.plugin/2026.06.12.174016-085a3e9/com.squareup.misk.vitess.vitess-database.gradle.plugin-2026.06.12.174016-085a3e9.jar returned status 404
2026.06.15.175118-0bf8712		2026-06-15T18:27:54Z	IOException: Tail request on https://maven-central.storage-download.googleapis.com/maven2/com/squareup/misk/vitess/vitess-database/com.squareup.misk.vitess.vitess-database.gradle.plugin/2026.06.15.175118-0bf8712/com.squareup.misk.vitess.vitess-database.gradle.plugin-2026.06.15.175118-0bf8712.jar returned status 404
2026.06.24.170118-e32380c		2026-06-24T17:37:23Z	IOException: Tail request on https://maven-central.storage-download.googleapis.com/maven2/com/squareup/misk/vitess/vitess-database/com.squareup.misk.vitess.vitess-database.gradle.plugin/2026.06.24.170118-e32380c/com.squareup.misk.vitess.vitess-database.gradle.plugin-2026.06.24.170118-e32380c.jar returned status 404
2026.06.25.065850-1aa816f		2026-06-25T07:35:45Z	IOException: Tail request on https://maven-central.storage-download.googleapis.com/maven2/com/squareup/misk/vitess/vitess-database/com.squareup.misk.vitess.vitess-database.gradle.plugin/2026.06.25.065850-1aa816f/com.squareup.misk.vitess.vitess-database.gradle.plugin-2026.06.25.065850-1aa816f.jar returned status 404
2026.06.25.150419-473b945		2026-06-25T15:42:08Z	IOException: Tail request on https://maven-central.storage-download.googleapis.com/maven2/com/squareup/misk/vitess/vitess-database/com.squareup.misk.vitess.vitess-database.gradle.plugin/2026.06.25.150419-473b945/com.squareup.misk.vitess.vitess-database.gradle.plugin-2026.06.25.150419-473b945.jar returned status 404
2026.06.26.010536-e30ec69		2026-06-26T01:41:51Z	IOException: Tail request on https://maven-central.storage-download.googleapis.com/maven2/com/squareup/misk/vitess/vitess-database/com.squareup.misk.vitess.vitess-database.gradle.plugin/2026.06.26.010536-e30ec69/com.squareup.misk.vitess.vitess-database.gradle.plugin-2026.06.26.010536-e30ec69.jar returned status 404
2026.06.27.145305-e7de31e		2026-06-27T15:28:48Z	IOException: Tail request on https://maven-central.storage-download.googleapis.com/maven2/com/squareup/misk/vitess/vitess-database/com.squareup.misk.vitess.vitess-database.gradle.plugin/2026.06.27.145305-e7de31e/com.squareup.misk.vitess.vitess-database.gradle.plugin-2026.06.27.145305-e7de31e.jar returned status 404
2026.06.28.163310-af4a5c2		2026-06-28T17:08:35Z	IOException: Tail request on https://maven-central.storage-download.googleapis.com/maven2/com/squareup/misk/vitess/vitess-database/com.squareup.misk.vitess.vitess-database.gradle.plugin/2026.06.28.163310-af4a5c2/com.squareup.misk.vitess.vitess-database.gradle.plugin-2026.06.28.163310-af4a5c2.jar returned status 404
2026.06.30.120630-d342aab		2026-06-30T12:41:51Z	IOException: Tail request on https://maven-central.storage-download.googleapis.com/maven2/com/squareup/misk/vitess/vitess-database/com.squareup.misk.vitess.vitess-database.gradle.plugin/2026.06.30.120630-d342aab/com.squareup.misk.vitess.vitess-database.gradle.plugin-2026.06.30.120630-d342aab.jar returned status 404
2026.07.10.063338-c601229			IOException: Tail request on https://maven-central.storage-download.googleapis.com/maven2/com/squareup/misk/vitess/vitess-database/com.squareup.misk.vitess.vitess-database.gradle.plugin/2026.07.10.063338-c601229/com.squareup.misk.vitess.vitess-database.gradle.plugin-2026.07.10.063338-c601229.jar returned status 404
2026.07.11.061457-fa37275			IOException: Tail request on https://maven-central.storage-download.googleapis.com/maven2/com/squareup/misk/vitess/vitess-database/com.squareup.misk.vitess.vitess-database.gradle.plugin/2026.07.11.061457-fa37275/com.squareup.misk.vitess.vitess-database.gradle.plugin-2026.07.11.061457-fa37275.jar returned status 404
2026.07.19.072949-ae12f63			IOException: Tail request on https://maven-central.storage-download.googleapis.com/maven2/com/squareup/misk/vitess/vitess-database/com.squareup.misk.vitess.vitess-database.gradle.plugin/2026.07.19.072949-ae12f63/com.squareup.misk.vitess.vitess-database.gradle.plugin-2026.07.19.072949-ae12f63.jar returned status 404
