0.11.10			IOException: Tail request on https://maven-central.storage-download.googleapis.com/maven2/org/sdase/commons/spring/boot/sda-commons-bom/0.11.10/sda-commons-bom-0.11.10.jar returned status 404
0.11.11			IOException: Tail request on https://maven-central.storage-download.googleapis.com/maven2/org/sdase/commons/spring/boot/sda-commons-bom/0.11.11/sda-commons-bom-0.11.11.jar returned status 404
0.11.12			IOException: Tail request on https://maven-central.storage-download.googleapis.com/maven2/org/sdase/commons/spring/boot/sda-commons-bom/0.11.12/sda-commons-bom-0.11.12.jar returned status 404
0.11.2			IOException: Tail request on https://maven-central.storage-download.googleapis.com/maven2/org/sdase/commons/spring/boot/sda-commons-bom/0.11.2/sda-commons-bom-0.11.2.jar returned status 404
0.11.3			IOException: Tail request on https://maven-central.storage-download.googleapis.com/maven2/org/sdase/commons/spring/boot/sda-commons-bom/0.11.3/sda-commons-bom-0.11.3.jar returned status 404
0.11.4			IOException: Tail request on https://maven-central.storage-download.googleapis.com/maven2/org/sdase/commons/spring/boot/sda-commons-bom/0.11.4/sda-commons-bom-0.11.4.jar returned status 404
0.11.5			IOException: Tail request on https://maven-central.storage-download.googleapis.com/maven2/org/sdase/commons/spring/boot/sda-commons-bom/0.11.5/sda-commons-bom-0.11.5.jar returned status 404
0.11.6			IOException: Tail request on https://maven-central.storage-download.googleapis.com/maven2/org/sdase/commons/spring/boot/sda-commons-bom/0.11.6/sda-commons-bom-0.11.6.jar returned status 404
0.11.7			IOException: Tail request on https://maven-central.storage-download.googleapis.com/maven2/org/sdase/commons/spring/boot/sda-commons-bom/0.11.7/sda-commons-bom-0.11.7.jar returned status 404
0.11.8			IOException: Tail request on https://maven-central.storage-download.googleapis.com/maven2/org/sdase/commons/spring/boot/sda-commons-bom/0.11.8/sda-commons-bom-0.11.8.jar returned status 404
0.11.9			IOException: Tail request on https://maven-central.storage-download.googleapis.com/maven2/org/sdase/commons/spring/boot/sda-commons-bom/0.11.9/sda-commons-bom-0.11.9.jar returned status 404
0.12.0			IOException: Tail request on https://maven-central.storage-download.googleapis.com/maven2/org/sdase/commons/spring/boot/sda-commons-bom/0.12.0/sda-commons-bom-0.12.0.jar returned status 404
0.12.1			IOException: Tail request on https://maven-central.storage-download.googleapis.com/maven2/org/sdase/commons/spring/boot/sda-commons-bom/0.12.1/sda-commons-bom-0.12.1.jar returned status 404
0.12.2			IOException: Tail request on https://maven-central.storage-download.googleapis.com/maven2/org/sdase/commons/spring/boot/sda-commons-bom/0.12.2/sda-commons-bom-0.12.2.jar returned status 404
0.12.3			IOException: Tail request on https://maven-central.storage-download.googleapis.com/maven2/org/sdase/commons/spring/boot/sda-commons-bom/0.12.3/sda-commons-bom-0.12.3.jar returned status 404
0.12.4			IOException: Tail request on https://maven-central.storage-download.googleapis.com/maven2/org/sdase/commons/spring/boot/sda-commons-bom/0.12.4/sda-commons-bom-0.12.4.jar returned status 404
0.12.5			IOException: Tail request on https://maven-central.storage-download.googleapis.com/maven2/org/sdase/commons/spring/boot/sda-commons-bom/0.12.5/sda-commons-bom-0.12.5.jar returned status 404
0.12.6			IOException: Tail request on https://maven-central.storage-download.googleapis.com/maven2/org/sdase/commons/spring/boot/sda-commons-bom/0.12.6/sda-commons-bom-0.12.6.jar returned status 404
0.12.7			IOException: Tail request on https://maven-central.storage-download.googleapis.com/maven2/org/sdase/commons/spring/boot/sda-commons-bom/0.12.7/sda-commons-bom-0.12.7.jar returned status 404
0.12.8			IOException: Tail request on https://maven-central.storage-download.googleapis.com/maven2/org/sdase/commons/spring/boot/sda-commons-bom/0.12.8/sda-commons-bom-0.12.8.jar returned status 404
0.12.9			IOException: Tail request on https://maven-central.storage-download.googleapis.com/maven2/org/sdase/commons/spring/boot/sda-commons-bom/0.12.9/sda-commons-bom-0.12.9.jar returned status 404
0.13.0			IOException: Tail request on https://maven-central.storage-download.googleapis.com/maven2/org/sdase/commons/spring/boot/sda-commons-bom/0.13.0/sda-commons-bom-0.13.0.jar returned status 404
0.13.1			IOException: Tail request on https://maven-central.storage-download.googleapis.com/maven2/org/sdase/commons/spring/boot/sda-commons-bom/0.13.1/sda-commons-bom-0.13.1.jar returned status 404
0.13.2			IOException: Tail request on https://maven-central.storage-download.googleapis.com/maven2/org/sdase/commons/spring/boot/sda-commons-bom/0.13.2/sda-commons-bom-0.13.2.jar returned status 404
0.14.0			IOException: Tail request on https://maven-central.storage-download.googleapis.com/maven2/org/sdase/commons/spring/boot/sda-commons-bom/0.14.0/sda-commons-bom-0.14.0.jar returned status 404
0.15.0			IOException: Tail request on https://maven-central.storage-download.googleapis.com/maven2/org/sdase/commons/spring/boot/sda-commons-bom/0.15.0/sda-commons-bom-0.15.0.jar returned status 404
0.16.0			IOException: Tail request on https://maven-central.storage-download.googleapis.com/maven2/org/sdase/commons/spring/boot/sda-commons-bom/0.16.0/sda-commons-bom-0.16.0.jar returned status 404
0.17.0			IOException: Tail request on https://maven-central.storage-download.googleapis.com/maven2/org/sdase/commons/spring/boot/sda-commons-bom/0.17.0/sda-commons-bom-0.17.0.jar returned status 404
0.18.0			IOException: Tail request on https://maven-central.storage-download.googleapis.com/maven2/org/sdase/commons/spring/boot/sda-commons-bom/0.18.0/sda-commons-bom-0.18.0.jar returned status 404
0.18.1			IOException: Tail request on https://maven-central.storage-download.googleapis.com/maven2/org/sdase/commons/spring/boot/sda-commons-bom/0.18.1/sda-commons-bom-0.18.1.jar returned status 404
0.19.0			IOException: Tail request on https://maven-central.storage-download.googleapis.com/maven2/org/sdase/commons/spring/boot/sda-commons-bom/0.19.0/sda-commons-bom-0.19.0.jar returned status 404
0.20.0			IOException: Tail request on https://maven-central.storage-download.googleapis.com/maven2/org/sdase/commons/spring/boot/sda-commons-bom/0.20.0/sda-commons-bom-0.20.0.jar returned status 404
0.21.0			IOException: Tail request on https://maven-central.storage-download.googleapis.com/maven2/org/sdase/commons/spring/boot/sda-commons-bom/0.21.0/sda-commons-bom-0.21.0.jar returned status 404
0.21.1			IOException: Tail request on https://maven-central.storage-download.googleapis.com/maven2/org/sdase/commons/spring/boot/sda-commons-bom/0.21.1/sda-commons-bom-0.21.1.jar returned status 404
0.22.0			IOException: Tail request on https://maven-central.storage-download.googleapis.com/maven2/org/sdase/commons/spring/boot/sda-commons-bom/0.22.0/sda-commons-bom-0.22.0.jar returned status 404
0.22.1			IOException: Tail request on https://maven-central.storage-download.googleapis.com/maven2/org/sdase/commons/spring/boot/sda-commons-bom/0.22.1/sda-commons-bom-0.22.1.jar returned status 404
0.23.0			IOException: Tail request on https://maven-central.storage-download.googleapis.com/maven2/org/sdase/commons/spring/boot/sda-commons-bom/0.23.0/sda-commons-bom-0.23.0.jar returned status 404
0.23.1			IOException: Tail request on https://maven-central.storage-download.googleapis.com/maven2/org/sdase/commons/spring/boot/sda-commons-bom/0.23.1/sda-commons-bom-0.23.1.jar returned status 404
0.23.2			IOException: Tail request on https://maven-central.storage-download.googleapis.com/maven2/org/sdase/commons/spring/boot/sda-commons-bom/0.23.2/sda-commons-bom-0.23.2.jar returned status 404
0.24.0			IOException: Tail request on https://maven-central.storage-download.googleapis.com/maven2/org/sdase/commons/spring/boot/sda-commons-bom/0.24.0/sda-commons-bom-0.24.0.jar returned status 404
0.24.1			IOException: Tail request on https://maven-central.storage-download.googleapis.com/maven2/org/sdase/commons/spring/boot/sda-commons-bom/0.24.1/sda-commons-bom-0.24.1.jar returned status 404
0.24.2			IOException: Tail request on https://maven-central.storage-download.googleapis.com/maven2/org/sdase/commons/spring/boot/sda-commons-bom/0.24.2/sda-commons-bom-0.24.2.jar returned status 404
0.24.3			IOException: Tail request on https://maven-central.storage-download.googleapis.com/maven2/org/sdase/commons/spring/boot/sda-commons-bom/0.24.3/sda-commons-bom-0.24.3.jar returned status 404
0.24.4			IOException: Tail request on https://maven-central.storage-download.googleapis.com/maven2/org/sdase/commons/spring/boot/sda-commons-bom/0.24.4/sda-commons-bom-0.24.4.jar returned status 404
0.25.0			IOException: Tail request on https://maven-central.storage-download.googleapis.com/maven2/org/sdase/commons/spring/boot/sda-commons-bom/0.25.0/sda-commons-bom-0.25.0.jar returned status 404
0.25.1			IOException: Tail request on https://maven-central.storage-download.googleapis.com/maven2/org/sdase/commons/spring/boot/sda-commons-bom/0.25.1/sda-commons-bom-0.25.1.jar returned status 404
0.25.10			IOException: Tail request on https://maven-central.storage-download.googleapis.com/maven2/org/sdase/commons/spring/boot/sda-commons-bom/0.25.10/sda-commons-bom-0.25.10.jar returned status 404
0.25.11			IOException: Tail request on https://maven-central.storage-download.googleapis.com/maven2/org/sdase/commons/spring/boot/sda-commons-bom/0.25.11/sda-commons-bom-0.25.11.jar returned status 404
0.25.12			IOException: Tail request on https://maven-central.storage-download.googleapis.com/maven2/org/sdase/commons/spring/boot/sda-commons-bom/0.25.12/sda-commons-bom-0.25.12.jar returned status 404
0.25.13			IOException: Tail request on https://maven-central.storage-download.googleapis.com/maven2/org/sdase/commons/spring/boot/sda-commons-bom/0.25.13/sda-commons-bom-0.25.13.jar returned status 404
0.25.2			IOException: Tail request on https://maven-central.storage-download.googleapis.com/maven2/org/sdase/commons/spring/boot/sda-commons-bom/0.25.2/sda-commons-bom-0.25.2.jar returned status 404
0.25.3			IOException: Tail request on https://maven-central.storage-download.googleapis.com/maven2/org/sdase/commons/spring/boot/sda-commons-bom/0.25.3/sda-commons-bom-0.25.3.jar returned status 404
0.25.4			IOException: Tail request on https://maven-central.storage-download.googleapis.com/maven2/org/sdase/commons/spring/boot/sda-commons-bom/0.25.4/sda-commons-bom-0.25.4.jar returned status 404
0.25.5			IOException: Tail request on https://maven-central.storage-download.googleapis.com/maven2/org/sdase/commons/spring/boot/sda-commons-bom/0.25.5/sda-commons-bom-0.25.5.jar returned status 404
0.25.6			IOException: Tail request on https://maven-central.storage-download.googleapis.com/maven2/org/sdase/commons/spring/boot/sda-commons-bom/0.25.6/sda-commons-bom-0.25.6.jar returned status 404
0.25.7			IOException: Tail request on https://maven-central.storage-download.googleapis.com/maven2/org/sdase/commons/spring/boot/sda-commons-bom/0.25.7/sda-commons-bom-0.25.7.jar returned status 404
0.25.8			IOException: Tail request on https://maven-central.storage-download.googleapis.com/maven2/org/sdase/commons/spring/boot/sda-commons-bom/0.25.8/sda-commons-bom-0.25.8.jar returned status 404
0.25.9			IOException: Tail request on https://maven-central.storage-download.googleapis.com/maven2/org/sdase/commons/spring/boot/sda-commons-bom/0.25.9/sda-commons-bom-0.25.9.jar returned status 404
0.26.0			IOException: Tail request on https://maven-central.storage-download.googleapis.com/maven2/org/sdase/commons/spring/boot/sda-commons-bom/0.26.0/sda-commons-bom-0.26.0.jar returned status 404
0.26.1			IOException: Tail request on https://maven-central.storage-download.googleapis.com/maven2/org/sdase/commons/spring/boot/sda-commons-bom/0.26.1/sda-commons-bom-0.26.1.jar returned status 404
0.26.2			IOException: Tail request on https://maven-central.storage-download.googleapis.com/maven2/org/sdase/commons/spring/boot/sda-commons-bom/0.26.2/sda-commons-bom-0.26.2.jar returned status 404
0.26.3			IOException: Tail request on https://maven-central.storage-download.googleapis.com/maven2/org/sdase/commons/spring/boot/sda-commons-bom/0.26.3/sda-commons-bom-0.26.3.jar returned status 404
1.0.0			IOException: Tail request on https://maven-central.storage-download.googleapis.com/maven2/org/sdase/commons/spring/boot/sda-commons-bom/1.0.0/sda-commons-bom-1.0.0.jar returned status 404
1.0.1			IOException: Tail request on https://maven-central.storage-download.googleapis.com/maven2/org/sdase/commons/spring/boot/sda-commons-bom/1.0.1/sda-commons-bom-1.0.1.jar returned status 404
1.0.2			IOException: Tail request on https://maven-central.storage-download.googleapis.com/maven2/org/sdase/commons/spring/boot/sda-commons-bom/1.0.2/sda-commons-bom-1.0.2.jar returned status 404
1.0.3			IOException: Tail request on https://maven-central.storage-download.googleapis.com/maven2/org/sdase/commons/spring/boot/sda-commons-bom/1.0.3/sda-commons-bom-1.0.3.jar returned status 404
1.0.4			IOException: Tail request on https://maven-central.storage-download.googleapis.com/maven2/org/sdase/commons/spring/boot/sda-commons-bom/1.0.4/sda-commons-bom-1.0.4.jar returned status 404
1.0.5			IOException: Tail request on https://maven-central.storage-download.googleapis.com/maven2/org/sdase/commons/spring/boot/sda-commons-bom/1.0.5/sda-commons-bom-1.0.5.jar returned status 404
1.0.6			IOException: Tail request on https://maven-central.storage-download.googleapis.com/maven2/org/sdase/commons/spring/boot/sda-commons-bom/1.0.6/sda-commons-bom-1.0.6.jar returned status 404
1.0.7			IOException: Tail request on https://maven-central.storage-download.googleapis.com/maven2/org/sdase/commons/spring/boot/sda-commons-bom/1.0.7/sda-commons-bom-1.0.7.jar returned status 404
1.1.0			IOException: Tail request on https://maven-central.storage-download.googleapis.com/maven2/org/sdase/commons/spring/boot/sda-commons-bom/1.1.0/sda-commons-bom-1.1.0.jar returned status 404
1.1.1			IOException: Tail request on https://maven-central.storage-download.googleapis.com/maven2/org/sdase/commons/spring/boot/sda-commons-bom/1.1.1/sda-commons-bom-1.1.1.jar returned status 404
1.1.2			IOException: Tail request on https://maven-central.storage-download.googleapis.com/maven2/org/sdase/commons/spring/boot/sda-commons-bom/1.1.2/sda-commons-bom-1.1.2.jar returned status 404
1.1.3			IOException: Tail request on https://maven-central.storage-download.googleapis.com/maven2/org/sdase/commons/spring/boot/sda-commons-bom/1.1.3/sda-commons-bom-1.1.3.jar returned status 404
1.2.0			IOException: Tail request on https://maven-central.storage-download.googleapis.com/maven2/org/sdase/commons/spring/boot/sda-commons-bom/1.2.0/sda-commons-bom-1.2.0.jar returned status 404
1.2.1			IOException: Tail request on https://maven-central.storage-download.googleapis.com/maven2/org/sdase/commons/spring/boot/sda-commons-bom/1.2.1/sda-commons-bom-1.2.1.jar returned status 404
1.2.2			IOException: Tail request on https://maven-central.storage-download.googleapis.com/maven2/org/sdase/commons/spring/boot/sda-commons-bom/1.2.2/sda-commons-bom-1.2.2.jar returned status 404
1.2.3			IOException: Tail request on https://maven-central.storage-download.googleapis.com/maven2/org/sdase/commons/spring/boot/sda-commons-bom/1.2.3/sda-commons-bom-1.2.3.jar returned status 404
1.2.4			IOException: Tail request on https://maven-central.storage-download.googleapis.com/maven2/org/sdase/commons/spring/boot/sda-commons-bom/1.2.4/sda-commons-bom-1.2.4.jar returned status 404
1.2.5			IOException: Tail request on https://maven-central.storage-download.googleapis.com/maven2/org/sdase/commons/spring/boot/sda-commons-bom/1.2.5/sda-commons-bom-1.2.5.jar returned status 404
1.2.6			IOException: Tail request on https://maven-central.storage-download.googleapis.com/maven2/org/sdase/commons/spring/boot/sda-commons-bom/1.2.6/sda-commons-bom-1.2.6.jar returned status 404
1.2.7			IOException: Tail request on https://maven-central.storage-download.googleapis.com/maven2/org/sdase/commons/spring/boot/sda-commons-bom/1.2.7/sda-commons-bom-1.2.7.jar returned status 404
1.3.0			IOException: Tail request on https://maven-central.storage-download.googleapis.com/maven2/org/sdase/commons/spring/boot/sda-commons-bom/1.3.0/sda-commons-bom-1.3.0.jar returned status 404
2.0.0			IOException: Tail request on https://maven-central.storage-download.googleapis.com/maven2/org/sdase/commons/spring/boot/sda-commons-bom/2.0.0/sda-commons-bom-2.0.0.jar returned status 404
2.0.1			IOException: Tail request on https://maven-central.storage-download.googleapis.com/maven2/org/sdase/commons/spring/boot/sda-commons-bom/2.0.1/sda-commons-bom-2.0.1.jar returned status 404
2.0.2			IOException: Tail request on https://maven-central.storage-download.googleapis.com/maven2/org/sdase/commons/spring/boot/sda-commons-bom/2.0.2/sda-commons-bom-2.0.2.jar returned status 404
2.0.3			IOException: Tail request on https://maven-central.storage-download.googleapis.com/maven2/org/sdase/commons/spring/boot/sda-commons-bom/2.0.3/sda-commons-bom-2.0.3.jar returned status 404
2.1.0			IOException: Tail request on https://maven-central.storage-download.googleapis.com/maven2/org/sdase/commons/spring/boot/sda-commons-bom/2.1.0/sda-commons-bom-2.1.0.jar returned status 404
2.1.1			IOException: Tail request on https://maven-central.storage-download.googleapis.com/maven2/org/sdase/commons/spring/boot/sda-commons-bom/2.1.1/sda-commons-bom-2.1.1.jar returned status 404
2.1.2			IOException: Tail request on https://maven-central.storage-download.googleapis.com/maven2/org/sdase/commons/spring/boot/sda-commons-bom/2.1.2/sda-commons-bom-2.1.2.jar returned status 404
2.1.3			IOException: Tail request on https://maven-central.storage-download.googleapis.com/maven2/org/sdase/commons/spring/boot/sda-commons-bom/2.1.3/sda-commons-bom-2.1.3.jar returned status 404
2.1.4			IOException: Tail request on https://maven-central.storage-download.googleapis.com/maven2/org/sdase/commons/spring/boot/sda-commons-bom/2.1.4/sda-commons-bom-2.1.4.jar returned status 404
2.2.0			IOException: Tail request on https://maven-central.storage-download.googleapis.com/maven2/org/sdase/commons/spring/boot/sda-commons-bom/2.2.0/sda-commons-bom-2.2.0.jar returned status 404
2.2.1			IOException: Tail request on https://maven-central.storage-download.googleapis.com/maven2/org/sdase/commons/spring/boot/sda-commons-bom/2.2.1/sda-commons-bom-2.2.1.jar returned status 404
2.2.10			IOException: Tail request on https://maven-central.storage-download.googleapis.com/maven2/org/sdase/commons/spring/boot/sda-commons-bom/2.2.10/sda-commons-bom-2.2.10.jar returned status 404
2.2.11			IOException: Tail request on https://maven-central.storage-download.googleapis.com/maven2/org/sdase/commons/spring/boot/sda-commons-bom/2.2.11/sda-commons-bom-2.2.11.jar returned status 404
2.2.12			IOException: Tail request on https://maven-central.storage-download.googleapis.com/maven2/org/sdase/commons/spring/boot/sda-commons-bom/2.2.12/sda-commons-bom-2.2.12.jar returned status 404
2.2.2			IOException: Tail request on https://maven-central.storage-download.googleapis.com/maven2/org/sdase/commons/spring/boot/sda-commons-bom/2.2.2/sda-commons-bom-2.2.2.jar returned status 404
2.2.3			IOException: Tail request on https://maven-central.storage-download.googleapis.com/maven2/org/sdase/commons/spring/boot/sda-commons-bom/2.2.3/sda-commons-bom-2.2.3.jar returned status 404
2.2.4			IOException: Tail request on https://maven-central.storage-download.googleapis.com/maven2/org/sdase/commons/spring/boot/sda-commons-bom/2.2.4/sda-commons-bom-2.2.4.jar returned status 404
2.2.5			IOException: Tail request on https://maven-central.storage-download.googleapis.com/maven2/org/sdase/commons/spring/boot/sda-commons-bom/2.2.5/sda-commons-bom-2.2.5.jar returned status 404
2.2.6			IOException: Tail request on https://maven-central.storage-download.googleapis.com/maven2/org/sdase/commons/spring/boot/sda-commons-bom/2.2.6/sda-commons-bom-2.2.6.jar returned status 404
2.2.7			IOException: Tail request on https://maven-central.storage-download.googleapis.com/maven2/org/sdase/commons/spring/boot/sda-commons-bom/2.2.7/sda-commons-bom-2.2.7.jar returned status 404
2.2.8			IOException: Tail request on https://maven-central.storage-download.googleapis.com/maven2/org/sdase/commons/spring/boot/sda-commons-bom/2.2.8/sda-commons-bom-2.2.8.jar returned status 404
3.0.0			IOException: Tail request on https://maven-central.storage-download.googleapis.com/maven2/org/sdase/commons/spring/boot/sda-commons-bom/3.0.0/sda-commons-bom-3.0.0.jar returned status 404
3.0.0-alpha.1			IOException: Tail request on https://maven-central.storage-download.googleapis.com/maven2/org/sdase/commons/spring/boot/sda-commons-bom/3.0.0-alpha.1/sda-commons-bom-3.0.0-alpha.1.jar returned status 404
3.0.0-alpha.2			IOException: Tail request on https://maven-central.storage-download.googleapis.com/maven2/org/sdase/commons/spring/boot/sda-commons-bom/3.0.0-alpha.2/sda-commons-bom-3.0.0-alpha.2.jar returned status 404
3.0.0-alpha.3			IOException: Tail request on https://maven-central.storage-download.googleapis.com/maven2/org/sdase/commons/spring/boot/sda-commons-bom/3.0.0-alpha.3/sda-commons-bom-3.0.0-alpha.3.jar returned status 404
3.0.0-alpha.4			IOException: Tail request on https://maven-central.storage-download.googleapis.com/maven2/org/sdase/commons/spring/boot/sda-commons-bom/3.0.0-alpha.4/sda-commons-bom-3.0.0-alpha.4.jar returned status 404
3.0.1			IOException: Tail request on https://maven-central.storage-download.googleapis.com/maven2/org/sdase/commons/spring/boot/sda-commons-bom/3.0.1/sda-commons-bom-3.0.1.jar returned status 404
3.0.10			IOException: Tail request on https://maven-central.storage-download.googleapis.com/maven2/org/sdase/commons/spring/boot/sda-commons-bom/3.0.10/sda-commons-bom-3.0.10.jar returned status 404
3.0.11			IOException: Tail request on https://maven-central.storage-download.googleapis.com/maven2/org/sdase/commons/spring/boot/sda-commons-bom/3.0.11/sda-commons-bom-3.0.11.jar returned status 404
3.0.12			IOException: Tail request on https://maven-central.storage-download.googleapis.com/maven2/org/sdase/commons/spring/boot/sda-commons-bom/3.0.12/sda-commons-bom-3.0.12.jar returned status 404
3.0.13			IOException: Tail request on https://maven-central.storage-download.googleapis.com/maven2/org/sdase/commons/spring/boot/sda-commons-bom/3.0.13/sda-commons-bom-3.0.13.jar returned status 404
3.0.14			IOException: Tail request on https://maven-central.storage-download.googleapis.com/maven2/org/sdase/commons/spring/boot/sda-commons-bom/3.0.14/sda-commons-bom-3.0.14.jar returned status 404
3.0.15			IOException: Tail request on https://maven-central.storage-download.googleapis.com/maven2/org/sdase/commons/spring/boot/sda-commons-bom/3.0.15/sda-commons-bom-3.0.15.jar returned status 404
3.0.16			IOException: Tail request on https://maven-central.storage-download.googleapis.com/maven2/org/sdase/commons/spring/boot/sda-commons-bom/3.0.16/sda-commons-bom-3.0.16.jar returned status 404
3.0.17			IOException: Tail request on https://maven-central.storage-download.googleapis.com/maven2/org/sdase/commons/spring/boot/sda-commons-bom/3.0.17/sda-commons-bom-3.0.17.jar returned status 404
3.0.18			IOException: Tail request on https://maven-central.storage-download.googleapis.com/maven2/org/sdase/commons/spring/boot/sda-commons-bom/3.0.18/sda-commons-bom-3.0.18.jar returned status 404
3.0.19			IOException: Tail request on https://maven-central.storage-download.googleapis.com/maven2/org/sdase/commons/spring/boot/sda-commons-bom/3.0.19/sda-commons-bom-3.0.19.jar returned status 404
3.0.2			IOException: Tail request on https://maven-central.storage-download.googleapis.com/maven2/org/sdase/commons/spring/boot/sda-commons-bom/3.0.2/sda-commons-bom-3.0.2.jar returned status 404
3.0.20			IOException: Tail request on https://maven-central.storage-download.googleapis.com/maven2/org/sdase/commons/spring/boot/sda-commons-bom/3.0.20/sda-commons-bom-3.0.20.jar returned status 404
3.0.21			IOException: Tail request on https://maven-central.storage-download.googleapis.com/maven2/org/sdase/commons/spring/boot/sda-commons-bom/3.0.21/sda-commons-bom-3.0.21.jar returned status 404
3.0.22			IOException: Tail request on https://maven-central.storage-download.googleapis.com/maven2/org/sdase/commons/spring/boot/sda-commons-bom/3.0.22/sda-commons-bom-3.0.22.jar returned status 404
3.0.23			IOException: Tail request on https://maven-central.storage-download.googleapis.com/maven2/org/sdase/commons/spring/boot/sda-commons-bom/3.0.23/sda-commons-bom-3.0.23.jar returned status 404
3.0.24			IOException: Tail request on https://maven-central.storage-download.googleapis.com/maven2/org/sdase/commons/spring/boot/sda-commons-bom/3.0.24/sda-commons-bom-3.0.24.jar returned status 404
3.0.25			IOException: Tail request on https://maven-central.storage-download.googleapis.com/maven2/org/sdase/commons/spring/boot/sda-commons-bom/3.0.25/sda-commons-bom-3.0.25.jar returned status 404
3.0.26			IOException: Tail request on https://maven-central.storage-download.googleapis.com/maven2/org/sdase/commons/spring/boot/sda-commons-bom/3.0.26/sda-commons-bom-3.0.26.jar returned status 404
3.0.27			IOException: Tail request on https://maven-central.storage-download.googleapis.com/maven2/org/sdase/commons/spring/boot/sda-commons-bom/3.0.27/sda-commons-bom-3.0.27.jar returned status 404
3.0.28			IOException: Tail request on https://maven-central.storage-download.googleapis.com/maven2/org/sdase/commons/spring/boot/sda-commons-bom/3.0.28/sda-commons-bom-3.0.28.jar returned status 404
3.0.29			IOException: Tail request on https://maven-central.storage-download.googleapis.com/maven2/org/sdase/commons/spring/boot/sda-commons-bom/3.0.29/sda-commons-bom-3.0.29.jar returned status 404
3.0.3			IOException: Tail request on https://maven-central.storage-download.googleapis.com/maven2/org/sdase/commons/spring/boot/sda-commons-bom/3.0.3/sda-commons-bom-3.0.3.jar returned status 404
3.0.30			IOException: Tail request on https://maven-central.storage-download.googleapis.com/maven2/org/sdase/commons/spring/boot/sda-commons-bom/3.0.30/sda-commons-bom-3.0.30.jar returned status 404
3.0.31			IOException: Tail request on https://maven-central.storage-download.googleapis.com/maven2/org/sdase/commons/spring/boot/sda-commons-bom/3.0.31/sda-commons-bom-3.0.31.jar returned status 404
3.0.32			IOException: Tail request on https://maven-central.storage-download.googleapis.com/maven2/org/sdase/commons/spring/boot/sda-commons-bom/3.0.32/sda-commons-bom-3.0.32.jar returned status 404
3.0.33			IOException: Tail request on https://maven-central.storage-download.googleapis.com/maven2/org/sdase/commons/spring/boot/sda-commons-bom/3.0.33/sda-commons-bom-3.0.33.jar returned status 404
3.0.34			IOException: Tail request on https://maven-central.storage-download.googleapis.com/maven2/org/sdase/commons/spring/boot/sda-commons-bom/3.0.34/sda-commons-bom-3.0.34.jar returned status 404
3.0.35			IOException: Tail request on https://maven-central.storage-download.googleapis.com/maven2/org/sdase/commons/spring/boot/sda-commons-bom/3.0.35/sda-commons-bom-3.0.35.jar returned status 404
3.0.36			IOException: Tail request on https://maven-central.storage-download.googleapis.com/maven2/org/sdase/commons/spring/boot/sda-commons-bom/3.0.36/sda-commons-bom-3.0.36.jar returned status 404
3.0.4			IOException: Tail request on https://maven-central.storage-download.googleapis.com/maven2/org/sdase/commons/spring/boot/sda-commons-bom/3.0.4/sda-commons-bom-3.0.4.jar returned status 404
3.0.5			IOException: Tail request on https://maven-central.storage-download.googleapis.com/maven2/org/sdase/commons/spring/boot/sda-commons-bom/3.0.5/sda-commons-bom-3.0.5.jar returned status 404
3.0.6			IOException: Tail request on https://maven-central.storage-download.googleapis.com/maven2/org/sdase/commons/spring/boot/sda-commons-bom/3.0.6/sda-commons-bom-3.0.6.jar returned status 404
3.0.7			IOException: Tail request on https://maven-central.storage-download.googleapis.com/maven2/org/sdase/commons/spring/boot/sda-commons-bom/3.0.7/sda-commons-bom-3.0.7.jar returned status 404
3.0.8			IOException: Tail request on https://maven-central.storage-download.googleapis.com/maven2/org/sdase/commons/spring/boot/sda-commons-bom/3.0.8/sda-commons-bom-3.0.8.jar returned status 404
3.0.9			IOException: Tail request on https://maven-central.storage-download.googleapis.com/maven2/org/sdase/commons/spring/boot/sda-commons-bom/3.0.9/sda-commons-bom-3.0.9.jar returned status 404
3.1.0			IOException: Tail request on https://maven-central.storage-download.googleapis.com/maven2/org/sdase/commons/spring/boot/sda-commons-bom/3.1.0/sda-commons-bom-3.1.0.jar returned status 404
3.1.1			IOException: Tail request on https://maven-central.storage-download.googleapis.com/maven2/org/sdase/commons/spring/boot/sda-commons-bom/3.1.1/sda-commons-bom-3.1.1.jar returned status 404
3.1.2			IOException: Tail request on https://maven-central.storage-download.googleapis.com/maven2/org/sdase/commons/spring/boot/sda-commons-bom/3.1.2/sda-commons-bom-3.1.2.jar returned status 404
3.1.3			IOException: Tail request on https://maven-central.storage-download.googleapis.com/maven2/org/sdase/commons/spring/boot/sda-commons-bom/3.1.3/sda-commons-bom-3.1.3.jar returned status 404
3.1.4			IOException: Tail request on https://maven-central.storage-download.googleapis.com/maven2/org/sdase/commons/spring/boot/sda-commons-bom/3.1.4/sda-commons-bom-3.1.4.jar returned status 404
3.1.5			IOException: Tail request on https://maven-central.storage-download.googleapis.com/maven2/org/sdase/commons/spring/boot/sda-commons-bom/3.1.5/sda-commons-bom-3.1.5.jar returned status 404
3.2.0			IOException: Tail request on https://maven-central.storage-download.googleapis.com/maven2/org/sdase/commons/spring/boot/sda-commons-bom/3.2.0/sda-commons-bom-3.2.0.jar returned status 404
3.2.1			IOException: Tail request on https://maven-central.storage-download.googleapis.com/maven2/org/sdase/commons/spring/boot/sda-commons-bom/3.2.1/sda-commons-bom-3.2.1.jar returned status 404
3.2.2			IOException: Tail request on https://maven-central.storage-download.googleapis.com/maven2/org/sdase/commons/spring/boot/sda-commons-bom/3.2.2/sda-commons-bom-3.2.2.jar returned status 404
3.2.3			IOException: Tail request on https://maven-central.storage-download.googleapis.com/maven2/org/sdase/commons/spring/boot/sda-commons-bom/3.2.3/sda-commons-bom-3.2.3.jar returned status 404
3.2.4			IOException: Tail request on https://maven-central.storage-download.googleapis.com/maven2/org/sdase/commons/spring/boot/sda-commons-bom/3.2.4/sda-commons-bom-3.2.4.jar returned status 404
3.2.5			IOException: Tail request on https://maven-central.storage-download.googleapis.com/maven2/org/sdase/commons/spring/boot/sda-commons-bom/3.2.5/sda-commons-bom-3.2.5.jar returned status 404
3.2.6			IOException: Tail request on https://maven-central.storage-download.googleapis.com/maven2/org/sdase/commons/spring/boot/sda-commons-bom/3.2.6/sda-commons-bom-3.2.6.jar returned status 404
3.3.0			IOException: Tail request on https://maven-central.storage-download.googleapis.com/maven2/org/sdase/commons/spring/boot/sda-commons-bom/3.3.0/sda-commons-bom-3.3.0.jar returned status 404
3.3.1			IOException: Tail request on https://maven-central.storage-download.googleapis.com/maven2/org/sdase/commons/spring/boot/sda-commons-bom/3.3.1/sda-commons-bom-3.3.1.jar returned status 404
3.3.10			IOException: Tail request on https://maven-central.storage-download.googleapis.com/maven2/org/sdase/commons/spring/boot/sda-commons-bom/3.3.10/sda-commons-bom-3.3.10.jar returned status 404
3.3.11			IOException: Tail request on https://maven-central.storage-download.googleapis.com/maven2/org/sdase/commons/spring/boot/sda-commons-bom/3.3.11/sda-commons-bom-3.3.11.jar returned status 404
3.3.12			IOException: Tail request on https://maven-central.storage-download.googleapis.com/maven2/org/sdase/commons/spring/boot/sda-commons-bom/3.3.12/sda-commons-bom-3.3.12.jar returned status 404
3.3.13			IOException: Tail request on https://maven-central.storage-download.googleapis.com/maven2/org/sdase/commons/spring/boot/sda-commons-bom/3.3.13/sda-commons-bom-3.3.13.jar returned status 404
3.3.14			IOException: Tail request on https://maven-central.storage-download.googleapis.com/maven2/org/sdase/commons/spring/boot/sda-commons-bom/3.3.14/sda-commons-bom-3.3.14.jar returned status 404
3.3.15			IOException: Tail request on https://maven-central.storage-download.googleapis.com/maven2/org/sdase/commons/spring/boot/sda-commons-bom/3.3.15/sda-commons-bom-3.3.15.jar returned status 404
3.3.16			IOException: Tail request on https://maven-central.storage-download.googleapis.com/maven2/org/sdase/commons/spring/boot/sda-commons-bom/3.3.16/sda-commons-bom-3.3.16.jar returned status 404
3.3.17			IOException: Tail request on https://maven-central.storage-download.googleapis.com/maven2/org/sdase/commons/spring/boot/sda-commons-bom/3.3.17/sda-commons-bom-3.3.17.jar returned status 404
3.3.18			IOException: Tail request on https://maven-central.storage-download.googleapis.com/maven2/org/sdase/commons/spring/boot/sda-commons-bom/3.3.18/sda-commons-bom-3.3.18.jar returned status 404
3.3.19			IOException: Tail request on https://maven-central.storage-download.googleapis.com/maven2/org/sdase/commons/spring/boot/sda-commons-bom/3.3.19/sda-commons-bom-3.3.19.jar returned status 404
3.3.2			IOException: Tail request on https://maven-central.storage-download.googleapis.com/maven2/org/sdase/commons/spring/boot/sda-commons-bom/3.3.2/sda-commons-bom-3.3.2.jar returned status 404
3.3.20			IOException: Tail request on https://maven-central.storage-download.googleapis.com/maven2/org/sdase/commons/spring/boot/sda-commons-bom/3.3.20/sda-commons-bom-3.3.20.jar returned status 404
3.3.21			IOException: Tail request on https://maven-central.storage-download.googleapis.com/maven2/org/sdase/commons/spring/boot/sda-commons-bom/3.3.21/sda-commons-bom-3.3.21.jar returned status 404
3.3.22			IOException: Tail request on https://maven-central.storage-download.googleapis.com/maven2/org/sdase/commons/spring/boot/sda-commons-bom/3.3.22/sda-commons-bom-3.3.22.jar returned status 404
3.3.23			IOException: Tail request on https://maven-central.storage-download.googleapis.com/maven2/org/sdase/commons/spring/boot/sda-commons-bom/3.3.23/sda-commons-bom-3.3.23.jar returned status 404
3.3.25			IOException: Tail request on https://maven-central.storage-download.googleapis.com/maven2/org/sdase/commons/spring/boot/sda-commons-bom/3.3.25/sda-commons-bom-3.3.25.jar returned status 404
3.3.26			IOException: Tail request on https://maven-central.storage-download.googleapis.com/maven2/org/sdase/commons/spring/boot/sda-commons-bom/3.3.26/sda-commons-bom-3.3.26.jar returned status 404
3.3.27			IOException: Tail request on https://maven-central.storage-download.googleapis.com/maven2/org/sdase/commons/spring/boot/sda-commons-bom/3.3.27/sda-commons-bom-3.3.27.jar returned status 404
3.3.28			IOException: Tail request on https://maven-central.storage-download.googleapis.com/maven2/org/sdase/commons/spring/boot/sda-commons-bom/3.3.28/sda-commons-bom-3.3.28.jar returned status 404
3.3.29			IOException: Tail request on https://maven-central.storage-download.googleapis.com/maven2/org/sdase/commons/spring/boot/sda-commons-bom/3.3.29/sda-commons-bom-3.3.29.jar returned status 404
3.3.3			IOException: Tail request on https://maven-central.storage-download.googleapis.com/maven2/org/sdase/commons/spring/boot/sda-commons-bom/3.3.3/sda-commons-bom-3.3.3.jar returned status 404
3.3.30			IOException: Tail request on https://maven-central.storage-download.googleapis.com/maven2/org/sdase/commons/spring/boot/sda-commons-bom/3.3.30/sda-commons-bom-3.3.30.jar returned status 404
3.3.31			IOException: Tail request on https://maven-central.storage-download.googleapis.com/maven2/org/sdase/commons/spring/boot/sda-commons-bom/3.3.31/sda-commons-bom-3.3.31.jar returned status 404
3.3.32			IOException: Tail request on https://maven-central.storage-download.googleapis.com/maven2/org/sdase/commons/spring/boot/sda-commons-bom/3.3.32/sda-commons-bom-3.3.32.jar returned status 404
3.3.33			IOException: Tail request on https://maven-central.storage-download.googleapis.com/maven2/org/sdase/commons/spring/boot/sda-commons-bom/3.3.33/sda-commons-bom-3.3.33.jar returned status 404
3.3.4			IOException: Tail request on https://maven-central.storage-download.googleapis.com/maven2/org/sdase/commons/spring/boot/sda-commons-bom/3.3.4/sda-commons-bom-3.3.4.jar returned status 404
3.3.5			IOException: Tail request on https://maven-central.storage-download.googleapis.com/maven2/org/sdase/commons/spring/boot/sda-commons-bom/3.3.5/sda-commons-bom-3.3.5.jar returned status 404
3.3.6			IOException: Tail request on https://maven-central.storage-download.googleapis.com/maven2/org/sdase/commons/spring/boot/sda-commons-bom/3.3.6/sda-commons-bom-3.3.6.jar returned status 404
3.3.7			IOException: Tail request on https://maven-central.storage-download.googleapis.com/maven2/org/sdase/commons/spring/boot/sda-commons-bom/3.3.7/sda-commons-bom-3.3.7.jar returned status 404
3.3.8			IOException: Tail request on https://maven-central.storage-download.googleapis.com/maven2/org/sdase/commons/spring/boot/sda-commons-bom/3.3.8/sda-commons-bom-3.3.8.jar returned status 404
3.3.9			IOException: Tail request on https://maven-central.storage-download.googleapis.com/maven2/org/sdase/commons/spring/boot/sda-commons-bom/3.3.9/sda-commons-bom-3.3.9.jar returned status 404
3.4.0			IOException: Tail request on https://maven-central.storage-download.googleapis.com/maven2/org/sdase/commons/spring/boot/sda-commons-bom/3.4.0/sda-commons-bom-3.4.0.jar returned status 404
3.4.1			IOException: Tail request on https://maven-central.storage-download.googleapis.com/maven2/org/sdase/commons/spring/boot/sda-commons-bom/3.4.1/sda-commons-bom-3.4.1.jar returned status 404
3.4.2			IOException: Tail request on https://maven-central.storage-download.googleapis.com/maven2/org/sdase/commons/spring/boot/sda-commons-bom/3.4.2/sda-commons-bom-3.4.2.jar returned status 404
3.4.3			IOException: Tail request on https://maven-central.storage-download.googleapis.com/maven2/org/sdase/commons/spring/boot/sda-commons-bom/3.4.3/sda-commons-bom-3.4.3.jar returned status 404
3.4.4			IOException: Tail request on https://maven-central.storage-download.googleapis.com/maven2/org/sdase/commons/spring/boot/sda-commons-bom/3.4.4/sda-commons-bom-3.4.4.jar returned status 404
3.4.5			IOException: Tail request on https://maven-central.storage-download.googleapis.com/maven2/org/sdase/commons/spring/boot/sda-commons-bom/3.4.5/sda-commons-bom-3.4.5.jar returned status 404
3.4.6			IOException: Tail request on https://maven-central.storage-download.googleapis.com/maven2/org/sdase/commons/spring/boot/sda-commons-bom/3.4.6/sda-commons-bom-3.4.6.jar returned status 404
3.4.7			IOException: Tail request on https://maven-central.storage-download.googleapis.com/maven2/org/sdase/commons/spring/boot/sda-commons-bom/3.4.7/sda-commons-bom-3.4.7.jar returned status 404
4.0.0			IOException: Tail request on https://maven-central.storage-download.googleapis.com/maven2/org/sdase/commons/spring/boot/sda-commons-bom/4.0.0/sda-commons-bom-4.0.0.jar returned status 404
4.0.1			IOException: Tail request on https://maven-central.storage-download.googleapis.com/maven2/org/sdase/commons/spring/boot/sda-commons-bom/4.0.1/sda-commons-bom-4.0.1.jar returned status 404
4.0.10			IOException: Tail request on https://maven-central.storage-download.googleapis.com/maven2/org/sdase/commons/spring/boot/sda-commons-bom/4.0.10/sda-commons-bom-4.0.10.jar returned status 404
4.0.11			IOException: Tail request on https://maven-central.storage-download.googleapis.com/maven2/org/sdase/commons/spring/boot/sda-commons-bom/4.0.11/sda-commons-bom-4.0.11.jar returned status 404
4.0.12			IOException: Tail request on https://maven-central.storage-download.googleapis.com/maven2/org/sdase/commons/spring/boot/sda-commons-bom/4.0.12/sda-commons-bom-4.0.12.jar returned status 404
4.0.13			IOException: Tail request on https://maven-central.storage-download.googleapis.com/maven2/org/sdase/commons/spring/boot/sda-commons-bom/4.0.13/sda-commons-bom-4.0.13.jar returned status 404
4.0.14			IOException: Tail request on https://maven-central.storage-download.googleapis.com/maven2/org/sdase/commons/spring/boot/sda-commons-bom/4.0.14/sda-commons-bom-4.0.14.jar returned status 404
4.0.15			IOException: Tail request on https://maven-central.storage-download.googleapis.com/maven2/org/sdase/commons/spring/boot/sda-commons-bom/4.0.15/sda-commons-bom-4.0.15.jar returned status 404
4.0.16			IOException: Tail request on https://maven-central.storage-download.googleapis.com/maven2/org/sdase/commons/spring/boot/sda-commons-bom/4.0.16/sda-commons-bom-4.0.16.jar returned status 404
4.0.17			IOException: Tail request on https://maven-central.storage-download.googleapis.com/maven2/org/sdase/commons/spring/boot/sda-commons-bom/4.0.17/sda-commons-bom-4.0.17.jar returned status 404
4.0.18			IOException: Tail request on https://maven-central.storage-download.googleapis.com/maven2/org/sdase/commons/spring/boot/sda-commons-bom/4.0.18/sda-commons-bom-4.0.18.jar returned status 404
4.0.19			IOException: Tail request on https://maven-central.storage-download.googleapis.com/maven2/org/sdase/commons/spring/boot/sda-commons-bom/4.0.19/sda-commons-bom-4.0.19.jar returned status 404
4.0.2			IOException: Tail request on https://maven-central.storage-download.googleapis.com/maven2/org/sdase/commons/spring/boot/sda-commons-bom/4.0.2/sda-commons-bom-4.0.2.jar returned status 404
4.0.20			IOException: Tail request on https://maven-central.storage-download.googleapis.com/maven2/org/sdase/commons/spring/boot/sda-commons-bom/4.0.20/sda-commons-bom-4.0.20.jar returned status 404
4.0.21			IOException: Tail request on https://maven-central.storage-download.googleapis.com/maven2/org/sdase/commons/spring/boot/sda-commons-bom/4.0.21/sda-commons-bom-4.0.21.jar returned status 404
4.0.22			IOException: Tail request on https://maven-central.storage-download.googleapis.com/maven2/org/sdase/commons/spring/boot/sda-commons-bom/4.0.22/sda-commons-bom-4.0.22.jar returned status 404
4.0.23			IOException: Tail request on https://maven-central.storage-download.googleapis.com/maven2/org/sdase/commons/spring/boot/sda-commons-bom/4.0.23/sda-commons-bom-4.0.23.jar returned status 404
4.0.24			IOException: Tail request on https://maven-central.storage-download.googleapis.com/maven2/org/sdase/commons/spring/boot/sda-commons-bom/4.0.24/sda-commons-bom-4.0.24.jar returned status 404
4.0.25			IOException: Tail request on https://maven-central.storage-download.googleapis.com/maven2/org/sdase/commons/spring/boot/sda-commons-bom/4.0.25/sda-commons-bom-4.0.25.jar returned status 404
4.0.26			IOException: Tail request on https://maven-central.storage-download.googleapis.com/maven2/org/sdase/commons/spring/boot/sda-commons-bom/4.0.26/sda-commons-bom-4.0.26.jar returned status 404
4.0.27			IOException: Tail request on https://maven-central.storage-download.googleapis.com/maven2/org/sdase/commons/spring/boot/sda-commons-bom/4.0.27/sda-commons-bom-4.0.27.jar returned status 404
4.0.28			IOException: Tail request on https://maven-central.storage-download.googleapis.com/maven2/org/sdase/commons/spring/boot/sda-commons-bom/4.0.28/sda-commons-bom-4.0.28.jar returned status 404
4.0.29			IOException: Tail request on https://maven-central.storage-download.googleapis.com/maven2/org/sdase/commons/spring/boot/sda-commons-bom/4.0.29/sda-commons-bom-4.0.29.jar returned status 404
4.0.3			IOException: Tail request on https://maven-central.storage-download.googleapis.com/maven2/org/sdase/commons/spring/boot/sda-commons-bom/4.0.3/sda-commons-bom-4.0.3.jar returned status 404
4.0.30			IOException: Tail request on https://maven-central.storage-download.googleapis.com/maven2/org/sdase/commons/spring/boot/sda-commons-bom/4.0.30/sda-commons-bom-4.0.30.jar returned status 404
4.0.31			IOException: Tail request on https://maven-central.storage-download.googleapis.com/maven2/org/sdase/commons/spring/boot/sda-commons-bom/4.0.31/sda-commons-bom-4.0.31.jar returned status 404
4.0.32			IOException: Tail request on https://maven-central.storage-download.googleapis.com/maven2/org/sdase/commons/spring/boot/sda-commons-bom/4.0.32/sda-commons-bom-4.0.32.jar returned status 404
4.0.33			IOException: Tail request on https://maven-central.storage-download.googleapis.com/maven2/org/sdase/commons/spring/boot/sda-commons-bom/4.0.33/sda-commons-bom-4.0.33.jar returned status 404
4.0.34			IOException: Tail request on https://maven-central.storage-download.googleapis.com/maven2/org/sdase/commons/spring/boot/sda-commons-bom/4.0.34/sda-commons-bom-4.0.34.jar returned status 404
4.0.35			IOException: Tail request on https://maven-central.storage-download.googleapis.com/maven2/org/sdase/commons/spring/boot/sda-commons-bom/4.0.35/sda-commons-bom-4.0.35.jar returned status 404
4.0.36			IOException: Tail request on https://maven-central.storage-download.googleapis.com/maven2/org/sdase/commons/spring/boot/sda-commons-bom/4.0.36/sda-commons-bom-4.0.36.jar returned status 404
4.0.37			IOException: Tail request on https://maven-central.storage-download.googleapis.com/maven2/org/sdase/commons/spring/boot/sda-commons-bom/4.0.37/sda-commons-bom-4.0.37.jar returned status 404
4.0.38			IOException: Tail request on https://maven-central.storage-download.googleapis.com/maven2/org/sdase/commons/spring/boot/sda-commons-bom/4.0.38/sda-commons-bom-4.0.38.jar returned status 404
4.0.39			IOException: Tail request on https://maven-central.storage-download.googleapis.com/maven2/org/sdase/commons/spring/boot/sda-commons-bom/4.0.39/sda-commons-bom-4.0.39.jar returned status 404
4.0.4			IOException: Tail request on https://maven-central.storage-download.googleapis.com/maven2/org/sdase/commons/spring/boot/sda-commons-bom/4.0.4/sda-commons-bom-4.0.4.jar returned status 404
4.0.40			IOException: Tail request on https://maven-central.storage-download.googleapis.com/maven2/org/sdase/commons/spring/boot/sda-commons-bom/4.0.40/sda-commons-bom-4.0.40.jar returned status 404
4.0.41			IOException: Tail request on https://maven-central.storage-download.googleapis.com/maven2/org/sdase/commons/spring/boot/sda-commons-bom/4.0.41/sda-commons-bom-4.0.41.jar returned status 404
4.0.42			IOException: Tail request on https://maven-central.storage-download.googleapis.com/maven2/org/sdase/commons/spring/boot/sda-commons-bom/4.0.42/sda-commons-bom-4.0.42.jar returned status 404
4.0.43			IOException: Tail request on https://maven-central.storage-download.googleapis.com/maven2/org/sdase/commons/spring/boot/sda-commons-bom/4.0.43/sda-commons-bom-4.0.43.jar returned status 404
4.0.44			IOException: Tail request on https://maven-central.storage-download.googleapis.com/maven2/org/sdase/commons/spring/boot/sda-commons-bom/4.0.44/sda-commons-bom-4.0.44.jar returned status 404
4.0.45			IOException: Tail request on https://maven-central.storage-download.googleapis.com/maven2/org/sdase/commons/spring/boot/sda-commons-bom/4.0.45/sda-commons-bom-4.0.45.jar returned status 404
4.0.46			IOException: Tail request on https://maven-central.storage-download.googleapis.com/maven2/org/sdase/commons/spring/boot/sda-commons-bom/4.0.46/sda-commons-bom-4.0.46.jar returned status 404
4.0.47			IOException: Tail request on https://maven-central.storage-download.googleapis.com/maven2/org/sdase/commons/spring/boot/sda-commons-bom/4.0.47/sda-commons-bom-4.0.47.jar returned status 404
4.0.48			IOException: Tail request on https://maven-central.storage-download.googleapis.com/maven2/org/sdase/commons/spring/boot/sda-commons-bom/4.0.48/sda-commons-bom-4.0.48.jar returned status 404
4.0.49			IOException: Tail request on https://maven-central.storage-download.googleapis.com/maven2/org/sdase/commons/spring/boot/sda-commons-bom/4.0.49/sda-commons-bom-4.0.49.jar returned status 404
4.0.5			IOException: Tail request on https://maven-central.storage-download.googleapis.com/maven2/org/sdase/commons/spring/boot/sda-commons-bom/4.0.5/sda-commons-bom-4.0.5.jar returned status 404
4.0.50			IOException: Tail request on https://maven-central.storage-download.googleapis.com/maven2/org/sdase/commons/spring/boot/sda-commons-bom/4.0.50/sda-commons-bom-4.0.50.jar returned status 404
4.0.51			IOException: Tail request on https://maven-central.storage-download.googleapis.com/maven2/org/sdase/commons/spring/boot/sda-commons-bom/4.0.51/sda-commons-bom-4.0.51.jar returned status 404
4.0.52			IOException: Tail request on https://maven-central.storage-download.googleapis.com/maven2/org/sdase/commons/spring/boot/sda-commons-bom/4.0.52/sda-commons-bom-4.0.52.jar returned status 404
4.0.53			IOException: Tail request on https://maven-central.storage-download.googleapis.com/maven2/org/sdase/commons/spring/boot/sda-commons-bom/4.0.53/sda-commons-bom-4.0.53.jar returned status 404
4.0.54			IOException: Tail request on https://maven-central.storage-download.googleapis.com/maven2/org/sdase/commons/spring/boot/sda-commons-bom/4.0.54/sda-commons-bom-4.0.54.jar returned status 404
4.0.55			IOException: Tail request on https://maven-central.storage-download.googleapis.com/maven2/org/sdase/commons/spring/boot/sda-commons-bom/4.0.55/sda-commons-bom-4.0.55.jar returned status 404
4.0.6			IOException: Tail request on https://maven-central.storage-download.googleapis.com/maven2/org/sdase/commons/spring/boot/sda-commons-bom/4.0.6/sda-commons-bom-4.0.6.jar returned status 404
4.0.7			IOException: Tail request on https://maven-central.storage-download.googleapis.com/maven2/org/sdase/commons/spring/boot/sda-commons-bom/4.0.7/sda-commons-bom-4.0.7.jar returned status 404
4.0.8			IOException: Tail request on https://maven-central.storage-download.googleapis.com/maven2/org/sdase/commons/spring/boot/sda-commons-bom/4.0.8/sda-commons-bom-4.0.8.jar returned status 404
4.0.9			IOException: Tail request on https://maven-central.storage-download.googleapis.com/maven2/org/sdase/commons/spring/boot/sda-commons-bom/4.0.9/sda-commons-bom-4.0.9.jar returned status 404
4.1.0			IOException: Tail request on https://maven-central.storage-download.googleapis.com/maven2/org/sdase/commons/spring/boot/sda-commons-bom/4.1.0/sda-commons-bom-4.1.0.jar returned status 404
4.1.1			IOException: Tail request on https://maven-central.storage-download.googleapis.com/maven2/org/sdase/commons/spring/boot/sda-commons-bom/4.1.1/sda-commons-bom-4.1.1.jar returned status 404
4.1.10			IOException: Tail request on https://maven-central.storage-download.googleapis.com/maven2/org/sdase/commons/spring/boot/sda-commons-bom/4.1.10/sda-commons-bom-4.1.10.jar returned status 404
4.1.11			IOException: Tail request on https://maven-central.storage-download.googleapis.com/maven2/org/sdase/commons/spring/boot/sda-commons-bom/4.1.11/sda-commons-bom-4.1.11.jar returned status 404
4.1.12			IOException: Tail request on https://maven-central.storage-download.googleapis.com/maven2/org/sdase/commons/spring/boot/sda-commons-bom/4.1.12/sda-commons-bom-4.1.12.jar returned status 404
4.1.13			IOException: Tail request on https://maven-central.storage-download.googleapis.com/maven2/org/sdase/commons/spring/boot/sda-commons-bom/4.1.13/sda-commons-bom-4.1.13.jar returned status 404
4.1.14			IOException: Tail request on https://maven-central.storage-download.googleapis.com/maven2/org/sdase/commons/spring/boot/sda-commons-bom/4.1.14/sda-commons-bom-4.1.14.jar returned status 404
4.1.15			IOException: Tail request on https://maven-central.storage-download.googleapis.com/maven2/org/sdase/commons/spring/boot/sda-commons-bom/4.1.15/sda-commons-bom-4.1.15.jar returned status 404
4.1.16			IOException: Tail request on https://maven-central.storage-download.googleapis.com/maven2/org/sdase/commons/spring/boot/sda-commons-bom/4.1.16/sda-commons-bom-4.1.16.jar returned status 404
4.1.17			IOException: Tail request on https://maven-central.storage-download.googleapis.com/maven2/org/sdase/commons/spring/boot/sda-commons-bom/4.1.17/sda-commons-bom-4.1.17.jar returned status 404
4.1.2			IOException: Tail request on https://maven-central.storage-download.googleapis.com/maven2/org/sdase/commons/spring/boot/sda-commons-bom/4.1.2/sda-commons-bom-4.1.2.jar returned status 404
4.1.3			IOException: Tail request on https://maven-central.storage-download.googleapis.com/maven2/org/sdase/commons/spring/boot/sda-commons-bom/4.1.3/sda-commons-bom-4.1.3.jar returned status 404
4.1.4			IOException: Tail request on https://maven-central.storage-download.googleapis.com/maven2/org/sdase/commons/spring/boot/sda-commons-bom/4.1.4/sda-commons-bom-4.1.4.jar returned status 404
4.1.5			IOException: Tail request on https://maven-central.storage-download.googleapis.com/maven2/org/sdase/commons/spring/boot/sda-commons-bom/4.1.5/sda-commons-bom-4.1.5.jar returned status 404
4.1.6			IOException: Tail request on https://maven-central.storage-download.googleapis.com/maven2/org/sdase/commons/spring/boot/sda-commons-bom/4.1.6/sda-commons-bom-4.1.6.jar returned status 404
4.1.7			IOException: Tail request on https://maven-central.storage-download.googleapis.com/maven2/org/sdase/commons/spring/boot/sda-commons-bom/4.1.7/sda-commons-bom-4.1.7.jar returned status 404
4.1.8			IOException: Tail request on https://maven-central.storage-download.googleapis.com/maven2/org/sdase/commons/spring/boot/sda-commons-bom/4.1.8/sda-commons-bom-4.1.8.jar returned status 404
4.1.9			IOException: Tail request on https://maven-central.storage-download.googleapis.com/maven2/org/sdase/commons/spring/boot/sda-commons-bom/4.1.9/sda-commons-bom-4.1.9.jar returned status 404
4.2.0			IOException: Tail request on https://maven-central.storage-download.googleapis.com/maven2/org/sdase/commons/spring/boot/sda-commons-bom/4.2.0/sda-commons-bom-4.2.0.jar returned status 404
4.3.0			IOException: Tail request on https://maven-central.storage-download.googleapis.com/maven2/org/sdase/commons/spring/boot/sda-commons-bom/4.3.0/sda-commons-bom-4.3.0.jar returned status 404
4.3.1			IOException: Tail request on https://maven-central.storage-download.googleapis.com/maven2/org/sdase/commons/spring/boot/sda-commons-bom/4.3.1/sda-commons-bom-4.3.1.jar returned status 404
4.3.10			IOException: Tail request on https://maven-central.storage-download.googleapis.com/maven2/org/sdase/commons/spring/boot/sda-commons-bom/4.3.10/sda-commons-bom-4.3.10.jar returned status 404
4.3.11			IOException: Tail request on https://maven-central.storage-download.googleapis.com/maven2/org/sdase/commons/spring/boot/sda-commons-bom/4.3.11/sda-commons-bom-4.3.11.jar returned status 404
4.3.12			IOException: Tail request on https://maven-central.storage-download.googleapis.com/maven2/org/sdase/commons/spring/boot/sda-commons-bom/4.3.12/sda-commons-bom-4.3.12.jar returned status 404
4.3.13			IOException: Tail request on https://maven-central.storage-download.googleapis.com/maven2/org/sdase/commons/spring/boot/sda-commons-bom/4.3.13/sda-commons-bom-4.3.13.jar returned status 404
4.3.14			IOException: Tail request on https://maven-central.storage-download.googleapis.com/maven2/org/sdase/commons/spring/boot/sda-commons-bom/4.3.14/sda-commons-bom-4.3.14.jar returned status 404
4.3.15			IOException: Tail request on https://maven-central.storage-download.googleapis.com/maven2/org/sdase/commons/spring/boot/sda-commons-bom/4.3.15/sda-commons-bom-4.3.15.jar returned status 404
4.3.16			IOException: Tail request on https://maven-central.storage-download.googleapis.com/maven2/org/sdase/commons/spring/boot/sda-commons-bom/4.3.16/sda-commons-bom-4.3.16.jar returned status 404
4.3.17			IOException: Tail request on https://maven-central.storage-download.googleapis.com/maven2/org/sdase/commons/spring/boot/sda-commons-bom/4.3.17/sda-commons-bom-4.3.17.jar returned status 404
4.3.18			IOException: Tail request on https://maven-central.storage-download.googleapis.com/maven2/org/sdase/commons/spring/boot/sda-commons-bom/4.3.18/sda-commons-bom-4.3.18.jar returned status 404
4.3.19			IOException: Tail request on https://maven-central.storage-download.googleapis.com/maven2/org/sdase/commons/spring/boot/sda-commons-bom/4.3.19/sda-commons-bom-4.3.19.jar returned status 404
4.3.2			IOException: Tail request on https://maven-central.storage-download.googleapis.com/maven2/org/sdase/commons/spring/boot/sda-commons-bom/4.3.2/sda-commons-bom-4.3.2.jar returned status 404
4.3.20			IOException: Tail request on https://maven-central.storage-download.googleapis.com/maven2/org/sdase/commons/spring/boot/sda-commons-bom/4.3.20/sda-commons-bom-4.3.20.jar returned status 404
4.3.21			IOException: Tail request on https://maven-central.storage-download.googleapis.com/maven2/org/sdase/commons/spring/boot/sda-commons-bom/4.3.21/sda-commons-bom-4.3.21.jar returned status 404
4.3.22			IOException: Tail request on https://maven-central.storage-download.googleapis.com/maven2/org/sdase/commons/spring/boot/sda-commons-bom/4.3.22/sda-commons-bom-4.3.22.jar returned status 404
4.3.23			IOException: Tail request on https://maven-central.storage-download.googleapis.com/maven2/org/sdase/commons/spring/boot/sda-commons-bom/4.3.23/sda-commons-bom-4.3.23.jar returned status 404
4.3.24			IOException: Tail request on https://maven-central.storage-download.googleapis.com/maven2/org/sdase/commons/spring/boot/sda-commons-bom/4.3.24/sda-commons-bom-4.3.24.jar returned status 404
4.3.3			IOException: Tail request on https://maven-central.storage-download.googleapis.com/maven2/org/sdase/commons/spring/boot/sda-commons-bom/4.3.3/sda-commons-bom-4.3.3.jar returned status 404
4.3.4			IOException: Tail request on https://maven-central.storage-download.googleapis.com/maven2/org/sdase/commons/spring/boot/sda-commons-bom/4.3.4/sda-commons-bom-4.3.4.jar returned status 404
4.3.5			IOException: Tail request on https://maven-central.storage-download.googleapis.com/maven2/org/sdase/commons/spring/boot/sda-commons-bom/4.3.5/sda-commons-bom-4.3.5.jar returned status 404
4.3.6			IOException: Tail request on https://maven-central.storage-download.googleapis.com/maven2/org/sdase/commons/spring/boot/sda-commons-bom/4.3.6/sda-commons-bom-4.3.6.jar returned status 404
4.3.7			IOException: Tail request on https://maven-central.storage-download.googleapis.com/maven2/org/sdase/commons/spring/boot/sda-commons-bom/4.3.7/sda-commons-bom-4.3.7.jar returned status 404
4.3.8			IOException: Tail request on https://maven-central.storage-download.googleapis.com/maven2/org/sdase/commons/spring/boot/sda-commons-bom/4.3.8/sda-commons-bom-4.3.8.jar returned status 404
4.3.9			IOException: Tail request on https://maven-central.storage-download.googleapis.com/maven2/org/sdase/commons/spring/boot/sda-commons-bom/4.3.9/sda-commons-bom-4.3.9.jar returned status 404
4.4.0			IOException: Tail request on https://maven-central.storage-download.googleapis.com/maven2/org/sdase/commons/spring/boot/sda-commons-bom/4.4.0/sda-commons-bom-4.4.0.jar returned status 404
4.4.1			IOException: Tail request on https://maven-central.storage-download.googleapis.com/maven2/org/sdase/commons/spring/boot/sda-commons-bom/4.4.1/sda-commons-bom-4.4.1.jar returned status 404
4.4.2			IOException: Tail request on https://maven-central.storage-download.googleapis.com/maven2/org/sdase/commons/spring/boot/sda-commons-bom/4.4.2/sda-commons-bom-4.4.2.jar returned status 404
4.4.3			IOException: Tail request on https://maven-central.storage-download.googleapis.com/maven2/org/sdase/commons/spring/boot/sda-commons-bom/4.4.3/sda-commons-bom-4.4.3.jar returned status 404
4.4.4			IOException: Tail request on https://maven-central.storage-download.googleapis.com/maven2/org/sdase/commons/spring/boot/sda-commons-bom/4.4.4/sda-commons-bom-4.4.4.jar returned status 404
4.4.5			IOException: Tail request on https://maven-central.storage-download.googleapis.com/maven2/org/sdase/commons/spring/boot/sda-commons-bom/4.4.5/sda-commons-bom-4.4.5.jar returned status 404
4.5.0			IOException: Tail request on https://maven-central.storage-download.googleapis.com/maven2/org/sdase/commons/spring/boot/sda-commons-bom/4.5.0/sda-commons-bom-4.5.0.jar returned status 404
4.5.1			IOException: Tail request on https://maven-central.storage-download.googleapis.com/maven2/org/sdase/commons/spring/boot/sda-commons-bom/4.5.1/sda-commons-bom-4.5.1.jar returned status 404
4.5.10			IOException: Tail request on https://maven-central.storage-download.googleapis.com/maven2/org/sdase/commons/spring/boot/sda-commons-bom/4.5.10/sda-commons-bom-4.5.10.jar returned status 404
4.5.100			IOException: Tail request on https://maven-central.storage-download.googleapis.com/maven2/org/sdase/commons/spring/boot/sda-commons-bom/4.5.100/sda-commons-bom-4.5.100.jar returned status 404
4.5.101			IOException: Tail request on https://maven-central.storage-download.googleapis.com/maven2/org/sdase/commons/spring/boot/sda-commons-bom/4.5.101/sda-commons-bom-4.5.101.jar returned status 404
4.5.102			IOException: Tail request on https://maven-central.storage-download.googleapis.com/maven2/org/sdase/commons/spring/boot/sda-commons-bom/4.5.102/sda-commons-bom-4.5.102.jar returned status 404
4.5.103			IOException: Tail request on https://maven-central.storage-download.googleapis.com/maven2/org/sdase/commons/spring/boot/sda-commons-bom/4.5.103/sda-commons-bom-4.5.103.jar returned status 404
4.5.104			IOException: Tail request on https://maven-central.storage-download.googleapis.com/maven2/org/sdase/commons/spring/boot/sda-commons-bom/4.5.104/sda-commons-bom-4.5.104.jar returned status 404
4.5.11			IOException: Tail request on https://maven-central.storage-download.googleapis.com/maven2/org/sdase/commons/spring/boot/sda-commons-bom/4.5.11/sda-commons-bom-4.5.11.jar returned status 404
4.5.12			IOException: Tail request on https://maven-central.storage-download.googleapis.com/maven2/org/sdase/commons/spring/boot/sda-commons-bom/4.5.12/sda-commons-bom-4.5.12.jar returned status 404
4.5.13			IOException: Tail request on https://maven-central.storage-download.googleapis.com/maven2/org/sdase/commons/spring/boot/sda-commons-bom/4.5.13/sda-commons-bom-4.5.13.jar returned status 404
4.5.14			IOException: Tail request on https://maven-central.storage-download.googleapis.com/maven2/org/sdase/commons/spring/boot/sda-commons-bom/4.5.14/sda-commons-bom-4.5.14.jar returned status 404
4.5.15			IOException: Tail request on https://maven-central.storage-download.googleapis.com/maven2/org/sdase/commons/spring/boot/sda-commons-bom/4.5.15/sda-commons-bom-4.5.15.jar returned status 404
4.5.16			IOException: Tail request on https://maven-central.storage-download.googleapis.com/maven2/org/sdase/commons/spring/boot/sda-commons-bom/4.5.16/sda-commons-bom-4.5.16.jar returned status 404
4.5.19			IOException: Tail request on https://maven-central.storage-download.googleapis.com/maven2/org/sdase/commons/spring/boot/sda-commons-bom/4.5.19/sda-commons-bom-4.5.19.jar returned status 404
4.5.2			IOException: Tail request on https://maven-central.storage-download.googleapis.com/maven2/org/sdase/commons/spring/boot/sda-commons-bom/4.5.2/sda-commons-bom-4.5.2.jar returned status 404
4.5.20			IOException: Tail request on https://maven-central.storage-download.googleapis.com/maven2/org/sdase/commons/spring/boot/sda-commons-bom/4.5.20/sda-commons-bom-4.5.20.jar returned status 404
4.5.21			IOException: Tail request on https://maven-central.storage-download.googleapis.com/maven2/org/sdase/commons/spring/boot/sda-commons-bom/4.5.21/sda-commons-bom-4.5.21.jar returned status 404
4.5.22			IOException: Tail request on https://maven-central.storage-download.googleapis.com/maven2/org/sdase/commons/spring/boot/sda-commons-bom/4.5.22/sda-commons-bom-4.5.22.jar returned status 404
4.5.23			IOException: Tail request on https://maven-central.storage-download.googleapis.com/maven2/org/sdase/commons/spring/boot/sda-commons-bom/4.5.23/sda-commons-bom-4.5.23.jar returned status 404
4.5.24			IOException: Tail request on https://maven-central.storage-download.googleapis.com/maven2/org/sdase/commons/spring/boot/sda-commons-bom/4.5.24/sda-commons-bom-4.5.24.jar returned status 404
4.5.25			IOException: Tail request on https://maven-central.storage-download.googleapis.com/maven2/org/sdase/commons/spring/boot/sda-commons-bom/4.5.25/sda-commons-bom-4.5.25.jar returned status 404
4.5.26			IOException: Tail request on https://maven-central.storage-download.googleapis.com/maven2/org/sdase/commons/spring/boot/sda-commons-bom/4.5.26/sda-commons-bom-4.5.26.jar returned status 404
4.5.27			IOException: Tail request on https://maven-central.storage-download.googleapis.com/maven2/org/sdase/commons/spring/boot/sda-commons-bom/4.5.27/sda-commons-bom-4.5.27.jar returned status 404
4.5.28			IOException: Tail request on https://maven-central.storage-download.googleapis.com/maven2/org/sdase/commons/spring/boot/sda-commons-bom/4.5.28/sda-commons-bom-4.5.28.jar returned status 404
4.5.29			IOException: Tail request on https://maven-central.storage-download.googleapis.com/maven2/org/sdase/commons/spring/boot/sda-commons-bom/4.5.29/sda-commons-bom-4.5.29.jar returned status 404
4.5.3			IOException: Tail request on https://maven-central.storage-download.googleapis.com/maven2/org/sdase/commons/spring/boot/sda-commons-bom/4.5.3/sda-commons-bom-4.5.3.jar returned status 404
4.5.30			IOException: Tail request on https://maven-central.storage-download.googleapis.com/maven2/org/sdase/commons/spring/boot/sda-commons-bom/4.5.30/sda-commons-bom-4.5.30.jar returned status 404
4.5.31			IOException: Tail request on https://maven-central.storage-download.googleapis.com/maven2/org/sdase/commons/spring/boot/sda-commons-bom/4.5.31/sda-commons-bom-4.5.31.jar returned status 404
4.5.32			IOException: Tail request on https://maven-central.storage-download.googleapis.com/maven2/org/sdase/commons/spring/boot/sda-commons-bom/4.5.32/sda-commons-bom-4.5.32.jar returned status 404
4.5.33			IOException: Tail request on https://maven-central.storage-download.googleapis.com/maven2/org/sdase/commons/spring/boot/sda-commons-bom/4.5.33/sda-commons-bom-4.5.33.jar returned status 404
4.5.34			IOException: Tail request on https://maven-central.storage-download.googleapis.com/maven2/org/sdase/commons/spring/boot/sda-commons-bom/4.5.34/sda-commons-bom-4.5.34.jar returned status 404
4.5.35			IOException: Tail request on https://maven-central.storage-download.googleapis.com/maven2/org/sdase/commons/spring/boot/sda-commons-bom/4.5.35/sda-commons-bom-4.5.35.jar returned status 404
4.5.36			IOException: Tail request on https://maven-central.storage-download.googleapis.com/maven2/org/sdase/commons/spring/boot/sda-commons-bom/4.5.36/sda-commons-bom-4.5.36.jar returned status 404
4.5.37			IOException: Tail request on https://maven-central.storage-download.googleapis.com/maven2/org/sdase/commons/spring/boot/sda-commons-bom/4.5.37/sda-commons-bom-4.5.37.jar returned status 404
4.5.38			IOException: Tail request on https://maven-central.storage-download.googleapis.com/maven2/org/sdase/commons/spring/boot/sda-commons-bom/4.5.38/sda-commons-bom-4.5.38.jar returned status 404
4.5.39			IOException: Tail request on https://maven-central.storage-download.googleapis.com/maven2/org/sdase/commons/spring/boot/sda-commons-bom/4.5.39/sda-commons-bom-4.5.39.jar returned status 404
4.5.4			IOException: Tail request on https://maven-central.storage-download.googleapis.com/maven2/org/sdase/commons/spring/boot/sda-commons-bom/4.5.4/sda-commons-bom-4.5.4.jar returned status 404
4.5.40			IOException: Tail request on https://maven-central.storage-download.googleapis.com/maven2/org/sdase/commons/spring/boot/sda-commons-bom/4.5.40/sda-commons-bom-4.5.40.jar returned status 404
4.5.41			IOException: Tail request on https://maven-central.storage-download.googleapis.com/maven2/org/sdase/commons/spring/boot/sda-commons-bom/4.5.41/sda-commons-bom-4.5.41.jar returned status 404
4.5.42			IOException: Tail request on https://maven-central.storage-download.googleapis.com/maven2/org/sdase/commons/spring/boot/sda-commons-bom/4.5.42/sda-commons-bom-4.5.42.jar returned status 404
4.5.43			IOException: Tail request on https://maven-central.storage-download.googleapis.com/maven2/org/sdase/commons/spring/boot/sda-commons-bom/4.5.43/sda-commons-bom-4.5.43.jar returned status 404
4.5.44			IOException: Tail request on https://maven-central.storage-download.googleapis.com/maven2/org/sdase/commons/spring/boot/sda-commons-bom/4.5.44/sda-commons-bom-4.5.44.jar returned status 404
4.5.45			IOException: Tail request on https://maven-central.storage-download.googleapis.com/maven2/org/sdase/commons/spring/boot/sda-commons-bom/4.5.45/sda-commons-bom-4.5.45.jar returned status 404
4.5.46			IOException: Tail request on https://maven-central.storage-download.googleapis.com/maven2/org/sdase/commons/spring/boot/sda-commons-bom/4.5.46/sda-commons-bom-4.5.46.jar returned status 404
4.5.47			IOException: Tail request on https://maven-central.storage-download.googleapis.com/maven2/org/sdase/commons/spring/boot/sda-commons-bom/4.5.47/sda-commons-bom-4.5.47.jar returned status 404
4.5.48			IOException: Tail request on https://maven-central.storage-download.googleapis.com/maven2/org/sdase/commons/spring/boot/sda-commons-bom/4.5.48/sda-commons-bom-4.5.48.jar returned status 404
4.5.49			IOException: Tail request on https://maven-central.storage-download.googleapis.com/maven2/org/sdase/commons/spring/boot/sda-commons-bom/4.5.49/sda-commons-bom-4.5.49.jar returned status 404
4.5.5			IOException: Tail request on https://maven-central.storage-download.googleapis.com/maven2/org/sdase/commons/spring/boot/sda-commons-bom/4.5.5/sda-commons-bom-4.5.5.jar returned status 404
4.5.50			IOException: Tail request on https://maven-central.storage-download.googleapis.com/maven2/org/sdase/commons/spring/boot/sda-commons-bom/4.5.50/sda-commons-bom-4.5.50.jar returned status 404
4.5.51			IOException: Tail request on https://maven-central.storage-download.googleapis.com/maven2/org/sdase/commons/spring/boot/sda-commons-bom/4.5.51/sda-commons-bom-4.5.51.jar returned status 404
4.5.52			IOException: Tail request on https://maven-central.storage-download.googleapis.com/maven2/org/sdase/commons/spring/boot/sda-commons-bom/4.5.52/sda-commons-bom-4.5.52.jar returned status 404
4.5.53			IOException: Tail request on https://maven-central.storage-download.googleapis.com/maven2/org/sdase/commons/spring/boot/sda-commons-bom/4.5.53/sda-commons-bom-4.5.53.jar returned status 404
4.5.54			IOException: Tail request on https://maven-central.storage-download.googleapis.com/maven2/org/sdase/commons/spring/boot/sda-commons-bom/4.5.54/sda-commons-bom-4.5.54.jar returned status 404
4.5.55			IOException: Tail request on https://maven-central.storage-download.googleapis.com/maven2/org/sdase/commons/spring/boot/sda-commons-bom/4.5.55/sda-commons-bom-4.5.55.jar returned status 404
4.5.56			IOException: Tail request on https://maven-central.storage-download.googleapis.com/maven2/org/sdase/commons/spring/boot/sda-commons-bom/4.5.56/sda-commons-bom-4.5.56.jar returned status 404
4.5.57			IOException: Tail request on https://maven-central.storage-download.googleapis.com/maven2/org/sdase/commons/spring/boot/sda-commons-bom/4.5.57/sda-commons-bom-4.5.57.jar returned status 404
4.5.58			IOException: Tail request on https://maven-central.storage-download.googleapis.com/maven2/org/sdase/commons/spring/boot/sda-commons-bom/4.5.58/sda-commons-bom-4.5.58.jar returned status 404
4.5.59			IOException: Tail request on https://maven-central.storage-download.googleapis.com/maven2/org/sdase/commons/spring/boot/sda-commons-bom/4.5.59/sda-commons-bom-4.5.59.jar returned status 404
4.5.6			IOException: Tail request on https://maven-central.storage-download.googleapis.com/maven2/org/sdase/commons/spring/boot/sda-commons-bom/4.5.6/sda-commons-bom-4.5.6.jar returned status 404
4.5.60			IOException: Tail request on https://maven-central.storage-download.googleapis.com/maven2/org/sdase/commons/spring/boot/sda-commons-bom/4.5.60/sda-commons-bom-4.5.60.jar returned status 404
4.5.61			IOException: Tail request on https://maven-central.storage-download.googleapis.com/maven2/org/sdase/commons/spring/boot/sda-commons-bom/4.5.61/sda-commons-bom-4.5.61.jar returned status 404
4.5.62			IOException: Tail request on https://maven-central.storage-download.googleapis.com/maven2/org/sdase/commons/spring/boot/sda-commons-bom/4.5.62/sda-commons-bom-4.5.62.jar returned status 404
4.5.63			IOException: Tail request on https://maven-central.storage-download.googleapis.com/maven2/org/sdase/commons/spring/boot/sda-commons-bom/4.5.63/sda-commons-bom-4.5.63.jar returned status 404
4.5.64			IOException: Tail request on https://maven-central.storage-download.googleapis.com/maven2/org/sdase/commons/spring/boot/sda-commons-bom/4.5.64/sda-commons-bom-4.5.64.jar returned status 404
4.5.65			IOException: Tail request on https://maven-central.storage-download.googleapis.com/maven2/org/sdase/commons/spring/boot/sda-commons-bom/4.5.65/sda-commons-bom-4.5.65.jar returned status 404
4.5.66			IOException: Tail request on https://maven-central.storage-download.googleapis.com/maven2/org/sdase/commons/spring/boot/sda-commons-bom/4.5.66/sda-commons-bom-4.5.66.jar returned status 404
4.5.67			IOException: Tail request on https://maven-central.storage-download.googleapis.com/maven2/org/sdase/commons/spring/boot/sda-commons-bom/4.5.67/sda-commons-bom-4.5.67.jar returned status 404
4.5.68			IOException: Tail request on https://maven-central.storage-download.googleapis.com/maven2/org/sdase/commons/spring/boot/sda-commons-bom/4.5.68/sda-commons-bom-4.5.68.jar returned status 404
4.5.69			IOException: Tail request on https://maven-central.storage-download.googleapis.com/maven2/org/sdase/commons/spring/boot/sda-commons-bom/4.5.69/sda-commons-bom-4.5.69.jar returned status 404
4.5.7			IOException: Tail request on https://maven-central.storage-download.googleapis.com/maven2/org/sdase/commons/spring/boot/sda-commons-bom/4.5.7/sda-commons-bom-4.5.7.jar returned status 404
4.5.70			IOException: Tail request on https://maven-central.storage-download.googleapis.com/maven2/org/sdase/commons/spring/boot/sda-commons-bom/4.5.70/sda-commons-bom-4.5.70.jar returned status 404
4.5.71			IOException: Tail request on https://maven-central.storage-download.googleapis.com/maven2/org/sdase/commons/spring/boot/sda-commons-bom/4.5.71/sda-commons-bom-4.5.71.jar returned status 404
4.5.72			IOException: Tail request on https://maven-central.storage-download.googleapis.com/maven2/org/sdase/commons/spring/boot/sda-commons-bom/4.5.72/sda-commons-bom-4.5.72.jar returned status 404
4.5.73			IOException: Tail request on https://maven-central.storage-download.googleapis.com/maven2/org/sdase/commons/spring/boot/sda-commons-bom/4.5.73/sda-commons-bom-4.5.73.jar returned status 404
4.5.74			IOException: Tail request on https://maven-central.storage-download.googleapis.com/maven2/org/sdase/commons/spring/boot/sda-commons-bom/4.5.74/sda-commons-bom-4.5.74.jar returned status 404
4.5.75			IOException: Tail request on https://maven-central.storage-download.googleapis.com/maven2/org/sdase/commons/spring/boot/sda-commons-bom/4.5.75/sda-commons-bom-4.5.75.jar returned status 404
4.5.76			IOException: Tail request on https://maven-central.storage-download.googleapis.com/maven2/org/sdase/commons/spring/boot/sda-commons-bom/4.5.76/sda-commons-bom-4.5.76.jar returned status 404
4.5.77			IOException: Tail request on https://maven-central.storage-download.googleapis.com/maven2/org/sdase/commons/spring/boot/sda-commons-bom/4.5.77/sda-commons-bom-4.5.77.jar returned status 404
4.5.78			IOException: Tail request on https://maven-central.storage-download.googleapis.com/maven2/org/sdase/commons/spring/boot/sda-commons-bom/4.5.78/sda-commons-bom-4.5.78.jar returned status 404
4.5.79			IOException: Tail request on https://maven-central.storage-download.googleapis.com/maven2/org/sdase/commons/spring/boot/sda-commons-bom/4.5.79/sda-commons-bom-4.5.79.jar returned status 404
4.5.8			IOException: Tail request on https://maven-central.storage-download.googleapis.com/maven2/org/sdase/commons/spring/boot/sda-commons-bom/4.5.8/sda-commons-bom-4.5.8.jar returned status 404
4.5.80			IOException: Tail request on https://maven-central.storage-download.googleapis.com/maven2/org/sdase/commons/spring/boot/sda-commons-bom/4.5.80/sda-commons-bom-4.5.80.jar returned status 404
4.5.81			IOException: Tail request on https://maven-central.storage-download.googleapis.com/maven2/org/sdase/commons/spring/boot/sda-commons-bom/4.5.81/sda-commons-bom-4.5.81.jar returned status 404
4.5.82			IOException: Tail request on https://maven-central.storage-download.googleapis.com/maven2/org/sdase/commons/spring/boot/sda-commons-bom/4.5.82/sda-commons-bom-4.5.82.jar returned status 404
4.5.83			IOException: Tail request on https://maven-central.storage-download.googleapis.com/maven2/org/sdase/commons/spring/boot/sda-commons-bom/4.5.83/sda-commons-bom-4.5.83.jar returned status 404
4.5.84			IOException: Tail request on https://maven-central.storage-download.googleapis.com/maven2/org/sdase/commons/spring/boot/sda-commons-bom/4.5.84/sda-commons-bom-4.5.84.jar returned status 404
4.5.85			IOException: Tail request on https://maven-central.storage-download.googleapis.com/maven2/org/sdase/commons/spring/boot/sda-commons-bom/4.5.85/sda-commons-bom-4.5.85.jar returned status 404
4.5.86			IOException: Tail request on https://maven-central.storage-download.googleapis.com/maven2/org/sdase/commons/spring/boot/sda-commons-bom/4.5.86/sda-commons-bom-4.5.86.jar returned status 404
4.5.87			IOException: Tail request on https://maven-central.storage-download.googleapis.com/maven2/org/sdase/commons/spring/boot/sda-commons-bom/4.5.87/sda-commons-bom-4.5.87.jar returned status 404
4.5.88			IOException: Tail request on https://maven-central.storage-download.googleapis.com/maven2/org/sdase/commons/spring/boot/sda-commons-bom/4.5.88/sda-commons-bom-4.5.88.jar returned status 404
4.5.89			IOException: Tail request on https://maven-central.storage-download.googleapis.com/maven2/org/sdase/commons/spring/boot/sda-commons-bom/4.5.89/sda-commons-bom-4.5.89.jar returned status 404
4.5.9			IOException: Tail request on https://maven-central.storage-download.googleapis.com/maven2/org/sdase/commons/spring/boot/sda-commons-bom/4.5.9/sda-commons-bom-4.5.9.jar returned status 404
4.5.90			IOException: Tail request on https://maven-central.storage-download.googleapis.com/maven2/org/sdase/commons/spring/boot/sda-commons-bom/4.5.90/sda-commons-bom-4.5.90.jar returned status 404
4.5.91			IOException: Tail request on https://maven-central.storage-download.googleapis.com/maven2/org/sdase/commons/spring/boot/sda-commons-bom/4.5.91/sda-commons-bom-4.5.91.jar returned status 404
4.5.92			IOException: Tail request on https://maven-central.storage-download.googleapis.com/maven2/org/sdase/commons/spring/boot/sda-commons-bom/4.5.92/sda-commons-bom-4.5.92.jar returned status 404
4.5.93			IOException: Tail request on https://maven-central.storage-download.googleapis.com/maven2/org/sdase/commons/spring/boot/sda-commons-bom/4.5.93/sda-commons-bom-4.5.93.jar returned status 404
4.5.94			IOException: Tail request on https://maven-central.storage-download.googleapis.com/maven2/org/sdase/commons/spring/boot/sda-commons-bom/4.5.94/sda-commons-bom-4.5.94.jar returned status 404
4.5.95			IOException: Tail request on https://maven-central.storage-download.googleapis.com/maven2/org/sdase/commons/spring/boot/sda-commons-bom/4.5.95/sda-commons-bom-4.5.95.jar returned status 404
4.5.96			IOException: Tail request on https://maven-central.storage-download.googleapis.com/maven2/org/sdase/commons/spring/boot/sda-commons-bom/4.5.96/sda-commons-bom-4.5.96.jar returned status 404
4.5.97			IOException: Tail request on https://maven-central.storage-download.googleapis.com/maven2/org/sdase/commons/spring/boot/sda-commons-bom/4.5.97/sda-commons-bom-4.5.97.jar returned status 404
4.5.98			IOException: Tail request on https://maven-central.storage-download.googleapis.com/maven2/org/sdase/commons/spring/boot/sda-commons-bom/4.5.98/sda-commons-bom-4.5.98.jar returned status 404
4.5.99			IOException: Tail request on https://maven-central.storage-download.googleapis.com/maven2/org/sdase/commons/spring/boot/sda-commons-bom/4.5.99/sda-commons-bom-4.5.99.jar returned status 404
4.6.0			IOException: Tail request on https://maven-central.storage-download.googleapis.com/maven2/org/sdase/commons/spring/boot/sda-commons-bom/4.6.0/sda-commons-bom-4.6.0.jar returned status 404
4.6.1			IOException: Tail request on https://maven-central.storage-download.googleapis.com/maven2/org/sdase/commons/spring/boot/sda-commons-bom/4.6.1/sda-commons-bom-4.6.1.jar returned status 404
4.6.2			IOException: Tail request on https://maven-central.storage-download.googleapis.com/maven2/org/sdase/commons/spring/boot/sda-commons-bom/4.6.2/sda-commons-bom-4.6.2.jar returned status 404
4.6.3			IOException: Tail request on https://maven-central.storage-download.googleapis.com/maven2/org/sdase/commons/spring/boot/sda-commons-bom/4.6.3/sda-commons-bom-4.6.3.jar returned status 404
4.6.4			IOException: Tail request on https://maven-central.storage-download.googleapis.com/maven2/org/sdase/commons/spring/boot/sda-commons-bom/4.6.4/sda-commons-bom-4.6.4.jar returned status 404
4.6.5			IOException: Tail request on https://maven-central.storage-download.googleapis.com/maven2/org/sdase/commons/spring/boot/sda-commons-bom/4.6.5/sda-commons-bom-4.6.5.jar returned status 404
4.6.6			IOException: Tail request on https://maven-central.storage-download.googleapis.com/maven2/org/sdase/commons/spring/boot/sda-commons-bom/4.6.6/sda-commons-bom-4.6.6.jar returned status 404
4.6.7			IOException: Tail request on https://maven-central.storage-download.googleapis.com/maven2/org/sdase/commons/spring/boot/sda-commons-bom/4.6.7/sda-commons-bom-4.6.7.jar returned status 404
5.0.0			IOException: Tail request on https://maven-central.storage-download.googleapis.com/maven2/org/sdase/commons/spring/boot/sda-commons-bom/5.0.0/sda-commons-bom-5.0.0.jar returned status 404
5.0.1			IOException: Tail request on https://maven-central.storage-download.googleapis.com/maven2/org/sdase/commons/spring/boot/sda-commons-bom/5.0.1/sda-commons-bom-5.0.1.jar returned status 404
5.0.10			IOException: Tail request on https://maven-central.storage-download.googleapis.com/maven2/org/sdase/commons/spring/boot/sda-commons-bom/5.0.10/sda-commons-bom-5.0.10.jar returned status 404
5.0.11			IOException: Tail request on https://maven-central.storage-download.googleapis.com/maven2/org/sdase/commons/spring/boot/sda-commons-bom/5.0.11/sda-commons-bom-5.0.11.jar returned status 404
5.0.12			IOException: Tail request on https://maven-central.storage-download.googleapis.com/maven2/org/sdase/commons/spring/boot/sda-commons-bom/5.0.12/sda-commons-bom-5.0.12.jar returned status 404
5.0.13			IOException: Tail request on https://maven-central.storage-download.googleapis.com/maven2/org/sdase/commons/spring/boot/sda-commons-bom/5.0.13/sda-commons-bom-5.0.13.jar returned status 404
5.0.14			IOException: Tail request on https://maven-central.storage-download.googleapis.com/maven2/org/sdase/commons/spring/boot/sda-commons-bom/5.0.14/sda-commons-bom-5.0.14.jar returned status 404
5.0.15			IOException: Tail request on https://maven-central.storage-download.googleapis.com/maven2/org/sdase/commons/spring/boot/sda-commons-bom/5.0.15/sda-commons-bom-5.0.15.jar returned status 404
5.0.16			IOException: Tail request on https://maven-central.storage-download.googleapis.com/maven2/org/sdase/commons/spring/boot/sda-commons-bom/5.0.16/sda-commons-bom-5.0.16.jar returned status 404
5.0.17			IOException: Tail request on https://maven-central.storage-download.googleapis.com/maven2/org/sdase/commons/spring/boot/sda-commons-bom/5.0.17/sda-commons-bom-5.0.17.jar returned status 404
5.0.18			IOException: Tail request on https://maven-central.storage-download.googleapis.com/maven2/org/sdase/commons/spring/boot/sda-commons-bom/5.0.18/sda-commons-bom-5.0.18.jar returned status 404
5.0.19			IOException: Tail request on https://maven-central.storage-download.googleapis.com/maven2/org/sdase/commons/spring/boot/sda-commons-bom/5.0.19/sda-commons-bom-5.0.19.jar returned status 404
5.0.2			IOException: Tail request on https://maven-central.storage-download.googleapis.com/maven2/org/sdase/commons/spring/boot/sda-commons-bom/5.0.2/sda-commons-bom-5.0.2.jar returned status 404
5.0.20			IOException: Tail request on https://maven-central.storage-download.googleapis.com/maven2/org/sdase/commons/spring/boot/sda-commons-bom/5.0.20/sda-commons-bom-5.0.20.jar returned status 404
5.0.21			IOException: Tail request on https://maven-central.storage-download.googleapis.com/maven2/org/sdase/commons/spring/boot/sda-commons-bom/5.0.21/sda-commons-bom-5.0.21.jar returned status 404
5.0.22			IOException: Tail request on https://maven-central.storage-download.googleapis.com/maven2/org/sdase/commons/spring/boot/sda-commons-bom/5.0.22/sda-commons-bom-5.0.22.jar returned status 404
5.0.23			IOException: Tail request on https://maven-central.storage-download.googleapis.com/maven2/org/sdase/commons/spring/boot/sda-commons-bom/5.0.23/sda-commons-bom-5.0.23.jar returned status 404
5.0.24			IOException: Tail request on https://maven-central.storage-download.googleapis.com/maven2/org/sdase/commons/spring/boot/sda-commons-bom/5.0.24/sda-commons-bom-5.0.24.jar returned status 404
5.0.25			IOException: Tail request on https://maven-central.storage-download.googleapis.com/maven2/org/sdase/commons/spring/boot/sda-commons-bom/5.0.25/sda-commons-bom-5.0.25.jar returned status 404
5.0.26			IOException: Tail request on https://maven-central.storage-download.googleapis.com/maven2/org/sdase/commons/spring/boot/sda-commons-bom/5.0.26/sda-commons-bom-5.0.26.jar returned status 404
5.0.27			IOException: Tail request on https://maven-central.storage-download.googleapis.com/maven2/org/sdase/commons/spring/boot/sda-commons-bom/5.0.27/sda-commons-bom-5.0.27.jar returned status 404
5.0.28			IOException: Tail request on https://maven-central.storage-download.googleapis.com/maven2/org/sdase/commons/spring/boot/sda-commons-bom/5.0.28/sda-commons-bom-5.0.28.jar returned status 404
5.0.29			IOException: Tail request on https://maven-central.storage-download.googleapis.com/maven2/org/sdase/commons/spring/boot/sda-commons-bom/5.0.29/sda-commons-bom-5.0.29.jar returned status 404
5.0.3			IOException: Tail request on https://maven-central.storage-download.googleapis.com/maven2/org/sdase/commons/spring/boot/sda-commons-bom/5.0.3/sda-commons-bom-5.0.3.jar returned status 404
5.0.30			IOException: Tail request on https://maven-central.storage-download.googleapis.com/maven2/org/sdase/commons/spring/boot/sda-commons-bom/5.0.30/sda-commons-bom-5.0.30.jar returned status 404
5.0.4			IOException: Tail request on https://maven-central.storage-download.googleapis.com/maven2/org/sdase/commons/spring/boot/sda-commons-bom/5.0.4/sda-commons-bom-5.0.4.jar returned status 404
5.0.5			IOException: Tail request on https://maven-central.storage-download.googleapis.com/maven2/org/sdase/commons/spring/boot/sda-commons-bom/5.0.5/sda-commons-bom-5.0.5.jar returned status 404
5.0.6			IOException: Tail request on https://maven-central.storage-download.googleapis.com/maven2/org/sdase/commons/spring/boot/sda-commons-bom/5.0.6/sda-commons-bom-5.0.6.jar returned status 404
5.0.7			IOException: Tail request on https://maven-central.storage-download.googleapis.com/maven2/org/sdase/commons/spring/boot/sda-commons-bom/5.0.7/sda-commons-bom-5.0.7.jar returned status 404
5.0.8			IOException: Tail request on https://maven-central.storage-download.googleapis.com/maven2/org/sdase/commons/spring/boot/sda-commons-bom/5.0.8/sda-commons-bom-5.0.8.jar returned status 404
5.0.9			IOException: Tail request on https://maven-central.storage-download.googleapis.com/maven2/org/sdase/commons/spring/boot/sda-commons-bom/5.0.9/sda-commons-bom-5.0.9.jar returned status 404
6.0.0			IOException: Tail request on https://maven-central.storage-download.googleapis.com/maven2/org/sdase/commons/spring/boot/sda-commons-bom/6.0.0/sda-commons-bom-6.0.0.jar returned status 404
6.0.1			IOException: Tail request on https://maven-central.storage-download.googleapis.com/maven2/org/sdase/commons/spring/boot/sda-commons-bom/6.0.1/sda-commons-bom-6.0.1.jar returned status 404
6.0.10			IOException: Tail request on https://maven-central.storage-download.googleapis.com/maven2/org/sdase/commons/spring/boot/sda-commons-bom/6.0.10/sda-commons-bom-6.0.10.jar returned status 404
6.0.11			IOException: Tail request on https://maven-central.storage-download.googleapis.com/maven2/org/sdase/commons/spring/boot/sda-commons-bom/6.0.11/sda-commons-bom-6.0.11.jar returned status 404
6.0.12			IOException: Tail request on https://maven-central.storage-download.googleapis.com/maven2/org/sdase/commons/spring/boot/sda-commons-bom/6.0.12/sda-commons-bom-6.0.12.jar returned status 404
6.0.13			IOException: Tail request on https://maven-central.storage-download.googleapis.com/maven2/org/sdase/commons/spring/boot/sda-commons-bom/6.0.13/sda-commons-bom-6.0.13.jar returned status 404
6.0.14			IOException: Tail request on https://maven-central.storage-download.googleapis.com/maven2/org/sdase/commons/spring/boot/sda-commons-bom/6.0.14/sda-commons-bom-6.0.14.jar returned status 404
6.0.15			IOException: Tail request on https://maven-central.storage-download.googleapis.com/maven2/org/sdase/commons/spring/boot/sda-commons-bom/6.0.15/sda-commons-bom-6.0.15.jar returned status 404
6.0.16			IOException: Tail request on https://maven-central.storage-download.googleapis.com/maven2/org/sdase/commons/spring/boot/sda-commons-bom/6.0.16/sda-commons-bom-6.0.16.jar returned status 404
6.0.17			IOException: Tail request on https://maven-central.storage-download.googleapis.com/maven2/org/sdase/commons/spring/boot/sda-commons-bom/6.0.17/sda-commons-bom-6.0.17.jar returned status 404
6.0.18			IOException: Tail request on https://maven-central.storage-download.googleapis.com/maven2/org/sdase/commons/spring/boot/sda-commons-bom/6.0.18/sda-commons-bom-6.0.18.jar returned status 404
6.0.19			IOException: Tail request on https://maven-central.storage-download.googleapis.com/maven2/org/sdase/commons/spring/boot/sda-commons-bom/6.0.19/sda-commons-bom-6.0.19.jar returned status 404
6.0.2			IOException: Tail request on https://maven-central.storage-download.googleapis.com/maven2/org/sdase/commons/spring/boot/sda-commons-bom/6.0.2/sda-commons-bom-6.0.2.jar returned status 404
6.0.20			IOException: Tail request on https://maven-central.storage-download.googleapis.com/maven2/org/sdase/commons/spring/boot/sda-commons-bom/6.0.20/sda-commons-bom-6.0.20.jar returned status 404
6.0.21			IOException: Tail request on https://maven-central.storage-download.googleapis.com/maven2/org/sdase/commons/spring/boot/sda-commons-bom/6.0.21/sda-commons-bom-6.0.21.jar returned status 404
6.0.22			IOException: Tail request on https://maven-central.storage-download.googleapis.com/maven2/org/sdase/commons/spring/boot/sda-commons-bom/6.0.22/sda-commons-bom-6.0.22.jar returned status 404
6.0.23			IOException: Tail request on https://maven-central.storage-download.googleapis.com/maven2/org/sdase/commons/spring/boot/sda-commons-bom/6.0.23/sda-commons-bom-6.0.23.jar returned status 404
6.0.24			IOException: Tail request on https://maven-central.storage-download.googleapis.com/maven2/org/sdase/commons/spring/boot/sda-commons-bom/6.0.24/sda-commons-bom-6.0.24.jar returned status 404
6.0.25			IOException: Tail request on https://maven-central.storage-download.googleapis.com/maven2/org/sdase/commons/spring/boot/sda-commons-bom/6.0.25/sda-commons-bom-6.0.25.jar returned status 404
6.0.26			IOException: Tail request on https://maven-central.storage-download.googleapis.com/maven2/org/sdase/commons/spring/boot/sda-commons-bom/6.0.26/sda-commons-bom-6.0.26.jar returned status 404
6.0.27			IOException: Tail request on https://maven-central.storage-download.googleapis.com/maven2/org/sdase/commons/spring/boot/sda-commons-bom/6.0.27/sda-commons-bom-6.0.27.jar returned status 404
6.0.28			IOException: Tail request on https://maven-central.storage-download.googleapis.com/maven2/org/sdase/commons/spring/boot/sda-commons-bom/6.0.28/sda-commons-bom-6.0.28.jar returned status 404
6.0.29			IOException: Tail request on https://maven-central.storage-download.googleapis.com/maven2/org/sdase/commons/spring/boot/sda-commons-bom/6.0.29/sda-commons-bom-6.0.29.jar returned status 404
6.0.3			IOException: Tail request on https://maven-central.storage-download.googleapis.com/maven2/org/sdase/commons/spring/boot/sda-commons-bom/6.0.3/sda-commons-bom-6.0.3.jar returned status 404
6.0.4			IOException: Tail request on https://maven-central.storage-download.googleapis.com/maven2/org/sdase/commons/spring/boot/sda-commons-bom/6.0.4/sda-commons-bom-6.0.4.jar returned status 404
6.0.5			IOException: Tail request on https://maven-central.storage-download.googleapis.com/maven2/org/sdase/commons/spring/boot/sda-commons-bom/6.0.5/sda-commons-bom-6.0.5.jar returned status 404
6.0.6			IOException: Tail request on https://maven-central.storage-download.googleapis.com/maven2/org/sdase/commons/spring/boot/sda-commons-bom/6.0.6/sda-commons-bom-6.0.6.jar returned status 404
6.0.7			IOException: Tail request on https://maven-central.storage-download.googleapis.com/maven2/org/sdase/commons/spring/boot/sda-commons-bom/6.0.7/sda-commons-bom-6.0.7.jar returned status 404
6.0.8			IOException: Tail request on https://maven-central.storage-download.googleapis.com/maven2/org/sdase/commons/spring/boot/sda-commons-bom/6.0.8/sda-commons-bom-6.0.8.jar returned status 404
6.0.9			IOException: Tail request on https://maven-central.storage-download.googleapis.com/maven2/org/sdase/commons/spring/boot/sda-commons-bom/6.0.9/sda-commons-bom-6.0.9.jar returned status 404
6.1.0			IOException: Tail request on https://maven-central.storage-download.googleapis.com/maven2/org/sdase/commons/spring/boot/sda-commons-bom/6.1.0/sda-commons-bom-6.1.0.jar returned status 404
6.1.1			IOException: Tail request on https://maven-central.storage-download.googleapis.com/maven2/org/sdase/commons/spring/boot/sda-commons-bom/6.1.1/sda-commons-bom-6.1.1.jar returned status 404
6.1.10		2026-05-20T14:55:00Z	IOException: Tail request on https://maven-central.storage-download.googleapis.com/maven2/org/sdase/commons/spring/boot/sda-commons-bom/6.1.10/sda-commons-bom-6.1.10.jar returned status 404
6.1.11		2026-05-20T14:56:00Z	IOException: Tail request on https://maven-central.storage-download.googleapis.com/maven2/org/sdase/commons/spring/boot/sda-commons-bom/6.1.11/sda-commons-bom-6.1.11.jar returned status 404
6.1.12		2026-05-21T06:12:39Z	IOException: Tail request on https://maven-central.storage-download.googleapis.com/maven2/org/sdase/commons/spring/boot/sda-commons-bom/6.1.12/sda-commons-bom-6.1.12.jar returned status 404
6.1.13		2026-06-12T10:23:27Z	IOException: Tail request on https://maven-central.storage-download.googleapis.com/maven2/org/sdase/commons/spring/boot/sda-commons-bom/6.1.13/sda-commons-bom-6.1.13.jar returned status 404
6.1.14		2026-06-16T15:07:07Z	IOException: Tail request on https://maven-central.storage-download.googleapis.com/maven2/org/sdase/commons/spring/boot/sda-commons-bom/6.1.14/sda-commons-bom-6.1.14.jar returned status 404
6.1.15		2026-06-26T07:56:46Z	IOException: Tail request on https://maven-central.storage-download.googleapis.com/maven2/org/sdase/commons/spring/boot/sda-commons-bom/6.1.15/sda-commons-bom-6.1.15.jar returned status 404
6.1.16			IOException: Tail request on https://maven-central.storage-download.googleapis.com/maven2/org/sdase/commons/spring/boot/sda-commons-bom/6.1.16/sda-commons-bom-6.1.16.jar returned status 404
6.1.2			IOException: Tail request on https://maven-central.storage-download.googleapis.com/maven2/org/sdase/commons/spring/boot/sda-commons-bom/6.1.2/sda-commons-bom-6.1.2.jar returned status 404
6.1.3			IOException: Tail request on https://maven-central.storage-download.googleapis.com/maven2/org/sdase/commons/spring/boot/sda-commons-bom/6.1.3/sda-commons-bom-6.1.3.jar returned status 404
6.1.4			IOException: Tail request on https://maven-central.storage-download.googleapis.com/maven2/org/sdase/commons/spring/boot/sda-commons-bom/6.1.4/sda-commons-bom-6.1.4.jar returned status 404
6.1.5			IOException: Tail request on https://maven-central.storage-download.googleapis.com/maven2/org/sdase/commons/spring/boot/sda-commons-bom/6.1.5/sda-commons-bom-6.1.5.jar returned status 404
6.1.6			IOException: Tail request on https://maven-central.storage-download.googleapis.com/maven2/org/sdase/commons/spring/boot/sda-commons-bom/6.1.6/sda-commons-bom-6.1.6.jar returned status 404
6.1.7		2026-05-20T14:27:09Z	IOException: Tail request on https://maven-central.storage-download.googleapis.com/maven2/org/sdase/commons/spring/boot/sda-commons-bom/6.1.7/sda-commons-bom-6.1.7.jar returned status 404
6.1.8		2026-05-20T14:52:42Z	IOException: Tail request on https://maven-central.storage-download.googleapis.com/maven2/org/sdase/commons/spring/boot/sda-commons-bom/6.1.8/sda-commons-bom-6.1.8.jar returned status 404
6.1.9		2026-05-20T14:53:57Z	IOException: Tail request on https://maven-central.storage-download.googleapis.com/maven2/org/sdase/commons/spring/boot/sda-commons-bom/6.1.9/sda-commons-bom-6.1.9.jar returned status 404
7.0.0			IOException: Tail request on https://maven-central.storage-download.googleapis.com/maven2/org/sdase/commons/spring/boot/sda-commons-bom/7.0.0/sda-commons-bom-7.0.0.jar returned status 404
7.0.0-rc.1			IOException: Tail request on https://maven-central.storage-download.googleapis.com/maven2/org/sdase/commons/spring/boot/sda-commons-bom/7.0.0-rc.1/sda-commons-bom-7.0.0-rc.1.jar returned status 404
7.0.0-rc.2			IOException: Tail request on https://maven-central.storage-download.googleapis.com/maven2/org/sdase/commons/spring/boot/sda-commons-bom/7.0.0-rc.2/sda-commons-bom-7.0.0-rc.2.jar returned status 404
7.0.1			IOException: Tail request on https://maven-central.storage-download.googleapis.com/maven2/org/sdase/commons/spring/boot/sda-commons-bom/7.0.1/sda-commons-bom-7.0.1.jar returned status 404
7.0.10			IOException: Tail request on https://maven-central.storage-download.googleapis.com/maven2/org/sdase/commons/spring/boot/sda-commons-bom/7.0.10/sda-commons-bom-7.0.10.jar returned status 404
7.0.11			IOException: Tail request on https://maven-central.storage-download.googleapis.com/maven2/org/sdase/commons/spring/boot/sda-commons-bom/7.0.11/sda-commons-bom-7.0.11.jar returned status 404
7.0.12			IOException: Tail request on https://maven-central.storage-download.googleapis.com/maven2/org/sdase/commons/spring/boot/sda-commons-bom/7.0.12/sda-commons-bom-7.0.12.jar returned status 404
7.0.13			IOException: Tail request on https://maven-central.storage-download.googleapis.com/maven2/org/sdase/commons/spring/boot/sda-commons-bom/7.0.13/sda-commons-bom-7.0.13.jar returned status 404
7.0.14			IOException: Tail request on https://maven-central.storage-download.googleapis.com/maven2/org/sdase/commons/spring/boot/sda-commons-bom/7.0.14/sda-commons-bom-7.0.14.jar returned status 404
7.0.15			IOException: Tail request on https://maven-central.storage-download.googleapis.com/maven2/org/sdase/commons/spring/boot/sda-commons-bom/7.0.15/sda-commons-bom-7.0.15.jar returned status 404
7.0.16			IOException: Tail request on https://maven-central.storage-download.googleapis.com/maven2/org/sdase/commons/spring/boot/sda-commons-bom/7.0.16/sda-commons-bom-7.0.16.jar returned status 404
7.0.17			IOException: Tail request on https://maven-central.storage-download.googleapis.com/maven2/org/sdase/commons/spring/boot/sda-commons-bom/7.0.17/sda-commons-bom-7.0.17.jar returned status 404
7.0.18			IOException: Tail request on https://maven-central.storage-download.googleapis.com/maven2/org/sdase/commons/spring/boot/sda-commons-bom/7.0.18/sda-commons-bom-7.0.18.jar returned status 404
7.0.19			IOException: Tail request on https://maven-central.storage-download.googleapis.com/maven2/org/sdase/commons/spring/boot/sda-commons-bom/7.0.19/sda-commons-bom-7.0.19.jar returned status 404
7.0.2			IOException: Tail request on https://maven-central.storage-download.googleapis.com/maven2/org/sdase/commons/spring/boot/sda-commons-bom/7.0.2/sda-commons-bom-7.0.2.jar returned status 404
7.0.20			IOException: Tail request on https://maven-central.storage-download.googleapis.com/maven2/org/sdase/commons/spring/boot/sda-commons-bom/7.0.20/sda-commons-bom-7.0.20.jar returned status 404
7.0.21			IOException: Tail request on https://maven-central.storage-download.googleapis.com/maven2/org/sdase/commons/spring/boot/sda-commons-bom/7.0.21/sda-commons-bom-7.0.21.jar returned status 404
7.0.22			IOException: Tail request on https://maven-central.storage-download.googleapis.com/maven2/org/sdase/commons/spring/boot/sda-commons-bom/7.0.22/sda-commons-bom-7.0.22.jar returned status 404
7.0.23			IOException: Tail request on https://maven-central.storage-download.googleapis.com/maven2/org/sdase/commons/spring/boot/sda-commons-bom/7.0.23/sda-commons-bom-7.0.23.jar returned status 404
7.0.24			IOException: Tail request on https://maven-central.storage-download.googleapis.com/maven2/org/sdase/commons/spring/boot/sda-commons-bom/7.0.24/sda-commons-bom-7.0.24.jar returned status 404
7.0.25			IOException: Tail request on https://maven-central.storage-download.googleapis.com/maven2/org/sdase/commons/spring/boot/sda-commons-bom/7.0.25/sda-commons-bom-7.0.25.jar returned status 404
7.0.26			IOException: Tail request on https://maven-central.storage-download.googleapis.com/maven2/org/sdase/commons/spring/boot/sda-commons-bom/7.0.26/sda-commons-bom-7.0.26.jar returned status 404
7.0.27			IOException: Tail request on https://maven-central.storage-download.googleapis.com/maven2/org/sdase/commons/spring/boot/sda-commons-bom/7.0.27/sda-commons-bom-7.0.27.jar returned status 404
7.0.28			IOException: Tail request on https://maven-central.storage-download.googleapis.com/maven2/org/sdase/commons/spring/boot/sda-commons-bom/7.0.28/sda-commons-bom-7.0.28.jar returned status 404
7.0.29			IOException: Tail request on https://maven-central.storage-download.googleapis.com/maven2/org/sdase/commons/spring/boot/sda-commons-bom/7.0.29/sda-commons-bom-7.0.29.jar returned status 404
7.0.3			IOException: Tail request on https://maven-central.storage-download.googleapis.com/maven2/org/sdase/commons/spring/boot/sda-commons-bom/7.0.3/sda-commons-bom-7.0.3.jar returned status 404
7.0.30			IOException: Tail request on https://maven-central.storage-download.googleapis.com/maven2/org/sdase/commons/spring/boot/sda-commons-bom/7.0.30/sda-commons-bom-7.0.30.jar returned status 404
7.0.31		2026-05-20T11:33:19Z	IOException: Tail request on https://maven-central.storage-download.googleapis.com/maven2/org/sdase/commons/spring/boot/sda-commons-bom/7.0.31/sda-commons-bom-7.0.31.jar returned status 404
7.0.32		2026-06-03T07:00:15Z	IOException: Tail request on https://maven-central.storage-download.googleapis.com/maven2/org/sdase/commons/spring/boot/sda-commons-bom/7.0.32/sda-commons-bom-7.0.32.jar returned status 404
7.0.33		2026-06-09T07:09:37Z	IOException: Tail request on https://maven-central.storage-download.googleapis.com/maven2/org/sdase/commons/spring/boot/sda-commons-bom/7.0.33/sda-commons-bom-7.0.33.jar returned status 404
7.0.34		2026-06-09T08:07:29Z	IOException: Tail request on https://maven-central.storage-download.googleapis.com/maven2/org/sdase/commons/spring/boot/sda-commons-bom/7.0.34/sda-commons-bom-7.0.34.jar returned status 404
7.0.35		2026-06-10T08:49:17Z	IOException: Tail request on https://maven-central.storage-download.googleapis.com/maven2/org/sdase/commons/spring/boot/sda-commons-bom/7.0.35/sda-commons-bom-7.0.35.jar returned status 404
7.0.36		2026-06-29T07:58:40Z	IOException: Tail request on https://maven-central.storage-download.googleapis.com/maven2/org/sdase/commons/spring/boot/sda-commons-bom/7.0.36/sda-commons-bom-7.0.36.jar returned status 404
7.0.37		2026-06-29T09:02:00Z	IOException: Tail request on https://maven-central.storage-download.googleapis.com/maven2/org/sdase/commons/spring/boot/sda-commons-bom/7.0.37/sda-commons-bom-7.0.37.jar returned status 404
7.0.38			IOException: Tail request on https://maven-central.storage-download.googleapis.com/maven2/org/sdase/commons/spring/boot/sda-commons-bom/7.0.38/sda-commons-bom-7.0.38.jar returned status 404
7.0.39			IOException: Tail request on https://maven-central.storage-download.googleapis.com/maven2/org/sdase/commons/spring/boot/sda-commons-bom/7.0.39/sda-commons-bom-7.0.39.jar returned status 404
7.0.4			IOException: Tail request on https://maven-central.storage-download.googleapis.com/maven2/org/sdase/commons/spring/boot/sda-commons-bom/7.0.4/sda-commons-bom-7.0.4.jar returned status 404
7.0.40			IOException: Tail request on https://maven-central.storage-download.googleapis.com/maven2/org/sdase/commons/spring/boot/sda-commons-bom/7.0.40/sda-commons-bom-7.0.40.jar returned status 404
7.0.5			IOException: Tail request on https://maven-central.storage-download.googleapis.com/maven2/org/sdase/commons/spring/boot/sda-commons-bom/7.0.5/sda-commons-bom-7.0.5.jar returned status 404
7.0.6			IOException: Tail request on https://maven-central.storage-download.googleapis.com/maven2/org/sdase/commons/spring/boot/sda-commons-bom/7.0.6/sda-commons-bom-7.0.6.jar returned status 404
7.0.7			IOException: Tail request on https://maven-central.storage-download.googleapis.com/maven2/org/sdase/commons/spring/boot/sda-commons-bom/7.0.7/sda-commons-bom-7.0.7.jar returned status 404
7.0.8			IOException: Tail request on https://maven-central.storage-download.googleapis.com/maven2/org/sdase/commons/spring/boot/sda-commons-bom/7.0.8/sda-commons-bom-7.0.8.jar returned status 404
7.0.9			IOException: Tail request on https://maven-central.storage-download.googleapis.com/maven2/org/sdase/commons/spring/boot/sda-commons-bom/7.0.9/sda-commons-bom-7.0.9.jar returned status 404
