2.5.5	automatic	org.checkerframework	checker-qual	2018-08-31T01:45:36Z	
2.5.5	automatic	org.checkerframework	checker-compat-qual	2018-08-31T01:45:56Z	
2.5.6	automatic	org.checkerframework	checker-qual	2018-10-03T12:31:24Z	
2.5.7	automatic	org.checkerframework	checker-qual	2018-11-05T09:13:48Z	
2.5.8	automatic	org.checkerframework	checker-qual	2018-12-05T23:52:30Z	
2.6.0	automatic	org.checkerframework	checker-qual	2019-02-03T21:11:10Z	
2.7.0	automatic	org.checkerframework	checker-qual	2019-03-02T04:34:48Z	
2.8.0	automatic	org.checkerframework	checker-qual	2019-04-03T19:18:09Z	
2.8.1	automatic	org.checkerframework	checker-qual	2019-05-01T20:31:04Z	
3.0.0-b1	automatic	io.github.eisop	checker-qual	2019-05-02T01:53:56Z	
3.0.0-b2	automatic	io.github.eisop	checker-qual	2019-05-24T18:27:16Z	
2.8.2	automatic	org.checkerframework	checker-qual	2019-06-03T17:34:08Z	
2.9.0	automatic	org.checkerframework	checker-qual	2019-07-03T17:06:55Z	
2.10.0	automatic	org.checkerframework	checker-qual	2019-08-01T19:35:08Z	
2.10.1	automatic	org.checkerframework	checker-qual	2019-08-22T20:09:20Z	
2.11.0	automatic	org.checkerframework	checker-qual	2019-08-31T04:11:11Z	
2.11.1	automatic	org.checkerframework	checker-qual	2019-10-01T18:25:23Z	
3.0.0	automatic	org.checkerframework	checker-qual	2019-11-01T22:27:53Z	
3.0.1	automatic	org.checkerframework	checker-qual	2019-12-02T23:02:37Z	
3.1.0	automatic	org.checkerframework	checker-qual	2020-01-03T21:12:55Z	
3.1.1	automatic	org.checkerframework	checker-qual	2020-02-03T18:28:58Z	
3.2.0	automatic	org.checkerframework	checker-qual	2020-03-02T19:46:52Z	
3.3.0	automatic	org.checkerframework	checker-qual	2020-04-01T23:12:21Z	
3.4.0	automatic	org.checkerframework	checker-qual	2020-05-03T20:10:32Z	
3.4.1	automatic	org.checkerframework	checker-qual	2020-06-01T20:17:21Z	
3.5.0	automatic	org.checkerframework	checker-qual	2020-07-01T21:08:48Z	
3.6.0	automatic	org.checkerframework	checker-qual	2020-08-03T20:09:49Z	
3.6.1	automatic	org.checkerframework	checker-qual	2020-09-02T20:18:21Z	
3.7.0	automatic	org.checkerframework	checker-qual	2020-10-01T22:09:02Z	
3.7.1	automatic	org.checkerframework	checker-qual	2020-11-02T22:11:28Z	
3.8.0	automatic	org.checkerframework	checker-qual	2020-12-01T22:01:48Z	
3.9.0	automatic	org.checkerframework	checker-qual	2021-01-04T21:57:37Z	
3.9.1	automatic	org.checkerframework	checker-qual	2021-01-13T22:38:52Z	
3.10.0	automatic	org.checkerframework	checker-qual	2021-02-01T20:37:03Z	
3.11.0	automatic	org.checkerframework	checker-qual	2021-03-01T21:14:39Z	
3.12.0	automatic	org.checkerframework	checker-qual	2021-04-01T18:48:04Z	
3.13.0	automatic	org.checkerframework	checker-qual	2021-05-03T22:00:25Z	
3.14.0	automatic	org.checkerframework	checker-qual	2021-06-01T20:41:50Z	
3.15.0	automatic	org.checkerframework	checker-qual	2021-06-18T22:35:24Z	
3.16.0	automatic	org.checkerframework	checker-qual	2021-07-13T22:26:39Z	
3.17.0	automatic	org.checkerframework	checker-qual	2021-08-02T18:12:03Z	
3.18.0	automatic	org.checkerframework	checker-qual	2021-09-01T17:21:20Z	
3.18.1	automatic	org.checkerframework	checker-qual	2021-10-04T17:24:35Z	
3.19.0	automatic	org.checkerframework	checker-qual	2021-11-01T17:16:34Z	
3.20.0	automatic	org.checkerframework	checker-qual	2021-12-06T22:10:00Z	
3.21.0	automatic	org.checkerframework	checker-qual	2021-12-17T17:45:36Z	
3.21.1	automatic	org.checkerframework	checker-qual	2022-01-07T22:53:36Z	
3.21.2	automatic	org.checkerframework	checker-qual	2022-02-01T19:02:24Z	
3.21.2-eisop1	automatic	io.github.eisop	checker-qual	2022-02-04T01:57:39Z	
3.21.3	automatic	org.checkerframework	checker-qual	2022-03-01T19:10:42Z	
3.21.3-eisop1	automatic	io.github.eisop	checker-qual	2022-03-23T22:57:23Z	
3.21.4	automatic	org.checkerframework	checker-qual	2022-04-01T17:23:10Z	
3.21.4-eisop1	automatic	io.github.eisop	checker-qual	2022-04-04T21:08:22Z	
3.22.0	automatic	org.checkerframework	checker-qual	2022-05-02T17:39:13Z	
3.22.0-eisop1	automatic	io.github.eisop	checker-qual	2022-05-06T23:22:49Z	
3.22.1	automatic	org.checkerframework	checker-qual	2022-06-01T16:57:07Z	
3.22.1-eisop1	automatic	io.github.eisop	checker-qual	2022-06-03T16:46:28Z	
3.22.2	automatic	org.checkerframework	checker-qual	2022-06-14T19:56:50Z	
3.23.0	automatic	org.checkerframework	checker-qual	2022-07-11T23:08:46Z	
3.23.0-eisop1	automatic	io.github.eisop	checker-qual	2022-07-14T20:39:51Z	
3.23.0-eisop2	automatic	io.github.eisop	checker-qual	2022-07-22T23:35:25Z	
3.24.0	automatic	org.checkerframework	checker-qual	2022-08-03T18:48:42Z	
3.24.0-eisop1	automatic	io.github.eisop	checker-qual	2022-08-05T18:18:33Z	
3.25.0	automatic	org.checkerframework	checker-qual	2022-09-02T07:33:49Z	
3.25.0-eisop1	automatic	io.github.eisop	checker-qual	2022-09-03T21:50:08Z	
3.26.0	automatic	org.checkerframework	checker-qual	2022-10-03T21:14:11Z	
3.26.0-eisop1	automatic	io.github.eisop	checker-qual	2022-10-13T23:21:29Z	
3.27.0	automatic	org.checkerframework	checker-qual	2022-11-01T18:06:52Z	
3.27.0-eisop1	automatic	io.github.eisop	checker-qual	2022-11-06T16:50:25Z	
3.28.0	automatic	org.checkerframework	checker-qual	2022-12-01T19:21:58Z	
3.28.0-eisop1	automatic	io.github.eisop	checker-qual	2022-12-08T01:15:03Z	
3.29.0	automatic	org.checkerframework	checker-qual	2023-01-05T18:01:03Z	
3.30.0	automatic	org.checkerframework	checker-qual	2023-02-02T20:31:23Z	
3.31.0	automatic	org.checkerframework	checker-qual	2023-02-17T20:25:30Z	
3.32.0	automatic	org.checkerframework	checker-qual	2023-03-02T21:55:34Z	
3.32.0-eisop1	automatic	io.github.eisop	checker-qual	2023-03-09T18:02:43Z	
3.33.0	automatic	org.checkerframework	checker-qual	2023-04-03T16:47:35Z	
3.34.0	automatic	org.checkerframework	checker-qual	2023-05-02T15:38:59Z	
3.34.0-eisop1	automatic	io.github.eisop	checker-qual	2023-05-09T22:59:14Z	
3.35.0	automatic	org.checkerframework	checker-qual	2023-06-01T16:30:41Z	
3.36.0	automatic	org.checkerframework	checker-qual	2023-07-03T21:43:16Z	
3.37.0	automatic	org.checkerframework	checker-qual	2023-08-01T17:25:57Z	
3.38.0	automatic	org.checkerframework	checker-qual	2023-09-01T13:43:33Z	
3.39.0	automatic	org.checkerframework	checker-qual	2023-10-02T16:22:55Z	
3.39.0-eisop1	automatic	io.github.eisop	checker-qual	2023-10-22T18:50:50Z	
3.40.0	automatic	org.checkerframework	checker-qual	2023-11-01T18:28:35Z	
2.5.6	automatic	org.checkerframework	checker-compat-qual	2023-11-02T15:16:03Z	
3.40.0-eisop1	automatic	io.github.eisop	checker-qual	2023-11-24T19:00:18Z	
3.40.0-eisop2	automatic	io.github.eisop	checker-qual	2023-11-25T04:22:07Z	
3.41.0	automatic	org.checkerframework	checker-qual	2023-12-04T17:27:30Z	
3.41.0-eisop1	automatic	io.github.eisop	checker-qual	2023-12-05T19:10:13Z	
3.42.0	automatic	org.checkerframework	checker-qual	2023-12-15T23:05:37Z	
3.42.0-eisop1	automatic	io.github.eisop	checker-qual	2024-01-02T15:11:13Z	
3.42.0-eisop2	automatic	io.github.eisop	checker-qual	2024-01-09T16:31:10Z	
3.42.0-eisop3	automatic	io.github.eisop	checker-qual	2024-03-01T23:58:11Z	
0.0.3	automatic	io.github.yuhongwang-amazon	edp_java_proto	2024-03-13T18:33:39Z	
3.43.0	named	org.checkerframework	checker	2024-05-01T19:03:10Z	
3.43.0	named	org.checkerframework	checker-qual	2024-05-01T19:03:23Z	
3.43.0	named	org.checkerframework	dataflow-shaded	2024-05-01T19:04:08Z	
3.43.0	named	org.checkerframework	dataflow-errorprone	2024-05-01T19:04:15Z	
3.43.0	named	org.checkerframework	dataflow-nullaway	2024-05-01T19:04:22Z	
3.44.0	named	org.checkerframework	checker	2024-06-03T21:14:34Z	
3.44.0	named	org.checkerframework	checker-qual	2024-06-03T21:14:44Z	
3.44.0	named	org.checkerframework	dataflow-shaded	2024-06-03T21:15:15Z	
3.44.0	named	org.checkerframework	dataflow-errorprone	2024-06-03T21:15:23Z	
3.44.0	named	org.checkerframework	dataflow-nullaway	2024-06-03T21:15:28Z	
3.45.0	named	org.checkerframework	checker	2024-07-01T18:47:57Z	
3.45.0	named	org.checkerframework	checker-qual	2024-07-01T18:48:19Z	
3.45.0	named	org.checkerframework	dataflow-shaded	2024-07-01T18:48:50Z	
3.45.0	named	org.checkerframework	dataflow-errorprone	2024-07-01T18:48:57Z	
3.45.0	named	org.checkerframework	dataflow-nullaway	2024-07-01T18:49:03Z	
3.42.0-eisop4	automatic	io.github.eisop	checker-qual	2024-07-13T02:30:37Z	
3.46.0	named	org.checkerframework	checker	2024-08-01T17:21:18Z	
3.46.0	named	org.checkerframework	checker-qual	2024-08-01T17:21:28Z	
3.46.0	named	org.checkerframework	dataflow-shaded	2024-08-01T17:22:00Z	
3.46.0	named	org.checkerframework	dataflow-errorprone	2024-08-01T17:22:05Z	
3.46.0	named	org.checkerframework	dataflow-nullaway	2024-08-01T17:22:11Z	
3.47.0	named	org.checkerframework	checker	2024-09-04T15:33:15Z	
3.47.0	named	org.checkerframework	checker-qual	2024-09-04T15:33:39Z	
3.47.0	named	org.checkerframework	dataflow-shaded	2024-09-04T15:34:13Z	
3.47.0	named	org.checkerframework	dataflow-errorprone	2024-09-04T15:34:20Z	
3.47.0	named	org.checkerframework	dataflow-nullaway	2024-09-04T15:34:27Z	
1.2024.7	named	net.sourceforge.plantuml	plantuml	2024-09-07T11:45:25Z	
1.2024.7	named	net.sourceforge.plantuml	plantuml-epl	2024-09-07T11:48:01Z	
2.10.0	named	org.apktool	apktool-cli	2024-09-17T00:11:07Z	
2.10.0-adhoc.20240926.12977.0.vf09a26b8	named	com.daml	codegen-scala-main	2024-09-27T08:44:43Z	
2.10.0-adhoc.20240926.12977.0.vf09a26b8	named	com.daml	codegen-java	2024-09-27T08:44:45Z	
2.10.0-adhoc.20240926.12977.0.vf09a26b8	named	com.daml	ledger-api-test-tool	2024-09-27T08:44:49Z	
2.10.0-adhoc.20240926.12977.0.vf09a26b8	named	com.daml	ledger-api-test-tool-1.14	2024-09-27T08:44:51Z	
2.10.0-adhoc.20240926.12977.0.vf09a26b8	named	com.daml	ledger-api-test-tool-1.15	2024-09-27T08:44:53Z	
2.10.0-adhoc.20240926.12977.0.vf09a26b8	named	com.daml	ledger-api-test-tool-1.dev	2024-09-27T08:44:55Z	
2.10.0-adhoc.20240930.12985.0.v0bdf66d5	named	com.daml	codegen-scala-main	2024-10-01T07:48:03Z	
2.10.0-adhoc.20240930.12985.0.v0bdf66d5	named	com.daml	codegen-java	2024-10-01T07:48:06Z	
2.10.0-adhoc.20240930.12985.0.v0bdf66d5	named	com.daml	ledger-api-test-tool	2024-10-01T07:48:10Z	
2.10.0-adhoc.20240930.12985.0.v0bdf66d5	named	com.daml	ledger-api-test-tool-1.14	2024-10-01T07:48:11Z	
2.10.0-adhoc.20240930.12985.0.v0bdf66d5	named	com.daml	ledger-api-test-tool-1.15	2024-10-01T07:48:13Z	
2.10.0-adhoc.20240930.12985.0.v0bdf66d5	named	com.daml	ledger-api-test-tool-1.dev	2024-10-01T07:48:15Z	
3.48.0	named	org.checkerframework	checker	2024-10-02T17:04:33Z	
3.48.0	named	org.checkerframework	checker-qual	2024-10-02T17:04:42Z	
2.10.0-adhoc.20241003.12993.0.va759f925	named	com.daml	codegen-scala-main	2024-10-03T16:48:29Z	
2.10.0-adhoc.20241003.12993.0.va759f925	named	com.daml	codegen-java	2024-10-03T16:48:31Z	
2.10.0-adhoc.20241003.12993.0.va759f925	named	com.daml	ledger-api-test-tool	2024-10-03T16:48:34Z	
2.10.0-adhoc.20241003.12993.0.va759f925	named	com.daml	ledger-api-test-tool-1.14	2024-10-03T16:48:37Z	
2.10.0-adhoc.20241003.12993.0.va759f925	named	com.daml	ledger-api-test-tool-1.15	2024-10-03T16:48:39Z	
2.10.0-adhoc.20241003.12993.0.va759f925	named	com.daml	ledger-api-test-tool-1.dev	2024-10-03T16:48:43Z	
2.10.0-adhoc.20241008.12997.0.v9ba70c83	named	com.daml	codegen-scala-main	2024-10-08T14:53:50Z	
2.10.0-adhoc.20241008.12997.0.v9ba70c83	named	com.daml	codegen-java	2024-10-08T14:53:53Z	
2.10.0-adhoc.20241008.12997.0.v9ba70c83	named	com.daml	ledger-api-test-tool	2024-10-08T14:53:56Z	
2.10.0-adhoc.20241008.12997.0.v9ba70c83	named	com.daml	ledger-api-test-tool-1.14	2024-10-08T14:53:58Z	
2.10.0-adhoc.20241008.12997.0.v9ba70c83	named	com.daml	ledger-api-test-tool-1.15	2024-10-08T14:54:00Z	
2.10.0-adhoc.20241008.12997.0.v9ba70c83	named	com.daml	ledger-api-test-tool-1.dev	2024-10-08T14:54:02Z	
2.10.0-snapshot.20241008.12998.0.v085a1a73	named	com.daml	codegen-scala-main	2024-10-09T06:50:21Z	
2.10.0-snapshot.20241008.12998.0.v085a1a73	named	com.daml	codegen-java	2024-10-09T06:50:23Z	
2.10.0-snapshot.20241008.12998.0.v085a1a73	named	com.daml	ledger-api-test-tool	2024-10-09T06:50:26Z	
2.10.0-snapshot.20241008.12998.0.v085a1a73	named	com.daml	ledger-api-test-tool-1.14	2024-10-09T06:50:28Z	
2.10.0-snapshot.20241008.12998.0.v085a1a73	named	com.daml	ledger-api-test-tool-1.15	2024-10-09T06:50:30Z	
2.10.0-snapshot.20241008.12998.0.v085a1a73	named	com.daml	ledger-api-test-tool-1.dev	2024-10-09T06:50:34Z	
2.10.0-snapshot.20241009.13001.0.v44d905ca	named	com.daml	codegen-scala-main	2024-10-10T06:54:55Z	
2.10.0-snapshot.20241009.13001.0.v44d905ca	named	com.daml	codegen-java	2024-10-10T06:54:59Z	
2.10.0-snapshot.20241009.13001.0.v44d905ca	named	com.daml	ledger-api-test-tool	2024-10-10T06:55:02Z	
2.10.0-snapshot.20241009.13001.0.v44d905ca	named	com.daml	ledger-api-test-tool-1.14	2024-10-10T06:55:04Z	
2.10.0-snapshot.20241009.13001.0.v44d905ca	named	com.daml	ledger-api-test-tool-1.15	2024-10-10T06:55:06Z	
2.10.0-snapshot.20241009.13001.0.v44d905ca	named	com.daml	ledger-api-test-tool-1.dev	2024-10-10T06:55:08Z	
2.10.0-adhoc.20241009.13006.0.v20f6fb6c	named	com.daml	codegen-scala-main	2024-10-10T10:08:01Z	
2.10.0-adhoc.20241009.13006.0.v20f6fb6c	named	com.daml	codegen-java	2024-10-10T10:08:03Z	
2.10.0-adhoc.20241009.13006.0.v20f6fb6c	named	com.daml	ledger-api-test-tool	2024-10-10T10:08:06Z	
2.10.0-adhoc.20241009.13006.0.v20f6fb6c	named	com.daml	ledger-api-test-tool-1.14	2024-10-10T10:08:08Z	
2.10.0-adhoc.20241009.13006.0.v20f6fb6c	named	com.daml	ledger-api-test-tool-1.15	2024-10-10T10:08:10Z	
2.10.0-adhoc.20241009.13006.0.v20f6fb6c	named	com.daml	ledger-api-test-tool-1.dev	2024-10-10T10:08:12Z	
2.10.0-snapshot.20241010.13003.0.vb79a1d35	named	com.daml	codegen-scala-main	2024-10-11T06:50:39Z	
2.10.0-snapshot.20241010.13003.0.vb79a1d35	named	com.daml	codegen-java	2024-10-11T06:50:42Z	
2.10.0-snapshot.20241010.13003.0.vb79a1d35	named	com.daml	ledger-api-test-tool	2024-10-11T06:50:45Z	
2.10.0-snapshot.20241010.13003.0.vb79a1d35	named	com.daml	ledger-api-test-tool-1.14	2024-10-11T06:50:47Z	
2.10.0-snapshot.20241010.13003.0.vb79a1d35	named	com.daml	ledger-api-test-tool-1.15	2024-10-11T06:50:49Z	
2.10.0-snapshot.20241010.13003.0.vb79a1d35	named	com.daml	ledger-api-test-tool-1.dev	2024-10-11T06:50:51Z	
3.48.1	named	org.checkerframework	checker	2024-10-11T19:32:30Z	
3.48.1	named	org.checkerframework	checker-qual	2024-10-11T19:32:39Z	
2.10.0-snapshot.20241011.13004.0.vfda42856	named	com.daml	codegen-scala-main	2024-10-12T09:52:56Z	
2.10.0-snapshot.20241011.13004.0.vfda42856	named	com.daml	codegen-java	2024-10-12T09:52:59Z	
2.10.0-snapshot.20241011.13004.0.vfda42856	named	com.daml	ledger-api-test-tool	2024-10-12T09:53:02Z	
2.10.0-snapshot.20241011.13004.0.vfda42856	named	com.daml	ledger-api-test-tool-1.14	2024-10-12T09:53:04Z	
2.10.0-snapshot.20241011.13004.0.vfda42856	named	com.daml	ledger-api-test-tool-1.15	2024-10-12T09:53:06Z	
2.10.0-snapshot.20241011.13004.0.vfda42856	named	com.daml	ledger-api-test-tool-1.dev	2024-10-12T09:53:07Z	
2.10.0-snapshot.20241014.13007.0.vb5371e6c	named	com.daml	codegen-scala-main	2024-10-15T06:41:57Z	
2.10.0-snapshot.20241014.13007.0.vb5371e6c	named	com.daml	codegen-java	2024-10-15T06:42:00Z	
2.10.0-snapshot.20241014.13007.0.vb5371e6c	named	com.daml	ledger-api-test-tool	2024-10-15T06:42:03Z	
2.10.0-snapshot.20241014.13007.0.vb5371e6c	named	com.daml	ledger-api-test-tool-1.14	2024-10-15T06:42:05Z	
2.10.0-snapshot.20241014.13007.0.vb5371e6c	named	com.daml	ledger-api-test-tool-1.15	2024-10-15T06:42:07Z	
2.10.0-snapshot.20241014.13007.0.vb5371e6c	named	com.daml	ledger-api-test-tool-1.dev	2024-10-15T06:42:09Z	
2.10.0-snapshot.20241015.13009.0.v19d1b665	named	com.daml	codegen-scala-main	2024-10-16T06:40:50Z	
2.10.0-snapshot.20241015.13009.0.v19d1b665	named	com.daml	codegen-java	2024-10-16T06:40:52Z	
2.10.0-snapshot.20241015.13009.0.v19d1b665	named	com.daml	ledger-api-test-tool	2024-10-16T06:40:55Z	
2.10.0-snapshot.20241015.13009.0.v19d1b665	named	com.daml	ledger-api-test-tool-1.14	2024-10-16T06:40:57Z	
2.10.0-snapshot.20241015.13009.0.v19d1b665	named	com.daml	ledger-api-test-tool-1.15	2024-10-16T06:40:59Z	
2.10.0-snapshot.20241015.13009.0.v19d1b665	named	com.daml	ledger-api-test-tool-1.dev	2024-10-16T06:41:01Z	
2.10.0-snapshot.20241017.13013.0.vfdb00602	named	com.daml	codegen-scala-main	2024-10-18T06:48:56Z	
2.10.0-snapshot.20241017.13013.0.vfdb00602	named	com.daml	codegen-java	2024-10-18T06:48:58Z	
2.10.0-snapshot.20241017.13013.0.vfdb00602	named	com.daml	ledger-api-test-tool	2024-10-18T06:49:03Z	
2.10.0-snapshot.20241017.13013.0.vfdb00602	named	com.daml	ledger-api-test-tool-1.14	2024-10-18T06:49:05Z	
2.10.0-snapshot.20241017.13013.0.vfdb00602	named	com.daml	ledger-api-test-tool-1.15	2024-10-18T06:49:07Z	
2.10.0-snapshot.20241017.13013.0.vfdb00602	named	com.daml	ledger-api-test-tool-1.dev	2024-10-18T06:49:09Z	
2.10.0-snapshot.20241018.13016.0.v3621b0df	named	com.daml	codegen-scala-main	2024-10-19T10:48:29Z	
2.10.0-snapshot.20241018.13016.0.v3621b0df	named	com.daml	codegen-java	2024-10-19T10:48:31Z	
2.10.0-snapshot.20241018.13016.0.v3621b0df	named	com.daml	ledger-api-test-tool	2024-10-19T10:48:34Z	
2.10.0-snapshot.20241018.13016.0.v3621b0df	named	com.daml	ledger-api-test-tool-1.14	2024-10-19T10:48:36Z	
2.10.0-snapshot.20241018.13016.0.v3621b0df	named	com.daml	ledger-api-test-tool-1.15	2024-10-19T10:48:38Z	
2.10.0-snapshot.20241018.13016.0.v3621b0df	named	com.daml	ledger-api-test-tool-1.dev	2024-10-19T10:48:40Z	
6.0.9	named	org.opendaylight.netconf	websocket-client	2024-10-20T15:46:13Z	
2.10.0-snapshot.20241021.13017.0.vfac10709	named	com.daml	codegen-scala-main	2024-10-22T07:15:13Z	
2.10.0-snapshot.20241021.13017.0.vfac10709	named	com.daml	codegen-java	2024-10-22T07:15:15Z	
2.10.0-snapshot.20241021.13017.0.vfac10709	named	com.daml	ledger-api-test-tool	2024-10-22T07:15:19Z	
2.10.0-snapshot.20241021.13017.0.vfac10709	named	com.daml	ledger-api-test-tool-1.14	2024-10-22T07:15:21Z	
2.10.0-snapshot.20241021.13017.0.vfac10709	named	com.daml	ledger-api-test-tool-1.15	2024-10-22T07:15:22Z	
2.10.0-snapshot.20241021.13017.0.vfac10709	named	com.daml	ledger-api-test-tool-1.dev	2024-10-22T07:15:24Z	
3.2.0-adhoc.20241021.13367.0.vfac3fe4a	named	com.daml	codegen-java	2024-10-22T07:45:49Z	
2.10.0-snapshot.20241022.13020.0.v61dad494	named	com.daml	codegen-scala-main	2024-10-23T06:42:45Z	
2.10.0-snapshot.20241022.13020.0.v61dad494	named	com.daml	codegen-java	2024-10-23T06:42:47Z	
2.10.0-snapshot.20241022.13020.0.v61dad494	named	com.daml	ledger-api-test-tool	2024-10-23T06:42:50Z	
2.10.0-snapshot.20241022.13020.0.v61dad494	named	com.daml	ledger-api-test-tool-1.14	2024-10-23T06:42:52Z	
2.10.0-snapshot.20241022.13020.0.v61dad494	named	com.daml	ledger-api-test-tool-1.15	2024-10-23T06:42:54Z	
2.10.0-snapshot.20241022.13020.0.v61dad494	named	com.daml	ledger-api-test-tool-1.dev	2024-10-23T06:42:56Z	
3.2.0-adhoc.20241022.13368.0.vcd5fbc53	named	com.daml	codegen-java	2024-10-23T12:21:43Z	
2.10.0-snapshot.20241023.13024.0.v2bb40b56	named	com.daml	codegen-scala-main	2024-10-24T06:41:54Z	
2.10.0-snapshot.20241023.13024.0.v2bb40b56	named	com.daml	codegen-java	2024-10-24T06:41:57Z	
2.10.0-snapshot.20241023.13024.0.v2bb40b56	named	com.daml	ledger-api-test-tool	2024-10-24T06:42:00Z	
2.10.0-snapshot.20241023.13024.0.v2bb40b56	named	com.daml	ledger-api-test-tool-1.14	2024-10-24T06:42:02Z	
2.10.0-snapshot.20241023.13024.0.v2bb40b56	named	com.daml	ledger-api-test-tool-1.15	2024-10-24T06:42:03Z	
2.10.0-snapshot.20241023.13024.0.v2bb40b56	named	com.daml	ledger-api-test-tool-1.dev	2024-10-24T06:42:05Z	
2.10.0-snapshot.20241024.13026.0.ve6249793	named	com.daml	codegen-scala-main	2024-10-25T06:42:48Z	
2.10.0-snapshot.20241024.13026.0.ve6249793	named	com.daml	codegen-java	2024-10-25T06:42:50Z	
2.10.0-snapshot.20241024.13026.0.ve6249793	named	com.daml	ledger-api-test-tool	2024-10-25T06:42:53Z	
2.10.0-snapshot.20241024.13026.0.ve6249793	named	com.daml	ledger-api-test-tool-1.14	2024-10-25T06:42:55Z	
2.10.0-snapshot.20241024.13026.0.ve6249793	named	com.daml	ledger-api-test-tool-1.15	2024-10-25T06:42:57Z	
2.10.0-snapshot.20241024.13026.0.ve6249793	named	com.daml	ledger-api-test-tool-1.dev	2024-10-25T06:42:59Z	
3.2.0-adhoc.20241025.13371.0.v7e46ad7f	named	com.daml	codegen-java	2024-10-25T12:59:25Z	
2.10.0-snapshot.20241025.13028.0.v6753501f	named	com.daml	codegen-scala-main	2024-10-26T09:55:42Z	
2.10.0-snapshot.20241025.13028.0.v6753501f	named	com.daml	codegen-java	2024-10-26T09:55:44Z	
2.10.0-snapshot.20241025.13028.0.v6753501f	named	com.daml	ledger-api-test-tool	2024-10-26T09:55:48Z	
2.10.0-snapshot.20241025.13028.0.v6753501f	named	com.daml	ledger-api-test-tool-1.14	2024-10-26T09:55:49Z	
2.10.0-snapshot.20241025.13028.0.v6753501f	named	com.daml	ledger-api-test-tool-1.15	2024-10-26T09:55:51Z	
2.10.0-snapshot.20241025.13028.0.v6753501f	named	com.daml	ledger-api-test-tool-1.dev	2024-10-26T09:55:53Z	
2.10.0-adhoc.20241029.13035.0.v7977e389	named	com.daml	codegen-scala-main	2024-10-29T14:47:50Z	
2.10.0-adhoc.20241029.13035.0.v7977e389	named	com.daml	codegen-java	2024-10-29T14:47:52Z	
2.10.0-adhoc.20241029.13035.0.v7977e389	named	com.daml	ledger-api-test-tool	2024-10-29T14:47:56Z	
2.10.0-adhoc.20241029.13035.0.v7977e389	named	com.daml	ledger-api-test-tool-1.14	2024-10-29T14:47:58Z	
2.10.0-adhoc.20241029.13035.0.v7977e389	named	com.daml	ledger-api-test-tool-1.15	2024-10-29T14:48:00Z	
2.10.0-adhoc.20241029.13035.0.v7977e389	named	com.daml	ledger-api-test-tool-1.dev	2024-10-29T14:48:02Z	
2.10.0-snapshot.20241029.13034.0.v5423d1c9	named	com.daml	codegen-scala-main	2024-10-30T06:52:36Z	
2.10.0-snapshot.20241029.13034.0.v5423d1c9	named	com.daml	codegen-java	2024-10-30T06:52:39Z	
2.10.0-snapshot.20241029.13034.0.v5423d1c9	named	com.daml	ledger-api-test-tool	2024-10-30T06:52:42Z	
2.10.0-snapshot.20241029.13034.0.v5423d1c9	named	com.daml	ledger-api-test-tool-1.14	2024-10-30T06:52:44Z	
2.10.0-snapshot.20241029.13034.0.v5423d1c9	named	com.daml	ledger-api-test-tool-1.15	2024-10-30T06:52:46Z	
2.10.0-snapshot.20241029.13034.0.v5423d1c9	named	com.daml	ledger-api-test-tool-1.dev	2024-10-30T06:52:47Z	
3.2.0-adhoc.20241030.13394.0.v3e6a4a6c	named	com.daml	codegen-java	2024-10-30T14:15:01Z	
3.2.0-snapshot.20241030.13391.0.v4cb88332	named	com.daml	codegen-java	2024-10-31T06:41:24Z	
2.10.0-snapshot.20241030.13038.0.v4735759a	named	com.daml	codegen-scala-main	2024-10-31T06:56:24Z	
2.10.0-snapshot.20241030.13038.0.v4735759a	named	com.daml	codegen-java	2024-10-31T06:56:26Z	
2.10.0-snapshot.20241030.13038.0.v4735759a	named	com.daml	ledger-api-test-tool	2024-10-31T06:56:30Z	
2.10.0-snapshot.20241030.13038.0.v4735759a	named	com.daml	ledger-api-test-tool-1.14	2024-10-31T06:56:32Z	
2.10.0-snapshot.20241030.13038.0.v4735759a	named	com.daml	ledger-api-test-tool-1.15	2024-10-31T06:56:34Z	
2.10.0-snapshot.20241030.13038.0.v4735759a	named	com.daml	ledger-api-test-tool-1.dev	2024-10-31T06:56:36Z	
2.10.0-adhoc.20241031.13042.0.v386ef7fb	named	com.daml	codegen-scala-main	2024-10-31T23:36:18Z	
2.10.0-adhoc.20241031.13042.0.v386ef7fb	named	com.daml	codegen-java	2024-10-31T23:36:20Z	
2.10.0-adhoc.20241031.13042.0.v386ef7fb	named	com.daml	ledger-api-test-tool	2024-10-31T23:36:24Z	
2.10.0-adhoc.20241031.13042.0.v386ef7fb	named	com.daml	ledger-api-test-tool-1.14	2024-10-31T23:36:25Z	
2.10.0-adhoc.20241031.13042.0.v386ef7fb	named	com.daml	ledger-api-test-tool-1.15	2024-10-31T23:36:27Z	
2.10.0-adhoc.20241031.13042.0.v386ef7fb	named	com.daml	ledger-api-test-tool-1.dev	2024-10-31T23:36:29Z	
3.2.0-snapshot.20241031.13398.0.vf95d2607	named	com.daml	codegen-java	2024-11-01T06:18:33Z	
2.10.0-snapshot.20241031.13043.0.va2307b9c	named	com.daml	codegen-scala-main	2024-11-01T06:42:58Z	
2.10.0-snapshot.20241031.13043.0.va2307b9c	named	com.daml	codegen-java	2024-11-01T06:43:01Z	
2.10.0-snapshot.20241031.13043.0.va2307b9c	named	com.daml	ledger-api-test-tool	2024-11-01T06:43:04Z	
2.10.0-snapshot.20241031.13043.0.va2307b9c	named	com.daml	ledger-api-test-tool-1.14	2024-11-01T06:43:07Z	
2.10.0-snapshot.20241031.13043.0.va2307b9c	named	com.daml	ledger-api-test-tool-1.15	2024-11-01T06:43:09Z	
2.10.0-snapshot.20241031.13043.0.va2307b9c	named	com.daml	ledger-api-test-tool-1.dev	2024-11-01T06:43:11Z	
3.48.2	named	org.checkerframework	checker	2024-11-01T20:09:18Z	
3.48.2	named	org.checkerframework	checker-qual	2024-11-01T20:09:28Z	
3.2.0-snapshot.20241101.13399.0.v923d65b1	named	com.daml	codegen-java	2024-11-02T08:54:18Z	
2.10.0-snapshot.20241101.13047.0.v1e6d5c93	named	com.daml	codegen-scala-main	2024-11-02T09:09:17Z	
2.10.0-snapshot.20241101.13047.0.v1e6d5c93	named	com.daml	codegen-java	2024-11-02T09:09:19Z	
2.10.0-snapshot.20241101.13047.0.v1e6d5c93	named	com.daml	ledger-api-test-tool	2024-11-02T09:09:23Z	
2.10.0-snapshot.20241101.13047.0.v1e6d5c93	named	com.daml	ledger-api-test-tool-1.14	2024-11-02T09:09:26Z	
2.10.0-snapshot.20241101.13047.0.v1e6d5c93	named	com.daml	ledger-api-test-tool-1.15	2024-11-02T09:09:28Z	
2.10.0-snapshot.20241101.13047.0.v1e6d5c93	named	com.daml	ledger-api-test-tool-1.dev	2024-11-02T09:09:30Z	
3.3.0-snapshot.20241105.13403.0.v5a68f112	named	com.daml	codegen-java	2024-11-05T16:18:13Z	
3.3.0-snapshot.20241105.13406.0.vcd84c5b5	named	com.daml	codegen-java	2024-11-06T06:59:02Z	
2.10.0-snapshot.20241105.13052.0.v9f987229	named	com.daml	codegen-scala-main	2024-11-06T07:11:30Z	
2.10.0-snapshot.20241105.13052.0.v9f987229	named	com.daml	codegen-java	2024-11-06T07:11:32Z	
2.10.0-snapshot.20241105.13052.0.v9f987229	named	com.daml	ledger-api-test-tool	2024-11-06T07:11:36Z	
2.10.0-snapshot.20241105.13052.0.v9f987229	named	com.daml	ledger-api-test-tool-1.14	2024-11-06T07:11:37Z	
2.10.0-snapshot.20241105.13052.0.v9f987229	named	com.daml	ledger-api-test-tool-1.15	2024-11-06T07:11:39Z	
2.10.0-snapshot.20241105.13052.0.v9f987229	named	com.daml	ledger-api-test-tool-1.dev	2024-11-06T07:11:41Z	
3.2.0-snapshot.20241106.13400.0.vad854047	named	com.daml	codegen-java	2024-11-06T18:05:04Z	
3.3.0-snapshot.20241106.13410.0.vdb30e2ac	named	com.daml	codegen-java	2024-11-07T06:44:22Z	
2.10.0-snapshot.20241106.13056.0.v910c3af2	named	com.daml	codegen-scala-main	2024-11-07T07:00:43Z	
2.10.0-snapshot.20241106.13056.0.v910c3af2	named	com.daml	codegen-java	2024-11-07T07:00:45Z	
2.10.0-snapshot.20241106.13056.0.v910c3af2	named	com.daml	ledger-api-test-tool	2024-11-07T07:00:54Z	
2.10.0-snapshot.20241106.13056.0.v910c3af2	named	com.daml	ledger-api-test-tool-1.14	2024-11-07T07:00:56Z	
2.10.0-snapshot.20241106.13056.0.v910c3af2	named	com.daml	ledger-api-test-tool-1.15	2024-11-07T07:00:58Z	
2.10.0-snapshot.20241106.13056.0.v910c3af2	named	com.daml	ledger-api-test-tool-1.dev	2024-11-07T07:01:03Z	
3.3.0-snapshot.20241107.13413.0.v0f73be65	named	com.daml	codegen-java	2024-11-08T06:46:58Z	
2.10.0-snapshot.20241107.13062.0.vc42923a7	named	com.daml	codegen-scala-main	2024-11-08T06:49:42Z	
2.10.0-snapshot.20241107.13062.0.vc42923a7	named	com.daml	codegen-java	2024-11-08T06:49:45Z	
2.10.0-snapshot.20241107.13062.0.vc42923a7	named	com.daml	ledger-api-test-tool	2024-11-08T06:49:55Z	
2.10.0-snapshot.20241107.13062.0.vc42923a7	named	com.daml	ledger-api-test-tool-1.14	2024-11-08T06:49:57Z	
2.10.0-snapshot.20241107.13062.0.vc42923a7	named	com.daml	ledger-api-test-tool-1.15	2024-11-08T06:50:01Z	
2.10.0-snapshot.20241107.13062.0.vc42923a7	named	com.daml	ledger-api-test-tool-1.dev	2024-11-08T06:50:03Z	
3.3.0-snapshot.20241108.13416.0.vba14c443	named	com.daml	codegen-java	2024-11-09T09:37:57Z	
2.10.0-snapshot.20241108.13063.0.v98eb7dfe	named	com.daml	codegen-scala-main	2024-11-09T09:57:01Z	
2.10.0-snapshot.20241108.13063.0.v98eb7dfe	named	com.daml	codegen-java	2024-11-09T09:57:03Z	
2.10.0-snapshot.20241108.13063.0.v98eb7dfe	named	com.daml	ledger-api-test-tool	2024-11-09T09:57:06Z	
2.10.0-snapshot.20241108.13063.0.v98eb7dfe	named	com.daml	ledger-api-test-tool-1.14	2024-11-09T09:57:08Z	
2.10.0-snapshot.20241108.13063.0.v98eb7dfe	named	com.daml	ledger-api-test-tool-1.15	2024-11-09T09:57:09Z	
2.10.0-snapshot.20241108.13063.0.v98eb7dfe	named	com.daml	ledger-api-test-tool-1.dev	2024-11-09T09:57:11Z	
3.2.0-snapshot.20241111.13401.0.v7e9180fc	named	com.daml	codegen-java	2024-11-11T13:54:22Z	
3.3.0-snapshot.20241111.13420.0.v06161db3	named	com.daml	codegen-java	2024-11-12T06:24:58Z	
2.10.0-snapshot.20241111.13067.0.va06af61f	named	com.daml	codegen-scala-main	2024-11-12T06:54:10Z	
2.10.0-snapshot.20241111.13067.0.va06af61f	named	com.daml	codegen-java	2024-11-12T06:54:12Z	
2.10.0-snapshot.20241111.13067.0.va06af61f	named	com.daml	ledger-api-test-tool	2024-11-12T06:54:15Z	
2.10.0-snapshot.20241111.13067.0.va06af61f	named	com.daml	ledger-api-test-tool-1.14	2024-11-12T06:54:17Z	
2.10.0-snapshot.20241111.13067.0.va06af61f	named	com.daml	ledger-api-test-tool-1.15	2024-11-12T06:54:19Z	
2.10.0-snapshot.20241111.13067.0.va06af61f	named	com.daml	ledger-api-test-tool-1.dev	2024-11-12T06:54:21Z	
3.3.0-snapshot.20241112.13422.0.vf18106b1	named	com.daml	codegen-java	2024-11-13T06:26:40Z	
2.10.0-snapshot.20241112.13070.0.vc4a4a381	named	com.daml	codegen-scala-main	2024-11-13T06:55:16Z	
2.10.0-snapshot.20241112.13070.0.vc4a4a381	named	com.daml	codegen-java	2024-11-13T06:55:19Z	
2.10.0-snapshot.20241112.13070.0.vc4a4a381	named	com.daml	ledger-api-test-tool	2024-11-13T06:55:22Z	
2.10.0-snapshot.20241112.13070.0.vc4a4a381	named	com.daml	ledger-api-test-tool-1.14	2024-11-13T06:55:24Z	
2.10.0-snapshot.20241112.13070.0.vc4a4a381	named	com.daml	ledger-api-test-tool-1.15	2024-11-13T06:55:26Z	
2.10.0-snapshot.20241112.13070.0.vc4a4a381	named	com.daml	ledger-api-test-tool-1.dev	2024-11-13T06:55:27Z	
3.2.0-snapshot.20241112.13402.0.v6fdc079a	named	com.daml	codegen-java	2024-11-13T12:32:53Z	
3.3.0-snapshot.20241113.13425.0.v3e1a44cf	named	com.daml	codegen-java	2024-11-14T06:27:45Z	
2.10.0-snapshot.20241113.13071.0.vf716891b	named	com.daml	codegen-scala-main	2024-11-14T06:48:53Z	
2.10.0-snapshot.20241113.13071.0.vf716891b	named	com.daml	codegen-java	2024-11-14T06:48:56Z	
2.10.0-snapshot.20241113.13071.0.vf716891b	named	com.daml	ledger-api-test-tool	2024-11-14T06:48:59Z	
2.10.0-snapshot.20241113.13071.0.vf716891b	named	com.daml	ledger-api-test-tool-1.14	2024-11-14T06:49:01Z	
2.10.0-snapshot.20241113.13071.0.vf716891b	named	com.daml	ledger-api-test-tool-1.15	2024-11-14T06:49:03Z	
2.10.0-snapshot.20241113.13071.0.vf716891b	named	com.daml	ledger-api-test-tool-1.dev	2024-11-14T06:49:05Z	
3.2.0-snapshot.20241114.13404.0.v77a554eb	named	com.daml	codegen-java	2024-11-14T16:05:54Z	
3.3.0-snapshot.20241114.13430.0.v633be11b	named	com.daml	codegen-java	2024-11-15T06:47:30Z	
2.10.0-snapshot.20241114.13074.0.v600d63b3	named	com.daml	codegen-scala-main	2024-11-15T07:11:00Z	
2.10.0-snapshot.20241114.13074.0.v600d63b3	named	com.daml	codegen-java	2024-11-15T07:11:02Z	
2.10.0-snapshot.20241114.13074.0.v600d63b3	named	com.daml	ledger-api-test-tool	2024-11-15T07:11:06Z	
2.10.0-snapshot.20241114.13074.0.v600d63b3	named	com.daml	ledger-api-test-tool-1.14	2024-11-15T07:11:07Z	
2.10.0-snapshot.20241114.13074.0.v600d63b3	named	com.daml	ledger-api-test-tool-1.15	2024-11-15T07:11:09Z	
2.10.0-snapshot.20241114.13074.0.v600d63b3	named	com.daml	ledger-api-test-tool-1.dev	2024-11-15T07:11:11Z	
1.2024.8	named	net.sourceforge.plantuml	plantuml	2024-11-15T18:10:38Z	
1.2024.8	named	net.sourceforge.plantuml	plantuml-epl	2024-11-15T18:13:06Z	
3.2.0-snapshot.20241115.13403.0.vecaedd49	named	com.daml	codegen-java	2024-11-15T18:17:50Z	
3.3.0-snapshot.20241115.13432.0.v61b7537a	named	com.daml	codegen-java	2024-11-16T06:10:16Z	
2.10.0-snapshot.20241115.13075.0.v95837925	named	com.daml	codegen-scala-main	2024-11-16T06:25:31Z	
2.10.0-snapshot.20241115.13075.0.v95837925	named	com.daml	codegen-java	2024-11-16T06:25:34Z	
2.10.0-snapshot.20241115.13075.0.v95837925	named	com.daml	ledger-api-test-tool	2024-11-16T06:25:37Z	
2.10.0-snapshot.20241115.13075.0.v95837925	named	com.daml	ledger-api-test-tool-1.14	2024-11-16T06:25:44Z	
2.10.0-snapshot.20241115.13075.0.v95837925	named	com.daml	ledger-api-test-tool-1.15	2024-11-16T06:25:46Z	
2.10.0-snapshot.20241115.13075.0.v95837925	named	com.daml	ledger-api-test-tool-1.dev	2024-11-16T06:25:48Z	
3.3.0-snapshot.20241118.13433.0.v479ec769	named	com.daml	codegen-java	2024-11-19T06:32:58Z	
2.10.0-snapshot.20241118.13077.0.v8fa24b57	named	com.daml	codegen-scala-main	2024-11-19T06:34:58Z	
2.10.0-snapshot.20241118.13077.0.v8fa24b57	named	com.daml	codegen-java	2024-11-19T06:35:00Z	
2.10.0-snapshot.20241118.13077.0.v8fa24b57	named	com.daml	ledger-api-test-tool	2024-11-19T06:35:03Z	
2.10.0-snapshot.20241118.13077.0.v8fa24b57	named	com.daml	ledger-api-test-tool-1.14	2024-11-19T06:35:05Z	
2.10.0-snapshot.20241118.13077.0.v8fa24b57	named	com.daml	ledger-api-test-tool-1.15	2024-11-19T06:35:07Z	
2.10.0-snapshot.20241118.13077.0.v8fa24b57	named	com.daml	ledger-api-test-tool-1.dev	2024-11-19T06:35:09Z	
3.2.0-snapshot.20241118.13404.0.v58f5117c	named	com.daml	codegen-java	2024-11-19T23:15:26Z	
3.3.0-snapshot.20241120.13437.0.ve77bcc67	named	com.daml	codegen-java	2024-11-20T06:24:47Z	
2.10.0-snapshot.20241119.13083.0.vc52c98f7	named	com.daml	codegen-scala-main	2024-11-20T06:35:25Z	
2.10.0-snapshot.20241119.13083.0.vc52c98f7	named	com.daml	codegen-java	2024-11-20T06:35:27Z	
2.10.0-snapshot.20241119.13083.0.vc52c98f7	named	com.daml	ledger-api-test-tool	2024-11-20T06:35:30Z	
2.10.0-snapshot.20241119.13083.0.vc52c98f7	named	com.daml	ledger-api-test-tool-1.14	2024-11-20T06:35:32Z	
2.10.0-snapshot.20241119.13083.0.vc52c98f7	named	com.daml	ledger-api-test-tool-1.15	2024-11-20T06:35:34Z	
2.10.0-snapshot.20241119.13083.0.vc52c98f7	named	com.daml	ledger-api-test-tool-1.dev	2024-11-20T06:35:36Z	
3.3.0-snapshot.20241120.13438.0.vbe4e5c74	named	com.daml	codegen-java	2024-11-21T06:20:16Z	
2.10.0-snapshot.20241120.13086.0.v82db983e	named	com.daml	codegen-scala-main	2024-11-21T06:40:26Z	
2.10.0-snapshot.20241120.13086.0.v82db983e	named	com.daml	codegen-java	2024-11-21T06:40:28Z	
2.10.0-snapshot.20241120.13086.0.v82db983e	named	com.daml	ledger-api-test-tool	2024-11-21T06:40:34Z	
2.10.0-snapshot.20241120.13086.0.v82db983e	named	com.daml	ledger-api-test-tool-1.14	2024-11-21T06:40:36Z	
2.10.0-snapshot.20241120.13086.0.v82db983e	named	com.daml	ledger-api-test-tool-1.15	2024-11-21T06:40:38Z	
2.10.0-snapshot.20241120.13086.0.v82db983e	named	com.daml	ledger-api-test-tool-1.dev	2024-11-21T06:40:40Z	
3.3.0-snapshot.20241121.13440.0.vde667d4f	named	com.daml	codegen-java	2024-11-22T06:18:59Z	
2.10.0-snapshot.20241121.13088.0.v89147e31	named	com.daml	codegen-scala-main	2024-11-22T06:47:03Z	
2.10.0-snapshot.20241121.13088.0.v89147e31	named	com.daml	codegen-java	2024-11-22T06:47:05Z	
2.10.0-snapshot.20241121.13088.0.v89147e31	named	com.daml	ledger-api-test-tool	2024-11-22T06:47:09Z	
2.10.0-snapshot.20241121.13088.0.v89147e31	named	com.daml	ledger-api-test-tool-1.14	2024-11-22T06:47:11Z	
2.10.0-snapshot.20241121.13088.0.v89147e31	named	com.daml	ledger-api-test-tool-1.15	2024-11-22T06:47:13Z	
2.10.0-snapshot.20241121.13088.0.v89147e31	named	com.daml	ledger-api-test-tool-1.dev	2024-11-22T06:47:15Z	
3.3.0-snapshot.20241122.13446.0.v4b8a0ace	named	com.daml	codegen-java	2024-11-23T08:43:46Z	
2.10.0-snapshot.20241122.13091.0.v2515f003	named	com.daml	codegen-scala-main	2024-11-23T08:58:41Z	
2.10.0-snapshot.20241122.13091.0.v2515f003	named	com.daml	codegen-java	2024-11-23T08:58:43Z	
2.10.0-snapshot.20241122.13091.0.v2515f003	named	com.daml	ledger-api-test-tool	2024-11-23T08:58:46Z	
2.10.0-snapshot.20241122.13091.0.v2515f003	named	com.daml	ledger-api-test-tool-1.14	2024-11-23T08:58:48Z	
2.10.0-snapshot.20241122.13091.0.v2515f003	named	com.daml	ledger-api-test-tool-1.15	2024-11-23T08:58:50Z	
2.10.0-snapshot.20241122.13091.0.v2515f003	named	com.daml	ledger-api-test-tool-1.dev	2024-11-23T08:58:52Z	
3.3.0-snapshot.20241125.13451.0.v119998f3	named	com.daml	codegen-java	2024-11-26T06:28:47Z	
2.10.0-snapshot.20241125.13093.0.vcfe66a3a	named	com.daml	codegen-scala-main	2024-11-26T06:42:44Z	
2.10.0-snapshot.20241125.13093.0.vcfe66a3a	named	com.daml	codegen-java	2024-11-26T06:42:47Z	
2.10.0-snapshot.20241125.13093.0.vcfe66a3a	named	com.daml	ledger-api-test-tool	2024-11-26T06:42:50Z	
2.10.0-snapshot.20241125.13093.0.vcfe66a3a	named	com.daml	ledger-api-test-tool-1.14	2024-11-26T06:42:52Z	
2.10.0-snapshot.20241125.13093.0.vcfe66a3a	named	com.daml	ledger-api-test-tool-1.15	2024-11-26T06:42:54Z	
2.10.0-snapshot.20241125.13093.0.vcfe66a3a	named	com.daml	ledger-api-test-tool-1.dev	2024-11-26T06:42:56Z	
2.10.0-snapshot.20241126.13098.0.vb4a785d0	named	com.daml	codegen-scala-main	2024-11-27T06:43:07Z	
2.10.0-snapshot.20241126.13098.0.vb4a785d0	named	com.daml	codegen-java	2024-11-27T06:43:09Z	
2.10.0-snapshot.20241126.13098.0.vb4a785d0	named	com.daml	ledger-api-test-tool	2024-11-27T06:43:14Z	
2.10.0-snapshot.20241126.13098.0.vb4a785d0	named	com.daml	ledger-api-test-tool-1.14	2024-11-27T06:43:16Z	
2.10.0-snapshot.20241126.13098.0.vb4a785d0	named	com.daml	ledger-api-test-tool-1.15	2024-11-27T06:43:18Z	
2.10.0-snapshot.20241126.13098.0.vb4a785d0	named	com.daml	ledger-api-test-tool-1.dev	2024-11-27T06:43:20Z	
3.3.0-snapshot.20241126.13454.0.v007db5c8	named	com.daml	codegen-java	2024-11-27T06:49:33Z	
3.3.0-snapshot.20241127.13455.0.vf4db6795	named	com.daml	codegen-java	2024-11-28T06:34:10Z	
2.10.0-snapshot.20241127.13100.0.v25efcc94	named	com.daml	codegen-scala-main	2024-11-28T06:44:22Z	
2.10.0-snapshot.20241127.13100.0.v25efcc94	named	com.daml	codegen-java	2024-11-28T06:44:25Z	
2.10.0-snapshot.20241127.13100.0.v25efcc94	named	com.daml	ledger-api-test-tool	2024-11-28T06:44:31Z	
2.10.0-snapshot.20241127.13100.0.v25efcc94	named	com.daml	ledger-api-test-tool-1.14	2024-11-28T06:44:33Z	
2.10.0-snapshot.20241127.13100.0.v25efcc94	named	com.daml	ledger-api-test-tool-1.15	2024-11-28T06:44:35Z	
2.10.0-snapshot.20241127.13100.0.v25efcc94	named	com.daml	ledger-api-test-tool-1.dev	2024-11-28T06:44:37Z	
2.10.0-snapshot.20241129.13105.0.va6618160	named	com.daml	codegen-scala-main	2024-11-29T06:56:08Z	
2.10.0-snapshot.20241129.13105.0.va6618160	named	com.daml	codegen-java	2024-11-29T06:56:10Z	
2.10.0-snapshot.20241129.13105.0.va6618160	named	com.daml	ledger-api-test-tool	2024-11-29T06:56:14Z	
2.10.0-snapshot.20241129.13105.0.va6618160	named	com.daml	ledger-api-test-tool-1.14	2024-11-29T06:56:16Z	
2.10.0-snapshot.20241129.13105.0.va6618160	named	com.daml	ledger-api-test-tool-1.15	2024-11-29T06:56:18Z	
2.10.0-snapshot.20241129.13105.0.va6618160	named	com.daml	ledger-api-test-tool-1.dev	2024-11-29T06:56:20Z	
3.3.0-snapshot.20241129.13457.0.v7e8a89bc	named	com.daml	codegen-java	2024-11-30T08:55:06Z	
2.10.0-snapshot.20241129.13110.0.v8614d753	named	com.daml	codegen-scala-main	2024-11-30T09:07:17Z	
2.10.0-snapshot.20241129.13110.0.v8614d753	named	com.daml	codegen-java	2024-11-30T09:07:19Z	
2.10.0-snapshot.20241129.13110.0.v8614d753	named	com.daml	ledger-api-test-tool	2024-11-30T09:07:22Z	
2.10.0-snapshot.20241129.13110.0.v8614d753	named	com.daml	ledger-api-test-tool-1.14	2024-11-30T09:07:24Z	
2.10.0-snapshot.20241129.13110.0.v8614d753	named	com.daml	ledger-api-test-tool-1.15	2024-11-30T09:07:26Z	
2.10.0-snapshot.20241129.13110.0.v8614d753	named	com.daml	ledger-api-test-tool-1.dev	2024-11-30T09:07:28Z	
3.48.3	named	org.checkerframework	checker	2024-12-02T18:21:37Z	
3.48.3	named	org.checkerframework	checker-qual	2024-12-02T18:21:47Z	
3.3.0-snapshot.20241202.13460.0.va91d7ace	named	com.daml	codegen-java	2024-12-03T06:17:17Z	
2.10.0-snapshot.20241202.13113.0.vc1ba0f69	named	com.daml	codegen-scala-main	2024-12-03T06:34:25Z	
2.10.0-snapshot.20241202.13113.0.vc1ba0f69	named	com.daml	codegen-java	2024-12-03T06:34:27Z	
2.10.0-snapshot.20241202.13113.0.vc1ba0f69	named	com.daml	ledger-api-test-tool	2024-12-03T06:34:30Z	
2.10.0-snapshot.20241202.13113.0.vc1ba0f69	named	com.daml	ledger-api-test-tool-1.14	2024-12-03T06:34:32Z	
2.10.0-snapshot.20241202.13113.0.vc1ba0f69	named	com.daml	ledger-api-test-tool-1.15	2024-12-03T06:34:34Z	
2.10.0-snapshot.20241202.13113.0.vc1ba0f69	named	com.daml	ledger-api-test-tool-1.dev	2024-12-03T06:34:36Z	
3.3.0-snapshot.20241204.13462.0.vb44fd73d	named	com.daml	codegen-java	2024-12-05T06:38:20Z	
2.10.0-snapshot.20241204.13121.0.v0d9ba7c6	named	com.daml	codegen-scala-main	2024-12-05T06:51:41Z	
2.10.0-snapshot.20241204.13121.0.v0d9ba7c6	named	com.daml	codegen-java	2024-12-05T06:51:43Z	
2.10.0-snapshot.20241204.13121.0.v0d9ba7c6	named	com.daml	ledger-api-test-tool	2024-12-05T06:51:47Z	
2.10.0-snapshot.20241204.13121.0.v0d9ba7c6	named	com.daml	ledger-api-test-tool-1.14	2024-12-05T06:51:49Z	
2.10.0-snapshot.20241204.13121.0.v0d9ba7c6	named	com.daml	ledger-api-test-tool-1.15	2024-12-05T06:51:51Z	
2.10.0-snapshot.20241204.13121.0.v0d9ba7c6	named	com.daml	ledger-api-test-tool-1.dev	2024-12-05T06:51:53Z	
2.10.0-snapshot.20241203.13118.0.v810def9b	named	com.daml	codegen-scala-main	2024-12-05T09:00:06Z	
2.10.0-snapshot.20241203.13118.0.v810def9b	named	com.daml	codegen-java	2024-12-05T09:00:11Z	
2.10.0-snapshot.20241203.13118.0.v810def9b	named	com.daml	ledger-api-test-tool	2024-12-05T09:00:16Z	
2.10.0-snapshot.20241203.13118.0.v810def9b	named	com.daml	ledger-api-test-tool-1.14	2024-12-05T09:00:18Z	
2.10.0-snapshot.20241203.13118.0.v810def9b	named	com.daml	ledger-api-test-tool-1.15	2024-12-05T09:00:20Z	
2.10.0-snapshot.20241203.13118.0.v810def9b	named	com.daml	ledger-api-test-tool-1.dev	2024-12-05T09:00:22Z	
2.10.0-snapshot.20241204.13121.1.v0d9ba7c6	named	com.daml	codegen-scala-main	2024-12-05T15:09:32Z	
2.10.0-snapshot.20241204.13121.1.v0d9ba7c6	named	com.daml	codegen-java	2024-12-05T15:09:37Z	
2.10.0-snapshot.20241204.13121.1.v0d9ba7c6	named	com.daml	ledger-api-test-tool	2024-12-05T15:09:43Z	
2.10.0-snapshot.20241204.13121.1.v0d9ba7c6	named	com.daml	ledger-api-test-tool-1.14	2024-12-05T15:09:47Z	
2.10.0-snapshot.20241204.13121.1.v0d9ba7c6	named	com.daml	ledger-api-test-tool-1.15	2024-12-05T15:09:49Z	
2.10.0-snapshot.20241204.13121.1.v0d9ba7c6	named	com.daml	ledger-api-test-tool-1.dev	2024-12-05T15:09:51Z	
3.3.0-snapshot.20241205.13466.0.v7dac8607	named	com.daml	codegen-java	2024-12-06T06:27:32Z	
2.10.0-snapshot.20241205.13123.0.ve4181d88	named	com.daml	codegen-scala-main	2024-12-06T06:43:25Z	
2.10.0-snapshot.20241205.13123.0.ve4181d88	named	com.daml	codegen-java	2024-12-06T06:43:27Z	
2.10.0-snapshot.20241205.13123.0.ve4181d88	named	com.daml	ledger-api-test-tool	2024-12-06T06:43:31Z	
2.10.0-snapshot.20241205.13123.0.ve4181d88	named	com.daml	ledger-api-test-tool-1.14	2024-12-06T06:43:34Z	
2.10.0-snapshot.20241205.13123.0.ve4181d88	named	com.daml	ledger-api-test-tool-1.15	2024-12-06T06:43:37Z	
2.10.0-snapshot.20241205.13123.0.ve4181d88	named	com.daml	ledger-api-test-tool-1.dev	2024-12-06T06:43:39Z	
2.10.0-snapshot.20241206.13125.0.vd0fb6537	named	com.daml	codegen-scala-main	2024-12-06T14:01:44Z	
2.10.0-snapshot.20241206.13125.0.vd0fb6537	named	com.daml	codegen-java	2024-12-06T14:01:46Z	
2.10.0-snapshot.20241206.13125.0.vd0fb6537	named	com.daml	ledger-api-test-tool	2024-12-06T14:01:49Z	
2.10.0-snapshot.20241206.13125.0.vd0fb6537	named	com.daml	ledger-api-test-tool-1.14	2024-12-06T14:01:52Z	
2.10.0-snapshot.20241206.13125.0.vd0fb6537	named	com.daml	ledger-api-test-tool-1.15	2024-12-06T14:01:55Z	
2.10.0-snapshot.20241206.13125.0.vd0fb6537	named	com.daml	ledger-api-test-tool-1.dev	2024-12-06T14:01:57Z	
3.3.0-snapshot.20241206.13470.0.vbb8ba5c7	named	com.daml	codegen-java	2024-12-07T08:41:35Z	
2.10.0-snapshot.20241206.13126.0.vf0f16532	named	com.daml	codegen-scala-main	2024-12-07T09:17:51Z	
2.10.0-snapshot.20241206.13126.0.vf0f16532	named	com.daml	codegen-java	2024-12-07T09:17:53Z	
2.10.0-snapshot.20241206.13126.0.vf0f16532	named	com.daml	ledger-api-test-tool	2024-12-07T09:17:57Z	
2.10.0-snapshot.20241206.13126.0.vf0f16532	named	com.daml	ledger-api-test-tool-1.14	2024-12-07T09:17:59Z	
2.10.0-snapshot.20241206.13126.0.vf0f16532	named	com.daml	ledger-api-test-tool-1.15	2024-12-07T09:18:01Z	
2.10.0-snapshot.20241206.13126.0.vf0f16532	named	com.daml	ledger-api-test-tool-1.dev	2024-12-07T09:18:03Z	
7.0.11	named	org.opendaylight.netconf	websocket-client	2024-12-08T18:29:57Z	
3.3.0-snapshot.20241209.13473.0.v75341a8a	named	com.daml	codegen-java	2024-12-10T06:39:07Z	
2.10.0-snapshot.20241209.13131.0.vee30f1db	named	com.daml	codegen-scala-main	2024-12-10T06:52:33Z	
2.10.0-snapshot.20241209.13131.0.vee30f1db	named	com.daml	codegen-java	2024-12-10T06:52:35Z	
2.10.0-snapshot.20241209.13131.0.vee30f1db	named	com.daml	ledger-api-test-tool	2024-12-10T06:52:38Z	
2.10.0-snapshot.20241209.13131.0.vee30f1db	named	com.daml	ledger-api-test-tool-1.14	2024-12-10T06:52:40Z	
2.10.0-snapshot.20241209.13131.0.vee30f1db	named	com.daml	ledger-api-test-tool-1.15	2024-12-10T06:52:42Z	
2.10.0-snapshot.20241209.13131.0.vee30f1db	named	com.daml	ledger-api-test-tool-1.dev	2024-12-10T06:52:44Z	
3.3.0-snapshot.20241210.13474.0.vb904458d	named	com.daml	codegen-java	2024-12-11T06:25:58Z	
2.10.0-snapshot.20241210.13134.0.vad20cd7e	named	com.daml	codegen-scala-main	2024-12-11T06:42:52Z	
2.10.0-snapshot.20241210.13134.0.vad20cd7e	named	com.daml	codegen-java	2024-12-11T06:42:54Z	
2.10.0-snapshot.20241210.13134.0.vad20cd7e	named	com.daml	ledger-api-test-tool	2024-12-11T06:42:57Z	
2.10.0-snapshot.20241210.13134.0.vad20cd7e	named	com.daml	ledger-api-test-tool-1.14	2024-12-11T06:42:59Z	
2.10.0-snapshot.20241210.13134.0.vad20cd7e	named	com.daml	ledger-api-test-tool-1.15	2024-12-11T06:43:03Z	
2.10.0-snapshot.20241210.13134.0.vad20cd7e	named	com.daml	ledger-api-test-tool-1.dev	2024-12-11T06:43:05Z	
2.10.0-snapshot.20241211.13138.0.v2bd7e97d	named	com.daml	codegen-scala-main	2024-12-12T06:46:18Z	
2.10.0-snapshot.20241211.13138.0.v2bd7e97d	named	com.daml	codegen-java	2024-12-12T06:46:21Z	
2.10.0-snapshot.20241211.13138.0.v2bd7e97d	named	com.daml	ledger-api-test-tool	2024-12-12T06:46:24Z	
2.10.0-snapshot.20241211.13138.0.v2bd7e97d	named	com.daml	ledger-api-test-tool-1.14	2024-12-12T06:46:26Z	
2.10.0-snapshot.20241211.13138.0.v2bd7e97d	named	com.daml	ledger-api-test-tool-1.15	2024-12-12T06:46:28Z	
2.10.0-snapshot.20241211.13138.0.v2bd7e97d	named	com.daml	ledger-api-test-tool-1.dev	2024-12-12T06:46:30Z	
3.3.0-snapshot.20241211.13475.0.vec347556	named	com.daml	codegen-java	2024-12-12T06:46:51Z	
4.0.0-M2	named	org.eclipse.californium	cf-s3-proxy-server	2024-12-12T07:08:25Z	
2.10.0-snapshot.20241212.13139.0.vc8e37fa5	named	com.daml	codegen-scala-main	2024-12-12T10:39:41Z	
2.10.0-snapshot.20241212.13139.0.vc8e37fa5	named	com.daml	codegen-java	2024-12-12T10:39:43Z	
2.10.0-snapshot.20241212.13139.0.vc8e37fa5	named	com.daml	ledger-api-test-tool	2024-12-12T10:39:47Z	
2.10.0-snapshot.20241212.13139.0.vc8e37fa5	named	com.daml	ledger-api-test-tool-1.14	2024-12-12T10:39:51Z	
2.10.0-snapshot.20241212.13139.0.vc8e37fa5	named	com.daml	ledger-api-test-tool-1.15	2024-12-12T10:39:53Z	
2.10.0-snapshot.20241212.13139.0.vc8e37fa5	named	com.daml	ledger-api-test-tool-1.dev	2024-12-12T10:39:55Z	
3.3.0-snapshot.20241212.13477.0.ve4fa5907	named	com.daml	codegen-java	2024-12-12T14:35:36Z	
2.10.0-adhoc.20241212.13143.0.vdbbc65bd	named	com.daml	codegen-scala-main	2024-12-12T15:15:48Z	
2.10.0-adhoc.20241212.13143.0.vdbbc65bd	named	com.daml	codegen-java	2024-12-12T15:15:50Z	
2.10.0-adhoc.20241212.13143.0.vdbbc65bd	named	com.daml	ledger-api-test-tool	2024-12-12T15:15:53Z	
2.10.0-adhoc.20241212.13143.0.vdbbc65bd	named	com.daml	ledger-api-test-tool-1.14	2024-12-12T15:15:55Z	
2.10.0-adhoc.20241212.13143.0.vdbbc65bd	named	com.daml	ledger-api-test-tool-1.15	2024-12-12T15:15:58Z	
2.10.0-adhoc.20241212.13143.0.vdbbc65bd	named	com.daml	ledger-api-test-tool-1.dev	2024-12-12T15:16:00Z	
3.3.0-snapshot.20241212.13479.0.va9f5f91b	named	com.daml	codegen-java	2024-12-13T06:38:42Z	
2.10.0-snapshot.20241212.13141.0.vb66372c0	named	com.daml	codegen-scala-main	2024-12-13T06:55:24Z	
2.10.0-snapshot.20241212.13141.0.vb66372c0	named	com.daml	codegen-java	2024-12-13T06:55:26Z	
2.10.0-snapshot.20241212.13141.0.vb66372c0	named	com.daml	ledger-api-test-tool	2024-12-13T06:55:31Z	
2.10.0-snapshot.20241212.13141.0.vb66372c0	named	com.daml	ledger-api-test-tool-1.14	2024-12-13T06:55:33Z	
2.10.0-snapshot.20241212.13141.0.vb66372c0	named	com.daml	ledger-api-test-tool-1.15	2024-12-13T06:55:35Z	
2.10.0-snapshot.20241212.13141.0.vb66372c0	named	com.daml	ledger-api-test-tool-1.dev	2024-12-13T06:55:38Z	
3.3.0-snapshot.20241213.13481.0.vd934c2f9	named	com.daml	codegen-java	2024-12-14T09:10:07Z	
2.10.0-snapshot.20241213.13146.0.v244db838	named	com.daml	codegen-scala-main	2024-12-14T09:15:20Z	
2.10.0-snapshot.20241213.13146.0.v244db838	named	com.daml	codegen-java	2024-12-14T09:15:22Z	
2.10.0-snapshot.20241213.13146.0.v244db838	named	com.daml	ledger-api-test-tool	2024-12-14T09:15:26Z	
2.10.0-snapshot.20241213.13146.0.v244db838	named	com.daml	ledger-api-test-tool-1.14	2024-12-14T09:15:28Z	
2.10.0-snapshot.20241213.13146.0.v244db838	named	com.daml	ledger-api-test-tool-1.15	2024-12-14T09:15:30Z	
2.10.0-snapshot.20241213.13146.0.v244db838	named	com.daml	ledger-api-test-tool-1.dev	2024-12-14T09:15:32Z	
2.10.0-snapshot.20241214.13147.0.v24ce113a	named	com.daml	codegen-scala-main	2024-12-15T08:40:12Z	
2.10.0-snapshot.20241214.13147.0.v24ce113a	named	com.daml	codegen-java	2024-12-15T08:40:16Z	
2.10.0-snapshot.20241214.13147.0.v24ce113a	named	com.daml	ledger-api-test-tool	2024-12-15T08:40:20Z	
2.10.0-snapshot.20241214.13147.0.v24ce113a	named	com.daml	ledger-api-test-tool-1.14	2024-12-15T08:40:22Z	
2.10.0-snapshot.20241214.13147.0.v24ce113a	named	com.daml	ledger-api-test-tool-1.15	2024-12-15T08:40:23Z	
2.10.0-snapshot.20241214.13147.0.v24ce113a	named	com.daml	ledger-api-test-tool-1.dev	2024-12-15T08:40:25Z	
2.10.0-snapshot.20241216.13150.0.vc832cb4a	named	com.daml	codegen-scala-main	2024-12-16T16:11:50Z	
2.10.0-snapshot.20241216.13150.0.vc832cb4a	named	com.daml	codegen-java	2024-12-16T16:11:52Z	
2.10.0-snapshot.20241216.13150.0.vc832cb4a	named	com.daml	ledger-api-test-tool	2024-12-16T16:11:55Z	
2.10.0-snapshot.20241216.13150.0.vc832cb4a	named	com.daml	ledger-api-test-tool-1.14	2024-12-16T16:11:59Z	
2.10.0-snapshot.20241216.13150.0.vc832cb4a	named	com.daml	ledger-api-test-tool-1.15	2024-12-16T16:12:03Z	
2.10.0-snapshot.20241216.13150.0.vc832cb4a	named	com.daml	ledger-api-test-tool-1.dev	2024-12-16T16:12:05Z	
3.3.0-snapshot.20241216.13485.0.va69e378b	named	com.daml	codegen-java	2024-12-17T06:25:09Z	
2.10.0-snapshot.20241216.13152.0.vb86968d8	named	com.daml	codegen-scala-main	2024-12-17T06:47:38Z	
2.10.0-snapshot.20241216.13152.0.vb86968d8	named	com.daml	codegen-java	2024-12-17T06:47:40Z	
2.10.0-snapshot.20241216.13152.0.vb86968d8	named	com.daml	ledger-api-test-tool	2024-12-17T06:47:43Z	
2.10.0-snapshot.20241216.13152.0.vb86968d8	named	com.daml	ledger-api-test-tool-1.14	2024-12-17T06:47:45Z	
2.10.0-snapshot.20241216.13152.0.vb86968d8	named	com.daml	ledger-api-test-tool-1.15	2024-12-17T06:47:47Z	
2.10.0-snapshot.20241216.13152.0.vb86968d8	named	com.daml	ledger-api-test-tool-1.dev	2024-12-17T06:47:49Z	
2.10.0-snapshot.20241217.13154.0.v22e0cede	named	com.daml	codegen-scala-main	2024-12-17T11:14:56Z	
2.10.0-snapshot.20241217.13154.0.v22e0cede	named	com.daml	codegen-java	2024-12-17T11:14:58Z	
2.10.0-snapshot.20241217.13154.0.v22e0cede	named	com.daml	ledger-api-test-tool	2024-12-17T11:15:01Z	
2.10.0-snapshot.20241217.13154.0.v22e0cede	named	com.daml	ledger-api-test-tool-1.14	2024-12-17T11:15:03Z	
2.10.0-snapshot.20241217.13154.0.v22e0cede	named	com.daml	ledger-api-test-tool-1.15	2024-12-17T11:15:05Z	
2.10.0-snapshot.20241217.13154.0.v22e0cede	named	com.daml	ledger-api-test-tool-1.dev	2024-12-17T11:15:08Z	
2.10.0-snapshot.20241217.13156.0.v1da3a35b	named	com.daml	codegen-scala-main	2024-12-18T06:02:36Z	
2.10.0-snapshot.20241217.13156.0.v1da3a35b	named	com.daml	codegen-java	2024-12-18T06:02:38Z	
2.10.0-snapshot.20241217.13156.0.v1da3a35b	named	com.daml	ledger-api-test-tool	2024-12-18T06:02:41Z	
2.10.0-snapshot.20241217.13156.0.v1da3a35b	named	com.daml	ledger-api-test-tool-1.14	2024-12-18T06:02:43Z	
2.10.0-snapshot.20241217.13156.0.v1da3a35b	named	com.daml	ledger-api-test-tool-1.15	2024-12-18T06:02:45Z	
2.10.0-snapshot.20241217.13156.0.v1da3a35b	named	com.daml	ledger-api-test-tool-1.dev	2024-12-18T06:02:47Z	
3.3.0-snapshot.20241218.13489.0.v0b3a5a73	named	com.daml	codegen-java	2024-12-18T06:49:28Z	
3.3.0-snapshot.20241218.13493.0.v00a49d59	named	com.daml	codegen-java	2024-12-19T06:53:51Z	
3.3.0-snapshot.20241219.13494.0.v31045c53	named	com.daml	codegen-java	2024-12-20T06:28:30Z	
3.42.0-eisop5	automatic	io.github.eisop	checker-qual	2024-12-20T23:35:49Z	
3.3.0-snapshot.20241220.13496.0.v964b91f8	named	com.daml	codegen-java	2024-12-21T09:42:58Z	
3.48.4	named	org.checkerframework	checker	2025-01-02T17:57:08Z	
3.48.4	named	org.checkerframework	checker-qual	2025-01-02T17:57:47Z	
3.3.0-snapshot.20250106.13498.0.v4c96c1de	named	com.daml	codegen-java	2025-01-07T06:16:26Z	
1.2025.0	named	net.sourceforge.plantuml	plantuml	2025-01-07T17:49:20Z	
1.2025.0	named	net.sourceforge.plantuml	plantuml-epl	2025-01-07T17:51:28Z	
3.3.0-snapshot.20250107.13499.0.va4b46430	named	com.daml	codegen-java	2025-01-08T06:17:25Z	
2.10.0-snapshot.20250108.13162.0.v1ce7df14	named	com.daml	codegen-scala-main	2025-01-08T16:53:09Z	
2.10.0-snapshot.20250108.13162.0.v1ce7df14	named	com.daml	codegen-java	2025-01-08T16:53:12Z	
2.10.0-snapshot.20250108.13162.0.v1ce7df14	named	com.daml	ledger-api-test-tool	2025-01-08T16:53:15Z	
2.10.0-snapshot.20250108.13162.0.v1ce7df14	named	com.daml	ledger-api-test-tool-1.14	2025-01-08T16:53:17Z	
2.10.0-snapshot.20250108.13162.0.v1ce7df14	named	com.daml	ledger-api-test-tool-1.15	2025-01-08T16:53:19Z	
2.10.0-snapshot.20250108.13162.0.v1ce7df14	named	com.daml	ledger-api-test-tool-1.dev	2025-01-08T16:53:21Z	
3.3.0-snapshot.20250108.13501.0.v245910f3	named	com.daml	codegen-java	2025-01-09T06:16:44Z	
2.11.0	named	org.apktool	apktool-cli	2025-01-14T23:23:58Z	
3.3.0-snapshot.20250114.13517.0.vd68c3a6d	named	com.daml	codegen-java	2025-01-15T16:47:30Z	
2.10.0-snapshot.20250114.13163.0.ve965e38d	named	com.daml	codegen-scala-main	2025-01-15T17:12:05Z	
2.10.0-snapshot.20250114.13163.0.ve965e38d	named	com.daml	codegen-java	2025-01-15T17:12:07Z	
2.10.0-snapshot.20250114.13163.0.ve965e38d	named	com.daml	ledger-api-test-tool	2025-01-15T17:12:11Z	
2.10.0-snapshot.20250114.13163.0.ve965e38d	named	com.daml	ledger-api-test-tool-1.14	2025-01-15T17:12:13Z	
2.10.0-snapshot.20250114.13163.0.ve965e38d	named	com.daml	ledger-api-test-tool-1.15	2025-01-15T17:12:15Z	
2.10.0-snapshot.20250114.13163.0.ve965e38d	named	com.daml	ledger-api-test-tool-1.dev	2025-01-15T17:12:17Z	
3.3.0-snapshot.20250115.13519.0.vbe41e0ad	named	com.daml	codegen-java	2025-01-16T06:23:58Z	
3.3.0-snapshot.20250116.13522.0.v577ae96d	named	com.daml	codegen-java	2025-01-17T06:16:18Z	
3.3.0-snapshot.20250117.13525.0.v9e9dcacc	named	com.daml	codegen-java	2025-01-18T07:06:30Z	
1.15.0	named	com.madgag	bfg	2025-01-18T21:35:06Z	
3.3.0-snapshot.20250120.13527.0.v2040bc28	named	com.daml	codegen-java	2025-01-21T06:19:50Z	
2.10.0-snapshot.20250120.13164.0.vd2e3ddc6	named	com.daml	codegen-scala-main	2025-01-21T06:47:10Z	
2.10.0-snapshot.20250120.13164.0.vd2e3ddc6	named	com.daml	codegen-java	2025-01-21T06:47:12Z	
2.10.0-snapshot.20250120.13164.0.vd2e3ddc6	named	com.daml	ledger-api-test-tool	2025-01-21T06:47:15Z	
2.10.0-snapshot.20250120.13164.0.vd2e3ddc6	named	com.daml	ledger-api-test-tool-1.14	2025-01-21T06:47:17Z	
2.10.0-snapshot.20250120.13164.0.vd2e3ddc6	named	com.daml	ledger-api-test-tool-1.15	2025-01-21T06:47:19Z	
2.10.0-snapshot.20250120.13164.0.vd2e3ddc6	named	com.daml	ledger-api-test-tool-1.dev	2025-01-21T06:47:22Z	
3.3.0-snapshot.20250121.13534.0.v390a77a1	named	com.daml	codegen-java	2025-01-22T06:18:04Z	
3.3.0-snapshot.20250122.13536.0.vb8824671	named	com.daml	codegen-java	2025-01-22T12:29:44Z	
3.3.0-snapshot.20250122.13543.0.v2d9d24e7	named	com.daml	codegen-java	2025-01-23T06:17:15Z	
3.3.0-snapshot.20250123.13549.0.vf8fb0961	named	com.daml	codegen-java	2025-01-24T06:18:17Z	
3.3.0-snapshot.20250124.13555.0.v9e07c6a4	named	com.daml	codegen-java	2025-01-26T07:44:00Z	
3.3.0-snapshot.20250127.13563.0.v3820f584	named	com.daml	codegen-java	2025-01-28T06:18:47Z	
3.3.0-snapshot.20250128.13565.0.v0e46e9d7	named	com.daml	codegen-java	2025-01-29T06:16:57Z	
3.3.0-snapshot.20250129.13568.0.vb8b75be1	named	com.daml	codegen-java	2025-01-30T06:17:52Z	
3.3.0-snapshot.20250130.13571.0.v7142e2e1	named	com.daml	codegen-java	2025-01-31T06:16:33Z	
3.2.0-snapshot.20250121.13405.0.v4ebe6fd3	named	com.daml	codegen-java	2025-01-31T13:13:29Z	
3.2.0-snapshot.20250121.13405.1.v4ebe6fd3	named	com.daml	codegen-java	2025-01-31T15:50:24Z	
3.3.0-snapshot.20250131.13576.0.v120de20a	named	com.daml	codegen-java	2025-02-01T08:03:17Z	
3.49.0	named	org.checkerframework	checker	2025-02-03T17:47:02Z	
3.49.0	named	org.checkerframework	checker-qual	2025-02-03T17:47:11Z	
3.3.0-snapshot.20250204.13578.0.vffb6e0c5	named	com.daml	codegen-java	2025-02-05T06:24:32Z	
3.3.0-snapshot.20250205.13582.0.vd52a2470	named	com.daml	codegen-java	2025-02-06T06:16:47Z	
3.2.0-snapshot.20250206.13406.0.ve23b19ba	named	com.daml	codegen-java	2025-02-06T14:52:12Z	
3.3.0-snapshot.20250206.13585.0.vb9047f3d	named	com.daml	codegen-java	2025-02-07T06:27:00Z	
3.3.0-snapshot.20250207.13591.0.v943894f7	named	com.daml	codegen-java	2025-02-08T08:02:41Z	
3.3.0-snapshot.20250210.13596.0.v9b6d5061	named	com.daml	codegen-java	2025-02-11T06:19:04Z	
2.10.0-snapshot.20250211.13169.0.vd812609c	named	com.daml	codegen-scala-main	2025-02-11T18:01:11Z	
2.10.0-snapshot.20250211.13169.0.vd812609c	named	com.daml	codegen-java	2025-02-11T18:01:13Z	
2.10.0-snapshot.20250211.13169.0.vd812609c	named	com.daml	ledger-api-test-tool	2025-02-11T18:01:16Z	
2.10.0-snapshot.20250211.13169.0.vd812609c	named	com.daml	ledger-api-test-tool-1.14	2025-02-11T18:01:18Z	
2.10.0-snapshot.20250211.13169.0.vd812609c	named	com.daml	ledger-api-test-tool-1.15	2025-02-11T18:01:21Z	
2.10.0-snapshot.20250211.13169.0.vd812609c	named	com.daml	ledger-api-test-tool-1.dev	2025-02-11T18:01:24Z	
3.3.0-snapshot.20250211.13600.0.vce3140e2	named	com.daml	codegen-java	2025-02-12T06:17:52Z	
2.10.0	named	com.daml	codegen-scala-main	2025-02-12T16:15:41Z	
2.10.0	named	com.daml	codegen-java	2025-02-12T16:15:43Z	
2.10.0	named	com.daml	ledger-api-test-tool	2025-02-12T16:15:46Z	
2.10.0	named	com.daml	ledger-api-test-tool-1.14	2025-02-12T16:15:48Z	
2.10.0	named	com.daml	ledger-api-test-tool-1.15	2025-02-12T16:15:51Z	
2.10.0	named	com.daml	ledger-api-test-tool-1.dev	2025-02-12T16:15:57Z	
3.3.0-snapshot.20250212.13604.0.v257137ad	named	com.daml	codegen-java	2025-02-13T06:16:42Z	
3.3.0-snapshot.20250213.13610.0.vc419d427	named	com.daml	codegen-java	2025-02-14T06:17:53Z	
3.3.0-snapshot.20250214.13611.0.v8a5fd608	named	com.daml	codegen-java	2025-02-15T07:05:15Z	
3.3.0-snapshot.20250217.13619.0.vcfb7fe36	named	com.daml	codegen-java	2025-02-18T06:17:59Z	
3.3.0-snapshot.20250218.13621.0.vd1c09c20	named	com.daml	codegen-java	2025-02-19T06:34:49Z	
3.3.0-snapshot.20250219.13625.0.vbd7e542a	named	com.daml	codegen-java	2025-02-20T06:21:18Z	
4.0.0-M3	named	org.eclipse.californium	cf-s3-proxy-server	2025-02-20T06:39:07Z	
3.3.0-snapshot.20250221.13626.0.v450e992e	named	com.daml	codegen-java	2025-02-22T07:44:03Z	
3.3.0-snapshot.20250224.13628.0.vb89d2086	named	com.daml	codegen-java	2025-02-25T06:24:34Z	
3.3.0-snapshot.20250225.13633.0.vc397a212	named	com.daml	codegen-java	2025-02-26T06:22:03Z	
3.3.0-snapshot.20250226.13635.0.vcf9c485c	named	com.daml	codegen-java	2025-02-27T06:17:48Z	
3.3.0-snapshot.20250227.13636.0.vdeaa9235	named	com.daml	codegen-java	2025-02-28T06:16:56Z	
3.3.0-snapshot.20250228.13638.0.v9c77ba46	named	com.daml	codegen-java	2025-03-01T07:17:11Z	
3.49.1	named	org.checkerframework	checker	2025-03-03T18:58:05Z	
3.49.1	named	org.checkerframework	checker-qual	2025-03-03T18:58:37Z	
3.3.0-snapshot.20250303.13639.0.v5635b3c3	named	com.daml	codegen-java	2025-03-04T06:22:56Z	
1.2025.2	named	net.sourceforge.plantuml	plantuml	2025-03-05T18:31:33Z	
1.2025.2	named	net.sourceforge.plantuml	plantuml-epl	2025-03-05T18:33:59Z	
3.3.0-snapshot.20250305.13642.0.v5518c9e8	named	com.daml	codegen-java	2025-03-06T06:18:48Z	
3.3.0-snapshot.20250306.13643.0.v7aa8cb70	named	com.daml	codegen-java	2025-03-07T06:51:13Z	
3.3.0-snapshot.20250307.13644.0.v931032be	named	com.daml	codegen-java	2025-03-08T06:16:08Z	
3.3.0-snapshot.20250310.13645.0.v9fed1085	named	com.daml	codegen-java	2025-03-10T14:40:35Z	
2.11.1	named	org.apktool	apktool-cli	2025-03-10T22:51:05Z	
3.3.0-snapshot.20250310.13649.0.va93ff55f	named	com.daml	codegen-java	2025-03-11T06:22:53Z	
3.3.0-snapshot.20250311.13652.0.vfbb85b04	named	com.daml	codegen-java	2025-03-12T06:18:51Z	
3.3.0-snapshot.20250312.13655.0.vcb3db312	named	com.daml	codegen-java	2025-03-13T06:17:42Z	
3.3.0-adhoc.20250313.13657.0.vd9049657	named	com.daml	codegen-java	2025-03-13T09:54:16Z	
3.3.0-snapshot.20250313.13657.0.v7b206338	named	com.daml	codegen-java	2025-03-14T06:17:19Z	
3.3.0-adhoc.20250314.13658.0.v6a20867c	named	com.daml	codegen-java	2025-03-14T13:51:18Z	
3.3.0-adhoc.20250314.13658.0.v2ae85555	named	com.daml	codegen-java	2025-03-14T16:12:46Z	
3.3.0-snapshot.20250314.13661.0.v3525acf7	named	com.daml	codegen-java	2025-03-15T07:29:55Z	
3.3.0-snapshot.20250315.13662.0.veab85ae6	named	com.daml	codegen-java	2025-03-16T07:39:41Z	
3.3.0-snapshot.20250317.13663.0.vf985f5f6	named	com.daml	codegen-java	2025-03-17T06:24:25Z	
3.49.1-eisop1	named	io.github.eisop	checker	2025-03-18T01:36:27Z	
3.49.1-eisop1	named	io.github.eisop	checker-qual	2025-03-18T01:36:50Z	
3.3.0-snapshot.20250318.13666.0.v38d45c57	named	com.daml	codegen-java	2025-03-19T06:25:23Z	
3.3.0-snapshot.20250319.13669.0.v5aecc9e6	named	com.daml	codegen-java	2025-03-20T06:17:49Z	
3.3.0-snapshot.20250320.13670.0.vf4457f09	named	com.daml	codegen-java	2025-03-20T11:21:07Z	
3.3.0-snapshot.20250320.13673.0.vf3b741c2	named	com.daml	codegen-java	2025-03-21T06:20:23Z	
3.3.0-snapshot.20250321.13675.0.v3994e988	named	com.daml	codegen-java	2025-03-22T07:28:33Z	
3.3.0-snapshot.20250324.13676.0.vb9b0abbb	named	com.daml	codegen-java	2025-03-25T06:18:12Z	
3.3.0-snapshot.20250325.13681.0.v47563d61	named	com.daml	codegen-java	2025-03-26T06:26:03Z	
3.3.0-snapshot.20250326.13682.0.vbaddab67	named	com.daml	codegen-java	2025-03-26T10:08:46Z	
3.3.0-snapshot.20250326.13686.0.v34371a42	named	com.daml	codegen-java	2025-03-27T06:14:15Z	
3.3.0-adhoc.20250327.13687.0.v3a79a55e	named	com.daml	codegen-java	2025-03-27T11:28:34Z	
3.3.0-adhoc.20250327.13688.0.vbdeb0d51	named	com.daml	codegen-java	2025-03-27T14:28:07Z	
3.3.0-snapshot.20250327.13689.0.v46dbd521	named	com.daml	codegen-java	2025-03-28T06:14:56Z	
3.3.0-snapshot.20250328.13693.0.v07bb96f1	named	com.daml	codegen-java	2025-03-29T07:14:46Z	
3.3.0-snapshot.20250329.13694.0.vd9ba2a15	named	com.daml	codegen-java	2025-03-30T07:53:34Z	
3.3.0-snapshot.20250331.13697.0.vef800592	named	com.daml	codegen-java	2025-04-01T06:14:38Z	
3.49.2	named	org.checkerframework	checker	2025-04-01T19:07:04Z	
3.49.2	named	org.checkerframework	checker-qual	2025-04-01T19:07:14Z	
3.3.0-snapshot.20250401.13704.0.v4decfc03	named	com.daml	codegen-java	2025-04-02T06:17:53Z	
3.3.0-snapshot.20250402.13706.0.v4bc8905c	named	com.daml	codegen-java	2025-04-03T06:34:08Z	
3.3.0-snapshot.20250403.13709.0.v7688098c	named	com.daml	codegen-java	2025-04-04T06:17:15Z	
3.3.0-snapshot.20250404.13714.0.v1095c9b0	named	com.daml	codegen-java	2025-04-08T06:23:00Z	
3.3.0-snapshot.20250408.13716.0.v9419d70f	named	com.daml	codegen-java	2025-04-08T08:27:03Z	
3.3.0-snapshot.20250408.13724.0.v26c31e8d	named	com.daml	codegen-java	2025-04-09T06:19:36Z	
3.3.0-snapshot.20250409.13725.0.vf1a3bb22	named	com.daml	codegen-java	2025-04-09T11:54:12Z	
3.3.0-snapshot.20250409.13730.0.v6972616a	named	com.daml	codegen-java	2025-04-09T15:29:19Z	
3.3.0-snapshot.20250409.13732.0.v6b38b804	named	com.daml	codegen-java	2025-04-10T06:17:06Z	
3.3.0-snapshot.20250411.13739.0.v9266ad3c	named	com.daml	codegen-java	2025-04-11T06:25:33Z	
3.3.0-snapshot.20250411.13746.0.v590c3204	named	com.daml	codegen-java	2025-04-12T07:28:40Z	
3.3.0-snapshot.20250414.13748.0.va2312729	named	com.daml	codegen-java	2025-04-14T06:17:59Z	
3.3.0-snapshot.20250414.13752.0.v0c202990	named	com.daml	codegen-java	2025-04-14T14:51:23Z	
3.3.0-snapshot.20250414.13754.0.v6f99815d	named	com.daml	codegen-java	2025-04-15T06:13:56Z	
3.4.0-snapshot.20250415.13757.0.v8ac8af98	named	com.daml	codegen-java	2025-04-15T15:17:04Z	
3.3.0-snapshot.20250415.13756.0.vafc5c867	named	com.daml	codegen-java	2025-04-15T15:34:58Z	
3.4.0-snapshot.20250415.13760.0.vea143716	named	com.daml	codegen-java	2025-04-16T06:17:57Z	
3.4.0-snapshot.20250416.13764.0.vee0fc5b1	named	com.daml	codegen-java	2025-04-17T06:18:44Z	
3.4.0-snapshot.20250417.13766.1.vef057e66	named	com.daml	codegen-java	2025-04-17T11:31:42Z	
3.4.0-snapshot.20250417.13774.0.ve1001b97	named	com.daml	codegen-java	2025-04-18T06:16:36Z	
3.4.0-snapshot.20250418.13775.0.v79817894	named	com.daml	codegen-java	2025-04-19T07:00:30Z	
3.4.0-snapshot.20250422.13778.0.v2de0966d	named	com.daml	codegen-java	2025-04-23T06:34:25Z	
3.4.0-snapshot.20250423.13779.0.v4c39132a	named	com.daml	codegen-java	2025-04-24T06:15:25Z	
3.3.0-snapshot.20250424.13760.0.v90d51dbb	named	com.daml	codegen-java	2025-04-24T12:27:15Z	
3.4.0-snapshot.20250424.13786.0.vb68dfcad	named	com.daml	codegen-java	2025-04-25T06:18:28Z	
3.4.0-snapshot.20250425.13791.0.v1d751043	named	com.daml	codegen-java	2025-04-26T07:26:09Z	
3.4.0-snapshot.20250428.13794.0.vb7f162ae	named	com.daml	codegen-java	2025-04-29T06:25:34Z	
3.4.0-snapshot.20250429.13798.0.v0a9ac077	named	com.daml	codegen-java	2025-04-30T06:17:40Z	
3.4.0-snapshot.20250430.13801.0.v62e9a71a	named	com.daml	codegen-java	2025-04-30T15:51:39Z	
3.4.0-snapshot.20250430.13804.0.vecb995a9	named	com.daml	codegen-java	2025-05-01T06:14:03Z	
3.4.0-snapshot.20250501.13805.0.v6dcc9347	named	com.daml	codegen-java	2025-05-02T06:17:05Z	
3.3.0-snapshot.20250502.13767.0.v2fc6c7e2	named	com.daml	codegen-java	2025-05-02T13:44:47Z	
3.49.3	named	org.checkerframework	checker	2025-05-02T16:35:12Z	
3.49.3	named	org.checkerframework	checker-qual	2025-05-02T16:35:22Z	
3.4.0-snapshot.20250502.13811.0.vc9342f2a	named	com.daml	codegen-java	2025-05-03T07:27:33Z	
3.4.0-snapshot.20250505.13814.0.v8f469e2a	named	com.daml	codegen-java	2025-05-05T16:07:41Z	
3.4.0-snapshot.20250505.13816.0.v6ffb8da8	named	com.daml	codegen-java	2025-05-05T18:19:15Z	
3.4.0-snapshot.20250505.13817.0.vf79dda6c	named	com.daml	codegen-java	2025-05-06T06:22:11Z	
3.49.3-eisop1	named	io.github.eisop	checker	2025-05-06T20:18:52Z	
3.49.3-eisop1	named	io.github.eisop	checker-qual	2025-05-06T20:19:27Z	
3.4.0-snapshot.20250506.13820.0.vb449114c	named	com.daml	codegen-java	2025-05-07T06:22:19Z	
3.3.0-snapshot.20250507.13770.0.v8a383258	named	com.daml	codegen-java	2025-05-07T16:12:38Z	
3.4.0-snapshot.20250507.13824.0.v7bf1a9f8	named	com.daml	codegen-java	2025-05-08T06:22:34Z	
3.4.0-snapshot.20250508.13828.0.v6124cac0	named	com.daml	codegen-java	2025-05-09T06:16:52Z	
3.4.0-snapshot.20250509.13829.0.vc24ce1fd	named	com.daml	codegen-java	2025-05-09T09:28:57Z	
3.4.0-snapshot.20250509.13832.0.vcfc1ba78	named	com.daml	codegen-java	2025-05-10T07:19:44Z	
3.4.0-snapshot.20250512.13837.0.v78d1b88c	named	com.daml	codegen-java	2025-05-13T06:27:18Z	
3.3.0-snapshot.20250509.13773.0.v7f71343b	named	com.daml	codegen-java	2025-05-13T07:41:23Z	
2.10.1-snapshot.20250513.13174.0.vfd3eadaf	named	com.daml	codegen-scala-main	2025-05-13T09:28:40Z	
2.10.1-snapshot.20250513.13174.0.vfd3eadaf	named	com.daml	codegen-java	2025-05-13T09:28:42Z	
2.10.1-snapshot.20250513.13174.0.vfd3eadaf	named	com.daml	ledger-api-test-tool	2025-05-13T09:28:45Z	
2.10.1-snapshot.20250513.13174.0.vfd3eadaf	named	com.daml	ledger-api-test-tool-1.14	2025-05-13T09:28:47Z	
2.10.1-snapshot.20250513.13174.0.vfd3eadaf	named	com.daml	ledger-api-test-tool-1.15	2025-05-13T09:28:49Z	
2.10.1-snapshot.20250513.13174.0.vfd3eadaf	named	com.daml	ledger-api-test-tool-1.dev	2025-05-13T09:28:52Z	
3.4.0-snapshot.20250513.13844.0.vbc99348c	named	com.daml	codegen-java	2025-05-13T15:55:14Z	
3.3.0-snapshot.20250515.13776.0.ved4899eb	named	com.daml	codegen-java	2025-05-16T10:02:57Z	
3.3.0-snapshot.20250516.13778.0.v4f93f23f	named	com.daml	codegen-java	2025-05-16T18:16:53Z	
3.4.0-snapshot.20250521.13856.0.v188ed9c8	named	com.daml	codegen-java	2025-05-21T14:38:07Z	
3.4.0-snapshot.20250522.13858.0.vbfc85f3c	named	com.daml	codegen-java	2025-05-22T09:56:03Z	
2.10.1-snapshot.20250523.13179.0.v7cd2f5cf	named	com.daml	codegen-scala-main	2025-05-23T09:45:49Z	
2.10.1-snapshot.20250523.13179.0.v7cd2f5cf	named	com.daml	codegen-java	2025-05-23T09:45:51Z	
2.10.1-snapshot.20250523.13179.0.v7cd2f5cf	named	com.daml	ledger-api-test-tool	2025-05-23T09:45:54Z	
2.10.1-snapshot.20250523.13179.0.v7cd2f5cf	named	com.daml	ledger-api-test-tool-1.14	2025-05-23T09:45:56Z	
2.10.1-snapshot.20250523.13179.0.v7cd2f5cf	named	com.daml	ledger-api-test-tool-1.15	2025-05-23T09:45:58Z	
2.10.1-snapshot.20250523.13179.0.v7cd2f5cf	named	com.daml	ledger-api-test-tool-1.dev	2025-05-23T09:46:00Z	
3.3.0-snapshot.20250526.13788.0.vb27862fa	named	com.daml	codegen-java	2025-05-26T11:42:46Z	
3.4.0-snapshot.20250526.13870.0.v41bb4cdc	named	com.daml	codegen-java	2025-05-26T15:31:28Z	
3.3.0-snapshot.20250527.13794.0.v3831b0c5	named	com.daml	codegen-java	2025-05-27T10:03:05Z	
2.10.1-snapshot.20250527.13181.0.v1004bc26	named	com.daml	codegen-scala-main	2025-05-27T14:42:17Z	
2.10.1-snapshot.20250527.13181.0.v1004bc26	named	com.daml	codegen-java	2025-05-27T14:42:21Z	
2.10.1-snapshot.20250527.13181.0.v1004bc26	named	com.daml	ledger-api-test-tool	2025-05-27T14:42:24Z	
2.10.1-snapshot.20250527.13181.0.v1004bc26	named	com.daml	ledger-api-test-tool-1.14	2025-05-27T14:42:26Z	
2.10.1-snapshot.20250527.13181.0.v1004bc26	named	com.daml	ledger-api-test-tool-1.15	2025-05-27T14:42:28Z	
2.10.1-snapshot.20250527.13181.0.v1004bc26	named	com.daml	ledger-api-test-tool-1.dev	2025-05-27T14:42:30Z	
3.3.0-snapshot.20250528.13806.0.v3cd439fb	named	com.daml	codegen-java	2025-05-28T14:50:59Z	
3.4.0-snapshot.20250528.13876.0.v7bd81db7	named	com.daml	codegen-java	2025-05-29T07:49:48Z	
2.10.1	named	com.daml	codegen-scala-main	2025-05-30T11:19:28Z	
2.10.1	named	com.daml	codegen-java	2025-05-30T11:19:32Z	
2.10.1	named	com.daml	ledger-api-test-tool	2025-05-30T11:19:36Z	
2.10.1	named	com.daml	ledger-api-test-tool-1.14	2025-05-30T11:19:38Z	
2.10.1	named	com.daml	ledger-api-test-tool-1.15	2025-05-30T11:19:40Z	
2.10.1	named	com.daml	ledger-api-test-tool-1.dev	2025-05-30T11:19:42Z	
3.4.0-snapshot.20250530.13878.0.v731ad40e	named	com.daml	codegen-java	2025-05-31T07:23:00Z	
3.49.4	named	org.checkerframework	checker	2025-06-02T18:53:48Z	
3.49.4	named	org.checkerframework	checker-qual	2025-06-02T18:53:58Z	
3.4.0-snapshot.20250602.13879.0.v39bba6c5	named	com.daml	codegen-java	2025-06-03T06:17:23Z	
3.4.0-snapshot.20250603.13882.0.v63b5db72	named	com.daml	codegen-java	2025-06-04T06:17:50Z	
3.4.0-snapshot.20250605.13883.0.vb0255fb1	named	com.daml	codegen-java	2025-06-05T06:15:00Z	
3.4.0-snapshot.20250606.13886.0.v44f77e02	named	com.daml	codegen-java	2025-06-06T06:40:25Z	
3.4.0-snapshot.20250610.13888.0.ve17a05a2	named	com.daml	codegen-java	2025-06-10T08:48:58Z	
3.4.0-snapshot.20250610.13891.0.v43166084	named	com.daml	codegen-java	2025-06-11T06:51:32Z	
3.4.0-snapshot.20250613.13901.0.v8b39a4d0	named	com.daml	codegen-java	2025-06-13T07:58:09Z	
3.4.0-snapshot.20250613.13903.0.v886d7aa2	named	com.daml	codegen-java	2025-06-13T12:21:49Z	
3.4.0-snapshot.20250613.13906.0.vddb81d47	named	com.daml	codegen-java	2025-06-14T07:42:21Z	
3.4.0-snapshot.20250616.13907.0.va2bdc920	named	com.daml	codegen-java	2025-06-16T08:18:05Z	
3.4.0-snapshot.20250616.13911.0.v482d9ec0	named	com.daml	codegen-java	2025-06-16T12:18:09Z	
3.4.0-snapshot.20250617.13918.0.v3974236a	named	com.daml	codegen-java	2025-06-17T09:44:37Z	
3.4.0-snapshot.20250617.13919.0.v5ed01acd	named	com.daml	codegen-java	2025-06-18T06:26:19Z	
3.4.0-snapshot.20250618.13922.0.v92bcfeb1	named	com.daml	codegen-java	2025-06-19T06:41:38Z	
3.4.0-snapshot.20250619.13926.0.vafce7e37	named	com.daml	codegen-java	2025-06-20T07:32:55Z	
2.10.2-adhoc.20250619.13183.0.vfe531da1	named	com.daml	codegen-scala-main	2025-06-23T06:55:55Z	
2.10.2-adhoc.20250619.13183.0.vfe531da1	named	com.daml	codegen-java	2025-06-23T06:55:57Z	
2.10.2-adhoc.20250619.13183.0.vfe531da1	named	com.daml	ledger-api-test-tool	2025-06-23T06:56:01Z	
2.10.2-adhoc.20250619.13183.0.vfe531da1	named	com.daml	ledger-api-test-tool-1.14	2025-06-23T06:56:03Z	
2.10.2-adhoc.20250619.13183.0.vfe531da1	named	com.daml	ledger-api-test-tool-1.15	2025-06-23T06:56:05Z	
2.10.2-adhoc.20250619.13183.0.vfe531da1	named	com.daml	ledger-api-test-tool-1.dev	2025-06-23T06:56:07Z	
3.4.0-snapshot.20250623.13928.0.v2fa52a82	named	com.daml	codegen-java	2025-06-23T07:34:32Z	
3.4.0-snapshot.20250624.13930.0.vd1644c05	named	com.daml	codegen-java	2025-06-24T09:43:50Z	
3.4.0-snapshot.20250624.13936.0.v4872c75f	named	com.daml	codegen-java	2025-06-25T07:13:25Z	
4.0.0-M5	named	org.eclipse.californium	cf-s3-proxy-server	2025-06-25T09:18:59Z	
3.3.0-snapshot.20250624.13835.0.v78d74d4a	named	com.daml	codegen-java	2025-06-25T12:27:14Z	
3.4.0-snapshot.20250625.13939.0.v63c3a973	named	com.daml	codegen-java	2025-06-26T08:14:27Z	
3.4.0-snapshot.20250626.13943.0.v7067a3a5	named	com.daml	codegen-java	2025-06-28T07:46:25Z	
3.49.5	named	org.checkerframework	checker	2025-06-30T15:07:34Z	
3.49.5	named	org.checkerframework	checker-qual	2025-06-30T15:07:43Z	
3.4.0-adhoc.20250707.13980.0.ve3beec73	named	com.daml	codegen-java	2025-07-08T07:28:09Z	
3.4.0-snapshot.20250707.13980.0.ve3beec73	named	com.daml	codegen-java	2025-07-08T08:45:38Z	
3.4.0-snapshot.20250708.13984.0.v636b6498	named	com.daml	codegen-java	2025-07-08T10:01:08Z	
3.4.0-adhoc.20250708.13986.0.v38a290b2	named	com.daml	codegen-java	2025-07-09T08:40:33Z	
3.4.0-snapshot.20250709.13996.0.v372e32a9	named	com.daml	codegen-java	2025-07-10T06:23:50Z	
3.4.0-snapshot.20250710.14000.0.v9d8fce3e	named	com.daml	codegen-java	2025-07-11T06:19:42Z	
2.10.2-snapshot.20250710.13186.0.v5f60a768	named	com.daml	codegen-java	2025-07-11T09:12:48Z	
2.10.2-snapshot.20250710.13186.0.v5f60a768	named	com.daml	ledger-api-test-tool-1.14	2025-07-11T09:12:49Z	
2.10.2-snapshot.20250710.13186.0.v5f60a768	named	com.daml	codegen-scala-main	2025-07-11T09:12:50Z	
2.10.2-snapshot.20250710.13186.0.v5f60a768	named	com.daml	ledger-api-test-tool	2025-07-11T09:12:50Z	
2.10.2-snapshot.20250710.13186.0.v5f60a768	named	com.daml	ledger-api-test-tool-1.dev	2025-07-11T09:12:51Z	
2.10.2-snapshot.20250710.13186.0.v5f60a768	named	com.daml	ledger-api-test-tool-1.15	2025-07-11T09:12:52Z	
3.4.0-snapshot.20250711.14001.0.v9168c8eb	named	com.daml	codegen-java	2025-07-12T07:41:47Z	
2.10.2-snapshot.20250710.13186.2.v5f60a768	named	com.daml	codegen-java	2025-07-14T15:01:20Z	
2.10.2-snapshot.20250710.13186.2.v5f60a768	named	com.daml	codegen-scala-main	2025-07-14T15:01:20Z	
2.10.2-snapshot.20250710.13186.2.v5f60a768	named	com.daml	ledger-api-test-tool-1.15	2025-07-14T15:01:20Z	
2.10.2-snapshot.20250710.13186.2.v5f60a768	named	com.daml	ledger-api-test-tool	2025-07-14T15:01:21Z	
2.10.2-snapshot.20250710.13186.2.v5f60a768	named	com.daml	ledger-api-test-tool-1.14	2025-07-14T15:01:21Z	
2.10.2-snapshot.20250710.13186.2.v5f60a768	named	com.daml	ledger-api-test-tool-1.dev	2025-07-14T15:01:22Z	
2.10.2-snapshot.20250710.13186.3.v5f60a768	named	com.daml	ledger-api-test-tool-1.14	2025-07-14T17:40:36Z	
2.10.2-snapshot.20250710.13186.3.v5f60a768	named	com.daml	codegen-java	2025-07-14T17:40:37Z	
2.10.2-snapshot.20250710.13186.3.v5f60a768	named	com.daml	ledger-api-test-tool	2025-07-14T17:40:37Z	
2.10.2-snapshot.20250710.13186.3.v5f60a768	named	com.daml	codegen-scala-main	2025-07-14T17:40:38Z	
2.10.2-snapshot.20250710.13186.3.v5f60a768	named	com.daml	ledger-api-test-tool-1.dev	2025-07-14T17:40:38Z	
2.10.2-snapshot.20250710.13186.3.v5f60a768	named	com.daml	ledger-api-test-tool-1.15	2025-07-14T17:40:39Z	
3.4.0-snapshot.20250714.14008.0.vfe77a32d	named	com.daml	codegen-java	2025-07-15T06:19:30Z	
3.4.0-snapshot.20250715.14012.0.v04ee71c5	named	com.daml	codegen-java	2025-07-16T06:23:02Z	
3.4.0-snapshot.20250716.14014.0.v7fa2eea3	named	com.daml	codegen-java	2025-07-17T06:17:31Z	
3.4.0-snapshot.20250717.14015.0.ve8a7b6ff	named	com.daml	codegen-java	2025-07-18T06:22:33Z	
3.4.0-snapshot.20250718.14017.0.va7542a99	named	com.daml	codegen-java	2025-07-19T07:28:17Z	
3.4.0-snapshot.20250722.14022.0.v78837b37	named	com.daml	codegen-java	2025-07-22T06:20:08Z	
3.4.0-snapshot.20250722.14024.0.vc7783343	named	com.daml	codegen-java	2025-07-23T06:28:24Z	
2.10.2	named	com.daml	ledger-api-test-tool	2025-07-23T06:59:59Z	
2.10.2	named	com.daml	ledger-api-test-tool-1.dev	2025-07-23T06:59:59Z	
2.10.2	named	com.daml	codegen-java	2025-07-23T07:00:00Z	
2.10.2	named	com.daml	codegen-scala-main	2025-07-23T07:00:00Z	
2.10.2	named	com.daml	ledger-api-test-tool-1.14	2025-07-23T07:00:00Z	
2.10.2	named	com.daml	ledger-api-test-tool-1.15	2025-07-23T07:00:00Z	
3.4.0-snapshot.20250723.14028.0.v4f1ad72e	named	com.daml	codegen-java	2025-07-24T06:19:49Z	
3.4.0-snapshot.20250724.14032.0.v6c1263f0	named	com.daml	codegen-java	2025-07-25T06:19:54Z	
3.4.0-snapshot.20250728.14035.0.v454f1d10	named	com.daml	codegen-java	2025-07-29T06:36:23Z	
3.4.0-snapshot.20250729.14036.0.v17d7cc56	named	com.daml	codegen-java	2025-07-30T06:20:04Z	
0.1.0	named	org.mpi-sws.jmc	jmc-agent	2025-07-30T08:20:39Z	
0.1.1	named	org.mpi-sws.jmc	jmc-agent	2025-07-30T11:53:49Z	
3.4.0-snapshot.20250730.14042.0.v9209786d	named	com.daml	codegen-java	2025-07-31T06:20:17Z	
3.4.0-snapshot.20250731.14044.0.v9ee36ae7	named	com.daml	codegen-java	2025-08-01T06:17:36Z	
3.4.0-snapshot.20250801.14045.0.vc2bd0678	named	com.daml	codegen-java	2025-08-02T07:32:59Z	
3.4.0-snapshot.20250804.14047.0.v99c652fa	named	com.daml	codegen-java	2025-08-05T06:19:41Z	
3.3.0-snapshot.20250718.13839.0.vd7a65ce6	named	com.daml	codegen-java	2025-08-05T07:33:46Z	
3.4.0-adhoc.20250805.14053.0.v97bb7721	named	com.daml	codegen-java	2025-08-05T16:57:11Z	
3.4.0-adhoc.20250805.14054.0.v9c4c7803	named	com.daml	codegen-java	2025-08-05T17:35:02Z	
3.4.0-snapshot.20250805.14057.0.v9ea47985	named	com.daml	codegen-java	2025-08-06T06:16:31Z	
3.4.0-adhoc.20250806.14057.0.v1c394380	named	com.daml	codegen-java	2025-08-06T09:30:49Z	
3.4.0-adhoc.20250806.14058.0.ve0297d74	named	com.daml	codegen-java	2025-08-06T10:32:44Z	
3.4.0-adhoc.20250806.14059.0.v3dd2d3ca	named	com.daml	codegen-java	2025-08-06T12:39:58Z	
3.4.0-adhoc.20250806.14060.0.v4803b4ab	named	com.daml	codegen-java	2025-08-06T13:32:09Z	
3.4.0-snapshot.20250806.14069.0.v2ba6b8f0	named	com.daml	codegen-java	2025-08-07T06:24:59Z	
3.4.0-adhoc.20250807.14075.0.v1b1edb3b	named	com.daml	codegen-java	2025-08-07T13:56:25Z	
3.4.0-snapshot.20250807.14074.0.vabf52f05	named	com.daml	codegen-java	2025-08-08T06:19:15Z	
3.4.0-snapshot.20250812.14076.0.v53e90bfe	named	com.daml	codegen-java	2025-08-12T06:18:14Z	
3.4.0-snapshot.20250812.14080.0.vf2d5f78b	named	com.daml	codegen-java	2025-08-13T06:18:03Z	
3.4.0-snapshot.20250813.14085.0.v3b00872c	named	com.daml	codegen-java	2025-08-14T06:22:15Z	
3.3.0-snapshot.20250814.13842.0.vc5be9bb3	named	com.daml	codegen-java	2025-08-14T11:48:11Z	
3.4.0-snapshot.20250814.14091.0.v93546bd0	named	com.daml	codegen-java	2025-08-14T13:34:28Z	
3.4.0-snapshot.20250814.14093.0.v3ec12117	named	com.daml	codegen-java	2025-08-15T06:20:59Z	
3.4.0-snapshot.20250815.14096.0.v9f94b352	named	com.daml	codegen-java	2025-08-16T07:36:04Z	
4.0.0-M6	named	org.eclipse.californium	cf-s3-proxy-server	2025-08-19T05:44:42Z	
3.4.0-snapshot.20250818.14100.0.v4e7b99ea	named	com.daml	codegen-java	2025-08-19T06:20:57Z	
3.4.0-snapshot.20250819.14103.0.vc57603ba	named	com.daml	codegen-java	2025-08-20T06:19:02Z	
3.4.0-snapshot.20250820.14106.0.vf14d560d	named	com.daml	codegen-java	2025-08-21T06:20:49Z	
3.4.0-adhoc.20250821.14108.0.v7b2c619b	named	com.daml	codegen-java	2025-08-21T07:36:39Z	
3.4.0-adhoc.20250821.14106.0.va25056e2	named	com.daml	codegen-java	2025-08-21T09:08:34Z	
3.4.0-snapshot.20250821.14114.0.v0f0892f1	named	com.daml	codegen-java	2025-08-21T12:03:13Z	
3.4.0-snapshot.20250821.14117.0.v0f70b520	named	com.daml	codegen-java	2025-08-21T13:24:04Z	
3.4.0-adhoc.20250825.14122.0.v9f9293b0	named	com.daml	codegen-java	2025-08-25T14:23:55Z	
3.4.0-adhoc.20250826.14125.0.va44d6964	named	com.daml	codegen-java	2025-08-26T11:16:28Z	
3.4.0-adhoc.20250827.14132.0.v1ab879d0	named	com.daml	codegen-java	2025-08-27T14:58:39Z	
3.4.0-adhoc.20250828.14144.0.va77a3d96	named	com.daml	codegen-java	2025-08-28T11:53:32Z	
3.50.0	named	org.checkerframework	checker	2025-08-28T18:14:03Z	
3.50.0	named	org.checkerframework	checker-qual	2025-08-28T18:14:04Z	
3.4.0-snapshot.20250828.14149.0.v97b5a3dc	named	com.daml	codegen-java	2025-08-29T06:22:33Z	
3.4.0-snapshot.20250829.14154.0.vb7ea40b2	named	com.daml	codegen-java	2025-08-30T07:38:47Z	
3.4.0-snapshot.20250901.14164.0.va27662f3	named	com.daml	codegen-java	2025-09-02T06:19:24Z	
3.4.0-snapshot.20250902.14169.0.v7de16e0c	named	com.daml	codegen-java	2025-09-03T06:23:23Z	
3.4.0-snapshot.20250903.14173.0.v4cf54bab	named	com.daml	codegen-java	2025-09-04T06:20:05Z	
3.4.0-snapshot.20250904.14175.0.vf7bcb078	named	com.daml	codegen-java	2025-09-04T09:11:19Z	
3.4.0-snapshot.20250904.14179.0.v8db424cc	named	com.daml	codegen-java	2025-09-05T06:22:11Z	
3.4.0-snapshot.20250905.14180.0.v911aea04	named	com.daml	codegen-java	2025-09-05T12:34:09Z	
3.4.0-snapshot.20250905.14182.0.v4bc093c6	named	com.daml	codegen-java	2025-09-06T07:12:02Z	
3.4.0-snapshot.20250908.14185.0.vd91c46d8	named	com.daml	codegen-java	2025-09-08T12:34:17Z	
3.4.0-snapshot.20250908.14186.0.v62791a1e	named	com.daml	codegen-java	2025-09-09T06:21:34Z	
3.4.0-snapshot.20250909.14189.0.v64533d22	named	com.daml	codegen-java	2025-09-10T06:23:48Z	
3.51.0	named	org.checkerframework	checker	2025-09-10T16:59:05Z	
3.51.0	named	org.checkerframework	checker-qual	2025-09-10T16:59:05Z	
3.4.0-snapshot.20250910.14190.0.vfd26e4fc	named	com.daml	codegen-java	2025-09-11T06:23:26Z	
3.4.0-snapshot.20250911.14195.0.ve9e51e7f	named	com.daml	codegen-java	2025-09-12T06:23:59Z	
3.4.0-snapshot.20250912.14196.0.v0a56b042	named	com.daml	codegen-java	2025-09-12T09:57:30Z	
3.4.0-snapshot.20250912.14199.0.v4563f7cb	named	com.daml	codegen-java	2025-09-13T06:59:14Z	
3.4.0-snapshot.20250914.14200.0.v4c1522f4	named	com.daml	codegen-java	2025-09-15T06:22:25Z	
3.4.0-snapshot.20250916.14204.0.vac2a0b94	named	com.daml	codegen-java	2025-09-17T06:25:59Z	
3.4.0-snapshot.20250917.14207.0.ve38b890f	named	com.daml	codegen-java	2025-09-18T06:27:13Z	
3.4.0-snapshot.20250918.14208.0.v2b46d47f	named	com.daml	codegen-java	2025-09-19T06:23:43Z	
3.4.0-snapshot.20250919.14213.0.vfa842949	named	com.daml	codegen-java	2025-09-20T07:02:34Z	
3.4.0-snapshot.20250922.14214.0.v1f5ae33c	named	com.daml	codegen-java	2025-09-23T06:23:51Z	
3.4.0-snapshot.20250923.14220.0.v0c3121ba	named	com.daml	codegen-java	2025-09-24T06:32:35Z	
3.4.0-snapshot.20250924.14225.0.v7e1fa417	named	com.daml	codegen-java	2025-09-25T06:24:15Z	
3.4.0-snapshot.20250925.14227.0.v1f81f9a1	named	com.daml	codegen-java	2025-09-26T06:21:15Z	
3.4.0-snapshot.20250926.14232.0.v4c4cbe01	named	com.daml	codegen-java	2025-09-27T07:14:45Z	
3.3.0-snapshot.20250926.13852.1.v4f3223e3	named	com.daml	codegen-java	2025-09-27T13:25:29Z	
3.4.0-snapshot.20250927.14233.0.vc83e8c5d	named	com.daml	codegen-java	2025-09-28T07:33:05Z	
3.4.0-snapshot.20250929.14236.0.va64f662c	named	com.daml	codegen-java	2025-09-30T06:27:04Z	
3.4.0-snapshot.20250930.14243.0.v79499b7a	named	com.daml	codegen-java	2025-10-01T06:22:49Z	
3.4.0-snapshot.20251001.14245.0.v20f88882	named	com.daml	codegen-java	2025-10-01T11:23:07Z	
3.51.1	named	org.checkerframework	checker	2025-10-01T18:45:56Z	
3.51.1	named	org.checkerframework	checker-qual	2025-10-01T18:45:56Z	
3.4.0-snapshot.20251001.14250.0.v9df5868e	named	com.daml	codegen-java	2025-10-02T06:21:55Z	
3.4.0-snapshot.20251002.14252.0.v9bd7e7ad	named	com.daml	codegen-java	2025-10-02T12:24:33Z	
3.4.0-snapshot.20251002.14257.0.v82bc4310	named	com.daml	codegen-java	2025-10-03T06:21:07Z	
3.4.0-snapshot.20251003.14261.0.v856f6a28	named	com.daml	codegen-java	2025-10-04T07:06:14Z	
3.4.0-snapshot.20251006.14264.0.v983f712d	named	com.daml	codegen-java	2025-10-07T06:22:46Z	
3.4.0-snapshot.20251007.14269.0.veaedd4de	named	com.daml	codegen-java	2025-10-07T15:12:35Z	
3.4.0-snapshot.20251007.14274.0.ve2024cd6	named	com.daml	codegen-java	2025-10-08T06:20:55Z	
3.4.0-snapshot.20251008.14280.0.v3c13a48f	named	com.daml	codegen-java	2025-10-09T06:21:30Z	
3.4.0-snapshot.20251009.14283.0.ve7c30885	named	com.daml	codegen-java	2025-10-09T11:16:15Z	
3.4.0-snapshot.20251009.14288.0.v4c6ab7b9	named	com.daml	codegen-java	2025-10-10T06:23:26Z	
3.4.0-snapshot.20251010.14292.0.va416ad59	named	com.daml	codegen-java	2025-10-10T15:03:23Z	
3.4.0-snapshot.20251010.14294.0.v8ec6cc19	named	com.daml	codegen-java	2025-10-11T06:49:21Z	
3.4.0-snapshot.20251013.14297.0.v758f21e2	named	com.daml	codegen-java	2025-10-13T13:48:10Z	
3.4.0-snapshot.20251013.14300.0.v8c277c29	named	com.daml	codegen-java	2025-10-13T16:25:01Z	
3.4.0-snapshot.20251013.14305.0.v93a220d8	named	com.daml	codegen-java	2025-10-13T18:57:23Z	
3.4.0-snapshot.20251013.14309.0.v65e95a99	named	com.daml	codegen-java	2025-10-14T06:23:53Z	
3.5.0-snapshot.20251014.14313.0.v046029d9	named	com.daml	codegen-java	2025-10-14T12:10:45Z	
3.4.0-snapshot.20251014.14318.0.v21c360ce	named	com.daml	codegen-java	2025-10-15T06:19:04Z	
3.4.0-snapshot.20251015.14325.0.ve3cf1421	named	com.daml	codegen-java	2025-10-16T06:22:35Z	
3.4.0-snapshot.20251016.14332.0.vff0c54f6	named	com.daml	codegen-java	2025-10-16T11:50:19Z	
3.5.0-snapshot.20251016.14332.0.vff0c54f6	named	com.daml	codegen-java	2025-10-16T12:04:03Z	
3.5.0-snapshot.20251016.14337.0.v0057c8bc	named	com.daml	codegen-java	2025-10-17T06:30:46Z	
3.5.0-snapshot.20251017.14339.0.v15099f7b	named	com.daml	codegen-java	2025-10-18T07:08:40Z	
3.4.0-snapshot.20251020.14338.0.v0c8ae53c	named	com.daml	codegen-java	2025-10-20T13:10:10Z	
3.5.0-snapshot.20251020.14344.0.vac465d36	named	com.daml	codegen-java	2025-10-21T06:22:12Z	
3.5.0-snapshot.20251021.14349.0.vd85751df	named	com.daml	codegen-java	2025-10-22T06:22:40Z	
3.4.0-snapshot.20251022.14344.0.v4acf13f9	named	com.daml	codegen-java	2025-10-22T11:48:47Z	
3.5.0-snapshot.20251022.14355.0.va584152e	named	com.daml	codegen-java	2025-10-23T06:22:59Z	
3.5.0-snapshot.20251023.14359.0.v1bee8c83	named	com.daml	codegen-java	2025-10-24T06:17:23Z	
3.5.0-snapshot.20251024.14362.0.v380c071d	named	com.daml	codegen-java	2025-10-24T11:12:46Z	
3.5.0-snapshot.20251024.14363.0.v0ebb8922	named	com.daml	codegen-java	2025-10-24T13:15:10Z	
3.3.0-snapshot.20251023.13853.0.vc9514b1a	named	com.daml	codegen-java	2025-10-24T15:53:00Z	
3.5.0-snapshot.20251024.14367.0.v6d15c990	named	com.daml	codegen-java	2025-10-25T07:12:06Z	
3.5.0-snapshot.20251026.14368.0.v5ae3e155	named	com.daml	codegen-java	2025-10-27T06:24:46Z	
3.5.0-snapshot.20251027.14374.0.v7e9c549b	named	com.daml	codegen-java	2025-10-28T06:21:57Z	
3.5.0-snapshot.20251028.14378.0.v3011ac50	named	com.daml	codegen-java	2025-10-29T06:26:03Z	
3.5.0-snapshot.20251029.14381.0.va2620d77	named	com.daml	codegen-java	2025-10-30T06:22:26Z	
3.5.0-snapshot.20251030.14386.0.vce1b5a7c	named	com.daml	codegen-java	2025-10-31T06:23:09Z	
3.4.1-snapshot.20251031.14356.0.v3d851107	named	com.daml	codegen-java	2025-10-31T11:10:09Z	
3.3.0-snapshot.20251031.13854.0.vbfca5440	named	com.daml	codegen-java	2025-10-31T16:19:27Z	
3.5.0-snapshot.20251031.14389.0.v5b24a1ba	named	com.daml	codegen-java	2025-11-01T06:54:15Z	
3.4.3-snapshot.20251103.14358.0.v4a0cdbea	named	com.daml	codegen-java	2025-11-03T21:38:03Z	
3.5.0-snapshot.20251103.14396.0.vd651ae0e	named	com.daml	codegen-java	2025-11-04T06:21:05Z	
3.52.0	named	org.checkerframework	checker-qual	2025-11-04T17:10:43Z	
3.52.0	named	org.checkerframework	checker	2025-11-04T17:10:44Z	
3.5.0-snapshot.20251104.14399.0.v4804553e	named	com.daml	codegen-java	2025-11-05T06:20:39Z	
3.4.4	named	com.daml	codegen-java	2025-11-05T08:15:42Z	
3.5.0-snapshot.20251105.14402.0.va4be5eea	named	com.daml	codegen-java	2025-11-06T06:24:19Z	
3.5.0-snapshot.20251106.14407.0.v69ff7d7a	named	com.daml	codegen-java	2025-11-07T06:22:00Z	
2.10.3-adhoc.20251106.13192.0.ve4212315	named	com.daml	ledger-api-test-tool-1.14	2025-11-07T12:24:15Z	
2.10.3-adhoc.20251106.13192.0.ve4212315	named	com.daml	ledger-api-test-tool-1.dev	2025-11-07T12:24:15Z	
2.10.3-adhoc.20251106.13192.0.ve4212315	named	com.daml	codegen-java	2025-11-07T12:24:16Z	
2.10.3-adhoc.20251106.13192.0.ve4212315	named	com.daml	codegen-scala-main	2025-11-07T12:24:18Z	
2.10.3-adhoc.20251106.13192.0.ve4212315	named	com.daml	ledger-api-test-tool	2025-11-07T12:24:18Z	
2.10.3-adhoc.20251106.13192.0.ve4212315	named	com.daml	ledger-api-test-tool-1.15	2025-11-07T12:24:19Z	
3.5.0-snapshot.20251107.14409.0.vce1523c9	named	com.daml	codegen-java	2025-11-08T07:38:04Z	
3.5.0-snapshot.20251108.14410.0.v934f683f	named	com.daml	codegen-java	2025-11-09T07:51:25Z	
3.5.0-snapshot.20251109.14411.0.vc6f4c057	named	com.daml	codegen-java	2025-11-10T06:22:43Z	
1.2.1	named	io.github.mscheong01	protoc-gen-krotoDC	2025-11-10T10:24:39Z	
3.5.0-snapshot.20251110.14414.0.vfe13e239	named	com.daml	codegen-java	2025-11-11T06:22:52Z	
3.5.0-snapshot.20251111.14422.0.v53c64200	named	com.daml	codegen-java	2025-11-11T20:09:49Z	
3.5.0-snapshot.20251111.14423.0.v3a151533	named	com.daml	codegen-java	2025-11-12T06:27:13Z	
3.5.0-snapshot.20251112.14424.0.v8193d211	named	com.daml	codegen-java	2025-11-12T08:16:57Z	
3.5.0-snapshot.20251112.14428.0.vbdd8d537	named	com.daml	codegen-java	2025-11-13T06:23:01Z	
3.5.0-snapshot.20251113.14431.0.vd65c02ba	named	com.daml	codegen-java	2025-11-14T06:23:04Z	
3.4.8	named	com.daml	codegen-java	2025-11-14T16:27:05Z	
3.5.0-snapshot.20251114.14433.0.vfa69db5c	named	com.daml	codegen-java	2025-11-15T07:10:43Z	
3.5.0-snapshot.20251117.14438.0.vedfbd5aa	named	com.daml	codegen-java	2025-11-18T06:25:08Z	
3.5.0-snapshot.20251118.14441.0.v3c656e06	named	com.daml	codegen-java	2025-11-19T06:30:37Z	
2.10.3-adhoc.20251118.13194.0.veae7a6af	named	com.daml	ledger-api-test-tool-1.14	2025-11-19T11:16:42Z	
2.10.3-adhoc.20251118.13194.0.veae7a6af	named	com.daml	ledger-api-test-tool-1.15	2025-11-19T11:16:42Z	
2.10.3-adhoc.20251118.13194.0.veae7a6af	named	com.daml	ledger-api-test-tool-1.dev	2025-11-19T11:16:43Z	
2.10.3-adhoc.20251118.13194.0.veae7a6af	named	com.daml	codegen-java	2025-11-19T11:16:44Z	
2.10.3-adhoc.20251118.13194.0.veae7a6af	named	com.daml	codegen-scala-main	2025-11-19T11:16:44Z	
2.10.3-adhoc.20251118.13194.0.veae7a6af	named	com.daml	ledger-api-test-tool	2025-11-19T11:16:44Z	
3.5.0-snapshot.20251119.14444.0.v099e86f1	named	com.daml	codegen-java	2025-11-20T06:23:39Z	
3.5.0-snapshot.20251120.14445.0.vf140b6df	named	com.daml	codegen-java	2025-11-21T06:21:54Z	
3.5.0-snapshot.20251121.14446.0.vb91b8238	named	com.daml	codegen-java	2025-11-22T07:03:41Z	
3.5.0-snapshot.20251124.14449.0.v9fdc89a3	named	com.daml	codegen-java	2025-11-25T06:22:41Z	
3.5.0-snapshot.20251125.14454.0.v5dc07948	named	com.daml	codegen-java	2025-11-26T06:22:30Z	
3.5.0-snapshot.20251126.14459.0.vc82edd5c	named	com.daml	codegen-java	2025-11-27T14:28:54Z	
3.5.0-snapshot.20251127.14461.0.veae2cb7f	named	com.daml	codegen-java	2025-11-28T06:21:33Z	
3.4.9	named	com.daml	codegen-java	2025-11-28T15:54:02Z	
2.10.3-snapshot.20251127.13192.0.v740ebeac	named	com.daml	ledger-api-test-tool-1.14	2025-11-28T16:26:53Z	
2.10.3-snapshot.20251127.13192.0.v740ebeac	named	com.daml	ledger-api-test-tool-1.dev	2025-11-28T16:26:54Z	
2.10.3-snapshot.20251127.13192.0.v740ebeac	named	com.daml	codegen-scala-main	2025-11-28T16:26:55Z	
2.10.3-snapshot.20251127.13192.0.v740ebeac	named	com.daml	ledger-api-test-tool	2025-11-28T16:26:55Z	
2.10.3-snapshot.20251127.13192.0.v740ebeac	named	com.daml	codegen-java	2025-11-28T16:26:56Z	
2.10.3-snapshot.20251127.13192.0.v740ebeac	named	com.daml	ledger-api-test-tool-1.15	2025-11-28T16:26:56Z	
3.5.0-snapshot.20251128.14465.0.vc4171143	named	com.daml	codegen-java	2025-11-30T07:53:59Z	
3.5.0-snapshot.20251130.14466.0.vf4a9ed47	named	com.daml	codegen-java	2025-12-01T06:43:51Z	
3.5.0-snapshot.20251201.14467.0.v28d4fc3e	named	com.daml	codegen-java	2025-12-02T06:21:35Z	
3.5.0-adhoc.20251202.14472.0.v7f863212	named	com.daml	codegen-java	2025-12-02T17:12:23Z	
3.5.0-adhoc.20251202.14472.0.v7f863212	named	com.daml	codegen-js	2025-12-02T17:12:23Z	
3.52.1	named	org.checkerframework	checker	2025-12-02T20:32:11Z	
3.52.1	named	org.checkerframework	checker-qual	2025-12-02T20:32:11Z	
3.5.0-snapshot.20251202.14473.0.v9ef81f62	named	com.daml	codegen-js	2025-12-03T06:22:13Z	
3.5.0-snapshot.20251202.14473.0.v9ef81f62	named	com.daml	codegen-java	2025-12-03T06:22:14Z	
3.5.0-snapshot.20251203.14481.0.v755b883c	named	com.daml	codegen-java	2025-12-04T06:21:06Z	
3.5.0-snapshot.20251203.14481.0.v755b883c	named	com.daml	codegen-js	2025-12-04T06:21:06Z	
3.5.0-adhoc.20251203.14480.1.vbacd9e7c	named	com.daml	codegen-java	2025-12-04T10:54:35Z	
3.5.0-adhoc.20251203.14480.1.vbacd9e7c	named	com.daml	codegen-js	2025-12-04T10:54:35Z	
3.5.0-adhoc.20251204.14482.0.v9dfcedce	named	com.daml	codegen-java	2025-12-04T14:51:04Z	
3.5.0-adhoc.20251204.14482.0.v9dfcedce	named	com.daml	codegen-js	2025-12-04T14:51:05Z	
2.10.3-adhoc.20251203.13193.0.v97fd77ff	named	com.daml	ledger-api-test-tool-1.15	2025-12-04T16:30:32Z	
2.10.3-adhoc.20251203.13193.0.v97fd77ff	named	com.daml	ledger-api-test-tool-1.dev	2025-12-04T16:30:33Z	
2.10.3-adhoc.20251203.13193.0.v97fd77ff	named	com.daml	codegen-java	2025-12-04T16:30:34Z	
2.10.3-adhoc.20251203.13193.0.v97fd77ff	named	com.daml	codegen-scala-main	2025-12-04T16:30:34Z	
2.10.3-adhoc.20251203.13193.0.v97fd77ff	named	com.daml	ledger-api-test-tool	2025-12-04T16:30:34Z	
2.10.3-adhoc.20251203.13193.0.v97fd77ff	named	com.daml	ledger-api-test-tool-1.14	2025-12-04T16:30:34Z	
3.5.0-snapshot.20251204.14484.0.vd70ddb38	named	com.daml	codegen-java	2025-12-05T06:19:03Z	
3.5.0-snapshot.20251204.14484.0.vd70ddb38	named	com.daml	codegen-js	2025-12-05T06:19:04Z	
3.5.0-snapshot.20251205.14486.0.vcddd3ffb	named	com.daml	codegen-js	2025-12-05T09:51:22Z	
3.5.0-snapshot.20251205.14486.0.vcddd3ffb	named	com.daml	codegen-java	2025-12-05T09:51:23Z	
3.5.0-snapshot.20251207.14487.0.v0f114235	named	com.daml	codegen-js	2025-12-08T06:20:48Z	
3.5.0-snapshot.20251207.14487.0.v0f114235	named	com.daml	codegen-java	2025-12-08T06:20:49Z	
2.10.3-snapshot.20251208.13193.0.v87a05e21	named	com.daml	codegen-java	2025-12-08T12:43:11Z	
2.10.3-snapshot.20251208.13193.0.v87a05e21	named	com.daml	codegen-scala-main	2025-12-08T12:43:12Z	
2.10.3-snapshot.20251208.13193.0.v87a05e21	named	com.daml	ledger-api-test-tool	2025-12-08T12:43:12Z	
2.10.3-snapshot.20251208.13193.0.v87a05e21	named	com.daml	ledger-api-test-tool-1.14	2025-12-08T12:43:12Z	
2.10.3-snapshot.20251208.13193.0.v87a05e21	named	com.daml	ledger-api-test-tool-1.15	2025-12-08T12:43:13Z	
2.10.3-snapshot.20251208.13193.0.v87a05e21	named	com.daml	ledger-api-test-tool-1.dev	2025-12-08T12:43:13Z	
3.5.0-snapshot.20251208.14492.0.vff610764	named	com.daml	codegen-java	2025-12-09T06:21:13Z	
3.5.0-snapshot.20251208.14492.0.vff610764	named	com.daml	codegen-js	2025-12-09T06:21:13Z	
3.5.0-snapshot.20251209.14496.0.v30be9e53	named	com.daml	codegen-java	2025-12-10T06:28:12Z	
3.5.0-snapshot.20251209.14496.0.v30be9e53	named	com.daml	codegen-js	2025-12-10T06:28:12Z	
3.4.10-snapshot.20251208.14371.0.vc89ce023	named	com.daml	codegen-java	2025-12-10T14:39:58Z	
3.5.0-adhoc.20251210.14510.0.v2b086024	named	com.daml	codegen-java	2025-12-10T16:11:49Z	
3.5.0-adhoc.20251210.14510.0.v2b086024	named	com.daml	codegen-js	2025-12-10T16:11:49Z	
3.5.0-adhoc.20251210.14511.0.vded485ee	named	com.daml	codegen-js	2025-12-10T17:28:47Z	
3.5.0-adhoc.20251210.14511.0.vded485ee	named	com.daml	codegen-java	2025-12-10T17:28:48Z	
3.4.10-snapshot.20251208.14371.1.vc89ce023	named	com.daml	codegen-java	2025-12-10T18:18:58Z	
3.5.0-adhoc.20251210.14512.0.v69f56b39	named	com.daml	codegen-java	2025-12-10T19:06:44Z	
3.5.0-adhoc.20251210.14512.0.v69f56b39	named	com.daml	codegen-js	2025-12-10T19:06:45Z	
3.4.10-snapshot.20251210.14372.0.v29f7da9c	named	com.daml	codegen-java	2025-12-10T23:49:03Z	
3.5.0-snapshot.20251210.14500.0.ve42620ed	named	com.daml	codegen-js	2025-12-11T06:23:40Z	
3.5.0-snapshot.20251210.14500.0.ve42620ed	named	com.daml	codegen-java	2025-12-11T06:23:41Z	
3.5.0-adhoc.20251211.14502.0.v4c63279c	named	com.daml	codegen-js	2025-12-11T10:21:05Z	
3.5.0-adhoc.20251211.14502.0.v4c63279c	named	com.daml	codegen-java	2025-12-11T10:21:06Z	
3.5.0-adhoc.20251211.14503.0.vab79cffd	named	com.daml	codegen-java	2025-12-11T11:36:14Z	
3.5.0-adhoc.20251211.14503.0.vab79cffd	named	com.daml	codegen-js	2025-12-11T11:36:15Z	
3.5.0-snapshot.20251211.14505.0.v42b9d084	named	com.daml	codegen-java	2025-12-14T07:45:37Z	
3.5.0-snapshot.20251211.14505.0.v42b9d084	named	com.daml	codegen-js	2025-12-14T07:45:37Z	
3.5.0-snapshot.20251215.14512.0.v98a3bf71	named	com.daml	codegen-js	2025-12-16T06:25:08Z	
3.5.0-snapshot.20251215.14512.0.v98a3bf71	named	com.daml	codegen-java	2025-12-16T06:25:09Z	
3.5.0-adhoc.20251217.14571.0.veb422b90	named	com.daml	codegen-java	2025-12-17T05:35:43Z	
3.5.0-adhoc.20251217.14571.0.veb422b90	named	com.daml	codegen-js	2025-12-17T05:35:44Z	
3.5.0-snapshot.20251216.14516.0.v6b666623	named	com.daml	codegen-java	2025-12-17T06:26:04Z	
3.5.0-snapshot.20251216.14516.0.v6b666623	named	com.daml	codegen-js	2025-12-17T06:26:04Z	
3.5.0-snapshot.20251217.14518.0.v4a580f03	named	com.daml	codegen-java	2025-12-18T06:23:53Z	
3.5.0-snapshot.20251217.14518.0.v4a580f03	named	com.daml	codegen-js	2025-12-18T06:23:53Z	
3.5.0-snapshot.20251218.14522.0.v286ed83e	named	com.daml	codegen-java	2025-12-18T16:43:12Z	
3.5.0-snapshot.20251218.14522.0.v286ed83e	named	com.daml	codegen-js	2025-12-18T16:43:12Z	
3.4.10-adhoc.20251218.14376.0.v59aba798	named	com.daml	codegen-java	2025-12-18T21:37:05Z	
3.5.0-snapshot.20251219.14523.0.ve6110ab8	named	com.daml	codegen-java	2025-12-19T15:11:36Z	
3.5.0-snapshot.20251219.14523.0.ve6110ab8	named	com.daml	codegen-js	2025-12-19T15:11:36Z	
2.10.3	named	com.daml	codegen-java	2025-12-19T18:15:54Z	
2.10.3	named	com.daml	codegen-scala-main	2025-12-19T18:15:54Z	
2.10.3	named	com.daml	ledger-api-test-tool-1.14	2025-12-19T18:15:54Z	
2.10.3	named	com.daml	ledger-api-test-tool	2025-12-19T18:15:55Z	
2.10.3	named	com.daml	ledger-api-test-tool-1.15	2025-12-19T18:15:56Z	
2.10.3	named	com.daml	ledger-api-test-tool-1.dev	2025-12-19T18:15:56Z	
3.5.0-snapshot.20251219.14524.0.v9c98299c	named	com.daml	codegen-java	2025-12-20T06:32:27Z	
3.5.0-snapshot.20251219.14524.0.v9c98299c	named	com.daml	codegen-js	2025-12-20T06:32:27Z	
3.5.0-snapshot.20260105.14526.0.v0c63dd30	named	com.daml	codegen-java	2026-01-06T06:21:42Z	
3.5.0-snapshot.20260105.14526.0.v0c63dd30	named	com.daml	codegen-js	2026-01-06T06:21:43Z	
3.53.0	named	org.checkerframework	checker	2026-01-06T19:39:15Z	
3.53.0	named	org.checkerframework	checker-qual	2026-01-06T19:39:15Z	
3.5.0-snapshot.20260106.14533.0.v2ae8bc85	named	com.daml	codegen-java	2026-01-07T06:21:12Z	
3.5.0-snapshot.20260106.14533.0.v2ae8bc85	named	com.daml	codegen-js	2026-01-07T06:21:12Z	
3.4.10	named	com.daml	codegen-java	2026-01-07T14:42:38Z	
1.9.0	named	io.boxlang	boxlang-compiler-java	2026-01-08T22:39:59Z	
3.5.0-snapshot.20260108.14534.0.vc8a0078c	named	com.daml	codegen-java	2026-01-09T06:21:41Z	
3.5.0-snapshot.20260108.14534.0.vc8a0078c	named	com.daml	codegen-js	2026-01-09T06:21:42Z	
1.26.3	named	io.joynr.java.core	clustercontroller-standalone	2026-01-13T08:43:02Z	
3.5.0-snapshot.20260114.14536.0.vde30c000	named	com.daml	codegen-java	2026-01-14T06:22:15Z	
3.5.0-snapshot.20260114.14536.0.vde30c000	named	com.daml	codegen-jvm-main	2026-01-14T06:22:15Z	
3.5.0-snapshot.20260114.14536.0.vde30c000	named	com.daml	codegen-js	2026-01-14T06:22:16Z	
1.26.4	named	io.joynr.java.core	clustercontroller-standalone	2026-01-14T13:37:54Z	
3.5.0-snapshot.20260114.14537.0.v0dedcd1a	named	com.daml	codegen-jvm-main	2026-01-15T06:20:01Z	
3.5.0-snapshot.20260114.14537.0.v0dedcd1a	named	com.daml	codegen-java	2026-01-15T06:20:02Z	
3.5.0-snapshot.20260114.14537.0.v0dedcd1a	named	com.daml	codegen-js	2026-01-15T06:20:02Z	
3.4.11-snapshot.20260114.14381.0.va4e7d401	named	com.daml	codegen-java	2026-01-16T10:02:35Z	
3.5.0-snapshot.20260116.14539.0.vcc314344	named	com.daml	codegen-java	2026-01-17T07:41:19Z	
3.5.0-snapshot.20260116.14539.0.vcc314344	named	com.daml	codegen-js	2026-01-17T07:41:19Z	
3.5.0-snapshot.20260116.14539.0.vcc314344	named	com.daml	codegen-jvm-main	2026-01-17T07:41:19Z	
3.5.0-snapshot.20260119.14541.0.v2122bfdc	named	com.daml	codegen-java	2026-01-20T06:21:20Z	
3.5.0-snapshot.20260119.14541.0.v2122bfdc	named	com.daml	codegen-jvm-main	2026-01-20T06:21:21Z	
3.5.0-snapshot.20260119.14541.0.v2122bfdc	named	com.daml	codegen-js	2026-01-20T06:21:22Z	
2.10.4-adhoc.20260116.13196.0.v90c5f04e	named	com.daml	ledger-api-test-tool-1.14	2026-01-20T12:26:47Z	
2.10.4-adhoc.20260116.13196.0.v90c5f04e	named	com.daml	ledger-api-test-tool-1.15	2026-01-20T12:26:47Z	
2.10.4-adhoc.20260116.13196.0.v90c5f04e	named	com.daml	ledger-api-test-tool-1.dev	2026-01-20T12:26:48Z	
2.10.4-adhoc.20260116.13196.0.v90c5f04e	named	com.daml	codegen-scala-main	2026-01-20T12:26:49Z	
2.10.4-adhoc.20260116.13196.0.v90c5f04e	named	com.daml	ledger-api-test-tool	2026-01-20T12:26:49Z	
2.10.4-adhoc.20260116.13196.0.v90c5f04e	named	com.daml	codegen-java	2026-01-20T12:26:50Z	
3.5.0-snapshot.20260122.14543.0.vf497a827	named	com.daml	codegen-java	2026-01-23T06:21:49Z	
3.5.0-snapshot.20260122.14543.0.vf497a827	named	com.daml	codegen-js	2026-01-23T06:21:49Z	
3.5.0-snapshot.20260122.14543.0.vf497a827	named	com.daml	codegen-jvm-main	2026-01-23T06:21:50Z	
2.10.4-adhoc.20260123.13197.0.v14ee80db	named	com.daml	codegen-java	2026-01-23T13:41:34Z	
2.10.4-adhoc.20260123.13197.0.v14ee80db	named	com.daml	codegen-scala-main	2026-01-23T13:41:34Z	
2.10.4-adhoc.20260123.13197.0.v14ee80db	named	com.daml	ledger-api-test-tool-1.15	2026-01-23T13:41:34Z	
2.10.4-adhoc.20260123.13197.0.v14ee80db	named	com.daml	ledger-api-test-tool-1.dev	2026-01-23T13:41:35Z	
2.10.4-adhoc.20260123.13197.0.v14ee80db	named	com.daml	ledger-api-test-tool	2026-01-23T13:41:36Z	
2.10.4-adhoc.20260123.13197.0.v14ee80db	named	com.daml	ledger-api-test-tool-1.14	2026-01-23T13:41:37Z	
3.5.0-snapshot.20260123.14544.0.v66b2ec69	named	com.daml	codegen-java	2026-01-24T07:00:15Z	
3.5.0-snapshot.20260123.14544.0.v66b2ec69	named	com.daml	codegen-js	2026-01-24T07:00:15Z	
3.5.0-snapshot.20260123.14544.0.v66b2ec69	named	com.daml	codegen-jvm-main	2026-01-24T07:00:16Z	
3.5.0-snapshot.20260126.14546.0.v56f3ea58	named	com.daml	codegen-java	2026-01-27T06:24:05Z	
3.5.0-snapshot.20260126.14546.0.v56f3ea58	named	com.daml	codegen-js	2026-01-27T06:24:05Z	
3.5.0-snapshot.20260126.14546.0.v56f3ea58	named	com.daml	codegen-jvm-main	2026-01-27T06:24:06Z	
3.4.11-snapshot.20260126.14382.0.v14430a1f	named	com.daml	codegen-java	2026-01-27T09:03:16Z	
3.5.0-snapshot.20260127.14547.0.v5f754737	named	com.daml	codegen-java	2026-01-28T06:21:34Z	
3.5.0-snapshot.20260127.14547.0.v5f754737	named	com.daml	codegen-jvm-main	2026-01-28T06:21:34Z	
3.5.0-snapshot.20260127.14547.0.v5f754737	named	com.daml	codegen-js	2026-01-28T06:21:35Z	
2.10.4-snapshot.20260128.13197.0.vb0ccfc0a	named	com.daml	codegen-java	2026-01-28T16:58:20Z	
2.10.4-snapshot.20260128.13197.0.vb0ccfc0a	named	com.daml	ledger-api-test-tool-1.14	2026-01-28T16:58:22Z	
2.10.4-snapshot.20260128.13197.0.vb0ccfc0a	named	com.daml	ledger-api-test-tool-1.dev	2026-01-28T16:58:22Z	
2.10.4-snapshot.20260128.13197.0.vb0ccfc0a	named	com.daml	ledger-api-test-tool	2026-01-28T16:58:23Z	
2.10.4-snapshot.20260128.13197.0.vb0ccfc0a	named	com.daml	ledger-api-test-tool-1.15	2026-01-28T16:58:23Z	
2.10.4-snapshot.20260128.13197.0.vb0ccfc0a	named	com.daml	codegen-scala-main	2026-01-28T16:58:24Z	
3.5.0-snapshot.20260128.14548.0.v80a85b5d	named	com.daml	codegen-java	2026-01-29T06:25:37Z	
3.5.0-snapshot.20260128.14548.0.v80a85b5d	named	com.daml	codegen-js	2026-01-29T06:25:37Z	
3.5.0-snapshot.20260128.14548.0.v80a85b5d	named	com.daml	codegen-jvm-main	2026-01-29T06:25:38Z	
1.2.0	named	org.orbisgis.geoclimate	geoclimate	2026-01-29T16:33:01Z	
18.5	named	org.opencastproject	opencast-db	2026-01-29T20:54:46Z	
3.5.0-snapshot.20260129.14552.0.vde6ce796	named	com.daml	codegen-java	2026-01-30T06:22:39Z	
3.5.0-snapshot.20260129.14552.0.vde6ce796	named	com.daml	codegen-js	2026-01-30T06:22:39Z	
3.5.0-snapshot.20260129.14552.0.vde6ce796	named	com.daml	codegen-jvm-main	2026-01-30T06:22:40Z	
1.10.0	named	io.boxlang	boxlang-compiler-java	2026-02-02T18:02:52Z	
3.53.1	named	org.checkerframework	checker	2026-02-02T20:22:31Z	
3.53.1	named	org.checkerframework	checker-qual	2026-02-02T20:22:31Z	
3.5.0-snapshot.20260202.14553.0.v60e0e5d2	named	com.daml	codegen-java	2026-02-03T06:22:13Z	
3.5.0-snapshot.20260202.14553.0.v60e0e5d2	named	com.daml	codegen-js	2026-02-03T06:22:13Z	
3.5.0-snapshot.20260202.14553.0.v60e0e5d2	named	com.daml	codegen-jvm-main	2026-02-03T06:22:13Z	
1.10.1	named	io.boxlang	boxlang-compiler-java	2026-02-04T11:35:17Z	
3.4.11-snapshot.20260211.14385.0.vee102b04	named	com.daml	codegen-java	2026-02-11T12:42:56Z	
3.4.11	named	com.daml	codegen-java	2026-02-12T14:41:30Z	
3.54.0	named	org.checkerframework	checker	2026-03-02T20:48:51Z	
3.54.0	named	org.checkerframework	checker-qual	2026-03-02T20:48:51Z	
1.11.0	named	io.boxlang	boxlang-compiler-java	2026-03-04T12:19:47Z	
0.19.0-870-1	named	org.jetbrains.kotlinx	kotlin-jupyter-kernel-shadowed	2026-03-04T19:09:43Z	
0.19.0-880-1	named	org.jetbrains.kotlinx	kotlin-jupyter-kernel-shadowed	2026-03-06T12:21:30Z	
0.10.0	named	org.eclipse.hawkbit	hawkbit-repository-jpa-init	2026-03-09T13:30:01Z	
2.10.4-snapshot.20260217.13199.0.v826b3fa7	named	com.daml	ledger-api-test-tool-1.14	2026-03-25T19:48:10Z	
2.10.4-snapshot.20260217.13199.0.v826b3fa7	named	com.daml	ledger-api-test-tool	2026-03-25T19:48:11Z	
2.10.4-snapshot.20260217.13199.0.v826b3fa7	named	com.daml	ledger-api-test-tool-1.15	2026-03-25T19:48:11Z	
2.10.4-snapshot.20260217.13199.0.v826b3fa7	named	com.daml	codegen-java	2026-03-25T19:48:12Z	
2.10.4-snapshot.20260217.13199.0.v826b3fa7	named	com.daml	codegen-scala-main	2026-03-25T19:48:12Z	
2.10.4-snapshot.20260217.13199.0.v826b3fa7	named	com.daml	ledger-api-test-tool-1.dev	2026-03-25T19:48:12Z	
2.10.4	named	com.daml	codegen-scala-main	2026-03-26T15:11:40Z	
2.10.4	named	com.daml	ledger-api-test-tool	2026-03-26T15:11:40Z	
2.10.4	named	com.daml	ledger-api-test-tool-1.14	2026-03-26T15:11:40Z	
2.10.4	named	com.daml	ledger-api-test-tool-1.15	2026-03-26T15:11:42Z	
2.10.4	named	com.daml	codegen-java	2026-03-26T15:11:43Z	
2.10.4	named	com.daml	ledger-api-test-tool-1.dev	2026-03-26T15:11:43Z	
3.54.1	named	org.checkerframework	checker	2026-04-02T16:38:20Z	
3.54.1	named	org.checkerframework	checker-qual	2026-04-02T16:38:20Z	
3.55.1	named	org.checkerframework	checker	2026-04-03T21:21:23Z	
3.55.1	named	org.checkerframework	checker-qual	2026-04-03T21:21:23Z	
4.0.0	named	org.checkerframework	checker	2026-04-07T22:51:23Z	
4.0.0	named	org.checkerframework	checker-qual	2026-04-07T22:51:23Z	
1.12.0	named	io.boxlang	boxlang-compiler-java	2026-04-08T10:36:43Z	
2.10.4-adhoc.20260422.13205.0.v59bbd8da	named	com.daml	ledger-api-test-tool	2026-04-22T16:30:56Z	
2.10.4-adhoc.20260422.13205.0.v59bbd8da	named	com.daml	codegen-scala-main	2026-04-22T16:30:57Z	
2.10.4-adhoc.20260422.13205.0.v59bbd8da	named	com.daml	ledger-api-test-tool-1.14	2026-04-22T16:30:57Z	
2.10.4-adhoc.20260422.13205.0.v59bbd8da	named	com.daml	codegen-java	2026-04-22T16:30:58Z	
2.10.4-adhoc.20260422.13205.0.v59bbd8da	named	com.daml	ledger-api-test-tool-1.dev	2026-04-22T16:30:59Z	
2.10.4-adhoc.20260422.13205.0.v59bbd8da	named	com.daml	ledger-api-test-tool-1.15	2026-04-22T16:31:00Z	
2.10.4-adhoc.20260424.13204.0.v51f184d8	named	com.daml	ledger-api-test-tool	2026-04-24T13:50:03Z	
2.10.4-adhoc.20260424.13204.0.v51f184d8	named	com.daml	ledger-api-test-tool-1.14	2026-04-24T13:50:04Z	
2.10.4-adhoc.20260424.13204.0.v51f184d8	named	com.daml	ledger-api-test-tool-1.15	2026-04-24T13:50:04Z	
2.10.4-adhoc.20260424.13204.0.v51f184d8	named	com.daml	codegen-java	2026-04-24T13:50:05Z	
2.10.4-adhoc.20260424.13204.0.v51f184d8	named	com.daml	ledger-api-test-tool-1.dev	2026-04-24T13:50:05Z	
2.10.4-adhoc.20260424.13204.0.v51f184d8	named	com.daml	codegen-scala-main	2026-04-24T13:50:06Z	
3.49.5-eisop1	named	io.github.eisop	checker-qual	2026-04-27T01:22:32Z	
3.49.5-eisop1	named	io.github.eisop	dataflow-nullaway	2026-04-27T01:22:32Z	
3.49.5-eisop1	named	io.github.eisop	dataflow-shaded	2026-04-27T01:22:32Z	
3.49.5-eisop1	named	io.github.eisop	checker	2026-04-27T01:22:33Z	
3.49.5-eisop1	named	io.github.eisop	dataflow-errorprone	2026-04-27T01:22:33Z	
2.10.4-snapshot.20260428.13204.0.vb1dd528e	named	com.daml	ledger-api-test-tool	2026-04-28T13:05:50Z	
2.10.4-snapshot.20260428.13204.0.vb1dd528e	named	com.daml	ledger-api-test-tool-1.14	2026-04-28T13:05:50Z	
2.10.4-snapshot.20260428.13204.0.vb1dd528e	named	com.daml	codegen-java	2026-04-28T13:05:51Z	
2.10.4-snapshot.20260428.13204.0.vb1dd528e	named	com.daml	codegen-scala-main	2026-04-28T13:05:52Z	
2.10.4-snapshot.20260428.13204.0.vb1dd528e	named	com.daml	ledger-api-test-tool-1.dev	2026-04-28T13:05:52Z	
2.10.4-snapshot.20260428.13204.0.vb1dd528e	named	com.daml	ledger-api-test-tool-1.15	2026-04-28T13:05:53Z	
1.13.0	named	io.boxlang	boxlang-compiler-java	2026-05-01T12:13:32Z	
4.1.0	named	org.checkerframework	checker-qual	2026-05-01T18:13:52Z	
4.1.0	named	org.checkerframework	checker	2026-05-01T18:13:53Z	
4.1.0	named	org.checkerframework	checker-qual-android	2026-05-01T18:13:53Z	
2.10.4-adhoc.20260505.13207.0.vf83b0976	named	com.daml	codegen-scala-main	2026-05-06T10:11:06Z	
2.10.4-adhoc.20260505.13207.0.vf83b0976	named	com.daml	codegen-java	2026-05-06T10:11:08Z	
2.10.4-adhoc.20260505.13207.0.vf83b0976	named	com.daml	ledger-api-test-tool	2026-05-06T10:11:08Z	
2.10.4-adhoc.20260505.13207.0.vf83b0976	named	com.daml	ledger-api-test-tool-1.15	2026-05-06T10:11:08Z	
2.10.4-adhoc.20260505.13207.0.vf83b0976	named	com.daml	ledger-api-test-tool-1.dev	2026-05-06T10:11:08Z	
2.10.4-adhoc.20260505.13207.0.vf83b0976	named	com.daml	ledger-api-test-tool-1.14	2026-05-06T10:11:09Z	
2.10.4-snapshot.20260507.13205.0.v9e332c6a	named	com.daml	codegen-scala-main	2026-05-07T18:20:11Z	
2.10.4-snapshot.20260507.13205.0.v9e332c6a	named	com.daml	codegen-java	2026-05-07T18:20:12Z	
2.10.4-snapshot.20260507.13205.0.v9e332c6a	named	com.daml	ledger-api-test-tool-1.15	2026-05-07T18:20:12Z	
2.10.4-snapshot.20260507.13205.0.v9e332c6a	named	com.daml	ledger-api-test-tool-1.14	2026-05-07T18:20:13Z	
2.10.4-snapshot.20260507.13205.0.v9e332c6a	named	com.daml	ledger-api-test-tool	2026-05-07T18:20:14Z	
2.10.4-snapshot.20260507.13205.0.v9e332c6a	named	com.daml	ledger-api-test-tool-1.dev	2026-05-07T18:20:15Z	
1.26.5	named	io.joynr.java.core	clustercontroller-standalone	2026-05-12T05:40:13Z	
1.26.6	named	io.joynr.java.core	clustercontroller-standalone	2026-06-01T05:59:57Z	
4.2.0	named	org.checkerframework	checker	2026-06-01T17:37:45Z	
4.2.0	named	org.checkerframework	checker-qual	2026-06-01T17:37:45Z	
4.2.0	named	org.checkerframework	checker-qual-android	2026-06-01T17:37:45Z	
1.14.0	named	io.boxlang	boxlang-compiler-java	2026-06-03T09:12:26Z	
4.2.1	named	org.checkerframework	checker	2026-07-01T17:47:33Z	
4.2.1	named	org.checkerframework	checker-qual	2026-07-01T17:47:33Z	
4.2.1	named	org.checkerframework	checker-qual-android	2026-07-01T17:47:33Z	
1.15.0	named	io.boxlang	boxlang-compiler-java	2026-07-08T23:56:48Z	
