2.10.0	named	org.apache.logging.log4j	log4j-api	2017-11-19T07:49:08Z	
0.61.0	named	org.finra.herd	herd-downloader	2018-01-12T19:19:52Z	
0.61.0	named	org.finra.herd	herd-uploader	2018-01-12T19:20:28Z	
0.61.0	named	org.finra.herd	herd-retention-expiration-destroyer	2018-01-12T19:21:11Z	
0.61.0	named	org.finra.herd	herd-retention-expiration-exporter	2018-01-12T19:22:37Z	
0.1.0	named	com.squareup.misk	exemplar	2018-02-02T15:52:39Z	
0.3.1	named	de.rwth.i2	attestor	2018-02-05T17:40:21Z	
0.62.0	named	org.finra.herd	herd-retention-expiration-exporter	2018-02-08T19:10:29Z	
0.62.0	named	org.finra.herd	herd-downloader	2018-02-08T19:11:07Z	
0.62.0	named	org.finra.herd	herd-retention-expiration-destroyer	2018-02-08T19:11:50Z	
0.62.0	named	org.finra.herd	herd-uploader	2018-02-08T19:13:22Z	
0.63.0	named	org.finra.herd	herd-uploader	2018-02-08T21:19:30Z	
0.63.0	named	org.finra.herd	herd-downloader	2018-02-08T21:20:06Z	
0.63.0	named	org.finra.herd	herd-retention-expiration-exporter	2018-02-08T21:20:55Z	
0.63.0	named	org.finra.herd	herd-retention-expiration-destroyer	2018-02-08T21:21:44Z	
0.64.0	named	org.finra.herd	herd-downloader	2018-02-23T19:51:36Z	
0.64.0	named	org.finra.herd	herd-uploader	2018-02-23T19:52:24Z	
0.64.0	named	org.finra.herd	herd-retention-expiration-destroyer	2018-02-23T19:53:02Z	
0.64.0	named	org.finra.herd	herd-retention-expiration-exporter	2018-02-23T19:53:38Z	
0.65.0	named	org.finra.herd	herd-downloader	2018-03-09T20:33:06Z	
0.65.0	named	org.finra.herd	herd-uploader	2018-03-09T20:34:48Z	
0.65.0	named	org.finra.herd	herd-retention-expiration-exporter	2018-03-09T20:35:29Z	
0.65.0	named	org.finra.herd	herd-retention-expiration-destroyer	2018-03-09T20:36:26Z	
2.11.0	named	org.apache.logging.log4j	log4j-api	2018-03-11T22:43:38Z	
0.66.0	named	org.finra.herd	herd-retention-expiration-destroyer	2018-03-26T02:06:37Z	
0.66.0	named	org.finra.herd	herd-uploader	2018-03-26T02:08:07Z	
0.66.0	named	org.finra.herd	herd-retention-expiration-exporter	2018-03-26T02:08:46Z	
0.66.0	named	org.finra.herd	herd-downloader	2018-03-26T02:09:26Z	
0.67.0	named	org.finra.herd	herd-uploader	2018-04-05T20:01:50Z	
0.67.0	named	org.finra.herd	herd-retention-expiration-exporter	2018-04-05T20:02:30Z	
0.67.0	named	org.finra.herd	herd-retention-expiration-destroyer	2018-04-05T20:03:17Z	
0.67.0	named	org.finra.herd	herd-downloader	2018-04-05T20:04:59Z	
0.68.0	named	org.finra.herd	herd-retention-expiration-destroyer	2018-04-19T16:40:58Z	
0.68.0	named	org.finra.herd	herd-retention-expiration-exporter	2018-04-19T16:42:30Z	
0.68.0	named	org.finra.herd	herd-uploader	2018-04-19T16:43:08Z	
0.68.0	named	org.finra.herd	herd-downloader	2018-04-19T16:43:53Z	
0.8	named	me.escoffier.fluid	review-example	2018-05-02T12:11:59Z	
0.69.0	named	org.finra.herd	herd-retention-expiration-destroyer	2018-05-04T03:47:03Z	
0.69.0	named	org.finra.herd	herd-downloader	2018-05-04T03:48:45Z	
0.69.0	named	org.finra.herd	herd-uploader	2018-05-04T03:49:27Z	
0.69.0	named	org.finra.herd	herd-retention-expiration-exporter	2018-05-04T03:50:03Z	
0.70.0	named	org.finra.herd	herd-uploader	2018-05-18T19:13:32Z	
0.70.0	named	org.finra.herd	herd-retention-expiration-destroyer	2018-05-18T19:15:09Z	
0.70.0	named	org.finra.herd	herd-retention-expiration-exporter	2018-05-18T19:15:53Z	
0.70.0	named	org.finra.herd	herd-downloader	2018-05-18T19:16:47Z	
0.71.0	named	org.finra.herd	herd-retention-expiration-exporter	2018-05-31T19:49:59Z	
0.71.0	named	org.finra.herd	herd-uploader	2018-05-31T19:51:29Z	
0.71.0	named	org.finra.herd	herd-retention-expiration-destroyer	2018-05-31T19:52:06Z	
0.71.0	named	org.finra.herd	herd-downloader	2018-05-31T19:52:56Z	
0.72.0	named	org.finra.herd	herd-retention-expiration-exporter	2018-06-18T16:29:21Z	
0.72.0	named	org.finra.herd	herd-retention-expiration-destroyer	2018-06-18T16:30:01Z	
0.72.0	named	org.finra.herd	herd-downloader	2018-06-18T16:30:37Z	
0.72.0	named	org.finra.herd	herd-uploader	2018-06-18T16:31:24Z	
128	named	com.groupbyinc	common-flux-nologgers-stage	2018-06-21T14:58:20Z	
128	named	com.groupbyinc	common-flux-nologgers	2018-06-21T14:58:39Z	
128	named	com.groupbyinc	common-flux-stage	2018-06-21T14:58:45Z	
128	named	com.groupbyinc	common-flux	2018-06-21T14:59:06Z	
129	named	com.groupbyinc	common-flux-nologgers	2018-06-21T17:32:30Z	
129	named	com.groupbyinc	common-flux	2018-06-21T17:32:43Z	
129	named	com.groupbyinc	common-flux-stage	2018-06-21T17:32:49Z	
129	named	com.groupbyinc	common-flux-nologgers-stage	2018-06-21T17:32:57Z	
130	named	com.groupbyinc	common-flux-stage-services	2018-06-22T13:28:54Z	
130	named	com.groupbyinc	common-flux-stage-shaded	2018-06-22T13:29:15Z	
130	named	com.groupbyinc	common-flux	2018-06-22T13:29:22Z	
131	named	com.groupbyinc	common-flux-stage-services	2018-06-22T15:04:44Z	
131	named	com.groupbyinc	common-flux	2018-06-22T15:05:03Z	
131	named	com.groupbyinc	common-flux-stage-shaded	2018-06-22T15:05:16Z	
132	named	com.groupbyinc	common-flux-stage-services	2018-06-22T15:54:31Z	
132	named	com.groupbyinc	common-flux	2018-06-22T15:54:37Z	
132	named	com.groupbyinc	common-flux-stage-shaded	2018-06-22T15:54:52Z	
0.73.0	named	org.finra.herd	herd-uploader	2018-06-28T19:29:47Z	
0.73.0	named	org.finra.herd	herd-downloader	2018-06-28T19:31:17Z	
0.73.0	named	org.finra.herd	herd-retention-expiration-exporter	2018-06-28T19:31:58Z	
0.73.0	named	org.finra.herd	herd-retention-expiration-destroyer	2018-06-28T19:32:34Z	
0.0.1	named	de.sfuhrm	logwebconfig-example	2018-07-09T10:58:45Z	
0.0.2	named	de.sfuhrm	logwebconfig-example	2018-07-09T19:49:52Z	
0.0.3	named	de.sfuhrm	logwebconfig-example	2018-07-09T20:32:47Z	
0.7.0	named	de.sfuhrm	logwebconfig-example	2018-07-09T21:24:58Z	
0.8.0	named	de.sfuhrm	logwebconfig-example	2018-07-10T20:34:51Z	
0.8.2	named	de.sfuhrm	logwebconfig-example	2018-07-11T21:39:48Z	
0.74.0	named	org.finra.herd	herd-retention-expiration-exporter	2018-07-13T16:38:14Z	
0.74.0	named	org.finra.herd	herd-downloader	2018-07-13T16:39:40Z	
0.74.0	named	org.finra.herd	herd-retention-expiration-destroyer	2018-07-13T16:40:21Z	
0.74.0	named	org.finra.herd	herd-uploader	2018-07-13T16:41:00Z	
2.11.1	named	org.apache.logging.log4j	log4j-api	2018-07-23T03:44:52Z	
1.3.5	named	eu.fthevenet	binjr	2018-07-23T15:16:54Z	
5.0.0	named	org.lasersonlab.thredds	d4ts	2018-07-26T14:43:12Z	
0.75.0	named	org.finra.herd	herd-retention-expiration-destroyer	2018-07-27T16:19:43Z	
0.75.0	named	org.finra.herd	herd-uploader	2018-07-27T16:20:29Z	
0.75.0	named	org.finra.herd	herd-downloader	2018-07-27T16:21:12Z	
0.75.0	named	org.finra.herd	herd-retention-expiration-exporter	2018-07-27T16:22:38Z	
0.0.1	named	com.arpitos	arpitos-fw	2018-07-29T11:20:26Z	
0.0.2	named	com.arpitos	arpitos-fw	2018-07-30T11:52:55Z	
1.4.0	named	eu.fthevenet	binjr	2018-08-02T16:17:59Z	
0.77.0	named	org.finra.herd	herd-retention-expiration-destroyer	2018-08-24T20:45:27Z	
0.77.0	named	org.finra.herd	herd-uploader	2018-08-24T20:46:24Z	
0.77.0	named	org.finra.herd	herd-downloader	2018-08-24T20:47:21Z	
0.77.0	named	org.finra.herd	herd-retention-expiration-exporter	2018-08-24T20:48:05Z	
1.4.1	named	eu.fthevenet	binjr	2018-09-04T14:10:56Z	
1.4.2	named	eu.fthevenet	binjr	2018-09-06T16:06:59Z	
0.0.0	named	com.github.skapral.poetryclub	poetryclub-app	2018-09-07T14:36:40Z	
1.4.3	named	eu.fthevenet	binjr	2018-09-10T08:33:55Z	
0.78.0	named	org.finra.herd	herd-retention-expiration-destroyer	2018-09-11T16:54:27Z	
0.78.0	named	org.finra.herd	herd-downloader	2018-09-11T16:55:08Z	
0.78.0	named	org.finra.herd	herd-uploader	2018-09-11T16:55:49Z	
0.78.0	named	org.finra.herd	herd-retention-expiration-exporter	2018-09-11T16:56:30Z	
1.0.0	named	com.dlsc.workbenchfx	workbenchfx-core	2018-09-14T08:14:23Z	
0.0.1	named	com.arpitos	artos	2018-09-17T19:36:49Z	
1.5.0	named	eu.fthevenet	binjr	2018-09-19T13:13:00Z	
0.79.0	named	org.finra.herd	herd-uploader	2018-09-20T17:59:47Z	
0.79.0	named	org.finra.herd	herd-retention-expiration-exporter	2018-09-20T18:01:22Z	
0.79.0	named	org.finra.herd	herd-downloader	2018-09-20T18:02:10Z	
0.79.0	named	org.finra.herd	herd-retention-expiration-destroyer	2018-09-20T18:02:54Z	
0.0.1	named	com.theartos	artos	2018-09-21T23:44:57Z	
0.0.2	named	com.theartos	artos	2018-09-22T05:16:25Z	
0.0.3	named	com.theartos	artos	2018-09-24T09:10:08Z	
10.0.0	named	com.dlsc.workbenchfx	workbenchfx-core	2018-09-24T11:59:26Z	
11.0.0	named	com.dlsc.workbenchfx	workbenchfx-core	2018-09-24T12:23:45Z	
0.0.1	named	com.github.skapral.poetryclub	poetryclub-app	2018-09-30T20:15:03Z	
3.7.2	named	com.github.pellierd	pddl4j	2018-10-04T11:20:52Z	
0.80.0	named	org.finra.herd	herd-retention-expiration-exporter	2018-10-05T16:45:10Z	
0.80.0	named	org.finra.herd	herd-uploader	2018-10-05T16:45:57Z	
0.80.0	named	org.finra.herd	herd-downloader	2018-10-05T16:46:35Z	
0.80.0	named	org.finra.herd	herd-retention-expiration-destroyer	2018-10-05T16:47:16Z	
0.0.4	named	com.theartos	artos	2018-10-06T04:26:03Z	
0.81.0	named	org.finra.herd	herd-downloader	2018-10-18T20:36:04Z	
0.81.0	named	org.finra.herd	herd-retention-expiration-exporter	2018-10-18T20:36:47Z	
0.81.0	named	org.finra.herd	herd-retention-expiration-destroyer	2018-10-18T20:37:30Z	
0.81.0	named	org.finra.herd	herd-uploader	2018-10-18T20:38:08Z	
0.0.1	named	com.criteo.java	garmadon-readers-elasticsearch	2018-10-23T16:32:18Z	
0.0.5-beta-1	named	com.theartos	artos	2018-10-29T06:29:42Z	
1.0.1	named	com.github.joselion	lion-spring-security	2018-11-02T05:19:25Z	
0.0.3	named	com.oceanprotocol	secret-store-client	2018-11-05T18:45:17Z	
0.82.0	named	org.finra.herd	herd-uploader	2018-11-05T19:31:16Z	
0.82.0	named	org.finra.herd	herd-downloader	2018-11-05T19:31:56Z	
0.82.0	named	org.finra.herd	herd-retention-expiration-destroyer	2018-11-05T19:32:48Z	
0.82.0	named	org.finra.herd	herd-retention-expiration-exporter	2018-11-05T19:33:26Z	
1.0	named	uk.gov.nca.graph	mapper	2018-11-06T15:40:24Z	
1.0.0	named	com.criteo.java	garmadon-readers-elasticsearch	2018-11-12T13:56:39Z	
0.2.0	named	org.wso2.performance.common	netty-http-echo-service	2018-11-13T04:58:17Z	
0.83.0	named	org.finra.herd	herd-downloader	2018-11-15T21:56:30Z	
0.83.0	named	org.finra.herd	herd-retention-expiration-exporter	2018-11-15T21:57:13Z	
0.83.0	named	org.finra.herd	herd-uploader	2018-11-15T21:58:32Z	
0.83.0	named	org.finra.herd	herd-retention-expiration-destroyer	2018-11-15T21:59:23Z	
1.1.0	named	com.criteo.java	garmadon-readers-elasticsearch	2018-11-22T09:47:05Z	
0.84.0	named	org.finra.herd	herd-retention-expiration-destroyer	2018-12-03T19:24:50Z	
0.84.0	named	org.finra.herd	herd-downloader	2018-12-03T19:25:57Z	
0.84.0	named	org.finra.herd	herd-uploader	2018-12-03T19:26:40Z	
0.84.0	named	org.finra.herd	herd-retention-expiration-exporter	2018-12-03T19:28:52Z	
0.0.5-beta-2	named	com.theartos	artos	2018-12-08T03:19:34Z	
1.2.0	named	com.criteo.java	garmadon-readers-elasticsearch	2018-12-12T17:20:27Z	
0.85.0	named	org.finra.herd	herd-retention-expiration-exporter	2018-12-14T19:48:11Z	
0.85.0	named	org.finra.herd	herd-retention-expiration-destroyer	2018-12-14T19:48:47Z	
0.85.0	named	org.finra.herd	herd-downloader	2018-12-14T19:49:24Z	
0.85.0	named	org.finra.herd	herd-uploader	2018-12-14T19:50:49Z	
0.2.0	named	io.zeebe	zeebe-dmn-worker	2018-12-18T14:20:22Z	
0.4.0	named	io.zeebe	zeebe-script-worker	2018-12-21T12:43:09Z	
0.2.0	named	com.hedera.hashgraph	java-sdk	2018-12-21T13:44:21Z	
0.4.1	named	com.spotify.ffwd	ffwd-agent	2019-01-03T18:39:47Z	
0.4.2	named	com.spotify.ffwd	ffwd-agent	2019-01-04T14:29:55Z	
3.7.3	named	com.github.pellierd	pddl4j	2019-01-14T10:50:18Z	
1.3.0	named	com.criteo.java	garmadon-readers-elasticsearch	2019-01-15T10:53:24Z	
1.2.0-RELEASE	named	io.github.xiaoyudeguang	easy-swagger	2019-01-15T13:34:53Z	
1.2.0-RELEASE	named	io.github.xiaoyudeguang	easy-web	2019-01-15T13:35:05Z	
3.8	named	com.github.pellierd	pddl4j	2019-01-18T09:58:54Z	
1.0.2	named	eu.stamp-project	botsing-reproduction	2019-01-23T10:53:33Z	
0.2.1	named	org.wso2.performance.common	netty-http-echo-service	2019-01-24T08:40:41Z	
1.0.3	named	eu.stamp-project	botsing-reproduction	2019-01-24T13:45:35Z	
7.6-0.1	named	org.tallison.lucene	gramreaper	2019-01-30T00:13:59Z	
0.3.0	named	org.wso2.performance.common	netty-http-echo-service	2019-01-30T06:24:50Z	
0.0.6	named	com.theartos	artos	2019-02-04T09:05:07Z	
2.11.2	named	org.apache.logging.log4j	log4j-api	2019-02-06T01:11:43Z	
7.7-0.1	named	org.tallison.lucene	gramreaper	2019-02-12T01:15:44Z	
0.3.0	named	io.zeebe	zeebe-dmn-worker	2019-02-13T08:27:59Z	
0.5.0	named	io.zeebe	zeebe-script-worker	2019-02-13T08:28:04Z	
3.8.1	named	com.github.pellierd	pddl4j	2019-02-13T14:53:09Z	
0.0.7	named	com.theartos	artos	2019-02-16T21:36:06Z	
0.0.8	named	com.theartos	artos	2019-02-18T10:30:25Z	
1.0.0	named	io.zeebe	zeebe-kafka-exporter-samples	2019-02-18T18:51:28Z	
0.1.0	named	io.cellery.security	io.cellery.security.cell.sts.server	2019-02-22T16:19:21Z	
0.1.0	named	io.cellery.distribution	io.cellery.cell.gateway.initializer	2019-02-22T21:41:53Z	
0.0.9	named	com.theartos	artos	2019-02-23T03:31:53Z	
0.0.10	named	com.theartos	artos	2019-02-25T08:12:57Z	
0.4.3	named	com.spotify.ffwd	ffwd-agent	2019-03-05T20:06:57Z	
3.8.2	named	com.github.pellierd	pddl4j	2019-03-06T14:27:48Z	
0.4.4	named	com.spotify.ffwd	ffwd-agent	2019-03-06T15:50:54Z	
0.7.0	named	org.seaborne.rdf-delta	rdf-delta-server	2019-03-12T14:59:02Z	
0.7.0	named	org.seaborne.rdf-delta	rdf-delta-fuseki-server	2019-03-12T14:59:47Z	
0.4.5	named	com.spotify.ffwd	ffwd-agent	2019-03-18T21:24:19Z	
3.8.3	named	com.github.pellierd	pddl4j	2019-03-19T09:29:52Z	
1.0.4	named	eu.stamp-project	botsing-reproduction	2019-03-22T08:47:16Z	
1.2.1	named	com.github.xincao9	jsonrpc-benchmark	2019-03-22T14:27:07Z	
1.0.0	named	com.github.onbass-naga	schema2json	2019-03-23T08:48:30Z	
0.0.11	named	com.theartos	artos	2019-03-24T05:22:11Z	
1.2.2	named	com.github.xincao9	jsonrpc-benchmark	2019-03-25T14:56:02Z	
1.2.3	named	com.github.xincao9	jsonrpc-benchmark	2019-03-27T14:59:49Z	
1.2	named	com.github.xincao9	jswitcher-ui	2019-03-31T07:33:25Z	
1.2.4	named	com.github.xincao9	jsonrpc-benchmark	2019-04-01T15:13:22Z	
1.2.1	named	com.github.xincao9	jswitcher-ui	2019-04-01T15:20:31Z	
1.2.1	named	com.github.xincao9	jswitcher-sample	2019-04-01T15:20:49Z	
0.4.6	named	com.spotify.ffwd	ffwd-agent	2019-04-04T15:21:00Z	
0.1.1	named	io.cellery.security	io.cellery.security.cell.sts.server	2019-04-07T11:02:39Z	
1.2.5	named	com.github.xincao9	jsonrpc-benchmark	2019-04-08T12:58:17Z	
1.2.5	named	com.github.xincao9	jsonrpc-ui	2019-04-08T12:59:29Z	
1.3.1	named	com.criteo.java	garmadon-readers-elasticsearch	2019-04-08T14:39:11Z	
1.2.2	named	com.github.xincao9	jswitcher-ui	2019-04-12T15:32:05Z	
1.2.2	named	com.github.xincao9	jswitcher-sample	2019-04-12T15:32:43Z	
0.2.1	named	io.cellery.security	io.cellery.security.cell.sts.server	2019-04-18T05:08:29Z	
1.0.1	named	com.github.onbass-naga	schema2json	2019-04-22T08:17:30Z	
2.0.0	named	org.apache.storm	storm-kafka-migration	2019-04-29T21:34:18Z	
2.0.0	named	org.apache.storm	blobstore-migrator	2019-04-29T21:35:19Z	
2.0.0	named	org.apache.storm	flux-examples	2019-04-29T21:36:24Z	
2.0.0	named	org.apache.storm	storm-starter	2019-04-29T21:38:09Z	
2.0.0	named	org.apache.storm	storm-hdfs-examples	2019-04-29T21:39:40Z	
2.0.0	named	org.apache.storm	storm-hbase-examples	2019-04-29T21:40:20Z	
2.0.0	named	org.apache.storm	storm-hive-examples	2019-04-29T21:41:01Z	
2.0.0	named	org.apache.storm	storm-perf	2019-04-29T21:42:22Z	
1.5.5.RC5	named	com.ardikars.jxnet	jxnet-example	2019-05-01T15:17:44Z	
1.0.5	named	eu.stamp-project	botsing-reproduction	2019-05-07T14:18:36Z	
1.0.6	named	eu.stamp-project	botsing-reproduction	2019-05-16T13:32:27Z	
8.0-0.1	named	org.tallison.lucene	gramreaper	2019-05-29T22:25:16Z	
8.0-1.0	named	org.tallison.lucene	gramreaper	2019-06-05T20:05:24Z	
1.0	named	org.odpi.egeria	gaian-ranger-plugin	2019-06-11T12:41:55Z	
0.32	named	de.charite.compbio	jannovar-cli	2019-06-13T17:14:37Z	
2.12.0	named	org.apache.logging.log4j	log4j-api	2019-06-26T03:36:26Z	2.12.0
1.4.0	named	com.criteo.java	garmadon-readers-elasticsearch	2019-07-03T16:03:49Z	
0.6.0	named	io.zeebe	zeebe-script-worker	2019-07-17T07:01:51Z	
0.4.0	named	io.zeebe	zeebe-dmn-worker	2019-07-17T07:08:33Z	
0.2.0	named	io.zeebe	zeebe-http-worker	2019-07-17T12:32:58Z	
7.0.0	named	org.n52.arctic-sea	iceland-statistics-kibana	2019-07-25T09:19:16Z	
1.1.0	named	io.zeebe	zeebe-kafka-exporter-samples	2019-07-25T13:27:42Z	2.12.0
7.1.0	named	org.n52.arctic-sea	iceland-statistics-kibana	2019-07-26T08:30:55Z	
0.0.12	named	com.theartos	artos	2019-07-30T08:38:37Z	
2.12.1	named	org.apache.logging.log4j	log4j-api	2019-08-07T03:44:21Z	2.12.1
0.0.13-beta-1	named	com.theartos	artos	2019-08-22T04:48:59Z	
0.0.3	named	de.wenzlaff.twbibel	de.wenzlaff.twbibel	2019-08-24T11:39:27Z	2.12.1
0.0.13-beta-2	named	com.theartos	artos	2019-08-25T06:38:30Z	
2.4.1	named	org.apache.pulsar	pulsar-functions-runtime-all	2019-08-29T23:25:16Z	
1.0.7	named	eu.stamp-project	botsing-reproduction	2019-08-30T12:21:19Z	
0.9.6	named	au.org.consumerdatastandards	codegen	2019-09-17T03:28:06Z	
1.0.0	named	org.apache.hbase.operator.tools	hbase-hbck2	2019-09-20T15:10:56Z	
0.1.4	named	com.github.daggerok.sonar	sonar-breaker	2019-09-24T19:30:59Z	2.12.1
0.1.5	named	com.github.daggerok.sonar	sonar-breaker	2019-09-24T19:58:43Z	2.12.1
1.0.0	named	com.github.daggerok.sonar	sonar-breaker	2019-09-24T23:56:20Z	2.12.1
1.0.1	named	com.github.daggerok.sonar	sonar-breaker	2019-09-25T00:15:15Z	2.12.1
1.0.0-RC1	named	au.org.consumerdatastandards	codegen	2019-09-27T06:57:28Z	
0.4.0	named	io.cellery.security	io.cellery.security.cell.sts.server	2019-09-27T16:38:49Z	
0.4.0	named	io.cellery.distribution	io.cellery.cell.gateway.initializer	2019-09-27T18:48:28Z	
0.4.0	named	io.cellery.distribution	io.cellery.cell.api.publisher	2019-09-27T18:48:37Z	
0.0.13	named	com.theartos	artos	2019-10-04T21:44:38Z	
1.0	named	top.populus	bees	2019-10-12T01:25:34Z	
0.8.0	named	org.seaborne.rdf-delta	rdf-delta-server	2019-10-12T09:05:41Z	2.12.1
0.8.0	named	org.seaborne.rdf-delta	rdf-delta-fuseki-server	2019-10-12T09:06:24Z	2.12.1
1.0.0-RC2	named	au.org.consumerdatastandards	codegen	2019-10-18T02:46:07Z	
1.0.0-RC3	named	au.org.consumerdatastandards	codegen	2019-10-24T04:51:10Z	
2.1.0	named	org.apache.storm	storm-kafka-migration	2019-10-25T18:20:23Z	
2.1.0	named	org.apache.storm	blobstore-migrator	2019-10-25T18:21:41Z	
2.1.0	named	org.apache.storm	flux-examples	2019-10-25T18:22:57Z	
2.1.0	named	org.apache.storm	storm-starter	2019-10-25T18:24:46Z	
2.1.0	named	org.apache.storm	storm-hdfs-examples	2019-10-25T18:26:24Z	
2.1.0	named	org.apache.storm	storm-hbase-examples	2019-10-25T18:27:02Z	
2.1.0	named	org.apache.storm	storm-hive-examples	2019-10-25T18:27:40Z	
2.1.0	named	org.apache.storm	storm-perf	2019-10-25T18:29:05Z	
0.8.1	named	org.seaborne.rdf-delta	rdf-delta-server	2019-10-27T17:58:37Z	2.12.1
0.8.1	named	org.seaborne.rdf-delta	rdf-delta-fuseki-server	2019-10-27T17:59:03Z	2.12.1
1.10.1	named	com.hpe.adm.octane.ciplugins	bamboo-ci-plugin	2019-10-31T21:18:50Z	
1.0.0-RC4	named	au.org.consumerdatastandards	codegen	2019-11-05T06:07:05Z	
1.0.0-RC5	named	au.org.consumerdatastandards	codegen	2019-11-21T06:01:22Z	
0.8.2	named	org.seaborne.rdf-delta	rdf-delta-server	2019-11-21T12:58:33Z	2.12.1
0.8.2	named	org.seaborne.rdf-delta	rdf-delta-fuseki-server	2019-11-21T12:59:06Z	2.12.1
2.4.2	named	org.apache.pulsar	pulsar-functions-runtime-all	2019-11-25T19:29:28Z	
1.0.0-RC6	named	au.org.consumerdatastandards	codegen	2019-11-29T06:14:57Z	
2.13.0	named	org.apache.logging.log4j	log4j-api	2019-12-12T02:41:10Z	2.13.0
0.6.0	named	io.cellery.security	io.cellery.security.cell.sts.server	2019-12-17T16:01:23Z	
1.0.0	named	au.org.consumerdatastandards	codegen	2020-01-06T06:10:00Z	2.12.1
2.5.0	named	org.apache.pulsar	pulsar-functions-runtime-all	2020-01-06T07:05:39Z	
2.0.0	named	org.ops4j.pax.logging	pax-logging-api	2020-01-13T11:27:40Z	2.13.0
2.0.1	named	org.ops4j.pax.logging	pax-logging-api	2020-01-13T13:31:38Z	2.13.0
1.1.0	named	com.snowflake	snowflake-kafka-connector	2020-01-17T21:51:17Z	2.13.0
2.0.2	named	org.ops4j.pax.logging	pax-logging-api	2020-01-24T10:51:54Z	2.13.0
0.1	named	com.github.vzakharchenko	radius-plugin	2020-01-25T08:35:02Z	2.13.0
1.0.0	named	com.github.vzakharchenko	radius-plugin	2020-01-25T18:48:34Z	2.13.0
1.0.1	named	com.github.vzakharchenko	radius-plugin	2020-01-30T13:12:54Z	2.13.0
1.1.1	named	au.org.consumerdatastandards	codegen	2020-02-03T05:00:10Z	2.12.1
1.0.9	named	com.microsoft.azure	azure-cosmos-cassandra-uploader	2020-02-04T16:51:38Z	2.12.1
1.0.10	named	com.microsoft.azure	azure-cosmos-cassandra-uploader	2020-02-05T06:38:09Z	2.12.1
5.3.0	named	com.datarobot	datarobot-mlops	2020-02-06T05:18:49Z	2.12.0
1.0.12	named	com.microsoft.azure	azure-cosmos-cassandra-uploader	2020-02-06T08:07:13Z	2.12.1
1.0.13	named	com.microsoft.azure	azure-cosmos-cassandra-uploader	2020-02-07T05:18:45Z	2.12.1
1.0.2	named	com.github.vzakharchenko	radius-plugin	2020-02-07T07:01:43Z	2.13.0
0.4.1	named	org.wso2.performance.common	netty-http-echo-service	2020-02-12T05:37:23Z	
0.4.2	named	org.wso2.performance.common	netty-http-echo-service	2020-02-13T08:37:34Z	
0.4.3	named	org.wso2.performance.common	netty-http-echo-service	2020-02-14T08:23:43Z	
0.4.4	named	org.wso2.performance.common	netty-http-echo-service	2020-02-14T10:21:55Z	
0.4.5	named	org.wso2.performance.common	netty-http-echo-service	2020-02-16T10:33:19Z	
1.1.0	named	com.github.vzakharchenko	radius-plugin	2020-02-18T10:54:51Z	2.13.0
1.0.14	named	com.microsoft.azure	azure-cosmos-cassandra-uploader	2020-02-18T23:11:31Z	2.12.1
3.12.1	named	io.nosqlbench	virtdata-lib-random	2020-02-25T19:08:50Z	2.13.0
3.12.1	named	io.nosqlbench	virtdata-lib-realer	2020-02-25T19:09:00Z	2.13.0
3.12.1	named	io.nosqlbench	virtdata-realdata	2020-02-25T19:09:32Z	2.13.0
3.12.1	named	io.nosqlbench	virtdata-lib-curves4	2020-02-25T19:09:40Z	2.13.0
5.3.0.1	named	com.datarobot	datarobot-mlops	2020-02-25T19:40:53Z	2.12.0
2.13.1	named	org.apache.logging.log4j	log4j-api	2020-02-26T02:53:13Z	2.13.1
3.3.2	named	com.weicoder.extend	core-extend	2020-02-27T08:26:13Z	2.13.0
3.3.3	named	com.weicoder.extend	core-extend	2020-02-28T11:48:59Z	2.13.0
3.3.4	named	com.weicoder.extend	core-extend	2020-03-02T13:09:18Z	2.13.0
4.9.9	named	com.sagframe	sqltoy-quickvo	2020-03-03T12:23:28Z	2.13.1
3.12.2	named	io.nosqlbench	virtdata-lib-realer	2020-03-03T20:46:04Z	2.13.0
3.12.2	named	io.nosqlbench	virtdata-lib-random	2020-03-03T20:47:08Z	2.13.0
3.12.2	named	io.nosqlbench	virtdata-realdata	2020-03-03T20:48:01Z	2.13.0
3.12.2	named	io.nosqlbench	virtdata-lib-curves4	2020-03-03T20:50:06Z	2.13.0
1.0.15	named	com.microsoft.azure	azure-cosmos-cassandra-uploader	2020-03-03T21:48:34Z	2.12.1
1.2.0	named	com.github.vzakharchenko	radius-plugin	2020-03-05T07:02:05Z	2.13.1
0.5.2	named	com.ibm.ta.sdk	ta-sdk-sample	2020-03-06T04:53:30Z	2.13.0
3.3.5	named	com.weicoder.extend	log-extend	2020-03-08T06:58:16Z	2.13.1
4.9.13	named	com.sagframe	sqltoy-quickvo	2020-03-11T13:26:21Z	2.13.1
4.10.0	named	com.sagframe	sqltoy-quickvo	2020-03-11T14:49:52Z	2.13.1
3.12.17	named	io.nosqlbench	virtdata-lib-realer	2020-03-12T09:54:28Z	2.13.0
3.12.17	named	io.nosqlbench	virtdata-realdata	2020-03-12T09:54:34Z	2.13.0
3.12.17	named	io.nosqlbench	virtdata-lib-random	2020-03-12T09:55:25Z	2.13.0
3.12.17	named	io.nosqlbench	virtdata-lib-curves4	2020-03-12T09:55:45Z	2.13.0
3.12.19	named	io.nosqlbench	virtdata-lib-random	2020-03-12T23:45:52Z	2.13.0
3.12.19	named	io.nosqlbench	virtdata-lib-curves4	2020-03-12T23:45:58Z	2.13.0
3.12.19	named	io.nosqlbench	virtdata-lib-realer	2020-03-12T23:46:19Z	2.13.0
3.12.19	named	io.nosqlbench	virtdata-realdata	2020-03-12T23:46:23Z	2.13.0
3.12.20	named	io.nosqlbench	virtdata-lib-curves4	2020-03-13T01:30:49Z	2.13.0
3.12.20	named	io.nosqlbench	virtdata-realdata	2020-03-13T01:30:49Z	2.13.0
3.12.20	named	io.nosqlbench	virtdata-lib-realer	2020-03-13T01:30:55Z	2.13.0
3.12.20	named	io.nosqlbench	virtdata-lib-random	2020-03-13T01:30:57Z	2.13.0
3.12.21	named	io.nosqlbench	virtdata-lib-random	2020-03-13T02:03:40Z	2.13.0
3.12.21	named	io.nosqlbench	virtdata-realdata	2020-03-13T02:03:54Z	2.13.0
3.12.21	named	io.nosqlbench	virtdata-lib-realer	2020-03-13T02:04:29Z	2.13.0
3.12.21	named	io.nosqlbench	virtdata-lib-curves4	2020-03-13T02:04:46Z	2.13.0
3.12.22	named	io.nosqlbench	virtdata-lib-realer	2020-03-13T02:58:47Z	2.13.0
3.12.22	named	io.nosqlbench	virtdata-lib-random	2020-03-13T02:58:59Z	2.13.0
3.12.22	named	io.nosqlbench	virtdata-lib-curves4	2020-03-13T02:59:03Z	2.13.0
3.12.22	named	io.nosqlbench	virtdata-realdata	2020-03-13T02:59:05Z	2.13.0
3.12.23	named	io.nosqlbench	virtdata-lib-random	2020-03-13T03:25:52Z	2.13.0
3.12.23	named	io.nosqlbench	virtdata-lib-curves4	2020-03-13T03:25:55Z	2.13.0
3.12.23	named	io.nosqlbench	virtdata-lib-realer	2020-03-13T03:25:58Z	2.13.0
3.12.23	named	io.nosqlbench	virtdata-realdata	2020-03-13T03:26:01Z	2.13.0
3.12.24	named	io.nosqlbench	virtdata-realdata	2020-03-13T04:16:17Z	2.13.0
3.12.24	named	io.nosqlbench	virtdata-lib-curves4	2020-03-13T04:16:29Z	2.13.0
3.12.24	named	io.nosqlbench	virtdata-lib-random	2020-03-13T04:16:51Z	2.13.0
3.12.24	named	io.nosqlbench	virtdata-lib-realer	2020-03-13T04:17:03Z	2.13.0
3.12.25	named	io.nosqlbench	virtdata-lib-curves4	2020-03-13T06:45:45Z	2.13.0
3.12.25	named	io.nosqlbench	virtdata-realdata	2020-03-13T06:45:46Z	2.13.0
3.12.25	named	io.nosqlbench	virtdata-lib-realer	2020-03-13T06:45:50Z	2.13.0
3.12.25	named	io.nosqlbench	virtdata-lib-random	2020-03-13T06:45:54Z	2.13.0
3.12.26	named	io.nosqlbench	virtdata-lib-random	2020-03-13T08:12:23Z	2.13.0
3.12.26	named	io.nosqlbench	virtdata-lib-curves4	2020-03-13T08:12:39Z	2.13.0
3.12.26	named	io.nosqlbench	virtdata-lib-realer	2020-03-13T08:12:42Z	2.13.0
3.12.26	named	io.nosqlbench	virtdata-realdata	2020-03-13T08:12:45Z	2.13.0
3.12.27	named	io.nosqlbench	virtdata-lib-curves4	2020-03-13T14:35:04Z	2.13.0
3.12.27	named	io.nosqlbench	virtdata-lib-realer	2020-03-13T14:35:05Z	2.13.0
3.12.27	named	io.nosqlbench	virtdata-lib-random	2020-03-13T14:35:15Z	2.13.0
3.12.27	named	io.nosqlbench	virtdata-realdata	2020-03-13T14:35:17Z	2.13.0
3.12.28	named	io.nosqlbench	virtdata-lib-realer	2020-03-13T17:47:41Z	2.13.0
3.12.28	named	io.nosqlbench	virtdata-realdata	2020-03-13T17:47:53Z	2.13.0
3.12.28	named	io.nosqlbench	virtdata-lib-curves4	2020-03-13T17:48:26Z	2.13.0
3.12.28	named	io.nosqlbench	virtdata-lib-random	2020-03-13T17:48:33Z	2.13.0
3.12.29	named	io.nosqlbench	virtdata-lib-random	2020-03-13T23:25:54Z	2.13.0
3.12.29	named	io.nosqlbench	virtdata-lib-curves4	2020-03-13T23:25:58Z	2.13.0
3.12.29	named	io.nosqlbench	virtdata-realdata	2020-03-13T23:26:02Z	2.13.0
3.12.29	named	io.nosqlbench	virtdata-lib-realer	2020-03-13T23:26:05Z	2.13.0
3.12.30	named	io.nosqlbench	virtdata-lib-realer	2020-03-16T05:39:28Z	2.13.0
3.12.30	named	io.nosqlbench	virtdata-lib-curves4	2020-03-16T05:39:30Z	2.13.0
3.12.30	named	io.nosqlbench	virtdata-realdata	2020-03-16T05:39:30Z	2.13.0
3.12.30	named	io.nosqlbench	virtdata-lib-random	2020-03-16T05:39:31Z	2.13.0
3.12.31	named	io.nosqlbench	virtdata-lib-realer	2020-03-16T07:40:25Z	2.13.0
3.12.31	named	io.nosqlbench	virtdata-lib-random	2020-03-16T07:40:31Z	2.13.0
3.12.31	named	io.nosqlbench	virtdata-realdata	2020-03-16T07:40:37Z	2.13.0
3.12.31	named	io.nosqlbench	virtdata-lib-curves4	2020-03-16T07:40:44Z	2.13.0
0.6.1	named	io.zeebe	zeebe-script-worker	2020-03-16T08:33:53Z	2.13.1
3.12.32	named	io.nosqlbench	virtdata-lib-realer	2020-03-17T03:08:26Z	2.13.0
3.12.32	named	io.nosqlbench	virtdata-realdata	2020-03-17T03:08:30Z	2.13.0
3.12.32	named	io.nosqlbench	virtdata-lib-random	2020-03-17T03:08:31Z	2.13.0
3.12.32	named	io.nosqlbench	virtdata-lib-curves4	2020-03-17T03:08:32Z	2.13.0
3.12.34	named	io.nosqlbench	virtdata-lib-curves4	2020-03-17T11:02:20Z	2.13.0
3.12.34	named	io.nosqlbench	virtdata-lib-realer	2020-03-17T11:02:20Z	2.13.0
3.12.34	named	io.nosqlbench	virtdata-lib-random	2020-03-17T11:02:53Z	2.13.0
3.12.34	named	io.nosqlbench	virtdata-realdata	2020-03-17T11:03:11Z	2.13.0
3.12.35	named	io.nosqlbench	virtdata-lib-curves4	2020-03-17T11:59:43Z	2.13.0
3.12.35	named	io.nosqlbench	virtdata-realdata	2020-03-17T11:59:49Z	2.13.0
3.12.35	named	io.nosqlbench	virtdata-lib-random	2020-03-17T12:00:20Z	2.13.0
3.12.35	named	io.nosqlbench	virtdata-lib-realer	2020-03-17T12:00:23Z	2.13.0
3.12.36	named	io.nosqlbench	virtdata-lib-realer	2020-03-17T12:45:02Z	2.13.0
3.12.36	named	io.nosqlbench	virtdata-lib-random	2020-03-17T12:45:04Z	2.13.0
3.12.36	named	io.nosqlbench	virtdata-realdata	2020-03-17T12:45:08Z	2.13.0
3.12.36	named	io.nosqlbench	virtdata-lib-curves4	2020-03-17T12:45:21Z	2.13.0
3.12.37	named	io.nosqlbench	virtdata-lib-realer	2020-03-17T13:29:06Z	2.13.0
3.12.37	named	io.nosqlbench	virtdata-lib-random	2020-03-17T13:29:22Z	2.13.0
3.12.37	named	io.nosqlbench	virtdata-lib-curves4	2020-03-17T13:29:28Z	2.13.0
3.12.37	named	io.nosqlbench	virtdata-realdata	2020-03-17T13:29:28Z	2.13.0
3.12.38	named	io.nosqlbench	virtdata-realdata	2020-03-17T13:40:25Z	2.13.0
3.12.38	named	io.nosqlbench	virtdata-lib-random	2020-03-17T13:40:27Z	2.13.0
3.12.38	named	io.nosqlbench	virtdata-lib-curves4	2020-03-17T13:40:31Z	2.13.0
3.12.38	named	io.nosqlbench	virtdata-lib-realer	2020-03-17T13:40:37Z	2.13.0
3.12.39	named	io.nosqlbench	virtdata-lib-random	2020-03-17T14:12:12Z	2.13.0
3.12.39	named	io.nosqlbench	virtdata-lib-curves4	2020-03-17T14:12:13Z	2.13.0
3.12.39	named	io.nosqlbench	virtdata-lib-realer	2020-03-17T14:12:18Z	2.13.0
3.12.39	named	io.nosqlbench	virtdata-realdata	2020-03-17T14:12:20Z	2.13.0
3.12.41	named	io.nosqlbench	virtdata-lib-curves4	2020-03-17T16:40:02Z	2.13.0
3.12.41	named	io.nosqlbench	virtdata-lib-realer	2020-03-17T16:40:05Z	2.13.0
3.12.41	named	io.nosqlbench	virtdata-realdata	2020-03-17T16:40:07Z	2.13.0
3.12.41	named	io.nosqlbench	virtdata-lib-random	2020-03-17T16:40:19Z	2.13.0
3.12.43	named	io.nosqlbench	virtdata-lib-random	2020-03-17T18:12:07Z	2.13.0
3.12.43	named	io.nosqlbench	virtdata-realdata	2020-03-17T18:12:14Z	2.13.0
3.12.43	named	io.nosqlbench	virtdata-lib-curves4	2020-03-17T18:12:15Z	2.13.0
3.12.43	named	io.nosqlbench	virtdata-lib-realer	2020-03-17T18:12:22Z	2.13.0
3.12.44	named	io.nosqlbench	virtdata-lib-realer	2020-03-17T20:03:58Z	2.13.0
3.12.44	named	io.nosqlbench	virtdata-lib-curves4	2020-03-17T20:04:22Z	2.13.0
3.12.44	named	io.nosqlbench	virtdata-realdata	2020-03-17T20:04:31Z	2.13.0
3.12.44	named	io.nosqlbench	virtdata-lib-random	2020-03-17T20:04:33Z	2.13.0
3.12.45	named	io.nosqlbench	virtdata-lib-random	2020-03-17T20:32:22Z	2.13.0
3.12.45	named	io.nosqlbench	virtdata-lib-realer	2020-03-17T20:32:28Z	2.13.0
3.12.45	named	io.nosqlbench	virtdata-lib-curves4	2020-03-17T20:32:57Z	2.13.0
3.12.45	named	io.nosqlbench	virtdata-realdata	2020-03-17T20:32:57Z	2.13.0
3.12.46	named	io.nosqlbench	virtdata-realdata	2020-03-19T15:36:12Z	2.13.0
3.12.46	named	io.nosqlbench	virtdata-lib-realer	2020-03-19T15:36:34Z	2.13.0
3.12.46	named	io.nosqlbench	virtdata-lib-random	2020-03-19T15:36:39Z	2.13.0
3.12.46	named	io.nosqlbench	virtdata-lib-curves4	2020-03-19T15:37:12Z	2.13.0
3.12.47	named	io.nosqlbench	virtdata-lib-realer	2020-03-19T16:45:05Z	2.13.0
3.12.47	named	io.nosqlbench	virtdata-realdata	2020-03-19T16:45:27Z	2.13.0
3.12.47	named	io.nosqlbench	virtdata-lib-random	2020-03-19T16:45:35Z	2.13.0
3.12.47	named	io.nosqlbench	virtdata-lib-curves4	2020-03-19T16:45:45Z	2.13.0
3.12.48	named	io.nosqlbench	virtdata-lib-random	2020-03-19T18:30:43Z	2.13.0
3.12.48	named	io.nosqlbench	virtdata-lib-curves4	2020-03-19T18:31:08Z	2.13.0
3.12.48	named	io.nosqlbench	virtdata-lib-realer	2020-03-19T18:31:15Z	2.13.0
3.12.48	named	io.nosqlbench	virtdata-realdata	2020-03-19T18:31:16Z	2.13.0
1.2.2	named	com.github.vzakharchenko	radius-plugin	2020-03-24T13:41:37Z	2.13.1
0.5.2-1	named	com.ibm.ta.sdk	ta-sdk-sample	2020-03-25T02:29:43Z	2.13.0
0.5.2-2	named	com.ibm.ta.sdk	ta-sdk-sample	2020-03-25T06:25:50Z	2.13.0
3.12.52	named	io.nosqlbench	virtdata-lib-curves4	2020-03-25T17:28:05Z	2.13.0
3.12.53	named	io.nosqlbench	virtdata-lib-curves4	2020-03-25T18:40:57Z	2.13.0
3.12.54	named	io.nosqlbench	virtdata-lib-curves4	2020-03-25T19:01:55Z	2.13.0
3.12.55	named	io.nosqlbench	virtdata-lib-curves4	2020-03-25T19:29:51Z	2.13.0
3.12.60	named	io.nosqlbench	virtdata-lib-curves4	2020-03-25T21:54:55Z	2.13.0
3.12.61	named	io.nosqlbench	virtdata-lib-curves4	2020-03-25T23:24:34Z	2.13.0
3.12.62	named	io.nosqlbench	virtdata-lib-curves4	2020-03-26T07:06:25Z	2.13.0
3.12.66	named	io.nosqlbench	virtdata-lib-curves4	2020-03-26T21:20:29Z	2.13.0
3.12.67	named	io.nosqlbench	virtdata-lib-curves4	2020-03-27T02:35:06Z	2.13.0
3.12.70	named	io.nosqlbench	virtdata-lib-curves4	2020-03-28T00:15:21Z	2.13.0
3.12.71	named	io.nosqlbench	virtdata-lib-curves4	2020-03-28T07:13:50Z	2.13.0
3.12.72	named	io.nosqlbench	virtdata-lib-curves4	2020-03-30T04:26:08Z	2.13.0
3.12.73	named	io.nosqlbench	virtdata-lib-curves4	2020-03-30T05:28:33Z	2.13.0
3.12.74	named	io.nosqlbench	virtdata-lib-curves4	2020-04-01T20:27:10Z	2.13.0
3.12.75	named	io.nosqlbench	virtdata-lib-curves4	2020-04-01T20:47:39Z	2.13.0
3.12.76	named	io.nosqlbench	virtdata-lib-curves4	2020-04-02T14:25:48Z	2.13.0
CANARY-2.3.0	named	org.linqs	psl-cli	2020-04-03T02:07:53Z	2.13.0
2.0.0	named	org.apache.flink	statefun-ridesharing-example-simulator	2020-04-03T03:17:23Z	
3.12.77	named	io.nosqlbench	virtdata-lib-curves4	2020-04-03T05:48:10Z	2.13.0
3.12.78	named	io.nosqlbench	virtdata-lib-curves4	2020-04-06T08:27:08Z	2.13.0
3.12.79	named	io.nosqlbench	virtdata-lib-curves4	2020-04-06T16:48:57Z	2.13.0
3.12.81	named	io.nosqlbench	virtdata-lib-curves4	2020-04-07T05:23:05Z	2.13.0
4.10.1	named	com.sagframe	sqltoy-quickvo	2020-04-08T09:15:21Z	2.13.1
3.12.82	named	io.nosqlbench	virtdata-lib-curves4	2020-04-08T20:26:02Z	2.13.0
4.10.8	named	com.sagframe	sqltoy-quickvo	2020-04-09T08:09:24Z	2.13.1
4.10.9	named	com.sagframe	sqltoy-quickvo	2020-04-09T11:36:06Z	2.13.1
4.11.0	named	com.sagframe	sqltoy-quickvo	2020-04-12T05:03:56Z	2.13.1
4.11.1	named	com.sagframe	sqltoy-quickvo	2020-04-13T12:21:38Z	2.13.1
2.5.1	named	org.apache.pulsar	pulsar-functions-runtime-all	2020-04-15T10:35:53Z	
3.12.83	named	io.nosqlbench	virtdata-lib-curves4	2020-04-15T22:14:21Z	2.13.0
3.12.84	named	io.nosqlbench	virtdata-lib-curves4	2020-04-15T22:36:13Z	2.13.0
3.12.85	named	io.nosqlbench	virtdata-lib-curves4	2020-04-16T13:42:38Z	2.13.0
3.12.86	named	io.nosqlbench	nb	2020-04-16T16:34:28Z	2.13.0
3.12.86	named	io.nosqlbench	virtdata-lib-curves4	2020-04-16T16:34:31Z	2.13.0
4.11.5	named	com.sagframe	sqltoy-quickvo	2020-04-17T12:51:05Z	2.13.1
3.12.87	named	io.nosqlbench	nb	2020-04-17T19:13:51Z	2.13.0
3.12.87	named	io.nosqlbench	virtdata-lib-curves4	2020-04-17T19:14:00Z	2.13.0
0.0.14-beta-1	named	com.theartos	artos	2020-04-19T07:09:16Z	
3.12.88	named	io.nosqlbench	nb	2020-04-20T07:37:37Z	2.13.0
3.12.88	named	io.nosqlbench	virtdata-lib-curves4	2020-04-20T07:37:49Z	2.13.0
2.13.2	named	org.apache.logging.log4j	log4j-api	2020-04-21T04:37:28Z	2.13.2
3.12.89	named	io.nosqlbench	virtdata-lib-curves4	2020-04-24T13:56:29Z	2.13.0
6.0.0	named	com.datarobot	datarobot-mlops	2020-04-24T16:34:48Z	2.12.0
3.12.90	named	io.nosqlbench	virtdata-lib-curves4	2020-04-27T06:53:47Z	2.13.0
3.12.91	named	io.nosqlbench	virtdata-lib-curves4	2020-04-27T16:17:53Z	2.13.0
2.3.0	named	com.nimblygames.packr	packr-all	2020-04-29T05:38:28Z	2.13.1
1.2.3	named	com.github.vzakharchenko	radius-plugin	2020-04-29T06:19:58Z	2.13.2
4.11.7	named	com.sagframe	sqltoy-quickvo	2020-04-30T09:55:54Z	2.13.2
3.12.92	named	io.nosqlbench	virtdata-lib-curves4	2020-04-30T16:54:15Z	2.13.0
3.12.93	named	io.nosqlbench	virtdata-lib-curves4	2020-04-30T19:34:30Z	2.13.0
3.12.94	named	io.nosqlbench	virtdata-lib-curves4	2020-04-30T22:12:17Z	2.13.0
3.12.95	named	io.nosqlbench	virtdata-lib-curves4	2020-05-01T00:12:16Z	2.13.0
3.12.96	named	io.nosqlbench	virtdata-lib-curves4	2020-05-01T18:04:43Z	2.13.0
3.12.97	named	io.nosqlbench	virtdata-lib-curves4	2020-05-02T07:10:06Z	2.13.0
2.0.3	named	org.ops4j.pax.logging	pax-logging-api	2020-05-04T10:46:20Z	2.13.2
3.12.98	named	io.nosqlbench	virtdata-lib-curves4	2020-05-04T14:30:20Z	2.13.0
3.12.99	named	io.nosqlbench	virtdata-lib-curves4	2020-05-04T17:59:03Z	2.13.0
2.4.2	named	com.nimblygames.packr	packr-all	2020-05-07T05:38:02Z	2.13.1
4.11.8	named	com.sagframe	sqltoy-quickvo	2020-05-08T16:28:45Z	2.13.2
2.13.3	named	org.apache.logging.log4j	log4j-api	2020-05-10T19:08:23Z	2.13.3
3.12.103	named	io.nosqlbench	driver-cql-shaded	2020-05-11T19:35:30Z	2.13.0
3.12.104	named	io.nosqlbench	driver-cql-shaded	2020-05-12T14:54:00Z	2.13.0
2.5.2	named	org.apache.pulsar	pulsar-functions-runtime-all	2020-05-13T20:16:18Z	
4.11.9	named	com.sagframe	sqltoy-quickvo	2020-05-14T15:07:16Z	2.13.2
3.15.0	named	org.apache.jena	jena-fuseki-server	2020-05-15T12:58:19Z	2.13.1
3.15.0	named	org.apache.jena	jena-fuseki-fulljar	2020-05-15T13:00:49Z	2.13.1
3.15.0	named	org.apache.jena	jena-fuseki-geosparql	2020-05-15T13:05:28Z	2.13.1
3.12.106	named	io.nosqlbench	driver-cql-shaded	2020-05-15T16:53:19Z	2.13.0
1.0.16	named	com.microsoft.azure	azure-cosmos-cassandra-uploader	2020-05-15T20:02:34Z	2.12.1
1.2.4	named	com.github.vzakharchenko	radius-plugin	2020-05-17T09:43:15Z	2.13.3
6.1.3	named	com.datarobot	datarobot-mlops	2020-05-18T20:33:45Z	2.12.0
3.12.109	named	io.nosqlbench	driver-cql-shaded	2020-05-21T14:10:41Z	2.13.0
3.12.110	named	io.nosqlbench	driver-cql-shaded	2020-05-21T16:42:38Z	2.13.0
3.12.111	named	io.nosqlbench	driver-cql-shaded	2020-05-21T17:05:11Z	2.13.0
3.12.113	named	io.nosqlbench	driver-cql-shaded	2020-05-21T20:53:45Z	2.13.0
3.12.114	named	io.nosqlbench	driver-cql-shaded	2020-05-21T21:57:39Z	2.13.0
2.5.0	named	com.nimblygames.packr	packr-all	2020-05-26T04:58:59Z	2.13.1
3.12.115	named	io.nosqlbench	driver-cql-shaded	2020-05-27T18:13:56Z	2.13.0
3.12.116	named	io.nosqlbench	driver-cql-shaded	2020-05-27T18:54:50Z	2.13.0
3.12.117	named	io.nosqlbench	driver-cql-shaded	2020-05-28T03:41:52Z	2.13.0
3.12.119	named	io.nosqlbench	driver-cql-shaded	2020-06-01T05:32:10Z	2.13.0
2.1.0	named	org.apache.flink	statefun-ridesharing-example-simulator	2020-06-01T06:14:36Z	
2.6.0	named	com.nimblygames.packr	packr-all	2020-06-03T05:46:34Z	2.13.1
1.8.0	named	com.khubla.olmreader	olmreader	2020-06-06T20:50:28Z	2.13.3
3.12.120	named	io.nosqlbench	driver-cql-shaded	2020-06-08T23:25:51Z	2.13.0
3.2.2	named	za.co.absa.hyperdrive	hyperdrive-release	2020-06-09T10:09:23Z	
2.6.0	named	org.apache.pulsar	pulsar-functions-runtime-all	2020-06-10T07:50:26Z	
3.12.121	named	io.nosqlbench	driver-cql-shaded	2020-06-15T16:26:48Z	2.13.0
2.6.2	named	com.nimblygames.packr	packr-all	2020-06-17T03:06:46Z	2.13.1
5.18	named	nl.basjes.parse.useragent	yauaa-commandline	2020-06-17T10:41:13Z	2.13.3
3.12.122	named	io.nosqlbench	driver-cql-shaded	2020-06-17T23:07:36Z	2.13.0
3.3.0	named	za.co.absa.hyperdrive	hyperdrive-release	2020-06-18T14:33:22Z	
3.12.123	named	io.nosqlbench	driver-cql-shaded	2020-06-18T16:35:19Z	2.13.0
2.2.0	named	org.apache.storm	storm-kafka-migration	2020-06-18T17:19:00Z	
2.2.0	named	org.apache.storm	blobstore-migrator	2020-06-18T17:20:26Z	
2.2.0	named	org.apache.storm	flux-examples	2020-06-18T17:21:56Z	
2.2.0	named	org.apache.storm	storm-starter	2020-06-18T17:24:00Z	
2.2.0	named	org.apache.storm	storm-hdfs-examples	2020-06-18T17:26:17Z	
2.2.0	named	org.apache.storm	storm-hbase-examples	2020-06-18T17:27:13Z	
2.2.0	named	org.apache.storm	storm-hive-examples	2020-06-18T17:28:18Z	
2.2.0	named	org.apache.storm	storm-perf	2020-06-18T17:30:27Z	
1.2.5	named	com.github.vzakharchenko	radius-plugin	2020-06-19T17:06:45Z	2.13.3
2.6.3	named	com.nimblygames.packr	packr-all	2020-06-25T02:34:33Z	2.13.1
2.6.4	named	com.nimblygames.packr	packr-all	2020-06-29T03:14:00Z	2.13.1
3.12.124	named	io.nosqlbench	driver-cql-shaded	2020-06-30T21:54:30Z	2.13.0
3.12.125	named	io.nosqlbench	driver-cql-shaded	2020-07-01T02:08:02Z	2.13.0
2.0.4	named	org.ops4j.pax.logging	pax-logging-api	2020-07-01T14:21:56Z	2.13.3
3.12.126	named	io.nosqlbench	driver-cql-shaded	2020-07-06T16:33:51Z	2.13.3
3.12.127	named	io.nosqlbench	driver-cql-shaded	2020-07-09T12:26:42Z	2.13.3
3.12.128	named	io.nosqlbench	driver-cql-shaded	2020-07-09T15:50:47Z	2.13.3
3.16.0	named	org.apache.jena	jena-fuseki-server	2020-07-09T16:24:22Z	2.13.3
3.16.0	named	org.apache.jena	jena-fuseki-fulljar	2020-07-09T16:25:25Z	2.13.3
3.16.0	named	org.apache.jena	jena-fuseki-geosparql	2020-07-09T16:27:08Z	2.13.3
1.2.3	named	com.github.containersolutions	mysql-schema-sample	2020-07-13T08:15:39Z	2.13.3
1.2.3	named	com.github.containersolutions	webserver-sample	2020-07-13T08:15:44Z	2.13.3
3.12.129	named	io.nosqlbench	driver-cql-shaded	2020-07-15T14:07:33Z	2.13.3
3.12.130	named	io.nosqlbench	driver-cql-shaded	2020-07-16T17:14:13Z	2.13.3
3.12.131	named	io.nosqlbench	driver-cql-shaded	2020-07-18T00:12:22Z	2.13.3
4.0.0	named	za.co.absa.hyperdrive	hyperdrive-release	2020-07-20T09:55:19Z	2.13.3
1.3.0	named	com.github.containersolutions	mysql-schema-sample	2020-07-20T19:35:21Z	2.13.3
1.3.0	named	com.github.containersolutions	webserver-sample	2020-07-20T19:35:27Z	2.13.3
3.12.132	named	io.nosqlbench	driver-cql-shaded	2020-07-21T05:20:09Z	2.13.3
3.12.133	named	io.nosqlbench	driver-cql-shaded	2020-07-21T07:12:28Z	2.13.3
1.0.1-RELEASE	named	com.github.answerail	dingtalk-spring-boot-starter	2020-07-23T03:46:48Z	
1.0.2-RELEASE	named	com.github.answerail	dingtalk-spring-boot-starter	2020-07-23T09:46:47Z	
1.2.6	named	com.github.vzakharchenko	radius-plugin	2020-07-23T12:36:54Z	2.13.3
5.19	named	nl.basjes.parse.useragent	yauaa-commandline	2020-07-24T12:06:30Z	2.13.3
3.12.134	named	io.nosqlbench	driver-cql-shaded	2020-07-28T03:33:24Z	2.13.3
1.0.0	named	com.alibaba.ververica	flink-connector-test-util	2020-08-04T12:51:58Z	2.12.1
3.12.135	named	io.nosqlbench	driver-cql-shaded	2020-08-07T21:52:04Z	2.13.3
3.12.136	named	io.nosqlbench	driver-cql-shaded	2020-08-10T12:35:48Z	2.13.3
3.12.137	named	io.nosqlbench	driver-cql-shaded	2020-08-11T20:16:01Z	2.13.3
3.12.138	named	io.nosqlbench	driver-cql-shaded	2020-08-12T00:17:10Z	2.13.3
3.12.139	named	io.nosqlbench	driver-cql-shaded	2020-08-12T22:16:16Z	2.13.3
3.12.140	named	io.nosqlbench	driver-cql-shaded	2020-08-12T23:16:11Z	2.13.3
2.0.5	named	org.ops4j.pax.logging	pax-logging-api	2020-08-13T05:45:40Z	2.13.3
2.6.1	named	org.apache.pulsar	pulsar-functions-runtime-all	2020-08-14T16:45:34Z	
3.12.141	named	io.nosqlbench	driver-cql-shaded	2020-08-17T22:03:04Z	2.13.3
2.7.0	named	com.nimblygames.packr	packr-all	2020-08-22T02:08:41Z	2.13.1
2.2.5	named	org.robotframework	remoteswinglibrary	2020-08-24T12:06:43Z	2.13.0
1.0.0	named	org.apache.hadoop	hadoop-ozone-filesystem-shaded	2020-08-25T13:43:42Z	
1.1.0	named	com.alibaba.ververica	flink-connector-test-util	2020-09-02T08:26:19Z	2.12.1
3.12.142	named	io.nosqlbench	driver-cql-shaded	2020-09-03T18:10:38Z	2.13.3
1.00	named	cn.net.mugui	spring	2020-09-05T18:41:16Z	2.12.1
3.12.143	named	io.nosqlbench	driver-cql-shaded	2020-09-09T01:26:47Z	2.13.3
3.12.144	named	io.nosqlbench	driver-cql-shaded	2020-09-10T16:32:15Z	2.13.3
3.12.146	named	io.nosqlbench	driver-cql-shaded	2020-09-16T06:08:57Z	2.13.3
1.01	named	cn.net.mugui	spring	2020-09-16T13:51:15Z	2.12.1
3.12.147	named	io.nosqlbench	driver-cql-shaded	2020-09-17T00:38:52Z	2.13.3
3.12.148	named	io.nosqlbench	driver-cql-shaded	2020-09-17T04:42:22Z	2.13.3
3.12.149	named	io.nosqlbench	driver-cql-shaded	2020-09-17T08:53:46Z	2.13.3
3.12.150	named	io.nosqlbench	driver-cql-shaded	2020-09-22T18:24:14Z	2.13.3
2.2.0	named	org.apache.flink	statefun-ridesharing-example-simulator	2020-09-23T08:09:49Z	
3.12.151	named	io.nosqlbench	driver-cql-shaded	2020-09-24T03:33:27Z	2.13.3
3.12.152	named	io.nosqlbench	driver-cql-shaded	2020-09-24T19:42:58Z	2.13.3
3.12.153	named	io.nosqlbench	driver-cql-shaded	2020-09-24T23:52:33Z	2.13.3
1.5.0	named	com.macasaet.fernet	fernet-aws-secrets-manager-rotator	2020-09-26T00:49:26Z	2.13.2
1.02	named	cn.net.mugui	spring	2020-09-29T05:55:38Z	2.12.1
1.03	named	cn.net.mugui	spring	2020-09-29T10:42:54Z	2.12.1
1.05	named	cn.net.mugui	spring	2020-10-06T15:58:59Z	2.12.1
2.0.6	named	org.ops4j.pax.logging	pax-logging-api	2020-10-08T09:34:37Z	2.13.3
0.0.2-RELEASE	named	com.github.quickstart-nt-996	data-generator-hive	2020-10-10T04:35:22Z	
1.06	named	cn.net.mugui	spring	2020-10-13T06:10:17Z	2.12.1
1.1.2-rc2	named	io.mosip.registrationprocessor	registration-processor-common-camel-bridge	2020-10-23T10:34:36Z	
1.1.2-rc3	named	io.mosip.registrationprocessor	registration-processor-common-camel-bridge	2020-10-23T15:51:56Z	
1.1.2	named	io.mosip.registrationprocessor	registration-processor-common-camel-bridge	2020-10-24T15:46:03Z	
1.08	named	cn.net.mugui	spring	2020-10-25T10:43:13Z	2.12.1
3.12.154	named	io.nosqlbench	driver-cql-shaded	2020-10-25T21:21:23Z	2.13.3
1.10	named	cn.net.mugui	spring	2020-11-04T06:20:09Z	2.12.1
2.2.1	named	org.apache.flink	statefun-ridesharing-example-simulator	2020-11-04T08:32:10Z	
1.3.0	named	io.javaoperatorsdk	tomcat-sample	2020-11-05T12:03:02Z	2.13.3
1.3.0	named	io.javaoperatorsdk	webserver-sample	2020-11-05T12:03:15Z	2.13.3
1.3.0	named	io.javaoperatorsdk	mysql-schema-sample	2020-11-05T12:03:19Z	2.13.3
2.6.2	named	org.apache.pulsar	pulsar-functions-runtime-all	2020-11-06T09:01:58Z	
2.14.0	named	org.apache.logging.log4j	log4j-api	2020-11-06T21:02:51Z	2.14.0
1.6.0	named	io.github.shiruka	fragment	2020-11-12T01:16:32Z	2.14.0
1.6.1	named	io.github.shiruka	fragment	2020-11-12T07:23:50Z	2.14.0
3.2.10	named	io.github.shiruka	world-fragment	2020-11-12T07:26:36Z	2.14.0
3.1.0	named	io.github.shiruka	common	2020-11-12T13:13:58Z	2.14.0
3.2.0	named	io.github.shiruka	common	2020-11-12T13:28:08Z	2.14.0
1.8.0	named	io.github.shiruka	api	2020-11-12T14:07:05Z	2.14.0
3.3.0	named	io.github.shiruka	common	2020-11-12T14:47:10Z	2.14.0
1.9.0	named	io.github.shiruka	api	2020-11-12T15:31:19Z	2.14.0
3.12.155	named	io.nosqlbench	driver-dsegraph-shaded	2020-11-12T22:37:00Z	2.13.3
3.12.155	named	io.nosqlbench	driver-cql-shaded	2020-11-12T22:37:13Z	2.13.3
3.2.11	named	io.github.shiruka	world-fragment	2020-11-13T07:33:58Z	2.14.0
1.11	named	cn.net.mugui	spring	2020-11-13T08:58:26Z	2.12.1
3.4.0	named	io.github.shiruka	common	2020-11-13T15:51:24Z	2.14.0
4.2.0	named	org.neo4j	neo4j-logging	2020-11-17T11:17:16Z	2.13.3
1.12	named	cn.net.mugui	spring	2020-11-19T08:25:28Z	2.12.1
1.1.3-rc1	named	io.mosip.kernel	kernel-auth-adapter	2020-11-20T09:35:34Z	
4.1.0	named	za.co.absa.hyperdrive	hyperdrive-release	2020-11-20T15:11:56Z	2.13.3
5.20	named	nl.basjes.parse.useragent	yauaa-commandline	2020-11-22T15:51:22Z	2.14.0
1.1.3-rc1	named	io.mosip.registrationprocessor	registration-processor-common-camel-bridge	2020-11-24T01:05:18Z	
1.1.3-rc2	named	io.mosip.kernel	kernel-auth-adapter	2020-11-24T07:25:43Z	
1.1.3-rc2	named	io.mosip.registrationprocessor	registration-processor-common-camel-bridge	2020-11-24T08:55:38Z	
1.13	named	cn.net.mugui	spring	2020-11-25T11:11:37Z	2.12.1
3.17.0	named	org.apache.jena	jena-fuseki-server	2020-11-25T19:50:00Z	2.14.0
3.17.0	named	org.apache.jena	jena-fuseki-fulljar	2020-11-25T19:50:51Z	2.14.0
3.17.0	named	org.apache.jena	jena-fuseki-geosparql	2020-11-25T19:52:24Z	2.14.0
4.2.1	named	org.neo4j	neo4j-logging	2020-11-26T11:54:41Z	2.13.3
2.7.0	named	org.apache.pulsar	pulsar-functions-runtime-all	2020-11-26T13:10:04Z	
0.0.1	named	es.us.isa	json-mutator	2020-11-30T17:55:16Z	2.13.3
0.0.1	named	es.us.isa	idl-reasoner	2020-12-01T17:55:09Z	
6.5.4.20201101-RELEASE	named	com.github.code-cubic	elasticsearch-tool	2020-12-07T06:47:00Z	
6.5.4.20201110-RELEASE	named	com.github.code-cubic	elasticsearch-tool	2020-12-07T08:33:22Z	
1.1.3	named	io.mosip.kernel	kernel-auth-adapter	2020-12-08T03:49:48Z	
3.12.200	named	io.nosqlbench	driver-dsegraph-shaded	2020-12-08T19:22:46Z	2.13.3
3.12.200	named	io.nosqlbench	driver-cql-shaded	2020-12-08T19:23:33Z	2.13.3
1.1.3	named	io.mosip.registrationprocessor	registration-processor-common-camel-bridge	2020-12-09T06:56:01Z	
1.4.0	named	io.javaoperatorsdk	mysql-schema-sample	2020-12-09T09:43:44Z	2.13.3
1.4.0	named	io.javaoperatorsdk	webserver-sample	2020-12-09T09:43:46Z	2.13.3
1.4.0	named	io.javaoperatorsdk	tomcat-sample	2020-12-09T09:43:48Z	2.13.3
1.2.7	named	com.jpaulmorrison	javafbp-websockets	2020-12-11T16:06:59Z	2.14.0
5.21	named	nl.basjes.parse.useragent	yauaa-commandline	2020-12-14T15:52:15Z	2.14.0
0.9.0	named	org.seaborne.rdf-delta	rdf-delta-server	2020-12-15T11:12:10Z	2.14.0
0.9.0	named	org.seaborne.rdf-delta	rdf-delta-fuseki-server	2020-12-15T11:12:48Z	2.14.0
1.5.0	named	io.javaoperatorsdk	webserver-sample	2020-12-15T11:56:32Z	2.13.3
1.5.0	named	io.javaoperatorsdk	tomcat-sample	2020-12-15T11:56:39Z	2.13.3
1.5.0	named	io.javaoperatorsdk	mysql-schema-sample	2020-12-15T11:56:42Z	2.13.3
1.2.9	named	com.github.vzakharchenko	radius-plugin	2020-12-17T20:39:54Z	2.14.0
1.3.0	named	com.github.vzakharchenko	radius-plugin	2020-12-18T08:15:23Z	2.14.0
1.3.1	named	com.github.vzakharchenko	radius-plugin	2020-12-18T14:30:29Z	2.14.0
1.6.1	named	io.javaoperatorsdk	mysql-schema-sample	2020-12-18T17:14:46Z	2.13.3
1.6.1	named	io.javaoperatorsdk	webserver-sample	2020-12-18T17:15:00Z	2.13.3
3.12.201	named	io.nosqlbench	driver-cql-shaded	2020-12-18T22:48:31Z	2.13.3
3.12.201	named	io.nosqlbench	driver-dsegraph-shaded	2020-12-18T22:49:07Z	2.13.3
1.1.1	named	com.alibaba.ververica	flink-connector-test-util	2020-12-21T02:26:25Z	2.12.1
2.2.2	named	org.apache.flink	statefun-ridesharing-example-simulator	2020-12-23T05:41:35Z	
4.2.2	named	org.neo4j	neo4j-logging	2021-01-07T21:28:48Z	2.14.0
1.3.2	named	com.github.vzakharchenko	radius-plugin	2021-01-09T21:50:35Z	2.14.0
1.6.2	named	io.javaoperatorsdk	mysql-schema-sample	2021-01-12T16:01:36Z	2.13.3
1.6.2	named	io.javaoperatorsdk	webserver-sample	2021-01-12T16:01:44Z	2.13.3
6.5.4.20210101-RELEASE	named	com.github.code-cubic	elasticsearch-tool	2021-01-13T04:37:13Z	
2.6.3	named	org.apache.pulsar	pulsar-functions-runtime-all	2021-01-13T08:44:06Z	
1.7.1	named	org.powertac	sample-broker	2021-01-14T14:20:27Z	2.12.1
1.7.0	named	io.javaoperatorsdk	webserver-sample	2021-01-18T13:02:47Z	2.13.3
1.7.0	named	io.javaoperatorsdk	mysql-schema-sample	2021-01-18T13:03:21Z	2.13.3
1.3.3	named	com.github.vzakharchenko	radius-plugin	2021-01-24T09:21:53Z	2.14.0
0.2.0	named	org.tbee.xml2xxx	xml2yaml-application	2021-01-24T22:01:54Z	2.12.1
0.3.0	named	org.tbee.xml2xxx	xml2yaml-application	2021-01-25T19:24:34Z	2.12.1
4.2.3	named	org.neo4j	neo4j-logging	2021-01-26T13:23:10Z	2.14.0
0.4.0	named	org.tbee.xml2xxx	xml2yaml-application	2021-01-27T19:43:08Z	2.12.1
1.7.1	named	io.javaoperatorsdk	mysql-schema-sample	2021-01-29T11:53:15Z	2.13.3
1.7.1	named	io.javaoperatorsdk	webserver-sample	2021-01-29T11:53:16Z	2.13.3
1.1.4-rc1	named	io.mosip.kernel	kernel-auth-adapter	2021-02-03T02:45:16Z	
1.1.4-rc1	named	io.mosip.registrationprocessor	registration-processor-common-camel-bridge	2021-02-04T00:32:22Z	
1.1.4	named	io.mosip.kernel	kernel-auth-adapter	2021-02-10T17:20:05Z	
1.1.4	named	io.mosip.registrationprocessor	registration-processor-common-camel-bridge	2021-02-11T15:09:11Z	
1.1.0	named	org.apache.hbase.operator.tools	hbase-hbck2	2021-02-13T05:36:30Z	
1.1.0	named	org.apache.hbase.operator.tools	hbase-tools	2021-02-13T05:37:17Z	
1.3.4	named	com.github.vzakharchenko	radius-plugin	2021-02-19T10:12:28Z	2.14.0
2.0.7	named	org.ops4j.pax.logging	pax-logging-api	2021-02-19T10:45:40Z	2.14.0
5.22	named	nl.basjes.parse.useragent	yauaa-commandline	2021-02-22T15:07:15Z	2.14.0
2.0.8	named	org.ops4j.pax.logging	pax-logging-api	2021-02-23T15:38:18Z	2.14.0
0.9.1	named	org.seaborne.rdf-delta	rdf-delta-server	2021-02-24T15:03:07Z	2.14.0
0.9.1	named	org.seaborne.rdf-delta	rdf-delta-fuseki-server	2021-02-24T15:04:02Z	2.14.0
1.2.0	named	com.alibaba.ververica	flink-connector-test-util	2021-02-26T10:32:55Z	2.12.1
1.3.5	named	com.github.vzakharchenko	radius-plugin	2021-03-02T07:34:43Z	2.14.0
0.0.2	named	es.us.isa	idl-reasoner	2021-03-04T11:09:21Z	
5.23	named	nl.basjes.parse.useragent	yauaa-commandline	2021-03-05T11:15:13Z	2.14.0
2.7.1	named	org.apache.pulsar	pulsar-functions-runtime-all	2021-03-06T10:40:41Z	
2.14.1	named	org.apache.logging.log4j	log4j-api	2021-03-07T05:11:48Z	2.14.1
6.5.4.20210220-RELEASE	named	com.github.code-cubic	elasticsearch-tool	2021-03-10T03:00:55Z	
4.2.1	named	za.co.absa.hyperdrive	hyperdrive-release_spark-2_2.11	2021-03-10T12:56:47Z	2.13.3
4.2.1	named	za.co.absa.hyperdrive	hyperdrive-release_spark-2_2.12	2021-03-10T13:02:08Z	2.13.3
4.2.1	named	za.co.absa.hyperdrive	hyperdrive-release_spark-3_2.12	2021-03-10T13:08:06Z	2.13.3
2.31.1	named	com.netflix.conductor	conductor-es6-persistence	2021-03-11T07:31:10Z	
3.12.202	named	io.nosqlbench	driver-cql-shaded	2021-03-11T16:39:26Z	2.13.3
3.12.202	named	io.nosqlbench	driver-dsegraph-shaded	2021-03-11T16:39:35Z	2.13.3
0.8.0	named	io.github.basilapi	basil-server	2021-03-12T18:25:14Z	2.13.3
0.9.2	named	org.seaborne.rdf-delta	rdf-delta-server	2021-03-16T10:21:41Z	2.14.0
0.9.2	named	org.seaborne.rdf-delta	rdf-delta-fuseki-server	2021-03-16T10:22:25Z	2.14.0
6.5.4.20210310-RELEASE	named	com.github.code-cubic	elasticsearch-tool	2021-03-17T08:52:51Z	
4.2.4	named	org.neo4j	neo4j-logging	2021-03-18T12:34:16Z	2.14.0
4.0.0	named	org.apache.jena	jena-fuseki-server	2021-03-27T10:40:17Z	2.14.1
4.0.0	named	org.apache.jena	jena-fuseki-fulljar	2021-03-27T10:41:13Z	2.14.1
4.0.0	named	org.apache.jena	jena-fuseki-geosparql	2021-03-27T10:42:58Z	2.14.1
4.0.0	named	org.apache.jena	jena-jdbc-driver-bundle	2021-03-27T10:47:47Z	2.14.1
1.1.0	named	io.michaelrocks.pablo	pablo	2021-03-28T20:57:57Z	2.13.3
1.1.1	named	io.michaelrocks.pablo	pablo	2021-03-29T09:50:54Z	2.13.3
1.3.0	named	com.alibaba.ververica	flink-connector-test-util	2021-03-29T11:35:17Z	2.12.1
0.0.7.2	named	com.weblyzard.sparql	streaming-client	2021-04-01T05:33:13Z	
2.31.2	named	com.netflix.conductor	conductor-es6-persistence	2021-04-01T20:49:37Z	
1.1.2	named	io.michaelrocks.pablo	pablo	2021-04-04T20:04:49Z	2.13.3
1.1.3	named	io.michaelrocks.pablo	pablo	2021-04-04T21:31:09Z	2.13.3
0.9.0-alpha	named	org.wso2.am.choreo.connect	org.wso2.choreo.connect.enforcer	2021-04-08T07:52:37Z	2.13.3
0.9.0-alpha2	named	org.wso2.am.choreo.connect	org.wso2.choreo.connect.enforcer	2021-04-09T11:06:55Z	2.13.3
4.2.5	named	org.neo4j	neo4j-logging	2021-04-09T11:42:12Z	2.14.0
1.2.0	named	io.michaelrocks.pablo	pablo	2021-04-11T19:04:58Z	2.13.3
1.1.5-rc1	named	io.mosip.kernel	kernel-auth-adapter	2021-04-12T07:51:50Z	
1.1.5-rc1	named	io.mosip.registrationprocessor	registration-processor-common-camel-bridge	2021-04-12T12:36:48Z	
4.2.2	named	za.co.absa.hyperdrive	hyperdrive-release_spark-2_2.11	2021-04-13T16:00:57Z	2.13.3
4.2.2	named	za.co.absa.hyperdrive	hyperdrive-release_spark-2_2.12	2021-04-13T16:09:33Z	2.13.3
4.2.2	named	za.co.absa.hyperdrive	hyperdrive-release_spark-3_2.12	2021-04-13T16:15:14Z	2.13.3
4.5.7-eu	named	org.bitbucket.bradleysmithllc.etlunit	etlunit-application-assembly	2021-04-14T05:06:04Z	2.14.1
2.31.3	named	com.netflix.conductor	conductor-es6-persistence	2021-04-14T20:41:30Z	
4.5.8-eu	named	org.bitbucket.bradleysmithllc.etlunit	etlunit-application-assembly	2021-04-14T21:21:46Z	2.14.1
4.5.9-eu	named	org.bitbucket.bradleysmithllc.etlunit	etlunit-application-assembly	2021-04-19T22:34:50Z	2.14.1
0.9.0-beta	named	org.wso2.am.choreo.connect	org.wso2.choreo.connect.enforcer	2021-04-20T07:58:21Z	2.13.3
4.3.0	named	za.co.absa.hyperdrive	hyperdrive-release_spark-2_2.11	2021-04-20T15:31:42Z	2.13.3
4.3.0	named	za.co.absa.hyperdrive	hyperdrive-release_spark-2_2.12	2021-04-20T15:53:01Z	2.13.3
4.3.0	named	za.co.absa.hyperdrive	hyperdrive-release_spark-3_2.12	2021-04-20T16:37:16Z	2.13.3
4.5.10-eu	named	org.bitbucket.bradleysmithllc.etlunit	etlunit-application-assembly	2021-04-20T17:16:59Z	2.14.1
4.5.11-eu	named	org.bitbucket.bradleysmithllc.etlunit	etlunit-application-assembly	2021-04-20T19:16:22Z	2.14.1
1.1.5	named	io.mosip.kernel	kernel-auth-adapter	2021-04-21T02:17:18Z	
4.5.12-eu	named	org.bitbucket.bradleysmithllc.etlunit	etlunit-application-assembly	2021-04-21T16:27:19Z	2.14.1
4.5.13-eu	named	org.bitbucket.bradleysmithllc.etlunit	etlunit-application-assembly	2021-04-23T00:44:42Z	2.14.1
2.0.9	named	org.ops4j.pax.logging	pax-logging-api	2021-04-23T14:37:42Z	2.14.1
0.9.0	named	org.wso2.am.choreo.connect	org.wso2.choreo.connect.enforcer	2021-04-24T07:58:36Z	2.13.3
1.1.5	named	io.mosip.registrationprocessor	registration-processor-common-camel-bridge	2021-04-24T14:42:02Z	
4.5.14-eu	named	org.bitbucket.bradleysmithllc.etlunit	etlunit-application-assembly	2021-04-24T23:48:36Z	2.14.1
2.7.1.4	named	io.streamnative	pulsar-functions-runtime-all	2021-04-28T11:59:15Z	
2.6.3.4	named	io.streamnative	pulsar-functions-runtime-all	2021-04-28T23:26:11Z	
2.6.3.1	named	io.streamnative	pulsar-functions-runtime-all	2021-04-28T23:32:51Z	
2.7.1.5-rc-202104301334	named	io.streamnative	pulsar-functions-runtime-all	2021-04-30T05:47:51Z	
4.5.15-eu	named	org.bitbucket.bradleysmithllc.etlunit	etlunit-application-assembly	2021-05-02T03:22:34Z	2.14.1
4.5.16-eu	named	org.bitbucket.bradleysmithllc.etlunit	etlunit-application-assembly	2021-05-02T20:58:53Z	2.14.1
2.7.0.6-patch-3-1	named	io.streamnative	pulsar-functions-runtime-all	2021-05-04T03:02:22Z	
2.7.2	named	org.apache.pulsar	pulsar-functions-runtime-all	2021-05-04T11:06:40Z	
1.1.5.1	named	io.mosip.kernel	kernel-auth-adapter	2021-05-05T09:53:40Z	
4.2.6	named	org.neo4j	neo4j-logging	2021-05-05T11:40:07Z	2.14.0
2.7.1.5-rc-202105051501	named	io.streamnative	pulsar-functions-runtime-all	2021-05-05T15:18:18Z	
3.1	named	eu.europa.ec.eurostat	searoute-jar	2021-05-05T19:21:22Z	2.13.1
2.7.1.5-rc-202105062307	named	io.streamnative	pulsar-functions-runtime-all	2021-05-06T23:22:36Z	
1.3.6	named	com.github.vzakharchenko	radius-plugin	2021-05-07T19:07:27Z	2.14.1
2.7.1.5-rc-202105072323	named	io.streamnative	pulsar-functions-runtime-all	2021-05-07T23:40:50Z	
2.7.2.0-rc-202105080004	named	io.streamnative	pulsar-functions-runtime-all	2021-05-08T00:27:10Z	
2.7.2.0-rc-202105080044	named	io.streamnative	pulsar-functions-runtime-all	2021-05-08T01:16:22Z	
2.7.2.0-rc-202105080149	named	io.streamnative	pulsar-functions-runtime-all	2021-05-08T02:04:16Z	
2.7.1.5-rc-202105081130	named	io.streamnative	pulsar-functions-runtime-all	2021-05-08T11:46:25Z	
2.7.1.5	named	io.streamnative	pulsar-functions-runtime-all	2021-05-09T01:03:09Z	
2.7.1.5-rc-202105090530	named	io.streamnative	pulsar-functions-runtime-all	2021-05-09T05:44:00Z	
2.7.1.6-rc-202105101340	named	io.streamnative	pulsar-functions-runtime-all	2021-05-10T13:56:46Z	
2.31.4	named	com.netflix.conductor	conductor-es6-persistence	2021-05-10T23:31:19Z	
2.7.1.6-rc-202105110507	named	io.streamnative	pulsar-functions-runtime-all	2021-05-11T05:22:27Z	
4.4.0	named	za.co.absa.hyperdrive	hyperdrive-release_spark-2_2.11	2021-05-11T09:42:03Z	2.13.3
4.4.0	named	za.co.absa.hyperdrive	hyperdrive-release_spark-2_2.12	2021-05-11T10:18:23Z	2.13.3
4.4.0	named	za.co.absa.hyperdrive	hyperdrive-release_spark-3_2.12	2021-05-11T10:35:20Z	2.13.3
1.4.0	named	com.alibaba.ververica	flink-connector-test-util	2021-05-12T02:55:15Z	2.12.1
4.5.17-eu	named	org.bitbucket.bradleysmithllc.etlunit	etlunit-application-assembly	2021-05-12T06:03:25Z	2.14.1
2.7.2.1-rc-202105121338	named	io.streamnative	pulsar-functions-runtime-all	2021-05-12T14:06:40Z	
2.7.2.1-rc-202105122132	named	io.streamnative	pulsar-functions-runtime-all	2021-05-12T21:48:19Z	
4.5.18-eu	named	org.bitbucket.bradleysmithllc.etlunit	etlunit-application-assembly	2021-05-12T22:33:10Z	2.14.1
2.7.2.1-rc-202105130808	named	io.streamnative	pulsar-functions-runtime-all	2021-05-13T08:23:19Z	
4.5.19-eu	named	org.bitbucket.bradleysmithllc.etlunit	etlunit-application-assembly	2021-05-13T12:45:55Z	2.14.1
4.5.20-eu	named	org.bitbucket.bradleysmithllc.etlunit	etlunit-application-assembly	2021-05-14T04:26:29Z	2.14.1
2.7.2.1-rc-202105140643	named	io.streamnative	pulsar-functions-runtime-all	2021-05-14T06:59:12Z	
1.1.5.2	named	io.mosip.kernel	kernel-auth-adapter	2021-05-14T07:56:53Z	
4.5.21-eu	named	org.bitbucket.bradleysmithllc.etlunit	etlunit-application-assembly	2021-05-14T17:59:10Z	2.14.1
4.5.22-eu	named	org.bitbucket.bradleysmithllc.etlunit	etlunit-application-assembly	2021-05-14T23:20:34Z	2.14.1
2.7.2.1-rc-202105140121	named	io.streamnative	pulsar-functions-runtime-all	2021-05-16T01:47:54Z	
2.7.2.1	named	io.streamnative	pulsar-functions-runtime-all	2021-05-16T08:28:55Z	
2.0.0-BETA	named	org.apache.tika	tika-fetcher-http	2021-05-19T15:06:29Z	2.14.1
2.0.0-BETA	named	org.apache.tika	tika-fetcher-s3	2021-05-19T15:06:43Z	2.14.1
2.0.0-BETA	named	org.apache.tika	tika-emitter-s3	2021-05-19T15:06:59Z	2.14.1
2.0.0-BETA	named	org.apache.tika	tika-emitter-solr	2021-05-19T15:07:19Z	2.14.1
2.0.0-BETA	named	org.apache.tika	tika-pipes-iterator-s3	2021-05-19T15:08:01Z	2.14.1
2.0.0-BETA	named	org.apache.tika	tika-server-client	2021-05-19T15:14:20Z	2.14.1
2.0.0-BETA	named	org.apache.tika	tika-eval-app	2021-05-19T15:16:20Z	2.14.1
0.7.0.TEST.RELEASE	named	io.microservices.tools.canvas	microservice-canvas-cli	2021-05-19T21:26:08Z	
0.7.0.RELEASE	named	io.microservices.tools.canvas	microservice-canvas-cli	2021-05-19T22:48:09Z	
2.7.2.2-rc-202105202227	named	io.streamnative	pulsar-functions-runtime-all	2021-05-20T22:43:18Z	
2.7.2.2-rc-202105210450	named	io.streamnative	pulsar-functions-runtime-all	2021-05-21T05:06:07Z	
2.7.2.2-rc-202105210936	named	io.streamnative	pulsar-functions-runtime-all	2021-05-21T09:51:05Z	
2.7.2.2-rc-202105211617	named	io.streamnative	pulsar-functions-runtime-all	2021-05-21T16:32:58Z	
2.7.2.2	named	io.streamnative	pulsar-functions-runtime-all	2021-05-22T00:39:39Z	
1.1.5.3	named	io.mosip.kernel	kernel-auth-adapter	2021-05-25T17:37:22Z	
2.7.2.3	named	io.streamnative	pulsar-functions-runtime-all	2021-05-27T12:09:27Z	
4.2.7	named	org.neo4j	neo4j-logging	2021-05-27T12:13:14Z	2.14.0
2.6.4	named	org.apache.pulsar	pulsar-functions-runtime-all	2021-05-28T09:30:27Z	2.14.0
4.5.23-eu	named	org.bitbucket.bradleysmithllc.etlunit	etlunit-application-assembly	2021-05-29T03:32:24Z	2.14.1
1.3.7	named	com.github.vzakharchenko	radius-plugin	2021-05-29T06:58:45Z	2.14.1
4.1.0	named	org.apache.jena	jena-fuseki-server	2021-05-31T20:39:50Z	2.14.1
4.1.0	named	org.apache.jena	jena-fuseki-fulljar	2021-05-31T20:40:42Z	2.14.1
4.1.0	named	org.apache.jena	jena-fuseki-geosparql	2021-05-31T20:42:18Z	2.14.1
4.1.0	named	org.apache.jena	jena-jdbc-driver-bundle	2021-05-31T20:47:25Z	2.14.1
2.7.2.4-rc-202106030805	named	io.streamnative	pulsar-functions-runtime-all	2021-06-03T07:20:16Z	
2.7.2.4	named	io.streamnative	pulsar-functions-runtime-all	2021-06-04T00:17:28Z	
4.3.0	named	org.neo4j	neo4j-logging	2021-06-10T12:29:57Z	2.14.0
1.0.0	named	org.vincenzolabs	paymaya-java-spring-sdk	2021-06-11T09:25:11Z	2.14.1
2.8.0	named	org.apache.pulsar	pulsar-functions-runtime-all	2021-06-12T08:29:08Z	2.14.0
v2.8.0-rc-202106121853	named	io.streamnative	pulsar-functions-runtime-all	2021-06-12T11:11:22Z	2.14.0
2.8.0-rc-202106121853	named	io.streamnative	pulsar-functions-runtime-all	2021-06-12T14:55:24Z	2.14.0
2.9.0-rc-202106122205	named	io.streamnative	pulsar-functions-runtime-all	2021-06-12T22:42:59Z	2.14.0
1.0.0	named	org.seaborne.rdf-delta	rdf-delta-server	2021-06-13T18:48:28Z	2.14.1
1.0.0	named	org.seaborne.rdf-delta	rdf-delta-fuseki-server	2021-06-13T18:49:11Z	2.14.1
2.9.0-rc-202106132205	named	io.streamnative	pulsar-functions-runtime-all	2021-06-13T22:44:12Z	2.14.0
2.9.0-rc-202106142205	named	io.streamnative	pulsar-functions-runtime-all	2021-06-14T22:41:45Z	2.14.0
2.7.2.5	named	io.streamnative	pulsar-functions-runtime-all	2021-06-15T02:10:18Z	
2.8.0-rc-202106151655	named	io.streamnative	pulsar-functions-runtime-all	2021-06-15T09:13:42Z	2.14.0
2.8.0-rc-202106151929	named	io.streamnative	pulsar-functions-runtime-all	2021-06-15T11:57:57Z	2.14.0
2.8.0-rc-202106151014	named	io.streamnative	pulsar-functions-runtime-all	2021-06-15T14:35:23Z	2.14.0
1.3.0	named	com.jpaulmorrison	javafbp-websockets	2021-06-15T18:09:34Z	2.14.0
2.9.0-rc-202106161005	named	io.streamnative	pulsar-functions-runtime-all	2021-06-16T14:26:08Z	2.14.0
2.9.0-rc-202106162205	named	io.streamnative	pulsar-functions-runtime-all	2021-06-16T22:39:56Z	2.14.0
2.8.0.1	named	io.streamnative	pulsar-functions-runtime-all	2021-06-17T03:22:38Z	2.14.0
0.0.3	named	io.thundra.agent	thundra-agent-maven-test-instrumentation	2021-06-17T07:09:15Z	2.14.1
4.2.8	named	org.neo4j	neo4j-logging	2021-06-18T13:39:34Z	2.14.0
1.3.8	named	com.github.vzakharchenko	radius-plugin	2021-06-19T15:07:10Z	2.14.1
2.9.0-rc-202106191455	named	io.streamnative	pulsar-functions-runtime-all	2021-06-19T15:14:30Z	2.14.0
2.9.0-rc-202106192205	named	io.streamnative	pulsar-functions-runtime-all	2021-06-19T22:40:05Z	2.14.0
2.9.0-rc-202106201258	named	io.streamnative	pulsar-functions-runtime-all	2021-06-20T13:16:45Z	2.14.0
2.9.0-rc-202106202206	named	io.streamnative	pulsar-functions-runtime-all	2021-06-20T22:38:18Z	2.14.0
4.3.1	named	org.neo4j	neo4j-logging	2021-06-21T14:08:00Z	2.14.0
2.9.0-rc-202106222205	named	io.streamnative	pulsar-functions-runtime-all	2021-06-22T22:40:07Z	2.14.0
2.9.0-rc-202106232205	named	io.streamnative	pulsar-functions-runtime-all	2021-06-23T22:41:14Z	2.14.0
2.9.0-rc-202106242205	named	io.streamnative	pulsar-functions-runtime-all	2021-06-24T22:43:11Z	2.14.0
2.8.0.2	named	io.streamnative	pulsar-functions-runtime-all	2021-06-25T00:06:10Z	2.14.0
2.8.0.3	named	io.streamnative	pulsar-functions-runtime-all	2021-06-25T06:57:28Z	2.14.0
4.4.1	named	za.co.absa.hyperdrive	hyperdrive-release_spark-2_2.11	2021-06-25T07:38:58Z	2.13.3
4.4.1	named	za.co.absa.hyperdrive	hyperdrive-release_spark-2_2.12	2021-06-25T07:46:17Z	2.13.3
4.4.1	named	za.co.absa.hyperdrive	hyperdrive-release_spark-3_2.12	2021-06-25T07:54:35Z	2.13.3
2.9.0-rc-202106262205	named	io.streamnative	pulsar-functions-runtime-all	2021-06-26T22:40:13Z	2.14.0
2.9.0-rc-202106282205	named	io.streamnative	pulsar-functions-runtime-all	2021-06-28T22:38:13Z	2.14.0
2.9.0-rc-202106292205	named	io.streamnative	pulsar-functions-runtime-all	2021-06-29T22:40:30Z	2.14.0
1.1.5.2	named	io.mosip.registrationprocessor	registration-processor-common-camel-bridge	2021-06-30T15:50:22Z	
2.9.0-rc-202106302205	named	io.streamnative	pulsar-functions-runtime-all	2021-06-30T22:38:37Z	2.14.0
4.3.2	named	org.neo4j	neo4j-logging	2021-07-01T14:10:51Z	2.14.0
2.8.0.4	named	io.streamnative	pulsar-functions-runtime-all	2021-07-02T07:57:39Z	2.14.0
4.2.9	named	org.neo4j	neo4j-logging	2021-07-02T11:57:56Z	2.14.0
2.9.0-rc-202107022206	named	io.streamnative	pulsar-functions-runtime-all	2021-07-02T22:43:19Z	2.14.0
2.9.0-rc-202107030819	named	io.streamnative	pulsar-functions-runtime-all	2021-07-03T00:37:48Z	2.14.0
6.5.4.20210702-RELEASE	named	com.github.code-cubic	elasticsearch-tool	2021-07-05T09:43:23Z	
2.7.2.6	named	io.streamnative	pulsar-functions-runtime-all	2021-07-05T11:18:30Z	
2.9.0-rc-202107072205	named	io.streamnative	pulsar-functions-runtime-all	2021-07-07T22:39:26Z	2.14.0
2.8.0.5	named	io.streamnative	pulsar-functions-runtime-all	2021-07-08T01:47:33Z	2.14.0
2.8.0.5	named	io.streamnative.pulsar.handlers	kafka-1-0	2021-07-08T12:49:13Z	2.13.3
1.3.0	named	io.michaelrocks.pablo	pablo	2021-07-08T20:59:40Z	2.14.1
2.9.0-rc-202107102205	named	io.streamnative	pulsar-functions-runtime-all	2021-07-10T22:42:39Z	2.14.0
1.3.1	named	io.michaelrocks.pablo	pablo	2021-07-11T21:18:52Z	2.14.1
2.9.0-rc-202107112205	named	io.streamnative	pulsar-functions-runtime-all	2021-07-11T22:36:51Z	2.14.0
1.3.9	named	com.github.vzakharchenko	radius-plugin	2021-07-12T12:15:17Z	2.14.1
2.7.2.7	named	io.streamnative	pulsar-functions-runtime-all	2021-07-12T12:39:39Z	
1.3.11	named	io.github.lxgaming	reconstruct-cli	2021-07-13T14:28:26Z	2.14.1
2.0.0	named	org.apache.tika	tika-fetcher-http	2021-07-14T17:54:42Z	2.14.1
2.0.0	named	org.apache.tika	tika-fetcher-s3	2021-07-14T17:54:56Z	2.14.1
2.0.0	named	org.apache.tika	tika-emitter-s3	2021-07-14T17:55:15Z	2.14.1
2.0.0	named	org.apache.tika	tika-emitter-solr	2021-07-14T17:55:32Z	2.14.1
2.0.0	named	org.apache.tika	tika-pipes-iterator-s3	2021-07-14T17:56:45Z	2.14.1
2.0.0	named	org.apache.tika	tika-server-client	2021-07-14T18:01:00Z	2.14.1
2.0.0	named	org.apache.tika	tika-eval-app	2021-07-14T18:05:44Z	2.14.1
2.8.0.6	named	io.streamnative	pulsar-functions-runtime-all	2021-07-15T12:52:23Z	2.14.0
2.9.0-rc-202107152205	named	io.streamnative	pulsar-functions-runtime-all	2021-07-15T22:42:21Z	2.14.0
0.0.4	named	io.thundra.agent	thundra-agent-maven-test-instrumentation	2021-07-16T08:58:21Z	2.14.1
2.9.0-rc-202107162205	named	io.streamnative	pulsar-functions-runtime-all	2021-07-16T22:40:38Z	2.14.0
2.9.0-rc-202107172205	named	io.streamnative	pulsar-functions-runtime-all	2021-07-17T22:40:52Z	2.14.0
2.8.0.6	named	io.streamnative.pulsar.handlers	kafka-1-0	2021-07-18T11:22:38Z	2.13.3
2.7.3-rc-202107191425	named	io.streamnative	pulsar-functions-runtime-all	2021-07-19T06:41:06Z	
2.9.0-rc-202107192205	named	io.streamnative	pulsar-functions-runtime-all	2021-07-19T22:45:03Z	2.14.0
1.8.0	named	com.yandex.ydb	ydb-sdk-jdbc-uberjar	2021-07-21T08:56:42Z	2.14.0
2.7.3	named	org.apache.pulsar	pulsar-functions-runtime-all	2021-07-21T10:56:21Z	
2.3.0	named	com.navercorp.pinpoint	pinpoint-tools	2021-07-23T02:58:48Z	2.12.1
2.7.2.8	named	io.streamnative	pulsar-functions-runtime-all	2021-07-25T02:27:40Z	
1.3.10	named	com.github.vzakharchenko	radius-plugin	2021-07-31T19:25:51Z	2.14.1
2.8.0.8	named	io.streamnative.pulsar.handlers	kafka-1-0	2021-08-01T08:55:38Z	2.13.3
2.8.0.9	named	io.streamnative.pulsar.handlers	kafka-1-0	2021-08-06T07:06:44Z	2.13.3
2.7.2.9	named	io.streamnative	pulsar-functions-runtime-all	2021-08-06T09:34:40Z	
0.1.0	named	org.du-lab.adap-big	input	2021-08-06T17:41:32Z	2.13.3
4.3.3	named	org.neo4j	neo4j-logging	2021-08-09T11:02:18Z	2.14.0
2.8.0.10	named	io.streamnative.pulsar.handlers	kafka-1-0	2021-08-09T15:05:44Z	2.13.3
2.7.2.10-rc-202108092318	named	io.streamnative	pulsar-functions-runtime-all	2021-08-09T15:38:51Z	
2.7.2.10	named	io.streamnative	pulsar-functions-runtime-all	2021-08-10T01:07:41Z	
1.3.11	named	com.github.vzakharchenko	radius-plugin	2021-08-10T07:06:41Z	2.14.1
2.31.5	named	com.netflix.conductor	conductor-es6-persistence	2021-08-11T01:19:03Z	
2.0.0	named	com.ververica	flink-connector-test-util	2021-08-11T03:36:07Z	2.12.1
1.2.0-rc1	named	io.mosip.kernel	kernel-auth-adapter	2021-08-11T11:51:30Z	
1.2.0-rc1	named	io.mosip.kernel	kernel-virusscanner-clamav	2021-08-12T06:50:41Z	
1.2.0-rc1	named	io.mosip.registrationprocessor	registration-processor-common-camel-bridge	2021-08-12T09:14:16Z	
2.8.0.11	named	io.streamnative.pulsar.handlers	kafka-1-0	2021-08-12T13:58:40Z	2.13.3
2.8.0.12	named	io.streamnative.pulsar.handlers	kafka-1-0	2021-08-14T19:25:46Z	2.13.3
2.9.0-rc-202108131436	named	io.streamnative.pulsar.handlers	kafka-1-0	2021-08-15T04:36:14Z	2.13.3
2.1.0	named	org.apache.tika	tika-server-client	2021-08-18T21:49:58Z	2.14.1
2.1.0	named	org.apache.tika	tika-eval-app	2021-08-18T21:54:55Z	2.14.1
2.8.0.13	named	io.streamnative.pulsar.handlers	kafka-1-0	2021-08-19T09:16:35Z	2.13.3
1.0.0	named	org.zowe.client.java.sdk	zowe-client-java-sdk	2021-08-20T01:53:08Z	2.13.0
1.0.1	named	org.seaborne.rdf-delta	rdf-delta-server	2021-08-20T16:22:46Z	2.14.1
1.0.1	named	org.seaborne.rdf-delta	rdf-delta-fuseki-server	2021-08-20T16:23:30Z	2.14.1
0.2.0	named	io.github.protobuf-x	protoc-gen-spring-webflux	2021-08-21T12:18:03Z	2.12.1
4.2.10	named	org.neo4j	neo4j-logging	2021-08-23T16:05:17Z	2.14.0
2.0.10	named	org.ops4j.pax.logging	pax-logging-api	2021-08-26T07:40:26Z	2.14.1
1.8.1	named	com.yandex.ydb	ydb-sdk-jdbc-uberjar	2021-08-26T08:52:25Z	2.14.0
2.8.0.14	named	io.streamnative.pulsar.handlers	kafka-0-10	2021-08-26T18:30:18Z	2.13.3
2.8.0.14	named	io.streamnative.pulsar.handlers	kafka-1-0	2021-08-26T18:30:30Z	2.13.3
2.0.1	named	com.ververica	flink-connector-test-util	2021-08-27T09:10:03Z	2.12.1
0.0.6	named	io.thundra.plugin	thundra-agent-maven-test-instrumentation	2021-08-27T16:06:19Z	2.14.1
2.8.0.15	named	io.streamnative.pulsar.handlers	kafka-0-10	2021-08-30T11:48:30Z	2.13.3
2.8.0.15	named	io.streamnative.pulsar.handlers	kafka-1-0	2021-08-30T11:48:31Z	2.13.3
3.2	named	eu.europa.ec.eurostat	searoute-jar	2021-08-31T20:15:59Z	2.13.1
3.3	named	eu.europa.ec.eurostat	searoute-jar	2021-08-31T20:46:07Z	2.13.3
2.8.0.16	named	io.streamnative.pulsar.handlers	kafka-0-10	2021-09-02T19:15:40Z	2.13.3
2.8.0.16	named	io.streamnative.pulsar.handlers	kafka-1-0	2021-09-02T19:15:55Z	2.13.3
1.3.12	named	io.github.lxgaming	reconstruct-cli	2021-09-03T06:39:11Z	2.14.1
1.13-vvr-4.0.7	named	com.alibaba.ververica	ververica-connector-elasticsearch	2021-09-06T04:50:04Z	
2.7.2.10-rc-202109061352	named	io.streamnative	pulsar-functions-runtime-all	2021-09-06T06:12:57Z	
4.2.11	named	org.neo4j	neo4j-logging	2021-09-06T11:24:54Z	2.14.0
1.3.13	named	io.github.lxgaming	reconstruct-cli	2021-09-07T02:28:02Z	2.14.1
2.7.3.0	named	io.streamnative	pulsar-functions-runtime-all	2021-09-08T03:16:45Z	
1.8.2	named	com.yandex.ydb	ydb-sdk-jdbc-uberjar	2021-09-08T16:27:01Z	2.14.0
2.8.1.0	named	io.streamnative.pulsar.handlers	kafka-1-0	2021-09-09T04:40:01Z	2.13.3
2.8.1.0	named	io.streamnative.pulsar.handlers	kafka-0-10	2021-09-09T04:40:13Z	2.13.3
CANARY-2.3.1	named	org.linqs	psl-cli	2021-09-11T18:25:28Z	2.13.0
CANARY-2.3.1	named	org.linqs	psl-neural	2021-09-11T18:25:29Z	2.13.0
4.2.0	named	org.apache.jena	jena-fuseki-server	2021-09-12T10:45:03Z	2.14.1
4.2.0	named	org.apache.jena	jena-fuseki-fulljar	2021-09-12T10:45:55Z	2.14.1
4.2.0	named	org.apache.jena	jena-fuseki-geosparql	2021-09-12T10:47:30Z	2.14.1
4.2.0	named	org.apache.jena	jena-jdbc-driver-bundle	2021-09-12T10:51:38Z	2.14.1
2.7.3.1	named	io.streamnative	pulsar-functions-runtime-all	2021-09-14T01:50:13Z	
1.3.14	named	io.github.lxgaming	reconstruct-cli	2021-09-16T06:40:38Z	2.14.1
5.0.1	named	org.elasticflow	elasticflow	2021-09-16T10:15:46Z	2.13.2
5.0.2	named	org.elasticflow	elasticflow	2021-09-17T01:41:13Z	2.13.2
1.15	named	cn.net.mugui	spring	2021-09-20T14:31:54Z	2.12.1
1.3.12	named	com.github.vzakharchenko	radius-plugin	2021-09-21T00:20:23Z	2.14.1
1.3.13	named	com.github.vzakharchenko	radius-plugin	2021-09-21T05:00:32Z	2.14.1
5.0.3	named	org.elasticflow	elasticflow	2021-09-22T01:50:05Z	2.13.2
2.8.1.1	named	io.streamnative.pulsar.handlers	kafka-0-10	2021-09-22T07:27:27Z	2.13.3
2.8.1.1	named	io.streamnative.pulsar.handlers	kafka-1-0	2021-09-22T07:27:27Z	2.13.3
2.7.3.2	named	io.streamnative	pulsar-functions-runtime-all	2021-09-22T08:07:40Z	
4.3.4	named	org.neo4j	neo4j-logging	2021-09-22T13:42:17Z	2.14.0
2.0.2	named	com.ververica	flink-connector-test-util	2021-09-23T09:16:28Z	2.12.1
2.3.0	named	org.apache.storm	storm-kafka-migration	2021-09-23T22:27:45Z	
2.3.0	named	org.apache.storm	blobstore-migrator	2021-09-23T22:29:59Z	
2.3.0	named	org.apache.storm	flux-examples	2021-09-23T22:34:47Z	
2.3.0	named	org.apache.storm	storm-starter	2021-09-23T22:42:59Z	
2.3.0	named	org.apache.storm	storm-hdfs-examples	2021-09-23T22:53:25Z	
2.3.0	named	org.apache.storm	storm-hbase-examples	2021-09-23T23:00:04Z	
2.3.0	named	org.apache.storm	storm-hive-examples	2021-09-23T23:06:45Z	
2.3.0	named	org.apache.storm	storm-perf	2021-09-23T23:16:53Z	
1.0.4	named	io.contek.morphling	hdf5-lib	2021-09-24T02:44:05Z	2.13.1
1.0.5	named	io.contek.morphling	morphling-hdf5-lib	2021-09-24T08:24:33Z	2.13.1
2.8.1.2	named	io.streamnative.pulsar.handlers	kafka-1-0	2021-09-25T08:12:20Z	2.13.3
2.8.1.2	named	io.streamnative.pulsar.handlers	kafka-0-10	2021-09-25T08:12:21Z	2.13.3
1.0.6	named	io.contek.morphling	morphling-hdf5-lib	2021-09-28T03:50:17Z	2.13.1
2.2.1	named	org.apache.storm	storm-kafka-migration	2021-09-29T15:30:49Z	
2.2.1	named	org.apache.storm	blobstore-migrator	2021-09-29T15:32:36Z	
2.2.1	named	org.apache.storm	flux-examples	2021-09-29T15:34:18Z	
2.2.1	named	org.apache.storm	storm-starter	2021-09-29T15:36:45Z	
2.2.1	named	org.apache.storm	storm-hdfs-examples	2021-09-29T15:39:12Z	
2.2.1	named	org.apache.storm	storm-hbase-examples	2021-09-29T15:39:58Z	
2.2.1	named	org.apache.storm	storm-hive-examples	2021-09-29T15:40:48Z	
2.2.1	named	org.apache.storm	storm-perf	2021-09-29T15:42:56Z	
2.8.1.3	named	io.streamnative.pulsar.handlers	kafka-1-0	2021-09-29T15:50:49Z	2.13.3
2.8.1.3	named	io.streamnative.pulsar.handlers	kafka-0-10	2021-09-29T15:50:55Z	2.13.3
2.1.1	named	org.apache.storm	storm-kafka-migration	2021-09-29T17:07:24Z	
2.1.1	named	org.apache.storm	blobstore-migrator	2021-09-29T17:09:08Z	
2.1.1	named	org.apache.storm	flux-examples	2021-09-29T17:10:59Z	
2.1.1	named	org.apache.storm	storm-starter	2021-09-29T17:13:15Z	
2.1.1	named	org.apache.storm	storm-hdfs-examples	2021-09-29T17:15:44Z	
2.1.1	named	org.apache.storm	storm-hbase-examples	2021-09-29T17:16:29Z	
2.1.1	named	org.apache.storm	storm-hive-examples	2021-09-29T17:17:16Z	
2.1.1	named	org.apache.storm	storm-perf	2021-09-29T17:19:12Z	
4.3.5	named	org.neo4j	neo4j-logging	2021-09-30T11:24:26Z	2.14.0
2.8.1.4	named	io.streamnative.pulsar.handlers	kafka-3-0	2021-10-02T11:08:58Z	2.13.3
2.8.1.4	named	io.streamnative.pulsar.handlers	kafka-1-0	2021-10-02T11:09:01Z	2.13.3
2.8.1.4	named	io.streamnative.pulsar.handlers	kafka-0-10	2021-10-02T11:09:30Z	2.13.3
2.8.1.4	named	io.streamnative.pulsar.handlers	kafka-2-8	2021-10-02T11:09:31Z	2.13.3
1.0.2	named	org.zowe.client.java.sdk	zowe-client-java-sdk	2021-10-05T02:22:15Z	2.14.1
2.8.1.5	named	io.streamnative.pulsar.handlers	kafka-2-8	2021-10-06T16:05:15Z	2.13.3
2.8.1.5	named	io.streamnative.pulsar.handlers	kafka-0-10	2021-10-06T16:05:17Z	2.13.3
2.8.1.5	named	io.streamnative.pulsar.handlers	kafka-3-0	2021-10-06T16:05:18Z	2.13.3
2.8.1.5	named	io.streamnative.pulsar.handlers	kafka-1-0	2021-10-06T16:05:19Z	2.13.3
5.0.4	named	org.elasticflow	elasticflow	2021-10-09T02:27:15Z	2.13.2
5.0.5	named	org.elasticflow	elasticflow	2021-10-09T03:06:05Z	2.13.2
2.8.1.6	named	io.streamnative.pulsar.handlers	kafka-2-8	2021-10-10T12:50:53Z	2.13.3
2.8.1.6	named	io.streamnative.pulsar.handlers	kafka-3-0	2021-10-10T12:51:02Z	2.13.3
2.8.1.6	named	io.streamnative.pulsar.handlers	kafka-1-0	2021-10-10T12:51:03Z	2.13.3
2.8.1.6	named	io.streamnative.pulsar.handlers	kafka-0-10	2021-10-10T12:51:04Z	2.13.3
1.0.3	named	org.zowe.client.java.sdk	zowe-client-java-sdk	2021-10-11T01:03:48Z	2.14.1
2.8.1.7	named	io.streamnative.pulsar.handlers	kafka-2-8	2021-10-11T15:24:41Z	2.13.3
2.8.1.7	named	io.streamnative.pulsar.handlers	kafka-1-0	2021-10-11T15:24:42Z	2.13.3
2.8.1.7	named	io.streamnative.pulsar.handlers	kafka-3-0	2021-10-11T15:24:42Z	2.13.3
2.8.1.7	named	io.streamnative.pulsar.handlers	kafka-0-10	2021-10-11T15:24:48Z	2.13.3
5.0.6	named	org.elasticflow	elasticflow	2021-10-13T03:55:08Z	2.13.2
2.8.1.8	named	io.streamnative.pulsar.handlers	kafka-3-0	2021-10-13T10:07:15Z	2.13.3
2.8.1.8	named	io.streamnative.pulsar.handlers	kafka-1-0	2021-10-13T10:07:18Z	2.13.3
2.8.1.8	named	io.streamnative.pulsar.handlers	kafka-0-10	2021-10-13T10:07:47Z	2.13.3
2.8.1.8	named	io.streamnative.pulsar.handlers	kafka-2-8	2021-10-13T10:07:58Z	2.13.3
2.8.1.9	named	io.streamnative.pulsar.handlers	kafka-2-8	2021-10-13T11:48:02Z	2.13.3
2.8.1.9	named	io.streamnative.pulsar.handlers	kafka-0-10	2021-10-13T11:48:03Z	2.13.3
2.8.1.9	named	io.streamnative.pulsar.handlers	kafka-1-0	2021-10-13T11:48:05Z	2.13.3
2.8.1.9	named	io.streamnative.pulsar.handlers	kafka-3-0	2021-10-13T11:48:06Z	2.13.3
5.0.7	named	org.elasticflow	elasticflow	2021-10-14T02:29:49Z	2.13.2
4.3.6	named	org.neo4j	neo4j-logging	2021-10-14T12:51:51Z	2.14.0
4.5.0	named	za.co.absa.hyperdrive	hyperdrive-release_spark-2_2.11	2021-10-14T12:58:07Z	2.13.3
4.5.1	named	za.co.absa.hyperdrive	hyperdrive-release_spark-2_2.11	2021-10-14T13:20:20Z	2.13.3
4.5.1	named	za.co.absa.hyperdrive	hyperdrive-release_spark-2_2.12	2021-10-14T13:29:40Z	2.13.3
4.5.1	named	za.co.absa.hyperdrive	hyperdrive-release_spark-3_2.12	2021-10-14T13:47:53Z	2.13.3
2.7.3.3	named	io.streamnative	pulsar-functions-runtime-all	2021-10-15T07:39:55Z	
2.8.1.10	named	io.streamnative.pulsar.handlers	kafka-0-10	2021-10-15T18:10:43Z	2.13.3
2.8.1.10	named	io.streamnative.pulsar.handlers	kafka-1-0	2021-10-15T18:10:44Z	2.13.3
2.8.1.10	named	io.streamnative.pulsar.handlers	kafka-2-8	2021-10-15T18:10:44Z	2.13.3
2.8.1.10	named	io.streamnative.pulsar.handlers	kafka-3-0	2021-10-15T18:10:45Z	2.13.3
1.9.2	named	com.yandex.ydb	ydb-sdk-jdbc-uberjar	2021-10-19T20:59:33Z	2.14.0
2.8.1.11	named	io.streamnative.pulsar.handlers	kafka-1-0	2021-10-21T11:19:58Z	2.13.3
2.8.1.11	named	io.streamnative.pulsar.handlers	kafka-2-8	2021-10-21T11:19:59Z	2.13.3
2.8.1.11	named	io.streamnative.pulsar.handlers	kafka-0-10	2021-10-21T11:20:00Z	2.13.3
2.8.1.11	named	io.streamnative.pulsar.handlers	kafka-3-0	2021-10-21T11:20:14Z	2.13.3
1.0.4	named	org.zowe.client.java.sdk	zowe-client-java-sdk	2021-10-22T03:21:51Z	2.14.1
2.8.1.12	named	io.streamnative.pulsar.handlers	kafka-1-0	2021-10-22T13:04:18Z	2.13.3
2.8.1.12	named	io.streamnative.pulsar.handlers	kafka-2-8	2021-10-22T13:04:19Z	2.13.3
2.8.1.12	named	io.streamnative.pulsar.handlers	kafka-0-10	2021-10-22T13:04:22Z	2.13.3
2.8.1.12	named	io.streamnative.pulsar.handlers	kafka-3-0	2021-10-22T13:04:23Z	2.13.3
2.8.1.13	named	io.streamnative.pulsar.handlers	kafka-1-0	2021-10-22T13:21:58Z	2.13.3
2.8.1.13	named	io.streamnative.pulsar.handlers	kafka-2-8	2021-10-22T13:22:01Z	2.13.3
2.8.1.13	named	io.streamnative.pulsar.handlers	kafka-3-0	2021-10-22T13:22:13Z	2.13.3
2.8.1.13	named	io.streamnative.pulsar.handlers	kafka-0-10	2021-10-22T13:22:22Z	2.13.3
1.16	named	cn.net.mugui	spring	2021-10-24T20:26:32Z	2.12.1
2.8.1.14	named	io.streamnative.pulsar.handlers	kafka-0-10	2021-10-25T07:25:04Z	2.13.3
2.8.1.14	named	io.streamnative.pulsar.handlers	kafka-1-0	2021-10-25T07:25:14Z	2.13.3
2.8.1.14	named	io.streamnative.pulsar.handlers	kafka-2-8	2021-10-25T07:25:16Z	2.13.3
2.8.1.14	named	io.streamnative.pulsar.handlers	kafka-3-0	2021-10-25T07:25:29Z	2.13.3
2.8.1.15	named	io.streamnative.pulsar.handlers	kafka-1-0	2021-10-25T12:03:24Z	2.13.3
2.8.1.15	named	io.streamnative.pulsar.handlers	kafka-0-10	2021-10-25T12:03:26Z	2.13.3
2.8.1.15	named	io.streamnative.pulsar.handlers	kafka-2-8	2021-10-25T12:03:33Z	2.13.3
2.8.1.15	named	io.streamnative.pulsar.handlers	kafka-3-0	2021-10-25T12:03:55Z	2.13.3
1.17	named	cn.net.mugui	spring	2021-10-25T13:42:26Z	2.12.1
1.18	named	cn.net.mugui	spring	2021-10-25T15:05:52Z	2.12.1
2.8.1.16	named	io.streamnative.pulsar.handlers	kafka-1-0	2021-10-26T05:20:28Z	2.13.3
2.8.1.16	named	io.streamnative.pulsar.handlers	kafka-2-8	2021-10-26T05:20:29Z	2.13.3
2.8.1.16	named	io.streamnative.pulsar.handlers	kafka-0-10	2021-10-26T05:20:33Z	2.13.3
2.8.1.16	named	io.streamnative.pulsar.handlers	kafka-3-0	2021-10-26T05:20:34Z	2.13.3
2.8.1.17	named	io.streamnative.pulsar.handlers	kafka-1-0	2021-10-26T14:27:48Z	2.13.3
2.8.1.17	named	io.streamnative.pulsar.handlers	kafka-2-8	2021-10-26T14:27:49Z	2.13.3
2.8.1.17	named	io.streamnative.pulsar.handlers	kafka-3-0	2021-10-26T14:27:50Z	2.13.3
2.8.1.17	named	io.streamnative.pulsar.handlers	kafka-0-10	2021-10-26T14:27:58Z	2.13.3
2.9.0.0-rc-1	named	io.streamnative.pulsar.handlers	kafka-3-0	2021-10-27T02:36:14Z	2.13.3
2.9.0.0-rc-1	named	io.streamnative.pulsar.handlers	kafka-1-0	2021-10-27T02:36:19Z	2.13.3
2.9.0.0-rc-1	named	io.streamnative.pulsar.handlers	kafka-2-8	2021-10-27T02:36:20Z	2.13.3
2.9.0.0-rc-1	named	io.streamnative.pulsar.handlers	kafka-0-10	2021-10-27T02:36:22Z	2.13.3
5.1.0	named	org.elasticflow	elasticflow	2021-10-28T08:12:52Z	2.13.3
2.7.3.4	named	io.streamnative	pulsar-functions-runtime-all	2021-10-29T04:32:45Z	
1.0.2	named	org.seaborne.rdf-delta	rdf-delta-server	2021-10-29T11:06:09Z	2.14.1
1.0.2	named	org.seaborne.rdf-delta	rdf-delta-fuseki-server	2021-10-29T11:06:58Z	2.14.1
1.3.15	named	io.github.lxgaming	reconstruct-cli	2021-10-29T22:54:31Z	2.14.1
6.0.0	named	org.biojava	biojava-protein-comparison-tool	2021-10-29T23:14:07Z	2.14.0
2.8.1.18	named	io.streamnative.pulsar.handlers	kafka-1-0	2021-10-30T17:17:07Z	2.13.3
2.8.1.18	named	io.streamnative.pulsar.handlers	kafka-2-8	2021-10-30T17:17:12Z	2.13.3
2.8.1.18	named	io.streamnative.pulsar.handlers	kafka-3-0	2021-10-30T17:17:14Z	2.13.3
2.8.1.18	named	io.streamnative.pulsar.handlers	kafka-0-10	2021-10-30T17:17:15Z	2.13.3
1.0.5	named	org.zowe.client.java.sdk	zowe-client-java-sdk	2021-11-01T01:44:11Z	2.14.1
2.8.1.19	named	io.streamnative.pulsar.handlers	kafka-0-10	2021-11-01T16:24:24Z	2.13.3
2.8.1.19	named	io.streamnative.pulsar.handlers	kafka-1-0	2021-11-01T16:24:24Z	2.13.3
2.8.1.19	named	io.streamnative.pulsar.handlers	kafka-2-8	2021-11-01T16:24:25Z	2.13.3
2.8.1.19	named	io.streamnative.pulsar.handlers	kafka-3-0	2021-11-01T16:24:26Z	2.13.3
2.9.0.0-rc-2	named	io.streamnative.pulsar.handlers	kafka-3-0	2021-11-03T02:38:14Z	2.13.3
2.9.0.0-rc-2	named	io.streamnative.pulsar.handlers	kafka-0-10	2021-11-03T02:38:15Z	2.13.3
2.9.0.0-rc-2	named	io.streamnative.pulsar.handlers	kafka-1-0	2021-11-03T02:38:15Z	2.13.3
2.9.0.0-rc-2	named	io.streamnative.pulsar.handlers	kafka-2-8	2021-11-03T02:38:16Z	2.13.3
5.1.1	named	org.elasticflow	elasticflow	2021-11-04T01:43:56Z	2.13.3
2.8.1.20	named	io.streamnative.pulsar.handlers	kafka-0-9	2021-11-05T16:51:31Z	2.13.3
2.8.1.20	named	io.streamnative.pulsar.handlers	kafka-3-0	2021-11-05T16:51:35Z	2.13.3
2.8.1.20	named	io.streamnative.pulsar.handlers	kafka-0-10	2021-11-05T16:51:43Z	2.13.3
2.8.1.20	named	io.streamnative.pulsar.handlers	kafka-2-8	2021-11-05T16:51:46Z	2.13.3
2.8.1.20	named	io.streamnative.pulsar.handlers	kafka-1-0	2021-11-05T16:51:51Z	2.13.3
2.8.1.21	named	io.streamnative.pulsar.handlers	kafka-0-10	2021-11-08T02:59:45Z	2.13.3
2.8.1.21	named	io.streamnative.pulsar.handlers	kafka-2-8	2021-11-08T02:59:50Z	2.13.3
2.8.1.21	named	io.streamnative.pulsar.handlers	kafka-1-0	2021-11-08T02:59:57Z	2.13.3
2.8.1.21	named	io.streamnative.pulsar.handlers	kafka-0-9	2021-11-08T03:00:06Z	2.13.3
2.8.1.21	named	io.streamnative.pulsar.handlers	kafka-3-0	2021-11-08T03:00:10Z	2.13.3
4.3.7	named	org.neo4j	neo4j-logging	2021-11-09T15:06:56Z	2.14.0
2.3.1	named	com.navercorp.pinpoint	pinpoint-tools	2021-11-10T09:11:06Z	2.12.1
2.9.0.0-rc-3	named	io.streamnative.pulsar.handlers	kafka-1-0	2021-11-11T03:48:28Z	2.13.3
2.9.0.0-rc-3	named	io.streamnative.pulsar.handlers	kafka-3-0	2021-11-11T03:48:28Z	2.13.3
2.9.0.0-rc-3	named	io.streamnative.pulsar.handlers	kafka-0-10	2021-11-11T03:48:30Z	2.13.3
2.9.0.0-rc-3	named	io.streamnative.pulsar.handlers	kafka-2-8	2021-11-11T03:48:31Z	2.13.3
2.9.0.0-rc-3	named	io.streamnative.pulsar.handlers	kafka-0-9	2021-11-11T03:48:36Z	2.13.3
2.9.0.0-rc-4	named	io.streamnative.pulsar.handlers	kafka-1-0	2021-11-12T06:14:25Z	2.13.3
2.9.0.0-rc-4	named	io.streamnative.pulsar.handlers	kafka-3-0	2021-11-12T06:14:26Z	2.13.3
2.9.0.0-rc-4	named	io.streamnative.pulsar.handlers	kafka-0-10	2021-11-12T06:14:27Z	2.13.3
2.9.0.0-rc-4	named	io.streamnative.pulsar.handlers	kafka-2-8	2021-11-12T06:14:28Z	2.13.3
2.9.0.0-rc-4	named	io.streamnative.pulsar.handlers	kafka-0-9	2021-11-12T06:14:33Z	2.13.3
1.0.6	named	org.zowe.client.java.sdk	zowe-client-java-sdk	2021-11-13T01:57:08Z	2.14.1
2.8.1.22	named	io.streamnative.pulsar.handlers	kafka-0-9	2021-11-17T04:25:12Z	2.13.3
2.8.1.22	named	io.streamnative.pulsar.handlers	kafka-0-10	2021-11-17T04:25:13Z	2.13.3
2.8.1.22	named	io.streamnative.pulsar.handlers	kafka-3-0	2021-11-17T04:25:13Z	2.13.3
2.8.1.22	named	io.streamnative.pulsar.handlers	kafka-2-8	2021-11-17T04:25:14Z	2.13.3
2.8.1.22	named	io.streamnative.pulsar.handlers	kafka-1-0	2021-11-17T04:25:15Z	2.13.3
0.6.0	named	io.etcd	jetcd-ctl	2021-11-18T12:35:56Z	2.14.1
0.6.1	named	io.etcd	jetcd-ctl	2021-11-18T21:58:14Z	2.14.1
2.8.1.23	named	io.streamnative.pulsar.handlers	kafka-3-0	2021-11-19T02:19:19Z	2.13.3
2.8.1.23	named	io.streamnative.pulsar.handlers	kafka-0-10	2021-11-19T02:19:20Z	2.13.3
2.8.1.23	named	io.streamnative.pulsar.handlers	kafka-2-8	2021-11-19T02:19:20Z	2.13.3
2.8.1.23	named	io.streamnative.pulsar.handlers	kafka-1-0	2021-11-19T02:19:25Z	2.13.3
2.8.1.23	named	io.streamnative.pulsar.handlers	kafka-0-9	2021-11-19T02:19:27Z	2.13.3
2.9.0.0-rc-6	named	io.streamnative.pulsar.handlers	kafka-1-0	2021-11-19T04:04:38Z	2.13.3
2.9.0.0-rc-6	named	io.streamnative.pulsar.handlers	kafka-3-0	2021-11-19T04:04:44Z	2.13.3
2.9.0.0-rc-6	named	io.streamnative.pulsar.handlers	kafka-2-8	2021-11-19T04:05:02Z	2.13.3
2.9.0.0-rc-6	named	io.streamnative.pulsar.handlers	kafka-0-10	2021-11-19T04:05:07Z	2.13.3
2.9.0.0-rc-6	named	io.streamnative.pulsar.handlers	kafka-0-9	2021-11-19T04:05:08Z	2.13.3
6.0.1	named	org.biojava	biojava-protein-comparison-tool	2021-11-19T05:08:49Z	2.14.0
0.2.1	named	io.github.protobuf-x	protoc-gen-spring-webflux	2021-11-21T07:06:07Z	2.12.1
2.7.3.5	named	io.streamnative	pulsar-functions-runtime-all	2021-11-21T08:22:36Z	
2.8.1.24-rc-0	named	io.streamnative.pulsar.handlers	kafka-3-0	2021-11-24T15:42:24Z	2.13.3
2.8.1.24-rc-0	named	io.streamnative.pulsar.handlers	kafka-0-10	2021-11-24T15:42:38Z	2.13.3
2.8.1.24-rc-0	named	io.streamnative.pulsar.handlers	kafka-2-8	2021-11-24T15:42:41Z	2.13.3
2.8.1.24-rc-0	named	io.streamnative.pulsar.handlers	kafka-1-0	2021-11-24T15:42:46Z	2.13.3
2.8.1.24-rc-0	named	io.streamnative.pulsar.handlers	kafka-0-9	2021-11-24T15:42:59Z	2.13.3
2.8.1.24	named	io.streamnative.pulsar.handlers	kafka-0-9	2021-11-27T07:51:43Z	2.13.3
2.8.1.24	named	io.streamnative.pulsar.handlers	kafka-3-0	2021-11-27T07:51:48Z	2.13.3
2.8.1.24	named	io.streamnative.pulsar.handlers	kafka-0-10	2021-11-27T07:51:50Z	2.13.3
2.8.1.24	named	io.streamnative.pulsar.handlers	kafka-2-8	2021-11-27T07:51:50Z	2.13.3
2.8.1.24	named	io.streamnative.pulsar.handlers	kafka-1-0	2021-11-27T07:51:51Z	2.13.3
4.4.0	named	org.neo4j	neo4j-logging	2021-11-30T14:19:09Z	2.14.1
2.8.1.25	named	io.streamnative.pulsar.handlers	kafka-3-0	2021-12-02T04:28:52Z	2.13.3
2.8.1.25	named	io.streamnative.pulsar.handlers	kafka-0-10	2021-12-02T04:29:01Z	2.13.3
2.8.1.25	named	io.streamnative.pulsar.handlers	kafka-2-8	2021-12-02T04:29:03Z	2.13.3
2.8.1.25	named	io.streamnative.pulsar.handlers	kafka-1-0	2021-12-02T04:29:07Z	2.13.3
2.8.1.25	named	io.streamnative.pulsar.handlers	kafka-0-9	2021-12-02T04:29:29Z	2.13.3
1.3.16	named	io.github.lxgaming	reconstruct-cli	2021-12-02T08:35:09Z	2.14.1
1.10.3	named	com.yandex.ydb	ydb-sdk-jdbc-uberjar	2021-12-02T11:19:00Z	2.14.0
1.3.14	named	com.github.vzakharchenko	radius-plugin	2021-12-08T07:30:10Z	2.14.1
2.15.0	named	org.apache.logging.log4j	log4j-api	2021-12-09T18:25:26Z	2.15.0
2.0.11	named	org.ops4j.pax.logging	pax-logging-api	2021-12-10T11:19:43Z	2.15.0
4.5.2	named	za.co.absa.hyperdrive	hyperdrive-release_spark-2_2.11	2021-12-11T10:12:54Z	2.15.0
4.5.2	named	za.co.absa.hyperdrive	hyperdrive-release_spark-2_2.12	2021-12-11T10:18:57Z	2.15.0
4.5.2	named	za.co.absa.hyperdrive	hyperdrive-release_spark-3_2.12	2021-12-11T10:24:54Z	2.15.0
1.20.0	named	org.apache.calcite.avatica	avatica-tck	2021-12-11T19:49:59Z	2.15.0
2.3.2	named	com.navercorp.pinpoint	pinpoint-tools	2021-12-13T02:00:22Z	2.12.1
2.7.3.8-rc-3	named	io.streamnative	pulsar-functions-runtime-all	2021-12-13T03:09:41Z	2.15.0
2.16.0	named	org.apache.logging.log4j	log4j-api	2021-12-13T05:40:59Z	2.16.0
6.0.2	named	org.biojava	biojava-protein-comparison-tool	2021-12-13T23:54:59Z	2.15.0
2.7.3.8-rc-4	named	io.streamnative	pulsar-functions-runtime-all	2021-12-14T03:07:44Z	2.15.0
1.0.7	named	org.zowe.client.java.sdk	zowe-client-java-sdk	2021-12-14T03:17:03Z	2.15.0
2.12.2	named	org.apache.logging.log4j	log4j-api	2021-12-14T05:35:07Z	2.12.2
1.3.17	named	io.github.lxgaming	reconstruct-cli	2021-12-14T07:39:29Z	2.16.0
4.2.12	named	org.neo4j	neo4j-logging	2021-12-14T11:37:47Z	2.15.0
2.0.12	named	org.ops4j.pax.logging	pax-logging-api	2021-12-14T11:55:18Z	2.16.0
0.0.7	named	io.thundra.plugin	thundra-agent-maven-test-instrumentation	2021-12-14T12:24:03Z	2.16.0
4.4.1	named	org.neo4j	neo4j-logging	2021-12-14T18:02:20Z	2.15.0
4.3.8	named	org.neo4j	neo4j-logging	2021-12-14T19:12:43Z	2.15.0
4.5.24-eu	named	org.bitbucket.bradleysmithllc.etlunit	etlunit-application-assembly	2021-12-14T20:53:36Z	2.16.0
6.0.3	named	org.biojava	biojava-protein-comparison-tool	2021-12-14T23:52:28Z	2.16.0
2.7.3.8	named	io.streamnative	pulsar-functions-runtime-all	2021-12-15T03:17:50Z	2.15.0
8.9.1	named	com.alibaba.lindorm	lindorm-search-shaded-test-framework	2021-12-15T09:05:07Z	2.13.2
1.0.8	named	org.zowe.client.java.sdk	zowe-client-java-sdk	2021-12-16T04:29:32Z	2.16.0
4.2.13	named	org.neo4j	neo4j-logging	2021-12-16T07:47:49Z	2.16.0
4.3.9	named	org.neo4j	neo4j-logging	2021-12-17T06:36:16Z	2.16.0
4.4.2	named	org.neo4j	neo4j-logging	2021-12-17T07:01:28Z	2.16.0
2.17.0	named	org.apache.logging.log4j	log4j-api	2021-12-18T01:57:18Z	2.17.0
2.0.13	named	org.ops4j.pax.logging	pax-logging-api	2021-12-18T17:47:55Z	2.17.0
1.2.0	named	org.apache.hbase.operator.tools	hbase-hbck2	2021-12-20T03:33:48Z	2.17.0
1.2.0	named	org.apache.hbase.operator.tools	hbase-tools	2021-12-20T03:34:15Z	2.17.0
1.0.2_spark_3.0.1	named	com.rovio.ingest	rovio-ingest	2021-12-20T14:33:43Z	2.17.0
1.28	named	org.apache.tika	tika-eval	2021-12-20T16:14:28Z	2.17.0
2.0.3	named	org.filteredpush	event_date_qc	2021-12-20T16:32:54Z	2.16.0
2.7.3.9	named	io.streamnative	pulsar-functions-runtime-all	2021-12-20T19:52:57Z	2.17.0
2.17.0	named	org.lucee	log4j-api	2021-12-20T21:18:11Z	2.17.0
2.12.3	named	org.apache.logging.log4j	log4j-api	2021-12-20T23:13:56Z	2.12.3
5.3.0	named	org.elasticflow	elasticflow	2021-12-21T01:10:25Z	2.15.0
2.31.6	named	com.netflix.conductor	conductor-es6-persistence	2021-12-21T01:34:29Z	
2.7.4	named	org.apache.pulsar	pulsar-functions-runtime-all	2021-12-21T04:13:05Z	2.17.0
1.12.8	named	com.hpe.adm.octane.ciplugins	bamboo-ci-plugin	2021-12-21T19:37:32Z	2.17.0
2.3.3	named	com.navercorp.pinpoint	pinpoint-tools	2021-12-22T06:57:13Z	2.12.3
0.5.0	named	org.tbee.xml2xxx	xml2yaml-application	2021-12-22T13:06:36Z	2.12.1
2.31.7	named	com.netflix.conductor	conductor-es6-persistence	2021-12-22T18:36:17Z	
2.9.2	named	com.labs64.netlicensing	netlicensing-client-demo	2021-12-23T08:16:18Z	2.17.0
0.0.15	named	com.theartos	artos	2021-12-24T08:46:33Z	2.16.0
0.6.4.4	named	com.alertavert	jwt-opa	2021-12-24T18:26:28Z	2.13.3
0.0.16	named	com.theartos	artos	2021-12-27T05:16:14Z	2.17.0
0.0.17-beta-1	named	com.theartos	artos	2021-12-27T06:01:39Z	2.17.0
2.17.1	named	org.apache.logging.log4j	log4j-api	2021-12-27T23:30:20Z	2.17.1
1.0.9	named	org.zowe.client.java.sdk	zowe-client-java-sdk	2021-12-28T00:17:00Z	2.16.0
1.0.10	named	org.zowe.client.java.sdk	zowe-client-java-sdk	2021-12-28T00:38:04Z	2.17.0
2.12.4	named	org.apache.logging.log4j	log4j-api	2021-12-28T21:17:23Z	2.12.4
2.7.4.0-rc-0	named	io.streamnative	pulsar-functions-runtime-all	2021-12-29T06:42:44Z	2.17.0
1.3.18	named	io.github.lxgaming	reconstruct-cli	2021-12-29T08:52:33Z	2.17.1
2.7.4.0	named	io.streamnative	pulsar-functions-runtime-all	2021-12-29T12:09:57Z	2.17.0
2.0.14	named	org.ops4j.pax.logging	pax-logging-api	2021-12-30T12:00:21Z	2.17.1
0.6.4.4-11	named	com.alertavert	jwt-opa	2022-01-02T08:14:01Z	2.13.3
2.0.4	named	org.filteredpush	event_date_qc	2022-01-03T20:10:15Z	2.17.0
6.0.4	named	org.biojava	biojava-protein-comparison-tool	2022-01-05T05:36:20Z	2.17.1
4.2.14	named	org.neo4j	neo4j-logging	2022-01-10T11:45:34Z	2.17.1
4.3.10	named	org.neo4j	neo4j-logging	2022-01-10T12:59:50Z	2.17.1
4.4.3	named	org.neo4j	neo4j-logging	2022-01-11T11:21:14Z	2.17.1
2.17.0.0002L	named	org.lucee	log4j-api	2022-01-11T14:55:49Z	2.17.0
5.3.1	named	org.elasticflow	elasticflow	2022-01-12T02:34:23Z	2.17.1
1.0.11	named	org.zowe.client.java.sdk	zowe-client-java-sdk	2022-01-12T22:08:25Z	2.17.1
1.9.0	named	com.khubla.olmreader	olmreader	2022-01-15T21:30:06Z	2.17.1
2.7.4.1	named	io.streamnative	pulsar-functions-runtime-all	2022-01-17T10:55:01Z	2.17.1
2.17.1	named	org.lucee	log4j-api	2022-01-17T17:38:01Z	2.17.1
0.1.0	named	io.thundra.plugin	thundra-agent-maven-test-instrumentation	2022-01-18T07:57:15Z	2.16.0
1.10.5	named	com.yandex.ydb	ydb-sdk-jdbc-uberjar	2022-01-18T19:13:48Z	2.14.0
0.3	named	org.grapheco.pandadb	pandadb-java-driver	2022-01-19T06:09:45Z	2.16.0
0.6.5	named	com.alertavert	jwt-opa	2022-01-20T08:03:55Z	2.13.3
0.6.5-11	named	com.alertavert	jwt-opa	2022-01-20T19:42:08Z	2.13.3
0.6.6	named	com.alertavert	jwt-opa	2022-01-22T08:13:33Z	2.13.3
0.6.6-jdk11	named	com.alertavert	jwt-opa	2022-01-22T09:06:40Z	2.13.3
0.7.0-jdk11	named	com.alertavert	jwt-opa	2022-01-25T07:23:40Z	2.13.3
1.2.0-prerel	named	io.mosip.kernel	kernel-auth-adapter	2022-01-27T07:18:54Z	
1.2.0-prerel	named	io.mosip.registrationprocessor	registration-processor-common-camel-bridge	2022-01-29T13:59:17Z	
1.0	named	org.ibissource	frank-doc	2022-01-31T15:17:58Z	2.17.1
1.2.0	named	io.mosip.kernel	kernel-auth-adapter	2022-01-31T16:15:07Z	
2.31.8	named	com.netflix.conductor	conductor-es6-persistence	2022-01-31T23:26:07Z	
6.0.5	named	org.biojava	biojava-protein-comparison-tool	2022-02-01T17:50:07Z	2.17.1
0.45	named	us.abstracta.jmeter	jmeter-java-dsl-jmx2dsl	2022-02-01T23:00:02Z	2.17.0
1.0.0	named	io.github.mathieusoysal	codingame-puzzles-stats-history	2022-02-05T21:25:23Z	2.17.1
1.2.0	named	io.mosip.registrationprocessor	registration-processor-common-camel-bridge	2022-02-06T05:44:12Z	
1.2.0	named	io.github.mathieusoysal	codingame-puzzles-stats-history	2022-02-06T09:02:31Z	2.17.1
2.9.3	named	com.labs64.netlicensing	netlicensing-client-demo	2022-02-07T12:06:47Z	2.17.1
5.3.2	named	org.elasticflow	elasticflow	2022-02-08T01:02:50Z	2.17.1
5.3.3	named	org.elasticflow	elasticflow	2022-02-08T08:16:29Z	2.17.1
1.28.1	named	org.apache.tika	tika-eval	2022-02-08T17:59:44Z	2.17.1
1.29.0	named	co.elastic.apm	apm-agent	2022-02-09T09:30:14Z	2.12.4
4.2.15	named	org.neo4j	neo4j-logging	2022-02-09T11:48:24Z	2.17.1
4.4.4	named	org.neo4j	neo4j-logging	2022-02-09T16:13:57Z	2.17.1
3.1.1-arenadata	named	io.arenadata.hive	hive-jdbc	2022-02-10T13:24:32Z	2.17.0
1.2.0	named	io.mosip.kernel	kernel-virusscanner-clamav	2022-02-10T17:37:44Z	
0.46	named	us.abstracta.jmeter	jmeter-java-dsl-jmx2dsl	2022-02-10T21:35:07Z	2.17.0
0.47	named	us.abstracta.jmeter	jmeter-java-dsl-jmx2dsl	2022-02-11T18:11:59Z	2.17.0
0.48	named	us.abstracta.jmeter	jmeter-java-dsl-jmx2dsl	2022-02-15T15:11:43Z	2.17.0
0.49	named	us.abstracta.jmeter	jmeter-java-dsl-jmx2dsl	2022-02-15T18:53:00Z	2.17.0
0.49.1	named	us.abstracta.jmeter	jmeter-java-dsl-jmx2dsl	2022-02-16T22:15:18Z	2.17.0
0.7.1-jdk15	named	com.alertavert	jwt-opa	2022-02-17T05:15:37Z	2.13.3
1.0.1	named	io.github.rsv-code	lc19	2022-02-19T07:49:14Z	2.17.1
1.0.2	named	io.github.rsv-code	lc19	2022-02-19T08:47:28Z	2.17.1
1.0.3	named	io.github.rsv-code	lc19	2022-02-20T04:47:51Z	2.17.1
0.7.1	named	com.alertavert	jwt-opa	2022-02-20T06:33:06Z	2.14.1
0.0.1.2	named	io.github.warnotte	waxlib3	2022-02-22T11:29:07Z	2.17.1
2.17.2	named	org.apache.logging.log4j	log4j-api	2022-02-23T20:28:31Z	2.17.2
0.9.0	named	fr.inrae.toulouse.metexplore	met4j-toolbox	2022-02-24T08:36:13Z	2.15.0
0.1.1	named	io.thundra.plugin	thundra-agent-maven-test-instrumentation	2022-02-28T06:49:32Z	2.16.0
5.3.4	named	org.elasticflow	elasticflow	2022-03-01T01:10:08Z	2.17.1
1.0.4	named	io.github.rsv-code	lc19	2022-03-01T05:06:45Z	2.17.1
1.2.1	named	co.actioniq	vault-utilities	2022-03-03T16:49:09Z	2.13.2
8.0.7	named	com.datarobot	mlops-utils-for-spark_3.2.0	2022-03-03T19:19:48Z	2.17.1
0.9.1	named	fr.inrae.toulouse.metexplore	met4j-toolbox	2022-03-04T11:47:04Z	2.15.0
0.49.2	named	us.abstracta.jmeter	jmeter-java-dsl-jmx2dsl	2022-03-07T18:30:25Z	2.17.0
5.3.5	named	org.elasticflow	elasticflow	2022-03-09T05:14:42Z	2.17.1
2.4.0	named	org.apache.storm	storm-kafka-migration	2022-03-09T20:53:41Z	2.17.1
2.4.0	named	org.apache.storm	blobstore-migrator	2022-03-09T20:55:50Z	2.17.1
2.4.0	named	org.apache.storm	flux-examples	2022-03-09T20:58:44Z	2.17.1
2.4.0	named	org.apache.storm	storm-starter	2022-03-09T21:03:11Z	2.17.1
2.4.0	named	org.apache.storm	storm-hdfs-examples	2022-03-09T21:09:45Z	2.17.1
2.4.0	named	org.apache.storm	storm-hbase-examples	2022-03-09T21:13:23Z	2.17.1
2.4.0	named	org.apache.storm	storm-hive-examples	2022-03-09T21:16:28Z	2.17.1
2.4.0	named	org.apache.storm	storm-perf	2022-03-09T21:23:38Z	2.17.1
2.1.0	named	org.apache.seatunnel	seatunnel-connector-flink-druid	2022-03-10T15:45:29Z	2.15.0
1.0.0	named	com.melahn	archive-extract	2022-03-14T19:32:19Z	2.17.2
2.7.4.2	named	io.streamnative	pulsar-functions-runtime-all	2022-03-16T10:44:24Z	2.17.1
2.17.2	named	org.lucee	log4j-api	2022-03-18T13:02:26Z	2.17.2
1.0.0	named	com.melahn	java-trace-visualizer	2022-03-19T18:45:09Z	2.17.2
1.0.12	named	org.zowe.client.java.sdk	zowe-client-java-sdk	2022-03-20T01:34:48Z	2.17.1
5.3.6	named	org.elasticflow	elasticflow	2022-03-20T04:20:16Z	2.17.1
1.30.0	named	co.elastic.apm	apm-agent	2022-03-22T10:46:46Z	2.12.4
0.50	named	us.abstracta.jmeter	jmeter-java-dsl-jmx2dsl	2022-03-22T17:14:52Z	2.17.0
4.3.11	named	org.neo4j	neo4j-logging	2022-03-24T11:32:28Z	2.17.1
4.4.5	named	org.neo4j	neo4j-logging	2022-03-24T13:59:50Z	2.17.1
0.51	named	us.abstracta.jmeter	jmeter-java-dsl-jmx2dsl	2022-03-25T16:13:45Z	2.17.0
1.1.0	named	com.melahn	helm-chartmap	2022-03-29T20:12:09Z	2.17.2
1.3.1	named	com.feedzai	openml-h2o	2022-04-04T15:02:44Z	2.17.1
1.1.5	named	com.feedzai	openml-h2o	2022-04-04T15:18:24Z	2.17.1
1.0.21	named	com.feedzai	openml-h2o	2022-04-04T15:19:20Z	2.17.1
1.0.22	named	com.feedzai	openml-h2o	2022-04-08T17:07:51Z	2.17.1
1.3.2	named	com.feedzai	openml-h2o	2022-04-08T17:08:20Z	2.17.1
1.1.6	named	com.feedzai	openml-h2o	2022-04-08T17:09:01Z	2.17.1
8.10.2	named	com.alibaba.lindorm	lindorm-search-shaded-test-framework	2022-04-09T01:03:50Z	2.17.1
8.10.1.3	named	com.alibaba.lindorm	lindorm-search-shaded-test-framework	2022-04-11T03:42:24Z	2.17.1
8.10.1.5	named	com.alibaba.lindorm	lindorm-search-shaded-test-framework	2022-04-11T08:54:31Z	2.17.1
1.30.1	named	co.elastic.apm	apm-agent	2022-04-12T12:15:03Z	2.12.4
0.52	named	us.abstracta.jmeter	jmeter-java-dsl-jmx2dsl	2022-04-14T20:21:37Z	2.17.0
2.1.1	named	org.apache.seatunnel	seatunnel-connector-flink-elasticsearch7	2022-04-18T11:56:04Z	
2.1.1	named	org.apache.seatunnel	seatunnel-core-flink	2022-04-18T11:59:47Z	
2.1.1	named	org.apache.seatunnel	seatunnel-connector-flink-druid	2022-04-18T12:21:27Z	2.15.0
2.1.1	named	org.apache.seatunnel	seatunnel-flink-examples	2022-04-18T12:25:35Z	
2.1.1	named	org.apache.seatunnel	seatunnel-flink-e2e	2022-04-18T13:23:12Z	
1.3.3	named	com.feedzai	openml-h2o	2022-04-18T14:57:45Z	2.17.1
1.1.7	named	com.feedzai	openml-h2o	2022-04-18T14:58:16Z	2.17.1
1.0.23	named	com.feedzai	openml-h2o	2022-04-18T14:59:13Z	2.17.1
0.52.1	named	us.abstracta.jmeter	jmeter-java-dsl-jmx2dsl	2022-04-19T19:43:12Z	2.17.0
1.3.19	named	io.github.lxgaming	reconstruct-cli	2022-04-20T02:51:49Z	2.17.2
4.3.12	named	org.neo4j	neo4j-logging	2022-04-20T13:53:25Z	2.17.1
4.2.16	named	org.neo4j	neo4j-logging	2022-04-20T15:04:35Z	2.17.1
4.4.6	named	org.neo4j	neo4j-logging	2022-04-20T16:25:11Z	2.17.1
5.3.7	named	org.elasticflow	elasticflow	2022-04-21T03:19:14Z	2.17.1
0.53	named	us.abstracta.jmeter	jmeter-java-dsl-jmx2dsl	2022-04-21T18:00:57Z	2.17.0
2.17.2.0001L	named	org.lucee	log4j-api	2022-04-22T15:49:33Z	2.17.2
1.10.6	named	com.yandex.ydb	ydb-sdk-jdbc-uberjar	2022-04-26T12:14:41Z	2.14.0
1.10.7	named	com.yandex.ydb	ydb-sdk-jdbc-uberjar	2022-04-26T12:21:46Z	2.14.0
1.10.8	named	com.yandex.ydb	ydb-sdk-jdbc-uberjar	2022-04-26T12:58:59Z	2.14.0
1.11.5	named	com.yandex.ydb	ydb-sdk-jdbc-uberjar	2022-04-26T15:04:14Z	2.14.0
0.54	named	us.abstracta.jmeter	jmeter-java-dsl-jmx2dsl	2022-04-26T18:20:31Z	2.17.0
1.3.4	named	com.feedzai	openml-h2o	2022-04-27T14:52:36Z	2.17.1
1.0.24	named	com.feedzai	openml-h2o	2022-04-27T14:53:12Z	2.17.1
1.1.8	named	com.feedzai	openml-h2o	2022-04-27T14:53:40Z	2.17.1
0.9.0	named	cz.o2.proxima	proxima-direct-io-elasticsearch	2022-04-28T08:23:27Z	2.17.1
0.9.0-jdk11	named	cz.o2.proxima	proxima-direct-io-elasticsearch	2022-04-28T09:10:19Z	2.17.1
1.21.0	named	org.apache.calcite.avatica	avatica-tck	2022-05-04T23:25:24Z	2.17.1
1.1.1	named	com.melahn	helm-chartmap	2022-05-05T21:30:42Z	2.17.2
0.55	named	us.abstracta.jmeter	jmeter-java-dsl-jmx2dsl	2022-05-06T20:13:44Z	2.17.0
1.1.5.5	named	io.mosip.kernel	kernel-auth-adapter	2022-05-08T16:44:27Z	
0.7.1	named	io.etcd	jetcd-ctl	2022-05-09T21:23:14Z	2.17.2
2.4.0-RC1	named	com.navercorp.pinpoint	pinpoint-tools	2022-05-11T08:58:09Z	2.12.4
0.56	named	us.abstracta.jmeter	jmeter-java-dsl-jmx2dsl	2022-05-11T13:14:00Z	2.17.0
0.10.0	named	fr.inrae.toulouse.metexplore	met4j-toolbox	2022-05-12T11:07:39Z	2.15.0
1.1.5.5	named	io.mosip.registrationprocessor	registration-processor-common-camel-bridge	2022-05-12T11:24:34Z	
4.4.7	named	org.neo4j	neo4j-logging	2022-05-16T06:57:47Z	2.17.1
4.3.13	named	org.neo4j	neo4j-logging	2022-05-16T07:26:43Z	2.17.1
4.2.17	named	org.neo4j	neo4j-logging	2022-05-16T10:01:43Z	2.17.1
1.31.0	named	co.elastic.apm	apm-agent	2022-05-17T06:37:41Z	2.12.4
2.7.4.3	named	io.streamnative	pulsar-functions-runtime-all	2022-05-25T03:12:31Z	2.17.1
2.4.0	named	com.navercorp.pinpoint	pinpoint-tools	2022-05-30T06:21:50Z	2.12.4
0.11.0	named	fr.inrae.toulouse.metexplore	met4j-toolbox	2022-05-30T08:27:31Z	2.15.0
1.19	named	cn.net.mugui	spring	2022-05-30T10:33:00Z	2.13.3
1.1.2	named	com.melahn	helm-chartmap	2022-05-30T18:01:18Z	2.17.2
1.1.5.6	named	io.mosip.registrationprocessor	registration-processor-common-camel-bridge	2022-05-31T11:50:44Z	
1.12.10	named	com.hpe.adm.octane.ciplugins	bamboo-ci-plugin	2022-06-01T10:37:18Z	2.17.2
5.2.2_1	named	org.apache.servicemix.bundles	org.apache.servicemix.bundles.poi	2022-06-01T18:52:42Z	2.17.2
0.57	named	us.abstracta.jmeter	jmeter-java-dsl-jmx2dsl	2022-06-02T12:50:22Z	2.17.0
8.1.2	named	com.datarobot	datarobot-mlops	2022-06-02T19:51:42Z	2.17.1
8.1.2	named	com.datarobot	mlops-utils-for-spark_3.2.0	2022-06-02T20:00:50Z	2.17.1
2.1.2	named	org.apache.seatunnel	seatunnel-connector-flink-druid	2022-06-05T05:18:13Z	2.15.0
2.1.2	named	org.apache.seatunnel	seatunnel-connector-flink-elasticsearch7	2022-06-05T05:19:17Z	
2.1.2	named	org.apache.seatunnel	seatunnel-connectors-flink-dist	2022-06-05T05:23:20Z	
2.1.2	named	org.apache.seatunnel	flink-sql-connector-elasticsearch-7	2022-06-05T05:33:56Z	
2.1.2	named	org.apache.seatunnel	seatunnel-connectors-flink-sql-dist	2022-06-05T05:34:16Z	
1.3.20	named	io.github.lxgaming	reconstruct-cli	2022-06-05T23:16:19Z	2.17.2
0.8.0	named	io.pyroscope	agent	2022-06-07T08:29:09Z	2.17.1
1.3.5	named	com.feedzai	openml-h2o	2022-06-07T10:34:03Z	2.17.1
2.1	named	io.github.mderevyankoaqa	jmeter-plugins-influxdb2-listener	2022-06-07T11:09:23Z	2.17.0
8.1.3	named	com.datarobot	datarobot-mlops	2022-06-07T23:57:47Z	2.17.1
5.4.1	named	org.elasticflow	elasticflow	2022-06-08T02:00:10Z	2.17.1
2.2	named	io.github.mderevyankoaqa	jmeter-plugins-influxdb2-listener	2022-06-08T12:20:06Z	2.17.0
1.1.3	named	com.robotaccomplice	jais	2022-06-08T17:05:23Z	2.17.2
0.5.2	named	com.4paradigm.openmldb	openmldb-batch	2022-06-09T13:31:23Z	2.17.2
0.8.0.RELEASE	named	io.microservices.tools.canvas	microservice-canvas-cli	2022-06-10T17:31:40Z	
0.8.1	named	io.pyroscope	agent	2022-06-12T09:52:05Z	2.17.1
4.4.8	named	org.neo4j	neo4j-logging	2022-06-13T07:53:07Z	2.17.1
0.12.0	named	fr.inrae.toulouse.metexplore	met4j-toolbox	2022-06-13T08:32:20Z	2.15.0
4.3.14	named	org.neo4j	neo4j-logging	2022-06-13T08:57:38Z	2.17.1
4.2.18	named	org.neo4j	neo4j-logging	2022-06-13T10:35:34Z	2.17.1
1.32.0	named	co.elastic.apm	apm-agent	2022-06-13T13:36:45Z	2.12.4
0.8.2	named	io.pyroscope	agent	2022-06-13T15:20:50Z	2.17.1
0.8.3	named	io.pyroscope	agent	2022-06-13T15:25:55Z	2.17.1
1.2.0	named	com.melahn	helm-chartmap	2022-06-13T22:59:03Z	2.17.2
2.3	named	io.github.mderevyankoaqa	jmeter-plugins-influxdb2-listener	2022-06-14T09:20:40Z	2.17.0
5.4.2	named	org.elasticflow	elasticflow	2022-06-15T04:03:15Z	2.17.1
2.7.4.4	named	io.streamnative	pulsar-functions-runtime-all	2022-06-15T14:46:51Z	2.17.1
0.58	named	us.abstracta.jmeter	jmeter-java-dsl-jmx2dsl	2022-06-15T18:56:28Z	2.17.0
0.59	named	us.abstracta.jmeter	jmeter-java-dsl-jmx2dsl	2022-06-20T17:16:29Z	2.17.0
2.7.4.5	named	io.streamnative	pulsar-functions-runtime-all	2022-06-21T12:55:21Z	2.17.1
0.59.1	named	us.abstracta.jmeter	jmeter-java-dsl-jmx2dsl	2022-06-21T14:29:30Z	2.17.0
1.11.6	named	com.yandex.ydb	ydb-sdk-jdbc-uberjar	2022-06-22T12:18:52Z	2.14.0
1.12.0	named	com.yandex.ydb	ydb-sdk-jdbc-uberjar	2022-06-22T13:05:01Z	2.14.0
1.13.0	named	com.yandex.ydb	ydb-sdk-jdbc-uberjar	2022-06-22T13:34:07Z	2.14.0
1.13.4	named	com.yandex.ydb	ydb-sdk-jdbc-uberjar	2022-06-22T13:39:13Z	2.14.0
0.60	named	us.abstracta.jmeter	jmeter-java-dsl-jmx2dsl	2022-06-24T13:13:23Z	2.17.0
0.61	named	us.abstracta.jmeter	jmeter-java-dsl-jmx2dsl	2022-06-27T12:57:56Z	2.17.0
0.7.3	named	com.alertavert	jwt-opa	2022-06-28T19:05:11Z	2.14.1
2.18.0	named	org.apache.logging.log4j	log4j-api	2022-06-28T22:03:50Z	2.18.0
0.7.4	named	com.alertavert	jwt-opa	2022-06-29T00:26:10Z	2.14.1
0.62	named	us.abstracta.jmeter	jmeter-java-dsl-jmx2dsl	2022-06-30T19:59:35Z	2.17.0
1.0.0	named	fr.inrae.toulouse.metexplore	met4j-toolbox	2022-07-01T15:40:46Z	2.15.0
5.2.2_2	named	org.apache.servicemix.bundles	org.apache.servicemix.bundles.poi	2022-07-03T19:39:48Z	2.17.2
2.7.4.6	named	io.streamnative	pulsar-functions-runtime-all	2022-07-05T06:55:01Z	2.17.1
2.7.4.7	named	io.streamnative	pulsar-functions-runtime-all	2022-07-06T07:42:35Z	2.17.1
1.0.13	named	org.zowe.client.java.sdk	zowe-client-java-sdk	2022-07-07T19:11:26Z	2.17.2
1.33.0	named	co.elastic.apm	apm-agent	2022-07-08T12:47:23Z	2.12.4
0.62.1	named	us.abstracta.jmeter	jmeter-java-dsl-jmx2dsl	2022-07-08T12:58:04Z	2.17.0
2.3.0	named	org.linqs	psl-neural	2022-07-08T20:29:36Z	2.17.2
2.3.0	named	org.linqs	psl-cli	2022-07-08T20:29:41Z	2.17.2
2.3.0	named	org.linqs	psl-java	2022-07-08T20:29:42Z	2.17.2
8.1.4	named	com.datarobot	datarobot-mlops	2022-07-13T17:59:27Z	2.17.1
8.1.4	named	com.datarobot	mlops-utils-for-spark_3.2.0	2022-07-13T18:04:24Z	2.17.1
1.4.0	named	com.feedzai	openml-h2o	2022-07-14T13:19:52Z	2.17.1
0.63	named	us.abstracta.jmeter	jmeter-java-dsl-jmx2dsl	2022-07-14T18:05:20Z	2.17.0
1.4.1	named	com.feedzai	openml-h2o	2022-07-15T09:46:36Z	2.17.1
1.4.9999	named	com.feedzai	openml-h2o	2022-07-15T10:44:10Z	2.17.1
1.5.0	named	com.feedzai	openml-h2o	2022-07-15T13:59:23Z	2.17.1
4.3.15	named	org.neo4j	neo4j-logging	2022-07-15T14:01:58Z	2.17.1
2.31.9	named	com.netflix.conductor	conductor-es6-persistence	2022-07-15T17:32:22Z	
0.3.0	named	io.github.protobuf-x	protoc-gen-spring-webflux	2022-07-17T09:10:55Z	2.12.1
4.4.9	named	org.neo4j	neo4j-logging	2022-07-18T07:56:57Z	2.17.1
1.0.2	named	io.keploy	test-module	2022-07-19T06:13:21Z	2.17.2
1.0.3	named	io.keploy	test-module	2022-07-19T07:54:25Z	2.17.2
1.0.4	named	io.keploy	test-module	2022-07-19T11:59:00Z	2.18.0
1.0.5	named	io.keploy	test-module	2022-07-19T12:36:36Z	2.18.0
1.0.1	named	fr.inrae.toulouse.metexplore	met4j-toolbox	2022-07-19T13:04:31Z	2.15.0
0.5.3	named	com.4paradigm.openmldb	openmldb-batch	2022-07-22T07:07:20Z	2.17.2
1.22.0	named	org.apache.calcite.avatica	avatica-tck	2022-07-26T23:24:17Z	2.17.1
2.1.3	named	org.apache.seatunnel	seatunnel-connector-flink-druid	2022-07-27T11:10:15Z	2.15.0
2.1.3	named	org.apache.seatunnel	seatunnel-connector-flink-elasticsearch7	2022-07-27T11:11:24Z	
2.1.3	named	org.apache.seatunnel	seatunnel-connectors-flink-dist	2022-07-27T11:15:28Z	
2.1.3	named	org.apache.seatunnel	flink-sql-connector-elasticsearch-7	2022-07-27T11:27:41Z	
2.1.3	named	org.apache.seatunnel	seatunnel-connectors-flink-sql-dist	2022-07-27T11:27:58Z	
0.64	named	us.abstracta.jmeter	jmeter-java-dsl-jmx2dsl	2022-07-27T17:21:25Z	2.17.2
0.7.2	named	io.etcd	jetcd-ctl	2022-07-28T13:36:20Z	2.18.0
0.7.3	named	io.etcd	jetcd-ctl	2022-07-28T14:58:16Z	2.18.0
1.1.0	named	fr.inrae.toulouse.metexplore	met4j-toolbox	2022-07-29T10:24:22Z	2.15.0
2.7.4.8	named	io.streamnative	pulsar-functions-runtime-all	2022-08-03T01:47:32Z	2.17.1
2.4.1	named	com.navercorp.pinpoint	pinpoint-tools	2022-08-04T07:34:36Z	2.12.4
1.1.0	named	org.apache.bahir	flink-connector-pinot_2.11	2022-08-05T10:36:01Z	
1.1.0	named	org.apache.bahir	flink-connector-pinot_2.12	2022-08-05T10:38:42Z	
4.4.10	named	org.neo4j	neo4j-logging	2022-08-08T08:59:50Z	2.17.1
4.3.16	named	org.neo4j	neo4j-logging	2022-08-08T12:22:26Z	2.17.1
0.64.1	named	us.abstracta.jmeter	jmeter-java-dsl-jmx2dsl	2022-08-08T14:04:12Z	2.17.2
2.9.4	named	com.labs64.netlicensing	netlicensing-client-demo	2022-08-09T16:24:09Z	2.17.2
0.64.2	named	us.abstracta.jmeter	jmeter-java-dsl-jmx2dsl	2022-08-09T17:12:25Z	2.17.2
0.6.0	named	com.4paradigm.openmldb	openmldb-batch	2022-08-10T08:43:21Z	2.17.2
0.8.3	named	io.github.basilapi	basil-server	2022-08-10T11:08:50Z	2.16.0
4.3.17	named	org.neo4j	neo4j-logging	2022-08-11T08:59:31Z	2.17.1
4.2.19	named	org.neo4j	neo4j-logging	2022-08-11T10:15:43Z	2.17.1
1.0.6	named	io.keploy	test-module	2022-08-11T20:03:04Z	2.18.0
0.64.3	named	us.abstracta.jmeter	jmeter-java-dsl-jmx2dsl	2022-08-17T19:13:48Z	2.17.2
0.7.5	named	com.alertavert	jwt-opa	2022-08-21T08:13:15Z	2.14.1
1.0.7	named	io.keploy	test-module	2022-08-21T17:14:34Z	2.18.0
2.7.5	named	org.apache.pulsar	pulsar-functions-runtime-all	2022-08-26T13:41:51Z	2.18.0
5.2.2_3	named	org.apache.servicemix.bundles	org.apache.servicemix.bundles.poi	2022-08-29T06:17:43Z	2.17.2
0.6.1	named	com.4paradigm.openmldb	openmldb-batch	2022-08-30T11:54:53Z	2.17.2
2.0.0	named	com.robotaccomplice	jais	2022-09-01T12:04:32Z	2.17.2
2.0.1	named	com.robotaccomplice	jais	2022-09-01T12:52:45Z	2.17.2
2.0.2	named	com.robotaccomplice	jais	2022-09-01T13:16:30Z	2.17.2
1.1	named	org.ibissource	frank-doc	2022-09-01T14:39:16Z	2.17.1
2.0.4	named	com.robotaccomplice	jais	2022-09-02T07:52:15Z	2.17.2
2.0.5	named	com.robotaccomplice	jais	2022-09-02T08:22:05Z	2.17.2
2.0.6	named	com.robotaccomplice	jais	2022-09-02T09:14:30Z	2.17.2
2.0.7	named	com.robotaccomplice	jais	2022-09-02T09:27:23Z	2.17.2
1.3.0	named	org.apache.inlong	sort-connector-tubemq	2022-09-02T17:24:13Z	2.17.2
1.13.7	named	com.yandex.ydb	ydb-sdk-jdbc-uberjar	2022-09-05T11:54:23Z	2.14.0
1.14.0	named	com.yandex.ydb	ydb-sdk-jdbc-uberjar	2022-09-05T12:00:25Z	2.14.0
1.14.5	named	com.yandex.ydb	ydb-sdk-jdbc-uberjar	2022-09-05T12:05:57Z	2.14.0
4.3.18	named	org.neo4j	neo4j-logging	2022-09-05T14:30:33Z	2.17.1
4.4.11	named	org.neo4j	neo4j-logging	2022-09-05T14:38:31Z	2.17.1
8.2.5	named	com.datarobot	datarobot-mlops	2022-09-06T22:52:19Z	2.17.1
8.2.7	named	com.datarobot	datarobot-mlops	2022-09-12T21:38:54Z	2.17.1
2.19.0	named	org.apache.logging.log4j	log4j-api	2022-09-13T17:17:03Z	2.19.0
1.34.0	named	co.elastic.apm	apm-agent	2022-09-14T09:25:37Z	2.12.4
0.65	named	us.abstracta.jmeter	jmeter-java-dsl-jmx2dsl	2022-09-16T17:20:48Z	2.17.2
1.45.6	named	com.yandex.ydb	ydb-sdk-jdbc-uberjar	2022-09-19T13:49:31Z	2.14.0
0.6.2	named	com.4paradigm.openmldb	openmldb-batch	2022-09-20T07:47:21Z	2.17.2
2.2.0-beta	named	org.apache.seatunnel	seatunnel-connector-flink-druid	2022-09-26T04:22:24Z	2.15.0
2.2.0-beta	named	org.apache.seatunnel	seatunnel-connector-flink-elasticsearch7	2022-09-26T04:23:57Z	
2.2.0-beta	named	org.apache.seatunnel	flink-sql-connector-elasticsearch-7	2022-09-26T04:42:51Z	
2.0.8	named	com.robotaccomplice	jais	2022-09-28T09:00:03Z	2.17.2
1.2.0.1-B1	named	io.mosip.kernel	kernel-auth-adapter	2022-09-29T08:21:31Z	
2.0.9	named	com.robotaccomplice	jais	2022-09-29T08:54:29Z	2.17.2
2.4.2	named	com.navercorp.pinpoint	pinpoint-tools	2022-09-30T08:25:08Z	2.12.4
1.34.1	named	co.elastic.apm	apm-agent	2022-09-30T08:33:47Z	2.12.4
2.0.10	named	com.robotaccomplice	jais	2022-09-30T09:49:02Z	2.17.2
2.0.11	named	com.robotaccomplice	jais	2022-09-30T10:49:27Z	2.17.2
2.5.0	named	org.apache.tika	tika-pipes-iterator-kafka	2022-09-30T13:49:38Z	2.19.0
1.1.1	named	fr.inrae.toulouse.metexplore	met4j-toolbox	2022-10-04T15:10:23Z	2.15.0
1.3.21	named	io.github.lxgaming	reconstruct-cli	2022-10-05T10:27:47Z	2.19.0
0.9.0.RELEASE	named	io.microservices.tools.canvas	microservice-canvas-cli	2022-10-06T04:38:53Z	
0.28.0-oss-spark2.4-hadoop2.6	named	com.dimajix.flowman	flowman-client	2022-10-07T10:38:56Z	2.17.2
0.28.0-oss-spark2.4-hadoop2.7	named	com.dimajix.flowman	flowman-client	2022-10-07T11:21:04Z	2.17.2
0.28.0-oss-spark3.0-hadoop2.7	named	com.dimajix.flowman	flowman-client	2022-10-07T12:51:00Z	2.17.2
0.28.0-oss-spark3.0-hadoop3.2	named	com.dimajix.flowman	flowman-client	2022-10-07T13:18:19Z	2.17.2
0.28.0-oss-spark3.1-hadoop2.7	named	com.dimajix.flowman	flowman-client	2022-10-07T13:36:45Z	2.17.2
0.28.0-oss-spark3.1-hadoop3.2	named	com.dimajix.flowman	flowman-client	2022-10-07T14:02:08Z	2.17.2
0.28.0-oss-spark3.2-hadoop2.7	named	com.dimajix.flowman	flowman-client	2022-10-07T14:26:38Z	2.17.2
0.28.0-oss-spark3.2-hadoop3.3	named	com.dimajix.flowman	flowman-client	2022-10-07T14:42:07Z	2.17.2
0.28.0-oss-spark3.3-hadoop2.7	named	com.dimajix.flowman	flowman-client	2022-10-07T15:00:43Z	2.17.2
0.28.0-oss-spark3.3-hadoop3.3	named	com.dimajix.flowman	flowman-client	2022-10-07T15:33:22Z	2.17.2
0.28.0-cdp7-spark2.4-hadoop3.1	named	com.dimajix.flowman	flowman-client	2022-10-07T16:11:24Z	2.17.1
0.28.0	named	com.dimajix.flowman	flowman-client	2022-10-07T16:27:18Z	2.17.2
4.3.19	named	org.neo4j	neo4j-logging	2022-10-11T09:40:54Z	2.17.1
4.4.12	named	org.neo4j	neo4j-logging	2022-10-11T10:20:15Z	2.17.1
0.6.3	named	com.4paradigm.openmldb	openmldb-batch	2022-10-14T07:25:22Z	2.17.2
1.13-vvr-4.0.15	named	com.alibaba.ververica	ververica-connector-elasticsearch	2022-10-18T10:19:22Z	2.17.0
1.2.0.1-B1	named	io.mosip.kernel	kernel-virusscanner-clamav	2022-10-21T08:16:27Z	
0.6.4	named	com.4paradigm.openmldb	openmldb-batch	2022-10-22T00:20:09Z	2.17.2
3.0.2	named	io.github.bigbird-0101	code-fxui	2022-10-23T09:26:42Z	2.17.1
2.3.0-beta	named	org.apache.seatunnel	seatunnel-connector-flink-druid	2022-10-24T08:36:14Z	2.15.0
2.3.0-beta	named	org.apache.seatunnel	seatunnel-connector-flink-elasticsearch7	2022-10-24T08:51:11Z	
2.3.0-beta	named	org.apache.seatunnel	flink-sql-connector-elasticsearch-7	2022-10-24T09:56:56Z	
0.0.1.3	named	io.github.warnotte	waxlib3	2022-10-25T20:36:20Z	2.19.0
2.0.12	named	com.robotaccomplice	jais	2022-10-26T10:16:46Z	2.17.2
2.0.13	named	com.robotaccomplice	jais	2022-10-26T17:20:07Z	2.17.2
8.0.11	named	com.datarobot	datarobot-mlops	2022-10-27T18:22:58Z	2.19.0
8.2.10	named	com.datarobot	datarobot-mlops	2022-10-27T19:29:21Z	2.17.1
1.1.5.5-P1	named	io.mosip.registrationprocessor	registration-processor-common-camel-bridge	2022-10-28T15:25:54Z	
1.1.5.5-P1	named	io.mosip.kernel	kernel-auth-adapter	2022-10-28T16:48:08Z	
2.0.14	named	com.robotaccomplice	jais	2022-10-28T18:06:24Z	2.17.2
8.1.5	named	com.datarobot	datarobot-mlops	2022-10-28T22:25:43Z	2.17.1
8.1.5	named	com.datarobot	mlops-utils-for-spark_3.2.0	2022-10-28T22:30:17Z	2.17.1
3.0.3	named	io.github.bigbird-0101	code-fxui	2022-10-30T02:51:39Z	2.17.1
4.3.20	named	org.neo4j	neo4j-logging	2022-11-03T11:22:48Z	2.17.1
2.0.15	named	com.robotaccomplice	jais	2022-11-03T11:42:29Z	2.17.2
2.6.0	named	org.apache.tika	tika-pipes-iterator-kafka	2022-11-03T13:16:21Z	2.19.0
0.6.5	named	com.4paradigm.openmldb	openmldb-batch	2022-11-05T09:08:25Z	2.17.2
1.15-vvr-6.0.2-3	named	com.alibaba.ververica	ververica-connector-elasticsearch	2022-11-07T08:15:18Z	2.17.0
3.0.4	named	io.github.bigbird-0101	code-fxui	2022-11-07T12:56:09Z	2.17.1
4.4.13	named	org.neo4j	neo4j-logging	2022-11-07T14:31:19Z	2.17.1
0.0.1.4	named	io.github.warnotte	waxlib3	2022-11-08T14:55:39Z	2.19.0
0.29.0-oss-spark2.4-hadoop2.6	named	com.dimajix.flowman	flowman-client	2022-11-09T06:52:30Z	2.17.2
0.29.0-oss-spark2.4-hadoop2.7	named	com.dimajix.flowman	flowman-client	2022-11-09T07:07:28Z	2.17.2
0.29.0-oss-spark3.0-hadoop2.7	named	com.dimajix.flowman	flowman-client	2022-11-09T07:28:37Z	2.17.2
0.29.0-oss-spark3.0-hadoop3.2	named	com.dimajix.flowman	flowman-client	2022-11-09T07:46:54Z	2.17.2
0.29.0-oss-spark3.1-hadoop2.7	named	com.dimajix.flowman	flowman-client	2022-11-09T08:03:06Z	2.17.2
0.29.0-oss-spark3.1-hadoop3.2	named	com.dimajix.flowman	flowman-client	2022-11-09T08:24:31Z	2.17.2
0.29.0-oss-spark3.2-hadoop2.7	named	com.dimajix.flowman	flowman-client	2022-11-09T08:42:20Z	2.17.2
0.29.0-oss-spark3.2-hadoop3.3	named	com.dimajix.flowman	flowman-client	2022-11-09T08:59:06Z	2.17.2
0.29.0-oss-spark3.3-hadoop2.7	named	com.dimajix.flowman	flowman-client	2022-11-09T09:16:19Z	2.17.2
0.29.0-oss-spark3.3-hadoop3.3	named	com.dimajix.flowman	flowman-client	2022-11-09T09:32:16Z	2.17.2
0.29.0-emr6.8-spark3.3-hadoop3.2	named	com.dimajix.flowman	flowman-client	2022-11-09T09:49:11Z	2.17.2
0.29.0-cdp7-spark2.4-hadoop3.1	named	com.dimajix.flowman	flowman-client	2022-11-09T10:19:17Z	2.17.1
0.29.0	named	com.dimajix.flowman	flowman-client	2022-11-09T10:35:19Z	2.17.2
4.3.21	named	org.neo4j	neo4j-logging	2022-11-10T17:19:26Z	2.17.1
4.4.14	named	org.neo4j	neo4j-logging	2022-11-10T17:21:12Z	2.17.1
1.4.0	named	org.apache.inlong	sort-connector-tubemq	2022-11-11T18:13:18Z	2.17.2
0.6.6	named	com.4paradigm.openmldb	openmldb-batch	2022-11-15T02:07:10Z	2.17.2
1.2.0	named	fr.inrae.toulouse.metexplore	met4j-toolbox	2022-11-15T13:28:39Z	2.15.0
2.9.5	named	com.labs64.netlicensing	netlicensing-client-demo	2022-11-24T10:03:21Z	2.19.0
0.6.7	named	com.4paradigm.openmldb	openmldb-batch	2022-11-24T14:26:28Z	2.17.2
4.4.15	named	org.neo4j	neo4j-logging	2022-11-25T10:50:24Z	2.17.1
4.3.22	named	org.neo4j	neo4j-logging	2022-11-25T10:52:39Z	2.17.1
0.6.8	named	com.4paradigm.openmldb	openmldb-batch	2022-11-30T06:46:28Z	2.17.2
2.0.16	named	com.robotaccomplice	jais	2022-12-01T14:54:20Z	2.17.2
1.35.0	named	co.elastic.apm	apm-agent	2022-12-06T11:34:37Z	2.12.4
0.7.5	named	io.etcd	jetcd-ctl	2022-12-07T07:59:23Z	2.19.0
2.0.17	named	com.robotaccomplice	jais	2022-12-07T10:13:16Z	2.17.2
0.6.9	named	com.4paradigm.openmldb	openmldb-batch	2022-12-08T12:42:43Z	2.17.2
4.4.16	named	org.neo4j	neo4j-logging	2022-12-21T09:34:29Z	2.17.1
4.3.23	named	org.neo4j	neo4j-logging	2022-12-21T10:43:48Z	2.17.1
2.3.0	named	org.apache.seatunnel	seatunnel-starter	2022-12-23T03:35:23Z	2.17.1
2.5.0	named	com.navercorp.pinpoint	pinpoint-tools	2022-12-27T09:45:57Z	2.17.2
0.7.0	named	com.4paradigm.openmldb	openmldb-batch	2022-12-31T07:13:26Z	2.17.2
0.30.0-oss-spark2.4-hadoop2.6	named	com.dimajix.flowman	flowman-client	2023-01-03T14:59:57Z	2.17.2
0.30.0-oss-spark2.4-hadoop2.7	named	com.dimajix.flowman	flowman-client	2023-01-03T15:14:27Z	2.17.2
0.30.0-oss-spark3.0-hadoop2.7	named	com.dimajix.flowman	flowman-client	2023-01-03T16:18:37Z	2.17.2
0.30.0-oss-spark3.0-hadoop3.2	named	com.dimajix.flowman	flowman-client	2023-01-03T16:36:40Z	2.17.2
0.30.0-oss-spark3.1-hadoop2.7	named	com.dimajix.flowman	flowman-client	2023-01-03T16:53:47Z	2.17.2
0.30.0-oss-spark3.1-hadoop3.2	named	com.dimajix.flowman	flowman-client	2023-01-03T17:08:44Z	2.17.2
0.30.0-oss-spark3.2-hadoop2.7	named	com.dimajix.flowman	flowman-client	2023-01-03T17:25:27Z	2.17.2
0.30.0-oss-spark3.2-hadoop3.3	named	com.dimajix.flowman	flowman-client	2023-01-03T17:42:49Z	2.17.2
0.30.0-oss-spark3.3-hadoop2.7	named	com.dimajix.flowman	flowman-client	2023-01-03T17:59:49Z	2.17.2
0.30.0-oss-spark3.3-hadoop3.3	named	com.dimajix.flowman	flowman-client	2023-01-03T18:15:21Z	2.17.2
0.30.0-emr6.9-spark3.3-hadoop3.3	named	com.dimajix.flowman	flowman-client	2023-01-03T18:33:26Z	2.17.2
0.30.0-cdp7-spark3.2-hadoop3.1	named	com.dimajix.flowman	flowman-client	2023-01-03T18:48:53Z	2.17.1
0.30.0-cdp7-spark2.4-hadoop3.1	named	com.dimajix.flowman	flowman-client	2023-01-03T19:21:39Z	2.17.1
0.30.0	named	com.dimajix.flowman	flowman-client	2023-01-03T19:36:07Z	2.17.2
5.4.3	named	org.elasticflow	elasticflow	2023-01-06T07:22:52Z	2.17.1
1.2.0.1-B2	named	io.mosip.kernel	kernel-auth-adapter	2023-01-07T13:26:15Z	
1.5.0	named	org.apache.inlong	sort-connector-tubemq	2023-01-10T13:44:28Z	2.17.2
1.2.1	named	fr.inrae.toulouse.metexplore	met4j-toolbox	2023-01-10T16:43:24Z	2.15.0
0.7.1	named	com.4paradigm.openmldb	openmldb-batch	2023-01-14T03:53:31Z	2.17.2
1.23.0	named	org.apache.calcite.avatica	avatica-tck	2023-01-16T03:02:26Z	2.17.1
0.6.0	named	io.kestra.plugin	plugin-jdbc-pinot	2023-01-16T13:37:21Z	2.17.1
0.10.0	named	cz.o2.proxima	proxima-direct-io-elasticsearch	2023-01-16T14:21:13Z	2.19.0
0.10.0-jdk11	named	cz.o2.proxima	proxima-direct-io-elasticsearch	2023-01-16T15:14:00Z	2.19.0
1.36.0	named	co.elastic.apm	apm-agent	2023-01-31T12:38:32Z	2.12.4
2.7.0	named	org.apache.tika	tika-pipes-iterator-kafka	2023-01-31T18:48:13Z	2.19.0
4.4.17	named	org.neo4j	neo4j-logging	2023-02-02T09:44:37Z	2.17.1
2.0.18	named	com.robotaccomplice	jais	2023-02-07T11:45:25Z	2.17.2
1.1.5.5-P2-rc1	named	io.mosip.kernel	kernel-auth-adapter	2023-02-09T10:41:22Z	
0.0.1.5	named	io.github.warnotte	waxlib3	2023-02-09T13:54:38Z	2.19.0
2.0.19	named	com.robotaccomplice	jais	2023-02-13T16:55:10Z	2.17.2
1.2.2	named	fr.inrae.toulouse.metexplore	met4j-toolbox	2023-02-17T08:40:14Z	2.15.0
0.13.0	named	org.apache.hudi	hudi-cli-bundle_2.11	2023-02-17T20:35:52Z	2.17.2
0.13.0	named	org.apache.hudi	hudi-cli-bundle_2.12	2023-02-17T22:04:09Z	2.17.2
2.20.0	named	org.apache.logging.log4j	log4j-api	2023-02-18T05:20:22Z	2.20.0
0.7.2	named	com.4paradigm.openmldb	openmldb-batch	2023-02-20T23:34:59Z	2.17.2
1.2.7	named	io.keploy	keploy-sdk	2023-02-22T08:24:22Z	2.18.0
1.2.8	named	io.keploy	keploy-sdk	2023-02-23T18:10:05Z	2.18.0
4.4.18	named	org.neo4j	neo4j-logging	2023-02-24T08:46:10Z	2.17.1
2.0.0	named	org.apache.knox	gateway-shell-release	2023-02-24T21:29:05Z	2.17.1
0.0.18	named	com.theartos	artos	2023-02-25T06:14:34Z	2.17.1
0.6.1	named	io.kestra.plugin	plugin-jdbc-pinot	2023-03-02T11:45:13Z	2.17.1
4.3.3	named	com.github.emc-mongoose	mongoose-base	2023-03-02T17:38:11Z	2.19.0
4.3.3	named	com.github.emc-mongoose	mongoose-bundle	2023-03-02T22:22:07Z	2.19.0
4.3.4	named	com.github.emc-mongoose	mongoose-base	2023-03-03T16:03:31Z	2.19.0
4.3.4	named	com.github.emc-mongoose	mongoose-bundle	2023-03-03T16:34:49Z	2.19.0
0.0.1.6	named	io.github.warnotte	waxlib3	2023-03-08T18:55:12Z	2.19.0
2.3.1	named	org.apache.seatunnel	seatunnel-starter	2023-03-19T11:33:00Z	2.17.1
1.6.0	named	org.apache.inlong	sort-connector-tubemq	2023-03-20T15:29:56Z	2.17.2
9.0.6	named	com.datarobot	datarobot-mlops	2023-03-21T00:17:43Z	2.17.1
0.11.0	named	cz.o2.proxima	proxima-direct-io-elasticsearch	2023-03-21T13:34:23Z	2.19.0
0.7.3	named	com.4paradigm.openmldb	openmldb-batch	2023-03-22T13:05:38Z	2.17.2
9.0.6	named	com.datarobot	mlops-utils-for-spark_3	2023-03-22T23:54:27Z	2.17.1
0.10.0.RELEASE	named	io.microservices.tools.canvas	microservice-canvas-cli	2023-03-26T09:08:43Z	
0.0.1.7	named	io.github.warnotte	waxlib3	2023-03-28T09:28:26Z	2.19.0
4.4.19	named	org.neo4j	neo4j-logging	2023-03-28T09:42:01Z	2.17.1
1.0.3_spark_3.0.1	named	com.rovio.ingest	rovio-ingest	2023-03-29T06:20:49Z	2.17.1
2.20.0	named	org.lucee	log4j-api	2023-04-03T15:20:26Z	2.20.0
8.0.14	named	com.datarobot	datarobot-mlops	2023-04-07T23:19:10Z	2.19.0
9.0.7	named	com.datarobot	datarobot-mlops	2023-04-07T23:47:26Z	2.17.1
9.0.7	named	com.datarobot	mlops-utils-for-spark_3	2023-04-08T00:01:04Z	2.17.1
2.5.1	named	com.navercorp.pinpoint	pinpoint-tools	2023-04-12T08:38:03Z	2.17.2
0.8.0	named	io.kestra.plugin	plugin-jdbc-pinot	2023-04-12T15:09:53Z	2.17.1
2.5.1-p1	named	com.navercorp.pinpoint	pinpoint-tools	2023-04-14T04:45:02Z	2.17.2
2.0.20	named	com.robotaccomplice	jais	2023-04-14T08:28:47Z	2.20.0
1.0.4_spark_3.0.1	named	com.rovio.ingest	rovio-ingest	2023-04-18T07:51:21Z	2.17.1
2.0.21	named	com.robotaccomplice	jais	2023-04-18T15:53:40Z	2.20.0
2.0.22	named	com.robotaccomplice	jais	2023-04-20T15:18:44Z	2.20.0
2.0.23	named	com.robotaccomplice	jais	2023-04-20T17:36:38Z	2.20.0
2.0.24	named	com.robotaccomplice	jais	2023-04-21T08:49:57Z	2.20.0
2.0.25	named	com.robotaccomplice	jais	2023-04-21T10:29:39Z	2.20.0
1.2.9	named	io.keploy	keploy-sdk	2023-04-22T19:29:19Z	2.18.0
2.0.26	named	com.robotaccomplice	jais	2023-04-25T15:04:13Z	2.20.0
4.3.5	named	com.github.emc-mongoose	mongoose-bundle	2023-04-26T18:15:00Z	2.19.0
4.4.20	named	org.neo4j	neo4j-logging	2023-04-28T11:59:09Z	2.17.1
2.9.6	named	com.labs64.netlicensing	netlicensing-client-demo	2023-05-01T12:39:38Z	2.19.0
5.5.1	named	org.elasticflow	elasticflow	2023-05-05T04:06:49Z	2.17.1
5.5.2	named	org.elasticflow	elasticflow	2023-05-06T04:34:47Z	2.17.1
2.8.0	named	org.apache.tika	tika-pipes-iterator-kafka	2023-05-11T19:46:20Z	2.20.0
5.6.1	named	org.elasticflow	elasticflow	2023-05-12T10:13:19Z	2.17.1
2.0.27	named	com.robotaccomplice	jais	2023-05-15T09:34:34Z	2.20.0
2.0.28	named	com.robotaccomplice	jais	2023-05-15T10:47:08Z	2.20.0
1.7.0	named	org.apache.inlong	sort-connector-tubemq	2023-05-16T13:15:11Z	2.17.2
2.0.29	named	com.robotaccomplice	jais	2023-05-16T13:19:06Z	2.20.0
1.3.0	named	fr.inrae.toulouse.metexplore	met4j-toolbox	2023-05-17T06:49:27Z	2.15.0
2.0.30	named	com.robotaccomplice	jais	2023-05-17T17:27:32Z	2.20.0
0.9.0	named	io.kestra.plugin	plugin-jdbc-pinot	2023-05-24T10:37:56Z	2.17.1
0.13.1	named	org.apache.hudi	hudi-cli-bundle_2.11	2023-05-24T11:02:09Z	2.17.2
4.4.21	named	org.neo4j	neo4j-logging	2023-05-24T12:12:53Z	2.17.1
0.13.1	named	org.apache.hudi	hudi-cli-bundle_2.12	2023-05-24T15:30:00Z	2.17.2
4.1.0	named	com.bladecoder.packr	packr-all	2023-05-29T10:20:24Z	2.13.1
5.6.2	named	org.elasticflow	elasticflow	2023-05-31T08:13:10Z	2.17.1
1.0.3	named	io.github.yogboot	deploy-sqlbatch-plugin	2023-06-10T04:37:45Z	2.20.0
1.0.3	named	io.github.yogboot	deploy-sqlstream-plugin	2023-06-10T04:40:33Z	2.20.0
1.0.1	named	org.apache.doris	hive-shade-3	2023-06-13T01:53:36Z	2.17.1
1.0.1	named	org.apache.doris	hadoop-cloud-shade-2	2023-06-13T01:54:35Z	2.13.3
2.5.2	named	com.navercorp.pinpoint	pinpoint-tools	2023-06-13T03:03:32Z	2.17.2
2.3.2	named	org.apache.seatunnel	seatunnel-starter	2023-06-13T09:21:56Z	2.17.1
3.0.0-alpha1	named	org.apache.logging.log4j	log4j-api	2023-06-18T00:23:56Z	3.0.0-alpha1
1.3.1	named	fr.inrae.toulouse.metexplore	met4j-toolbox	2023-06-23T06:30:33Z	2.15.0
4.4.22	named	org.neo4j	neo4j-logging	2023-06-27T13:25:58Z	2.17.1
9.1.3	named	com.datarobot	datarobot-mlops	2023-06-29T21:41:11Z	2.17.1
9.1.3	named	com.datarobot	mlops-utils-for-spark_3	2023-06-29T21:55:50Z	2.17.1
1.1.5.5-P2	named	io.mosip.kernel	kernel-auth-adapter	2023-06-30T09:07:59Z	
1.4.0	named	fr.inrae.toulouse.metexplore	met4j-toolbox	2023-06-30T09:25:16Z	2.15.0
0.12.0	named	cz.o2.proxima	proxima-direct-io-elasticsearch	2023-07-03T15:46:21Z	2.19.0
4.4.23	named	org.neo4j	neo4j-logging	2023-07-06T10:53:17Z	2.17.1
0.10.0	named	io.kestra.plugin	plugin-jdbc-pinot	2023-07-06T13:34:37Z	2.17.1
7.1.2.1	named	com.palantir.fork.com.github.johnrengelman	shadow	2023-07-11T13:38:57Z	2.17.1
4.3.6	named	com.github.emc-mongoose	mongoose-base	2023-07-17T23:44:01Z	2.19.0
4.3.6	named	com.github.emc-mongoose	mongoose-bundle	2023-07-18T00:02:53Z	2.19.0
2.0.31	named	com.robotaccomplice	jais	2023-07-19T10:28:13Z	2.20.0
1.5.0	named	fr.inrae.toulouse.metexplore	met4j-toolbox	2023-07-26T13:42:01Z	2.15.0
2.1.0	named	com.robotaccomplice	jais	2023-07-28T13:00:29Z	2.20.0
2.5.0	named	org.apache.storm	storm-kafka-migration	2023-08-02T21:41:35Z	2.17.1
2.5.0	named	org.apache.storm	blobstore-migrator	2023-08-02T21:47:12Z	2.17.1
2.5.0	named	org.apache.storm	storm-hdfs-examples	2023-08-02T21:59:53Z	2.17.1
2.5.0	named	org.apache.storm	storm-hbase-examples	2023-08-02T22:03:08Z	2.17.1
2.5.0	named	org.apache.storm	storm-hive-examples	2023-08-02T22:06:18Z	2.17.1
2.5.0	named	org.apache.storm	storm-perf	2023-08-02T22:11:38Z	2.17.1
2.1.1	named	com.robotaccomplice	jais	2023-08-03T09:18:42Z	2.20.0
2.1.2	named	com.robotaccomplice	jais	2023-08-03T12:52:38Z	2.20.0
4.4.24	named	org.neo4j	neo4j-logging	2023-08-03T13:23:41Z	2.17.1
2.1.3	named	com.robotaccomplice	jais	2023-08-04T11:53:21Z	2.20.0
2.1.4	named	com.robotaccomplice	jais	2023-08-10T16:30:59Z	2.20.0
2.1.5	named	com.robotaccomplice	jais	2023-08-11T09:03:38Z	2.20.0
2.1.6	named	com.robotaccomplice	jais	2023-08-11T09:16:52Z	2.20.0
2.1.7	named	com.robotaccomplice	jais	2023-08-11T09:33:56Z	2.20.0
2.1.8	named	com.robotaccomplice	jais	2023-08-11T09:55:26Z	2.20.0
2.1.9	named	com.robotaccomplice	jais	2023-08-14T14:22:52Z	2.20.0
2.1.10	named	com.robotaccomplice	jais	2023-08-14T16:12:47Z	2.20.0
1.0.5_spark_3.0.1	named	com.rovio.ingest	rovio-ingest	2023-08-15T10:17:42Z	2.17.1
2.1.11	named	com.robotaccomplice	jais	2023-08-15T13:29:23Z	2.20.0
2.3.3	named	org.apache.seatunnel	seatunnel-starter	2023-08-18T09:15:40Z	2.17.1
2.1.12	named	com.robotaccomplice	jais	2023-08-21T10:56:42Z	2.20.0
2.1.13	named	com.robotaccomplice	jais	2023-08-22T10:16:20Z	2.20.0
2.1.14	named	com.robotaccomplice	jais	2023-08-22T13:15:00Z	2.20.0
2.1.15	named	com.robotaccomplice	jais	2023-08-23T09:54:09Z	2.20.0
0.11.0.RELEASE	named	io.microservices.tools.canvas	microservice-canvas-cli	2023-08-23T12:18:50Z	
2.9.0	named	org.apache.tika	tika-pipes-iterator-kafka	2023-08-23T14:29:37Z	2.20.0
4.4.25	named	org.neo4j	neo4j-logging	2023-08-24T12:31:14Z	2.17.1
2.1.16	named	com.robotaccomplice	jais	2023-08-29T11:07:59Z	2.20.0
2.1.17	named	com.robotaccomplice	jais	2023-08-30T09:29:21Z	2.20.0
0.11.0	named	io.kestra.plugin	plugin-jdbc-pinot	2023-08-30T13:06:27Z	2.17.1
2.1.19	named	com.robotaccomplice	jais	2023-09-14T09:08:47Z	2.20.0
2.1.20	named	com.robotaccomplice	jais	2023-09-14T10:42:30Z	2.20.0
2.1.21	named	com.robotaccomplice	jais	2023-09-18T09:56:36Z	2.20.0
1.6.0	named	com.feedzai	openml-h2o	2023-09-19T14:15:42Z	2.17.1
4.4.26	named	org.neo4j	neo4j-logging	2023-09-20T07:59:57Z	2.17.1
2.1.22	named	com.robotaccomplice	jais	2023-09-22T07:59:49Z	2.20.0
0.0.1.8	named	io.github.warnotte	waxlib3	2023-09-22T12:26:23Z	2.19.0
0.14.0	named	org.apache.hudi	hudi-cli-bundle_2.11	2023-09-27T18:07:24Z	2.17.2
0.14.0	named	org.apache.hudi	hudi-cli-bundle_2.12	2023-09-27T19:35:33Z	2.17.2
1.0.2	named	org.apache.doris	hive-shade-3	2023-09-28T07:02:34Z	2.17.1
1.0.2	named	org.apache.doris	hadoop-cloud-shade-2	2023-09-28T07:03:44Z	2.13.3
0.12.0	named	io.kestra.plugin	plugin-jdbc-pinot	2023-09-28T16:44:10Z	2.17.1
1.0.6_spark_3.0.1	named	com.rovio.ingest	rovio-ingest	2023-10-02T10:30:10Z	2.17.1
2.1.23	named	com.robotaccomplice	jais	2023-10-03T10:40:50Z	2.20.0
0.0.2.0	named	io.github.warnotte	waxlib3	2023-10-03T12:34:49Z	2.19.0
1.9.0	named	org.apache.inlong	sort-connector-tubemq	2023-10-07T15:14:26Z	2.17.2
2.5.3	named	com.navercorp.pinpoint	pinpoint-tools	2023-10-11T01:24:11Z	2.17.2
2.21.0	named	org.apache.logging.log4j	log4j-api	2023-10-12T15:37:42Z	2.21.0
2.9.1	named	org.apache.tika	tika-pipes-iterator-kafka	2023-10-17T10:52:09Z	2.20.0
2.21.1	named	org.apache.logging.log4j	log4j-api	2023-10-20T19:49:40Z	2.21.1
0.0.0-b0	named	com.sigpwned	lammy-core	2023-10-22T02:30:28Z	2.17.1
2.1.24	named	com.robotaccomplice	jais	2023-10-25T13:08:50Z	2.20.0
2.1.25	named	com.robotaccomplice	jais	2023-10-27T08:01:11Z	2.20.0
2.1.26	named	com.robotaccomplice	jais	2023-11-01T10:49:47Z	2.20.0
4.4.27	named	org.neo4j	neo4j-logging	2023-11-02T14:24:54Z	2.17.1
2.1.27	named	com.robotaccomplice	jais	2023-11-03T08:15:10Z	2.20.0
2.1.28	named	com.robotaccomplice	jais	2023-11-03T09:33:38Z	2.20.0
2.1.29	named	com.robotaccomplice	jais	2023-11-03T09:51:26Z	2.20.0
1.14.14	named	com.yandex.ydb	ydb-sdk-jdbc-uberjar	2023-11-03T15:03:53Z	2.14.0
2.1.30	named	com.robotaccomplice	jais	2023-11-06T09:19:38Z	2.20.0
5.6.3	named	org.elasticflow	elasticflow	2023-11-10T02:48:58Z	2.17.1
1.0.0-beta1	named	org.apache.hudi	hudi-cli-bundle_2.11	2023-11-11T19:16:54Z	2.17.2
1.0.0-beta1	named	org.apache.hudi	hudi-cli-bundle_2.12	2023-11-11T21:06:43Z	2.17.2
2.4.1_0.20.2	named	com.crealytics	spark-excel_2.12	2023-11-14T10:17:26Z	2.21.1
2.4.7_0.20.2	named	com.crealytics	spark-excel_2.12	2023-11-14T10:17:30Z	2.21.1
2.4.8_0.20.2	named	com.crealytics	spark-excel_2.12	2023-11-14T10:17:33Z	2.21.1
3.0.1_0.20.2	named	com.crealytics	spark-excel_2.12	2023-11-14T10:17:36Z	2.21.1
3.0.3_0.20.2	named	com.crealytics	spark-excel_2.12	2023-11-14T10:17:39Z	2.21.1
3.1.1_0.20.2	named	com.crealytics	spark-excel_2.12	2023-11-14T10:17:42Z	2.21.1
3.1.2_0.20.2	named	com.crealytics	spark-excel_2.12	2023-11-14T10:17:45Z	2.21.1
3.1.3_0.20.2	named	com.crealytics	spark-excel_2.12	2023-11-14T10:17:48Z	2.21.1
3.2.4_0.20.2	named	com.crealytics	spark-excel_2.12	2023-11-14T10:17:51Z	2.21.1
3.3.3_0.20.2	named	com.crealytics	spark-excel_2.12	2023-11-14T10:18:01Z	2.21.1
3.4.1_0.20.2	named	com.crealytics	spark-excel_2.12	2023-11-14T10:18:08Z	2.21.1
3.5.0_0.20.2	named	com.crealytics	spark-excel_2.12	2023-11-14T10:18:12Z	2.21.1
3.2.4_0.20.2	named	com.crealytics	spark-excel_2.13	2023-11-14T10:18:15Z	2.21.1
3.3.3_0.20.2	named	com.crealytics	spark-excel_2.13	2023-11-14T10:18:18Z	2.21.1
3.4.1_0.20.2	named	com.crealytics	spark-excel_2.13	2023-11-14T10:18:21Z	2.21.1
3.5.0_0.20.2	named	com.crealytics	spark-excel_2.13	2023-11-14T10:18:24Z	2.21.1
9.2.8	named	com.datarobot	datarobot-mlops	2023-11-16T00:02:58Z	2.17.1
9.2.8	named	com.datarobot	mlops-utils-for-spark_3	2023-11-16T00:17:33Z	2.17.1
4.4.28	named	org.neo4j	neo4j-logging	2023-11-16T08:02:22Z	2.17.1
0.13.0	named	io.kestra.plugin	plugin-jdbc-pinot	2023-11-16T12:34:40Z	2.17.1
1.5.1	named	fr.inrae.toulouse.metexplore	met4j-toolbox	2023-11-17T08:21:29Z	2.15.0
2.22.0	named	org.apache.logging.log4j	log4j-api	2023-11-17T09:39:25Z	2.22.0
1.0.0	named	com.corporate-startup	downloader	2023-11-19T15:56:59Z	2.21.1
0.0.2.1	named	io.github.warnotte	waxlib3	2023-11-21T13:38:54Z	2.19.0
0.1.68	named	com.sqream	sqream-blue-jdbc	2023-11-21T18:17:08Z	2.13.3
0.0.2.2	named	io.github.warnotte	waxlib3	2023-11-22T13:22:46Z	2.19.0
0.0.2.3	named	io.github.warnotte	waxlib3	2023-11-22T13:34:40Z	2.19.0
5.7.1	named	org.elasticflow	elasticflow	2023-11-28T02:47:08Z	2.17.1
5.7.2	named	org.elasticflow	elasticflow	2023-11-28T02:59:52Z	2.17.1
1.24.0	named	org.apache.calcite.avatica	avatica-tck	2023-11-29T00:17:39Z	2.17.1
0.13.0	named	cz.o2.proxima	proxima-direct-io-elasticsearch	2023-12-04T10:36:54Z	2.19.0
2.4.1_0.20.3	named	com.crealytics	spark-excel_2.12	2023-12-06T17:25:05Z	2.22.0
2.4.7_0.20.3	named	com.crealytics	spark-excel_2.12	2023-12-06T17:25:07Z	2.22.0
2.4.8_0.20.3	named	com.crealytics	spark-excel_2.12	2023-12-06T17:25:08Z	2.22.0
3.0.1_0.20.3	named	com.crealytics	spark-excel_2.12	2023-12-06T17:25:09Z	2.22.0
3.0.3_0.20.3	named	com.crealytics	spark-excel_2.12	2023-12-06T17:25:10Z	2.22.0
3.1.1_0.20.3	named	com.crealytics	spark-excel_2.12	2023-12-06T17:25:12Z	2.22.0
3.1.2_0.20.3	named	com.crealytics	spark-excel_2.12	2023-12-06T17:25:13Z	2.22.0
3.1.3_0.20.3	named	com.crealytics	spark-excel_2.12	2023-12-06T17:25:15Z	2.22.0
3.2.4_0.20.3	named	com.crealytics	spark-excel_2.12	2023-12-06T17:25:16Z	2.22.0
3.3.3_0.20.3	named	com.crealytics	spark-excel_2.12	2023-12-06T17:25:18Z	2.22.0
3.4.1_0.20.3	named	com.crealytics	spark-excel_2.12	2023-12-06T17:25:19Z	2.22.0
3.4.2_0.20.3	named	com.crealytics	spark-excel_2.12	2023-12-06T17:25:20Z	2.22.0
3.5.0_0.20.3	named	com.crealytics	spark-excel_2.12	2023-12-06T17:25:22Z	2.22.0
3.2.4_0.20.3	named	com.crealytics	spark-excel_2.13	2023-12-06T17:25:23Z	2.22.0
3.3.3_0.20.3	named	com.crealytics	spark-excel_2.13	2023-12-06T17:25:24Z	2.22.0
3.4.1_0.20.3	named	com.crealytics	spark-excel_2.13	2023-12-06T17:25:26Z	2.22.0
3.4.2_0.20.3	named	com.crealytics	spark-excel_2.13	2023-12-06T17:25:27Z	2.22.0
3.5.0_0.20.3	named	com.crealytics	spark-excel_2.13	2023-12-06T17:25:29Z	2.22.0
2.1.31	named	com.robotaccomplice	jais	2023-12-07T15:26:37Z	2.20.0
1.3.0	named	io.keploy	keploy-sdk	2023-12-11T18:28:04Z	2.18.0
2.1.32	named	com.robotaccomplice	jais	2023-12-12T15:55:02Z	2.20.0
4.3.24	named	org.neo4j	neo4j-logging	2023-12-13T15:21:53Z	2.17.1
5.8.1	named	org.elasticflow	elasticflow	2023-12-15T02:59:37Z	2.17.1
3.0.0-beta1	named	org.apache.logging.log4j	log4j-api	2023-12-19T20:11:31Z	3.0.0.beta1
4.4.29	named	org.neo4j	neo4j-logging	2023-12-21T12:34:56Z	2.17.1
2.22.1	named	org.apache.logging.log4j	log4j-api	2023-12-22T15:26:55Z	2.22.1
5.8.5	named	org.elasticflow	elasticflow	2023-12-25T06:00:14Z	2.17.1
6.0.1	named	org.elasticflow	elasticflow	2023-12-28T01:57:39Z	2.17.1
1.0.3	named	org.apache.doris	hive-shade-3	2023-12-30T13:45:31Z	2.17.1
1.0.3	named	org.apache.doris	hadoop-cloud-shade-2	2023-12-30T13:46:17Z	2.13.3
0.14.1	named	org.apache.hudi	hudi-cli-bundle_2.11	2024-01-03T19:00:35Z	2.17.2
0.14.1	named	org.apache.hudi	hudi-cli-bundle_2.12	2024-01-03T20:27:59Z	2.17.2
1.2.0.1-B2	named	io.mosip.kernel	kernel-virusscanner-clamav	2024-01-04T09:24:28Z	
2.8.4	named	dk.dma.ais.lib	ais-lib-cli	2024-01-04T10:52:12Z	2.20.0
6.0.2	named	org.elasticflow	elasticflow	2024-01-10T08:01:51Z	2.17.1
1.3.1	named	io.keploy	keploy-sdk	2024-01-10T13:23:24Z	2.18.0
1.3.3	named	io.keploy	keploy-sdk	2024-01-11T10:43:51Z	2.18.0
2.1.33	named	com.robotaccomplice	jais	2024-01-17T08:32:15Z	2.20.0
0.14.0	named	io.kestra.plugin	plugin-jdbc-pinot	2024-01-21T20:38:17Z	2.17.1
4.4.30	named	org.neo4j	neo4j-logging	2024-01-25T09:58:52Z	2.17.1
1.0.4	named	org.apache.doris	hive-shade-3	2024-02-06T04:16:26Z	2.17.1
1.0.4	named	org.apache.doris	hadoop-cloud-shade-2	2024-02-06T04:17:19Z	2.13.3
1.13.0-Hoxton.SR12	named	com.tencent.cloud	spring-cloud-starter-tencent-all	2024-02-07T04:00:07Z	2.13.3
1.13.0-2020.0.6	named	com.tencent.cloud	spring-cloud-starter-tencent-all	2024-02-07T05:26:52Z	2.13.3
1.13.0-2021.0.9	named	com.tencent.cloud	spring-cloud-starter-tencent-all	2024-02-07T05:42:01Z	2.17.2
1.13.0-2022.0.4	named	com.tencent.cloud	spring-cloud-starter-tencent-all	2024-02-07T07:29:46Z	2.20.0
2.23.0	named	org.apache.logging.log4j	log4j-api	2024-02-17T09:42:36Z	2.23.0
3.0.0-beta2	named	org.apache.logging.log4j	log4j-api	2024-02-17T18:49:57Z	3.0.0.beta2
1.13.1-2022.0.4	named	com.tencent.cloud	spring-cloud-starter-tencent-all	2024-02-21T02:29:58Z	2.20.0
1.13.1-Hoxton.SR12	named	com.tencent.cloud	spring-cloud-starter-tencent-all	2024-02-21T03:03:07Z	2.13.3
1.13.1-2020.0.6	named	com.tencent.cloud	spring-cloud-starter-tencent-all	2024-02-21T03:20:39Z	2.13.3
1.13.1-2021.0.9	named	com.tencent.cloud	spring-cloud-starter-tencent-all	2024-02-21T04:01:34Z	2.17.2
1.3.4	named	io.keploy	keploy-sdk	2024-02-21T08:35:14Z	2.18.0
4.4.31	named	org.neo4j	neo4j-logging	2024-02-28T10:11:47Z	2.17.1
1.2.0.1	named	io.mosip.kernel	kernel-virusscanner-clamav	2024-03-05T09:28:06Z	
1.3.7	named	io.keploy	keploy-sdk	2024-03-05T09:45:49Z	2.18.0
2.23.1	named	org.apache.logging.log4j	log4j-api	2024-03-06T12:32:45Z	2.23.1
2.1.34	named	com.robotaccomplice	jais	2024-03-12T15:20:21Z	2.20.0
1.14.0-Hoxton.SR12-RC1	named	com.tencent.cloud	spring-cloud-starter-tencent-all	2024-03-16T14:47:01Z	2.13.3
4.4.32	named	org.neo4j	neo4j-logging	2024-03-26T05:31:54Z	2.17.1
1.3.8	named	io.keploy	keploy-sdk	2024-03-28T19:26:47Z	2.18.0
1.25.0	named	org.apache.calcite.avatica	avatica-tck	2024-04-02T03:19:29Z	2.17.1
1.3.9	named	io.keploy	keploy-sdk	2024-04-02T16:59:22Z	2.18.0
1.14.0-Hoxton.SR12-RC2	named	com.tencent.cloud	spring-cloud-starter-tencent-all	2024-04-03T03:14:37Z	2.13.3
1.0.5	named	org.apache.doris	hive-shade-3	2024-04-09T03:41:06Z	2.17.1
0.14.0	named	cz.o2.proxima	proxima-direct-io-elasticsearch	2024-04-09T12:10:42Z	2.19.0
1.4.1	named	io.keploy	keploy-sdk	2024-04-13T07:28:25Z	2.18.0
5.70.10	named	io.github.AnLaVN	AL-Library_EN	2024-04-18T04:23:06Z	2.20.0
2.5.4	named	com.navercorp.pinpoint	pinpoint-tools	2024-04-18T10:40:12Z	2.17.2
1.4.2	named	io.keploy	keploy-sdk	2024-04-18T21:47:28Z	2.18.0
4.4.33	named	org.neo4j	neo4j-logging	2024-04-24T08:58:04Z	2.17.1
1.13.2-2021.0.9	named	com.tencent.cloud	spring-cloud-starter-tencent-all	2024-04-25T08:13:00Z	2.17.2
1.13.2-2020.0.6	named	com.tencent.cloud	spring-cloud-starter-tencent-all	2024-04-25T09:05:39Z	2.13.3
1.13.2-Hoxton.SR12	named	com.tencent.cloud	spring-cloud-starter-tencent-all	2024-04-25T09:09:31Z	2.13.3
1.13.2-2022.0.4	named	com.tencent.cloud	spring-cloud-starter-tencent-all	2024-04-25T11:18:44Z	2.20.0
4.4.34	named	org.neo4j	neo4j-logging	2024-05-14T11:44:45Z	2.17.1
6.70.10	named	io.github.AnLaVN	AL-Library_EN	2024-05-19T05:13:39Z	2.20.0
1.14.0-Hoxton.SR12-RC3	named	com.tencent.cloud	spring-cloud-starter-tencent-all	2024-05-20T08:38:50Z	2.13.3
0.15.0	named	org.apache.hudi	hudi-cli-bundle_2.11	2024-06-04T06:37:44Z	2.17.2
0.15.0	named	org.apache.hudi	hudi-cli-bundle_2.12	2024-06-04T08:56:53Z	2.17.2
1.14.0-2022.0.5.RC1	named	com.tencent.cloud	spring-cloud-starter-tencent-all	2024-06-04T11:17:26Z	2.20.0
0.0.1-RELEASE	named	io.github.flowsphere-projects	flowsphere-agent	2024-06-10T07:56:44Z	2.17.1
2.4.1_0.20.4	named	com.crealytics	spark-excel_2.12	2024-06-12T07:52:24Z	2.23.1
2.4.7_0.20.4	named	com.crealytics	spark-excel_2.12	2024-06-12T07:52:36Z	2.23.1
2.4.8_0.20.4	named	com.crealytics	spark-excel_2.12	2024-06-12T07:52:45Z	2.23.1
3.0.1_0.20.4	named	com.crealytics	spark-excel_2.12	2024-06-12T07:52:58Z	2.23.1
3.0.3_0.20.4	named	com.crealytics	spark-excel_2.12	2024-06-12T07:53:10Z	2.23.1
3.1.1_0.20.4	named	com.crealytics	spark-excel_2.12	2024-06-12T07:53:18Z	2.23.1
3.1.2_0.20.4	named	com.crealytics	spark-excel_2.12	2024-06-12T07:53:31Z	2.23.1
3.1.3_0.20.4	named	com.crealytics	spark-excel_2.12	2024-06-12T07:53:40Z	2.23.1
3.2.4_0.20.4	named	com.crealytics	spark-excel_2.12	2024-06-12T07:53:49Z	2.23.1
3.3.4_0.20.4	named	com.crealytics	spark-excel_2.12	2024-06-12T07:54:01Z	2.23.1
3.4.1_0.20.4	named	com.crealytics	spark-excel_2.12	2024-06-12T07:54:10Z	2.23.1
3.4.3_0.20.4	named	com.crealytics	spark-excel_2.12	2024-06-12T07:54:25Z	2.23.1
3.5.1_0.20.4	named	com.crealytics	spark-excel_2.12	2024-06-12T07:54:45Z	2.23.1
3.2.4_0.20.4	named	com.crealytics	spark-excel_2.13	2024-06-12T07:55:00Z	2.23.1
3.3.4_0.20.4	named	com.crealytics	spark-excel_2.13	2024-06-12T07:55:09Z	2.23.1
3.4.1_0.20.4	named	com.crealytics	spark-excel_2.13	2024-06-12T07:55:22Z	2.23.1
3.4.3_0.20.4	named	com.crealytics	spark-excel_2.13	2024-06-12T07:55:30Z	2.23.1
3.5.1_0.20.4	named	com.crealytics	spark-excel_2.13	2024-06-12T07:55:43Z	2.23.1
1.2.0.2	named	io.mosip.kernel	kernel-virusscanner-clamav	2024-06-19T12:44:10Z	
6.70.10.1	named	io.github.AnLaVN	AL-Library_EN	2024-06-20T08:42:06Z	2.20.0
1.14.0-2022.0.5-RC2	named	com.tencent.cloud	spring-cloud-starter-tencent-all	2024-06-25T06:58:22Z	2.20.0
1.4.5	named	io.keploy	keploy-sdk	2024-06-25T07:47:59Z	2.18.0
0.0.1	named	io.gitee.soulgoodmans	spring-boot-onebot11	2024-07-02T01:25:26Z	2.17.2
4.4.35	named	org.neo4j	neo4j-logging	2024-07-04T09:05:08Z	2.17.1
1.13.3-2021.0.9	named	com.tencent.cloud	spring-cloud-starter-tencent-all	2024-07-08T09:03:15Z	2.17.2
1.0.0-beta2	named	org.apache.hudi	hudi-cli-bundle_2.11	2024-07-13T05:54:06Z	2.17.2
1.0.0-beta2	named	org.apache.hudi	hudi-cli-bundle_2.12	2024-07-13T08:26:57Z	2.17.2
3.0.0	named	com.robotaccomplice	jais	2024-07-17T18:50:40Z	2.20.0
2024.07.19	named	hu.simplexion.adaptive	adaptive-kotlin-plugin	2024-07-19T08:38:20Z	2.20.0
4.4.36	named	org.neo4j	neo4j-logging	2024-07-23T13:11:09Z	2.17.1
0.0.1	named	io.github.amit-singh-lt	amit-singh-lt	2024-07-23T14:08:30Z	2.16.0
1.17-vvr-8.0.8	named	com.alibaba.ververica	ververica-connector-elasticsearch	2024-07-26T01:07:28Z	2.17.0
1.4.6	named	io.keploy	keploy-sdk	2024-07-26T10:36:49Z	2.18.0
1.4.7	named	io.keploy	keploy-sdk	2024-07-26T10:51:31Z	2.18.0
1.13.3-Hoxton.SR12	named	com.tencent.cloud	spring-cloud-starter-tencent-all	2024-07-29T02:43:31Z	2.13.3
0.0.1	named	io.github.amit-singh-lt	ltqa-central	2024-07-29T07:50:37Z	2.16.0
0.0.2	named	io.github.amit-singh-lt	ltqa-central	2024-07-29T09:52:49Z	2.16.0
2.0.0.0-2022.0.5-RC1	named	com.tencent.cloud	spring-cloud-starter-tencent-all	2024-08-26T13:10:18Z	2.20.0
4.4.37	named	org.neo4j	neo4j-logging	2024-09-03T12:45:33Z	2.17.1
1.0.0.RELEASE	named	io.github.flowsphere-projects	flowsphere-agent	2024-09-03T13:44:07Z	2.17.1
2.24.0	named	org.apache.logging.log4j	log4j-api	2024-09-03T16:35:40Z	2.24.0
2.24.1	named	org.apache.logging.log4j	log4j-api	2024-09-24T14:08:28Z	2.24.1
0.12.0.RELEASE	named	io.microservices.tools.canvas	microservice-canvas-cli	2024-09-25T08:31:45Z	
4.3.7	named	com.github.emc-mongoose	mongoose-base	2024-10-02T15:30:42Z	2.19.0
4.3.7	named	com.github.emc-mongoose	mongoose-bundle	2024-10-02T15:50:24Z	2.19.0
4.3.8	named	com.github.emc-mongoose	mongoose-base	2024-10-03T10:00:58Z	2.19.0
4.3.8	named	com.github.emc-mongoose	mongoose-bundle	2024-10-03T10:16:18Z	2.19.0
2.3.6	named	io.github.yuru0589	cores	2024-10-05T11:27:42Z	2.13.3
2.3.9	named	io.github.cores-plus	cores	2024-10-06T03:28:17Z	2.13.3
2.4.1	named	io.github.cores-plus	cores	2024-10-06T04:19:27Z	2.13.3
4.4.38	named	org.neo4j	neo4j-logging	2024-10-08T14:02:43Z	2.17.1
1.6.4	named	xyz.gianlu.librespot	librespot-api	2024-10-13T11:39:55Z	2.23.1
1.6.4	named	xyz.gianlu.librespot	librespot-player	2024-10-13T11:39:58Z	2.23.1
1.13.4-Hoxton.SR12	named	com.tencent.cloud	spring-cloud-starter-tencent-all	2024-10-14T07:49:07Z	2.13.3
2.0.0.0-2022.0.5-RC2	named	com.tencent.cloud	spring-cloud-starter-tencent-all	2024-10-16T05:14:53Z	2.20.0
10.2.0	named	com.datarobot	datarobot-mlops	2024-10-25T10:39:12Z	2.17.1
10.2.0	named	com.datarobot	mlops-utils-for-spark_3	2024-10-25T10:42:58Z	2.17.1
2.0.0.0-2022.0.5-RC3	named	com.tencent.cloud	spring-cloud-starter-tencent-all	2024-10-29T07:18:42Z	2.20.0
2.0.0.0-2021.0.9-RC1	named	com.tencent.cloud	spring-cloud-starter-tencent-all	2024-10-30T12:00:35Z	2.17.2
1.2.1	named	org.nocrala	highfive	2024-11-05T22:03:28Z	2.24.0
6.70.10.2	named	io.github.AnLaVN	AL-Library_EN	2024-11-06T14:21:19Z	2.20.0
6.70.10.2	named	io.github.AnLaVN	AL-Library_VN	2024-11-06T14:29:35Z	2.20.0
1.2.2	named	org.nocrala	highfive	2024-11-07T14:38:22Z	2.24.0
1.2.3	named	org.nocrala	highfive	2024-11-07T16:03:14Z	2.24.0
2.24.2	named	org.apache.logging.log4j	log4j-api	2024-11-18T21:07:39Z	2.24.2
4.4.39	named	org.neo4j	neo4j-logging	2024-11-22T10:03:00Z	2.17.1
4.3.9	named	com.github.emc-mongoose	mongoose-base	2024-11-23T09:13:17Z	2.19.0
4.3.9	named	com.github.emc-mongoose	mongoose-bundle	2024-11-23T09:41:51Z	2.19.0
2.0.0.0-2022.0.5-RC4	named	com.tencent.cloud	spring-cloud-starter-tencent-all	2024-11-27T04:06:24Z	2.20.0
4.3.10	named	com.github.emc-mongoose	mongoose-base	2024-11-27T15:19:58Z	2.19.0
4.3.10	named	com.github.emc-mongoose	mongoose-bundle	2024-11-27T16:10:36Z	2.19.0
1.23-alpha	named	com.codoid.products	fillo	2024-12-01T08:40:48Z	2.23.1
7.1.3	named	top.mrxiaom	shadow	2024-12-02T11:45:45Z	2.17.1
3.5.3_0.21.0-alpha1-DIRTY68fa63ad	named	dev.mauch	spark-excel_2.12	2024-12-04T21:56:22Z	2.24.1
3.3.4_0.21.0-alpha1-DIRTY68fa63ad	named	dev.mauch	spark-excel_2.12	2024-12-04T21:56:22Z	2.24.1
3.1.3_0.21.0-alpha1-DIRTY68fa63ad	named	dev.mauch	spark-excel_2.12	2024-12-04T21:56:22Z	2.24.1
3.5.3_0.21.0-alpha1-DIRTY68fa63ad	named	dev.mauch	spark-excel_2.13	2024-12-04T21:56:22Z	2.24.1
3.4.4_0.21.0-alpha1-DIRTY68fa63ad	named	dev.mauch	spark-excel_2.13	2024-12-04T21:56:22Z	2.24.1
3.0.3_0.21.0-alpha1-DIRTY68fa63ad	named	dev.mauch	spark-excel_2.12	2024-12-04T21:56:23Z	2.24.1
2.4.8_0.21.0-alpha1-DIRTY68fa63ad	named	dev.mauch	spark-excel_2.12	2024-12-04T21:56:23Z	2.24.1
3.3.4_0.21.0-alpha1-DIRTY68fa63ad	named	dev.mauch	spark-excel_2.13	2024-12-04T21:56:23Z	2.24.1
3.2.4_0.21.0-alpha1-DIRTY68fa63ad	named	dev.mauch	spark-excel_2.13	2024-12-04T21:56:23Z	2.24.1
3.4.4_0.21.0-alpha1-DIRTY68fa63ad	named	dev.mauch	spark-excel_2.12	2024-12-04T21:56:24Z	2.24.1
3.2.4_0.21.0-alpha1-DIRTY68fa63ad	named	dev.mauch	spark-excel_2.12	2024-12-04T21:56:24Z	2.24.1
1.23	named	com.codoid.products	fillo	2024-12-05T08:22:13Z	2.23.1
2.24.3	named	org.apache.logging.log4j	log4j-api	2024-12-10T10:51:47Z	2.24.3
4.4.40	named	org.neo4j	neo4j-logging	2024-12-17T20:14:06Z	2.17.1
3.5.3_0.30.0-alpha2	named	dev.mauch	spark-excel_2.12	2024-12-18T12:28:08Z	2.24.1
3.4.4_0.30.0-alpha2	named	dev.mauch	spark-excel_2.12	2024-12-18T12:28:08Z	2.24.1
3.2.4_0.30.0-alpha2	named	dev.mauch	spark-excel_2.12	2024-12-18T12:28:08Z	2.24.1
3.1.3_0.30.0-alpha2	named	dev.mauch	spark-excel_2.12	2024-12-18T12:28:08Z	2.24.1
3.3.4_0.30.0-alpha2	named	dev.mauch	spark-excel_2.13	2024-12-18T12:28:08Z	2.24.1
3.3.4_0.30.0-alpha2	named	dev.mauch	spark-excel_2.12	2024-12-18T12:28:09Z	2.24.1
3.0.3_0.30.0-alpha2	named	dev.mauch	spark-excel_2.12	2024-12-18T12:28:09Z	2.24.1
2.4.8_0.30.0-alpha2	named	dev.mauch	spark-excel_2.12	2024-12-18T12:28:09Z	2.24.1
3.5.3_0.30.0-alpha2	named	dev.mauch	spark-excel_2.13	2024-12-18T12:28:09Z	2.24.1
3.4.4_0.30.0-alpha2	named	dev.mauch	spark-excel_2.13	2024-12-18T12:28:09Z	2.24.1
3.2.4_0.30.0-alpha2	named	dev.mauch	spark-excel_2.13	2024-12-18T12:28:09Z	2.24.1
3.4.4_0.30.0	named	dev.mauch	spark-excel_2.12	2024-12-18T21:11:20Z	2.24.1
3.2.4_0.30.0	named	dev.mauch	spark-excel_2.12	2024-12-18T21:11:20Z	2.24.1
2.4.8_0.30.0	named	dev.mauch	spark-excel_2.12	2024-12-18T21:11:20Z	2.24.1
3.3.4_0.30.0	named	dev.mauch	spark-excel_2.13	2024-12-18T21:11:20Z	2.24.1
3.2.4_0.30.0	named	dev.mauch	spark-excel_2.13	2024-12-18T21:11:20Z	2.24.1
3.5.3_0.30.0	named	dev.mauch	spark-excel_2.12	2024-12-18T21:11:21Z	2.24.1
3.3.4_0.30.0	named	dev.mauch	spark-excel_2.12	2024-12-18T21:11:21Z	2.24.1
3.1.3_0.30.0	named	dev.mauch	spark-excel_2.12	2024-12-18T21:11:21Z	2.24.1
3.0.3_0.30.0	named	dev.mauch	spark-excel_2.12	2024-12-18T21:11:21Z	2.24.1
3.5.3_0.30.0	named	dev.mauch	spark-excel_2.13	2024-12-18T21:11:21Z	2.24.1
3.4.4_0.30.0	named	dev.mauch	spark-excel_2.13	2024-12-18T21:11:21Z	2.24.1
1.0	named	br.com.acolita	mqpooler	2025-01-09T13:09:17Z	2.17.2
4.3.11	named	com.github.emc-mongoose	mongoose-base	2025-01-13T11:45:06Z	2.19.0
4.3.11	named	com.github.emc-mongoose	mongoose-bundle	2025-01-13T12:01:43Z	2.19.0
4.4.41	named	org.neo4j	neo4j-logging	2025-01-31T13:08:49Z	2.17.1
1.17-vvr-8.0.11-1	named	com.alibaba.ververica	ververica-connector-elasticsearch	2025-02-11T09:10:56Z	2.17.0
2.5.2502191321	named	com.leanxcale	lxjdbcdriver	2025-02-19T13:22:00Z	2.17.1
2.5.2502241006	named	com.leanxcale	lxjdbcdriver	2025-02-24T09:06:34Z	2.17.1
2.5.2502241620	named	com.leanxcale	lxjdbcdriver	2025-02-24T15:21:15Z	2.17.1
3.4.4_0.30.1	named	dev.mauch	spark-excel_2.12	2025-02-26T19:21:11Z	2.24.3
3.4.1_0.30.1	named	dev.mauch	spark-excel_2.12	2025-02-26T19:21:11Z	2.24.3
3.2.4_0.30.1	named	dev.mauch	spark-excel_2.12	2025-02-26T19:21:11Z	2.24.3
3.1.3_0.30.1	named	dev.mauch	spark-excel_2.12	2025-02-26T19:21:11Z	2.24.3
3.0.3_0.30.1	named	dev.mauch	spark-excel_2.12	2025-02-26T19:21:11Z	2.24.3
3.4.4_0.30.1	named	dev.mauch	spark-excel_2.13	2025-02-26T19:21:11Z	2.24.3
3.4.1_0.30.1	named	dev.mauch	spark-excel_2.13	2025-02-26T19:21:11Z	2.24.3
3.3.4_0.30.1	named	dev.mauch	spark-excel_2.12	2025-02-26T19:21:12Z	2.24.3
3.5.4_0.30.1	named	dev.mauch	spark-excel_2.12	2025-02-26T19:21:13Z	2.24.3
2.4.8_0.30.1	named	dev.mauch	spark-excel_2.12	2025-02-26T19:21:13Z	2.24.3
3.5.4_0.30.1	named	dev.mauch	spark-excel_2.13	2025-02-26T19:21:13Z	2.24.3
3.3.4_0.30.1	named	dev.mauch	spark-excel_2.13	2025-02-26T19:21:13Z	2.24.3
3.2.4_0.30.1	named	dev.mauch	spark-excel_2.13	2025-02-26T19:21:13Z	2.24.3
4.3.12	named	com.github.emc-mongoose	mongoose-base	2025-02-27T09:03:27Z	2.19.0
4.3.12	named	com.github.emc-mongoose	mongoose-bundle	2025-02-27T09:27:15Z	2.19.0
4.3.13	named	com.github.emc-mongoose	mongoose-base	2025-02-28T19:23:50Z	2.19.0
4.3.13	named	com.github.emc-mongoose	mongoose-bundle	2025-03-03T10:04:25Z	2.19.0
4.3.14	named	com.github.emc-mongoose	mongoose-base	2025-03-05T10:30:07Z	2.19.0
4.3.14	named	com.github.emc-mongoose	mongoose-bundle	2025-03-05T10:58:13Z	2.19.0
1.24-beta	named	com.codoid.products	fillo	2025-03-06T09:34:46Z	2.23.1
1.24	named	com.codoid.products	fillo	2025-03-10T18:34:02Z	2.23.1
3.4.1_0.30.2	named	dev.mauch	spark-excel_2.12	2025-03-12T10:38:38Z	2.24.3
3.3.4_0.30.2	named	dev.mauch	spark-excel_2.12	2025-03-12T10:38:38Z	2.24.3
3.4.4_0.30.2	named	dev.mauch	spark-excel_2.12	2025-03-12T10:38:39Z	2.24.3
3.5.5_0.30.2	named	dev.mauch	spark-excel_2.13	2025-03-12T10:38:39Z	2.24.3
3.3.4_0.30.2	named	dev.mauch	spark-excel_2.13	2025-03-12T10:38:39Z	2.24.3
3.2.4_0.30.2	named	dev.mauch	spark-excel_2.13	2025-03-12T10:38:39Z	2.24.3
3.2.4_0.30.2	named	dev.mauch	spark-excel_2.12	2025-03-12T10:38:40Z	2.24.3
3.0.3_0.30.2	named	dev.mauch	spark-excel_2.12	2025-03-12T10:38:40Z	2.24.3
3.4.4_0.30.2	named	dev.mauch	spark-excel_2.13	2025-03-12T10:38:40Z	2.24.3
3.4.1_0.30.2	named	dev.mauch	spark-excel_2.13	2025-03-12T10:38:40Z	2.24.3
3.5.5_0.30.2	named	dev.mauch	spark-excel_2.12	2025-03-12T10:38:41Z	2.24.3
3.1.3_0.30.2	named	dev.mauch	spark-excel_2.12	2025-03-12T10:38:41Z	2.24.3
2.4.8_0.30.2	named	dev.mauch	spark-excel_2.12	2025-03-12T10:38:41Z	2.24.3
4.3.15	named	com.github.emc-mongoose	mongoose-base	2025-03-12T20:09:51Z	2.19.0
4.3.15	named	com.github.emc-mongoose	mongoose-bundle	2025-03-12T23:16:04Z	2.19.0
4.3.16	named	com.github.emc-mongoose	mongoose-base	2025-03-13T09:48:47Z	2.19.0
4.3.16	named	com.github.emc-mongoose	mongoose-bundle	2025-03-13T10:23:11Z	2.19.0
0.13.0.RELEASE	named	io.microservices.tools.canvas	microservice-canvas-cli	2025-03-14T08:30:15Z	
4.4.42	named	org.neo4j	neo4j-logging	2025-03-20T13:59:36Z	2.17.1
2.8.5	named	dk.dma.ais.lib	ais-lib-cli	2025-04-09T14:21:46Z	2.20.0
0.15.0	named	cz.o2.proxima	proxima-direct-io-elasticsearch	2025-04-14T08:49:48Z	2.19.0
1.0	named	cn.bugstack.wrench	xfg-wrench-starter-design-framework	2025-04-29T03:35:51Z	2.17.2
1.0	named	cn.bugstack.wrench	xfg-wrench-starter-dynamic-config-center	2025-04-29T03:45:22Z	2.17.2
1.1	named	cn.bugstack.wrench	xfg-wrench-starter-design-framework	2025-05-01T06:22:13Z	2.17.2
1.1	named	cn.bugstack.wrench	xfg-wrench-starter-dynamic-config-center	2025-05-01T06:23:50Z	2.17.2
3.0.0	named	cn.bugstack.wrench	xfg-wrench-starter-dynamic-config-center	2025-05-07T06:54:17Z	2.17.2
3.0.0	named	cn.bugstack.wrench	xfg-wrench-starter-design-framework	2025-05-07T06:55:25Z	2.17.2
3.0.0	named	cn.bugstack.wrench	xfg-wrench-starter-rate-limiter	2025-05-07T10:20:45Z	2.17.2
4.4.43	named	org.neo4j	neo4j-logging	2025-05-12T13:56:05Z	2.17.1
3.0.1	named	cn.bugstack.wrench	xfg-wrench-test	2025-05-18T09:52:59Z	2.17.2
3.0.1	named	cn.bugstack.wrench	xfg-wrench-starter-design-framework	2025-05-18T09:53:00Z	2.17.2
3.0.1	named	cn.bugstack.wrench	xfg-wrench-starter-dynamic-config-center	2025-05-18T09:53:00Z	2.17.2
3.0.1	named	cn.bugstack.wrench	xfg-wrench-starter-rate-limiter	2025-05-18T09:53:00Z	2.17.2
0.3.0	named	org.eclipse.ecsp	hivemq-extension	2025-05-21T06:52:45Z	2.20.0
4.4.44	named	org.neo4j	neo4j-logging	2025-05-22T12:59:54Z	2.17.1
1.0.0	named	org.eclipse.ecsp	hivemq-extension	2025-05-23T10:11:16Z	2.20.0
2.8.6-rc1	named	dk.dma.ais.lib	ais-lib-cli	2025-05-27T12:36:08Z	2.20.0
1.0.0	named	com.megafarad	ses-notification-handler	2025-06-01T00:47:08Z	2.17.1
1.0.1	named	com.megafarad	ses-notification-handler	2025-06-02T17:43:27Z	2.17.1
1.0	named	io.github.marszhangzhixing	mars-wrench-starter-design-framework	2025-06-05T05:53:40Z	2.17.2
1.0.1	named	org.eclipse.ecsp	hivemq-extension	2025-06-12T11:15:05Z	2.20.0
2.25.0	named	org.apache.logging.log4j	log4j-api	2025-06-13T17:44:48Z	2.25.0
1.1	named	fun.wswj.wrench	fast-dynamic-config-center	2025-06-23T10:12:38Z	2.17.2
1.1	named	fun.wswj.wrench	fast-idempotent-lock	2025-06-23T10:12:38Z	2.17.2
1.1	named	fun.wswj.wrench	fast-rate-limiter	2025-06-23T10:12:38Z	2.17.2
1.1	named	fun.wswj.wrench	sws-wrench-infrastructure	2025-06-23T10:12:38Z	2.17.2
1.0.0	named	com.site24x7	site24x7-log4j2-appender	2025-06-26T13:40:19Z	2.17.1
1.17-vvr-8.0.11-4	named	com.alibaba.ververica	ververica-connector-elasticsearch	2025-06-27T14:07:22Z	2.17.0
1.0	named	top.coenocyte.wrench	19063-wrench-starter-dynamic-config-center	2025-06-30T14:32:39Z	2.17.2
1.0	named	top.coenocyte.wrench	19063-wrench-starter-design-framework	2025-06-30T15:09:27Z	2.17.2
1.0	named	top.coenocyte.wrench	19063-wrench-starter-rate-limiter	2025-06-30T15:19:28Z	2.17.2
2.4.8_0.31.2	named	dev.mauch	spark-excel_2.12	2025-07-04T11:16:28Z	2.24.3
3.0.3_0.31.2	named	dev.mauch	spark-excel_2.12	2025-07-04T11:16:36Z	2.24.3
3.1.3_0.31.2	named	dev.mauch	spark-excel_2.12	2025-07-04T11:16:43Z	2.24.3
3.2.4_0.31.2	named	dev.mauch	spark-excel_2.12	2025-07-04T11:17:05Z	2.24.3
3.3.4_0.31.2	named	dev.mauch	spark-excel_2.12	2025-07-04T11:17:09Z	2.24.3
3.4.1_0.31.2	named	dev.mauch	spark-excel_2.12	2025-07-04T11:17:18Z	2.24.3
3.4.4_0.31.2	named	dev.mauch	spark-excel_2.12	2025-07-04T11:17:41Z	2.24.3
3.5.6_0.31.2	named	dev.mauch	spark-excel_2.12	2025-07-04T11:18:05Z	2.24.3
3.3.4_0.31.2	named	dev.mauch	spark-excel_2.13	2025-07-04T11:18:23Z	2.24.3
3.4.1_0.31.2	named	dev.mauch	spark-excel_2.13	2025-07-04T11:18:32Z	2.24.3
3.5.6_0.31.2	named	dev.mauch	spark-excel_2.13	2025-07-04T11:18:40Z	2.24.3
4.0.0_0.31.2	named	dev.mauch	spark-excel_2.13	2025-07-04T11:19:03Z	2.24.3
3.2.4_0.31.2	named	dev.mauch	spark-excel_2.13	2025-07-04T12:19:38Z	2.24.3
3.4.4_0.31.2	named	dev.mauch	spark-excel_2.13	2025-07-04T12:19:43Z	2.24.3
2.25.1	named	org.apache.logging.log4j	log4j-api	2025-07-05T20:23:21Z	2.25.1
3.0.2	named	cn.bugstack.wrench	xfg-wrench-starter-design-framework	2025-07-12T09:32:27Z	2.17.2
3.0.2	named	cn.bugstack.wrench	xfg-wrench-starter-dynamic-config-center	2025-07-12T09:34:17Z	2.17.2
3.0.2	named	cn.bugstack.wrench	xfg-wrench-starter-rate-limiter	2025-07-12T09:35:00Z	2.17.2
1.24.0	named	io.github.sun1391237686	sts-cli	2025-07-22T01:09:56Z	2.25.0
1.24.0	named	io.github.sun1391237686	sts-swing	2025-07-22T01:09:56Z	2.25.0
1.8.0	named	io.github.sun1391237686	sts-cli	2025-07-22T03:00:15Z	2.25.0
1.8.0	named	io.github.sun1391237686	sts-swing	2025-07-22T03:00:15Z	2.25.0
3.1.0	named	cn.bugstack.wrench	xfg-wrench-starter-design-framework	2025-07-30T01:47:14Z	2.17.2
3.1.0	named	cn.bugstack.wrench	xfg-wrench-starter-dynamic-config-center	2025-07-30T01:49:42Z	2.17.2
3.1.0	named	cn.bugstack.wrench	xfg-wrench-starter-rate-limiter	2025-07-30T01:50:16Z	2.17.2
3.5.6_0.31.1-prerelease6	named	dev.mauch	spark-excel_2.12	2025-08-01T11:04:44Z	2.24.3
3.4.4_0.31.1-prerelease6	named	dev.mauch	spark-excel_2.12	2025-08-01T11:04:44Z	2.24.3
3.4.1_0.31.1-prerelease6	named	dev.mauch	spark-excel_2.12	2025-08-01T11:04:44Z	2.24.3
3.3.4_0.31.1-prerelease6	named	dev.mauch	spark-excel_2.12	2025-08-01T11:04:44Z	2.24.3
3.2.4_0.31.1-prerelease6	named	dev.mauch	spark-excel_2.12	2025-08-01T11:04:44Z	2.24.3
3.1.3_0.31.1-prerelease6	named	dev.mauch	spark-excel_2.12	2025-08-01T11:04:44Z	2.24.3
3.0.3_0.31.1-prerelease6	named	dev.mauch	spark-excel_2.12	2025-08-01T11:04:44Z	2.24.3
4.0.0_0.31.1-prerelease6	named	dev.mauch	spark-excel_2.13	2025-08-01T11:04:44Z	2.24.3
3.5.6_0.31.1-prerelease6	named	dev.mauch	spark-excel_2.13	2025-08-01T11:04:44Z	2.24.3
3.4.4_0.31.1-prerelease6	named	dev.mauch	spark-excel_2.13	2025-08-01T11:04:44Z	2.24.3
3.4.1_0.31.1-prerelease6	named	dev.mauch	spark-excel_2.13	2025-08-01T11:04:44Z	2.24.3
3.3.4_0.31.1-prerelease6	named	dev.mauch	spark-excel_2.13	2025-08-01T11:04:44Z	2.24.3
3.2.4_0.31.1-prerelease6	named	dev.mauch	spark-excel_2.13	2025-08-01T11:04:44Z	2.24.3
3.5.6_0.32.0-prerelease0	named	dev.mauch	spark-excel_2.12	2025-08-01T12:08:13Z	2.24.3
3.4.4_0.32.0-prerelease0	named	dev.mauch	spark-excel_2.12	2025-08-01T12:08:13Z	2.24.3
3.4.1_0.32.0-prerelease0	named	dev.mauch	spark-excel_2.12	2025-08-01T12:08:13Z	2.24.3
3.3.4_0.32.0-prerelease0	named	dev.mauch	spark-excel_2.12	2025-08-01T12:08:13Z	2.24.3
3.2.4_0.32.0-prerelease0	named	dev.mauch	spark-excel_2.12	2025-08-01T12:08:13Z	2.24.3
3.1.3_0.32.0-prerelease0	named	dev.mauch	spark-excel_2.12	2025-08-01T12:08:13Z	2.24.3
3.0.3_0.32.0-prerelease0	named	dev.mauch	spark-excel_2.12	2025-08-01T12:08:13Z	2.24.3
4.0.0_0.32.0-prerelease0	named	dev.mauch	spark-excel_2.13	2025-08-01T12:08:13Z	2.24.3
3.4.4_0.32.0-prerelease0	named	dev.mauch	spark-excel_2.13	2025-08-01T12:08:13Z	2.24.3
3.4.1_0.32.0-prerelease0	named	dev.mauch	spark-excel_2.13	2025-08-01T12:08:13Z	2.24.3
3.3.4_0.32.0-prerelease0	named	dev.mauch	spark-excel_2.13	2025-08-01T12:08:13Z	2.24.3
3.2.4_0.32.0-prerelease0	named	dev.mauch	spark-excel_2.13	2025-08-01T12:08:13Z	2.24.3
3.5.6_0.32.0-prerelease0	named	dev.mauch	spark-excel_2.13	2025-08-01T12:08:14Z	2.24.3
3.5.6_0.32.1-prerelease1	named	dev.mauch	spark-excel_2.12	2025-08-01T12:22:19Z	2.24.3
3.1.3_0.32.1-prerelease1	named	dev.mauch	spark-excel_2.12	2025-08-01T12:22:19Z	2.24.3
3.5.6_0.32.1-prerelease1	named	dev.mauch	spark-excel_2.13	2025-08-01T12:22:19Z	2.24.3
3.3.4_0.32.1-prerelease1	named	dev.mauch	spark-excel_2.13	2025-08-01T12:22:19Z	2.24.3
3.2.4_0.32.1-prerelease1	named	dev.mauch	spark-excel_2.13	2025-08-01T12:22:19Z	2.24.3
3.4.4_0.32.1-prerelease1	named	dev.mauch	spark-excel_2.12	2025-08-01T12:22:20Z	2.24.3
3.4.1_0.32.1-prerelease1	named	dev.mauch	spark-excel_2.12	2025-08-01T12:22:20Z	2.24.3
3.3.4_0.32.1-prerelease1	named	dev.mauch	spark-excel_2.12	2025-08-01T12:22:20Z	2.24.3
3.2.4_0.32.1-prerelease1	named	dev.mauch	spark-excel_2.12	2025-08-01T12:22:20Z	2.24.3
3.0.3_0.32.1-prerelease1	named	dev.mauch	spark-excel_2.12	2025-08-01T12:22:20Z	2.24.3
4.0.0_0.32.1-prerelease1	named	dev.mauch	spark-excel_2.13	2025-08-01T12:22:20Z	2.24.3
3.4.4_0.32.1-prerelease1	named	dev.mauch	spark-excel_2.13	2025-08-01T12:22:20Z	2.24.3
3.4.1_0.32.1-prerelease1	named	dev.mauch	spark-excel_2.13	2025-08-01T12:22:20Z	2.24.3
2.0.0	named	info.folone	poi-scala_2.12	2025-08-03T08:40:38Z	2.24.3
2.0.0	named	info.folone	poi-scala_2.13	2025-08-03T08:40:38Z	2.24.3
2.0.0	named	info.folone	poi-scala_3	2025-08-03T08:40:38Z	2.24.3
2.0.1	named	info.folone	poi-scala_2.12	2025-08-03T09:12:36Z	2.24.3
2.0.1	named	info.folone	poi-scala_2.13	2025-08-03T09:12:36Z	2.24.3
2.0.1	named	info.folone	poi-scala_3	2025-08-03T09:12:36Z	2.24.3
2.0.2	named	info.folone	poi-scala_2.12	2025-08-04T06:56:31Z	2.24.3
2.0.2	named	info.folone	poi-scala_2.13	2025-08-04T06:56:31Z	2.24.3
2.0.2	named	info.folone	poi-scala_3	2025-08-04T06:56:31Z	2.24.3
2.1.0	named	info.folone	poi-scala_2.12	2025-08-04T09:32:24Z	2.24.3
2.1.0	named	info.folone	poi-scala_2.13	2025-08-04T09:32:24Z	2.24.3
2.1.0	named	info.folone	poi-scala_3	2025-08-04T09:32:24Z	2.24.3
1.20-vvr-11.1.3-jdk11	named	com.alibaba.ververica	ververica-connector-elasticsearch	2025-08-04T14:22:06Z	2.17.0
1.1	named	cn.web3er.wrench	whn-wrench-starter-design-framework	2025-08-17T13:57:36Z	2.17.2
1.2	named	cn.web3er.wrench	whn-wrench-starter-design-framework	2025-08-17T14:01:46Z	2.17.2
1.2	named	cn.web3er.wrench	whn-wrench-starter-dynamic-config-center	2025-08-17T14:09:26Z	2.17.2
1.3	named	cn.web3er.wrench	whn-wrench-starter-design-framework	2025-08-17T14:17:15Z	2.17.2
1.3	named	cn.web3er.wrench	whn-wrench-starter-dynamic-config-center	2025-08-17T14:21:06Z	2.17.2
1.4	named	cn.web3er.wrench	whn-wrench-starter-dynamic-config-center	2025-08-19T08:44:23Z	2.17.2
1.4	named	cn.web3er.wrench	whn-wrench-starter-design-framework	2025-08-19T08:44:27Z	2.17.2
1.5	named	cn.web3er.wrench	whn-wrench-starter-dynamic-config-center	2025-08-19T08:54:18Z	2.17.2
1.5	named	cn.web3er.wrench	whn-wrench-starter-design-framework	2025-08-19T09:04:34Z	2.17.2
1.5	named	cn.web3er.wrench	whn-wrench-starter-rate-limiter	2025-08-19T09:25:36Z	2.17.2
1.6	named	cn.web3er.wrench	whn-wrench-starter-design-framework	2025-08-20T03:42:03Z	2.17.2
1.6	named	cn.web3er.wrench	whn-wrench-starter-dynamic-config-center	2025-08-20T03:44:47Z	2.17.2
1.6	named	cn.web3er.wrench	whn-wrench-starter-rate-limiter	2025-08-20T03:50:35Z	2.17.2
1.7	named	cn.web3er.wrench	whn-wrench-starter-dynamic-config-center	2025-08-20T06:45:17Z	2.17.2
1.7	named	cn.web3er.wrench	whn-wrench-starter-design-framework	2025-08-20T06:45:52Z	2.17.2
1.7	named	cn.web3er.wrench	whn-wrench-starter-rate-limiter	2025-08-20T06:45:57Z	2.17.2
1.8	named	cn.web3er.wrench	whn-wrench-starter-design-framework	2025-08-21T08:23:35Z	2.17.2
1.8	named	cn.web3er.wrench	whn-wrench-starter-dynamic-config-center	2025-08-21T08:46:26Z	2.17.2
1.8	named	cn.web3er.wrench	whn-wrench-starter-rate-limiter	2025-08-21T08:46:31Z	2.17.2
3.3.4_0.32.1-prerelease2	named	dev.mauch	spark-excel_2.12	2025-08-25T09:29:05Z	2.24.3
3.2.4_0.32.1-prerelease2	named	dev.mauch	spark-excel_2.12	2025-08-25T09:29:05Z	2.24.3
3.1.3_0.32.1-prerelease2	named	dev.mauch	spark-excel_2.12	2025-08-25T09:29:05Z	2.24.3
3.4.1_0.32.1-prerelease2	named	dev.mauch	spark-excel_2.13	2025-08-25T09:29:05Z	2.24.3
3.5.6_0.32.1-prerelease2	named	dev.mauch	spark-excel_2.12	2025-08-25T09:29:06Z	2.24.3
3.4.4_0.32.1-prerelease2	named	dev.mauch	spark-excel_2.12	2025-08-25T09:29:06Z	2.24.3
3.4.1_0.32.1-prerelease2	named	dev.mauch	spark-excel_2.12	2025-08-25T09:29:06Z	2.24.3
3.0.3_0.32.1-prerelease2	named	dev.mauch	spark-excel_2.12	2025-08-25T09:29:06Z	2.24.3
4.0.0_0.32.1-prerelease2	named	dev.mauch	spark-excel_2.13	2025-08-25T09:29:06Z	2.24.3
3.5.6_0.32.1-prerelease2	named	dev.mauch	spark-excel_2.13	2025-08-25T09:29:06Z	2.24.3
3.4.4_0.32.1-prerelease2	named	dev.mauch	spark-excel_2.13	2025-08-25T09:29:06Z	2.24.3
3.3.4_0.32.1-prerelease2	named	dev.mauch	spark-excel_2.13	2025-08-25T09:29:06Z	2.24.3
3.2.4_0.32.1-prerelease2	named	dev.mauch	spark-excel_2.13	2025-08-25T09:29:06Z	2.24.3
4.4.45	named	org.neo4j	neo4j-logging	2025-08-28T09:15:19Z	2.17.1
2.3.12	named	org.apache.seatunnel	seatunnel-transforms-v2-udf	2025-09-06T03:41:47Z	2.17.1
1.0.0	named	io.github.quiethappiness	jy-wrench-starter-design-framework	2025-09-11T14:15:54Z	2.17.2
1.0.0	named	io.github.quiethappiness	jy-wrench-starter-dynamic-config-center	2025-09-11T14:15:54Z	2.17.2
1.0.0	named	io.github.quiethappiness	jy-wrench-test	2025-09-11T14:15:54Z	2.17.2
1.0.1	named	io.github.quiethappiness	jy-wrench-starter-dynamic-config-center	2025-09-12T14:35:07Z	2.17.2
1.0.1	named	io.github.quiethappiness	jy-wrench-starter-rate-limiter	2025-09-12T14:35:07Z	2.17.2
1.0.1	named	io.github.quiethappiness	jy-wrench-starter-design-framework	2025-09-12T14:35:08Z	2.17.2
1.0.1	named	io.github.quiethappiness	jy-wrench-test	2025-09-12T14:35:08Z	2.17.2
1.0.2	named	io.github.quiethappiness	jy-wrench-starter-design-framework	2025-09-12T15:14:03Z	2.17.2
1.0.2	named	io.github.quiethappiness	jy-wrench-starter-dynamic-config-center	2025-09-12T15:14:03Z	2.17.2
1.0.2	named	io.github.quiethappiness	jy-wrench-starter-rate-limiter	2025-09-12T15:14:03Z	2.17.2
1.0.2	named	io.github.quiethappiness	jy-wrench-test	2025-09-12T15:14:03Z	2.17.2
1.0.3	named	io.github.quiethappiness	jy-wrench-test	2025-09-13T02:33:17Z	2.17.2
3.2.0	named	cn.bugstack.wrench	xfg-wrench-starter-task-job	2025-09-13T06:55:33Z	2.17.2
3.1.0	named	cn.bugstack.wrench	xfg-wrench-starter-task-job	2025-09-13T06:57:15Z	2.17.2
1.0.4	named	io.github.quiethappiness	jy-wrench-test	2025-09-14T09:30:11Z	2.17.2
1.1.0	named	io.github.quiethappiness	jy-wrench-test	2025-09-18T16:16:13Z	2.17.2
2.25.2	named	org.apache.logging.log4j	log4j-api	2025-09-18T18:43:20Z	2.25.2
1.2.0	named	io.github.quiethappiness	jy-wrench-test	2025-09-23T07:56:46Z	2.17.2
1.2.1	named	io.github.quiethappiness	jy-wrench-test	2025-09-23T08:18:07Z	2.17.2
2.0	named	cn.web3er.wrench	whn-wrench-starter-design-framework	2025-09-25T05:49:14Z	2.17.2
2.0	named	cn.web3er.wrench	whn-wrench-starter-dynamic-config-center	2025-09-25T05:52:38Z	2.17.2
2.0	named	cn.web3er.wrench	whn-wrench-starter-rate-limiter	2025-09-25T05:58:40Z	2.17.2
0.2.1	named	io.github.beehive-lab	gpu-llama3	2025-09-25T08:13:19Z	2.17.1
4.4.46	named	org.neo4j	neo4j-logging	2025-09-30T12:24:24Z	2.17.1
0.2.2	named	io.github.beehive-lab	gpu-llama3	2025-10-01T17:51:45Z	2.17.1
0.4.0	named	io.github.protobuf-x	protoc-gen-spring-webflux	2025-10-07T14:13:14Z	2.12.1
1.20-vvr-11.3.0-jdk11	named	com.alibaba.ververica	ververica-connector-elasticsearch	2025-10-11T03:33:24Z	2.17.0
3.3.4_0.32.1-prerelease3	named	dev.mauch	spark-excel_2.12	2025-10-13T12:38:30Z	2.24.3
3.2.4_0.32.1-prerelease3	named	dev.mauch	spark-excel_2.12	2025-10-13T12:38:30Z	2.24.3
3.0.3_0.32.1-prerelease3	named	dev.mauch	spark-excel_2.12	2025-10-13T12:38:30Z	2.24.3
4.0.0_0.32.1-prerelease3	named	dev.mauch	spark-excel_2.13	2025-10-13T12:38:30Z	2.24.3
3.5.6_0.32.1-prerelease3	named	dev.mauch	spark-excel_2.12	2025-10-13T12:38:31Z	2.24.3
3.4.4_0.32.1-prerelease3	named	dev.mauch	spark-excel_2.12	2025-10-13T12:38:31Z	2.24.3
3.4.1_0.32.1-prerelease3	named	dev.mauch	spark-excel_2.12	2025-10-13T12:38:31Z	2.24.3
3.1.3_0.32.1-prerelease3	named	dev.mauch	spark-excel_2.12	2025-10-13T12:38:31Z	2.24.3
3.5.6_0.32.1-prerelease3	named	dev.mauch	spark-excel_2.13	2025-10-13T12:38:31Z	2.24.3
3.4.4_0.32.1-prerelease3	named	dev.mauch	spark-excel_2.13	2025-10-13T12:38:31Z	2.24.3
3.4.1_0.32.1-prerelease3	named	dev.mauch	spark-excel_2.13	2025-10-13T12:38:31Z	2.24.3
3.3.4_0.32.1-prerelease3	named	dev.mauch	spark-excel_2.13	2025-10-13T12:38:31Z	2.24.3
3.2.4_0.32.1-prerelease3	named	dev.mauch	spark-excel_2.13	2025-10-13T12:38:31Z	2.24.3
3.5.6_0.32.1-prerelease4	named	dev.mauch	spark-excel_2.12	2025-10-13T13:09:27Z	2.24.3
3.4.4_0.32.1-prerelease4	named	dev.mauch	spark-excel_2.12	2025-10-13T13:09:27Z	2.24.3
3.4.1_0.32.1-prerelease4	named	dev.mauch	spark-excel_2.12	2025-10-13T13:09:27Z	2.24.3
3.3.4_0.32.1-prerelease4	named	dev.mauch	spark-excel_2.12	2025-10-13T13:09:27Z	2.24.3
3.2.4_0.32.1-prerelease4	named	dev.mauch	spark-excel_2.12	2025-10-13T13:09:27Z	2.24.3
3.1.3_0.32.1-prerelease4	named	dev.mauch	spark-excel_2.12	2025-10-13T13:09:27Z	2.24.3
3.0.3_0.32.1-prerelease4	named	dev.mauch	spark-excel_2.12	2025-10-13T13:09:27Z	2.24.3
4.0.0_0.32.1-prerelease4	named	dev.mauch	spark-excel_2.13	2025-10-13T13:09:27Z	2.24.3
3.5.6_0.32.1-prerelease4	named	dev.mauch	spark-excel_2.13	2025-10-13T13:09:27Z	2.24.3
3.4.4_0.32.1-prerelease4	named	dev.mauch	spark-excel_2.13	2025-10-13T13:09:27Z	2.24.3
3.4.1_0.32.1-prerelease4	named	dev.mauch	spark-excel_2.13	2025-10-13T13:09:27Z	2.24.3
3.3.4_0.32.1-prerelease4	named	dev.mauch	spark-excel_2.13	2025-10-13T13:09:27Z	2.24.3
3.2.4_0.32.1-prerelease4	named	dev.mauch	spark-excel_2.13	2025-10-13T13:09:27Z	2.24.3
3.5.6_0.32.1-prerelease5	named	dev.mauch	spark-excel_2.12	2025-10-13T14:02:34Z	2.24.3
3.3.4_0.32.1-prerelease5	named	dev.mauch	spark-excel_2.12	2025-10-13T14:02:34Z	2.24.3
3.2.4_0.32.1-prerelease5	named	dev.mauch	spark-excel_2.12	2025-10-13T14:02:34Z	2.24.3
3.1.3_0.32.1-prerelease5	named	dev.mauch	spark-excel_2.12	2025-10-13T14:02:34Z	2.24.3
3.4.4_0.32.1-prerelease5	named	dev.mauch	spark-excel_2.12	2025-10-13T14:02:35Z	2.24.3
3.4.1_0.32.1-prerelease5	named	dev.mauch	spark-excel_2.12	2025-10-13T14:02:35Z	2.24.3
3.0.3_0.32.1-prerelease5	named	dev.mauch	spark-excel_2.12	2025-10-13T14:02:35Z	2.24.3
4.0.0_0.32.1-prerelease5	named	dev.mauch	spark-excel_2.13	2025-10-13T14:02:35Z	2.24.3
3.5.6_0.32.1-prerelease5	named	dev.mauch	spark-excel_2.13	2025-10-13T14:02:35Z	2.24.3
3.4.4_0.32.1-prerelease5	named	dev.mauch	spark-excel_2.13	2025-10-13T14:02:35Z	2.24.3
3.4.1_0.32.1-prerelease5	named	dev.mauch	spark-excel_2.13	2025-10-13T14:02:35Z	2.24.3
3.3.4_0.32.1-prerelease5	named	dev.mauch	spark-excel_2.13	2025-10-13T14:02:35Z	2.24.3
3.2.4_0.32.1-prerelease5	named	dev.mauch	spark-excel_2.13	2025-10-13T14:02:35Z	2.24.3
3.4.4_0.32.2-prerelease0	named	dev.mauch	spark-excel_2.12	2025-10-13T14:11:27Z	2.24.3
3.5.6_0.32.2-prerelease0	named	dev.mauch	spark-excel_2.12	2025-10-13T14:11:28Z	2.24.3
3.4.1_0.32.2-prerelease0	named	dev.mauch	spark-excel_2.12	2025-10-13T14:11:28Z	2.24.3
3.3.4_0.32.2-prerelease0	named	dev.mauch	spark-excel_2.12	2025-10-13T14:11:28Z	2.24.3
3.2.4_0.32.2-prerelease0	named	dev.mauch	spark-excel_2.12	2025-10-13T14:11:28Z	2.24.3
3.1.3_0.32.2-prerelease0	named	dev.mauch	spark-excel_2.12	2025-10-13T14:11:28Z	2.24.3
3.0.3_0.32.2-prerelease0	named	dev.mauch	spark-excel_2.12	2025-10-13T14:11:28Z	2.24.3
4.0.0_0.32.2-prerelease0	named	dev.mauch	spark-excel_2.13	2025-10-13T14:11:28Z	2.24.3
3.5.6_0.32.2-prerelease0	named	dev.mauch	spark-excel_2.13	2025-10-13T14:11:28Z	2.24.3
3.4.4_0.32.2-prerelease0	named	dev.mauch	spark-excel_2.13	2025-10-13T14:11:28Z	2.24.3
3.4.1_0.32.2-prerelease0	named	dev.mauch	spark-excel_2.13	2025-10-13T14:11:28Z	2.24.3
3.3.4_0.32.2-prerelease0	named	dev.mauch	spark-excel_2.13	2025-10-13T14:11:28Z	2.24.3
3.2.4_0.32.2-prerelease0	named	dev.mauch	spark-excel_2.13	2025-10-13T14:11:28Z	2.24.3
3.0.2	named	io.github.wosni	gl-wrench-starter-design-framework	2025-10-27T16:13:40Z	2.17.2
7.1.2	named	com.limemojito.oss.aws	aws-cleaner	2025-10-31T00:03:35Z	2.25.2
2.25.2	named	org.lucee	log4j-api	2025-11-12T22:10:21Z	2.25.2
2.24.3	named	org.lucee	log4j-api	2025-11-12T22:29:58Z	2.24.3
2.23.1	named	org.lucee	log4j-api	2025-11-12T22:34:24Z	2.23.1
2.22.1	named	org.lucee	log4j-api	2025-11-12T22:41:55Z	2.22.1
2.21.1	named	org.lucee	log4j-api	2025-11-12T22:48:12Z	2.21.1
2.25.1	named	org.lucee	log4j-api	2025-11-13T01:55:08Z	2.25.1
3.5.6_0.32.3-prerelease0	named	dev.mauch	spark-excel_2.12	2025-11-13T08:29:06Z	2.24.3
3.4.4_0.32.3-prerelease0	named	dev.mauch	spark-excel_2.12	2025-11-13T08:29:06Z	2.24.3
3.4.1_0.32.3-prerelease0	named	dev.mauch	spark-excel_2.12	2025-11-13T08:29:06Z	2.24.3
3.3.4_0.32.3-prerelease0	named	dev.mauch	spark-excel_2.12	2025-11-13T08:29:06Z	2.24.3
3.2.4_0.32.3-prerelease0	named	dev.mauch	spark-excel_2.12	2025-11-13T08:29:06Z	2.24.3
3.1.3_0.32.3-prerelease0	named	dev.mauch	spark-excel_2.12	2025-11-13T08:29:06Z	2.24.3
3.0.3_0.32.3-prerelease0	named	dev.mauch	spark-excel_2.12	2025-11-13T08:29:06Z	2.24.3
4.0.0_0.32.3-prerelease0	named	dev.mauch	spark-excel_2.13	2025-11-13T08:29:06Z	2.24.3
3.5.6_0.32.3-prerelease0	named	dev.mauch	spark-excel_2.13	2025-11-13T08:29:06Z	2.24.3
3.4.4_0.32.3-prerelease0	named	dev.mauch	spark-excel_2.13	2025-11-13T08:29:06Z	2.24.3
3.4.1_0.32.3-prerelease0	named	dev.mauch	spark-excel_2.13	2025-11-13T08:29:06Z	2.24.3
3.3.4_0.32.3-prerelease0	named	dev.mauch	spark-excel_2.13	2025-11-13T08:29:06Z	2.24.3
3.2.4_0.32.3-prerelease0	named	dev.mauch	spark-excel_2.13	2025-11-13T08:29:06Z	2.24.3
3.4.4_0.32.3-prerelease1	named	dev.mauch	spark-excel_2.12	2025-11-13T08:37:15Z	2.24.3
3.3.4_0.32.3-prerelease1	named	dev.mauch	spark-excel_2.12	2025-11-13T08:37:15Z	2.24.3
3.2.4_0.32.3-prerelease1	named	dev.mauch	spark-excel_2.12	2025-11-13T08:37:15Z	2.24.3
3.1.3_0.32.3-prerelease1	named	dev.mauch	spark-excel_2.12	2025-11-13T08:37:15Z	2.24.3
3.0.3_0.32.3-prerelease1	named	dev.mauch	spark-excel_2.12	2025-11-13T08:37:15Z	2.24.3
4.0.0_0.32.3-prerelease1	named	dev.mauch	spark-excel_2.13	2025-11-13T08:37:15Z	2.24.3
3.5.6_0.32.3-prerelease1	named	dev.mauch	spark-excel_2.13	2025-11-13T08:37:15Z	2.24.3
3.4.4_0.32.3-prerelease1	named	dev.mauch	spark-excel_2.13	2025-11-13T08:37:15Z	2.24.3
3.4.1_0.32.3-prerelease1	named	dev.mauch	spark-excel_2.13	2025-11-13T08:37:15Z	2.24.3
3.2.4_0.32.3-prerelease1	named	dev.mauch	spark-excel_2.13	2025-11-13T08:37:15Z	2.24.3
3.5.6_0.32.3-prerelease1	named	dev.mauch	spark-excel_2.12	2025-11-13T08:37:16Z	2.24.3
3.4.1_0.32.3-prerelease1	named	dev.mauch	spark-excel_2.12	2025-11-13T08:37:16Z	2.24.3
3.3.4_0.32.3-prerelease1	named	dev.mauch	spark-excel_2.13	2025-11-13T08:37:16Z	2.24.3
1.20-vvr-11.4.0-jdk11	named	com.alibaba.ververica	ververica-connector-elasticsearch	2025-11-20T07:35:33Z	2.17.0
1.3.0	named	org.apache.hbase.operator.tools	hbase-tools	2025-11-21T15:22:28Z	2.17.2
1.3.0	named	org.apache.hbase.operator.tools	hbase-table-reporter	2025-11-21T15:22:40Z	2.17.2
1.3.0	named	org.apache.hbase.operator.tools	hbase-hbck2	2025-11-21T15:22:44Z	2.17.2
3.5.6_0.32.3-prerelease2	named	dev.mauch	spark-excel_2.12	2025-11-24T20:23:21Z	2.24.3
3.4.1_0.32.3-prerelease2	named	dev.mauch	spark-excel_2.12	2025-11-24T20:23:21Z	2.24.3
3.1.3_0.32.3-prerelease2	named	dev.mauch	spark-excel_2.12	2025-11-24T20:23:21Z	2.24.3
3.0.3_0.32.3-prerelease2	named	dev.mauch	spark-excel_2.12	2025-11-24T20:23:21Z	2.24.3
4.0.0_0.32.3-prerelease2	named	dev.mauch	spark-excel_2.13	2025-11-24T20:23:21Z	2.24.3
3.5.6_0.32.3-prerelease2	named	dev.mauch	spark-excel_2.13	2025-11-24T20:23:21Z	2.24.3
3.4.4_0.32.3-prerelease2	named	dev.mauch	spark-excel_2.13	2025-11-24T20:23:21Z	2.24.3
3.4.4_0.32.3-prerelease2	named	dev.mauch	spark-excel_2.12	2025-11-24T20:23:22Z	2.24.3
3.3.4_0.32.3-prerelease2	named	dev.mauch	spark-excel_2.12	2025-11-24T20:23:22Z	2.24.3
3.2.4_0.32.3-prerelease2	named	dev.mauch	spark-excel_2.12	2025-11-24T20:23:22Z	2.24.3
3.4.1_0.32.3-prerelease2	named	dev.mauch	spark-excel_2.13	2025-11-24T20:23:22Z	2.24.3
3.3.4_0.32.3-prerelease2	named	dev.mauch	spark-excel_2.13	2025-11-24T20:23:22Z	2.24.3
3.2.4_0.32.3-prerelease2	named	dev.mauch	spark-excel_2.13	2025-11-24T20:23:22Z	2.24.3
1.0	named	cn.bugstack.wrench	local-task-message	2025-11-24T23:22:01Z	2.17.2
1.0.5	named	io.github.zhp1221	wrench-starter-design-framwork	2025-11-26T01:35:49Z	2.20.0
1.20-vvr-11.2.1-jdk11	named	com.alibaba.ververica	ververica-connector-elasticsearch	2025-11-28T05:11:20Z	2.17.0
3.3.0	named	cn.bugstack.wrench	xfg-wrench-starter-design-framework	2025-12-08T00:03:57Z	2.17.2
3.3.0	named	cn.bugstack.wrench	xfg-wrench-starter-dynamic-config-center	2025-12-08T00:03:57Z	2.17.2
3.3.0	named	cn.bugstack.wrench	xfg-wrench-starter-rate-limiter	2025-12-08T00:03:57Z	2.17.2
0.3.0	named	io.github.beehive-lab	gpu-llama3	2025-12-11T12:22:51Z	2.17.1
0.3.1	named	io.github.beehive-lab	gpu-llama3	2025-12-11T17:20:17Z	2.17.1
1.20-vvr-11.3.1-jdk11	named	com.alibaba.ververica	ververica-connector-elasticsearch	2025-12-12T09:13:55Z	2.17.0
2.25.3	named	org.apache.logging.log4j	log4j-api	2025-12-15T12:49:22Z	2.25.3
3.4.1_0.32.3-prerelease3	named	dev.mauch	spark-excel_2.12	2025-12-15T21:30:36Z	2.24.3
3.2.4_0.32.3-prerelease3	named	dev.mauch	spark-excel_2.12	2025-12-15T21:30:36Z	2.24.3
4.0.0_0.32.3-prerelease3	named	dev.mauch	spark-excel_2.13	2025-12-15T21:30:36Z	2.24.3
3.4.4_0.32.3-prerelease3	named	dev.mauch	spark-excel_2.13	2025-12-15T21:30:36Z	2.24.3
3.4.1_0.32.3-prerelease3	named	dev.mauch	spark-excel_2.13	2025-12-15T21:30:36Z	2.24.3
3.5.6_0.32.3-prerelease3	named	dev.mauch	spark-excel_2.12	2025-12-15T21:30:37Z	2.24.3
3.4.4_0.32.3-prerelease3	named	dev.mauch	spark-excel_2.12	2025-12-15T21:30:37Z	2.24.3
3.3.4_0.32.3-prerelease3	named	dev.mauch	spark-excel_2.12	2025-12-15T21:30:37Z	2.24.3
3.1.3_0.32.3-prerelease3	named	dev.mauch	spark-excel_2.12	2025-12-15T21:30:37Z	2.24.3
3.0.3_0.32.3-prerelease3	named	dev.mauch	spark-excel_2.12	2025-12-15T21:30:37Z	2.24.3
3.5.6_0.32.3-prerelease3	named	dev.mauch	spark-excel_2.13	2025-12-15T21:30:37Z	2.24.3
3.3.4_0.32.3-prerelease3	named	dev.mauch	spark-excel_2.13	2025-12-15T21:30:37Z	2.24.3
3.2.4_0.32.3-prerelease3	named	dev.mauch	spark-excel_2.13	2025-12-15T21:30:37Z	2.24.3
0.3.2-dev	named	io.github.beehive-lab	gpu-llama3	2025-12-16T11:19:21Z	2.17.1
0.3.2	named	io.github.beehive-lab	gpu-llama3	2025-12-18T12:23:08Z	2.17.1
0.3.3	named	io.github.beehive-lab	gpu-llama3	2025-12-19T08:44:55Z	2.17.1
2.1	named	cn.web3er.wrench	whn-wrench-starter-design-framework	2025-12-20T15:06:40Z	2.17.2
2.1.1	named	info.folone	poi-scala_2.12	2025-12-25T15:21:51Z	2.24.3
2.1.1	named	info.folone	poi-scala_2.13	2025-12-25T15:21:51Z	2.24.3
2.1.1	named	info.folone	poi-scala_3	2025-12-25T15:21:51Z	2.24.3
1.20-vvr-11.1.4-jdk11	named	com.alibaba.ververica	ververica-connector-elasticsearch	2025-12-30T04:44:12Z	2.17.0
1.20-vvr-11.5.0-jdk11	named	com.alibaba.ververica	ververica-connector-elasticsearch	2026-01-04T11:22:20Z	2.17.0
1.20-vvr-11.3.1-1-jdk11	named	com.alibaba.ververica	ververica-connector-elasticsearch	2026-01-09T08:35:35Z	2.17.0
1.20-vvr-11.4.1-jdk11	named	com.alibaba.ververica	ververica-connector-elasticsearch	2026-01-09T10:59:01Z	2.17.0
4.4.47	named	org.neo4j	neo4j-logging	2026-01-29T11:38:17Z	2.17.1
3.5.6_0.32.3-prerelease7	named	dev.mauch	spark-excel_2.12	2026-01-29T19:02:30Z	2.24.3
3.4.4_0.32.3-prerelease7	named	dev.mauch	spark-excel_2.12	2026-01-29T19:02:30Z	2.24.3
3.4.1_0.32.3-prerelease7	named	dev.mauch	spark-excel_2.12	2026-01-29T19:02:30Z	2.24.3
3.3.4_0.32.3-prerelease7	named	dev.mauch	spark-excel_2.12	2026-01-29T19:02:30Z	2.24.3
3.2.4_0.32.3-prerelease7	named	dev.mauch	spark-excel_2.12	2026-01-29T19:02:30Z	2.24.3
3.1.3_0.32.3-prerelease7	named	dev.mauch	spark-excel_2.12	2026-01-29T19:02:30Z	2.24.3
4.0.0_0.32.3-prerelease7	named	dev.mauch	spark-excel_2.13	2026-01-29T19:02:30Z	2.24.3
3.5.6_0.32.3-prerelease7	named	dev.mauch	spark-excel_2.13	2026-01-29T19:02:30Z	2.24.3
3.4.4_0.32.3-prerelease7	named	dev.mauch	spark-excel_2.13	2026-01-29T19:02:30Z	2.24.3
3.4.1_0.32.3-prerelease7	named	dev.mauch	spark-excel_2.13	2026-01-29T19:02:30Z	2.24.3
3.3.4_0.32.3-prerelease7	named	dev.mauch	spark-excel_2.13	2026-01-29T19:02:30Z	2.24.3
3.2.4_0.32.3-prerelease7	named	dev.mauch	spark-excel_2.13	2026-01-29T19:02:30Z	2.24.3
3.0.3_0.32.3-prerelease7	named	dev.mauch	spark-excel_2.12	2026-01-29T19:02:31Z	2.24.3
3.5.6_0.32.3-prerelease8	named	dev.mauch	spark-excel_2.12	2026-01-29T19:02:45Z	2.24.3
3.2.4_0.32.3-prerelease8	named	dev.mauch	spark-excel_2.12	2026-01-29T19:02:45Z	2.24.3
4.0.0_0.32.3-prerelease8	named	dev.mauch	spark-excel_2.13	2026-01-29T19:02:45Z	2.24.3
3.2.4_0.32.3-prerelease8	named	dev.mauch	spark-excel_2.13	2026-01-29T19:02:45Z	2.24.3
3.4.4_0.32.3-prerelease8	named	dev.mauch	spark-excel_2.12	2026-01-29T19:02:46Z	2.24.3
3.4.1_0.32.3-prerelease8	named	dev.mauch	spark-excel_2.12	2026-01-29T19:02:46Z	2.24.3
3.3.4_0.32.3-prerelease8	named	dev.mauch	spark-excel_2.12	2026-01-29T19:02:46Z	2.24.3
3.1.3_0.32.3-prerelease8	named	dev.mauch	spark-excel_2.12	2026-01-29T19:02:46Z	2.24.3
3.0.3_0.32.3-prerelease8	named	dev.mauch	spark-excel_2.12	2026-01-29T19:02:46Z	2.24.3
3.5.6_0.32.3-prerelease8	named	dev.mauch	spark-excel_2.13	2026-01-29T19:02:46Z	2.24.3
3.4.4_0.32.3-prerelease8	named	dev.mauch	spark-excel_2.13	2026-01-29T19:02:46Z	2.24.3
3.4.1_0.32.3-prerelease8	named	dev.mauch	spark-excel_2.13	2026-01-29T19:02:46Z	2.24.3
3.3.4_0.32.3-prerelease8	named	dev.mauch	spark-excel_2.13	2026-01-29T19:02:46Z	2.24.3
3.2.4_0.32.3-prerelease11	named	dev.mauch	spark-excel_2.12	2026-01-30T18:48:05Z	2.24.3
3.5.6_0.32.3-prerelease11	named	dev.mauch	spark-excel_2.12	2026-01-30T18:48:06Z	2.24.3
3.4.4_0.32.3-prerelease11	named	dev.mauch	spark-excel_2.12	2026-01-30T18:48:06Z	2.24.3
3.4.1_0.32.3-prerelease11	named	dev.mauch	spark-excel_2.12	2026-01-30T18:48:06Z	2.24.3
3.3.4_0.32.3-prerelease11	named	dev.mauch	spark-excel_2.12	2026-01-30T18:48:06Z	2.24.3
3.1.3_0.32.3-prerelease11	named	dev.mauch	spark-excel_2.12	2026-01-30T18:48:06Z	2.24.3
3.0.3_0.32.3-prerelease11	named	dev.mauch	spark-excel_2.12	2026-01-30T18:48:06Z	2.24.3
4.0.0_0.32.3-prerelease11	named	dev.mauch	spark-excel_2.13	2026-01-30T18:48:06Z	2.24.3
3.5.6_0.32.3-prerelease11	named	dev.mauch	spark-excel_2.13	2026-01-30T18:48:06Z	2.24.3
3.4.4_0.32.3-prerelease11	named	dev.mauch	spark-excel_2.13	2026-01-30T18:48:06Z	2.24.3
3.4.1_0.32.3-prerelease11	named	dev.mauch	spark-excel_2.13	2026-01-30T18:48:06Z	2.24.3
3.3.4_0.32.3-prerelease11	named	dev.mauch	spark-excel_2.13	2026-01-30T18:48:06Z	2.24.3
3.2.4_0.32.3-prerelease11	named	dev.mauch	spark-excel_2.13	2026-01-30T18:48:06Z	2.24.3
3.5.6_0.32.3-prerelease9	named	dev.mauch	spark-excel_2.12	2026-01-30T18:49:36Z	2.24.3
4.0.0_0.32.3-prerelease9	named	dev.mauch	spark-excel_2.13	2026-01-30T18:49:36Z	2.24.3
3.5.6_0.32.3-prerelease9	named	dev.mauch	spark-excel_2.13	2026-01-30T18:49:36Z	2.24.3
3.4.1_0.32.3-prerelease9	named	dev.mauch	spark-excel_2.13	2026-01-30T18:49:36Z	2.24.3
3.2.4_0.32.3-prerelease9	named	dev.mauch	spark-excel_2.13	2026-01-30T18:49:36Z	2.24.3
3.4.4_0.32.3-prerelease9	named	dev.mauch	spark-excel_2.12	2026-01-30T18:49:37Z	2.24.3
3.4.1_0.32.3-prerelease9	named	dev.mauch	spark-excel_2.12	2026-01-30T18:49:37Z	2.24.3
3.3.4_0.32.3-prerelease9	named	dev.mauch	spark-excel_2.12	2026-01-30T18:49:37Z	2.24.3
3.2.4_0.32.3-prerelease9	named	dev.mauch	spark-excel_2.12	2026-01-30T18:49:37Z	2.24.3
3.1.3_0.32.3-prerelease9	named	dev.mauch	spark-excel_2.12	2026-01-30T18:49:37Z	2.24.3
3.0.3_0.32.3-prerelease9	named	dev.mauch	spark-excel_2.12	2026-01-30T18:49:37Z	2.24.3
3.4.4_0.32.3-prerelease9	named	dev.mauch	spark-excel_2.13	2026-01-30T18:49:37Z	2.24.3
3.3.4_0.32.3-prerelease9	named	dev.mauch	spark-excel_2.13	2026-01-30T18:49:37Z	2.24.3
3.5.6_0.32.3-prerelease13	named	dev.mauch	spark-excel_2.12	2026-01-30T18:51:28Z	2.24.3
3.4.1_0.32.3-prerelease13	named	dev.mauch	spark-excel_2.12	2026-01-30T18:51:28Z	2.24.3
3.3.4_0.32.3-prerelease13	named	dev.mauch	spark-excel_2.13	2026-01-30T18:51:28Z	2.24.3
3.4.4_0.32.3-prerelease13	named	dev.mauch	spark-excel_2.12	2026-01-30T18:51:29Z	2.24.3
3.3.4_0.32.3-prerelease13	named	dev.mauch	spark-excel_2.12	2026-01-30T18:51:29Z	2.24.3
3.2.4_0.32.3-prerelease13	named	dev.mauch	spark-excel_2.12	2026-01-30T18:51:29Z	2.24.3
3.1.3_0.32.3-prerelease13	named	dev.mauch	spark-excel_2.12	2026-01-30T18:51:29Z	2.24.3
3.0.3_0.32.3-prerelease13	named	dev.mauch	spark-excel_2.12	2026-01-30T18:51:29Z	2.24.3
4.0.0_0.32.3-prerelease13	named	dev.mauch	spark-excel_2.13	2026-01-30T18:51:29Z	2.24.3
3.5.6_0.32.3-prerelease13	named	dev.mauch	spark-excel_2.13	2026-01-30T18:51:29Z	2.24.3
3.4.4_0.32.3-prerelease13	named	dev.mauch	spark-excel_2.13	2026-01-30T18:51:29Z	2.24.3
3.4.1_0.32.3-prerelease13	named	dev.mauch	spark-excel_2.13	2026-01-30T18:51:29Z	2.24.3
3.2.4_0.32.3-prerelease13	named	dev.mauch	spark-excel_2.13	2026-01-30T18:51:29Z	2.24.3
3.5.6_0.32.3-prerelease10	named	dev.mauch	spark-excel_2.12	2026-01-30T18:51:46Z	2.24.3
3.4.4_0.32.3-prerelease10	named	dev.mauch	spark-excel_2.12	2026-01-30T18:51:46Z	2.24.3
3.4.1_0.32.3-prerelease10	named	dev.mauch	spark-excel_2.12	2026-01-30T18:51:46Z	2.24.3
3.3.4_0.32.3-prerelease10	named	dev.mauch	spark-excel_2.12	2026-01-30T18:51:46Z	2.24.3
3.2.4_0.32.3-prerelease10	named	dev.mauch	spark-excel_2.12	2026-01-30T18:51:46Z	2.24.3
3.1.3_0.32.3-prerelease10	named	dev.mauch	spark-excel_2.12	2026-01-30T18:51:46Z	2.24.3
3.0.3_0.32.3-prerelease10	named	dev.mauch	spark-excel_2.12	2026-01-30T18:51:46Z	2.24.3
4.0.0_0.32.3-prerelease10	named	dev.mauch	spark-excel_2.13	2026-01-30T18:51:46Z	2.24.3
3.5.6_0.32.3-prerelease10	named	dev.mauch	spark-excel_2.13	2026-01-30T18:51:46Z	2.24.3
3.4.4_0.32.3-prerelease10	named	dev.mauch	spark-excel_2.13	2026-01-30T18:51:46Z	2.24.3
3.4.1_0.32.3-prerelease10	named	dev.mauch	spark-excel_2.13	2026-01-30T18:51:46Z	2.24.3
3.3.4_0.32.3-prerelease10	named	dev.mauch	spark-excel_2.13	2026-01-30T18:51:46Z	2.24.3
3.2.4_0.32.3-prerelease10	named	dev.mauch	spark-excel_2.13	2026-01-30T18:51:46Z	2.24.3
3.5.6_0.32.3-prerelease14	named	dev.mauch	spark-excel_2.12	2026-01-30T18:52:31Z	2.24.3
3.4.4_0.32.3-prerelease14	named	dev.mauch	spark-excel_2.12	2026-01-30T18:52:31Z	2.24.3
3.3.4_0.32.3-prerelease14	named	dev.mauch	spark-excel_2.12	2026-01-30T18:52:31Z	2.24.3
3.2.4_0.32.3-prerelease14	named	dev.mauch	spark-excel_2.12	2026-01-30T18:52:31Z	2.24.3
4.0.0_0.32.3-prerelease14	named	dev.mauch	spark-excel_2.13	2026-01-30T18:52:31Z	2.24.3
3.4.1_0.32.3-prerelease14	named	dev.mauch	spark-excel_2.13	2026-01-30T18:52:31Z	2.24.3
3.3.4_0.32.3-prerelease14	named	dev.mauch	spark-excel_2.13	2026-01-30T18:52:31Z	2.24.3
3.2.4_0.32.3-prerelease14	named	dev.mauch	spark-excel_2.13	2026-01-30T18:52:31Z	2.24.3
3.4.1_0.32.3-prerelease14	named	dev.mauch	spark-excel_2.12	2026-01-30T18:52:32Z	2.24.3
3.1.3_0.32.3-prerelease14	named	dev.mauch	spark-excel_2.12	2026-01-30T18:52:32Z	2.24.3
3.0.3_0.32.3-prerelease14	named	dev.mauch	spark-excel_2.12	2026-01-30T18:52:32Z	2.24.3
3.5.6_0.32.3-prerelease14	named	dev.mauch	spark-excel_2.13	2026-01-30T18:52:32Z	2.24.3
3.4.4_0.32.3-prerelease14	named	dev.mauch	spark-excel_2.13	2026-01-30T18:52:32Z	2.24.3
3.5.6_0.32.3-prerelease12	named	dev.mauch	spark-excel_2.12	2026-01-30T18:53:07Z	2.24.3
3.4.1_0.32.3-prerelease12	named	dev.mauch	spark-excel_2.12	2026-01-30T18:53:07Z	2.24.3
4.0.0_0.32.3-prerelease12	named	dev.mauch	spark-excel_2.13	2026-01-30T18:53:07Z	2.24.3
3.3.4_0.32.3-prerelease12	named	dev.mauch	spark-excel_2.13	2026-01-30T18:53:07Z	2.24.3
3.2.4_0.32.3-prerelease12	named	dev.mauch	spark-excel_2.13	2026-01-30T18:53:07Z	2.24.3
3.4.4_0.32.3-prerelease12	named	dev.mauch	spark-excel_2.12	2026-01-30T18:53:08Z	2.24.3
3.3.4_0.32.3-prerelease12	named	dev.mauch	spark-excel_2.12	2026-01-30T18:53:08Z	2.24.3
3.2.4_0.32.3-prerelease12	named	dev.mauch	spark-excel_2.12	2026-01-30T18:53:08Z	2.24.3
3.1.3_0.32.3-prerelease12	named	dev.mauch	spark-excel_2.12	2026-01-30T18:53:08Z	2.24.3
3.0.3_0.32.3-prerelease12	named	dev.mauch	spark-excel_2.12	2026-01-30T18:53:08Z	2.24.3
3.5.6_0.32.3-prerelease12	named	dev.mauch	spark-excel_2.13	2026-01-30T18:53:08Z	2.24.3
3.4.4_0.32.3-prerelease12	named	dev.mauch	spark-excel_2.13	2026-01-30T18:53:08Z	2.24.3
3.4.1_0.32.3-prerelease12	named	dev.mauch	spark-excel_2.13	2026-01-30T18:53:08Z	2.24.3
3.5.6_0.32.3-prerelease15	named	dev.mauch	spark-excel_2.12	2026-01-30T20:36:22Z	2.24.3
3.4.4_0.32.3-prerelease15	named	dev.mauch	spark-excel_2.12	2026-01-30T20:36:22Z	2.24.3
3.4.1_0.32.3-prerelease15	named	dev.mauch	spark-excel_2.12	2026-01-30T20:36:22Z	2.24.3
3.5.6_0.32.3-prerelease15	named	dev.mauch	spark-excel_2.13	2026-01-30T20:36:22Z	2.24.3
3.4.1_0.32.3-prerelease15	named	dev.mauch	spark-excel_2.13	2026-01-30T20:36:22Z	2.24.3
3.3.4_0.32.3-prerelease15	named	dev.mauch	spark-excel_2.13	2026-01-30T20:36:22Z	2.24.3
3.2.4_0.32.3-prerelease15	named	dev.mauch	spark-excel_2.13	2026-01-30T20:36:22Z	2.24.3
3.3.4_0.32.3-prerelease15	named	dev.mauch	spark-excel_2.12	2026-01-30T20:36:23Z	2.24.3
3.2.4_0.32.3-prerelease15	named	dev.mauch	spark-excel_2.12	2026-01-30T20:36:23Z	2.24.3
3.1.3_0.32.3-prerelease15	named	dev.mauch	spark-excel_2.12	2026-01-30T20:36:23Z	2.24.3
3.0.3_0.32.3-prerelease15	named	dev.mauch	spark-excel_2.12	2026-01-30T20:36:23Z	2.24.3
4.0.0_0.32.3-prerelease15	named	dev.mauch	spark-excel_2.13	2026-01-30T20:36:23Z	2.24.3
3.4.4_0.32.3-prerelease15	named	dev.mauch	spark-excel_2.13	2026-01-30T20:36:23Z	2.24.3
3.5.6_0.32.3-prerelease16	named	dev.mauch	spark-excel_2.12	2026-02-01T17:23:15Z	2.24.3
3.4.4_0.32.3-prerelease16	named	dev.mauch	spark-excel_2.12	2026-02-01T17:23:15Z	2.24.3
3.4.1_0.32.3-prerelease16	named	dev.mauch	spark-excel_2.12	2026-02-01T17:23:15Z	2.24.3
3.3.4_0.32.3-prerelease16	named	dev.mauch	spark-excel_2.12	2026-02-01T17:23:15Z	2.24.3
3.2.4_0.32.3-prerelease16	named	dev.mauch	spark-excel_2.12	2026-02-01T17:23:15Z	2.24.3
3.1.3_0.32.3-prerelease16	named	dev.mauch	spark-excel_2.12	2026-02-01T17:23:15Z	2.24.3
3.0.3_0.32.3-prerelease16	named	dev.mauch	spark-excel_2.12	2026-02-01T17:23:15Z	2.24.3
4.0.0_0.32.3-prerelease16	named	dev.mauch	spark-excel_2.13	2026-02-01T17:23:15Z	2.24.3
3.5.6_0.32.3-prerelease16	named	dev.mauch	spark-excel_2.13	2026-02-01T17:23:15Z	2.24.3
3.4.4_0.32.3-prerelease16	named	dev.mauch	spark-excel_2.13	2026-02-01T17:23:15Z	2.24.3
3.4.1_0.32.3-prerelease16	named	dev.mauch	spark-excel_2.13	2026-02-01T17:23:15Z	2.24.3
3.3.4_0.32.3-prerelease16	named	dev.mauch	spark-excel_2.13	2026-02-01T17:23:15Z	2.24.3
3.2.4_0.32.3-prerelease16	named	dev.mauch	spark-excel_2.13	2026-02-01T17:23:15Z	2.24.3
3.4.4_0.32.3-prerelease17	named	dev.mauch	spark-excel_2.12	2026-02-01T17:23:20Z	2.24.3
3.3.4_0.32.3-prerelease17	named	dev.mauch	spark-excel_2.12	2026-02-01T17:23:20Z	2.24.3
3.2.4_0.32.3-prerelease17	named	dev.mauch	spark-excel_2.12	2026-02-01T17:23:20Z	2.24.3
3.1.3_0.32.3-prerelease17	named	dev.mauch	spark-excel_2.12	2026-02-01T17:23:20Z	2.24.3
3.0.3_0.32.3-prerelease17	named	dev.mauch	spark-excel_2.12	2026-02-01T17:23:20Z	2.24.3
3.5.6_0.32.3-prerelease17	named	dev.mauch	spark-excel_2.13	2026-02-01T17:23:20Z	2.24.3
3.4.4_0.32.3-prerelease17	named	dev.mauch	spark-excel_2.13	2026-02-01T17:23:20Z	2.24.3
3.4.1_0.32.3-prerelease17	named	dev.mauch	spark-excel_2.13	2026-02-01T17:23:20Z	2.24.3
3.3.4_0.32.3-prerelease17	named	dev.mauch	spark-excel_2.13	2026-02-01T17:23:20Z	2.24.3
3.2.4_0.32.3-prerelease17	named	dev.mauch	spark-excel_2.13	2026-02-01T17:23:20Z	2.24.3
3.5.6_0.32.3-prerelease17	named	dev.mauch	spark-excel_2.12	2026-02-01T17:23:21Z	2.24.3
3.4.1_0.32.3-prerelease17	named	dev.mauch	spark-excel_2.12	2026-02-01T17:23:21Z	2.24.3
4.0.1_0.32.3-prerelease17	named	dev.mauch	spark-excel_2.13	2026-02-01T17:23:21Z	2.24.3
4.4.48	named	org.neo4j	neo4j-logging	2026-02-03T16:57:15Z	2.17.1
1.1.0	named	io.github.java-doe	doe-generator	2026-02-06T08:44:08Z	2.20.0
2.3.13	named	org.apache.seatunnel	seatunnel-transforms-v2-udf	2026-02-17T11:53:39Z	2.17.1
1.1.6	named	com.ibm.galasa	com.ibm.galasa.dli.manager	2026-02-20T20:03:50Z	2.25.3
1.1.6	named	com.ibm.galasa	com.ibm.galasa.framework	2026-02-20T20:03:50Z	2.25.3
1.1.6	named	com.ibm.galasa	com.ibm.galasa.security	2026-02-20T20:03:50Z	2.25.3
0.4.0	named	io.github.beehive-lab	gpu-llama3	2026-02-25T13:48:39Z	2.17.1
0.4.0-jdk25	named	io.github.beehive-lab	gpu-llama3	2026-02-25T13:49:35Z	2.17.1
8.0.1	named	com.limemojito.oss.aws	aws-cleaner	2026-03-01T02:29:48Z	2.25.3
8.0.2	named	com.limemojito.oss.aws	aws-cleaner	2026-03-09T18:40:29Z	2.25.3
0.4.0-dev-jdk25	named	io.github.beehive-lab	gpu-llama3	2026-03-11T14:25:22Z	2.17.1
0.4.0-dev	named	io.github.beehive-lab	gpu-llama3	2026-03-11T14:26:35Z	2.17.1
1.20-vvr-11.6.0-jdk11	named	com.alibaba.ververica	ververica-connector-elasticsearch	2026-03-12T05:20:27Z	2.17.0
1.20-vvr-11.6.0-jdk11	named	com.alibaba.ververica	flink-connector-elasticsearch8	2026-03-12T05:20:28Z	2.17.0
2.25.4	named	org.apache.logging.log4j	log4j-api	2026-03-25T08:31:02Z	2.25.4
3.5.6_0.34.1-prerelease0	named	dev.mauch	spark-excel_2.12	2026-03-30T08:37:56Z	2.24.3
3.4.4_0.34.1-prerelease0	named	dev.mauch	spark-excel_2.12	2026-03-30T08:37:56Z	2.24.3
3.3.4_0.34.1-prerelease0	named	dev.mauch	spark-excel_2.12	2026-03-30T08:37:56Z	2.24.3
3.2.4_0.34.1-prerelease0	named	dev.mauch	spark-excel_2.12	2026-03-30T08:37:56Z	2.24.3
3.0.3_0.34.1-prerelease0	named	dev.mauch	spark-excel_2.12	2026-03-30T08:37:56Z	2.24.3
3.4.4_0.34.1-prerelease0	named	dev.mauch	spark-excel_2.13	2026-03-30T08:37:56Z	2.24.3
3.4.1_0.34.1-prerelease0	named	dev.mauch	spark-excel_2.13	2026-03-30T08:37:56Z	2.24.3
3.3.4_0.34.1-prerelease0	named	dev.mauch	spark-excel_2.13	2026-03-30T08:37:56Z	2.24.3
3.2.4_0.34.1-prerelease0	named	dev.mauch	spark-excel_2.13	2026-03-30T08:37:56Z	2.24.3
3.4.1_0.34.1-prerelease0	named	dev.mauch	spark-excel_2.12	2026-03-30T08:37:57Z	2.24.3
3.1.3_0.34.1-prerelease0	named	dev.mauch	spark-excel_2.12	2026-03-30T08:37:57Z	2.24.3
4.1.1_0.34.1-prerelease0	named	dev.mauch	spark-excel_2.13	2026-03-30T08:37:57Z	2.24.3
3.5.6_0.34.1-prerelease0	named	dev.mauch	spark-excel_2.13	2026-03-30T08:37:57Z	2.24.3
0.3.0-alpha4	named	io.camunda	camunda-7-to-8-diagram-converter-cli	2026-03-30T10:03:18Z	2.25.3
3.1.0	named	com.robotaccomplice	jais	2026-03-31T09:18:39Z	2.20.0
0.3.0	named	io.camunda	camunda-7-to-8-diagram-converter-cli	2026-04-08T10:24:07Z	2.25.3
1.1.7	named	com.ibm.galasa	com.ibm.galasa.dli.manager	2026-04-16T12:46:57Z	2.25.3
1.1.7	named	com.ibm.galasa	com.ibm.galasa.framework	2026-04-16T12:46:57Z	2.25.3
1.1.7	named	com.ibm.galasa	com.ibm.galasa.security	2026-04-16T12:46:57Z	2.25.3
2.26.0	named	org.apache.logging.log4j	log4j-api	2026-05-02T20:01:49Z	2.26.0
0.4.0-jdk21	named	io.github.beehive-lab	gpu-llama3	2026-05-04T11:47:32Z	2.17.1
1.0	named	io.github.zhouzhoucoder	zys-wrench-starter-design-framework	2026-05-18T03:57:52Z	2.17.2
1.0	named	io.github.zhouzhoucoder	zys-wrench-starter-dynamic-config-center	2026-05-18T03:57:52Z	2.17.2
1.0	named	io.github.zhouzhoucoder	zys-wrench-starter-rate-limiter	2026-05-18T03:57:52Z	2.17.2
1.0	named	io.github.zhouzhoucoder	zys-wrench-starter-task-job	2026-05-18T03:57:52Z	2.17.2
1.0	named	io.github.zhouzhoucoder	zys-wrench-test	2026-05-18T03:57:52Z	2.17.2
0.15.1	named	org.apache.hudi	hudi-cli-bundle_2.11	2026-05-18T10:32:12Z	2.17.2
0.15.1	named	org.apache.hudi	hudi-cli-bundle_2.12	2026-05-18T11:18:34Z	2.17.2
1.1.8	named	com.ibm.galasa	com.ibm.galasa.dli.manager	2026-05-20T14:11:02Z	2.25.4
1.1.8	named	com.ibm.galasa	com.ibm.galasa.framework	2026-05-20T14:11:02Z	2.25.4
1.1.8	named	com.ibm.galasa	com.ibm.galasa.security	2026-05-20T14:11:02Z	2.25.4
2.0	named	io.github.zhouzhoucoder	zys-wrench-starter-design-framework	2026-05-27T08:45:10Z	2.17.2
2.0	named	io.github.zhouzhoucoder	zys-wrench-starter-dynamic-config-center	2026-05-27T08:45:10Z	2.17.2
2.0	named	io.github.zhouzhoucoder	zys-wrench-starter-rate-limiter	2026-05-27T08:45:10Z	2.17.2
2.0	named	io.github.zhouzhoucoder	zys-wrench-starter-task-job	2026-05-27T08:45:10Z	2.17.2
2.0	named	io.github.zhouzhoucoder	zys-wrench-test	2026-05-27T08:45:10Z	2.17.2
3.0	named	io.github.zhouzhoucoder	zys-wrench-starter-design-framework	2026-05-27T09:59:02Z	2.17.2
3.0	named	io.github.zhouzhoucoder	zys-wrench-starter-dynamic-config-center	2026-05-27T09:59:02Z	2.17.2
3.0	named	io.github.zhouzhoucoder	zys-wrench-starter-rate-limiter	2026-05-27T09:59:02Z	2.17.2
3.0	named	io.github.zhouzhoucoder	zys-wrench-starter-task-job	2026-05-27T09:59:02Z	2.17.2
1.20-vvr-11.7.0-3-jdk11	named	com.alibaba.ververica	ververica-connector-elasticsearch	2026-06-01T12:12:41Z	2.17.0
1.20-vvr-11.7.0-3-jdk11	named	com.alibaba.ververica	flink-connector-elasticsearch8	2026-06-01T12:12:42Z	2.17.0
4.0	named	io.github.zhouzhoucoder	zys-wrench-starter-design-framework	2026-06-03T13:48:10Z	2.17.2
4.0	named	io.github.zhouzhoucoder	zys-wrench-starter-dynamic-config-center	2026-06-03T13:48:10Z	2.17.2
4.0	named	io.github.zhouzhoucoder	zys-wrench-starter-rate-limiter	2026-06-03T13:48:10Z	2.17.2
4.0	named	io.github.zhouzhoucoder	zys-wrench-starter-task-job	2026-06-03T13:48:10Z	2.17.2
5.0	named	io.github.zhouzhoucoder	zys-wrench-starter-design-framework	2026-06-03T14:03:43Z	2.17.2
5.0	named	io.github.zhouzhoucoder	zys-wrench-starter-dynamic-config-center	2026-06-03T14:03:43Z	2.17.2
5.0	named	io.github.zhouzhoucoder	zys-wrench-starter-rate-limiter	2026-06-03T14:03:43Z	2.17.2
5.0	named	io.github.zhouzhoucoder	zys-wrench-starter-task-job	2026-06-03T14:03:43Z	2.17.2
1.20-vvr-11.6.1-jdk11	named	com.alibaba.ververica	flink-connector-elasticsearch8	2026-06-04T13:13:32Z	2.17.0
1.20-vvr-11.6.1-jdk11	named	com.alibaba.ververica	ververica-connector-elasticsearch	2026-06-04T13:13:33Z	2.17.0
1.20-vvr-11.5.1-jdk11	named	com.alibaba.ververica	ververica-connector-elasticsearch	2026-06-05T01:36:54Z	2.17.0
0.14.2	named	org.apache.hudi	hudi-cli-bundle_2.11	2026-06-06T04:28:34Z	2.17.2
0.14.2	named	org.apache.hudi	hudi-cli-bundle_2.12	2026-06-06T06:16:31Z	2.17.2
4.3.2	named	com.vaimee	sepa-jena-vaimee-sjenar-fuseki	2026-06-08T16:51:12Z	2.17.2
4.3.2	named	com.vaimee	sepa-jena-fuseki-fulljar	2026-06-08T16:51:13Z	2.17.2
1.1.9	named	com.ibm.galasa	com.ibm.galasa.dli.manager	2026-06-17T17:27:58Z	2.25.4
1.1.9	named	com.ibm.galasa	com.ibm.galasa.framework	2026-06-17T17:27:58Z	2.25.4
1.1.9	named	com.ibm.galasa	com.ibm.galasa.security	2026-06-17T17:27:58Z	2.25.4
2.26.0	named	org.lucee	log4j-api	2026-06-24T16:36:40Z	2.26.0
2.26.0.0	named	org.lucee	log4j-api	2026-06-26T08:21:49Z	2.26.0
2.26.1	named	org.apache.logging.log4j	log4j-api	2026-06-29T07:47:29Z	2.26.1
2.25.5	named	org.apache.logging.log4j	log4j-api	2026-07-07T02:17:44Z	2.25.5
