v1-rev100-1.18.0-rc		2017-03-07T17:46:23Z	
v1-rev100-1.20.0		2017-03-07T17:45:47Z	
v1-rev100-1.21.0		2017-03-07T17:47:36Z	
v1-rev100-1.22.0		2017-03-07T17:47:00Z	
v1-rev101-1.18.0-rc		2017-03-11T16:23:42Z	
v1-rev101-1.20.0		2017-03-11T16:23:09Z	
v1-rev101-1.21.0		2017-03-11T16:24:51Z	
v1-rev101-1.22.0		2017-03-11T16:24:16Z	
v1-rev102-1.18.0-rc		2017-03-13T14:41:40Z	
v1-rev102-1.20.0		2017-03-13T15:11:02Z	
v1-rev102-1.21.0		2017-03-13T14:43:42Z	
v1-rev102-1.22.0		2017-03-13T14:42:21Z	
v1-rev103-1.18.0-rc		2017-03-14T15:11:19Z	
v1-rev103-1.20.0		2017-03-14T15:10:46Z	
v1-rev103-1.21.0		2017-03-14T15:12:31Z	
v1-rev103-1.22.0		2017-03-14T15:11:55Z	
v1-rev104-1.18.0-rc		2017-03-15T16:17:17Z	
v1-rev104-1.20.0		2017-03-15T16:16:44Z	
v1-rev104-1.21.0		2017-03-15T16:18:35Z	
v1-rev104-1.22.0		2017-03-15T16:17:52Z	
v1-rev105-1.18.0-rc		2017-03-20T15:11:34Z	
v1-rev105-1.20.0		2017-03-20T16:09:40Z	
v1-rev105-1.21.0		2017-03-20T15:14:19Z	
v1-rev105-1.22.0		2017-03-20T15:12:21Z	
v1-rev106-1.18.0-rc		2017-03-21T14:43:13Z	
v1-rev106-1.20.0		2017-03-21T14:41:25Z	
v1-rev106-1.21.0		2017-03-21T14:46:39Z	
v1-rev106-1.22.0		2017-03-21T14:45:33Z	
v1-rev107-1.18.0-rc		2017-03-22T14:10:09Z	
v1-rev107-1.20.0		2017-03-22T15:12:04Z	
v1-rev107-1.21.0		2017-03-22T14:11:25Z	
v1-rev107-1.22.0		2017-03-22T14:10:45Z	
v1-rev108-1.18.0-rc		2017-03-23T14:48:29Z	
v1-rev108-1.20.0		2017-03-23T14:47:53Z	
v1-rev108-1.21.0		2017-03-23T14:50:02Z	
v1-rev108-1.22.0		2017-03-23T14:49:10Z	
v1-rev109-1.18.0-rc		2017-03-28T13:14:32Z	
v1-rev109-1.20.0		2017-03-28T14:42:48Z	
v1-rev109-1.21.0		2017-03-28T13:16:52Z	
v1-rev109-1.22.0		2017-03-28T13:15:24Z	
v1-rev110-1.18.0-rc		2017-03-29T14:12:12Z	
v1-rev110-1.20.0		2017-03-29T13:40:13Z	
v1-rev110-1.21.0		2017-03-29T13:42:49Z	
v1-rev110-1.22.0		2017-03-29T13:42:02Z	
v1-rev111-1.18.0-rc		2017-03-30T14:20:13Z	
v1-rev111-1.20.0		2017-03-30T14:19:13Z	
v1-rev111-1.21.0		2017-03-30T14:22:27Z	
v1-rev111-1.22.0		2017-03-30T14:21:21Z	
v1-rev112-1.18.0-rc		2017-04-04T20:27:47Z	
v1-rev112-1.20.0		2017-04-04T20:27:13Z	
v1-rev112-1.21.0		2017-04-04T20:29:07Z	
v1-rev112-1.22.0		2017-04-04T20:28:27Z	
v1-rev113-1.18.0-rc		2017-04-12T12:12:01Z	
v1-rev113-1.20.0		2017-04-12T13:40:28Z	
v1-rev113-1.21.0		2017-04-12T12:15:19Z	
v1-rev113-1.22.0		2017-04-12T12:12:34Z	
v1-rev114-1.18.0-rc		2017-04-19T04:34:59Z	
v1-rev114-1.20.0		2017-04-19T04:34:32Z	
v1-rev114-1.21.0		2017-04-19T04:36:15Z	
v1-rev114-1.22.0		2017-04-19T04:35:37Z	
v1-rev115-1.18.0-rc		2017-04-19T19:20:33Z	
v1-rev115-1.20.0		2017-04-19T19:19:51Z	
v1-rev115-1.21.0		2017-04-19T19:22:27Z	
v1-rev115-1.22.0		2017-04-19T19:21:26Z	
v1-rev116-1.18.0-rc		2017-04-20T12:41:17Z	
v1-rev116-1.20.0		2017-04-20T13:16:26Z	
v1-rev116-1.21.0		2017-04-20T12:44:19Z	
v1-rev116-1.22.0		2017-04-20T12:42:17Z	
v1-rev117-1.18.0-rc		2017-04-25T15:14:13Z	
v1-rev117-1.20.0		2017-04-25T15:13:27Z	
v1-rev117-1.21.0		2017-04-25T15:19:40Z	
v1-rev117-1.22.0		2017-04-25T15:16:04Z	
v1-rev118-1.18.0-rc		2017-04-26T20:11:59Z	
v1-rev118-1.20.0		2017-04-26T20:11:21Z	
v1-rev118-1.21.0		2017-04-26T20:13:15Z	
v1-rev118-1.22.0		2017-04-26T20:12:34Z	
v1-rev119-1.18.0-rc		2017-04-27T13:43:07Z	
v1-rev119-1.20.0		2017-04-27T15:44:50Z	
v1-rev119-1.21.0		2017-04-27T13:49:24Z	
v1-rev119-1.22.0		2017-04-27T13:44:58Z	
v1-rev120-1.18.0-rc		2017-05-04T01:25:42Z	
v1-rev120-1.20.0		2017-05-04T01:25:05Z	
v1-rev120-1.21.0		2017-05-04T01:27:09Z	
v1-rev120-1.22.0		2017-05-04T01:26:22Z	
v1-rev121-1.18.0-rc		2017-05-05T02:51:37Z	
v1-rev121-1.20.0		2017-05-05T02:51:04Z	
v1-rev121-1.21.0		2017-05-05T02:52:59Z	
v1-rev121-1.22.0		2017-05-05T02:52:22Z	
v1-rev122-1.18.0-rc		2017-05-08T17:12:54Z	
v1-rev122-1.20.0		2017-05-08T17:12:19Z	
v1-rev122-1.21.0		2017-05-08T17:14:21Z	
v1-rev122-1.22.0		2017-05-08T17:13:33Z	
v1-rev123-1.18.0-rc		2017-05-09T17:46:22Z	
v1-rev123-1.20.0		2017-05-09T18:46:34Z	
v1-rev123-1.21.0		2017-05-09T18:50:51Z	
v1-rev123-1.22.0		2017-05-09T18:49:45Z	
v1-rev124-1.18.0-rc		2017-05-10T20:44:27Z	
v1-rev124-1.20.0		2017-05-10T20:43:49Z	
v1-rev124-1.21.0		2017-05-10T20:45:50Z	
v1-rev124-1.22.0		2017-05-10T20:45:11Z	
v1-rev125-1.20.0		2017-05-13T16:21:51Z	
v1-rev125-1.21.0		2017-05-13T16:23:04Z	
v1-rev125-1.22.0		2017-05-13T16:22:28Z	
v1-rev126-1.18.0-rc		2017-05-15T14:43:48Z	
v1-rev126-1.20.0		2017-05-15T14:43:06Z	
v1-rev126-1.21.0		2017-05-15T14:45:11Z	
v1-rev126-1.22.0		2017-05-15T14:44:27Z	
v1-rev127-1.18.0-rc		2017-05-17T22:44:36Z	
v1-rev127-1.20.0		2017-05-17T22:43:52Z	
v1-rev127-1.21.0		2017-05-17T22:46:17Z	
v1-rev127-1.22.0		2017-05-17T22:45:33Z	
v1-rev128-1.18.0-rc		2017-05-18T22:15:59Z	
v1-rev128-1.20.0		2017-05-18T22:15:20Z	
v1-rev128-1.21.0		2017-05-18T22:18:17Z	
v1-rev128-1.22.0		2017-05-18T22:16:50Z	
v1-rev129-1.18.0-rc		2017-05-23T04:11:25Z	
v1-rev129-1.20.0		2017-05-23T04:10:38Z	
v1-rev129-1.21.0		2017-05-23T04:12:51Z	
v1-rev129-1.22.0		2017-05-23T04:12:09Z	
v1-rev130-1.18.0-rc		2017-05-23T19:34:02Z	
v1-rev130-1.20.0		2017-05-23T19:33:21Z	
v1-rev130-1.21.0		2017-05-23T19:35:25Z	
v1-rev130-1.22.0		2017-05-23T19:34:44Z	
v1-rev131-1.18.0-rc		2017-05-29T23:12:28Z	
v1-rev131-1.20.0		2017-05-29T23:11:54Z	
v1-rev131-1.21.0		2017-05-29T23:13:38Z	
v1-rev131-1.22.0		2017-05-29T23:13:04Z	
v1-rev132-1.18.0-rc		2017-05-30T21:18:39Z	
v1-rev132-1.20.0		2017-05-30T21:54:32Z	
v1-rev132-1.21.0		2017-05-30T21:19:55Z	
v1-rev132-1.22.0		2017-05-30T21:19:16Z	
v1-rev133-1.18.0-rc		2017-05-31T20:23:35Z	
v1-rev133-1.20.0		2017-05-31T20:22:53Z	
v1-rev133-1.21.0		2017-05-31T20:25:10Z	
v1-rev133-1.22.0		2017-05-31T20:24:21Z	
v1-rev134-1.18.0-rc		2017-06-01T16:23:46Z	
v1-rev134-1.20.0		2017-06-01T16:21:35Z	
v1-rev134-1.21.0		2017-06-01T16:27:09Z	
v1-rev134-1.22.0		2017-06-01T16:24:41Z	
v1-rev135-1.18.0-rc		2017-06-07T20:44:30Z	
v1-rev135-1.20.0		2017-06-07T20:43:34Z	
v1-rev135-1.21.0		2017-06-07T20:46:54Z	
v1-rev135-1.22.0		2017-06-07T20:45:24Z	
v1-rev136-1.18.0-rc		2017-07-18T19:44:20Z	
v1-rev136-1.20.0		2017-07-18T19:42:38Z	
v1-rev136-1.21.0		2017-07-19T07:05:25Z	
v1-rev136-1.22.0		2017-07-18T19:46:58Z	
v1-rev137-1.18.0-rc		2017-07-19T14:18:58Z	
v1-rev137-1.20.0		2017-07-19T14:14:55Z	
v1-rev137-1.21.0		2017-07-19T15:50:08Z	
v1-rev137-1.22.0		2017-07-19T15:48:24Z	
v1-rev139-1.18.0-rc		2017-07-23T10:18:23Z	
v1-rev139-1.20.0		2017-07-23T10:17:47Z	
v1-rev139-1.21.0		2017-07-23T10:51:58Z	
v1-rev139-1.22.0		2017-07-23T10:51:23Z	
v1-rev14-1.13.2-beta		2013-04-01T21:17:28Z	
v1-rev14-1.14.1-beta		2013-04-01T21:18:16Z	
v1-rev140-1.18.0-rc		2017-07-24T21:35:46Z	
v1-rev140-1.20.0		2017-07-24T21:34:40Z	
v1-rev140-1.21.0		2017-07-24T21:37:55Z	
v1-rev140-1.22.0		2017-07-24T21:37:16Z	
v1-rev141-1.18.0-rc		2017-07-25T15:18:14Z	
v1-rev141-1.20.0		2017-07-25T16:14:51Z	
v1-rev141-1.21.0		2017-07-25T15:22:52Z	
v1-rev141-1.22.0		2017-07-25T15:20:43Z	
v1-rev142-1.18.0-rc		2017-07-27T17:16:08Z	
v1-rev142-1.20.0		2017-07-27T18:12:27Z	
v1-rev142-1.21.0		2017-07-27T17:17:28Z	
v1-rev142-1.22.0		2017-07-27T17:16:46Z	
v1-rev143-1.18.0-rc		2017-08-03T01:53:20Z	
v1-rev143-1.20.0		2017-08-03T01:51:51Z	
v1-rev143-1.21.0		2017-08-03T01:55:17Z	
v1-rev143-1.22.0		2017-08-03T02:41:32Z	
v1-rev144-1.18.0-rc		2017-08-03T20:23:00Z	
v1-rev144-1.20.0		2017-08-03T20:22:19Z	
v1-rev144-1.21.0		2017-08-03T20:24:23Z	
v1-rev144-1.22.0		2017-08-03T20:23:40Z	
v1-rev145-1.18.0-rc		2017-08-07T19:29:43Z	
v1-rev145-1.20.0		2017-08-07T20:43:05Z	
v1-rev145-1.21.0		2017-08-07T19:31:17Z	
v1-rev145-1.22.0		2017-08-07T19:30:27Z	
v1-rev146-1.18.0-rc		2017-08-08T19:19:25Z	
v1-rev146-1.20.0		2017-08-08T20:14:35Z	
v1-rev146-1.21.0		2017-08-08T19:21:00Z	
v1-rev146-1.22.0		2017-08-08T19:20:18Z	
v1-rev147-1.18.0-rc		2017-08-10T18:49:57Z	
v1-rev147-1.20.0		2017-08-10T18:46:06Z	
v1-rev147-1.21.0		2017-08-10T19:21:25Z	
v1-rev147-1.22.0		2017-08-10T19:20:47Z	
v1-rev148-1.18.0-rc		2017-08-14T18:21:24Z	
v1-rev148-1.20.0		2017-08-14T18:20:42Z	
v1-rev148-1.21.0		2017-08-14T18:22:51Z	
v1-rev148-1.22.0		2017-08-14T18:22:05Z	
v1-rev149-1.18.0-rc		2017-09-27T23:47:41Z	
v1-rev149-1.20.0		2017-09-27T23:45:40Z	
v1-rev149-1.21.0		2017-09-27T23:49:39Z	
v1-rev149-1.22.0		2017-09-27T23:48:52Z	
v1-rev15-1.13.2-beta		2013-04-10T16:07:42Z	
v1-rev15-1.14.1-beta		2013-04-10T16:09:09Z	
v1-rev150-1.18.0-rc		2017-09-28T15:32:22Z	
v1-rev150-1.20.0		2017-09-28T15:27:27Z	
v1-rev150-1.21.0		2017-09-28T17:39:50Z	
v1-rev150-1.22.0		2017-09-28T17:37:42Z	
v1-rev151-1.18.0-rc		2017-09-29T22:51:25Z	
v1-rev151-1.21.0		2017-09-29T22:52:17Z	
v1-rev152-1.18.0-rc		2017-10-02T16:15:42Z	
v1-rev152-1.21.0		2017-10-02T16:17:58Z	
v1-rev152-1.22.0		2017-10-02T16:16:49Z	
v1-rev153-1.18.0-rc		2017-10-03T22:53:22Z	
v1-rev153-1.21.0		2017-10-03T22:56:44Z	
v1-rev153-1.22.0		2017-10-03T22:55:50Z	
v1-rev153-1.23.0		2017-10-03T22:54:44Z	
v1-rev154-1.18.0-rc		2017-10-04T19:17:16Z	
v1-rev154-1.21.0		2017-10-04T18:12:00Z	
v1-rev154-1.22.0		2017-10-04T18:11:13Z	
v1-rev154-1.23.0		2017-10-04T18:09:59Z	
v1-rev155-1.18.0-rc		2017-10-05T15:13:28Z	
v1-rev155-1.21.0		2017-10-05T15:16:01Z	
v1-rev155-1.22.0		2017-10-05T15:15:18Z	
v1-rev155-1.23.0		2017-10-05T15:14:31Z	
v1-rev156-1.18.0-rc		2017-10-09T22:10:28Z	
v1-rev156-1.21.0		2017-10-09T22:12:36Z	
v1-rev156-1.22.0		2017-10-09T22:11:58Z	
v1-rev156-1.23.0		2017-10-09T22:11:06Z	
v1-rev157-1.18.0-rc		2017-10-12T04:56:44Z	
v1-rev157-1.21.0		2017-10-12T04:59:31Z	
v1-rev157-1.22.0		2017-10-12T04:58:28Z	
v1-rev157-1.23.0		2017-10-12T04:57:24Z	
v1-rev158-1.18.0-rc		2017-10-16T20:15:11Z	
v1-rev158-1.21.0		2017-10-16T19:54:54Z	
v1-rev158-1.22.0		2017-10-16T19:54:15Z	
v1-rev158-1.23.0		2017-10-16T19:53:40Z	
v1-rev159-1.18.0-rc		2017-10-17T19:12:44Z	
v1-rev159-1.21.0		2017-10-17T19:14:49Z	
v1-rev159-1.22.0		2017-10-17T19:14:03Z	
v1-rev159-1.23.0		2017-10-17T19:13:21Z	
v1-rev16-1.13.2-beta		2013-04-18T19:00:43Z	
v1-rev16-1.14.1-beta		2013-04-18T19:01:17Z	
v1-rev16-1.14.2-beta		2013-04-22T19:25:39Z	
v1-rev160-1.18.0-rc		2017-10-20T02:12:59Z	
v1-rev160-1.21.0		2017-10-20T02:14:46Z	
v1-rev160-1.22.0		2017-10-20T02:14:08Z	
v1-rev160-1.23.0		2017-10-20T02:13:31Z	
v1-rev161-1.18.0-rc		2017-10-23T18:26:36Z	
v1-rev161-1.21.0		2017-10-23T18:28:28Z	
v1-rev161-1.22.0		2017-10-23T18:27:48Z	
v1-rev161-1.23.0		2017-10-23T18:27:09Z	
v1-rev162-1.18.0-rc		2017-10-24T20:21:52Z	
v1-rev162-1.21.0		2017-10-24T19:11:46Z	
v1-rev162-1.22.0		2017-10-24T19:10:51Z	
v1-rev162-1.23.0		2017-10-24T19:10:15Z	
v1-rev163-1.18.0-rc		2017-10-25T22:17:45Z	
v1-rev163-1.21.0		2017-10-25T20:51:57Z	
v1-rev163-1.22.0		2017-10-25T20:51:20Z	
v1-rev163-1.23.0		2017-10-25T20:50:46Z	
v1-rev164-1.18.0-rc		2017-10-26T22:13:48Z	
v1-rev164-1.21.0		2017-10-26T21:19:24Z	
v1-rev164-1.22.0		2017-10-26T21:18:24Z	
v1-rev164-1.23.0		2017-10-26T21:17:41Z	
v1-rev165-1.18.0-rc		2017-10-30T16:09:11Z	
v1-rev165-1.21.0		2017-10-30T14:40:14Z	
v1-rev165-1.22.0		2017-10-30T14:39:36Z	
v1-rev165-1.23.0		2017-10-30T14:38:43Z	
v1-rev166-1.18.0-rc		2017-10-31T20:22:59Z	
v1-rev166-1.21.0		2017-10-31T20:25:04Z	
v1-rev166-1.22.0		2017-10-31T20:24:17Z	
v1-rev166-1.23.0		2017-10-31T20:23:34Z	
v1-rev167-1.18.0-rc		2017-11-01T15:09:34Z	
v1-rev167-1.21.0		2017-11-01T15:11:35Z	
v1-rev167-1.22.0		2017-11-01T15:10:50Z	
v1-rev167-1.23.0		2017-11-01T15:10:08Z	
v1-rev168-1.18.0-rc		2017-11-02T23:14:14Z	
v1-rev168-1.21.0		2017-11-02T21:18:19Z	
v1-rev168-1.22.0		2017-11-02T21:17:42Z	
v1-rev168-1.23.0		2017-11-02T21:17:07Z	
v1-rev169-1.18.0-rc		2017-11-06T19:16:51Z	
v1-rev169-1.21.0		2017-11-06T19:19:15Z	
v1-rev169-1.22.0		2017-11-06T19:18:35Z	
v1-rev169-1.23.0		2017-11-06T19:17:36Z	
v1-rev17-1.13.2-beta		2013-05-01T20:29:43Z	
v1-rev17-1.14.2-beta		2013-05-01T20:30:10Z	
v1-rev170-1.18.0-rc		2017-11-07T17:17:28Z	
v1-rev170-1.21.0		2017-11-07T18:12:21Z	
v1-rev170-1.22.0		2017-11-07T17:19:07Z	
v1-rev170-1.23.0		2017-11-07T17:18:12Z	
v1-rev171-1.18.0-rc		2017-11-08T19:12:47Z	
v1-rev171-1.21.0		2017-11-08T18:11:18Z	
v1-rev171-1.22.0		2017-11-08T18:10:43Z	
v1-rev171-1.23.0		2017-11-08T19:13:23Z	
v1-rev172-1.18.0-rc		2017-11-09T23:21:52Z	
v1-rev172-1.21.0		2017-11-09T23:23:41Z	
v1-rev172-1.22.0		2017-11-09T23:23:03Z	
v1-rev172-1.23.0		2017-11-09T23:22:28Z	
v1-rev173-1.18.0-rc		2017-11-14T23:10:13Z	
v1-rev173-1.21.0		2017-11-14T23:12:05Z	
v1-rev173-1.22.0		2017-11-14T23:11:25Z	
v1-rev173-1.23.0		2017-11-14T23:10:47Z	
v1-rev176-1.18.0-rc		2017-11-20T20:13:27Z	
v1-rev176-1.21.0		2017-11-20T19:15:52Z	
v1-rev176-1.22.0		2017-11-20T19:14:56Z	
v1-rev176-1.23.0		2017-11-20T19:14:05Z	
v1-rev177-1.18.0-rc		2017-11-23T17:11:37Z	
v1-rev177-1.21.0		2017-11-23T16:13:54Z	
v1-rev177-1.22.0		2017-11-23T16:12:53Z	
v1-rev177-1.23.0		2017-11-23T16:12:05Z	
v1-rev178-1.18.0-rc		2017-11-29T17:45:06Z	
v1-rev178-1.21.0		2017-11-29T17:47:02Z	
v1-rev178-1.22.0		2017-11-29T17:46:20Z	
v1-rev178-1.23.0		2017-11-29T17:45:43Z	
v1-rev179-1.18.0-rc		2017-11-30T23:22:20Z	
v1-rev179-1.21.0		2017-11-30T22:35:00Z	
v1-rev179-1.22.0		2017-11-30T22:33:45Z	
v1-rev179-1.23.0		2017-11-30T22:32:47Z	
v1-rev18-1.13.2-beta		2013-05-07T19:21:45Z	
v1-rev18-1.14.2-beta		2013-05-07T19:22:16Z	
v1-rev18-1.15.0-rc		2013-05-09T21:34:20Z	
v1-rev180-1.18.0-rc		2017-12-04T22:22:31Z	
v1-rev180-1.21.0		2017-12-04T22:24:52Z	
v1-rev180-1.22.0		2017-12-04T22:24:09Z	
v1-rev180-1.23.0		2017-12-04T22:23:25Z	
v1-rev181-1.18.0-rc		2017-12-06T19:09:49Z	
v1-rev181-1.21.0		2017-12-06T19:11:43Z	
v1-rev181-1.22.0		2017-12-06T19:11:02Z	
v1-rev181-1.23.0		2017-12-06T19:10:24Z	
v1-rev183-1.18.0-rc		2017-12-12T19:10:06Z	
v1-rev183-1.21.0		2017-12-12T19:13:58Z	
v1-rev183-1.22.0		2017-12-12T19:13:11Z	
v1-rev183-1.23.0		2017-12-12T19:11:20Z	
v1-rev184-1.18.0-rc		2017-12-13T23:30:46Z	
v1-rev184-1.21.0		2017-12-13T22:36:08Z	
v1-rev184-1.22.0		2017-12-13T22:34:01Z	
v1-rev184-1.23.0		2017-12-13T22:33:06Z	
v1-rev185-1.18.0-rc		2017-12-14T19:14:04Z	
v1-rev185-1.21.0		2017-12-14T18:13:34Z	
v1-rev185-1.22.0		2017-12-14T18:12:54Z	
v1-rev185-1.23.0		2017-12-14T18:11:58Z	
v1-rev186-1.18.0-rc		2017-12-18T22:21:01Z	
v1-rev186-1.21.0		2017-12-18T22:24:51Z	
v1-rev186-1.22.0		2017-12-18T22:23:47Z	
v1-rev186-1.23.0		2017-12-18T22:22:22Z	
v1-rev187-1.18.0-rc		2018-01-03T21:12:31Z	
v1-rev187-1.21.0		2018-01-03T20:13:34Z	
v1-rev187-1.22.0		2018-01-03T20:12:53Z	
v1-rev187-1.23.0		2018-01-03T20:12:09Z	
v1-rev188-1.18.0-rc		2018-01-05T02:15:37Z	
v1-rev188-1.21.0		2018-01-05T02:17:53Z	
v1-rev188-1.22.0		2018-01-05T02:17:14Z	
v1-rev188-1.23.0		2018-01-05T02:16:32Z	
v1-rev189-1.18.0-rc		2018-01-08T21:32:46Z	
v1-rev189-1.21.0		2018-01-08T21:36:15Z	
v1-rev189-1.22.0		2018-01-08T21:35:17Z	
v1-rev189-1.23.0		2018-01-08T21:33:53Z	
v1-rev19-1.13.2-beta		2013-06-03T19:36:32Z	
v1-rev19-1.14.2-beta		2013-06-03T19:36:48Z	
v1-rev19-1.15.0-rc		2013-06-05T17:04:24Z	
v1-rev190-1.18.0-rc		2018-01-09T17:41:33Z	
v1-rev190-1.21.0		2018-01-09T17:58:00Z	
v1-rev190-1.22.0		2018-01-09T17:55:14Z	
v1-rev190-1.23.0		2018-01-09T17:48:33Z	
v1-rev191-1.18.0-rc		2018-01-10T20:54:52Z	
v1-rev191-1.21.0		2018-01-10T20:57:27Z	
v1-rev191-1.22.0		2018-01-10T20:56:42Z	
v1-rev191-1.23.0		2018-01-10T20:55:43Z	
v1-rev192-1.18.0-rc		2018-01-11T16:13:36Z	
v1-rev192-1.21.0		2018-01-11T16:16:27Z	
v1-rev192-1.22.0		2018-01-11T16:15:00Z	
v1-rev192-1.23.0		2018-01-11T16:14:14Z	
v1-rev193-1.18.0-rc		2018-01-15T16:26:32Z	
v1-rev193-1.21.0		2018-01-15T16:28:32Z	
v1-rev193-1.22.0		2018-01-15T16:27:54Z	
v1-rev193-1.23.0		2018-01-15T16:27:11Z	
v1-rev194-1.18.0-rc		2018-01-16T18:12:46Z	
v1-rev194-1.21.0		2018-01-16T18:14:47Z	
v1-rev194-1.22.0		2018-01-16T18:14:06Z	
v1-rev194-1.23.0		2018-01-16T18:13:26Z	
v1-rev196-1.18.0-rc		2018-01-17T02:02:16Z	
v1-rev196-1.21.0		2018-01-17T02:07:24Z	
v1-rev196-1.22.0		2018-01-17T02:05:43Z	
v1-rev196-1.23.0		2018-01-17T03:05:13Z	
v1-rev197-1.18.0-rc		2018-01-17T15:10:10Z	
v1-rev197-1.21.0		2018-01-17T14:29:22Z	
v1-rev197-1.22.0		2018-01-17T15:11:16Z	
v1-rev197-1.23.0		2018-01-17T14:25:33Z	
v1-rev198-1.18.0-rc		2018-01-18T09:36:34Z	
v1-rev198-1.21.0		2018-01-18T09:41:32Z	
v1-rev198-1.22.0		2018-01-18T09:40:11Z	
v1-rev198-1.23.0		2018-01-18T09:38:12Z	
v1-rev199-1.18.0-rc		2018-01-18T19:12:46Z	
v1-rev199-1.21.0		2018-01-18T18:15:29Z	
v1-rev199-1.22.0		2018-01-18T18:14:44Z	
v1-rev199-1.23.0		2018-01-18T18:14:05Z	
v1-rev20-1.13.2-beta		2013-06-12T21:04:11Z	
v1-rev20-1.14.2-beta		2013-06-12T21:04:34Z	
v1-rev20-1.15.0-rc		2013-06-12T21:03:50Z	
v1-rev200-1.18.0-rc		2018-01-20T22:12:15Z	
v1-rev200-1.21.0		2018-01-21T01:15:05Z	
v1-rev200-1.22.0		2018-01-21T01:13:44Z	
v1-rev200-1.23.0		2018-01-20T22:13:37Z	
v1-rev201-1.18.0-rc		2018-01-23T01:38:04Z	
v1-rev201-1.21.0		2018-01-23T02:31:24Z	
v1-rev201-1.22.0		2018-01-23T03:17:23Z	
v1-rev201-1.23.0		2018-01-23T01:38:47Z	
v1-rev20180805-1.26.0		2018-10-22T00:48:06Z	
v1-rev20180805-1.27.0		2018-11-14T21:19:59Z	
v1-rev20180805-1.28.0		2019-01-18T01:46:05Z	
v1-rev20190521-1.26.0		2019-06-18T06:06:33Z	
v1-rev20190521-1.27.0		2019-06-18T06:08:27Z	
v1-rev20190521-1.28.0		2019-06-18T06:09:48Z	
v1-rev20190521-1.29.2		2019-06-26T20:48:07Z	
v1-rev20190521-1.30.1		2019-06-26T20:50:30Z	
v1-rev20190521-1.30.8		2020-02-12T14:37:58Z	
v1-rev202-1.18.0-rc		2018-01-23T16:12:57Z	
v1-rev202-1.21.0		2018-01-23T16:15:24Z	
v1-rev202-1.22.0		2018-01-23T16:14:33Z	
v1-rev202-1.23.0		2018-01-23T16:13:39Z	
v1-rev20200209-1.30.8		2020-02-12T23:59:38Z	
v1-rev20200212-1.30.8		2020-03-05T00:24:47Z	
v1-rev20200215-1.30.10		2020-07-11T00:43:20Z	
v1-rev20200215-1.30.9		2020-03-06T11:43:05Z	
v1-rev20200215-1.31.0		2020-12-05T11:12:48Z	
v1-rev203-1.18.0-rc		2018-01-24T20:21:14Z	
v1-rev203-1.21.0		2018-01-24T20:23:08Z	
v1-rev203-1.22.0		2018-01-24T20:22:28Z	
v1-rev203-1.23.0		2018-01-24T20:21:51Z	
v1-rev204-1.18.0-rc		2018-01-26T01:13:50Z	
v1-rev204-1.21.0		2018-01-26T00:10:45Z	
v1-rev204-1.22.0		2018-01-26T00:09:59Z	
v1-rev204-1.23.0		2018-01-26T00:09:27Z	
v1-rev206-1.18.0-rc		2018-01-31T15:21:07Z	
v1-rev206-1.21.0		2018-01-31T15:23:10Z	
v1-rev206-1.22.0		2018-01-31T15:22:28Z	
v1-rev206-1.23.0		2018-01-31T15:21:43Z	
v1-rev207-1.18.0-rc		2018-02-01T03:47:03Z	
v1-rev207-1.21.0		2018-02-01T04:44:47Z	
v1-rev207-1.22.0		2018-02-01T03:48:17Z	
v1-rev207-1.23.0		2018-02-01T03:47:39Z	
v1-rev209-1.18.0-rc		2018-02-05T18:14:07Z	
v1-rev209-1.21.0		2018-02-05T18:21:31Z	
v1-rev209-1.22.0		2018-02-05T18:19:52Z	
v1-rev209-1.23.0		2018-02-05T18:15:42Z	
v1-rev21-1.13.2-beta		2013-07-18T18:15:46Z	
v1-rev21-1.14.2-beta		2013-07-18T18:16:07Z	
v1-rev21-1.15.0-rc		2013-07-18T18:15:24Z	
v1-rev210-1.18.0-rc		2018-02-06T22:47:20Z	
v1-rev210-1.21.0		2018-02-06T20:58:37Z	
v1-rev210-1.22.0		2018-02-06T20:57:56Z	
v1-rev210-1.23.0		2018-02-06T20:57:18Z	
v1-rev211-1.18.0-rc		2018-02-07T22:59:50Z	
v1-rev211-1.21.0		2018-02-07T23:52:35Z	
v1-rev211-1.22.0		2018-02-07T23:51:58Z	
v1-rev211-1.23.0		2018-02-07T23:00:33Z	
v1-rev212-1.18.0-rc		2018-02-08T23:16:36Z	
v1-rev212-1.21.0		2018-02-08T20:39:12Z	
v1-rev212-1.22.0		2018-02-08T20:37:59Z	
v1-rev212-1.23.0		2018-02-08T20:37:18Z	
v1-rev213-1.18.0-rc		2018-02-13T18:53:15Z	
v1-rev213-1.21.0		2018-02-13T18:57:32Z	
v1-rev213-1.22.0		2018-02-13T18:55:21Z	
v1-rev213-1.23.0		2018-02-13T18:54:17Z	
v1-rev214-1.18.0-rc		2018-02-13T20:58:36Z	
v1-rev214-1.21.0		2018-02-13T21:01:12Z	
v1-rev214-1.22.0		2018-02-13T21:00:05Z	
v1-rev214-1.23.0		2018-02-13T20:59:15Z	
v1-rev215-1.18.0-rc		2018-02-15T03:40:35Z	
v1-rev215-1.21.0		2018-02-15T03:42:24Z	
v1-rev215-1.22.0		2018-02-15T03:41:48Z	
v1-rev215-1.23.0		2018-02-15T03:41:10Z	
v1-rev216-1.18.0-rc		2018-02-16T03:19:01Z	
v1-rev216-1.21.0		2018-02-16T02:24:30Z	
v1-rev216-1.22.0		2018-02-16T02:23:52Z	
v1-rev216-1.23.0		2018-02-16T02:22:54Z	
v1-rev217-1.18.0-rc		2018-02-20T03:10:44Z	
v1-rev217-1.21.0		2018-02-20T02:13:33Z	
v1-rev217-1.22.0		2018-02-20T02:12:52Z	
v1-rev217-1.23.0		2018-02-20T03:11:26Z	
v1-rev22-1.13.2-beta		2013-07-30T18:12:30Z	
v1-rev22-1.14.2-beta		2013-07-30T18:12:53Z	
v1-rev22-1.15.0-rc		2013-07-30T18:12:03Z	
v1-rev22-1.16.0-rc		2013-08-05T16:34:13Z	
v1-rev223-1.18.0-rc		2018-03-01T04:59:46Z	
v1-rev223-1.21.0		2018-03-01T05:56:16Z	
v1-rev223-1.22.0		2018-03-01T05:01:04Z	
v1-rev223-1.23.0		2018-03-01T05:55:29Z	
v1-rev224-1.18.0-rc		2018-03-02T01:49:22Z	
v1-rev224-1.21.0		2018-03-02T02:27:11Z	
v1-rev224-1.22.0		2018-03-02T02:25:29Z	
v1-rev224-1.23.0		2018-03-02T02:22:57Z	
v1-rev225-1.18.0-rc		2018-03-05T19:48:50Z	
v1-rev225-1.21.0		2018-03-05T19:51:16Z	
v1-rev225-1.22.0		2018-03-05T19:50:33Z	
v1-rev225-1.23.0		2018-03-05T19:49:32Z	
v1-rev226-1.18.0-rc		2018-03-06T22:32:33Z	
v1-rev226-1.21.0		2018-03-06T21:26:29Z	
v1-rev226-1.22.0		2018-03-06T21:25:51Z	
v1-rev226-1.23.0		2018-03-06T22:33:46Z	
v1-rev227-1.18.0-rc		2018-03-09T17:13:41Z	
v1-rev227-1.21.0		2018-03-09T17:17:41Z	
v1-rev227-1.22.0		2018-03-09T17:16:19Z	
v1-rev227-1.23.0		2018-03-09T17:15:25Z	
v1-rev229-1.18.0-rc		2018-03-12T19:20:23Z	
v1-rev229-1.21.0		2018-03-12T20:23:29Z	
v1-rev229-1.22.0		2018-03-12T20:22:22Z	
v1-rev229-1.23.0		2018-03-12T20:21:20Z	
v1-rev23-1.13.2-beta		2013-08-15T16:33:34Z	
v1-rev23-1.14.2-beta		2013-08-15T16:33:39Z	
v1-rev23-1.15.0-rc		2013-08-15T16:33:47Z	
v1-rev23-1.16.0-rc		2013-08-15T16:34:13Z	
v1-rev230-1.18.0-rc		2018-03-14T00:16:57Z	
v1-rev230-1.21.0		2018-03-14T00:19:24Z	
v1-rev230-1.22.0		2018-03-14T00:18:22Z	
v1-rev230-1.23.0		2018-03-14T00:17:38Z	
v1-rev231-1.18.0-rc		2018-03-14T17:27:35Z	
v1-rev231-1.21.0		2018-03-14T17:32:21Z	
v1-rev231-1.22.0		2018-03-14T17:29:58Z	
v1-rev231-1.23.0		2018-03-14T17:28:45Z	
v1-rev232-1.18.0-rc		2018-03-16T19:11:56Z	
v1-rev232-1.21.0		2018-03-17T01:13:43Z	
v1-rev232-1.22.0		2018-03-17T01:13:05Z	
v1-rev232-1.23.0		2018-03-16T19:12:53Z	
v1-rev233-1.18.0-rc		2018-03-20T23:20:51Z	
v1-rev233-1.21.0		2018-03-20T23:23:04Z	
v1-rev233-1.22.0		2018-03-20T23:22:16Z	
v1-rev233-1.23.0		2018-03-20T23:21:30Z	
v1-rev234-1.18.0-rc		2018-03-21T22:41:13Z	
v1-rev234-1.21.0		2018-03-21T20:22:35Z	
v1-rev234-1.22.0		2018-03-21T20:20:17Z	
v1-rev234-1.23.0		2018-03-21T20:19:16Z	
v1-rev235-1.18.0-rc		2018-03-22T21:29:44Z	
v1-rev235-1.21.0		2018-03-22T22:44:57Z	
v1-rev235-1.22.0		2018-03-22T21:31:42Z	
v1-rev235-1.23.0		2018-03-22T21:30:59Z	
v1-rev236-1.18.0-rc		2018-03-27T01:23:20Z	
v1-rev236-1.21.0		2018-03-27T01:27:12Z	
v1-rev236-1.22.0		2018-03-27T01:26:07Z	
v1-rev236-1.23.0		2018-03-27T01:24:30Z	
v1-rev237-1.18.0-rc		2018-03-27T20:47:42Z	
v1-rev237-1.21.0		2018-03-27T19:12:16Z	
v1-rev237-1.22.0		2018-03-27T19:11:19Z	
v1-rev237-1.23.0		2018-03-27T19:10:36Z	
v1-rev238-1.18.0-rc		2018-04-04T05:10:47Z	
v1-rev238-1.21.0		2018-04-04T04:41:23Z	
v1-rev238-1.22.0		2018-04-04T04:40:41Z	
v1-rev238-1.23.0		2018-04-04T04:40:01Z	
v1-rev239-1.18.0-rc		2018-04-05T17:13:34Z	
v1-rev239-1.21.0		2018-04-05T17:20:21Z	
v1-rev239-1.22.0		2018-04-05T17:17:57Z	
v1-rev239-1.23.0		2018-04-05T17:14:46Z	
v1-rev24-1.13.2-beta		2013-08-27T18:31:38Z	
v1-rev24-1.14.2-beta		2013-08-27T18:32:01Z	
v1-rev24-1.15.0-rc		2013-09-15T14:11:35Z	
v1-rev24-1.16.0-rc		2013-09-19T13:08:52Z	
v1-rev24-1.17.0-rc		2013-09-10T20:54:44Z	
v1-rev240-1.18.0-rc		2018-04-09T19:16:11Z	
v1-rev240-1.21.0		2018-04-09T18:11:00Z	
v1-rev240-1.22.0		2018-04-09T18:10:17Z	
v1-rev240-1.23.0		2018-04-09T19:17:45Z	
v1-rev241-1.18.0-rc		2018-04-10T22:45:55Z	
v1-rev241-1.21.0		2018-04-10T22:11:02Z	
v1-rev241-1.22.0		2018-04-10T22:08:44Z	
v1-rev241-1.23.0		2018-04-10T22:46:38Z	
v1-rev242-1.18.0-rc		2018-04-12T21:33:25Z	
v1-rev242-1.21.0		2018-04-12T21:37:03Z	
v1-rev242-1.22.0		2018-04-12T21:35:20Z	
v1-rev242-1.23.0		2018-04-12T21:34:19Z	
v1-rev243-1.18.0-rc		2018-04-18T00:13:07Z	
v1-rev243-1.21.0		2018-04-18T06:09:37Z	
v1-rev243-1.22.0		2018-04-18T00:14:30Z	
v1-rev243-1.23.0		2018-04-18T00:13:46Z	
v1-rev244-1.18.0-rc		2018-04-18T18:16:40Z	
v1-rev244-1.21.0		2018-04-18T18:21:29Z	
v1-rev244-1.22.0		2018-04-18T18:19:20Z	
v1-rev244-1.23.0		2018-04-18T18:17:30Z	
v1-rev245-1.18.0-rc		2018-04-19T22:15:40Z	
v1-rev245-1.21.0		2018-04-19T21:49:10Z	
v1-rev245-1.22.0		2018-04-19T21:47:52Z	
v1-rev245-1.23.0		2018-04-19T21:47:12Z	
v1-rev246-1.21.0		2018-04-23T22:14:07Z	
v1-rev246-1.22.0		2018-04-23T22:13:14Z	
v1-rev246-1.23.0		2018-04-23T22:12:17Z	
v1-rev247-1.18.0-rc		2018-04-25T16:54:43Z	
v1-rev247-1.21.0		2018-04-25T16:58:22Z	
v1-rev247-1.22.0		2018-04-25T16:57:27Z	
v1-rev247-1.23.0		2018-04-25T16:56:35Z	
v1-rev248-1.18.0-rc		2018-04-25T21:24:45Z	
v1-rev248-1.21.0		2018-04-25T21:32:13Z	
v1-rev248-1.22.0		2018-04-25T21:29:39Z	
v1-rev248-1.23.0		2018-04-25T21:26:42Z	
v1-rev249-1.18.0-rc		2018-04-26T20:12:46Z	
v1-rev249-1.21.0		2018-04-26T19:17:09Z	
v1-rev249-1.22.0		2018-04-26T19:16:13Z	
v1-rev249-1.23.0		2018-04-26T20:13:32Z	
v1-rev255-1.21.0		2018-05-03T23:36:24Z	
v1-rev257-1.18.0-rc		2018-05-03T23:33:44Z	
v1-rev257-1.22.0		2018-05-03T23:35:38Z	
v1-rev257-1.23.0		2018-05-03T23:34:45Z	
v1-rev258-1.18.0-rc		2018-05-07T18:19:03Z	
v1-rev258-1.21.0		2018-05-07T16:15:26Z	
v1-rev258-1.22.0		2018-05-07T16:14:19Z	
v1-rev258-1.23.0		2018-05-07T16:13:35Z	
v1-rev259-1.18.0-rc		2018-05-08T21:25:42Z	
v1-rev259-1.21.0		2018-05-08T20:26:18Z	
v1-rev259-1.22.0		2018-05-08T20:25:32Z	
v1-rev259-1.23.0		2018-05-08T21:26:28Z	
v1-rev260-1.18.0-rc		2018-05-14T20:09:57Z	
v1-rev260-1.21.0		2018-05-14T18:17:32Z	
v1-rev260-1.22.0		2018-05-14T18:16:30Z	
v1-rev260-1.23.0		2018-05-14T18:15:38Z	
v1-rev261-1.18.0-rc		2018-05-15T18:12:48Z	
v1-rev261-1.21.0		2018-05-15T18:15:08Z	
v1-rev261-1.22.0		2018-05-15T18:14:15Z	
v1-rev261-1.23.0		2018-05-15T18:13:33Z	
v1-rev262-1.18.0-rc		2018-05-16T21:32:43Z	
v1-rev262-1.21.0		2018-05-16T21:36:34Z	
v1-rev262-1.22.0		2018-05-16T21:34:55Z	
v1-rev262-1.23.0		2018-05-16T21:33:41Z	
v1-rev263-1.18.0-rc		2018-05-17T22:28:58Z	
v1-rev263-1.21.0		2018-05-17T22:31:52Z	
v1-rev263-1.22.0		2018-05-17T22:30:57Z	
v1-rev263-1.23.0		2018-05-17T22:30:13Z	
v1-rev264-1.18.0-rc		2018-05-22T18:10:15Z	
v1-rev264-1.21.0		2018-05-22T17:26:02Z	
v1-rev264-1.22.0		2018-05-22T17:23:05Z	
v1-rev264-1.23.0		2018-05-22T18:11:02Z	
v1-rev265-1.18.0-rc		2018-05-23T19:13:19Z	
v1-rev265-1.21.0		2018-05-23T18:18:48Z	
v1-rev265-1.22.0		2018-05-23T20:24:01Z	
v1-rev265-1.23.0		2018-05-23T18:17:40Z	
v1-rev266-1.18.0-rc		2018-05-28T20:09:15Z	
v1-rev266-1.21.0		2018-05-28T20:10:39Z	
v1-rev266-1.22.0		2018-05-28T20:09:56Z	
v1-rev266-1.23.0		2018-05-28T22:09:56Z	
v1-rev267-1.18.0-rc		2018-05-29T16:09:50Z	
v1-rev267-1.21.0		2018-05-29T14:12:21Z	
v1-rev267-1.22.0		2018-05-29T14:11:29Z	
v1-rev267-1.23.0		2018-05-29T14:10:41Z	
v1-rev268-1.18.0-rc		2018-05-30T23:21:28Z	
v1-rev268-1.21.0		2018-05-30T23:25:24Z	
v1-rev268-1.22.0		2018-05-30T23:23:57Z	
v1-rev268-1.23.0		2018-05-31T00:15:03Z	
v1-rev269-1.18.0-rc		2018-06-01T01:43:30Z	
v1-rev269-1.21.0		2018-05-31T22:39:27Z	
v1-rev269-1.22.0		2018-05-31T22:38:44Z	
v1-rev269-1.23.0		2018-05-31T23:32:31Z	
v1-rev273-1.18.0-rc		2018-06-07T01:12:58Z	
v1-rev273-1.21.0		2018-06-07T01:17:46Z	
v1-rev273-1.22.0		2018-06-07T01:15:22Z	
v1-rev273-1.23.0		2018-06-07T01:14:12Z	
v1-rev274-1.18.0-rc		2018-06-07T20:15:23Z	
v1-rev274-1.21.0		2018-06-07T20:18:32Z	
v1-rev274-1.22.0		2018-06-07T20:16:34Z	
v1-rev274-1.23.0		2018-06-07T21:29:03Z	
v1-rev275-1.18.0-rc		2018-06-12T01:57:23Z	
v1-rev275-1.21.0		2018-06-12T04:11:08Z	
v1-rev275-1.22.0		2018-06-12T01:13:44Z	
v1-rev275-1.23.0		2018-06-12T04:09:51Z	
v1-rev276-1.18.0-rc		2018-06-14T04:50:17Z	
v1-rev276-1.21.0		2018-06-14T04:54:08Z	
v1-rev276-1.22.0		2018-06-14T04:53:10Z	
v1-rev276-1.23.0		2018-06-14T04:52:02Z	
v1-rev277-1.18.0-rc		2018-07-07T10:10:53Z	
v1-rev277-1.21.0		2018-07-07T06:14:50Z	
v1-rev277-1.22.0		2018-07-07T09:12:19Z	
v1-rev277-1.23.0		2018-07-07T09:11:14Z	
v1-rev277-1.24.1		2018-08-03T07:37:13Z	
v1-rev278-1.18.0-rc		2018-08-11T00:54:53Z	
v1-rev278-1.22.0		2018-08-11T00:58:24Z	
v1-rev278-1.23.0		2018-08-11T00:55:50Z	
v1-rev278-1.24.1		2018-08-11T00:53:44Z	
v1-rev279-1.18.0-rc		2018-08-14T22:36:54Z	
v1-rev279-1.22.0		2018-08-14T22:40:05Z	
v1-rev279-1.23.0		2018-08-14T22:38:27Z	
v1-rev279-1.24.1		2018-08-14T22:35:54Z	
v1-rev280-1.18.0-rc		2018-08-15T23:24:22Z	
v1-rev282-1.18.0-rc		2018-08-20T16:26:17Z	
v1-rev282-1.22.0		2018-08-20T16:28:42Z	
v1-rev282-1.23.0		2018-08-20T16:27:27Z	
v1-rev282-1.24.1		2018-08-20T16:24:24Z	
v1-rev283-1.18.0-rc		2018-08-21T17:20:27Z	
v1-rev283-1.22.0		2018-08-21T16:18:48Z	
v1-rev283-1.23.0		2018-08-21T16:17:59Z	
v1-rev283-1.24.1		2018-08-21T18:22:53Z	
v1-rev284-1.22.0		2018-08-22T21:43:08Z	
v1-rev284-1.23.0		2018-08-22T21:40:43Z	
v1-rev284-1.24.1		2018-08-22T21:39:13Z	
v1-rev285-1.22.0		2018-08-23T17:25:04Z	
v1-rev285-1.23.0		2018-08-23T18:11:25Z	
v1-rev285-1.24.1		2018-08-23T20:24:24Z	
v1-rev285-1.25.0		2018-08-25T03:35:01Z	
v1-rev288-1.18.0-rc		2018-09-03T21:18:10Z	
v1-rev288-1.22.0		2018-09-03T15:17:42Z	
v1-rev288-1.23.0		2018-09-03T20:17:44Z	
v1-rev288-1.24.1		2018-09-03T15:15:48Z	
v1-rev288-1.25.0		2018-09-03T21:19:01Z	
v1-rev29-1.14.2-beta		2013-12-04T22:20:41Z	
v1-rev29-1.15.0-rc		2013-12-04T22:19:57Z	
v1-rev29-1.16.0-rc		2013-12-04T22:20:18Z	
v1-rev29-1.17.0-rc		2013-12-04T22:19:31Z	
v1-rev290-1.18.0-rc		2018-09-05T15:38:43Z	
v1-rev290-1.22.0		2018-09-05T15:53:00Z	
v1-rev290-1.23.0		2018-09-05T15:49:32Z	
v1-rev290-1.24.1		2018-09-05T15:34:43Z	
v1-rev290-1.25.0		2018-09-05T15:47:12Z	
v1-rev291-1.18.0-rc		2018-09-06T16:34:18Z	
v1-rev291-1.22.0		2018-09-06T16:37:33Z	
v1-rev291-1.23.0		2018-09-06T16:35:22Z	
v1-rev291-1.24.1		2018-09-06T17:29:14Z	
v1-rev291-1.25.0		2018-09-06T17:30:35Z	
v1-rev292-1.18.0-rc		2018-09-11T17:42:35Z	
v1-rev292-1.22.0		2018-09-11T17:46:07Z	
v1-rev292-1.23.0		2018-09-11T17:44:44Z	
v1-rev292-1.24.1		2018-09-11T17:41:34Z	
v1-rev292-1.25.0		2018-09-11T17:43:29Z	
v1-rev293-1.18.0-rc		2018-09-12T17:19:42Z	
v1-rev293-1.22.0		2018-09-12T17:22:43Z	
v1-rev293-1.23.0		2018-09-12T17:21:29Z	
v1-rev293-1.24.1		2018-09-12T17:18:31Z	
v1-rev293-1.25.0		2018-09-12T17:20:39Z	
v1-rev294-1.18.0-rc		2018-09-14T05:53:25Z	
v1-rev294-1.22.0		2018-09-14T05:57:44Z	
v1-rev294-1.23.0		2018-09-14T05:56:05Z	
v1-rev294-1.24.1		2018-09-14T05:51:30Z	
v1-rev294-1.25.0		2018-09-14T05:54:45Z	
v1-rev295-1.18.0-rc		2018-09-18T00:57:05Z	
v1-rev295-1.22.0		2018-09-18T00:59:09Z	
v1-rev295-1.23.0		2018-09-18T00:58:35Z	
v1-rev295-1.24.1		2018-09-18T00:56:23Z	
v1-rev295-1.25.0		2018-09-18T00:57:58Z	
v1-rev298-1.18.0-rc		2018-09-24T15:31:09Z	
v1-rev298-1.22.0		2018-09-24T15:32:35Z	
v1-rev298-1.23.0		2018-09-24T15:31:55Z	
v1-rev298-1.24.1		2018-09-24T17:17:55Z	
v1-rev298-1.25.0		2018-09-24T17:18:32Z	
v1-rev299-1.18.0-rc		2018-09-26T14:53:47Z	
v1-rev299-1.22.0		2018-09-26T16:30:31Z	
v1-rev299-1.23.0		2018-09-26T14:54:50Z	
v1-rev299-1.24.1		2018-09-26T16:29:19Z	
v1-rev299-1.25.0		2018-09-26T16:29:52Z	
v1-rev30-1.14.2-beta		2013-12-12T21:36:13Z	
v1-rev30-1.15.0-rc		2013-12-12T21:35:23Z	
v1-rev30-1.16.0-rc		2013-12-12T21:35:51Z	
v1-rev30-1.17.0-rc		2013-12-12T21:34:54Z	
v1-rev301-1.18.0-rc		2018-10-02T23:49:14Z	
v1-rev301-1.22.0		2018-10-02T23:51:01Z	
v1-rev301-1.23.0		2018-10-02T23:50:21Z	
v1-rev301-1.24.1		2018-10-02T23:48:41Z	
v1-rev301-1.25.0		2018-10-02T23:49:47Z	
v1-rev302-1.18.0-rc		2018-10-03T18:21:19Z	
v1-rev302-1.22.0		2018-10-03T16:45:42Z	
v1-rev302-1.23.0		2018-10-03T16:43:58Z	
v1-rev302-1.24.1		2018-10-03T18:20:40Z	
v1-rev302-1.25.0		2018-10-03T18:22:41Z	
v1-rev303-1.18.0-rc		2018-10-04T15:22:02Z	
v1-rev303-1.22.0		2018-10-04T15:23:49Z	
v1-rev303-1.23.0		2018-10-04T15:23:15Z	
v1-rev303-1.24.1		2018-10-04T16:18:41Z	
v1-rev303-1.25.0		2018-10-04T15:22:41Z	
v1-rev304-1.18.0-rc		2018-10-09T02:30:33Z	
v1-rev304-1.22.0		2018-10-09T01:00:48Z	
v1-rev304-1.23.0		2018-10-09T04:19:29Z	
v1-rev304-1.24.1		2018-10-09T03:30:37Z	
v1-rev304-1.25.0		2018-10-09T02:31:07Z	
v1-rev305-1.18.0-rc		2018-10-11T00:40:52Z	
v1-rev305-1.22.0		2018-10-11T00:42:32Z	
v1-rev305-1.23.0		2018-10-11T00:41:58Z	
v1-rev305-1.24.1		2018-10-11T00:40:19Z	
v1-rev305-1.25.0		2018-10-11T00:41:25Z	
v1-rev306-1.18.0-rc		2018-10-11T16:26:33Z	
v1-rev306-1.22.0		2018-10-11T17:23:55Z	
v1-rev306-1.23.0		2018-10-11T17:23:18Z	
v1-rev306-1.24.1		2018-10-11T17:21:45Z	
v1-rev306-1.25.0		2018-10-11T17:22:41Z	
v1-rev307-1.18.0-rc		2018-10-15T18:34:56Z	
v1-rev307-1.22.0		2018-10-15T18:37:31Z	
v1-rev307-1.23.0		2018-10-15T18:36:53Z	
v1-rev307-1.24.1		2018-10-15T18:34:07Z	
v1-rev307-1.25.0		2018-10-15T18:36:06Z	
v1-rev308-1.18.0-rc		2018-10-17T05:38:49Z	
v1-rev308-1.22.0		2018-10-17T05:40:55Z	
v1-rev308-1.23.0		2018-10-17T05:40:21Z	
v1-rev308-1.24.1		2018-10-17T05:38:09Z	
v1-rev308-1.25.0		2018-10-17T05:39:38Z	
v1-rev309-1.18.0-rc		2018-10-24T21:53:38Z	
v1-rev309-1.22.0		2018-10-24T21:56:45Z	
v1-rev309-1.23.0		2018-10-24T21:55:07Z	
v1-rev309-1.24.1		2018-10-24T21:53:02Z	
v1-rev309-1.25.0		2018-10-24T21:54:18Z	
v1-rev31-1.14.2-beta		2013-12-19T20:06:37Z	
v1-rev31-1.15.0-rc		2013-12-19T20:05:48Z	
v1-rev31-1.16.0-rc		2013-12-19T20:06:10Z	
v1-rev31-1.17.0-rc		2013-12-19T20:05:27Z	
v1-rev310-1.18.0-rc		2018-10-25T15:30:07Z	
v1-rev310-1.22.0		2018-10-25T15:31:56Z	
v1-rev310-1.23.0		2018-10-25T17:14:59Z	
v1-rev310-1.24.1		2018-10-25T17:13:42Z	
v1-rev310-1.25.0		2018-10-25T17:14:19Z	
v1-rev311-1.18.0-rc		2018-10-29T17:22:27Z	
v1-rev311-1.22.0		2018-10-29T17:24:10Z	
v1-rev311-1.23.0		2018-10-29T17:23:35Z	
v1-rev311-1.24.1		2018-10-29T15:56:56Z	
v1-rev311-1.25.0		2018-10-29T17:23:02Z	
v1-rev315-1.18.0-rc		2018-11-05T17:16:24Z	
v1-rev315-1.22.0		2018-11-05T16:28:44Z	
v1-rev315-1.23.0		2018-11-05T16:28:03Z	
v1-rev315-1.24.1		2018-11-05T19:18:53Z	
v1-rev315-1.25.0		2018-11-05T16:27:23Z	
v1-rev316-1.18.0-rc		2018-11-06T19:36:42Z	
v1-rev316-1.22.0		2018-11-06T20:51:35Z	
v1-rev316-1.23.0		2018-11-06T19:38:57Z	
v1-rev316-1.24.1		2018-11-06T19:36:04Z	
v1-rev316-1.25.0		2018-11-06T19:37:39Z	
v1-rev319-1.18.0-rc		2018-11-12T18:29:43Z	
v1-rev319-1.22.0		2018-11-12T17:23:02Z	
v1-rev319-1.23.0		2018-11-12T17:22:17Z	
v1-rev319-1.24.1		2018-11-12T18:28:48Z	
v1-rev319-1.25.0		2018-11-12T18:30:18Z	
v1-rev32-1.14.2-beta		2014-01-08T00:24:27Z	
v1-rev32-1.15.0-rc		2014-01-08T00:23:18Z	
v1-rev32-1.16.0-rc		2014-01-08T00:23:48Z	
v1-rev32-1.17.0-rc		2014-01-08T00:22:38Z	
v1-rev320-1.18.0-rc		2018-11-13T17:21:07Z	
v1-rev320-1.22.0		2018-11-13T16:56:40Z	
v1-rev320-1.23.0		2018-11-13T17:21:42Z	
v1-rev320-1.24.1		2018-11-13T16:54:15Z	
v1-rev320-1.25.0		2018-11-13T16:54:56Z	
v1-rev323-1.18.0-rc		2018-11-19T16:31:42Z	
v1-rev323-1.22.0		2018-11-19T19:25:13Z	
v1-rev323-1.23.0		2018-11-19T16:32:57Z	
v1-rev323-1.24.1		2018-11-19T16:31:05Z	
v1-rev323-1.25.0		2018-11-19T16:32:19Z	
v1-rev324-1.18.0-rc		2018-11-21T00:22:45Z	
v1-rev324-1.22.0		2018-11-20T23:15:59Z	
v1-rev324-1.23.0		2018-11-20T23:14:50Z	
v1-rev324-1.24.1		2018-11-21T00:21:54Z	
v1-rev324-1.25.0		2018-11-21T00:23:19Z	
v1-rev325-1.18.0-rc		2018-11-21T17:23:43Z	
v1-rev325-1.22.0		2018-11-21T16:21:12Z	
v1-rev325-1.23.0		2018-11-21T16:20:26Z	
v1-rev325-1.24.1		2018-11-21T19:27:30Z	
v1-rev325-1.25.0		2018-11-21T19:28:58Z	
v1-rev326-1.18.0-rc		2018-11-22T17:15:32Z	
v1-rev326-1.22.0		2018-11-22T17:17:33Z	
v1-rev326-1.23.0		2018-11-22T17:16:53Z	
v1-rev326-1.24.1		2018-11-22T17:14:25Z	
v1-rev326-1.25.0		2018-11-22T17:16:12Z	
v1-rev327-1.18.0-rc		2018-11-26T18:20:21Z	
v1-rev327-1.22.0		2018-11-26T17:25:05Z	
v1-rev327-1.23.0		2018-11-26T18:21:38Z	
v1-rev327-1.24.1		2018-11-26T18:19:45Z	
v1-rev327-1.25.0		2018-11-26T18:20:56Z	
v1-rev33-1.14.2-beta		2014-01-30T22:00:36Z	
v1-rev33-1.15.0-rc		2014-01-30T21:59:14Z	
v1-rev33-1.16.0-rc		2014-01-30T21:59:46Z	
v1-rev33-1.17.0-rc		2014-01-30T21:58:45Z	
v1-rev330-1.22.0		2018-12-03T16:19:35Z	
v1-rev330-1.23.0		2018-12-03T16:17:55Z	
v1-rev334-1.18.0-rc		2018-12-10T19:31:15Z	
v1-rev334-1.22.0		2018-12-10T18:36:30Z	
v1-rev334-1.23.0		2018-12-10T18:35:01Z	
v1-rev334-1.24.1		2018-12-10T19:30:40Z	
v1-rev334-1.25.0		2018-12-10T18:34:18Z	
v1-rev337-1.22.0		2018-12-17T18:12:48Z	
v1-rev337-1.24.1		2018-12-17T20:12:36Z	
v1-rev338-1.18.0-rc		2018-12-19T10:20:30Z	
v1-rev338-1.22.0		2018-12-19T13:15:24Z	
v1-rev338-1.23.0		2018-12-19T14:16:06Z	
v1-rev338-1.24.1		2018-12-19T10:19:45Z	
v1-rev338-1.25.0		2018-12-19T10:21:17Z	
v1-rev339-1.18.0-rc		2018-12-19T17:20:07Z	
v1-rev339-1.25.0		2018-12-19T17:21:50Z	
v1-rev34-1.14.2-beta		2014-02-24T19:09:05Z	
v1-rev34-1.15.0-rc		2014-02-24T19:08:07Z	
v1-rev34-1.16.0-rc		2014-02-24T19:08:37Z	
v1-rev34-1.17.0-rc		2014-02-24T19:07:39Z	
v1-rev35-1.14.2-beta		2014-03-12T02:55:18Z	
v1-rev35-1.15.0-rc		2014-03-12T02:54:09Z	
v1-rev35-1.16.0-rc		2014-03-12T02:54:48Z	
v1-rev35-1.17.0-rc		2014-03-19T01:18:22Z	
v1-rev355-1.18.0-rc		2019-02-15T03:52:00Z	
v1-rev355-1.22.0		2019-02-15T03:54:07Z	
v1-rev355-1.23.0		2019-02-15T03:53:30Z	
v1-rev355-1.24.1		2019-02-15T03:51:18Z	
v1-rev355-1.25.0		2019-02-15T03:52:51Z	
v1-rev356-1.18.0-rc		2019-02-18T18:50:35Z	
v1-rev356-1.22.0		2019-02-18T18:52:59Z	
v1-rev356-1.23.0		2019-02-18T18:52:13Z	
v1-rev356-1.24.1		2019-02-18T18:49:42Z	
v1-rev356-1.25.0		2019-02-18T18:51:20Z	
v1-rev357-1.18.0-rc		2019-02-19T17:11:08Z	
v1-rev357-1.22.0		2019-02-19T17:12:26Z	
v1-rev357-1.23.0		2019-02-19T17:11:48Z	
v1-rev357-1.24.1		2019-02-19T19:16:38Z	
v1-rev357-1.25.0		2019-02-19T19:17:54Z	
v1-rev358-1.18.0-rc		2019-02-21T07:32:45Z	
v1-rev358-1.22.0		2019-02-21T07:35:21Z	
v1-rev358-1.23.0		2019-02-21T07:34:40Z	
v1-rev358-1.24.1		2019-02-21T07:31:20Z	
v1-rev358-1.25.0		2019-02-21T09:50:30Z	
v1-rev359-1.18.0-rc		2019-02-21T19:34:13Z	
v1-rev359-1.22.0		2019-02-21T19:36:13Z	
v1-rev359-1.23.0		2019-02-21T19:35:36Z	
v1-rev359-1.24.1		2019-02-21T19:33:30Z	
v1-rev359-1.25.0		2019-02-21T19:34:58Z	
v1-rev36-1.14.2-beta		2014-03-26T06:14:13Z	
v1-rev36-1.15.0-rc		2014-03-26T06:10:33Z	
v1-rev36-1.16.0-rc		2014-03-26T06:13:01Z	
v1-rev36-1.17.0-rc		2014-03-26T06:08:02Z	
v1-rev36-1.18.0-rc		2014-04-02T21:40:17Z	
v1-rev360-1.18.0-rc		2019-02-26T00:42:26Z	
v1-rev360-1.22.0		2019-02-26T00:44:15Z	
v1-rev360-1.23.0		2019-02-26T00:43:37Z	
v1-rev360-1.24.1		2019-02-26T00:41:47Z	
v1-rev360-1.25.0		2019-02-26T00:43:02Z	
v1-rev361-1.18.0-rc		2019-02-27T03:35:40Z	
v1-rev361-1.22.0		2019-02-27T03:36:30Z	
v1-rev361-1.23.0		2019-02-27T14:44:17Z	
v1-rev361-1.24.1		2019-02-27T14:39:11Z	
v1-rev361-1.25.0		2019-02-27T14:42:45Z	
v1-rev362-1.18.0-rc		2019-02-28T17:26:41Z	
v1-rev362-1.22.0		2019-02-28T17:30:02Z	
v1-rev362-1.23.0		2019-02-28T17:28:41Z	
v1-rev362-1.24.1		2019-02-28T17:26:03Z	
v1-rev362-1.25.0		2019-02-28T17:27:19Z	
v1-rev363-1.18.0-rc		2019-02-28T21:13:26Z	
v1-rev363-1.22.0		2019-02-28T21:14:18Z	
v1-rev363-1.23.0		2019-03-01T00:35:09Z	
v1-rev363-1.24.1		2019-03-01T00:32:21Z	
v1-rev363-1.25.0		2019-03-01T00:34:06Z	
v1-rev364-1.18.0-rc		2019-03-06T00:31:38Z	
v1-rev364-1.22.0		2019-03-06T00:32:56Z	
v1-rev364-1.23.0		2019-03-06T00:32:19Z	
v1-rev364-1.24.1		2019-03-06T01:31:11Z	
v1-rev364-1.25.0		2019-03-06T01:31:57Z	
v1-rev365-1.18.0-rc		2019-03-07T01:25:38Z	
v1-rev365-1.22.0		2019-03-06T22:21:53Z	
v1-rev365-1.23.0		2019-03-06T22:19:59Z	
v1-rev365-1.24.1		2019-03-07T01:24:50Z	
v1-rev365-1.25.0		2019-03-07T01:26:33Z	
v1-rev367-1.18.0-rc		2019-03-11T20:26:12Z	
v1-rev367-1.22.0		2019-03-11T20:27:40Z	
v1-rev367-1.23.0		2019-03-11T21:32:12Z	
v1-rev367-1.24.1		2019-03-11T22:38:00Z	
v1-rev367-1.25.0		2019-03-11T20:27:04Z	
v1-rev368-1.18.0-rc		2019-03-13T20:25:24Z	
v1-rev368-1.22.0		2019-03-13T20:27:14Z	
v1-rev368-1.23.0		2019-03-13T20:26:07Z	
v1-rev368-1.24.1		2019-03-13T20:24:40Z	
v1-rev369-1.18.0-rc		2019-03-15T01:56:38Z	
v1-rev369-1.22.0		2019-03-15T01:58:36Z	
v1-rev369-1.23.0		2019-03-15T01:57:58Z	
v1-rev369-1.24.1		2019-03-15T05:38:49Z	
v1-rev369-1.25.0		2019-03-15T01:57:16Z	
v1-rev37-1.14.2-beta		2014-04-09T02:06:14Z	
v1-rev37-1.15.0-rc		2014-04-09T02:01:35Z	
v1-rev37-1.16.0-rc		2014-04-09T02:03:03Z	
v1-rev37-1.17.0-rc		2014-04-09T02:00:12Z	
v1-rev37-1.18.0-rc		2014-04-09T02:04:54Z	
v1-rev370-1.18.0-rc		2019-03-18T19:15:20Z	
v1-rev370-1.22.0		2019-03-18T20:20:05Z	
v1-rev370-1.23.0		2019-03-18T22:15:57Z	
v1-rev370-1.24.1		2019-03-18T23:18:39Z	
v1-rev370-1.25.0		2019-03-18T22:14:43Z	
v1-rev371-1.18.0-rc		2019-03-19T21:33:53Z	
v1-rev371-1.22.0		2019-03-19T22:43:10Z	
v1-rev371-1.23.0		2019-03-19T21:38:53Z	
v1-rev371-1.24.1		2019-03-19T22:41:00Z	
v1-rev371-1.25.0		2019-03-19T21:36:26Z	
v1-rev375-1.18.0-rc		2019-03-22T18:52:41Z	
v1-rev375-1.22.0		2019-03-22T18:54:35Z	
v1-rev375-1.23.0		2019-03-22T18:53:56Z	
v1-rev375-1.24.1		2019-03-22T18:52:04Z	
v1-rev375-1.25.0		2019-03-22T18:53:19Z	
v1-rev376-1.18.0-rc		2019-03-25T18:13:24Z	
v1-rev376-1.22.0		2019-03-25T18:16:06Z	
v1-rev376-1.23.0		2019-03-25T18:14:59Z	
v1-rev376-1.24.1		2019-03-25T19:13:36Z	
v1-rev376-1.25.0		2019-03-25T20:43:27Z	
v1-rev377-1.18.0-rc		2019-03-26T21:15:08Z	
v1-rev377-1.22.0		2019-03-26T21:17:44Z	
v1-rev377-1.23.0		2019-03-26T21:16:21Z	
v1-rev377-1.24.1		2019-03-26T22:31:37Z	
v1-rev377-1.25.0		2019-03-27T00:34:25Z	
v1-rev378-1.18.0-rc		2019-03-29T17:50:48Z	
v1-rev378-1.22.0		2019-03-29T18:38:13Z	
v1-rev378-1.23.0		2019-03-29T17:52:32Z	
v1-rev378-1.24.1		2019-03-29T17:50:10Z	
v1-rev378-1.25.0		2019-03-29T17:51:26Z	
v1-rev379-1.18.0-rc		2019-04-06T07:20:36Z	
v1-rev379-1.24.1		2019-04-06T07:19:54Z	
v1-rev379-1.25.0		2019-04-06T07:21:13Z	
v1-rev38-1.14.2-beta		2014-04-17T00:39:00Z	
v1-rev38-1.15.0-rc		2014-04-17T00:37:20Z	
v1-rev38-1.16.0-rc		2014-04-17T00:37:52Z	
v1-rev38-1.17.0-rc		2014-04-17T00:36:49Z	
v1-rev38-1.18.0-rc		2014-04-17T00:38:24Z	
v1-rev380-1.18.0-rc		2019-04-09T22:19:48Z	
v1-rev380-1.22.0		2019-04-09T20:15:17Z	
v1-rev380-1.23.0		2019-04-09T20:14:02Z	
v1-rev380-1.24.1		2019-04-10T00:55:37Z	
v1-rev380-1.25.0		2019-04-10T00:56:56Z	
v1-rev381-1.18.0-rc		2019-04-10T21:14:11Z	
v1-rev381-1.22.0		2019-04-10T21:15:08Z	
v1-rev381-1.23.0		2019-04-10T23:24:24Z	
v1-rev381-1.24.1		2019-04-10T23:23:17Z	
v1-rev381-1.25.0		2019-04-11T00:15:43Z	
v1-rev382-1.18.0-rc		2019-04-15T22:27:47Z	
v1-rev382-1.22.0		2019-04-15T21:36:05Z	
v1-rev382-1.23.0		2019-04-16T13:21:52Z	
v1-rev382-1.24.1		2019-04-16T13:20:33Z	
v1-rev382-1.25.0		2019-04-16T13:21:13Z	
v1-rev383-1.18.0-rc		2019-04-17T00:26:59Z	
v1-rev383-1.22.0		2019-04-16T21:16:15Z	
v1-rev383-1.23.0		2019-04-17T00:27:36Z	
v1-rev383-1.24.1		2019-04-17T00:26:21Z	
v1-rev383-1.25.0		2019-04-17T05:57:18Z	
v1-rev384-1.24.1		2019-04-24T03:37:02Z	
v1-rev385-1.18.0-rc		2019-04-25T19:40:09Z	
v1-rev385-1.22.0		2019-04-25T19:42:45Z	
v1-rev385-1.23.0		2019-04-25T19:42:00Z	
v1-rev385-1.24.1		2019-04-25T19:38:58Z	
v1-rev385-1.25.0		2019-04-25T19:40:55Z	
v1-rev386-1.18.0-rc		2019-04-25T22:19:38Z	
v1-rev386-1.22.0		2019-04-25T23:35:25Z	
v1-rev386-1.23.0		2019-04-25T21:16:57Z	
v1-rev386-1.24.1		2019-04-26T01:32:14Z	
v1-rev386-1.25.0		2019-04-26T01:32:53Z	
v1-rev387-1.18.0-rc		2019-04-29T21:24:17Z	
v1-rev387-1.22.0		2019-04-29T18:16:38Z	
v1-rev387-1.23.0		2019-04-29T21:25:05Z	
v1-rev387-1.24.1		2019-04-29T21:22:53Z	
v1-rev387-1.25.0		2019-04-29T22:17:56Z	
v1-rev388-1.18.0-rc		2019-05-02T21:24:31Z	
v1-rev388-1.22.0		2019-05-02T20:25:14Z	
v1-rev388-1.23.0		2019-05-02T23:43:08Z	
v1-rev388-1.24.1		2019-05-02T23:40:19Z	
v1-rev388-1.25.0		2019-05-02T23:41:50Z	
v1-rev389-1.18.0-rc		2019-05-06T22:45:46Z	
v1-rev389-1.22.0		2019-05-06T22:47:02Z	
v1-rev389-1.23.0		2019-05-06T22:46:24Z	
v1-rev389-1.24.1		2019-05-06T22:45:02Z	
v1-rev389-1.25.0		2019-05-07T00:32:56Z	
v1-rev39-1.14.2-beta		2014-04-29T19:51:42Z	
v1-rev39-1.15.0-rc		2014-04-29T19:49:00Z	
v1-rev39-1.16.0-rc		2014-04-29T19:49:54Z	
v1-rev39-1.17.0-rc		2014-04-29T19:48:12Z	
v1-rev39-1.18.0-rc		2014-04-29T19:50:59Z	
v1-rev390-1.18.0-rc		2019-05-09T05:58:21Z	
v1-rev390-1.22.0		2019-05-09T01:38:39Z	
v1-rev390-1.23.0		2019-05-09T01:37:58Z	
v1-rev390-1.24.1		2019-05-09T05:57:32Z	
v1-rev390-1.25.0		2019-05-09T05:59:27Z	
v1-rev391-1.18.0-rc		2019-05-09T23:29:57Z	
v1-rev391-1.22.0		2019-05-09T22:21:12Z	
v1-rev391-1.23.0		2019-05-09T22:17:51Z	
v1-rev391-1.24.1		2019-05-10T02:50:32Z	
v1-rev391-1.25.0		2019-05-09T22:15:46Z	
v1-rev392-1.18.0-rc		2019-05-13T19:44:37Z	
v1-rev392-1.22.0		2019-05-13T19:47:18Z	
v1-rev392-1.23.0		2019-05-13T19:46:36Z	
v1-rev392-1.24.1		2019-05-13T21:56:18Z	
v1-rev392-1.25.0		2019-05-13T19:45:39Z	
v1-rev393-1.18.0-rc		2019-05-15T11:44:35Z	
v1-rev393-1.25.0		2019-05-15T11:46:24Z	
v1-rev396-1.18.0-rc		2019-05-21T21:10:27Z	
v1-rev396-1.25.0		2019-05-21T21:11:05Z	
v1-rev398-1.18.0-rc		2019-05-22T16:05:43Z	
v1-rev398-1.25.0		2019-05-22T12:17:42Z	
v1-rev399-1.18.0-rc		2019-05-23T16:06:15Z	
v1-rev399-1.25.0		2019-05-23T13:06:02Z	
v1-rev40-1.14.2-beta		2014-05-22T23:54:42Z	
v1-rev40-1.15.0-rc		2014-05-22T23:52:27Z	
v1-rev40-1.16.0-rc		2014-05-22T23:53:28Z	
v1-rev40-1.17.0-rc		2014-05-22T23:51:27Z	
v1-rev40-1.18.0-rc		2014-05-20T01:24:13Z	
v1-rev400-1.18.0-rc		2019-05-27T21:06:10Z	
v1-rev400-1.25.0		2019-05-27T21:06:53Z	
v1-rev401-1.18.0-rc		2019-05-28T19:10:56Z	
v1-rev401-1.25.0		2019-05-28T22:18:25Z	
v1-rev402-1.18.0-rc		2019-06-03T14:14:21Z	
v1-rev402-1.25.0		2019-06-03T14:15:05Z	
v1-rev403-1.18.0-rc		2019-06-05T14:29:55Z	
v1-rev403-1.25.0		2019-06-05T14:33:46Z	
v1-rev404-1.18.0-rc		2019-06-06T17:13:44Z	
v1-rev404-1.25.0		2019-06-06T17:15:10Z	
v1-rev408-1.18.0-rc		2019-06-17T16:06:32Z	
v1-rev408-1.25.0		2019-06-17T16:09:19Z	
v1-rev41-1.14.2-beta		2014-07-07T19:46:53Z	
v1-rev41-1.15.0-rc		2014-07-07T19:44:14Z	
v1-rev41-1.16.0-rc		2014-07-07T19:44:59Z	
v1-rev41-1.17.0-rc		2014-07-07T19:43:33Z	
v1-rev41-1.18.0-rc		2014-07-07T19:45:48Z	
v1-rev411-1.18.0-rc		2019-06-24T18:07:12Z	
v1-rev411-1.25.0		2019-06-24T18:07:51Z	
v1-rev413-1.18.0-rc		2019-06-27T22:06:22Z	
v1-rev413-1.25.0		2019-06-28T00:06:01Z	
v1-rev414-1.18.0-rc		2019-07-01T18:05:03Z	
v1-rev414-1.25.0		2019-07-01T20:06:06Z	
v1-rev415-1.25.0		2019-07-03T12:09:35Z	
v1-rev417-1.25.0		2019-07-04T18:10:22Z	
v1-rev418-1.18.0-rc		2019-07-08T17:05:24Z	
v1-rev418-1.25.0		2019-07-08T19:08:11Z	
v1-rev42-1.14.2-beta		2014-07-16T21:46:19Z	
v1-rev42-1.15.0-rc		2014-07-16T21:44:58Z	
v1-rev42-1.16.0-rc		2014-07-16T21:45:20Z	
v1-rev42-1.17.0-rc		2014-07-16T21:44:29Z	
v1-rev42-1.18.0-rc		2014-07-16T21:45:50Z	
v1-rev421-1.18.0-rc		2019-07-13T04:05:50Z	
v1-rev421-1.25.0		2019-07-13T04:07:02Z	
v1-rev422-1.18.0-rc		2019-07-15T18:05:06Z	
v1-rev422-1.25.0		2019-07-15T19:05:15Z	
v1-rev423-1.18.0-rc		2019-07-16T22:08:18Z	
v1-rev423-1.25.0		2019-07-16T23:35:51Z	
v1-rev424-1.18.0-rc		2019-07-17T22:10:25Z	
v1-rev424-1.25.0		2019-07-17T20:53:01Z	
v1-rev426-1.18.0-rc		2019-07-22T21:09:46Z	
v1-rev426-1.25.0		2019-07-22T21:11:20Z	
v1-rev428-1.25.0		2019-07-24T16:05:22Z	
v1-rev429-1.18.0-rc		2019-07-27T02:06:31Z	
v1-rev429-1.25.0		2019-07-27T03:35:47Z	
v1-rev43-1.15.0-rc		2014-07-24T18:03:52Z	
v1-rev43-1.16.0-rc		2014-07-24T18:04:11Z	
v1-rev43-1.17.0-rc		2014-07-24T18:03:33Z	
v1-rev43-1.18.0-rc		2014-07-24T18:04:30Z	
v1-rev43-1.19.0		2014-07-25T21:32:45Z	
v1-rev431-1.18.0-rc		2019-08-01T05:05:49Z	
v1-rev431-1.25.0		2019-08-01T02:05:39Z	
v1-rev436-1.18.0-rc		2019-08-12T19:05:50Z	
v1-rev436-1.25.0		2019-08-12T19:06:46Z	
v1-rev44-1.15.0-rc		2014-09-04T00:49:56Z	
v1-rev44-1.16.0-rc		2014-09-04T00:51:48Z	
v1-rev44-1.17.0-rc		2014-09-04T00:47:55Z	
v1-rev44-1.18.0-rc		2014-09-20T11:09:15Z	
v1-rev44-1.19.0		2014-09-04T00:54:50Z	
v1-rev440-1.25.0		2019-08-19T20:06:13Z	
v1-rev443-1.18.0-rc		2019-08-26T22:05:35Z	
v1-rev443-1.25.0		2019-08-26T22:06:44Z	
v1-rev447-1.18.0-rc		2019-09-05T01:08:27Z	
v1-rev447-1.25.0		2019-09-05T01:09:51Z	
v1-rev45-1.15.0-rc		2014-10-08T01:21:22Z	
v1-rev45-1.16.0-rc		2014-10-08T01:21:53Z	
v1-rev45-1.17.0-rc		2014-10-08T01:21:02Z	
v1-rev45-1.18.0-rc		2014-10-08T01:22:13Z	
v1-rev45-1.19.0		2014-10-08T01:22:37Z	
v1-rev46-1.15.0-rc		2014-10-21T22:35:26Z	
v1-rev46-1.16.0-rc		2014-10-09T05:40:46Z	
v1-rev46-1.17.0-rc		2014-10-09T05:39:43Z	
v1-rev46-1.18.0-rc		2014-10-09T05:41:17Z	
v1-rev46-1.19.0		2014-10-09T05:41:54Z	
v1-rev47-1.15.0-rc		2014-11-21T00:44:02Z	
v1-rev47-1.16.0-rc		2014-11-21T00:44:48Z	
v1-rev47-1.17.0-rc		2014-11-21T00:43:25Z	
v1-rev47-1.18.0-rc		2014-11-21T00:45:42Z	
v1-rev47-1.19.0		2014-11-21T00:46:26Z	
v1-rev470-1.18.0-rc		2019-11-07T06:24:50Z	
v1-rev470-1.25.0		2019-11-07T06:25:42Z	
v1-rev471-1.18.0-rc		2019-11-07T20:07:08Z	
v1-rev471-1.25.0		2019-11-07T22:07:30Z	
v1-rev472-1.18.0-rc		2019-11-11T22:07:42Z	
v1-rev472-1.25.0		2019-11-12T03:14:06Z	
v1-rev473-1.18.0-rc		2019-11-12T21:10:09Z	
v1-rev473-1.25.0		2019-11-12T22:13:31Z	
v1-rev474-1.18.0-rc		2019-11-13T14:09:46Z	
v1-rev474-1.25.0		2019-11-13T15:09:53Z	
v1-rev475-1.18.0-rc		2019-11-15T00:14:19Z	
v1-rev475-1.25.0		2019-11-14T23:05:46Z	
v1-rev477-1.18.0-rc		2020-01-31T06:05:53Z	
v1-rev477-1.25.0		2020-01-31T06:06:53Z	
v1-rev478-1.18.0-rc		2020-02-03T22:50:00Z	
v1-rev478-1.25.0		2020-02-03T22:52:49Z	
v1-rev479-1.18.0-rc		2020-02-04T23:46:38Z	
v1-rev479-1.25.0		2020-02-04T23:48:59Z	
v1-rev48-1.15.0-rc		2014-11-25T14:05:01Z	
v1-rev48-1.16.0-rc		2014-11-25T14:05:22Z	
v1-rev48-1.17.0-rc		2014-11-25T14:35:03Z	
v1-rev48-1.18.0-rc		2014-11-25T14:05:53Z	
v1-rev48-1.19.0		2014-11-25T14:06:13Z	
v1-rev48-1.19.1		2015-01-06T01:56:09Z	
v1-rev480-1.18.0-rc		2020-02-06T06:56:23Z	
v1-rev480-1.25.0		2020-02-06T06:57:39Z	
v1-rev481-1.18.0-rc		2020-02-06T17:36:57Z	
v1-rev481-1.25.0		2020-02-06T17:39:35Z	
v1-rev482-1.18.0-rc		2020-02-12T01:49:50Z	
v1-rev482-1.25.0		2020-02-12T03:48:35Z	
v1-rev483-1.18.0-rc		2020-02-12T21:29:25Z	
v1-rev483-1.25.0		2020-02-12T22:23:24Z	
v1-rev484-1.18.0-rc		2020-02-13T17:38:26Z	
v1-rev484-1.25.0		2020-02-13T19:08:15Z	
v1-rev485-1.18.0-rc		2020-02-17T21:07:23Z	
v1-rev485-1.25.0		2020-02-17T22:07:53Z	
v1-rev486-1.18.0-rc		2020-02-20T23:05:42Z	
v1-rev486-1.25.0		2020-02-20T23:06:37Z	
v1-rev488-1.18.0-rc		2020-02-26T05:46:50Z	
v1-rev488-1.25.0		2020-02-26T05:47:45Z	
v1-rev489-1.18.0-rc		2020-02-27T11:56:31Z	
v1-rev489-1.25.0		2020-02-27T12:37:00Z	
v1-rev49-1.17.0-rc		2015-02-17T19:35:04Z	
v1-rev49-1.18.0-rc		2015-02-17T19:35:36Z	
v1-rev49-1.19.0		2015-02-17T19:36:29Z	
v1-rev49-1.19.1		2015-02-17T19:36:07Z	
v1-rev490-1.18.0-rc		2020-02-27T22:40:33Z	
v1-rev490-1.25.0		2020-02-27T22:41:18Z	
v1-rev491-1.18.0-rc		2020-03-02T19:05:52Z	
v1-rev491-1.25.0		2020-03-02T19:07:04Z	
v1-rev492-1.18.0-rc		2020-03-03T17:44:29Z	
v1-rev492-1.25.0		2020-03-03T16:40:43Z	
v1-rev493-1.18.0-rc		2020-03-04T21:41:52Z	
v1-rev493-1.25.0		2020-03-04T23:33:02Z	
v1-rev494-1.18.0-rc		2020-03-05T17:09:45Z	
v1-rev494-1.25.0		2020-03-05T17:10:53Z	
v1-rev495-1.18.0-rc		2020-03-09T17:09:21Z	
v1-rev495-1.25.0		2020-03-09T17:10:23Z	
v1-rev496-1.18.0-rc		2020-03-10T17:08:46Z	
v1-rev496-1.25.0		2020-03-10T17:09:30Z	
v1-rev497-1.18.0-rc		2020-03-11T18:09:49Z	
v1-rev497-1.25.0		2020-03-11T18:11:07Z	
v1-rev498-1.18.0-rc		2020-03-12T19:13:51Z	
v1-rev498-1.25.0		2020-03-12T19:15:01Z	
v1-rev499-1.18.0-rc		2020-03-16T19:06:09Z	
v1-rev499-1.25.0		2020-03-16T18:08:38Z	
v1-rev50-1.17.0-rc		2015-02-27T15:04:58Z	
v1-rev50-1.18.0-rc		2015-02-27T15:05:30Z	
v1-rev50-1.19.0		2015-02-27T15:06:33Z	
v1-rev50-1.19.1		2015-02-27T15:06:02Z	
v1-rev501-1.18.0-rc		2020-03-19T07:36:26Z	
v1-rev501-1.25.0		2020-03-19T08:31:47Z	
v1-rev502-1.18.0-rc		2020-03-19T15:11:33Z	
v1-rev502-1.25.0		2020-03-19T16:44:09Z	
v1-rev503-1.18.0-rc		2020-03-23T14:06:32Z	
v1-rev503-1.25.0		2020-03-23T14:07:22Z	
v1-rev508-1.18.0-rc		2020-04-01T22:06:51Z	
v1-rev508-1.25.0		2020-04-01T22:07:24Z	
v1-rev51-1.17.0-rc		2015-03-16T18:35:01Z	
v1-rev51-1.18.0-rc		2015-06-11T09:44:52Z	
v1-rev51-1.19.0		2015-04-23T19:34:01Z	
v1-rev51-1.19.1		2015-03-16T18:35:35Z	
v1-rev51-1.20.0		2015-05-19T20:40:03Z	
v1-rev510-1.18.0-rc		2020-04-06T15:06:40Z	
v1-rev510-1.25.0		2020-04-06T15:39:34Z	
v1-rev514-1.18.0-rc		2020-04-21T22:07:51Z	
v1-rev514-1.25.0		2020-04-21T22:08:45Z	
v1-rev515-1.18.0-rc		2020-04-22T15:07:18Z	
v1-rev515-1.25.0		2020-04-22T15:37:57Z	
v1-rev516-1.25.0		2020-04-23T17:06:12Z	
v1-rev517-1.18.0-rc		2020-04-27T11:36:41Z	
v1-rev517-1.25.0		2020-04-27T11:37:14Z	
v1-rev519-1.18.0-rc		2020-04-30T05:37:28Z	
v1-rev519-1.25.0		2020-04-30T05:38:52Z	
v1-rev52-1.18.0-rc		2015-08-14T07:08:06Z	
v1-rev52-1.19.0		2015-08-09T06:07:29Z	
v1-rev52-1.19.1		2015-08-16T20:36:18Z	
v1-rev52-1.20.0		2015-06-30T12:08:54Z	
v1-rev520-1.18.0-rc		2020-05-04T12:09:52Z	
v1-rev520-1.25.0		2020-05-04T12:11:20Z	
v1-rev521-1.18.0-rc		2020-05-06T01:08:51Z	
v1-rev521-1.25.0		2020-05-06T01:09:29Z	
v1-rev525-1.25.0		2020-05-13T19:38:08Z	
v1-rev53-1.18.0-rc		2015-09-21T18:17:39Z	
v1-rev53-1.19.0		2015-09-21T18:18:14Z	
v1-rev53-1.19.1		2015-09-21T18:17:57Z	
v1-rev53-1.20.0		2015-11-20T16:41:40Z	
v1-rev53-1.21.0		2015-11-21T01:19:51Z	
v1-rev54-1.18.0-rc		2015-12-14T13:10:25Z	
v1-rev54-1.19.1		2015-12-14T13:10:44Z	
v1-rev54-1.20.0		2015-12-14T13:09:59Z	
v1-rev54-1.21.0		2015-12-14T13:09:39Z	
v1-rev55-1.18.0-rc		2016-01-12T03:22:27Z	
v1-rev55-1.19.1		2016-01-12T03:22:45Z	
v1-rev55-1.20.0		2016-01-12T03:22:09Z	
v1-rev55-1.21.0		2016-01-21T13:09:31Z	
v1-rev56-1.18.0-rc		2016-02-04T16:39:17Z	
v1-rev56-1.19.1		2016-02-04T16:40:08Z	
v1-rev56-1.20.0		2016-02-04T16:38:36Z	
v1-rev56-1.21.0		2016-02-04T18:07:07Z	
v1-rev57-1.18.0-rc		2016-02-11T08:24:22Z	
v1-rev57-1.19.1		2016-02-11T08:41:32Z	
v1-rev57-1.20.0		2016-02-11T08:23:58Z	
v1-rev57-1.21.0		2016-02-11T08:23:39Z	
v1-rev58-1.18.0-rc		2016-03-01T16:38:24Z	
v1-rev58-1.19.1		2016-03-20T08:36:22Z	
v1-rev58-1.20.0		2016-03-01T16:38:03Z	
v1-rev58-1.21.0		2016-03-01T16:37:42Z	
v1-rev59-1.18.0-rc		2016-04-27T09:28:12Z	
v1-rev59-1.19.1		2016-04-27T09:28:57Z	
v1-rev59-1.20.0		2016-04-27T09:27:24Z	
v1-rev59-1.21.0		2016-04-26T23:11:03Z	
v1-rev59-1.22.0		2016-05-07T00:19:39Z	
v1-rev60-1.18.0-rc		2016-05-13T19:42:48Z	
v1-rev60-1.20.0		2016-05-13T19:42:29Z	
v1-rev60-1.21.0		2016-05-13T19:43:29Z	
v1-rev60-1.22.0		2016-05-13T19:43:09Z	
v1-rev61-1.18.0-rc		2016-05-18T13:23:00Z	
v1-rev61-1.20.0		2016-05-18T13:22:26Z	
v1-rev61-1.21.0		2016-05-18T13:24:12Z	
v1-rev61-1.22.0		2016-05-18T13:23:40Z	
v1-rev63-1.18.0-rc		2016-11-03T22:30:29Z	
v1-rev63-1.20.0		2016-11-03T22:29:53Z	
v1-rev63-1.21.0		2016-11-03T22:31:49Z	
v1-rev63-1.22.0		2016-11-03T22:31:13Z	
v1-rev64-1.18.0-rc		2016-11-07T11:09:21Z	
v1-rev64-1.20.0		2016-11-07T11:08:43Z	
v1-rev64-1.21.0		2016-11-07T11:10:38Z	
v1-rev64-1.22.0		2016-11-07T11:10:05Z	
v1-rev65-1.18.0-rc		2016-11-09T15:12:54Z	
v1-rev65-1.20.0		2016-11-09T15:12:10Z	
v1-rev65-1.21.0		2016-11-09T15:15:20Z	
v1-rev65-1.22.0		2016-11-09T15:14:17Z	
v1-rev66-1.18.0-rc		2016-11-10T14:40:33Z	
v1-rev66-1.20.0		2016-11-10T14:39:41Z	
v1-rev66-1.21.0		2016-11-10T14:41:49Z	
v1-rev66-1.22.0		2016-11-10T14:41:11Z	
v1-rev67-1.18.0-rc		2016-11-11T14:39:45Z	
v1-rev67-1.20.0		2016-11-11T14:38:58Z	
v1-rev67-1.21.0		2016-11-11T14:40:57Z	
v1-rev67-1.22.0		2016-11-11T14:40:22Z	
v1-rev68-1.18.0-rc		2016-11-14T14:38:37Z	
v1-rev68-1.20.0		2016-11-14T15:09:57Z	
v1-rev68-1.21.0		2016-11-14T14:40:05Z	
v1-rev68-1.22.0		2016-11-14T14:39:17Z	
v1-rev69-1.18.0-rc		2016-11-15T14:10:01Z	
v1-rev69-1.20.0		2016-11-15T14:09:26Z	
v1-rev69-1.21.0		2016-11-15T14:11:12Z	
v1-rev69-1.22.0		2016-11-15T14:10:38Z	
v1-rev70-1.18.0-rc		2016-11-16T17:48:18Z	
v1-rev70-1.20.0		2016-11-16T17:47:35Z	
v1-rev70-1.21.0		2016-11-16T17:49:45Z	
v1-rev70-1.22.0		2016-11-16T17:49:05Z	
v1-rev72-1.18.0-rc		2016-11-17T03:43:04Z	
v1-rev72-1.20.0		2016-11-17T03:42:28Z	
v1-rev72-1.21.0		2016-11-17T05:11:23Z	
v1-rev72-1.22.0		2016-11-17T05:10:29Z	
v1-rev73-1.18.0-rc		2016-11-17T14:25:06Z	
v1-rev73-1.20.0		2016-11-17T14:24:30Z	
v1-rev73-1.21.0		2016-11-17T14:26:15Z	
v1-rev73-1.22.0		2016-11-17T14:25:41Z	
v1-rev74-1.18.0-rc		2017-01-12T02:55:32Z	
v1-rev74-1.20.0		2017-01-12T02:54:59Z	
v1-rev74-1.21.0		2017-01-12T02:56:42Z	
v1-rev74-1.22.0		2017-01-12T02:56:05Z	
v1-rev75-1.18.0-rc		2017-01-12T19:20:06Z	
v1-rev75-1.20.0		2017-01-12T19:19:31Z	
v1-rev75-1.21.0		2017-01-12T19:21:21Z	
v1-rev75-1.22.0		2017-01-12T19:20:44Z	
v1-rev76-1.18.0-rc		2017-01-16T20:12:08Z	
v1-rev76-1.20.0		2017-01-16T20:11:23Z	
v1-rev76-1.21.0		2017-01-16T20:13:31Z	
v1-rev76-1.22.0		2017-01-16T20:12:54Z	
v1-rev77-1.18.0-rc		2017-01-17T14:40:07Z	
v1-rev77-1.20.0		2017-01-17T14:39:30Z	
v1-rev77-1.21.0		2017-01-17T14:42:05Z	
v1-rev77-1.22.0		2017-01-17T14:40:55Z	
v1-rev78-1.18.0-rc		2017-01-18T14:10:06Z	
v1-rev78-1.20.0		2017-01-18T15:09:17Z	
v1-rev78-1.21.0		2017-01-18T14:11:38Z	
v1-rev78-1.22.0		2017-01-18T14:10:49Z	
v1-rev79-1.18.0-rc		2017-01-19T17:14:45Z	
v1-rev79-1.20.0		2017-01-19T17:14:11Z	
v1-rev79-1.21.0		2017-01-19T17:16:26Z	
v1-rev79-1.22.0		2017-01-19T17:15:34Z	
v1-rev80-1.18.0-rc		2017-01-23T19:22:58Z	
v1-rev80-1.20.0		2017-01-23T19:22:18Z	
v1-rev80-1.21.0		2017-01-23T19:24:16Z	
v1-rev80-1.22.0		2017-01-23T19:23:36Z	
v1-rev81-1.18.0-rc		2017-01-24T14:46:11Z	
v1-rev81-1.20.0		2017-01-24T14:45:08Z	
v1-rev81-1.21.0		2017-01-24T14:50:24Z	
v1-rev81-1.22.0		2017-01-24T14:48:39Z	
v1-rev82-1.18.0-rc		2017-01-25T14:20:39Z	
v1-rev82-1.20.0		2017-01-25T14:19:34Z	
v1-rev82-1.21.0		2017-01-25T14:22:53Z	
v1-rev82-1.22.0		2017-01-25T14:21:35Z	
v1-rev83-1.18.0-rc		2017-01-26T14:27:19Z	
v1-rev83-1.20.0		2017-01-26T14:26:24Z	
v1-rev83-1.21.0		2017-01-26T14:29:15Z	
v1-rev83-1.22.0		2017-01-26T14:28:22Z	
v1-rev84-1.18.0-rc		2017-01-31T20:39:21Z	
v1-rev84-1.20.0		2017-01-31T20:38:46Z	
v1-rev84-1.21.0		2017-01-31T20:39:54Z	
v1-rev84-1.22.0		2017-01-31T21:40:29Z	
v1-rev89-1.18.0-rc		2017-02-07T22:32:43Z	
v1-rev89-1.20.0		2017-02-07T22:32:04Z	
v1-rev89-1.21.0		2017-02-07T22:34:32Z	
v1-rev89-1.22.0		2017-02-07T22:33:22Z	
v1-rev90-1.18.0-rc		2017-02-09T00:11:34Z	
v1-rev90-1.20.0		2017-02-08T23:40:32Z	
v1-rev90-1.21.0		2017-02-09T00:13:32Z	
v1-rev90-1.22.0		2017-02-09T00:12:31Z	
v1-rev91-1.18.0-rc		2017-02-09T23:43:07Z	
v1-rev91-1.20.0		2017-02-09T23:42:30Z	
v1-rev91-1.21.0		2017-02-09T23:44:15Z	
v1-rev91-1.22.0		2017-02-09T23:43:41Z	
v1-rev92-1.18.0-rc		2017-02-21T17:33:25Z	
v1-rev92-1.20.0		2017-02-21T17:32:18Z	
v1-rev92-1.21.0		2017-02-21T17:35:22Z	
v1-rev92-1.22.0		2017-02-21T17:34:20Z	
v1-rev93-1.18.0-rc		2017-02-22T14:39:01Z	
v1-rev93-1.20.0		2017-02-22T15:10:26Z	
v1-rev93-1.21.0		2017-02-22T14:41:07Z	
v1-rev93-1.22.0		2017-02-22T14:40:02Z	
v1-rev94-1.18.0-rc		2017-02-23T17:16:54Z	
v1-rev94-1.20.0		2017-02-23T17:16:13Z	
v1-rev94-1.21.0		2017-02-23T17:18:18Z	
v1-rev94-1.22.0		2017-02-23T17:17:31Z	
v1-rev95-1.18.0-rc		2017-02-27T15:53:14Z	
v1-rev95-1.20.0		2017-02-27T15:52:11Z	
v1-rev95-1.21.0		2017-02-27T15:54:47Z	
v1-rev95-1.22.0		2017-02-27T15:53:54Z	
v1-rev96-1.18.0-rc		2017-02-28T15:12:18Z	
v1-rev96-1.20.0		2017-02-28T15:10:42Z	
v1-rev96-1.21.0		2017-02-28T15:13:34Z	
v1-rev96-1.22.0		2017-02-28T15:12:54Z	
v1-rev97-1.18.0-rc		2017-03-02T01:40:09Z	
v1-rev97-1.20.0		2017-03-02T01:39:32Z	
v1-rev97-1.21.0		2017-03-02T01:41:25Z	
v1-rev97-1.22.0		2017-03-02T01:40:45Z	
v1-rev98-1.18.0-rc		2017-03-02T15:43:23Z	
v1-rev98-1.20.0		2017-03-02T15:41:58Z	
v1-rev98-1.21.0		2017-03-02T15:45:14Z	
v1-rev98-1.22.0		2017-03-02T15:44:26Z	
v1-rev99-1.18.0-rc		2017-03-06T15:12:30Z	
v1-rev99-1.20.0		2017-03-06T16:14:09Z	
v1-rev99-1.21.0		2017-03-06T15:14:12Z	
v1-rev99-1.22.0		2017-03-06T15:13:24Z	
v1beta1-rev100-1.18.0-rc		2017-02-28T15:14:51Z	
v1beta1-rev100-1.20.0		2017-02-28T15:14:10Z	
v1beta1-rev100-1.21.0		2017-02-28T15:16:07Z	
v1beta1-rev100-1.22.0		2017-02-28T15:15:28Z	
v1beta1-rev101-1.18.0-rc		2017-03-02T01:42:57Z	
v1beta1-rev101-1.20.0		2017-03-02T01:42:08Z	
v1beta1-rev101-1.21.0		2017-03-02T01:44:31Z	
v1beta1-rev101-1.22.0		2017-03-02T01:43:43Z	
v1beta1-rev102-1.18.0-rc		2017-03-02T15:46:31Z	
v1beta1-rev102-1.20.0		2017-03-02T15:45:50Z	
v1beta1-rev102-1.21.0		2017-03-02T15:47:54Z	
v1beta1-rev102-1.22.0		2017-03-02T15:47:14Z	
v1beta1-rev103-1.18.0-rc		2017-03-06T15:15:16Z	
v1beta1-rev103-1.20.0		2017-03-06T16:15:10Z	
v1beta1-rev103-1.21.0		2017-03-06T15:17:17Z	
v1beta1-rev103-1.22.0		2017-03-06T15:16:35Z	
v1beta1-rev104-1.18.0-rc		2017-03-07T17:48:55Z	
v1beta1-rev104-1.20.0		2017-03-07T17:48:13Z	
v1beta1-rev104-1.21.0		2017-03-07T17:50:15Z	
v1beta1-rev104-1.22.0		2017-03-07T17:49:40Z	
v1beta1-rev105-1.18.0-rc		2017-03-11T16:25:59Z	
v1beta1-rev105-1.20.0		2017-03-11T16:25:24Z	
v1beta1-rev105-1.21.0		2017-03-11T16:27:09Z	
v1beta1-rev105-1.22.0		2017-03-11T16:26:36Z	
v1beta1-rev106-1.18.0-rc		2017-03-13T15:12:43Z	
v1beta1-rev106-1.20.0		2017-03-13T15:11:53Z	
v1beta1-rev106-1.21.0		2017-03-13T14:49:05Z	
v1beta1-rev106-1.22.0		2017-03-13T14:47:01Z	
v1beta1-rev107-1.18.0-rc		2017-03-14T15:14:27Z	
v1beta1-rev107-1.20.0		2017-03-14T15:13:42Z	
v1beta1-rev107-1.21.0		2017-03-14T15:15:57Z	
v1beta1-rev107-1.22.0		2017-03-14T15:15:09Z	
v1beta1-rev108-1.18.0-rc		2017-03-15T16:19:57Z	
v1beta1-rev108-1.20.0		2017-03-15T16:19:22Z	
v1beta1-rev108-1.21.0		2017-03-15T16:21:12Z	
v1beta1-rev108-1.22.0		2017-03-15T16:20:36Z	
v1beta1-rev109-1.18.0-rc		2017-03-20T15:16:28Z	
v1beta1-rev109-1.20.0		2017-03-20T15:15:04Z	
v1beta1-rev109-1.21.0		2017-03-20T15:18:29Z	
v1beta1-rev109-1.22.0		2017-03-20T15:17:34Z	
v1beta1-rev110-1.18.0-rc		2017-03-21T14:47:59Z	
v1beta1-rev110-1.20.0		2017-03-21T16:20:43Z	
v1beta1-rev110-1.21.0		2017-03-21T14:51:57Z	
v1beta1-rev110-1.22.0		2017-03-21T14:50:02Z	
v1beta1-rev111-1.18.0-rc		2017-03-22T15:13:26Z	
v1beta1-rev111-1.20.0		2017-03-22T15:12:45Z	
v1beta1-rev111-1.21.0		2017-03-22T15:14:56Z	
v1beta1-rev111-1.22.0		2017-03-22T15:14:07Z	
v1beta1-rev112-1.18.0-rc		2017-03-23T14:10:52Z	
v1beta1-rev112-1.20.0		2017-03-23T14:10:14Z	
v1beta1-rev112-1.21.0		2017-03-23T14:12:59Z	
v1beta1-rev112-1.22.0		2017-03-23T14:11:35Z	
v1beta1-rev113-1.18.0-rc		2017-03-28T13:18:34Z	
v1beta1-rev113-1.20.0		2017-03-28T13:17:53Z	
v1beta1-rev113-1.21.0		2017-03-28T13:19:57Z	
v1beta1-rev113-1.22.0		2017-03-28T13:19:12Z	
v1beta1-rev114-1.18.0-rc		2017-03-29T13:45:46Z	
v1beta1-rev114-1.20.0		2017-03-29T13:44:15Z	
v1beta1-rev114-1.21.0		2017-03-29T13:49:28Z	
v1beta1-rev114-1.22.0		2017-03-30T07:43:48Z	
v1beta1-rev115-1.18.0-rc		2017-03-30T14:23:18Z	
v1beta1-rev115-1.20.0		2017-03-30T15:21:08Z	
v1beta1-rev115-1.21.0		2017-03-30T14:25:01Z	
v1beta1-rev115-1.22.0		2017-03-30T14:24:02Z	
v1beta1-rev116-1.18.0-rc		2017-04-04T20:30:17Z	
v1beta1-rev116-1.20.0		2017-04-04T20:29:41Z	
v1beta1-rev116-1.21.0		2017-04-04T20:31:28Z	
v1beta1-rev116-1.22.0		2017-04-04T20:30:51Z	
v1beta1-rev117-1.18.0-rc		2017-04-12T12:16:44Z	
v1beta1-rev117-1.20.0		2017-04-12T12:15:57Z	
v1beta1-rev117-1.21.0		2017-04-12T12:18:01Z	
v1beta1-rev117-1.22.0		2017-04-12T12:17:20Z	
v1beta1-rev118-1.18.0-rc		2017-04-19T04:37:47Z	
v1beta1-rev118-1.20.0		2017-04-19T04:36:55Z	
v1beta1-rev118-1.21.0		2017-04-19T04:39:24Z	
v1beta1-rev118-1.22.0		2017-04-19T04:38:50Z	
v1beta1-rev119-1.18.0-rc		2017-04-19T19:24:35Z	
v1beta1-rev119-1.20.0		2017-04-19T19:23:49Z	
v1beta1-rev119-1.21.0		2017-04-19T19:26:13Z	
v1beta1-rev119-1.22.0		2017-04-19T19:40:10Z	
v1beta1-rev120-1.18.0-rc		2017-04-20T12:46:59Z	
v1beta1-rev120-1.20.0		2017-04-20T12:45:45Z	
v1beta1-rev120-1.21.0		2017-04-20T12:49:00Z	
v1beta1-rev120-1.22.0		2017-04-20T12:47:44Z	
v1beta1-rev121-1.18.0-rc		2017-04-25T14:11:29Z	
v1beta1-rev121-1.20.0		2017-04-25T14:10:47Z	
v1beta1-rev121-1.21.0		2017-04-25T14:13:14Z	
v1beta1-rev121-1.22.0		2017-04-25T14:12:19Z	
v1beta1-rev122-1.18.0-rc		2017-04-26T20:14:27Z	
v1beta1-rev122-1.20.0		2017-04-26T20:13:48Z	
v1beta1-rev122-1.21.0		2017-04-26T20:15:44Z	
v1beta1-rev122-1.22.0		2017-04-26T20:15:07Z	
v1beta1-rev123-1.18.0-rc		2017-04-27T13:52:21Z	
v1beta1-rev123-1.20.0		2017-04-27T13:51:11Z	
v1beta1-rev123-1.21.0		2017-04-27T13:56:04Z	
v1beta1-rev123-1.22.0		2017-04-27T13:53:29Z	
v1beta1-rev124-1.18.0-rc		2017-05-04T01:27:48Z	
v1beta1-rev124-1.20.0		2017-05-03T17:29:12Z	
v1beta1-rev124-1.21.0		2017-05-03T17:31:53Z	
v1beta1-rev124-1.22.0		2017-05-03T17:30:58Z	
v1beta1-rev125-1.18.0-rc		2017-05-05T02:54:30Z	
v1beta1-rev125-1.20.0		2017-05-05T02:53:41Z	
v1beta1-rev125-1.21.0		2017-05-05T02:56:01Z	
v1beta1-rev125-1.22.0		2017-05-05T02:55:21Z	
v1beta1-rev126-1.18.0-rc		2017-05-08T19:41:50Z	
v1beta1-rev126-1.20.0		2017-05-08T20:14:47Z	
v1beta1-rev126-1.21.0		2017-05-08T19:43:17Z	
v1beta1-rev126-1.22.0		2017-05-08T19:42:27Z	
v1beta1-rev127-1.18.0-rc		2017-05-09T14:45:37Z	
v1beta1-rev127-1.20.0		2017-05-09T14:44:44Z	
v1beta1-rev127-1.21.0		2017-05-09T14:48:12Z	
v1beta1-rev127-1.22.0		2017-05-09T14:46:57Z	
v1beta1-rev128-1.18.0-rc		2017-05-10T21:59:41Z	
v1beta1-rev128-1.20.0		2017-05-10T21:59:04Z	
v1beta1-rev128-1.21.0		2017-05-10T22:54:12Z	
v1beta1-rev128-1.22.0		2017-05-10T22:53:24Z	
v1beta1-rev129-1.18.0-rc		2017-05-13T16:24:23Z	
v1beta1-rev129-1.20.0		2017-05-13T16:23:49Z	
v1beta1-rev129-1.21.0		2017-05-13T16:25:41Z	
v1beta1-rev129-1.22.0		2017-05-13T16:25:01Z	
v1beta1-rev130-1.18.0-rc		2017-05-15T15:16:36Z	
v1beta1-rev130-1.20.0		2017-05-15T15:15:47Z	
v1beta1-rev130-1.21.0		2017-05-15T15:18:21Z	
v1beta1-rev130-1.22.0		2017-05-15T15:17:31Z	
v1beta1-rev131-1.18.0-rc		2017-05-17T22:47:31Z	
v1beta1-rev131-1.20.0		2017-05-17T22:46:54Z	
v1beta1-rev131-1.21.0		2017-05-17T22:48:47Z	
v1beta1-rev131-1.22.0		2017-05-17T22:48:09Z	
v1beta1-rev132-1.18.0-rc		2017-05-18T20:51:35Z	
v1beta1-rev132-1.20.0		2017-05-18T20:50:52Z	
v1beta1-rev132-1.21.0		2017-05-18T20:52:54Z	
v1beta1-rev132-1.22.0		2017-05-18T20:52:17Z	
v1beta1-rev133-1.18.0-rc		2017-05-23T02:50:52Z	
v1beta1-rev133-1.20.0		2017-05-23T04:13:31Z	
v1beta1-rev133-1.21.0		2017-05-23T02:52:19Z	
v1beta1-rev133-1.22.0		2017-05-23T02:51:25Z	
v1beta1-rev134-1.18.0-rc		2017-05-23T19:38:49Z	
v1beta1-rev134-1.20.0		2017-05-23T19:36:32Z	
v1beta1-rev134-1.21.0		2017-05-23T19:41:06Z	
v1beta1-rev134-1.22.0		2017-05-23T19:40:15Z	
v1beta1-rev135-1.18.0-rc		2017-05-29T22:11:40Z	
v1beta1-rev135-1.20.0		2017-05-29T22:42:39Z	
v1beta1-rev135-1.21.0		2017-05-29T22:12:50Z	
v1beta1-rev135-1.22.0		2017-05-29T22:12:15Z	
v1beta1-rev136-1.18.0-rc		2017-05-30T21:20:58Z	
v1beta1-rev136-1.20.0		2017-05-30T23:08:49Z	
v1beta1-rev136-1.21.0		2017-05-30T21:22:55Z	
v1beta1-rev136-1.22.0		2017-05-30T21:22:02Z	
v1beta1-rev137-1.18.0-rc		2017-05-31T18:46:49Z	
v1beta1-rev137-1.20.0		2017-05-31T18:45:51Z	
v1beta1-rev137-1.21.0		2017-05-31T18:48:27Z	
v1beta1-rev137-1.22.0		2017-05-31T18:47:37Z	
v1beta1-rev138-1.18.0-rc		2017-06-01T18:44:18Z	
v1beta1-rev138-1.20.0		2017-06-01T18:43:41Z	
v1beta1-rev138-1.21.0		2017-06-01T18:45:38Z	
v1beta1-rev138-1.22.0		2017-06-01T18:44:59Z	
v1beta1-rev139-1.18.0-rc		2017-06-07T22:46:00Z	
v1beta1-rev139-1.20.0		2017-06-07T22:45:24Z	
v1beta1-rev139-1.21.0		2017-06-07T22:47:33Z	
v1beta1-rev139-1.22.0		2017-06-07T22:46:37Z	
v1beta1-rev140-1.18.0-rc		2017-07-19T09:27:53Z	
v1beta1-rev140-1.20.0		2017-07-19T07:06:56Z	
v1beta1-rev140-1.21.0		2017-07-19T07:55:33Z	
v1beta1-rev140-1.22.0		2017-07-19T07:09:47Z	
v1beta1-rev141-1.18.0-rc		2017-07-19T14:32:02Z	
v1beta1-rev141-1.20.0		2017-07-19T14:25:14Z	
v1beta1-rev141-1.21.0		2017-07-19T15:54:41Z	
v1beta1-rev141-1.22.0		2017-07-19T15:52:09Z	
v1beta1-rev143-1.18.0-rc		2017-07-23T10:53:14Z	
v1beta1-rev143-1.20.0		2017-07-23T10:52:36Z	
v1beta1-rev143-1.21.0		2017-07-23T12:20:36Z	
v1beta1-rev143-1.22.0		2017-07-23T12:19:59Z	
v1beta1-rev144-1.18.0-rc		2017-07-24T20:30:24Z	
v1beta1-rev144-1.20.0		2017-07-24T20:29:45Z	
v1beta1-rev144-1.21.0		2017-07-24T20:33:02Z	
v1beta1-rev144-1.22.0		2017-07-24T20:31:21Z	
v1beta1-rev145-1.18.0-rc		2017-07-25T16:19:11Z	
v1beta1-rev145-1.20.0		2017-07-25T16:16:21Z	
v1beta1-rev145-1.21.0		2017-07-25T16:24:39Z	
v1beta1-rev145-1.22.0		2017-07-25T16:22:30Z	
v1beta1-rev146-1.18.0-rc		2017-07-27T15:42:58Z	
v1beta1-rev146-1.20.0		2017-07-27T15:42:01Z	
v1beta1-rev146-1.21.0		2017-07-27T15:47:32Z	
v1beta1-rev146-1.22.0		2017-07-27T15:44:52Z	
v1beta1-rev147-1.18.0-rc		2017-08-03T01:57:24Z	
v1beta1-rev147-1.20.0		2017-08-03T01:56:42Z	
v1beta1-rev147-1.21.0		2017-08-03T01:58:43Z	
v1beta1-rev147-1.22.0		2017-08-03T01:58:02Z	
v1beta1-rev148-1.18.0-rc		2017-08-03T20:25:55Z	
v1beta1-rev148-1.20.0		2017-08-03T20:25:07Z	
v1beta1-rev148-1.21.0		2017-08-03T20:28:24Z	
v1beta1-rev148-1.22.0		2017-08-03T20:27:02Z	
v1beta1-rev149-1.18.0-rc		2017-08-07T16:47:38Z	
v1beta1-rev149-1.20.0		2017-08-07T16:17:34Z	
v1beta1-rev149-1.21.0		2017-08-07T16:22:30Z	
v1beta1-rev149-1.22.0		2017-08-07T16:20:11Z	
v1beta1-rev150-1.18.0-rc		2017-08-08T19:21:41Z	
v1beta1-rev150-1.20.0		2017-08-08T20:15:30Z	
v1beta1-rev150-1.21.0		2017-08-08T19:23:11Z	
v1beta1-rev150-1.22.0		2017-08-08T19:22:30Z	
v1beta1-rev151-1.18.0-rc		2017-08-10T18:53:56Z	
v1beta1-rev151-1.20.0		2017-08-10T20:30:18Z	
v1beta1-rev151-1.21.0		2017-08-10T18:55:35Z	
v1beta1-rev151-1.22.0		2017-08-10T18:54:45Z	
v1beta1-rev152-1.18.0-rc		2017-08-14T16:19:42Z	
v1beta1-rev152-1.20.0		2017-08-14T17:14:11Z	
v1beta1-rev152-1.21.0		2017-08-14T16:23:40Z	
v1beta1-rev152-1.22.0		2017-08-14T16:21:54Z	
v1beta1-rev153-1.18.0-rc		2017-09-21T08:16:19Z	
v1beta1-rev153-1.20.0		2017-09-21T08:14:53Z	
v1beta1-rev153-1.21.0		2017-09-21T08:18:14Z	
v1beta1-rev153-1.22.0		2017-09-21T08:17:17Z	
v1beta1-rev154-1.18.0-rc		2017-09-27T23:51:59Z	
v1beta1-rev154-1.20.0		2017-09-27T23:50:34Z	
v1beta1-rev154-1.21.0		2017-09-27T23:55:29Z	
v1beta1-rev154-1.22.0		2017-09-27T23:53:35Z	
v1beta1-rev155-1.18.0-rc		2017-09-28T17:42:38Z	
v1beta1-rev155-1.20.0		2017-09-28T15:39:39Z	
v1beta1-rev155-1.21.0		2017-09-28T17:48:57Z	
v1beta1-rev155-1.22.0		2017-09-28T17:45:53Z	
v1beta1-rev156-1.18.0-rc		2017-09-29T22:53:11Z	
v1beta1-rev156-1.21.0		2017-09-29T22:54:31Z	
v1beta1-rev156-1.22.0		2017-09-29T22:53:50Z	
v1beta1-rev157-1.18.0-rc		2017-10-02T16:19:29Z	
v1beta1-rev157-1.21.0		2017-10-02T16:21:48Z	
v1beta1-rev157-1.22.0		2017-10-02T16:20:33Z	
v1beta1-rev158-1.18.0-rc		2017-10-03T22:57:33Z	
v1beta1-rev158-1.21.0		2017-10-03T22:59:48Z	
v1beta1-rev158-1.22.0		2017-10-03T22:59:07Z	
v1beta1-rev158-1.23.0		2017-10-03T22:58:20Z	
v1beta1-rev159-1.18.0-rc		2017-10-04T17:13:20Z	
v1beta1-rev159-1.21.0		2017-10-04T16:18:02Z	
v1beta1-rev159-1.22.0		2017-10-04T17:14:05Z	
v1beta1-rev159-1.23.0		2017-10-04T16:16:48Z	
v1beta1-rev160-1.18.0-rc		2017-10-05T16:12:01Z	
v1beta1-rev160-1.21.0		2017-10-05T16:14:20Z	
v1beta1-rev160-1.22.0		2017-10-05T16:13:26Z	
v1beta1-rev160-1.23.0		2017-10-05T16:12:42Z	
v1beta1-rev161-1.18.0-rc		2017-10-09T19:15:16Z	
v1beta1-rev161-1.21.0		2017-10-09T19:17:18Z	
v1beta1-rev161-1.22.0		2017-10-09T19:16:33Z	
v1beta1-rev161-1.23.0		2017-10-09T19:15:54Z	
v1beta1-rev162-1.18.0-rc		2017-10-12T05:01:08Z	
v1beta1-rev162-1.21.0		2017-10-12T05:03:54Z	
v1beta1-rev162-1.22.0		2017-10-12T05:02:53Z	
v1beta1-rev162-1.23.0		2017-10-12T06:12:19Z	
v1beta1-rev163-1.18.0-rc		2017-10-16T19:55:29Z	
v1beta1-rev163-1.21.0		2017-10-16T19:57:33Z	
v1beta1-rev163-1.22.0		2017-10-16T19:56:48Z	
v1beta1-rev163-1.23.0		2017-10-16T19:56:08Z	
v1beta1-rev164-1.18.0-rc		2017-10-17T17:13:29Z	
v1beta1-rev164-1.21.0		2017-10-17T17:16:34Z	
v1beta1-rev164-1.22.0		2017-10-17T17:15:38Z	
v1beta1-rev164-1.23.0		2017-10-17T17:14:51Z	
v1beta1-rev165-1.18.0-rc		2017-10-20T00:45:21Z	
v1beta1-rev165-1.21.0		2017-10-19T23:12:38Z	
v1beta1-rev165-1.22.0		2017-10-19T23:11:48Z	
v1beta1-rev165-1.23.0		2017-10-19T23:11:12Z	
v1beta1-rev166-1.18.0-rc		2017-10-23T20:18:32Z	
v1beta1-rev166-1.21.0		2017-10-23T20:20:34Z	
v1beta1-rev166-1.22.0		2017-10-23T20:19:55Z	
v1beta1-rev166-1.23.0		2017-10-23T20:19:11Z	
v1beta1-rev167-1.18.0-rc		2017-10-24T16:49:01Z	
v1beta1-rev167-1.21.0		2017-10-24T16:51:37Z	
v1beta1-rev167-1.22.0		2017-10-24T17:10:33Z	
v1beta1-rev167-1.23.0		2017-10-24T16:49:52Z	
v1beta1-rev168-1.18.0-rc		2017-10-25T20:52:35Z	
v1beta1-rev168-1.21.0		2017-10-25T19:10:25Z	
v1beta1-rev168-1.22.0		2017-10-25T19:09:44Z	
v1beta1-rev168-1.23.0		2017-10-25T19:09:11Z	
v1beta1-rev169-1.18.0-rc		2017-10-26T22:14:33Z	
v1beta1-rev169-1.21.0		2017-10-26T21:21:16Z	
v1beta1-rev169-1.22.0		2017-10-26T21:20:42Z	
v1beta1-rev169-1.23.0		2017-10-26T21:20:01Z	
v1beta1-rev170-1.18.0-rc		2017-10-30T19:10:19Z	
v1beta1-rev170-1.21.0		2017-10-30T19:12:41Z	
v1beta1-rev170-1.22.0		2017-10-30T19:11:59Z	
v1beta1-rev170-1.23.0		2017-10-30T19:11:23Z	
v1beta1-rev171-1.18.0-rc		2017-10-31T21:32:22Z	
v1beta1-rev171-1.21.0		2017-10-31T20:27:32Z	
v1beta1-rev171-1.22.0		2017-10-31T20:26:55Z	
v1beta1-rev171-1.23.0		2017-10-31T20:25:54Z	
v1beta1-rev172-1.18.0-rc		2017-11-01T17:15:43Z	
v1beta1-rev172-1.21.0		2017-11-01T18:14:40Z	
v1beta1-rev172-1.22.0		2017-11-01T17:18:43Z	
v1beta1-rev172-1.23.0		2017-11-01T17:17:13Z	
v1beta1-rev173-1.18.0-rc		2017-11-02T18:15:08Z	
v1beta1-rev173-1.21.0		2017-11-02T17:26:17Z	
v1beta1-rev173-1.22.0		2017-11-02T17:25:13Z	
v1beta1-rev173-1.23.0		2017-11-02T17:24:27Z	
v1beta1-rev174-1.18.0-rc		2017-11-06T23:17:30Z	
v1beta1-rev174-1.21.0		2017-11-06T22:24:05Z	
v1beta1-rev174-1.22.0		2017-11-06T22:23:10Z	
v1beta1-rev174-1.23.0		2017-11-06T22:22:31Z	
v1beta1-rev175-1.18.0-rc		2017-11-07T17:20:13Z	
v1beta1-rev175-1.21.0		2017-11-07T17:22:13Z	
v1beta1-rev175-1.22.0		2017-11-07T17:21:32Z	
v1beta1-rev175-1.23.0		2017-11-07T17:20:51Z	
v1beta1-rev176-1.18.0-rc		2017-11-08T21:11:56Z	
v1beta1-rev176-1.21.0		2017-11-08T21:13:59Z	
v1beta1-rev176-1.22.0		2017-11-08T21:13:15Z	
v1beta1-rev176-1.23.0		2017-11-08T21:12:31Z	
v1beta1-rev177-1.18.0-rc		2017-11-10T01:15:50Z	
v1beta1-rev177-1.21.0		2017-11-10T00:19:09Z	
v1beta1-rev177-1.22.0		2017-11-10T00:18:33Z	
v1beta1-rev177-1.23.0		2017-11-10T01:16:32Z	
v1beta1-rev178-1.18.0-rc		2017-11-15T03:24:17Z	
v1beta1-rev178-1.21.0		2017-11-15T01:19:13Z	
v1beta1-rev178-1.22.0		2017-11-15T01:18:25Z	
v1beta1-rev178-1.23.0		2017-11-15T01:17:50Z	
v1beta1-rev18-1.13.2-beta		2013-04-01T21:19:00Z	
v1beta1-rev18-1.14.1-beta		2013-04-01T21:19:52Z	
v1beta1-rev181-1.18.0-rc		2017-11-20T20:14:13Z	
v1beta1-rev181-1.21.0		2017-11-20T19:17:57Z	
v1beta1-rev181-1.22.0		2017-11-20T19:17:18Z	
v1beta1-rev181-1.23.0		2017-11-20T19:16:33Z	
v1beta1-rev182-1.18.0-rc		2017-11-23T17:13:21Z	
v1beta1-rev182-1.21.0		2017-11-23T16:18:50Z	
v1beta1-rev182-1.22.0		2017-11-23T16:17:33Z	
v1beta1-rev182-1.23.0		2017-11-23T16:15:12Z	
v1beta1-rev183-1.18.0-rc		2017-11-29T17:47:44Z	
v1beta1-rev183-1.21.0		2017-11-29T17:49:48Z	
v1beta1-rev183-1.22.0		2017-11-29T17:49:05Z	
v1beta1-rev183-1.23.0		2017-11-29T17:48:24Z	
v1beta1-rev184-1.18.0-rc		2017-11-30T21:21:18Z	
v1beta1-rev184-1.21.0		2017-11-30T20:16:36Z	
v1beta1-rev184-1.22.0		2017-11-30T20:15:53Z	
v1beta1-rev184-1.23.0		2017-11-30T21:22:07Z	
v1beta1-rev185-1.18.0-rc		2017-12-05T00:18:08Z	
v1beta1-rev185-1.21.0		2017-12-05T00:21:24Z	
v1beta1-rev185-1.22.0		2017-12-05T00:20:16Z	
v1beta1-rev185-1.23.0		2017-12-05T00:19:21Z	
v1beta1-rev186-1.18.0-rc		2017-12-06T22:23:44Z	
v1beta1-rev186-1.21.0		2017-12-06T22:26:08Z	
v1beta1-rev186-1.22.0		2017-12-06T22:25:33Z	
v1beta1-rev186-1.23.0		2017-12-06T22:24:37Z	
v1beta1-rev188-1.18.0-rc		2017-12-12T20:25:15Z	
v1beta1-rev188-1.21.0		2017-12-12T20:27:46Z	
v1beta1-rev188-1.22.0		2017-12-12T20:26:44Z	
v1beta1-rev188-1.23.0		2017-12-12T20:25:52Z	
v1beta1-rev189-1.18.0-rc		2017-12-13T21:19:56Z	
v1beta1-rev189-1.21.0		2017-12-13T21:21:33Z	
v1beta1-rev189-1.22.0		2017-12-13T21:20:47Z	
v1beta1-rev189-1.23.0		2017-12-13T22:36:46Z	
v1beta1-rev190-1.18.0-rc		2017-12-14T21:11:59Z	
v1beta1-rev190-1.21.0		2017-12-14T21:14:02Z	
v1beta1-rev190-1.22.0		2017-12-14T21:13:21Z	
v1beta1-rev190-1.23.0		2017-12-14T21:12:38Z	
v1beta1-rev191-1.18.0-rc		2017-12-18T23:31:21Z	
v1beta1-rev191-1.21.0		2017-12-18T23:33:26Z	
v1beta1-rev191-1.22.0		2017-12-18T23:32:41Z	
v1beta1-rev191-1.23.0		2017-12-18T23:31:58Z	
v1beta1-rev192-1.18.0-rc		2018-01-03T22:34:16Z	
v1beta1-rev192-1.21.0		2018-01-03T22:37:39Z	
v1beta1-rev192-1.22.0		2018-01-03T22:36:48Z	
v1beta1-rev192-1.23.0		2018-01-03T22:35:41Z	
v1beta1-rev193-1.18.0-rc		2018-01-05T03:11:12Z	
v1beta1-rev193-1.21.0		2018-01-05T03:14:04Z	
v1beta1-rev193-1.22.0		2018-01-05T03:12:46Z	
v1beta1-rev193-1.23.0		2018-01-05T03:12:03Z	
v1beta1-rev194-1.18.0-rc		2018-01-08T21:37:34Z	
v1beta1-rev194-1.21.0		2018-01-08T21:41:11Z	
v1beta1-rev194-1.22.0		2018-01-08T21:40:14Z	
v1beta1-rev194-1.23.0		2018-01-08T21:39:26Z	
v1beta1-rev195-1.18.0-rc		2018-01-09T18:02:01Z	
v1beta1-rev195-1.21.0		2018-01-10T00:18:06Z	
v1beta1-rev195-1.22.0		2018-01-09T18:13:23Z	
v1beta1-rev195-1.23.0		2018-01-09T18:08:21Z	
v1beta1-rev196-1.18.0-rc		2018-01-10T22:18:47Z	
v1beta1-rev196-1.21.0		2018-01-10T22:20:58Z	
v1beta1-rev196-1.22.0		2018-01-10T22:20:11Z	
v1beta1-rev196-1.23.0		2018-01-10T22:19:29Z	
v1beta1-rev197-1.18.0-rc		2018-01-11T15:12:38Z	
v1beta1-rev197-1.21.0		2018-01-11T15:15:27Z	
v1beta1-rev197-1.22.0		2018-01-11T15:14:27Z	
v1beta1-rev197-1.23.0		2018-01-11T15:13:32Z	
v1beta1-rev198-1.18.0-rc		2018-01-13T16:10:10Z	
v1beta1-rev198-1.21.0		2018-01-13T16:12:09Z	
v1beta1-rev198-1.22.0		2018-01-13T16:11:24Z	
v1beta1-rev198-1.23.0		2018-01-13T16:10:47Z	
v1beta1-rev199-1.18.0-rc		2018-01-15T22:16:12Z	
v1beta1-rev199-1.21.0		2018-01-15T22:19:52Z	
v1beta1-rev199-1.22.0		2018-01-15T22:18:54Z	
v1beta1-rev199-1.23.0		2018-01-15T22:17:19Z	
v1beta1-rev20-1.13.2-beta		2013-04-18T19:01:50Z	
v1beta1-rev20-1.14.1-beta		2013-04-16T19:49:17Z	
v1beta1-rev20-1.14.2-beta		2013-04-22T19:26:05Z	
v1beta1-rev201-1.18.0-rc		2018-01-17T02:08:38Z	
v1beta1-rev201-1.21.0		2018-01-17T02:13:20Z	
v1beta1-rev201-1.22.0		2018-01-17T02:12:10Z	
v1beta1-rev201-1.23.0		2018-01-17T02:10:19Z	
v1beta1-rev20180805-1.26.0		2018-10-22T00:49:02Z	
v1beta1-rev20180805-1.27.0		2018-11-14T21:21:24Z	
v1beta1-rev20180805-1.28.0		2019-01-18T21:40:02Z	
v1beta1-rev202-1.18.0-rc		2018-01-17T17:15:11Z	
v1beta1-rev202-1.21.0		2018-01-17T16:20:48Z	
v1beta1-rev202-1.22.0		2018-01-17T16:20:02Z	
v1beta1-rev202-1.23.0		2018-01-17T16:19:05Z	
v1beta1-rev203-1.18.0-rc		2018-01-18T20:49:27Z	
v1beta1-rev203-1.21.0		2018-01-18T20:53:08Z	
v1beta1-rev203-1.22.0		2018-01-18T21:10:06Z	
v1beta1-rev203-1.23.0		2018-01-18T20:50:29Z	
v1beta1-rev204-1.18.0-rc		2018-01-20T22:15:48Z	
v1beta1-rev204-1.21.0		2018-01-21T00:24:12Z	
v1beta1-rev204-1.22.0		2018-01-21T00:21:41Z	
v1beta1-rev204-1.23.0		2018-01-20T22:17:52Z	
v1beta1-rev205-1.18.0-rc		2018-01-23T01:39:43Z	
v1beta1-rev205-1.21.0		2018-01-23T01:42:15Z	
v1beta1-rev205-1.22.0		2018-01-23T01:41:28Z	
v1beta1-rev205-1.23.0		2018-01-23T01:40:40Z	
v1beta1-rev206-1.18.0-rc		2018-01-23T17:29:21Z	
v1beta1-rev206-1.21.0		2018-01-23T18:41:22Z	
v1beta1-rev206-1.22.0		2018-01-23T18:40:48Z	
v1beta1-rev206-1.23.0		2018-01-23T17:30:15Z	
v1beta1-rev207-1.18.0-rc		2018-01-24T23:18:20Z	
v1beta1-rev207-1.21.0		2018-01-24T22:19:10Z	
v1beta1-rev207-1.22.0		2018-01-24T22:18:13Z	
v1beta1-rev207-1.23.0		2018-01-24T23:18:56Z	
v1beta1-rev208-1.18.0-rc		2018-01-26T02:37:49Z	
v1beta1-rev208-1.21.0		2018-01-26T01:16:07Z	
v1beta1-rev208-1.22.0		2018-01-26T01:15:16Z	
v1beta1-rev208-1.23.0		2018-01-26T01:14:30Z	
v1beta1-rev21-1.13.2-beta		2013-05-01T20:30:36Z	
v1beta1-rev21-1.14.2-beta		2013-05-01T20:31:04Z	
v1beta1-rev210-1.18.0-rc		2018-01-31T15:23:54Z	
v1beta1-rev210-1.21.0		2018-01-31T15:25:33Z	
v1beta1-rev210-1.22.0		2018-01-31T15:24:33Z	
v1beta1-rev210-1.23.0		2018-01-31T16:52:09Z	
v1beta1-rev211-1.18.0-rc		2018-02-01T03:50:49Z	
v1beta1-rev211-1.21.0		2018-02-01T03:52:59Z	
v1beta1-rev211-1.22.0		2018-02-01T03:52:06Z	
v1beta1-rev211-1.23.0		2018-02-01T03:51:27Z	
v1beta1-rev213-1.18.0-rc		2018-02-05T23:40:34Z	
v1beta1-rev213-1.21.0		2018-02-06T01:43:23Z	
v1beta1-rev213-1.22.0		2018-02-05T23:42:36Z	
v1beta1-rev213-1.23.0		2018-02-05T23:41:45Z	
v1beta1-rev214-1.18.0-rc		2018-02-06T22:05:48Z	
v1beta1-rev214-1.21.0		2018-02-06T21:01:23Z	
v1beta1-rev214-1.22.0		2018-02-06T20:59:59Z	
v1beta1-rev214-1.23.0		2018-02-06T20:59:17Z	
v1beta1-rev215-1.18.0-rc		2018-02-07T23:53:14Z	
v1beta1-rev215-1.21.0		2018-02-07T23:55:21Z	
v1beta1-rev215-1.22.0		2018-02-07T23:54:34Z	
v1beta1-rev215-1.23.0		2018-02-07T23:53:53Z	
v1beta1-rev216-1.18.0-rc		2018-02-08T19:15:29Z	
v1beta1-rev216-1.21.0		2018-02-08T19:17:44Z	
v1beta1-rev216-1.22.0		2018-02-08T19:16:49Z	
v1beta1-rev216-1.23.0		2018-02-08T19:16:06Z	
v1beta1-rev217-1.18.0-rc		2018-02-13T18:59:05Z	
v1beta1-rev218-1.18.0-rc		2018-02-13T21:03:12Z	
v1beta1-rev218-1.21.0		2018-02-13T21:41:11Z	
v1beta1-rev218-1.22.0		2018-02-13T21:06:28Z	
v1beta1-rev218-1.23.0		2018-02-13T21:05:13Z	
v1beta1-rev219-1.18.0-rc		2018-02-15T09:45:39Z	
v1beta1-rev219-1.21.0		2018-02-15T09:48:09Z	
v1beta1-rev219-1.22.0		2018-02-15T09:47:16Z	
v1beta1-rev219-1.23.0		2018-02-15T09:46:23Z	
v1beta1-rev22-1.13.2-beta		2013-05-07T19:22:42Z	
v1beta1-rev22-1.14.2-beta		2013-05-07T19:23:08Z	
v1beta1-rev22-1.15.0-rc		2013-05-09T21:34:46Z	
v1beta1-rev220-1.18.0-rc		2018-02-15T23:13:00Z	
v1beta1-rev220-1.21.0		2018-02-15T22:16:18Z	
v1beta1-rev220-1.22.0		2018-02-15T22:15:11Z	
v1beta1-rev220-1.23.0		2018-02-15T22:14:32Z	
v1beta1-rev221-1.18.0-rc		2018-02-20T02:14:16Z	
v1beta1-rev221-1.21.0		2018-02-20T01:10:54Z	
v1beta1-rev221-1.22.0		2018-02-20T01:10:06Z	
v1beta1-rev221-1.23.0		2018-02-20T01:09:29Z	
v1beta1-rev227-1.18.0-rc		2018-03-01T05:56:58Z	
v1beta1-rev227-1.21.0		2018-03-01T05:58:57Z	
v1beta1-rev227-1.22.0		2018-03-01T05:58:14Z	
v1beta1-rev227-1.23.0		2018-03-01T05:57:33Z	
v1beta1-rev228-1.18.0-rc		2018-03-01T23:29:33Z	
v1beta1-rev228-1.21.0		2018-03-01T22:30:21Z	
v1beta1-rev228-1.22.0		2018-03-01T22:29:36Z	
v1beta1-rev228-1.23.0		2018-03-01T23:31:08Z	
v1beta1-rev229-1.18.0-rc		2018-03-05T15:10:23Z	
v1beta1-rev229-1.21.0		2018-03-05T15:13:03Z	
v1beta1-rev229-1.22.0		2018-03-05T15:11:59Z	
v1beta1-rev229-1.23.0		2018-03-05T15:11:02Z	
v1beta1-rev23-1.13.2-beta		2013-06-03T19:37:07Z	
v1beta1-rev23-1.14.2-beta		2013-06-03T19:37:30Z	
v1beta1-rev23-1.15.0-rc		2013-06-05T17:04:41Z	
v1beta1-rev230-1.18.0-rc		2018-03-07T01:53:15Z	
v1beta1-rev230-1.21.0		2018-03-07T01:54:50Z	
v1beta1-rev230-1.22.0		2018-03-07T01:54:05Z	
v1beta1-rev230-1.23.0		2018-03-07T02:44:55Z	
v1beta1-rev231-1.18.0-rc		2018-03-09T17:18:45Z	
v1beta1-rev231-1.21.0		2018-03-09T17:20:46Z	
v1beta1-rev231-1.22.0		2018-03-09T17:20:06Z	
v1beta1-rev231-1.23.0		2018-03-10T00:11:39Z	
v1beta1-rev233-1.18.0-rc		2018-03-12T20:25:00Z	
v1beta1-rev233-1.21.0		2018-03-12T20:27:54Z	
v1beta1-rev233-1.22.0		2018-03-12T20:26:50Z	
v1beta1-rev233-1.23.0		2018-03-12T20:25:52Z	
v1beta1-rev234-1.18.0-rc		2018-03-13T23:23:34Z	
v1beta1-rev234-1.21.0		2018-03-13T22:38:29Z	
v1beta1-rev234-1.22.0		2018-03-13T22:37:49Z	
v1beta1-rev234-1.23.0		2018-03-13T23:24:10Z	
v1beta1-rev235-1.18.0-rc		2018-03-14T17:33:52Z	
v1beta1-rev235-1.21.0		2018-03-14T17:36:14Z	
v1beta1-rev235-1.22.0		2018-03-14T17:35:33Z	
v1beta1-rev235-1.23.0		2018-03-14T17:34:47Z	
v1beta1-rev236-1.18.0-rc		2018-03-15T19:18:14Z	
v1beta1-rev236-1.21.0		2018-03-15T18:30:25Z	
v1beta1-rev236-1.22.0		2018-03-15T18:29:39Z	
v1beta1-rev236-1.23.0		2018-03-15T18:28:30Z	
v1beta1-rev237-1.18.0-rc		2018-03-20T23:23:47Z	
v1beta1-rev237-1.21.0		2018-03-20T23:26:20Z	
v1beta1-rev237-1.22.0		2018-03-20T23:25:31Z	
v1beta1-rev237-1.23.0		2018-03-20T23:24:44Z	
v1beta1-rev238-1.18.0-rc		2018-03-21T22:42:48Z	
v1beta1-rev238-1.21.0		2018-03-21T20:25:26Z	
v1beta1-rev238-1.22.0		2018-03-21T20:23:55Z	
v1beta1-rev238-1.23.0		2018-03-21T22:43:52Z	
v1beta1-rev239-1.18.0-rc		2018-03-22T21:33:00Z	
v1beta1-rev239-1.21.0		2018-03-22T21:35:11Z	
v1beta1-rev239-1.22.0		2018-03-22T21:34:23Z	
v1beta1-rev239-1.23.0		2018-03-22T21:33:40Z	
v1beta1-rev24-1.13.2-beta		2013-06-12T21:05:17Z	
v1beta1-rev24-1.14.2-beta		2013-06-12T21:05:36Z	
v1beta1-rev24-1.15.0-rc		2013-06-12T21:04:55Z	
v1beta1-rev240-1.18.0-rc		2018-03-27T01:28:01Z	
v1beta1-rev240-1.21.0		2018-03-27T01:31:16Z	
v1beta1-rev240-1.22.0		2018-03-27T01:30:22Z	
v1beta1-rev240-1.23.0		2018-03-27T01:29:38Z	
v1beta1-rev241-1.18.0-rc		2018-03-27T20:48:25Z	
v1beta1-rev241-1.21.0		2018-03-27T19:15:08Z	
v1beta1-rev241-1.22.0		2018-03-27T19:14:21Z	
v1beta1-rev241-1.23.0		2018-03-27T19:13:38Z	
v1beta1-rev242-1.18.0-rc		2018-04-04T01:34:05Z	
v1beta1-rev242-1.21.0		2018-04-04T01:36:35Z	
v1beta1-rev242-1.22.0		2018-04-04T01:35:47Z	
v1beta1-rev242-1.23.0		2018-04-04T01:34:44Z	
v1beta1-rev243-1.18.0-rc		2018-04-05T18:28:49Z	
v1beta1-rev243-1.21.0		2018-04-05T18:32:16Z	
v1beta1-rev243-1.22.0		2018-04-05T18:31:07Z	
v1beta1-rev243-1.23.0		2018-04-05T18:29:57Z	
v1beta1-rev244-1.18.0-rc		2018-04-09T21:44:14Z	
v1beta1-rev244-1.21.0		2018-04-09T20:20:17Z	
v1beta1-rev244-1.22.0		2018-04-09T20:19:12Z	
v1beta1-rev244-1.23.0		2018-04-09T20:18:25Z	
v1beta1-rev245-1.18.0-rc		2018-04-11T00:12:07Z	
v1beta1-rev245-1.21.0		2018-04-10T23:16:45Z	
v1beta1-rev245-1.22.0		2018-04-10T23:42:13Z	
v1beta1-rev245-1.23.0		2018-04-11T00:12:56Z	
v1beta1-rev246-1.18.0-rc		2018-04-12T21:38:54Z	
v1beta1-rev246-1.21.0		2018-04-12T21:42:09Z	
v1beta1-rev246-1.22.0		2018-04-12T21:41:23Z	
v1beta1-rev246-1.23.0		2018-04-12T21:40:20Z	
v1beta1-rev247-1.18.0-rc		2018-04-18T07:13:51Z	
v1beta1-rev247-1.21.0		2018-04-18T06:15:28Z	
v1beta1-rev247-1.22.0		2018-04-18T06:13:52Z	
v1beta1-rev247-1.23.0		2018-04-18T06:12:30Z	
v1beta1-rev248-1.18.0-rc		2018-04-18T18:25:29Z	
v1beta1-rev248-1.21.0		2018-04-18T19:13:22Z	
v1beta1-rev248-1.22.0		2018-04-18T18:30:30Z	
v1beta1-rev248-1.23.0		2018-04-18T18:27:23Z	
v1beta1-rev249-1.18.0-rc		2018-04-19T20:26:43Z	
v1beta1-rev249-1.21.0		2018-04-19T20:32:39Z	
v1beta1-rev249-1.22.0		2018-04-19T20:31:02Z	
v1beta1-rev249-1.23.0		2018-04-19T20:29:01Z	
v1beta1-rev25-1.13.2-beta		2013-07-18T18:16:52Z	
v1beta1-rev25-1.14.2-beta		2013-07-18T18:17:14Z	
v1beta1-rev25-1.15.0-rc		2013-07-18T18:16:29Z	
v1beta1-rev250-1.18.0-rc		2018-04-23T22:14:53Z	
v1beta1-rev250-1.21.0		2018-04-23T22:18:39Z	
v1beta1-rev250-1.22.0		2018-04-23T22:17:26Z	
v1beta1-rev250-1.23.0		2018-04-23T22:16:22Z	
v1beta1-rev251-1.18.0-rc		2018-04-25T16:59:13Z	
v1beta1-rev251-1.21.0		2018-04-25T17:04:46Z	
v1beta1-rev251-1.22.0		2018-04-25T17:02:38Z	
v1beta1-rev251-1.23.0		2018-04-25T17:00:04Z	
v1beta1-rev252-1.18.0-rc		2018-04-25T23:55:34Z	
v1beta1-rev252-1.21.0		2018-04-25T23:58:21Z	
v1beta1-rev252-1.22.0		2018-04-25T23:57:38Z	
v1beta1-rev252-1.23.0		2018-04-25T23:56:23Z	
v1beta1-rev253-1.18.0-rc		2018-04-26T20:14:25Z	
v1beta1-rev253-1.21.0		2018-04-26T19:18:51Z	
v1beta1-rev253-1.22.0		2018-04-26T20:16:59Z	
v1beta1-rev253-1.23.0		2018-04-26T20:15:43Z	
v1beta1-rev257-1.18.0-rc		2018-05-03T23:37:18Z	
v1beta1-rev257-1.21.0		2018-05-05T07:12:37Z	
v1beta1-rev257-1.22.0		2018-05-05T07:11:51Z	
v1beta1-rev257-1.23.0		2018-05-03T23:38:16Z	
v1beta1-rev26-1.13.2-beta		2013-07-30T18:13:34Z	
v1beta1-rev26-1.14.2-beta		2013-07-30T18:13:58Z	
v1beta1-rev26-1.15.0-rc		2013-07-30T18:13:11Z	
v1beta1-rev26-1.16.0-rc		2013-08-05T16:34:40Z	
v1beta1-rev260-1.18.0-rc		2018-05-07T18:20:28Z	
v1beta1-rev260-1.21.0		2018-05-07T18:23:19Z	
v1beta1-rev260-1.22.0		2018-05-07T18:22:22Z	
v1beta1-rev260-1.23.0		2018-05-07T19:14:32Z	
v1beta1-rev261-1.18.0-rc		2018-05-08T20:27:01Z	
v1beta1-rev261-1.21.0		2018-05-08T20:29:19Z	
v1beta1-rev261-1.22.0		2018-05-08T20:28:31Z	
v1beta1-rev261-1.23.0		2018-05-08T20:27:45Z	
v1beta1-rev262-1.18.0-rc		2018-05-14T21:20:02Z	
v1beta1-rev262-1.21.0		2018-05-14T20:12:32Z	
v1beta1-rev262-1.22.0		2018-05-14T20:11:37Z	
v1beta1-rev262-1.23.0		2018-05-14T21:20:50Z	
v1beta1-rev263-1.18.0-rc		2018-05-15T18:15:59Z	
v1beta1-rev263-1.21.0		2018-05-15T17:12:46Z	
v1beta1-rev263-1.22.0		2018-05-15T20:32:57Z	
v1beta1-rev263-1.23.0		2018-05-15T20:32:02Z	
v1beta1-rev264-1.18.0-rc		2018-05-16T23:46:42Z	
v1beta1-rev264-1.21.0		2018-05-16T21:40:21Z	
v1beta1-rev264-1.22.0		2018-05-16T21:39:02Z	
v1beta1-rev264-1.23.0		2018-05-16T23:47:27Z	
v1beta1-rev265-1.18.0-rc		2018-05-17T19:19:39Z	
v1beta1-rev265-1.21.0		2018-05-17T19:22:55Z	
v1beta1-rev265-1.22.0		2018-05-17T19:21:20Z	
v1beta1-rev265-1.23.0		2018-05-17T22:32:51Z	
v1beta1-rev266-1.18.0-rc		2018-05-22T18:11:50Z	
v1beta1-rev266-1.21.0		2018-05-22T18:13:30Z	
v1beta1-rev266-1.22.0		2018-05-22T18:12:36Z	
v1beta1-rev266-1.23.0		2018-05-22T19:18:12Z	
v1beta1-rev267-1.18.0-rc		2018-05-23T20:25:08Z	
v1beta1-rev267-1.21.0		2018-05-23T20:27:46Z	
v1beta1-rev267-1.22.0		2018-05-23T20:26:49Z	
v1beta1-rev267-1.23.0		2018-05-23T21:27:31Z	
v1beta1-rev268-1.18.0-rc		2018-05-28T20:11:25Z	
v1beta1-rev268-1.21.0		2018-05-28T20:13:45Z	
v1beta1-rev268-1.22.0		2018-05-28T20:12:58Z	
v1beta1-rev268-1.23.0		2018-05-28T20:12:11Z	
v1beta1-rev269-1.18.0-rc		2018-05-29T16:10:39Z	
v1beta1-rev269-1.21.0		2018-05-29T16:15:37Z	
v1beta1-rev269-1.22.0		2018-05-29T16:12:59Z	
v1beta1-rev269-1.23.0		2018-05-29T16:11:55Z	
v1beta1-rev27-1.13.2-beta		2013-08-06T21:55:32Z	
v1beta1-rev27-1.14.2-beta		2013-08-06T21:55:56Z	
v1beta1-rev27-1.15.0-rc		2013-08-06T21:54:44Z	
v1beta1-rev27-1.16.0-rc		2013-08-06T21:55:07Z	
v1beta1-rev270-1.18.0-rc		2018-05-30T23:26:52Z	
v1beta1-rev270-1.21.0		2018-05-30T23:28:40Z	
v1beta1-rev270-1.22.0		2018-05-31T00:15:45Z	
v1beta1-rev270-1.23.0		2018-05-30T23:27:55Z	
v1beta1-rev271-1.18.0-rc		2018-05-31T22:41:41Z	
v1beta1-rev271-1.21.0		2018-05-31T20:22:08Z	
v1beta1-rev271-1.22.0		2018-05-31T20:18:34Z	
v1beta1-rev271-1.23.0		2018-05-31T20:16:43Z	
v1beta1-rev275-1.18.0-rc		2018-06-07T01:19:32Z	
v1beta1-rev275-1.21.0		2018-06-07T01:22:18Z	
v1beta1-rev275-1.22.0		2018-06-07T01:21:33Z	
v1beta1-rev275-1.23.0		2018-06-07T01:20:38Z	
v1beta1-rev276-1.18.0-rc		2018-06-08T02:34:16Z	
v1beta1-rev276-1.21.0		2018-06-08T02:36:08Z	
v1beta1-rev276-1.22.0		2018-06-08T02:35:00Z	
v1beta1-rev276-1.23.0		2018-06-08T03:26:13Z	
v1beta1-rev277-1.21.0		2018-06-12T01:16:35Z	
v1beta1-rev277-1.22.0		2018-06-12T01:14:45Z	
v1beta1-rev277-1.23.0		2018-06-12T04:12:07Z	
v1beta1-rev278-1.18.0-rc		2018-06-14T04:55:13Z	
v1beta1-rev278-1.21.0		2018-06-14T05:42:39Z	
v1beta1-rev278-1.22.0		2018-06-14T04:57:53Z	
v1beta1-rev278-1.23.0		2018-06-14T04:56:12Z	
v1beta1-rev279-1.18.0-rc		2018-07-06T14:16:51Z	
v1beta1-rev279-1.21.0		2018-07-06T13:29:03Z	
v1beta1-rev279-1.22.0		2018-07-06T13:27:55Z	
v1beta1-rev279-1.23.0		2018-07-06T15:27:04Z	
v1beta1-rev279-1.24.1		2018-08-03T07:37:50Z	
v1beta1-rev28-1.13.2-beta		2013-08-27T18:33:09Z	
v1beta1-rev28-1.14.2-beta		2013-08-27T18:33:22Z	
v1beta1-rev28-1.15.0-rc		2013-08-27T18:32:24Z	
v1beta1-rev28-1.16.0-rc		2013-08-27T18:32:54Z	
v1beta1-rev28-1.17.0-rc		2013-09-10T20:55:14Z	
v1beta1-rev280-1.18.0-rc		2018-08-11T01:32:00Z	
v1beta1-rev280-1.22.0		2018-08-11T01:33:27Z	
v1beta1-rev280-1.23.0		2018-08-11T01:32:44Z	
v1beta1-rev280-1.24.1		2018-08-11T01:31:21Z	
v1beta1-rev281-1.18.0-rc		2018-08-14T22:42:29Z	
v1beta1-rev281-1.22.0		2018-08-14T22:43:57Z	
v1beta1-rev281-1.23.0		2018-08-14T22:43:11Z	
v1beta1-rev281-1.24.1		2018-08-14T22:41:28Z	
v1beta1-rev284-1.18.0-rc		2018-08-20T17:17:47Z	
v1beta1-rev284-1.22.0		2018-08-20T16:29:45Z	
v1beta1-rev284-1.23.0		2018-08-20T17:18:32Z	
v1beta1-rev284-1.24.1		2018-08-20T17:17:00Z	
v1beta1-rev285-1.18.0-rc		2018-08-21T17:26:36Z	
v1beta1-rev285-1.22.0		2018-08-21T17:30:03Z	
v1beta1-rev285-1.23.0		2018-08-21T16:20:01Z	
v1beta1-rev285-1.24.1		2018-08-21T17:23:34Z	
v1beta1-rev286-1.18.0-rc		2018-08-22T15:12:38Z	
v1beta1-rev286-1.22.0		2018-08-22T15:15:20Z	
v1beta1-rev286-1.23.0		2018-08-22T15:13:51Z	
v1beta1-rev286-1.24.1		2018-08-22T16:12:04Z	
v1beta1-rev287-1.22.0		2018-08-23T18:13:32Z	
v1beta1-rev287-1.23.0		2018-08-23T18:12:48Z	
v1beta1-rev287-1.24.1		2018-08-23T19:16:21Z	
v1beta1-rev287-1.25.0		2018-08-25T03:35:51Z	
v1beta1-rev290-1.18.0-rc		2018-09-03T16:14:15Z	
v1beta1-rev290-1.22.0		2018-09-03T20:21:00Z	
v1beta1-rev290-1.23.0		2018-09-03T15:20:47Z	
v1beta1-rev290-1.24.1		2018-09-03T20:19:01Z	
v1beta1-rev290-1.25.0		2018-09-03T20:19:58Z	
v1beta1-rev292-1.18.0-rc		2018-09-05T15:55:21Z	
v1beta1-rev292-1.22.0		2018-09-05T15:56:49Z	
v1beta1-rev292-1.23.0		2018-09-05T19:55:28Z	
v1beta1-rev292-1.24.1		2018-09-05T19:52:23Z	
v1beta1-rev292-1.25.0		2018-09-05T19:54:00Z	
v1beta1-rev293-1.18.0-rc		2018-09-06T16:39:40Z	
v1beta1-rev293-1.22.0		2018-09-06T16:45:32Z	
v1beta1-rev293-1.23.0		2018-09-06T16:44:07Z	
v1beta1-rev293-1.24.1		2018-09-06T16:38:31Z	
v1beta1-rev293-1.25.0		2018-09-06T16:41:58Z	
v1beta1-rev294-1.18.0-rc		2018-09-11T17:49:40Z	
v1beta1-rev294-1.22.0		2018-09-11T16:39:06Z	
v1beta1-rev294-1.23.0		2018-09-11T16:37:46Z	
v1beta1-rev294-1.24.1		2018-09-11T17:47:49Z	
v1beta1-rev294-1.25.0		2018-09-11T16:36:12Z	
v1beta1-rev295-1.18.0-rc		2018-09-12T17:24:38Z	
v1beta1-rev295-1.22.0		2018-09-12T17:42:34Z	
v1beta1-rev295-1.23.0		2018-09-12T17:26:47Z	
v1beta1-rev295-1.24.1		2018-09-12T17:23:58Z	
v1beta1-rev295-1.25.0		2018-09-12T17:25:27Z	
v1beta1-rev296-1.18.0-rc		2018-09-14T06:00:34Z	
v1beta1-rev296-1.22.0		2018-09-14T06:26:33Z	
v1beta1-rev296-1.23.0		2018-09-14T06:05:39Z	
v1beta1-rev296-1.24.1		2018-09-14T05:59:23Z	
v1beta1-rev296-1.25.0		2018-09-14T06:02:49Z	
v1beta1-rev297-1.18.0-rc		2018-09-17T15:20:51Z	
v1beta1-rev297-1.22.0		2018-09-17T15:22:40Z	
v1beta1-rev297-1.23.0		2018-09-17T15:22:04Z	
v1beta1-rev297-1.24.1		2018-09-17T15:20:02Z	
v1beta1-rev297-1.25.0		2018-09-17T15:21:28Z	
v1beta1-rev300-1.18.0-rc		2018-09-24T15:34:24Z	
v1beta1-rev300-1.22.0		2018-09-24T15:34:59Z	
v1beta1-rev300-1.23.0		2018-09-24T17:20:04Z	
v1beta1-rev300-1.24.1		2018-09-24T15:33:17Z	
v1beta1-rev300-1.25.0		2018-09-24T17:19:15Z	
v1beta1-rev301-1.18.0-rc		2018-09-26T16:32:01Z	
v1beta1-rev301-1.22.0		2018-09-26T18:18:54Z	
v1beta1-rev301-1.23.0		2018-09-26T18:18:21Z	
v1beta1-rev301-1.24.1		2018-09-26T16:31:13Z	
v1beta1-rev301-1.25.0		2018-09-26T18:17:48Z	
v1beta1-rev303-1.18.0-rc		2018-10-02T23:52:23Z	
v1beta1-rev303-1.22.0		2018-10-02T23:54:15Z	
v1beta1-rev303-1.23.0		2018-10-02T23:53:37Z	
v1beta1-rev303-1.24.1		2018-10-02T23:51:50Z	
v1beta1-rev303-1.25.0		2018-10-02T23:52:57Z	
v1beta1-rev304-1.18.0-rc		2018-10-03T16:48:24Z	
v1beta1-rev304-1.22.0		2018-10-03T16:50:20Z	
v1beta1-rev304-1.23.0		2018-10-03T16:49:36Z	
v1beta1-rev304-1.24.1		2018-10-03T16:47:44Z	
v1beta1-rev304-1.25.0		2018-10-03T16:49:03Z	
v1beta1-rev305-1.18.0-rc		2018-10-04T18:23:00Z	
v1beta1-rev305-1.22.0		2018-10-04T15:25:35Z	
v1beta1-rev305-1.23.0		2018-10-04T16:19:16Z	
v1beta1-rev305-1.24.1		2018-10-04T15:24:24Z	
v1beta1-rev305-1.25.0		2018-10-04T15:24:57Z	
v1beta1-rev306-1.18.0-rc		2018-10-09T01:01:42Z	
v1beta1-rev306-1.22.0		2018-10-09T01:04:21Z	
v1beta1-rev306-1.23.0		2018-10-09T01:03:20Z	
v1beta1-rev306-1.24.1		2018-10-08T22:58:36Z	
v1beta1-rev306-1.25.0		2018-10-09T01:02:37Z	
v1beta1-rev307-1.18.0-rc		2018-10-11T00:43:38Z	
v1beta1-rev307-1.22.0		2018-10-11T00:45:21Z	
v1beta1-rev307-1.23.0		2018-10-11T00:44:45Z	
v1beta1-rev307-1.24.1		2018-10-11T00:43:05Z	
v1beta1-rev307-1.25.0		2018-10-11T00:44:12Z	
v1beta1-rev308-1.18.0-rc		2018-10-11T15:21:33Z	
v1beta1-rev308-1.22.0		2018-10-11T17:24:31Z	
v1beta1-rev308-1.23.0		2018-10-11T18:29:33Z	
v1beta1-rev308-1.24.1		2018-10-11T15:20:54Z	
v1beta1-rev308-1.25.0		2018-10-11T16:27:31Z	
v1beta1-rev309-1.18.0-rc		2018-10-15T18:38:17Z	
v1beta1-rev309-1.22.0		2018-10-15T15:25:07Z	
v1beta1-rev309-1.23.0		2018-10-15T15:24:32Z	
v1beta1-rev309-1.24.1		2018-10-15T19:25:30Z	
v1beta1-rev309-1.25.0		2018-10-15T18:38:51Z	
v1beta1-rev310-1.18.0-rc		2018-10-17T05:42:01Z	
v1beta1-rev310-1.22.0		2018-10-17T05:43:41Z	
v1beta1-rev310-1.23.0		2018-10-17T05:43:08Z	
v1beta1-rev310-1.24.1		2018-10-17T05:41:28Z	
v1beta1-rev310-1.25.0		2018-10-17T05:42:35Z	
v1beta1-rev311-1.18.0-rc		2018-10-24T23:51:24Z	
v1beta1-rev311-1.22.0		2018-10-24T23:53:07Z	
v1beta1-rev311-1.23.0		2018-10-24T23:52:33Z	
v1beta1-rev311-1.24.1		2018-10-25T00:35:54Z	
v1beta1-rev311-1.25.0		2018-10-24T23:51:59Z	
v1beta1-rev312-1.18.0-rc		2018-10-25T21:31:26Z	
v1beta1-rev312-1.22.0		2018-10-25T21:34:06Z	
v1beta1-rev312-1.23.0		2018-10-25T17:17:08Z	
v1beta1-rev312-1.24.1		2018-10-25T17:15:40Z	
v1beta1-rev312-1.25.0		2018-10-25T17:16:30Z	
v1beta1-rev313-1.18.0-rc		2018-10-29T17:25:23Z	
v1beta1-rev313-1.22.0		2018-10-29T17:27:01Z	
v1beta1-rev313-1.23.0		2018-10-29T18:24:21Z	
v1beta1-rev313-1.24.1		2018-10-29T17:24:49Z	
v1beta1-rev313-1.25.0		2018-10-29T17:25:57Z	
v1beta1-rev317-1.18.0-rc		2018-11-05T18:15:57Z	
v1beta1-rev317-1.22.0		2018-11-05T16:30:09Z	
v1beta1-rev317-1.23.0		2018-11-05T16:29:23Z	
v1beta1-rev317-1.24.1		2018-11-05T21:25:46Z	
v1beta1-rev317-1.25.0		2018-11-05T18:16:45Z	
v1beta1-rev318-1.18.0-rc		2018-11-06T20:54:16Z	
v1beta1-rev318-1.22.0		2018-11-06T20:57:28Z	
v1beta1-rev318-1.23.0		2018-11-06T20:56:50Z	
v1beta1-rev318-1.24.1		2018-11-06T20:52:44Z	
v1beta1-rev318-1.25.0		2018-11-06T20:55:59Z	
v1beta1-rev321-1.18.0-rc		2018-11-12T17:25:09Z	
v1beta1-rev321-1.22.0		2018-11-12T17:27:18Z	
v1beta1-rev321-1.23.0		2018-11-12T17:26:20Z	
v1beta1-rev321-1.24.1		2018-11-12T17:23:43Z	
v1beta1-rev321-1.25.0		2018-11-12T18:30:59Z	
v1beta1-rev322-1.18.0-rc		2018-11-13T16:58:53Z	
v1beta1-rev322-1.22.0		2018-11-13T20:36:19Z	
v1beta1-rev322-1.23.0		2018-11-13T20:35:14Z	
v1beta1-rev322-1.24.1		2018-11-13T20:34:25Z	
v1beta1-rev322-1.25.0		2018-11-13T17:22:19Z	
v1beta1-rev325-1.18.0-rc		2018-11-19T16:33:47Z	
v1beta1-rev325-1.22.0		2018-11-19T16:34:36Z	
v1beta1-rev325-1.23.0		2018-11-19T18:25:57Z	
v1beta1-rev325-1.24.1		2018-11-19T18:24:45Z	
v1beta1-rev325-1.25.0		2018-11-19T18:25:23Z	
v1beta1-rev326-1.18.0-rc		2018-11-21T00:24:31Z	
v1beta1-rev326-1.22.0		2018-11-21T00:26:33Z	
v1beta1-rev326-1.23.0		2018-11-21T00:25:41Z	
v1beta1-rev326-1.24.1		2018-11-21T00:23:55Z	
v1beta1-rev326-1.25.0		2018-11-21T00:25:07Z	
v1beta1-rev327-1.18.0-rc		2018-11-21T17:25:12Z	
v1beta1-rev327-1.22.0		2018-11-21T16:22:28Z	
v1beta1-rev327-1.23.0		2018-11-21T16:21:49Z	
v1beta1-rev327-1.24.1		2018-11-21T17:24:27Z	
v1beta1-rev327-1.25.0		2018-11-21T17:25:53Z	
v1beta1-rev328-1.18.0-rc		2018-11-22T17:18:12Z	
v1beta1-rev328-1.22.0		2018-11-22T18:18:07Z	
v1beta1-rev328-1.23.0		2018-11-22T18:17:33Z	
v1beta1-rev328-1.24.1		2018-11-22T18:16:57Z	
v1beta1-rev328-1.25.0		2018-11-22T20:15:33Z	
v1beta1-rev329-1.18.0-rc		2018-11-26T17:26:03Z	
v1beta1-rev329-1.22.0		2018-11-26T17:27:27Z	
v1beta1-rev329-1.23.0		2018-11-26T18:23:40Z	
v1beta1-rev329-1.24.1		2018-11-26T18:22:15Z	
v1beta1-rev329-1.25.0		2018-11-26T18:22:53Z	
v1beta1-rev33-1.14.2-beta		2013-12-04T22:22:15Z	
v1beta1-rev33-1.15.0-rc		2013-12-04T22:21:23Z	
v1beta1-rev33-1.16.0-rc		2013-12-04T22:21:44Z	
v1beta1-rev33-1.17.0-rc		2013-12-04T22:21:01Z	
v1beta1-rev336-1.18.0-rc		2018-12-10T18:38:27Z	
v1beta1-rev336-1.22.0		2018-12-10T18:40:26Z	
v1beta1-rev336-1.23.0		2018-12-10T18:39:48Z	
v1beta1-rev336-1.24.1		2018-12-10T18:37:48Z	
v1beta1-rev336-1.25.0		2018-12-10T18:39:09Z	
v1beta1-rev34-1.14.2-beta		2013-12-12T21:37:44Z	
v1beta1-rev34-1.15.0-rc		2013-12-12T21:36:55Z	
v1beta1-rev34-1.16.0-rc		2013-12-12T21:37:24Z	
v1beta1-rev34-1.17.0-rc		2013-12-12T21:36:33Z	
v1beta1-rev35-1.14.2-beta		2013-12-19T20:08:16Z	
v1beta1-rev35-1.15.0-rc		2013-12-19T20:07:20Z	
v1beta1-rev35-1.16.0-rc		2013-12-19T20:07:44Z	
v1beta1-rev35-1.17.0-rc		2013-12-19T20:06:57Z	
v1beta1-rev357-1.18.0-rc		2019-02-15T03:55:59Z	
v1beta1-rev357-1.22.0		2019-02-15T03:58:00Z	
v1beta1-rev357-1.23.0		2019-02-15T03:57:12Z	
v1beta1-rev357-1.24.1		2019-02-15T03:54:58Z	
v1beta1-rev357-1.25.0		2019-02-15T03:56:36Z	
v1beta1-rev358-1.18.0-rc		2019-02-18T20:14:41Z	
v1beta1-rev358-1.22.0		2019-02-18T20:16:32Z	
v1beta1-rev358-1.23.0		2019-02-18T20:15:54Z	
v1beta1-rev358-1.24.1		2019-02-18T22:22:36Z	
v1beta1-rev358-1.25.0		2019-02-18T20:15:18Z	
v1beta1-rev359-1.18.0-rc		2019-02-19T19:20:16Z	
v1beta1-rev359-1.22.0		2019-02-19T17:13:44Z	
v1beta1-rev359-1.23.0		2019-02-19T17:13:04Z	
v1beta1-rev359-1.24.1		2019-02-19T19:18:56Z	
v1beta1-rev359-1.25.0		2019-02-19T19:21:24Z	
v1beta1-rev36-1.14.2-beta		2014-01-08T00:26:14Z	
v1beta1-rev36-1.15.0-rc		2014-01-08T00:25:15Z	
v1beta1-rev36-1.16.0-rc		2014-01-08T00:25:43Z	
v1beta1-rev36-1.17.0-rc		2014-01-08T00:24:48Z	
v1beta1-rev360-1.18.0-rc		2019-02-21T07:37:44Z	
v1beta1-rev360-1.22.0		2019-02-21T07:39:46Z	
v1beta1-rev360-1.23.0		2019-02-21T07:39:03Z	
v1beta1-rev360-1.24.1		2019-02-21T07:36:20Z	
v1beta1-rev360-1.25.0		2019-02-21T07:38:21Z	
v1beta1-rev361-1.18.0-rc		2019-02-21T19:37:25Z	
v1beta1-rev361-1.22.0		2019-02-21T19:39:53Z	
v1beta1-rev361-1.23.0		2019-02-21T19:38:49Z	
v1beta1-rev361-1.24.1		2019-02-21T19:36:49Z	
v1beta1-rev361-1.25.0		2019-02-21T19:38:07Z	
v1beta1-rev362-1.18.0-rc		2019-02-26T00:45:48Z	
v1beta1-rev362-1.22.0		2019-02-26T00:47:58Z	
v1beta1-rev362-1.23.0		2019-02-26T00:47:21Z	
v1beta1-rev362-1.24.1		2019-02-26T00:45:06Z	
v1beta1-rev362-1.25.0		2019-02-26T00:46:44Z	
v1beta1-rev363-1.18.0-rc		2019-02-26T20:12:38Z	
v1beta1-rev363-1.22.0		2019-02-26T19:21:29Z	
v1beta1-rev363-1.23.0		2019-02-26T19:20:13Z	
v1beta1-rev363-1.24.1		2019-02-26T22:35:00Z	
v1beta1-rev363-1.25.0		2019-02-26T19:19:16Z	
v1beta1-rev364-1.18.0-rc		2019-02-28T17:33:44Z	
v1beta1-rev364-1.22.0		2019-02-28T17:38:13Z	
v1beta1-rev364-1.23.0		2019-02-28T17:37:34Z	
v1beta1-rev364-1.24.1		2019-02-28T17:31:38Z	
v1beta1-rev364-1.25.0		2019-02-28T17:36:35Z	
v1beta1-rev365-1.18.0-rc		2019-02-28T21:15:16Z	
v1beta1-rev365-1.22.0		2019-02-28T20:15:48Z	
v1beta1-rev365-1.23.0		2019-03-01T00:38:10Z	
v1beta1-rev365-1.24.1		2019-03-01T00:36:03Z	
v1beta1-rev365-1.25.0		2019-03-01T00:37:22Z	
v1beta1-rev366-1.18.0-rc		2019-03-06T00:34:08Z	
v1beta1-rev366-1.22.0		2019-03-05T21:28:35Z	
v1beta1-rev366-1.23.0		2019-03-06T00:34:45Z	
v1beta1-rev366-1.24.1		2019-03-06T00:33:32Z	
v1beta1-rev366-1.25.0		2019-03-06T01:32:35Z	
v1beta1-rev367-1.18.0-rc		2019-03-06T23:21:52Z	
v1beta1-rev367-1.22.0		2019-03-06T20:28:17Z	
v1beta1-rev367-1.23.0		2019-03-06T20:27:15Z	
v1beta1-rev367-1.24.1		2019-03-06T22:23:49Z	
v1beta1-rev367-1.25.0		2019-03-07T00:15:05Z	
v1beta1-rev369-1.18.0-rc		2019-03-12T04:32:54Z	
v1beta1-rev369-1.22.0		2019-03-11T20:28:21Z	
v1beta1-rev369-1.23.0		2019-03-12T02:47:37Z	
v1beta1-rev369-1.24.1		2019-03-11T23:25:32Z	
v1beta1-rev369-1.25.0		2019-03-12T02:46:40Z	
v1beta1-rev37-1.14.2-beta		2014-01-30T22:03:47Z	
v1beta1-rev37-1.15.0-rc		2014-01-30T22:01:48Z	
v1beta1-rev37-1.16.0-rc		2014-01-30T22:02:50Z	
v1beta1-rev37-1.17.0-rc		2014-01-30T22:01:05Z	
v1beta1-rev370-1.18.0-rc		2019-03-13T20:28:48Z	
v1beta1-rev370-1.22.0		2019-03-13T18:15:58Z	
v1beta1-rev370-1.23.0		2019-03-13T18:15:24Z	
v1beta1-rev370-1.24.1		2019-03-13T20:27:49Z	
v1beta1-rev371-1.18.0-rc		2019-03-15T01:59:50Z	
v1beta1-rev371-1.22.0		2019-03-15T05:40:20Z	
v1beta1-rev371-1.23.0		2019-03-15T05:39:30Z	
v1beta1-rev371-1.24.1		2019-03-15T01:59:13Z	
v1beta1-rev371-1.25.0		2019-03-15T02:00:44Z	
v1beta1-rev372-1.18.0-rc		2019-03-18T19:16:15Z	
v1beta1-rev372-1.22.0		2019-03-18T18:16:12Z	
v1beta1-rev372-1.23.0		2019-03-18T18:15:30Z	
v1beta1-rev372-1.24.1		2019-03-19T06:35:50Z	
v1beta1-rev372-1.25.0		2019-03-18T22:16:35Z	
v1beta1-rev373-1.22.0		2019-03-19T22:46:23Z	
v1beta1-rev373-1.23.0		2019-03-19T22:44:47Z	
v1beta1-rev377-1.18.0-rc		2019-03-22T18:55:53Z	
v1beta1-rev377-1.22.0		2019-03-22T18:57:53Z	
v1beta1-rev377-1.23.0		2019-03-22T18:57:14Z	
v1beta1-rev377-1.24.1		2019-03-22T18:55:16Z	
v1beta1-rev377-1.25.0		2019-03-22T18:56:31Z	
v1beta1-rev378-1.18.0-rc		2019-03-25T23:37:44Z	
v1beta1-rev378-1.22.0		2019-03-25T23:39:23Z	
v1beta1-rev378-1.23.0		2019-03-25T23:38:29Z	
v1beta1-rev378-1.24.1		2019-03-25T23:37:04Z	
v1beta1-rev378-1.25.0		2019-03-26T10:53:28Z	
v1beta1-rev379-1.18.0-rc		2019-03-27T03:53:36Z	
v1beta1-rev379-1.22.0		2019-03-26T21:20:35Z	
v1beta1-rev379-1.23.0		2019-03-26T21:18:49Z	
v1beta1-rev379-1.24.1		2019-03-27T03:52:49Z	
v1beta1-rev379-1.25.0		2019-03-27T03:54:17Z	
v1beta1-rev38-1.14.2-beta		2014-02-24T19:10:47Z	
v1beta1-rev38-1.15.0-rc		2014-02-24T19:09:55Z	
v1beta1-rev38-1.16.0-rc		2014-02-24T19:10:20Z	
v1beta1-rev38-1.17.0-rc		2014-02-24T19:09:29Z	
v1beta1-rev380-1.18.0-rc		2019-03-29T18:41:26Z	
v1beta1-rev380-1.22.0		2019-03-29T18:45:03Z	
v1beta1-rev380-1.23.0		2019-03-29T19:43:37Z	
v1beta1-rev380-1.24.1		2019-03-29T18:39:46Z	
v1beta1-rev380-1.25.0		2019-03-29T18:43:23Z	
v1beta1-rev382-1.18.0-rc		2019-04-09T20:16:19Z	
v1beta1-rev382-1.22.0		2019-04-09T20:17:19Z	
v1beta1-rev382-1.23.0		2019-04-09T21:14:01Z	
v1beta1-rev382-1.24.1		2019-04-09T23:23:20Z	
v1beta1-rev382-1.25.0		2019-04-09T23:27:50Z	
v1beta1-rev383-1.18.0-rc		2019-04-10T21:16:42Z	
v1beta1-rev383-1.22.0		2019-04-10T23:25:54Z	
v1beta1-rev383-1.23.0		2019-04-10T21:19:08Z	
v1beta1-rev383-1.24.1		2019-04-10T23:25:18Z	
v1beta1-rev383-1.25.0		2019-04-10T21:17:46Z	
v1beta1-rev384-1.18.0-rc		2019-04-16T13:23:44Z	
v1beta1-rev384-1.22.0		2019-04-15T21:37:14Z	
v1beta1-rev384-1.23.0		2019-04-16T13:25:08Z	
v1beta1-rev384-1.24.1		2019-04-16T13:23:05Z	
v1beta1-rev384-1.25.0		2019-04-16T13:24:24Z	
v1beta1-rev385-1.18.0-rc		2019-04-16T21:16:55Z	
v1beta1-rev385-1.22.0		2019-04-16T23:15:50Z	
v1beta1-rev385-1.23.0		2019-04-17T00:28:57Z	
v1beta1-rev385-1.24.1		2019-04-17T00:28:16Z	
v1beta1-rev385-1.25.0		2019-04-16T21:17:58Z	
v1beta1-rev386-1.18.0-rc		2019-04-24T03:38:20Z	
v1beta1-rev386-1.22.0		2019-04-24T03:40:58Z	
v1beta1-rev386-1.23.0		2019-04-24T03:39:48Z	
v1beta1-rev386-1.24.1		2019-04-24T03:37:41Z	
v1beta1-rev386-1.25.0		2019-04-24T03:39:04Z	
v1beta1-rev387-1.18.0-rc		2019-04-25T19:44:36Z	
v1beta1-rev387-1.22.0		2019-04-25T19:47:55Z	
v1beta1-rev387-1.23.0		2019-04-25T19:46:34Z	
v1beta1-rev387-1.24.1		2019-04-25T19:43:41Z	
v1beta1-rev387-1.25.0		2019-04-25T19:45:32Z	
v1beta1-rev388-1.18.0-rc		2019-04-26T06:54:34Z	
v1beta1-rev388-1.22.0		2019-04-26T01:34:20Z	
v1beta1-rev388-1.23.0		2019-04-26T01:33:39Z	
v1beta1-rev388-1.24.1		2019-04-26T14:58:52Z	
v1beta1-rev388-1.25.0		2019-04-26T15:58:45Z	
v1beta1-rev389-1.18.0-rc		2019-04-30T13:05:01Z	
v1beta1-rev389-1.22.0		2019-04-30T13:17:21Z	
v1beta1-rev389-1.23.0		2019-04-30T13:12:34Z	
v1beta1-rev389-1.24.1		2019-04-30T13:01:07Z	
v1beta1-rev389-1.25.0		2019-04-30T13:46:31Z	
v1beta1-rev39-1.14.2-beta		2014-03-12T02:58:23Z	
v1beta1-rev39-1.15.0-rc		2014-03-12T02:56:48Z	
v1beta1-rev39-1.16.0-rc		2014-03-12T02:57:31Z	
v1beta1-rev39-1.17.0-rc		2014-03-12T02:55:56Z	
v1beta1-rev390-1.18.0-rc		2019-05-02T20:26:33Z	
v1beta1-rev390-1.22.0		2019-05-02T19:18:47Z	
v1beta1-rev390-1.23.0		2019-05-02T21:26:27Z	
v1beta1-rev390-1.24.1		2019-05-02T23:46:31Z	
v1beta1-rev390-1.25.0		2019-05-03T01:40:50Z	
v1beta1-rev391-1.18.0-rc		2019-05-06T22:48:18Z	
v1beta1-rev391-1.22.0		2019-05-06T22:49:57Z	
v1beta1-rev391-1.23.0		2019-05-06T22:49:05Z	
v1beta1-rev391-1.24.1		2019-05-06T22:47:41Z	
v1beta1-rev391-1.25.0		2019-05-07T00:33:35Z	
v1beta1-rev392-1.18.0-rc		2019-05-09T01:39:24Z	
v1beta1-rev392-1.22.0		2019-05-09T01:40:22Z	
v1beta1-rev392-1.23.0		2019-05-09T06:47:54Z	
v1beta1-rev392-1.24.1		2019-05-09T06:00:30Z	
v1beta1-rev392-1.25.0		2019-05-09T06:02:28Z	
v1beta1-rev393-1.18.0-rc		2019-05-09T22:23:45Z	
v1beta1-rev393-1.22.0		2019-05-09T22:28:50Z	
v1beta1-rev393-1.23.0		2019-05-09T22:27:32Z	
v1beta1-rev393-1.24.1		2019-05-10T02:51:19Z	
v1beta1-rev393-1.25.0		2019-05-09T22:25:47Z	
v1beta1-rev394-1.18.0-rc		2019-05-13T21:57:09Z	
v1beta1-rev394-1.22.0		2019-05-13T19:49:46Z	
v1beta1-rev394-1.23.0		2019-05-13T19:48:20Z	
v1beta1-rev394-1.24.1		2019-05-14T12:41:12Z	
v1beta1-rev394-1.25.0		2019-05-13T23:16:26Z	
v1beta1-rev395-1.18.0-rc		2019-05-15T05:20:32Z	
v1beta1-rev395-1.25.0		2019-05-15T05:21:31Z	
v1beta1-rev397-1.18.0-rc		2019-05-18T05:05:13Z	
v1beta1-rev397-1.25.0		2019-05-18T09:05:37Z	
v1beta1-rev398-1.18.0-rc		2019-05-21T21:12:43Z	
v1beta1-rev398-1.25.0		2019-05-21T21:13:56Z	
v1beta1-rev40-1.14.2-beta		2014-03-26T21:16:49Z	
v1beta1-rev40-1.15.0-rc		2014-03-26T21:15:50Z	
v1beta1-rev40-1.16.0-rc		2014-03-26T21:16:17Z	
v1beta1-rev40-1.17.0-rc		2014-03-26T21:15:14Z	
v1beta1-rev40-1.18.0-rc		2014-04-02T21:40:45Z	
v1beta1-rev41-1.14.2-beta		2014-04-09T02:10:40Z	
v1beta1-rev41-1.15.0-rc		2014-04-09T03:07:17Z	
v1beta1-rev41-1.16.0-rc		2014-04-09T02:07:57Z	
v1beta1-rev41-1.17.0-rc		2014-04-09T03:05:53Z	
v1beta1-rev41-1.18.0-rc		2014-04-09T02:09:26Z	
v1beta1-rev42-1.14.2-beta		2014-04-16T23:24:41Z	
v1beta1-rev42-1.15.0-rc		2014-04-16T23:23:20Z	
v1beta1-rev42-1.16.0-rc		2014-04-16T23:23:45Z	
v1beta1-rev42-1.17.0-rc		2014-04-16T23:22:56Z	
v1beta1-rev42-1.18.0-rc		2014-04-16T23:24:09Z	
v1beta1-rev43-1.14.2-beta		2014-04-29T19:55:19Z	
v1beta1-rev43-1.15.0-rc		2014-04-29T19:52:58Z	
v1beta1-rev43-1.16.0-rc		2014-04-29T19:53:39Z	
v1beta1-rev43-1.17.0-rc		2014-04-29T19:52:21Z	
v1beta1-rev43-1.18.0-rc		2014-04-29T19:54:33Z	
v1beta1-rev44-1.14.2-beta		2014-05-22T23:58:33Z	
v1beta1-rev44-1.15.0-rc		2014-05-22T23:56:46Z	
v1beta1-rev44-1.16.0-rc		2014-05-22T23:57:32Z	
v1beta1-rev44-1.17.0-rc		2014-05-22T23:55:54Z	
v1beta1-rev44-1.18.0-rc		2014-05-29T13:34:43Z	
v1beta1-rev45-1.14.2-beta		2014-07-07T19:50:58Z	
v1beta1-rev45-1.15.0-rc		2014-07-07T19:48:38Z	
v1beta1-rev45-1.16.0-rc		2014-07-07T19:49:23Z	
v1beta1-rev45-1.17.0-rc		2014-07-07T19:47:55Z	
v1beta1-rev45-1.18.0-rc		2014-07-07T19:50:11Z	
v1beta1-rev46-1.14.2-beta		2014-07-16T21:48:08Z	
v1beta1-rev46-1.15.0-rc		2014-07-16T21:47:08Z	
v1beta1-rev46-1.16.0-rc		2014-07-16T21:47:28Z	
v1beta1-rev46-1.17.0-rc		2014-07-16T21:46:49Z	
v1beta1-rev46-1.18.0-rc		2014-07-16T21:47:48Z	
v1beta1-rev47-1.15.0-rc		2014-07-24T18:34:04Z	
v1beta1-rev47-1.16.0-rc		2014-07-24T18:34:23Z	
v1beta1-rev47-1.17.0-rc		2014-07-24T18:33:45Z	
v1beta1-rev47-1.18.0-rc		2014-07-24T18:34:42Z	
v1beta1-rev47-1.19.0		2014-07-25T21:33:48Z	
v1beta1-rev48-1.15.0-rc		2014-09-04T00:58:43Z	
v1beta1-rev48-1.16.0-rc		2014-09-04T02:50:32Z	
v1beta1-rev48-1.17.0-rc		2014-09-04T00:57:05Z	
v1beta1-rev48-1.18.0-rc		2014-09-04T01:02:36Z	
v1beta1-rev48-1.19.0		2014-09-04T01:03:51Z	
v1beta1-rev49-1.15.0-rc		2014-10-08T01:23:18Z	
v1beta1-rev49-1.16.0-rc		2014-10-08T01:23:48Z	
v1beta1-rev49-1.17.0-rc		2014-10-08T01:22:58Z	
v1beta1-rev49-1.18.0-rc		2014-10-08T01:24:10Z	
v1beta1-rev49-1.19.0		2014-10-08T01:24:29Z	
v1beta1-rev50-1.15.0-rc		2014-10-09T05:42:59Z	
v1beta1-rev50-1.16.0-rc		2014-10-09T05:43:31Z	
v1beta1-rev50-1.17.0-rc		2014-10-09T05:42:28Z	
v1beta1-rev50-1.18.0-rc		2014-10-09T05:44:03Z	
v1beta1-rev50-1.19.0		2014-10-09T05:44:37Z	
v1beta1-rev51-1.15.0-rc		2014-11-21T00:47:52Z	
v1beta1-rev51-1.16.0-rc		2014-11-21T00:48:30Z	
v1beta1-rev51-1.17.0-rc		2014-11-21T00:47:10Z	
v1beta1-rev51-1.18.0-rc		2014-11-21T00:49:00Z	
v1beta1-rev51-1.19.0		2014-11-21T00:49:29Z	
v1beta1-rev52-1.15.0-rc		2014-11-25T14:07:15Z	
v1beta1-rev52-1.16.0-rc		2014-11-25T14:07:46Z	
v1beta1-rev52-1.17.0-rc		2014-12-30T20:06:06Z	
v1beta1-rev52-1.18.0-rc		2014-11-25T14:08:18Z	
v1beta1-rev52-1.19.0		2014-11-25T14:35:47Z	
v1beta1-rev52-1.19.1		2015-01-06T01:56:59Z	
v1beta1-rev53-1.17.0-rc		2015-02-17T19:36:58Z	
v1beta1-rev53-1.18.0-rc		2015-02-17T19:37:29Z	
v1beta1-rev53-1.19.0		2015-02-17T19:38:30Z	
v1beta1-rev53-1.19.1		2015-02-17T19:38:09Z	
v1beta1-rev54-1.17.0-rc		2015-02-27T15:07:09Z	
v1beta1-rev54-1.18.0-rc		2015-02-27T15:07:41Z	
v1beta1-rev54-1.19.0		2015-02-27T15:08:49Z	
v1beta1-rev54-1.19.1		2015-02-27T15:08:17Z	
v1beta1-rev55-1.17.0-rc		2015-03-16T19:17:41Z	
v1beta1-rev55-1.18.0-rc		2015-03-16T18:36:41Z	
v1beta1-rev55-1.19.0		2015-05-12T19:38:11Z	
v1beta1-rev55-1.19.1		2015-06-18T10:44:02Z	
v1beta1-rev55-1.20.0		2015-03-20T03:26:31Z	
v1beta1-rev56-1.18.0-rc		2015-08-08T06:39:07Z	
v1beta1-rev56-1.19.0		2015-09-21T10:07:38Z	
v1beta1-rev56-1.19.1		2015-08-09T01:37:57Z	
v1beta1-rev56-1.20.0		2015-07-26T06:37:36Z	
v1beta1-rev57-1.18.0-rc		2015-09-21T18:19:11Z	
v1beta1-rev57-1.19.0		2015-10-22T18:38:39Z	
v1beta1-rev57-1.19.1		2015-11-20T00:43:45Z	
v1beta1-rev57-1.20.0		2015-09-21T18:18:32Z	
v1beta1-rev57-1.21.0		2015-11-21T01:20:25Z	
v1beta1-rev58-1.18.0-rc		2015-12-14T13:11:42Z	
v1beta1-rev58-1.19.1		2015-12-14T13:12:01Z	
v1beta1-rev58-1.20.0		2015-12-14T13:11:23Z	
v1beta1-rev58-1.21.0		2015-12-14T13:11:03Z	
v1beta1-rev59-1.18.0-rc		2016-01-12T03:23:51Z	
v1beta1-rev59-1.19.1		2016-01-12T03:24:10Z	
v1beta1-rev59-1.20.0		2016-01-12T03:23:29Z	
v1beta1-rev59-1.21.0		2016-01-12T03:23:07Z	
v1beta1-rev60-1.18.0-rc		2016-02-04T18:08:04Z	
v1beta1-rev60-1.19.1		2016-02-04T18:08:27Z	
v1beta1-rev60-1.20.0		2016-02-04T18:07:45Z	
v1beta1-rev60-1.21.0		2016-02-04T18:07:26Z	
v1beta1-rev61-1.18.0-rc		2016-02-11T02:20:18Z	
v1beta1-rev61-1.19.1		2016-02-11T02:20:36Z	
v1beta1-rev61-1.20.0		2016-02-11T02:19:59Z	
v1beta1-rev61-1.21.0		2016-02-11T02:19:40Z	
v1beta1-rev62-1.18.0-rc		2016-03-01T18:07:18Z	
v1beta1-rev62-1.19.1		2016-03-01T18:07:41Z	
v1beta1-rev62-1.20.0		2016-03-01T18:06:57Z	
v1beta1-rev62-1.21.0		2016-03-01T18:06:37Z	
v1beta1-rev63-1.18.0-rc		2016-04-27T09:29:55Z	
v1beta1-rev63-1.19.1		2016-04-27T09:30:19Z	
v1beta1-rev63-1.20.0		2016-04-27T09:29:23Z	
v1beta1-rev63-1.21.0		2016-04-26T23:39:32Z	
v1beta1-rev63-1.22.0		2016-05-07T00:20:02Z	
v1beta1-rev64-1.18.0-rc		2016-05-13T19:09:29Z	
v1beta1-rev64-1.20.0		2016-05-13T19:09:09Z	
v1beta1-rev64-1.21.0		2016-05-13T19:10:16Z	
v1beta1-rev64-1.22.0		2016-05-13T19:09:55Z	
v1beta1-rev65-1.18.0-rc		2016-05-18T13:25:49Z	
v1beta1-rev65-1.20.0		2016-05-18T13:25:05Z	
v1beta1-rev65-1.21.0		2016-05-18T13:37:35Z	
v1beta1-rev65-1.22.0		2016-05-18T13:26:37Z	
v1beta1-rev67-1.18.0-rc		2016-11-03T22:33:19Z	
v1beta1-rev67-1.20.0		2016-11-03T22:32:26Z	
v1beta1-rev67-1.21.0		2016-11-03T22:34:39Z	
v1beta1-rev67-1.22.0		2016-11-03T22:34:04Z	
v1beta1-rev68-1.18.0-rc		2016-11-07T11:11:13Z	
v1beta1-rev68-1.20.0		2016-11-07T12:10:24Z	
v1beta1-rev68-1.21.0		2016-11-07T11:12:24Z	
v1beta1-rev68-1.22.0		2016-11-07T11:11:49Z	
v1beta1-rev69-1.18.0-rc		2016-11-09T14:09:55Z	
v1beta1-rev69-1.20.0		2016-11-09T14:09:16Z	
v1beta1-rev69-1.21.0		2016-11-09T14:11:09Z	
v1beta1-rev69-1.22.0		2016-11-09T14:10:34Z	
v1beta1-rev70-1.18.0-rc		2016-11-10T14:42:22Z	
v1beta1-rev70-1.20.0		2016-11-10T15:10:47Z	
v1beta1-rev70-1.21.0		2016-11-10T14:43:33Z	
v1beta1-rev70-1.22.0		2016-11-10T14:42:57Z	
v1beta1-rev71-1.18.0-rc		2016-11-11T14:42:18Z	
v1beta1-rev71-1.20.0		2016-11-11T14:41:43Z	
v1beta1-rev71-1.21.0		2016-11-11T14:43:47Z	
v1beta1-rev71-1.22.0		2016-11-11T14:42:56Z	
v1beta1-rev72-1.18.0-rc		2016-11-14T15:10:52Z	
v1beta1-rev72-1.20.0		2016-11-14T14:40:43Z	
v1beta1-rev72-1.21.0		2016-11-14T14:42:08Z	
v1beta1-rev72-1.22.0		2016-11-14T14:41:34Z	
v1beta1-rev73-1.18.0-rc		2016-11-15T14:12:22Z	
v1beta1-rev73-1.20.0		2016-11-15T14:11:48Z	
v1beta1-rev73-1.21.0		2016-11-15T14:13:39Z	
v1beta1-rev73-1.22.0		2016-11-15T14:12:55Z	
v1beta1-rev74-1.18.0-rc		2016-11-16T17:50:53Z	
v1beta1-rev74-1.20.0		2016-11-16T17:50:18Z	
v1beta1-rev74-1.21.0		2016-11-16T17:52:06Z	
v1beta1-rev74-1.22.0		2016-11-16T17:51:30Z	
v1beta1-rev76-1.18.0-rc		2016-11-17T03:44:17Z	
v1beta1-rev76-1.20.0		2016-11-17T03:43:38Z	
v1beta1-rev76-1.21.0		2016-11-17T05:12:36Z	
v1beta1-rev76-1.22.0		2016-11-17T05:12:01Z	
v1beta1-rev77-1.18.0-rc		2016-11-17T14:27:27Z	
v1beta1-rev77-1.20.0		2016-11-17T14:26:51Z	
v1beta1-rev77-1.21.0		2016-11-17T14:28:56Z	
v1beta1-rev77-1.22.0		2016-11-17T14:28:11Z	
v1beta1-rev78-1.18.0-rc		2017-01-12T02:57:51Z	
v1beta1-rev78-1.20.0		2017-01-12T02:57:16Z	
v1beta1-rev78-1.21.0		2017-01-12T02:59:04Z	
v1beta1-rev78-1.22.0		2017-01-12T02:58:25Z	
v1beta1-rev79-1.18.0-rc		2017-01-12T19:22:34Z	
v1beta1-rev79-1.20.0		2017-01-12T19:21:57Z	
v1beta1-rev79-1.21.0		2017-01-12T19:23:49Z	
v1beta1-rev79-1.22.0		2017-01-12T19:23:09Z	
v1beta1-rev80-1.18.0-rc		2017-01-16T20:14:47Z	
v1beta1-rev80-1.20.0		2017-01-16T20:14:11Z	
v1beta1-rev80-1.21.0		2017-01-16T20:16:01Z	
v1beta1-rev80-1.22.0		2017-01-16T20:15:25Z	
v1beta1-rev81-1.18.0-rc		2017-01-17T14:42:58Z	
v1beta1-rev81-1.20.0		2017-01-17T15:10:00Z	
v1beta1-rev81-1.21.0		2017-01-17T14:44:29Z	
v1beta1-rev81-1.22.0		2017-01-17T14:43:45Z	
v1beta1-rev82-1.18.0-rc		2017-01-18T14:13:11Z	
v1beta1-rev82-1.20.0		2017-01-18T14:12:19Z	
v1beta1-rev82-1.21.0		2017-01-18T14:15:06Z	
v1beta1-rev82-1.22.0		2017-01-18T14:14:09Z	
v1beta1-rev83-1.18.0-rc		2017-01-19T17:18:08Z	
v1beta1-rev83-1.20.0		2017-01-19T17:17:12Z	
v1beta1-rev83-1.21.0		2017-01-19T17:19:23Z	
v1beta1-rev83-1.22.0		2017-01-19T17:18:46Z	
v1beta1-rev84-1.18.0-rc		2017-01-23T18:21:35Z	
v1beta1-rev84-1.20.0		2017-01-23T18:20:56Z	
v1beta1-rev84-1.21.0		2017-01-23T18:22:50Z	
v1beta1-rev84-1.22.0		2017-01-23T18:22:13Z	
v1beta1-rev85-1.18.0-rc		2017-01-24T14:52:02Z	
v1beta1-rev85-1.20.0		2017-01-24T14:51:13Z	
v1beta1-rev85-1.21.0		2017-01-24T14:54:29Z	
v1beta1-rev85-1.22.0		2017-01-24T14:53:26Z	
v1beta1-rev86-1.18.0-rc		2017-01-25T14:24:14Z	
v1beta1-rev86-1.20.0		2017-01-25T14:39:28Z	
v1beta1-rev86-1.21.0		2017-01-25T14:26:53Z	
v1beta1-rev86-1.22.0		2017-01-25T14:25:48Z	
v1beta1-rev87-1.18.0-rc		2017-01-26T14:30:59Z	
v1beta1-rev87-1.20.0		2017-01-26T14:29:52Z	
v1beta1-rev87-1.21.0		2017-01-26T14:33:48Z	
v1beta1-rev87-1.22.0		2017-01-26T14:32:43Z	
v1beta1-rev93-1.18.0-rc		2017-02-07T22:35:58Z	
v1beta1-rev93-1.20.0		2017-02-07T22:35:12Z	
v1beta1-rev93-1.21.0		2017-02-07T22:37:13Z	
v1beta1-rev93-1.22.0		2017-02-07T22:36:47Z	
v1beta1-rev95-1.18.0-rc		2017-02-10T03:29:33Z	
v1beta1-rev95-1.20.0		2017-02-10T03:28:55Z	
v1beta1-rev95-1.21.0		2017-02-10T03:30:28Z	
v1beta1-rev95-1.22.0		2017-02-10T03:29:55Z	
v1beta1-rev96-1.18.0-rc		2017-02-21T17:37:15Z	
v1beta1-rev96-1.20.0		2017-02-21T17:36:21Z	
v1beta1-rev96-1.21.0		2017-02-21T17:38:31Z	
v1beta1-rev96-1.22.0		2017-02-21T17:37:58Z	
v1beta1-rev97-1.18.0-rc		2017-02-22T14:41:49Z	
v1beta1-rev97-1.20.0		2017-02-22T15:12:21Z	
v1beta1-rev97-1.21.0		2017-02-22T14:43:07Z	
v1beta1-rev97-1.22.0		2017-02-22T14:42:29Z	
v1beta1-rev98-1.18.0-rc		2017-02-23T17:20:02Z	
v1beta1-rev98-1.20.0		2017-02-23T17:19:16Z	
v1beta1-rev98-1.21.0		2017-02-23T17:21:29Z	
v1beta1-rev98-1.22.0		2017-02-23T17:20:47Z	
v1beta1-rev99-1.18.0-rc		2017-02-27T15:55:23Z	
v1beta1-rev99-1.20.0		2017-02-27T17:16:41Z	
v1beta1-rev99-1.21.0		2017-02-27T15:56:42Z	
v1beta1-rev99-1.22.0		2017-02-27T15:56:02Z	
v2-rev1-1.18.0-rc		2018-04-25T17:42:47Z	
v2-rev1-1.21.0		2018-04-25T17:46:06Z	
v2-rev1-1.22.0		2018-04-25T17:44:33Z	
v2-rev1-1.23.0		2018-04-25T17:07:23Z	
v2-rev10-1.18.0-rc		2018-05-16T11:42:17Z	
v2-rev10-1.21.0		2018-05-16T11:44:36Z	
v2-rev10-1.22.0		2018-05-16T11:43:52Z	
v2-rev10-1.23.0		2018-05-16T11:43:00Z	
v2-rev102-1.23.0		2018-12-17T13:14:04Z	
v2-rev102-1.24.1		2018-12-17T13:12:27Z	
v2-rev102-1.25.0		2018-12-17T13:13:24Z	
v2-rev11-1.18.0-rc		2018-05-17T14:12:15Z	
v2-rev11-1.21.0		2018-05-17T14:15:02Z	
v2-rev11-1.22.0		2018-05-17T14:13:50Z	
v2-rev11-1.23.0		2018-05-17T15:11:49Z	
v2-rev119-1.18.0-rc		2019-02-14T14:13:18Z	
v2-rev119-1.22.0		2019-02-14T14:15:41Z	
v2-rev119-1.23.0		2019-02-14T14:14:53Z	
v2-rev119-1.24.1		2019-02-14T14:12:26Z	
v2-rev119-1.25.0		2019-02-14T14:14:04Z	
v2-rev12-1.18.0-rc		2018-05-22T11:40:20Z	
v2-rev12-1.21.0		2018-05-22T12:19:12Z	
v2-rev12-1.22.0		2018-05-22T12:18:02Z	
v2-rev12-1.23.0		2018-05-22T12:16:54Z	
v2-rev120-1.18.0-rc		2019-02-18T14:53:23Z	
v2-rev120-1.22.0		2019-02-18T14:55:49Z	
v2-rev120-1.23.0		2019-02-18T14:55:12Z	
v2-rev120-1.24.1		2019-02-18T17:16:37Z	
v2-rev120-1.25.0		2019-02-18T14:54:33Z	
v2-rev121-1.18.0-rc		2019-02-19T13:17:25Z	
v2-rev121-1.22.0		2019-02-19T13:18:44Z	
v2-rev121-1.23.0		2019-02-19T19:23:06Z	
v2-rev121-1.24.1		2019-02-19T15:25:10Z	
v2-rev121-1.25.0		2019-02-19T15:26:14Z	
v2-rev122-1.18.0-rc		2019-02-20T13:24:31Z	
v2-rev122-1.22.0		2019-02-20T13:28:05Z	
v2-rev122-1.23.0		2019-02-20T13:26:53Z	
v2-rev122-1.24.1		2019-02-20T13:22:18Z	
v2-rev122-1.25.0		2019-02-20T13:26:08Z	
v2-rev123-1.18.0-rc		2019-02-21T19:41:56Z	
v2-rev123-1.22.0		2019-02-21T17:37:02Z	
v2-rev123-1.23.0		2019-02-21T17:36:04Z	
v2-rev123-1.24.1		2019-02-21T19:41:19Z	
v2-rev123-1.25.0		2019-02-21T19:42:34Z	
v2-rev124-1.18.0-rc		2019-02-25T17:16:34Z	
v2-rev124-1.22.0		2019-02-25T17:18:56Z	
v2-rev124-1.23.0		2019-02-25T17:18:20Z	
v2-rev124-1.24.1		2019-02-25T19:13:32Z	
v2-rev124-1.25.0		2019-02-25T17:17:36Z	
v2-rev125-1.18.0-rc		2019-02-26T17:28:39Z	
v2-rev125-1.22.0		2019-02-26T17:34:54Z	
v2-rev125-1.23.0		2019-02-26T17:32:54Z	
v2-rev125-1.24.1		2019-02-26T17:26:45Z	
v2-rev125-1.25.0		2019-02-26T17:30:59Z	
v2-rev126-1.18.0-rc		2019-02-27T18:47:44Z	
v2-rev126-1.22.0		2019-02-27T18:51:17Z	
v2-rev126-1.23.0		2019-02-27T18:50:04Z	
v2-rev126-1.24.1		2019-02-27T18:46:52Z	
v2-rev126-1.25.0		2019-02-27T18:48:51Z	
v2-rev127-1.18.0-rc		2019-02-28T17:39:04Z	
v2-rev127-1.22.0		2019-02-28T17:40:29Z	
v2-rev127-1.23.0		2019-02-28T17:39:48Z	
v2-rev127-1.24.1		2019-02-28T19:01:13Z	
v2-rev127-1.25.0		2019-02-28T19:46:38Z	
v2-rev128-1.18.0-rc		2019-03-05T18:17:32Z	
v2-rev128-1.22.0		2019-03-05T18:20:15Z	
v2-rev128-1.23.0		2019-03-05T18:19:21Z	
v2-rev128-1.24.1		2019-03-05T19:16:45Z	
v2-rev128-1.25.0		2019-03-05T18:18:34Z	
v2-rev129-1.18.0-rc		2019-03-06T18:12:55Z	
v2-rev129-1.22.0		2019-03-06T18:15:53Z	
v2-rev129-1.23.0		2019-03-06T18:14:58Z	
v2-rev129-1.24.1		2019-03-06T19:18:47Z	
v2-rev129-1.25.0		2019-03-06T18:14:07Z	
v2-rev13-1.18.0-rc		2018-05-23T13:10:35Z	
v2-rev13-1.21.0		2018-05-23T13:14:26Z	
v2-rev13-1.22.0		2018-05-23T13:13:18Z	
v2-rev13-1.23.0		2018-05-23T13:11:55Z	
v2-rev130-1.18.0-rc		2019-03-07T20:29:12Z	
v2-rev130-1.22.0		2019-03-07T20:31:35Z	
v2-rev130-1.23.0		2019-03-07T20:30:56Z	
v2-rev130-1.24.1		2019-03-07T21:17:53Z	
v2-rev130-1.25.0		2019-03-07T20:30:15Z	
v2-rev131-1.18.0-rc		2019-03-11T17:14:33Z	
v2-rev131-1.22.0		2019-03-11T17:17:19Z	
v2-rev131-1.23.0		2019-03-11T17:16:18Z	
v2-rev131-1.24.1		2019-03-11T18:13:59Z	
v2-rev131-1.25.0		2019-03-11T18:15:01Z	
v2-rev132-1.18.0-rc		2019-03-13T16:31:13Z	
v2-rev132-1.22.0		2019-03-13T16:34:05Z	
v2-rev132-1.23.0		2019-03-13T16:33:25Z	
v2-rev132-1.24.1		2019-03-13T17:15:21Z	
v2-rev132-1.25.0		2019-03-13T18:16:40Z	
v2-rev133-1.18.0-rc		2019-03-15T05:41:55Z	
v2-rev133-1.22.0		2019-03-15T05:44:09Z	
v2-rev133-1.23.0		2019-03-15T05:43:30Z	
v2-rev133-1.24.1		2019-03-15T05:41:06Z	
v2-rev133-1.25.0		2019-03-15T05:42:44Z	
v2-rev134-1.18.0-rc		2019-03-18T19:17:29Z	
v2-rev134-1.22.0		2019-03-18T19:19:43Z	
v2-rev134-1.23.0		2019-03-18T19:19:06Z	
v2-rev134-1.24.1		2019-03-18T19:16:52Z	
v2-rev134-1.25.0		2019-03-18T19:18:23Z	
v2-rev135-1.18.0-rc		2019-03-19T19:48:59Z	
v2-rev135-1.22.0		2019-03-19T18:18:55Z	
v2-rev135-1.23.0		2019-03-19T18:17:19Z	
v2-rev135-1.24.1		2019-03-19T20:15:13Z	
v2-rev135-1.25.0		2019-03-19T18:15:41Z	
v2-rev137-1.18.0-rc		2019-03-22T18:59:23Z	
v2-rev137-1.22.0		2019-03-22T19:46:06Z	
v2-rev137-1.23.0		2019-03-22T19:45:01Z	
v2-rev137-1.24.1		2019-03-22T18:58:31Z	
v2-rev137-1.25.0		2019-03-22T19:00:19Z	
v2-rev138-1.18.0-rc		2019-03-25T18:19:47Z	
v2-rev138-1.22.0		2019-03-25T18:23:47Z	
v2-rev138-1.23.0		2019-03-25T18:22:32Z	
v2-rev138-1.24.1		2019-03-25T18:18:03Z	
v2-rev138-1.25.0		2019-03-25T18:21:18Z	
v2-rev139-1.18.0-rc		2019-03-29T18:49:28Z	
v2-rev139-1.22.0		2019-03-29T18:53:03Z	
v2-rev139-1.23.0		2019-03-29T18:52:02Z	
v2-rev139-1.24.1		2019-03-29T18:47:24Z	
v2-rev139-1.25.0		2019-03-29T18:50:29Z	
v2-rev14-1.18.0-rc		2018-05-28T12:09:05Z	
v2-rev14-1.21.0		2018-05-28T12:11:45Z	
v2-rev14-1.22.0		2018-05-28T12:10:47Z	
v2-rev14-1.23.0		2018-05-28T12:09:47Z	
v2-rev142-1.18.0-rc		2019-04-09T16:13:06Z	
v2-rev142-1.22.0		2019-04-09T16:17:47Z	
v2-rev142-1.23.0		2019-04-09T17:13:27Z	
v2-rev142-1.24.1		2019-04-09T17:12:42Z	
v2-rev142-1.25.0		2019-04-09T20:19:17Z	
v2-rev143-1.18.0-rc		2019-04-10T17:14:46Z	
v2-rev143-1.22.0		2019-04-10T17:16:57Z	
v2-rev143-1.23.0		2019-04-10T17:16:04Z	
v2-rev143-1.24.1		2019-04-10T18:16:37Z	
v2-rev143-1.25.0		2019-04-10T17:15:27Z	
v2-rev144-1.18.0-rc		2019-04-11T17:17:28Z	
v2-rev144-1.22.0		2019-04-11T17:21:25Z	
v2-rev144-1.23.0		2019-04-11T17:19:49Z	
v2-rev144-1.24.1		2019-04-11T17:16:46Z	
v2-rev144-1.25.0		2019-04-11T17:18:08Z	
v2-rev145-1.18.0-rc		2019-04-15T18:14:24Z	
v2-rev145-1.22.0		2019-04-15T18:15:47Z	
v2-rev145-1.23.0		2019-04-15T18:15:04Z	
v2-rev145-1.24.1		2019-04-15T19:16:58Z	
v2-rev145-1.25.0		2019-04-15T21:38:00Z	
v2-rev146-1.18.0-rc		2019-04-16T18:19:18Z	
v2-rev146-1.22.0		2019-04-16T18:24:04Z	
v2-rev146-1.23.0		2019-04-16T18:21:11Z	
v2-rev146-1.24.1		2019-04-16T18:18:33Z	
v2-rev146-1.25.0		2019-04-16T18:20:20Z	
v2-rev148-1.24.1		2019-04-25T19:49:03Z	
v2-rev149-1.18.0-rc		2019-04-25T20:42:09Z	
v2-rev149-1.22.0		2019-04-25T20:48:31Z	
v2-rev149-1.23.0		2019-04-25T20:46:07Z	
v2-rev149-1.24.1		2019-04-25T23:36:03Z	
v2-rev149-1.25.0		2019-04-25T20:44:24Z	
v2-rev15-1.18.0-rc		2018-05-29T12:15:39Z	
v2-rev15-1.21.0		2018-05-29T18:11:30Z	
v2-rev15-1.22.0		2018-05-29T12:17:21Z	
v2-rev15-1.23.0		2018-05-29T12:16:21Z	
v2-rev150-1.18.0-rc		2019-04-29T21:26:32Z	
v2-rev150-1.22.0		2019-04-29T18:17:19Z	
v2-rev150-1.23.0		2019-04-29T21:27:12Z	
v2-rev150-1.24.1		2019-04-29T21:25:45Z	
v2-rev150-1.25.0		2019-04-29T22:18:40Z	
v2-rev151-1.18.0-rc		2019-05-02T16:22:23Z	
v2-rev151-1.22.0		2019-05-02T17:18:03Z	
v2-rev151-1.23.0		2019-05-02T17:17:21Z	
v2-rev151-1.24.1		2019-05-02T17:16:42Z	
v2-rev151-1.25.0		2019-05-02T16:23:39Z	
v2-rev152-1.18.0-rc		2019-05-06T18:14:00Z	
v2-rev152-1.22.0		2019-05-06T18:15:18Z	
v2-rev152-1.23.0		2019-05-06T18:14:39Z	
v2-rev152-1.24.1		2019-05-06T18:13:16Z	
v2-rev152-1.25.0		2019-05-06T19:14:16Z	
v2-rev153-1.18.0-rc		2019-05-08T14:22:28Z	
v2-rev153-1.22.0		2019-05-08T14:34:57Z	
v2-rev153-1.23.0		2019-05-08T14:32:43Z	
v2-rev153-1.24.1		2019-05-08T14:18:12Z	
v2-rev153-1.25.0		2019-05-08T14:27:43Z	
v2-rev154-1.18.0-rc		2019-05-09T14:28:06Z	
v2-rev154-1.22.0		2019-05-09T14:31:58Z	
v2-rev154-1.23.0		2019-05-09T14:30:26Z	
v2-rev154-1.24.1		2019-05-09T15:41:38Z	
v2-rev154-1.25.0		2019-05-09T14:29:10Z	
v2-rev155-1.18.0-rc		2019-05-13T16:14:17Z	
v2-rev155-1.22.0		2019-05-13T17:19:13Z	
v2-rev155-1.23.0		2019-05-13T16:17:28Z	
v2-rev155-1.24.1		2019-05-13T17:17:56Z	
v2-rev155-1.25.0		2019-05-13T16:15:04Z	
v2-rev158-1.18.0-rc		2019-05-20T16:06:36Z	
v2-rev158-1.25.0		2019-05-20T19:06:21Z	
v2-rev159-1.18.0-rc		2019-05-21T14:13:59Z	
v2-rev159-1.25.0		2019-05-21T14:15:06Z	
v2-rev16-1.18.0-rc		2018-05-31T12:11:07Z	
v2-rev16-1.21.0		2018-05-31T12:13:36Z	
v2-rev16-1.22.0		2018-05-31T12:12:49Z	
v2-rev16-1.23.0		2018-05-31T12:11:56Z	
v2-rev160-1.18.0-rc		2019-05-22T16:06:25Z	
v2-rev160-1.25.0		2019-05-22T16:07:16Z	
v2-rev161-1.18.0-rc		2019-05-23T13:07:05Z	
v2-rev161-1.25.0		2019-05-23T14:06:56Z	
v2-rev162-1.18.0-rc		2019-05-27T17:04:58Z	
v2-rev162-1.25.0		2019-05-27T17:05:37Z	
v2-rev163-1.18.0-rc		2019-05-28T19:13:24Z	
v2-rev163-1.25.0		2019-05-28T17:07:55Z	
v2-rev164-1.18.0-rc		2019-06-03T19:15:13Z	
v2-rev164-1.25.0		2019-06-03T15:39:23Z	
v2-rev165-1.18.0-rc		2019-06-05T15:14:20Z	
v2-rev165-1.25.0		2019-06-05T15:16:10Z	
v2-rev17-1.18.0-rc		2018-06-04T17:11:08Z	
v2-rev17-1.21.0		2018-06-04T14:14:27Z	
v2-rev17-1.22.0		2018-06-04T14:13:25Z	
v2-rev17-1.23.0		2018-06-04T14:11:51Z	
v2-rev170-1.18.0-rc		2019-06-17T16:11:13Z	
v2-rev170-1.25.0		2019-06-17T16:14:05Z	
v2-rev178-1.18.0-rc		2019-07-04T07:06:57Z	
v2-rev18-1.18.0-rc		2018-06-07T01:23:15Z	
v2-rev18-1.21.0		2018-06-07T01:26:42Z	
v2-rev18-1.22.0		2018-06-07T01:25:20Z	
v2-rev18-1.23.0		2018-06-07T01:24:07Z	
v2-rev180-1.18.0-rc		2019-07-08T21:09:15Z	
v2-rev180-1.25.0		2019-07-09T04:19:02Z	
v2-rev181-1.18.0-rc		2019-07-10T02:07:17Z	
v2-rev188-1.18.0-rc		2019-07-22T19:06:09Z	
v2-rev188-1.25.0		2019-07-22T15:05:44Z	
v2-rev19-1.18.0-rc		2018-06-07T14:22:38Z	
v2-rev19-1.21.0		2018-06-07T14:51:28Z	
v2-rev19-1.22.0		2018-06-07T14:50:00Z	
v2-rev19-1.23.0		2018-06-07T14:26:02Z	
v2-rev194-1.18.0-rc		2019-08-05T18:06:03Z	
v2-rev194-1.25.0		2019-08-05T22:10:28Z	
v2-rev2-1.18.0-rc		2018-04-26T13:11:54Z	
v2-rev2-1.21.0		2018-04-26T13:15:45Z	
v2-rev2-1.22.0		2018-04-26T13:14:09Z	
v2-rev2-1.23.0		2018-04-26T13:13:05Z	
v2-rev20-1.18.0-rc		2018-06-11T17:25:43Z	
v2-rev20-1.21.0		2018-06-11T18:39:41Z	
v2-rev20-1.22.0		2018-06-11T18:38:06Z	
v2-rev20-1.23.0		2018-06-11T18:36:24Z	
v2-rev20180601-1.26.0		2018-10-22T00:49:58Z	
v2-rev20180601-1.27.0		2018-11-14T21:22:29Z	
v2-rev20180601-1.28.0		2019-01-18T21:41:03Z	
v2-rev20190531-1.26.0		2019-06-18T06:11:12Z	
v2-rev20190531-1.27.0		2019-06-18T06:12:51Z	
v2-rev20190531-1.28.0		2019-06-18T06:14:15Z	
v2-rev20190531-1.29.2		2019-06-26T20:52:56Z	
v2-rev20190531-1.30.1		2019-06-26T20:54:54Z	
v2-rev20190531-1.30.8		2020-02-12T14:39:47Z	
v2-rev20200209-1.30.8		2020-02-13T00:01:57Z	
v2-rev20200212-1.30.8		2020-03-05T00:28:10Z	
v2-rev20200215-1.30.10		2020-07-11T00:44:24Z	
v2-rev20200215-1.30.9		2020-03-06T11:44:58Z	
v2-rev20200801-1.30.10		2020-08-04T21:20:51Z	
v2-rev20200801-1.31.0		2020-12-05T11:14:22Z	
v2-rev20210510-1.31.0		2021-05-11T20:29:56Z	
v2-rev20210510-1.31.5		2021-06-18T23:16:21Z	
v2-rev20210510-1.32.1		2021-07-02T22:59:16Z	
v2-rev20210510-2.0.0		2022-08-08T21:02:53Z	
v2-rev20230704-2.0.0		2023-08-10T12:19:02Z	
v2-rev205-1.18.0-rc		2019-08-26T19:06:55Z	
v2-rev205-1.25.0		2019-08-26T19:07:49Z	
v2-rev209-1.18.0-rc		2019-09-05T02:11:19Z	
v2-rev209-1.25.0		2019-09-05T02:17:11Z	
v2-rev22-1.18.0-rc		2018-06-14T04:59:24Z	
v2-rev22-1.21.0		2018-06-14T05:46:15Z	
v2-rev22-1.22.0		2018-06-14T05:44:17Z	
v2-rev22-1.23.0		2018-06-14T05:00:43Z	
v2-rev23-1.18.0-rc		2018-06-14T19:47:55Z	
v2-rev23-1.21.0		2018-06-14T19:57:12Z	
v2-rev23-1.22.0		2018-06-14T19:54:51Z	
v2-rev23-1.23.0		2018-06-14T19:51:47Z	
v2-rev232-1.18.0-rc		2019-11-07T08:24:31Z	
v2-rev232-1.25.0		2019-11-07T08:25:06Z	
v2-rev233-1.18.0-rc		2019-11-08T00:08:56Z	
v2-rev233-1.25.0		2019-11-07T22:08:20Z	
v2-rev234-1.18.0-rc		2019-11-11T19:06:36Z	
v2-rev234-1.25.0		2019-11-11T18:06:20Z	
v2-rev235-1.18.0-rc		2019-11-12T22:15:09Z	
v2-rev235-1.25.0		2019-11-12T14:09:25Z	
v2-rev236-1.18.0-rc		2019-11-13T16:08:07Z	
v2-rev236-1.25.0		2019-11-13T17:07:31Z	
v2-rev237-1.18.0-rc		2019-11-14T19:07:04Z	
v2-rev237-1.25.0		2019-11-14T19:07:58Z	
v2-rev238-1.18.0-rc		2020-01-31T06:07:45Z	
v2-rev238-1.25.0		2020-01-31T06:08:43Z	
v2-rev239-1.18.0-rc		2020-01-31T09:28:34Z	
v2-rev239-1.25.0		2020-01-31T10:56:45Z	
v2-rev24-1.18.0-rc		2018-06-18T18:14:32Z	
v2-rev24-1.21.0		2018-06-18T15:41:16Z	
v2-rev24-1.22.0		2018-06-18T14:18:17Z	
v2-rev24-1.23.0		2018-06-18T14:16:54Z	
v2-rev240-1.18.0-rc		2020-02-03T19:05:51Z	
v2-rev240-1.25.0		2020-02-03T19:06:49Z	
v2-rev241-1.18.0-rc		2020-02-04T17:43:54Z	
v2-rev241-1.25.0		2020-02-04T17:46:00Z	
v2-rev242-1.18.0-rc		2020-02-05T20:08:31Z	
v2-rev242-1.25.0		2020-02-06T06:58:41Z	
v2-rev243-1.18.0-rc		2020-02-06T17:42:41Z	
v2-rev243-1.25.0		2020-02-06T17:45:48Z	
v2-rev244-1.18.0-rc		2020-02-12T01:50:59Z	
v2-rev244-1.25.0		2020-02-12T03:49:15Z	
v2-rev245-1.18.0-rc		2020-02-12T19:07:42Z	
v2-rev245-1.25.0		2020-02-12T19:08:50Z	
v2-rev246-1.18.0-rc		2020-02-13T21:06:08Z	
v2-rev246-1.25.0		2020-02-13T21:07:45Z	
v2-rev247-1.18.0-rc		2020-02-18T06:10:35Z	
v2-rev247-1.25.0		2020-02-18T08:07:45Z	
v2-rev248-1.18.0-rc		2020-02-20T20:07:13Z	
v2-rev248-1.25.0		2020-02-20T21:14:03Z	
v2-rev25-1.18.0-rc		2018-06-19T15:23:39Z	
v2-rev25-1.21.0		2018-06-19T15:27:42Z	
v2-rev25-1.22.0		2018-06-19T16:12:45Z	
v2-rev25-1.23.0		2018-06-19T16:11:45Z	
v2-rev250-1.18.0-rc		2020-02-26T05:48:34Z	
v2-rev250-1.25.0		2020-02-26T05:49:25Z	
v2-rev251-1.18.0-rc		2020-02-27T11:58:57Z	
v2-rev251-1.25.0		2020-02-27T11:59:47Z	
v2-rev252-1.18.0-rc		2020-02-27T16:39:46Z	
v2-rev252-1.25.0		2020-02-28T01:48:39Z	
v2-rev253-1.18.0-rc		2020-03-02T19:08:07Z	
v2-rev253-1.25.0		2020-03-03T09:08:43Z	
v2-rev254-1.18.0-rc		2020-03-03T16:41:50Z	
v2-rev254-1.25.0		2020-03-03T19:10:43Z	
v2-rev255-1.18.0-rc		2020-03-04T23:34:11Z	
v2-rev255-1.25.0		2020-03-04T23:34:55Z	
v2-rev256-1.18.0-rc		2020-03-05T15:11:31Z	
v2-rev256-1.25.0		2020-03-05T16:13:46Z	
v2-rev257-1.18.0-rc		2020-03-09T16:08:39Z	
v2-rev257-1.25.0		2020-03-09T16:09:12Z	
v2-rev258-1.18.0-rc		2020-03-10T16:12:24Z	
v2-rev258-1.25.0		2020-03-10T18:07:13Z	
v2-rev259-1.18.0-rc		2020-03-11T16:16:12Z	
v2-rev259-1.25.0		2020-03-11T16:19:08Z	
v2-rev26-1.18.0-rc		2018-06-20T15:25:14Z	
v2-rev26-1.21.0		2018-06-20T15:32:49Z	
v2-rev26-1.22.0		2018-06-20T15:31:10Z	
v2-rev26-1.23.0		2018-06-20T15:28:04Z	
v2-rev260-1.18.0-rc		2020-03-12T15:06:26Z	
v2-rev260-1.25.0		2020-03-12T15:09:27Z	
v2-rev261-1.18.0-rc		2020-03-16T16:06:53Z	
v2-rev261-1.25.0		2020-03-17T02:09:39Z	
v2-rev263-1.18.0-rc		2020-03-19T05:53:38Z	
v2-rev263-1.25.0		2020-03-19T05:54:34Z	
v2-rev264-1.18.0-rc		2020-03-19T15:20:44Z	
v2-rev264-1.25.0		2020-03-19T15:23:27Z	
v2-rev265-1.18.0-rc		2020-03-23T16:06:36Z	
v2-rev265-1.25.0		2020-03-23T17:07:07Z	
v2-rev27-1.22.0		2018-06-22T12:10:41Z	
v2-rev272-1.18.0-rc		2020-04-07T07:07:36Z	
v2-rev272-1.25.0		2020-04-07T07:08:17Z	
v2-rev28-1.18.0-rc		2018-06-25T15:13:59Z	
v2-rev28-1.21.0		2018-06-25T15:14:35Z	
v2-rev28-1.22.0		2018-06-25T16:12:39Z	
v2-rev28-1.23.0		2018-06-25T16:12:01Z	
v2-rev29-1.18.0-rc		2018-06-26T16:49:52Z	
v2-rev29-1.21.0		2018-06-26T14:16:15Z	
v2-rev29-1.22.0		2018-06-26T14:15:38Z	
v2-rev29-1.23.0		2018-06-26T16:52:04Z	
v2-rev30-1.18.0-rc		2018-06-27T16:48:15Z	
v2-rev30-1.21.0		2018-06-27T17:41:04Z	
v2-rev30-1.22.0		2018-06-27T19:11:07Z	
v2-rev30-1.23.0		2018-06-27T22:40:28Z	
v2-rev31-1.18.0-rc		2018-06-28T16:14:10Z	
v2-rev31-1.21.0		2018-06-28T15:16:19Z	
v2-rev31-1.22.0		2018-06-28T15:15:27Z	
v2-rev31-1.23.0		2018-06-28T15:14:31Z	
v2-rev32-1.18.0-rc		2018-07-03T17:17:45Z	
v2-rev32-1.21.0		2018-07-03T17:19:43Z	
v2-rev32-1.22.0		2018-07-03T17:19:05Z	
v2-rev32-1.23.0		2018-07-03T17:18:27Z	
v2-rev33-1.18.0-rc		2018-07-04T22:45:34Z	
v2-rev33-1.21.0		2018-07-04T22:47:27Z	
v2-rev33-1.22.0		2018-07-04T22:46:54Z	
v2-rev33-1.23.0		2018-07-04T22:46:22Z	
v2-rev34-1.18.0-rc		2018-07-05T15:19:31Z	
v2-rev34-1.21.0		2018-07-05T15:27:43Z	
v2-rev34-1.22.0		2018-07-05T15:26:09Z	
v2-rev34-1.23.0		2018-07-05T15:23:31Z	
v2-rev35-1.18.0-rc		2018-07-09T15:48:18Z	
v2-rev35-1.21.0		2018-07-09T15:50:14Z	
v2-rev35-1.22.0		2018-07-09T16:41:26Z	
v2-rev35-1.23.0		2018-07-09T17:12:55Z	
v2-rev36-1.21.0		2018-07-10T16:11:20Z	
v2-rev36-1.22.0		2018-07-10T16:10:32Z	
v2-rev41-1.18.0-rc		2018-07-20T17:33:29Z	
v2-rev41-1.22.0		2018-07-20T17:36:07Z	
v2-rev41-1.23.0		2018-07-20T17:34:42Z	
v2-rev42-1.18.0-rc		2018-07-23T15:08:44Z	
v2-rev42-1.22.0		2018-07-23T15:10:55Z	
v2-rev42-1.23.0		2018-07-23T15:09:48Z	
v2-rev43-1.18.0-rc		2018-07-24T15:09:56Z	
v2-rev43-1.22.0		2018-07-24T15:11:37Z	
v2-rev43-1.23.0		2018-07-24T15:10:52Z	
v2-rev44-1.18.0-rc		2018-07-26T18:11:27Z	
v2-rev44-1.22.0		2018-07-26T18:13:06Z	
v2-rev44-1.23.0		2018-07-26T18:12:18Z	
v2-rev45-1.18.0-rc		2018-07-30T16:38:15Z	
v2-rev45-1.22.0		2018-07-30T16:40:11Z	
v2-rev45-1.23.0		2018-07-30T16:39:20Z	
v2-rev45-1.24.1		2018-08-03T07:38:34Z	
v2-rev46-1.18.0-rc		2018-08-06T17:41:23Z	
v2-rev46-1.22.0		2018-08-06T14:13:25Z	
v2-rev46-1.23.0		2018-08-06T14:12:46Z	
v2-rev46-1.24.1		2018-08-06T17:40:42Z	
v2-rev47-1.18.0-rc		2018-08-14T16:32:43Z	
v2-rev47-1.22.0		2018-08-14T15:38:38Z	
v2-rev47-1.23.0		2018-08-14T15:32:49Z	
v2-rev47-1.24.1		2018-08-14T16:28:19Z	
v2-rev48-1.18.0-rc		2018-08-15T18:16:20Z	
v2-rev48-1.22.0		2018-08-15T18:18:55Z	
v2-rev48-1.23.0		2018-08-15T18:17:37Z	
v2-rev48-1.24.1		2018-08-15T18:15:25Z	
v2-rev50-1.18.0-rc		2018-08-20T11:47:56Z	
v2-rev50-1.22.0		2018-08-20T13:46:46Z	
v2-rev50-1.23.0		2018-08-20T11:50:35Z	
v2-rev50-1.24.1		2018-08-20T13:45:58Z	
v2-rev51-1.18.0-rc		2018-08-21T11:42:39Z	
v2-rev51-1.22.0		2018-08-21T11:44:19Z	
v2-rev51-1.23.0		2018-08-21T11:43:34Z	
v2-rev51-1.24.1		2018-08-21T11:41:42Z	
v2-rev52-1.18.0-rc		2018-08-22T12:12:18Z	
v2-rev52-1.22.0		2018-08-22T13:13:53Z	
v2-rev52-1.23.0		2018-08-22T12:14:14Z	
v2-rev52-1.24.1		2018-08-22T12:10:39Z	
v2-rev53-1.22.0		2018-08-23T13:14:18Z	
v2-rev53-1.23.0		2018-08-23T13:13:04Z	
v2-rev53-1.24.1		2018-08-23T13:09:56Z	
v2-rev53-1.25.0		2018-08-25T04:10:38Z	
v2-rev56-1.18.0-rc		2018-09-03T13:23:08Z	
v2-rev56-1.22.0		2018-09-03T17:15:09Z	
v2-rev56-1.23.0		2018-09-03T13:29:00Z	
v2-rev56-1.24.1		2018-09-03T20:22:08Z	
v2-rev56-1.25.0		2018-09-03T13:27:05Z	
v2-rev58-1.18.0-rc		2018-09-06T11:26:09Z	
v2-rev58-1.22.0		2018-09-06T13:26:29Z	
v2-rev58-1.23.0		2018-09-06T13:25:34Z	
v2-rev58-1.24.1		2018-09-06T14:48:26Z	
v2-rev58-1.25.0		2018-09-06T13:23:56Z	
v2-rev59-1.18.0-rc		2018-09-11T13:53:42Z	
v2-rev59-1.22.0		2018-09-11T13:56:25Z	
v2-rev59-1.23.0		2018-09-11T13:55:34Z	
v2-rev59-1.24.1		2018-09-11T14:12:59Z	
v2-rev59-1.25.0		2018-09-11T13:54:49Z	
v2-rev6-1.18.0-rc		2018-05-07T13:12:30Z	
v2-rev6-1.21.0		2018-05-07T13:23:35Z	
v2-rev6-1.22.0		2018-05-07T13:16:24Z	
v2-rev6-1.23.0		2018-05-07T13:13:56Z	
v2-rev60-1.18.0-rc		2018-09-12T12:28:54Z	
v2-rev60-1.22.0		2018-09-12T12:38:36Z	
v2-rev60-1.23.0		2018-09-12T12:36:47Z	
v2-rev60-1.24.1		2018-09-12T12:26:52Z	
v2-rev60-1.25.0		2018-09-12T12:34:34Z	
v2-rev61-1.18.0-rc		2018-09-13T12:24:11Z	
v2-rev61-1.22.0		2018-09-13T12:28:33Z	
v2-rev61-1.23.0		2018-09-13T12:27:18Z	
v2-rev61-1.24.1		2018-09-13T12:22:58Z	
v2-rev61-1.25.0		2018-09-13T12:25:06Z	
v2-rev62-1.18.0-rc		2018-09-17T12:15:20Z	
v2-rev62-1.22.0		2018-09-17T12:17:12Z	
v2-rev62-1.23.0		2018-09-17T12:16:35Z	
v2-rev62-1.24.1		2018-09-17T12:14:06Z	
v2-rev62-1.25.0		2018-09-17T12:15:59Z	
v2-rev65-1.18.0-rc		2018-09-24T12:14:20Z	
v2-rev65-1.22.0		2018-09-24T12:16:24Z	
v2-rev65-1.23.0		2018-09-24T12:15:46Z	
v2-rev65-1.24.1		2018-09-24T15:35:43Z	
v2-rev65-1.25.0		2018-09-24T12:15:02Z	
v2-rev66-1.18.0-rc		2018-09-25T13:16:14Z	
v2-rev66-1.22.0		2018-09-25T13:18:02Z	
v2-rev66-1.23.0		2018-09-25T13:17:26Z	
v2-rev66-1.24.1		2018-09-25T13:15:37Z	
v2-rev66-1.25.0		2018-09-25T13:16:50Z	
v2-rev67-1.18.0-rc		2018-09-26T16:32:46Z	
v2-rev67-1.22.0		2018-09-26T13:16:09Z	
v2-rev67-1.23.0		2018-09-26T13:15:36Z	
v2-rev67-1.24.1		2018-09-26T13:14:29Z	
v2-rev67-1.25.0		2018-09-26T13:15:01Z	
v2-rev69-1.18.0-rc		2018-10-02T16:24:50Z	
v2-rev69-1.22.0		2018-10-02T16:25:24Z	
v2-rev69-1.23.0		2018-10-02T17:22:42Z	
v2-rev69-1.24.1		2018-10-02T16:24:17Z	
v2-rev69-1.25.0		2018-10-02T17:21:57Z	
v2-rev7-1.18.0-rc		2018-05-08T14:13:45Z	
v2-rev7-1.21.0		2018-05-08T12:18:28Z	
v2-rev7-1.22.0		2018-05-08T12:17:25Z	
v2-rev7-1.23.0		2018-05-08T12:16:39Z	
v2-rev70-1.18.0-rc		2018-10-03T13:16:55Z	
v2-rev70-1.22.0		2018-10-03T13:19:44Z	
v2-rev70-1.23.0		2018-10-03T13:18:33Z	
v2-rev70-1.24.1		2018-10-03T13:15:25Z	
v2-rev70-1.25.0		2018-10-03T13:17:41Z	
v2-rev71-1.18.0-rc		2018-10-04T14:19:09Z	
v2-rev71-1.22.0		2018-10-04T14:22:48Z	
v2-rev71-1.23.0		2018-10-04T14:21:10Z	
v2-rev71-1.24.1		2018-10-04T14:17:41Z	
v2-rev71-1.25.0		2018-10-04T14:20:04Z	
v2-rev72-1.18.0-rc		2018-10-08T18:18:21Z	
v2-rev72-1.22.0		2018-10-08T18:19:38Z	
v2-rev72-1.23.0		2018-10-08T18:19:04Z	
v2-rev72-1.24.1		2018-10-08T16:24:05Z	
v2-rev72-1.25.0		2018-10-09T01:05:20Z	
v2-rev73-1.18.0-rc		2018-10-10T15:39:18Z	
v2-rev73-1.22.0		2018-10-10T14:24:14Z	
v2-rev73-1.23.0		2018-10-10T14:23:22Z	
v2-rev73-1.24.1		2018-10-10T14:19:25Z	
v2-rev73-1.25.0		2018-10-10T14:22:26Z	
v2-rev74-1.18.0-rc		2018-10-11T11:16:02Z	
v2-rev74-1.22.0		2018-10-11T11:17:46Z	
v2-rev74-1.23.0		2018-10-11T11:17:12Z	
v2-rev74-1.24.1		2018-10-11T12:20:51Z	
v2-rev74-1.25.0		2018-10-11T11:16:37Z	
v2-rev75-1.18.0-rc		2018-10-15T12:15:59Z	
v2-rev75-1.22.0		2018-10-15T12:17:40Z	
v2-rev75-1.23.0		2018-10-15T14:19:50Z	
v2-rev75-1.24.1		2018-10-15T14:17:32Z	
v2-rev75-1.25.0		2018-10-15T14:18:56Z	
v2-rev76-1.18.0-rc		2018-10-16T15:21:28Z	
v2-rev76-1.22.0		2018-10-16T15:24:38Z	
v2-rev76-1.23.0		2018-10-16T15:23:30Z	
v2-rev76-1.24.1		2018-10-16T15:20:45Z	
v2-rev76-1.25.0		2018-10-16T19:44:33Z	
v2-rev77-1.18.0-rc		2018-10-24T17:25:18Z	
v2-rev77-1.22.0		2018-10-24T17:27:49Z	
v2-rev77-1.23.0		2018-10-24T17:26:50Z	
v2-rev77-1.24.1		2018-10-24T17:24:30Z	
v2-rev77-1.25.0		2018-10-24T17:26:01Z	
v2-rev78-1.18.0-rc		2018-10-25T14:44:10Z	
v2-rev78-1.22.0		2018-10-25T14:49:01Z	
v2-rev78-1.23.0		2018-10-25T14:47:55Z	
v2-rev78-1.24.1		2018-10-25T14:36:31Z	
v2-rev78-1.25.0		2018-10-25T14:46:49Z	
v2-rev79-1.18.0-rc		2018-10-29T13:19:49Z	
v2-rev79-1.22.0		2018-10-29T13:21:44Z	
v2-rev79-1.23.0		2018-10-29T13:21:09Z	
v2-rev79-1.24.1		2018-10-29T13:19:07Z	
v2-rev79-1.25.0		2018-10-29T13:20:35Z	
v2-rev8-1.18.0-rc		2018-05-14T12:11:42Z	
v2-rev8-1.21.0		2018-05-14T12:14:10Z	
v2-rev8-1.22.0		2018-05-14T12:13:19Z	
v2-rev8-1.23.0		2018-05-14T12:12:25Z	
v2-rev82-1.18.0-rc		2018-11-05T12:17:42Z	
v2-rev82-1.22.0		2018-11-05T12:19:26Z	
v2-rev82-1.23.0		2018-11-05T12:18:51Z	
v2-rev82-1.24.1		2018-11-05T12:17:08Z	
v2-rev82-1.25.0		2018-11-05T12:18:17Z	
v2-rev83-1.18.0-rc		2018-11-06T13:17:15Z	
v2-rev83-1.22.0		2018-11-06T13:19:12Z	
v2-rev83-1.23.0		2018-11-06T13:18:27Z	
v2-rev83-1.24.1		2018-11-06T13:16:40Z	
v2-rev83-1.25.0		2018-11-06T13:17:53Z	
v2-rev86-1.18.0-rc		2018-11-12T14:17:59Z	
v2-rev86-1.22.0		2018-11-12T14:21:27Z	
v2-rev86-1.23.0		2018-11-12T14:20:40Z	
v2-rev86-1.24.1		2018-11-12T16:21:55Z	
v2-rev86-1.25.0		2018-11-12T14:19:30Z	
v2-rev87-1.18.0-rc		2018-11-13T13:45:10Z	
v2-rev87-1.22.0		2018-11-13T13:28:13Z	
v2-rev87-1.23.0		2018-11-13T13:27:19Z	
v2-rev87-1.24.1		2018-11-13T13:23:12Z	
v2-rev87-1.25.0		2018-11-13T13:26:42Z	
v2-rev88-1.18.0-rc		2018-11-14T17:32:53Z	
v2-rev88-1.22.0		2018-11-14T16:39:40Z	
v2-rev88-1.23.0		2018-11-14T16:38:26Z	
v2-rev88-1.24.1		2018-11-14T17:31:49Z	
v2-rev88-1.25.0		2018-11-14T16:36:51Z	
v2-rev9-1.18.0-rc		2018-05-15T13:13:12Z	
v2-rev9-1.21.0		2018-05-15T13:16:21Z	
v2-rev9-1.22.0		2018-05-15T13:15:23Z	
v2-rev9-1.23.0		2018-05-15T13:14:04Z	
v2-rev90-1.18.0-rc		2018-11-19T13:17:42Z	
v2-rev90-1.22.0		2018-11-19T13:20:56Z	
v2-rev90-1.23.0		2018-11-19T13:19:37Z	
v2-rev90-1.24.1		2018-11-19T14:20:25Z	
v2-rev90-1.25.0		2018-11-19T13:18:19Z	
v2-rev91-1.18.0-rc		2018-11-20T17:48:35Z	
v2-rev91-1.22.0		2018-11-20T17:51:20Z	
v2-rev91-1.23.0		2018-11-20T18:48:29Z	
v2-rev91-1.24.1		2018-11-20T17:47:36Z	
v2-rev91-1.25.0		2018-11-20T18:47:52Z	
v2-rev92-1.18.0-rc		2018-11-21T13:15:23Z	
v2-rev92-1.22.0		2018-11-21T13:17:22Z	
v2-rev92-1.23.0		2018-11-21T13:16:43Z	
v2-rev92-1.24.1		2018-11-21T13:14:47Z	
v2-rev92-1.25.0		2018-11-21T13:16:01Z	
v2-rev93-1.18.0-rc		2018-11-26T14:17:44Z	
v2-rev93-1.22.0		2018-11-26T14:19:30Z	
v2-rev93-1.23.0		2018-11-26T14:18:54Z	
v2-rev93-1.24.1		2018-11-26T14:16:47Z	
v2-rev93-1.25.0		2018-11-26T14:18:19Z	
v2-rev96-1.18.0-rc		2018-12-03T13:14:59Z	
v2-rev96-1.22.0		2018-12-03T13:16:22Z	
v2-rev96-1.25.0		2018-12-03T13:15:37Z	
v2-rev99-1.18.0-rc		2018-12-10T15:52:04Z	
v2-rev99-1.22.0		2018-12-10T18:41:39Z	
v2-rev99-1.23.0		2018-12-10T15:54:07Z	
v2-rev99-1.24.1		2018-12-10T15:51:11Z	
v2-rev99-1.25.0		2018-12-10T15:53:01Z	
